{"type":"FeatureCollection","features":[{"type":"Feature","id":1,"geometry":{"type":"MultiPolygon","coordinates":[[[[-99.661973169999953,43.00243641600008],[-99.661900498999955,43.002361869000026],[-99.658105888999955,42.99846905000004],[-99.608011830999942,42.997357604000058],[-99.58959686299994,42.989285793000079],[-99.575524347999988,42.981946594000078],[-99.56180681099994,42.981194651000067],[-99.552948164999975,42.97628493600007],[-99.542170639999938,42.972003390000054],[-99.527001070999972,42.973297621000029],[-99.515115743999957,42.970193000000052],[-99.505182041999944,42.967031962000078],[-99.49747008099996,42.968971755000041],[-99.488662206999948,42.97237651100005],[-99.481984987999965,42.971703932000025],[-99.475188492999962,42.968739081000081],[-99.464220497999975,42.968186041000081],[-99.459356982999964,42.972338854000043],[-99.451598599999954,42.973416305000057],[-99.43429914099994,42.971315696000033],[-99.424199585999986,42.972456402000034],[-99.41036853899999,42.969395709000025],[-99.400757007999971,42.964783036000028],[-99.394584643999963,42.958640755000033],[-99.385712230999957,42.953145913000071],[-99.376451266999936,42.947661044000029],[-99.366252882999959,42.939045029000056],[-99.357471883999949,42.935267109000051],[-99.350091735999968,42.936041143000068],[-99.339692153999977,42.938904674000071],[-99.33330958199997,42.936207882000076],[-99.327650256999959,42.932343675000027],[-99.322600252999962,42.925019938000048],[-99.314617526999939,42.921504465000055],[-99.303311305999955,42.92180716200005],[-99.293295909999983,42.91662320000006],[-99.284146260999989,42.913136880000025],[-99.277308263999942,42.909014785000068],[-99.267854844999988,42.907256784000026],[-99.258365911999988,42.906359730000077],[-99.250333757999954,42.909727245000056],[-99.242189480999969,42.910801910000032],[-99.234254325999984,42.908140803000038],[-99.227712747999988,42.901999930000045],[-99.219361834999972,42.898774925000055],[-99.207572942999946,42.897073202000058],[-99.201864181999952,42.900090329000079],[-99.199813941999992,42.906168404000027],[-99.194548702999953,42.910321241000076],[-99.183620002999987,42.910316376000026],[-99.174654049999958,42.910547034000047],[-99.167034204999936,42.914472192000062],[-99.157867523999982,42.918723261000025],[-99.148134107999965,42.919258460000037],[-99.140551128999959,42.915721796000071],[-99.132915173999947,42.911038444000042],[-99.123384856999962,42.907550087000061],[-99.110977451999986,42.909297525000056],[-99.102737786999967,42.908357119000073],[-99.095574820999957,42.905380970000067],[-99.083398129999978,42.90367718400006],[-99.07135384999998,42.904837808000025],[-99.062269983999954,42.902481268000031],[-99.054680351999991,42.898652694000077],[-99.045260418999987,42.897450781000032],[-99.033216600999992,42.898607699000081],[-99.019912304999991,42.897786049000047],[-99.007571173999963,42.892349363000051],[-98.997686072999954,42.889433864000068],[-98.984607308999955,42.884873464000066],[-98.976193696999985,42.879912490000038],[-98.969614933999992,42.872324830000025],[-98.962711604999981,42.866179027000044],[-98.955147667999938,42.864466776000029],[-98.948648678999973,42.858597387000032],[-98.944852226999956,42.852089418000048],[-98.936910731999944,42.848835833000066],[-98.921557306999944,42.845470474000081],[-98.912022420999961,42.841392317000043],[-98.906358147999981,42.836648560000071],[-98.89791482399994,42.839716035000038],[-98.886793929999953,42.843993117000025],[-98.874268946999962,42.842850906000081],[-98.862461967999991,42.840256328000066],[-98.854403523999963,42.834131296000066],[-98.843037012999957,42.832672269000057],[-98.826657107999949,42.832474687000058],[-98.815644690999989,42.830144373000053],[-98.803308644999959,42.82411356700004],[-98.79032768899998,42.821251935000078],[-98.778209878999974,42.820377766000036],[-98.769112254999982,42.817139548000057],[-98.760381172999985,42.813318683000034],[-98.749067379999985,42.812997477000067],[-98.731913942999938,42.812804665000044],[-98.714748971999938,42.812322836000078],[-98.699726609999971,42.812477806000061],[-98.691447065999967,42.810076699000035],[-98.682401023999944,42.80797859200004],[-98.674408802999949,42.802988117000041],[-98.667276249999986,42.799986755000077],[-98.658988024999985,42.79729678700005],[-98.649978788999988,42.796056202000045],[-98.638910702999965,42.791990138000074],[-98.62429631699996,42.786851033000062],[-98.614065617999984,42.784199387000058],[-98.603858035999963,42.782120191000047],[-98.593195297999955,42.778328392000049],[-98.584556823999947,42.776501501000041],[-98.577886478999972,42.775206665000042],[-98.569325856999967,42.77538531700003],[-98.563187747999962,42.777808151000045],[-98.552280996999968,42.777747463000026],[-98.54632397499995,42.774714847000041],[-98.536887296999964,42.772327351000058],[-98.528986004999979,42.769333884000048],[-98.522684925999954,42.767454738000026],[-98.51601667999995,42.766156541000043],[-98.507435574999988,42.765757564000069],[-98.50236691899994,42.765573645000075],[-98.496994767999979,42.767690755000046],[-98.489213065999991,42.767848088000051],[-98.479475268999977,42.767757393000068],[-98.469086214999948,42.771121564000055],[-98.45671890899996,42.773663609000039],[-98.444624621999992,42.773043311000038],[-98.432509723999942,42.771848482000053],[-98.418050239999957,42.770411587000069],[-98.406387232999975,42.770926607000035],[-98.395440724999958,42.769705348000059],[-98.387105868999981,42.765276951000033],[-98.372269863999975,42.764128888000073],[-98.364488290999986,42.764278353000066],[-98.354291535999948,42.762178461000076],[-98.341201583999975,42.755255804000058],[-98.337852676999944,42.754795546000025],[-98.310288259999936,42.751003516000026],[-98.290333772999986,42.746116463000078],[-98.274846971999978,42.738992248000045],[-98.263657318999947,42.734177892000048],[-98.249276667999936,42.730855197000039],[-98.237489976999939,42.727483767000081],[-98.226281107999966,42.721949176000066],[-98.21437868199996,42.714991615000031],[-98.205227795999974,42.712765054000045],[-98.196077517999981,42.710537807000037],[-98.179652645999965,42.703896489000044],[-98.165837881999948,42.697685257000046],[-98.152734874999965,42.693372608000061],[-98.139972696999962,42.689530791000038],[-98.122120772999949,42.688644328000066],[-98.107583303999945,42.69008930900003],[-98.100478172999942,42.693761618000053],[-98.098972762999949,42.694539587000065],[-98.097260505999941,42.696732448000034],[-98.093675132999977,42.701323613000056],[-98.094350049999946,42.712548135000077],[-98.094150110999976,42.726895117000026],[-98.095104650999986,42.736680189000026],[-98.099889570999949,42.744487529000025],[-98.099812634999978,42.752377524000053],[-98.098792929999945,42.76123967500007],[-98.096266324999988,42.763434074000031],[-98.104726910999943,42.764246138000033],[-98.113911663999943,42.767435676000048],[-98.118579982999961,42.771419337000054],[-98.124432343999956,42.771796752000057],[-98.136892629999977,42.775884294000036],[-98.148187484999937,42.784054622000042],[-98.155592455999965,42.792291907000049],[-98.162991525999985,42.800289752000026],[-98.171968142999958,42.806825122000077],[-98.185426888999984,42.811368232000063],[-98.197335601999953,42.818088805000059],[-98.212024759999963,42.830256169000052],[-98.225508232999971,42.845072736000077],[-98.230441541999937,42.846895940000024],[-98.239731879999965,42.848831217000054],[-98.246984848999944,42.848125776000074],[-98.25520561999997,42.845298772000035],[-98.271430840999983,42.848634613000058],[-98.285904904999938,42.85391300100008],[-98.312801492999938,42.865076805000058],[-98.334869998999977,42.871736805000069],[-98.347828690999961,42.877992695000046],[-98.363094684999965,42.883247011000037],[-98.378841988999966,42.887342865000051],[-98.397067252999989,42.895213062000039],[-98.409728146999953,42.90012971200008],[-98.431093717999943,42.908316059000072],[-98.455359331999944,42.917397235000067],[-98.476251441999977,42.926541282000073],[-98.491314247999981,42.932739968000078],[-98.501980411999966,42.939599503000068],[-98.507934245999991,42.945674177000058],[-98.51419677399997,42.95300424800007],[-98.516320107999945,42.960991852000063],[-98.525959930999989,42.968061272000057],[-98.535074149999957,42.974949479000031],[-98.545586125999989,42.984293892000039],[-98.560367939999992,42.996225915000025],[-98.566007112999955,43.007389939000063],[-98.573830642999951,43.027838492000058],[-98.580164182999965,43.050076037000053],[-98.587493922999954,43.057570650000059],[-98.602924392999967,43.065468432000046],[-98.619265574999986,43.069903715000066],[-98.629532805999986,43.072362861000045],[-98.646929808999971,43.070462992000046],[-98.660126547999937,43.067886146000035],[-98.674716978999982,43.067572058000053],[-98.688677133999988,43.06628848400004],[-98.702096145999974,43.069246817000078],[-98.718402592999951,43.079023225000071],[-98.741749495999954,43.094951084000058],[-98.756701371999952,43.103222838000079],[-98.776224393999939,43.11464062400006],[-98.801981441999942,43.137576566000064],[-98.810813933999952,43.142729723000059],[-98.825525500999959,43.144880842000077],[-98.858626133999962,43.143549016000065],[-98.870176490999938,43.145002956000042],[-98.882725050999966,43.151403320000043],[-98.900110668999957,43.166865981000058],[-98.907381824999959,43.177557797000077],[-98.911736392999956,43.186326147000045],[-98.916731968999954,43.195385073000068],[-98.920980820999944,43.20644941200004],[-98.921625648999964,43.22111568400004],[-98.923936046999984,43.230848781000077],[-98.928545797999959,43.235786817000076],[-98.937638441999979,43.23801900400008],[-98.957515733999969,43.238159170000074],[-98.958079753999982,43.238203274000057],[-98.953899607999972,43.015561971000068],[-99.661973169999953,43.00243641600008]]],[[[-102.96261512199999,46.401486830000067],[-102.96894655799997,46.403066857000056],[-102.97605510499994,46.403327614000034],[-102.98311658999995,46.403164617000073],[-102.98940154599995,46.404320283000061],[-102.99568673299996,46.405475644000035],[-103.00063107499994,46.408405840000057],[-103.00190239099999,46.408763834000069],[-103.00642303999996,46.410651743000074],[-103.00673633799994,46.395133307000037],[-103.01056525999996,46.012906544000032],[-102.99874197599996,46.013084680000077],[-102.99554520899994,45.816130730000054],[-103.00076011299996,45.556968619000031],[-103.00077271399999,45.461395056000072],[-103.00078230899999,45.388404964000074],[-103.00079220199996,45.312978889000078],[-103.00186063499996,45.142966642000033],[-103.00443294599995,45.019392327000048],[-103.00314233899996,44.96622162500006],[-103.00584811199997,44.729616771000053],[-103.00647537199995,44.698281493000081],[-103.00882137899998,44.580798483000081],[-103.00770924399995,44.519351487000051],[-103.00546571599995,44.395017008000025],[-102.98579153999998,44.381817572000045],[-102.95970654799999,44.367017454000063],[-102.93986734799995,44.359988763000047],[-102.90846516299996,44.360133313000063],[-102.89385540299998,44.356018532000064],[-102.87604128899994,44.353928693000057],[-102.85257317899999,44.356350502000055],[-102.83521968299999,44.358628660000079],[-102.82639562899999,44.365990123000074],[-102.81748208199997,44.367427228000054],[-102.80398834399995,44.365859195000041],[-102.78379596199994,44.361398335000047],[-102.76775238299996,44.360919489000025],[-102.75285952299998,44.363819311000043],[-102.74154972999997,44.367864904000044],[-102.72136117999997,44.368557147000047],[-102.69378759799997,44.370019711000054],[-102.66721490899994,44.37084980000003],[-102.63736267399997,44.37089039600005],[-102.62192558899994,44.371126018000041],[-102.60125300099998,44.377560409000068],[-102.58957439999995,44.383331739000027],[-102.57080602599996,44.384503056000028],[-102.55830020399998,44.383163624000076],[-102.54374549799996,44.378411064000034],[-102.52363411499994,44.377767430000063],[-102.50099442199996,44.38382735600004],[-102.48109408799996,44.389589711000042],[-102.47283107299995,44.390681850000078],[-102.46606700299998,44.389689489000034],[-102.45443614299995,44.382636343000058],[-102.44864243999996,44.375284709000027],[-102.43786630899996,44.371436545000051],[-102.42722079099997,44.371595599000045],[-102.42009544599995,44.375016281000057],[-102.41754816599996,44.384321839000052],[-102.42190247099995,44.387924302000044],[-102.42883486199997,44.39063096600006],[-102.42703212799995,44.393972438000048],[-102.41514756599997,44.39782537800005],[-102.40119838199996,44.399678765000033],[-102.39013702899996,44.39564991900005],[-102.38204719499998,44.394720067000037],[-102.37487966499998,44.39775761900006],[-102.37060247599999,44.405810498000051],[-102.37166999099998,44.424872089000075],[-102.38085432599996,44.431482073000041],[-102.38344090999999,44.438806466000074],[-102.38221751499998,44.445367071000078],[-102.37995451499995,44.449495097000067],[-102.36880231599997,44.450056373000052],[-102.36127919799998,44.446802785000045],[-102.35345115399997,44.43496267200004],[-102.34692357699998,44.428217708000034],[-102.33505252399999,44.42957681200005],[-102.33017556499999,44.431541010000046],[-102.32271112299998,44.437074727000038],[-102.31912372599999,44.438591759000076],[-102.31857708099994,44.421989842000073],[-102.31606062499998,44.412558193000052],[-102.31761753299998,44.403878840000061],[-102.32301789299999,44.396345384000028],[-102.32314816999997,44.38945732500008],[-102.31884941599998,44.380878893000045],[-102.31909094099996,44.37513206400007],[-102.32557386399998,44.373278753000079],[-102.33528284899995,44.372856572000046],[-102.34083968999994,44.369710667000049],[-102.34574678899997,44.359906194000075],[-102.34506616699997,44.350190637000026],[-102.34441725799996,44.343532124000035],[-102.34910169199998,44.339664611000046],[-102.35804022499997,44.338450653000052],[-102.36177960799995,44.333100663000039],[-102.36058052399994,44.326278456000068],[-102.35887523099996,44.316996223000046],[-102.36583011699997,44.311866351000049],[-102.37361160999995,44.309753360000059],[-102.38171345899997,44.308197255000039],[-102.38720659899997,44.304478183000072],[-102.38790081299999,44.295265654000048],[-102.37924604999995,44.288437506000037],[-102.36827926699999,44.285166966000077],[-102.36041259299998,44.283651403000079],[-102.35789041599998,44.276895239000055],[-102.35882973899999,44.270155897000052],[-102.36585395199995,44.265786664000075],[-102.36696414599999,44.258082420000051],[-102.37512414999998,44.25174307900005],[-102.38534424499994,44.244725205000066],[-102.39412339499995,44.239309073000072],[-102.40607682199999,44.233731093000074],[-102.41113220499994,44.225634144000026],[-102.41108457799999,44.217031344000077],[-102.41383197899995,44.209816164000074],[-102.41880718699997,44.203634841000053],[-102.42087443999998,44.194923982000034],[-102.41580100399995,44.186576492000029],[-102.40670655799994,44.177859432000048],[-102.40493952199995,44.170682014000079],[-102.40711959699996,44.163112655000077],[-102.41347232599998,44.15475708300005],[-102.41480194399998,44.146656827000072],[-102.41188164499994,44.14125911800005],[-102.41513291699994,44.136503462000064],[-102.42325206499999,44.132647080000027],[-102.42484422299998,44.124532926000029],[-102.42317247799997,44.115628812000068],[-102.41723776999999,44.106559368000035],[-102.40787149699997,44.097664297000051],[-102.41231337899995,44.088830934000043],[-102.41688478299994,44.081329542000049],[-102.42427746499999,44.080952399000068],[-102.43083856199996,44.082912642000053],[-102.44102156399998,44.083922144000041],[-102.45048907599994,44.083054711000045],[-102.45843036599996,44.077482828000029],[-102.46267531199999,44.069422213000053],[-102.45787110899994,44.058382911000081],[-102.45547900399998,44.052958274000048],[-102.45646141499998,44.046786510000061],[-102.46322891099999,44.042804338000053],[-102.47242664399994,44.039270574000057],[-102.47794877799998,44.030760341000075],[-102.47400201399995,44.020346306000079],[-102.47004628699995,44.015193411000041],[-102.47669713299996,44.00203323900007],[-102.48916384899997,43.98608493200004],[-102.50780209099997,43.97632010600006],[-102.52860397899997,43.972370839000064],[-102.54772974899998,43.970227354000031],[-102.55708437099997,43.95251907800008],[-102.55693536599995,43.937793543000055],[-102.56233040899997,43.933493383000041],[-102.58040930399994,43.93159021300005],[-102.59419649999995,43.929144511000061],[-102.59624932899999,43.924109286000032],[-102.59983082299999,43.92169046500004],[-102.61806017499998,43.90937447500005],[-102.63272174099995,43.897309643000028],[-102.64699334899996,43.889282098000081],[-102.66689997999998,43.88726869900006],[-102.67665745299996,43.886941042000046],[-102.68715713999995,43.883510951000062],[-102.69261686499999,43.879966203000038],[-102.69349674999995,43.873029380000048],[-102.68636693599996,43.865371543000037],[-102.68198577799996,43.858715148000044],[-102.68556615399996,43.849720271000081],[-102.69491408199997,43.835057994000067],[-102.71069527999998,43.813542168000026],[-102.72397100999996,43.800994608000053],[-102.73290062799998,43.791422555000054],[-102.74099501399996,43.78017174200005],[-102.74909445799995,43.77542829600003],[-102.76220207399996,43.768020893000028],[-102.76965158199994,43.760200181000073],[-102.77261093599998,43.750468260000048],[-102.78018917799994,43.740725137000027],[-102.78847953999997,43.728310239000052],[-102.79179609099998,43.715685973000063],[-102.79569679199994,43.703519054000026],[-102.79665415899996,43.702150943000049],[-102.75322573999995,43.702988895000033],[-102.20929014099994,43.712207296000031],[-102.20206174799995,43.717755867000051],[-102.19376653499995,43.724654193000049],[-102.18150317499999,43.727423103000035],[-102.16915805999997,43.729329828000061],[-102.15756705099994,43.732928069000025],[-102.14799730899995,43.739020649000054],[-102.13540815599998,43.738341100000071],[-102.12293945999994,43.738951769000039],[-102.11336564199996,43.745041644000025],[-102.10081562199997,43.744789120000064],[-102.10022180699997,43.744818063000025],[-102.08920638299998,43.728921552000031],[-102.08648058099999,43.73813554600008],[-102.07880431699999,43.745427650000067],[-102.06863158899995,43.751542881000034],[-102.05703118899999,43.755131692000077],[-102.04432121399998,43.753151499000069],[-102.03268135699994,43.749821227000041],[-102.02155772499998,43.745600246000038],[-102.00774159899998,43.744534492000071],[-101.99613911799997,43.748117709000041],[-101.98453537599994,43.751699831000053],[-101.97218003899997,43.753587072000073],[-101.95994102899999,43.756764689000079],[-101.94900570299995,43.761176253000031],[-101.93810778599999,43.76601736300006],[-101.92559325799999,43.766177839000079],[-101.91447373399996,43.761947473000077],[-101.90280025999999,43.758174648000079],[-101.89036425599994,43.759192708000057],[-101.88009493699997,43.764431393000052],[-101.86915299299994,43.768835935000027],[-101.85679114699997,43.770711750000032],[-101.84515769499995,43.767364171000054],[-101.83563440999995,43.760890791000065],[-101.82327310099998,43.762763326000027],[-101.81497068899995,43.770066574000055],[-101.80272104899996,43.773228753000069],[-101.78942109499997,43.771250315000032],[-101.77830947599995,43.767007914000033],[-101.77109364799998,43.759558771000059],[-101.75865535999998,43.760563765000029],[-101.74707417399998,43.764554411000063],[-101.73596641299997,43.760308210000062],[-101.72434095099999,43.756949368000051],[-101.71219739699995,43.754477755000039],[-101.70053686199998,43.750686060000078],[-101.68887767099994,43.746893258000057],[-101.67621761199996,43.74530635800005],[-101.66366936599997,43.745010070000035],[-101.65078611899997,43.747753776000025],[-101.64614197099996,43.75617697000007],[-101.64027132999996,43.764222780000068],[-101.63131732799997,43.771109978000027],[-101.61902190899997,43.773823581000045],[-101.60736332199997,43.770023344000037],[-101.60728989199998,43.769162084000072],[-101.59489207199994,43.763664725000069],[-101.58526599599998,43.769713918000036],[-101.57296894199999,43.772423013000036],[-101.56063446399997,43.774700249000034],[-101.54770479599995,43.777002588000073],[-101.53544108699998,43.780138610000051],[-101.52317620899998,43.783273417000032],[-101.51087406999994,43.785976362000042],[-101.49860693699998,43.78910873600006],[-101.48696907399994,43.792644510000059],[-101.47532996199999,43.796179184000039],[-101.46295187699997,43.798016075000078],[-101.46310883399997,43.807085613000027],[-101.47200738299995,43.813612697000053],[-101.47097606399996,43.822733907000043],[-101.45999715099998,43.827102281000066],[-101.44743431699999,43.826784392000036],[-101.43483598599994,43.826034605000075],[-101.42174971199995,43.826601207000067],[-101.40915171099999,43.825848843000074],[-101.39753142799998,43.822460087000024],[-101.38525210699999,43.825581184000043],[-101.37272513799996,43.825686470000051],[-101.36271550799995,43.820064703000071],[-101.35011943599994,43.819306405000077],[-101.33783845599999,43.822422880000033],[-101.32566254999995,43.819483450000064],[-101.31509794999994,43.814313773000038],[-101.30250353099996,43.813550689000067],[-101.29036550799998,43.811038479000047],[-101.27714268199998,43.809867254000039],[-101.26814453999998,43.816727946000071],[-101.26890410499999,43.82620311200003],[-101.25791122399994,43.830553774000066],[-101.24524560499998,43.828923591000034],[-101.23415953499995,43.82463346000003],[-101.22152986499998,43.823431566000068],[-101.21252406899998,43.830288114000041],[-101.20536967899994,43.837931247000029],[-101.19287413599994,43.838449277000052],[-101.18044631299995,43.839827464000052],[-101.16947919799998,43.844600978000074],[-101.16354243499995,43.852623178000044],[-101.15575087399998,43.859857004000048],[-101.14338568099998,43.862092856000061],[-101.13796091299997,43.861450976000071],[-101.10492301299996,43.865748351000036],[-101.09571334899994,43.876157413000044],[-101.08362137899996,43.879325086000051],[-101.07081019099996,43.88118197700004],[-101.05871609699994,43.884347226000045],[-101.04672300499999,43.880814240000063],[-101.03643960899996,43.875426742000059],[-101.02359381999997,43.876834000000031],[-101.01276593699998,43.872358817000077],[-101.00248664399999,43.866968463000035],[-100.98960798899998,43.867927420000058],[-100.97669524899999,43.868440202000045],[-100.96474309799999,43.865344152000034],[-100.96161150799998,43.856544202000066],[-100.95776533599997,43.84643372000005],[-100.95043379199996,43.839137847000075],[-100.93745954399998,43.838756857000078],[-100.92461880799999,43.840154080000048],[-100.91651294199994,43.847164949000046],[-100.91598252399996,43.856555632000038],[-100.90787371299996,43.863565749000031],[-100.89489489399995,43.863180378000038],[-100.88637192499999,43.856373823000069],[-100.88629183999996,43.847007208000036],[-100.87438085199994,43.844347343000038],[-100.86469901699996,43.838476675000038],[-100.86400746999999,43.829133605000038],[-100.85261662399995,43.825113016000046],[-100.84352126699997,43.818771821000041],[-100.84098974799997,43.809499514000038],[-100.83907324999996,43.800203300000078],[-100.82665632499999,43.798897237000062],[-100.81417474499995,43.79670004500008],[-100.80098227999997,43.79319027400004],[-100.79131451999996,43.787313447000031],[-100.79066790299999,43.786891966000042],[-100.78656066799994,43.772770344000037],[-100.77360046799998,43.772372378000057],[-100.76484050199997,43.778952657000048],[-100.75410752999994,43.78382227700007],[-100.74053116199997,43.78344419900003],[-100.72799142699995,43.780348419000063],[-100.72127489199994,43.77257022100008],[-100.71103509499994,43.767155142000036],[-100.69807645999998,43.766749366000056],[-100.68453561999996,43.766810218000046],[-100.67164040799997,43.767291718000081],[-100.66181535699997,43.767657685000074],[-100.66290247499995,43.774309930000072],[-100.65542256999998,43.781726825000078],[-100.64184720999998,43.781338065000057],[-100.62943778599998,43.780012445000068],[-100.61699762999996,43.77824058300007],[-100.60483847899997,43.780472619000079],[-100.60113039199996,43.789085752000062],[-100.59742133399999,43.797698652000065],[-100.58676605199997,43.80388879000003],[-100.57383191799994,43.803915202000042],[-100.55760966099996,43.800936946000036],[-100.55032761199999,43.793617224000059],[-100.55152394199996,43.784204869000064],[-100.55149158199998,43.774836979000042],[-100.54138847599995,43.780111133000048],[-100.53002454499995,43.784983811000075],[-100.51700242799996,43.783669278000048],[-100.51820334099995,43.77425708700008],[-100.51332402399999,43.765956197000037],[-100.50045818899997,43.76686514000005],[-100.48854703399996,43.763723287000062],[-100.47949528299995,43.757355114000063],[-100.46761705799997,43.754656285000067],[-100.45466242999998,43.754225348000034],[-100.44223186999994,43.752436077000027],[-100.42866384599995,43.752024224000081],[-100.41579957099998,43.752924501000052],[-100.40229114899995,43.753399954000031],[-100.38945592899995,43.754742609000061],[-100.37799632899998,43.75826646400003],[-100.38165934199998,43.767060753000067],[-100.37154384399997,43.772321285000032],[-100.36019306799994,43.768255683000064],[-100.35293658999996,43.760924123000052],[-100.34685102799995,43.752659255000026],[-100.34380741599995,43.743842451000035],[-100.33301858499999,43.738862691000065],[-100.32085714199997,43.741067329000032],[-100.30939625699995,43.744584992000057],[-100.29658991899998,43.746363268000039],[-100.28419412299996,43.745003420000046],[-100.27340961199997,43.740018540000051],[-100.26555203099997,43.732702532000076],[-100.26327809499998,43.726088253000057],[-100.25368704699997,43.729983332000074],[-100.24152459399994,43.732180304000053],[-100.23250108099995,43.725793990000057],[-100.22002490599999,43.723092319000045],[-100.20791949099998,43.726176345000056],[-100.19782479499997,43.731868352000049],[-100.18590616799997,43.728252435000059],[-100.17510361899997,43.722813806000033],[-100.16218536599996,43.722797782000043],[-100.15275725599997,43.72935609600006],[-100.14059156299999,43.731543274000046],[-100.12873195699996,43.728812241000071],[-100.11796187099998,43.723813859000074],[-100.10509893599999,43.724682289000043],[-100.09301552899996,43.728200375000029],[-100.08004108699998,43.727285537000057],[-100.06720447199996,43.728595247000044],[-100.05436734499995,43.729903639000042],[-100.04195236599998,43.728074624000044],[-100.03118898799994,43.723068780000062],[-100.01824357899994,43.722592726000073],[-100.00535250299998,43.723005726000054],[-99.992461266999953,43.723417399000027],[-99.982289320999939,43.717942543000049],[-99.970411905999981,43.714751264000029],[-99.958269636999944,43.717365997000059],[-99.945325877999949,43.716882405000035],[-99.934011065999982,43.71277789700008],[-99.92112138899995,43.713182238000059],[-99.911644261999982,43.719277276000071],[-99.898700471999973,43.718788869000036],[-99.890273287999946,43.711468251000042],[-99.890948638999987,43.702080245000047],[-99.890396564999946,43.692730244000074],[-99.879089318999945,43.688620615000048],[-99.867666380999992,43.692988634000073],[-99.856881660999989,43.697781919000079],[-99.85927030199997,43.707075245000055],[-99.867079656999977,43.714416960000051],[-99.856931329999952,43.719636349000041],[-99.845501548999948,43.724002127000063],[-99.833378545999949,43.727049940000029],[-99.82265704699995,43.722471420000034],[-99.814851686999987,43.715127034000034],[-99.805364458999975,43.72121401000004],[-99.80032737199997,43.729841279000027],[-99.792755752999938,43.737206934000028],[-99.779860447999965,43.73759672500006],[-99.767426226999987,43.735295310000026],[-99.756682572999978,43.730265969000072],[-99.744301170999961,43.728852719000031],[-99.736723403999974,43.736215000000072],[-99.741502489999959,43.744546212000046],[-99.753399533999982,43.748204255000076],[-99.763557096999989,43.753697403000047],[-99.762863061999951,43.763083918000063],[-99.756537598999955,43.770855296000036],[-99.744401859999982,43.77389426600007],[-99.732012517999976,43.772479904000079],[-99.72482568199996,43.765112220000049],[-99.724296659999936,43.755762467000068],[-99.717701553999973,43.747930677000056],[-99.708200629999965,43.754009967000059],[-99.702508946999956,43.76220578300007],[-99.698684050999987,43.770792074000042],[-99.694883154999957,43.779823345000068],[-99.686039945999937,43.786772947000031],[-99.673848302999943,43.788914584000054],[-99.663127840999948,43.784322890000055],[-99.663836317999937,43.774937261000048],[-99.670787478999955,43.767152623000072],[-99.679015358999948,43.760221908000062],[-99.686602334999975,43.752863408000053],[-99.690402810999956,43.743831986000032],[-99.680842082999959,43.737869529000079],[-99.669347870999957,43.741328603000056],[-99.660482382999987,43.747831598000062],[-99.654146309999987,43.755598001000067],[-99.652822305999962,43.765001783000059],[-99.64712278099995,43.773194935000049],[-99.641124841999954,43.764896226000076],[-99.638764886999979,43.755599648000043],[-99.626848353999947,43.751485522000053],[-99.619893653999952,43.759267924000028],[-99.617925807999939,43.768243783000059],[-99.618439825999985,43.777593785000079],[-99.610203402999957,43.784520326000063],[-99.598356457999955,43.781739389000052],[-99.592978339999945,43.773420854000051],[-99.592467968999983,43.764070684000046],[-99.592572018999988,43.754702755000039],[-99.589629364999951,43.745867972000042],[-99.577442164999979,43.748000383000033],[-99.577335972999947,43.757368401000065],[-99.57661535699998,43.766753808000033],[-99.576509017999967,43.776121537000051],[-99.567629679999982,43.78261758900004],[-99.554700138999976,43.782538945000056],[-99.547532058999991,43.775161235000041],[-99.547484058999942,43.774270735000073],[-99.538896255999987,43.756584807000081],[-99.535903739999981,43.517347934000043],[-99.328267920999963,43.514093215000059],[-99.327938570999947,43.527882926000075],[-99.341756654999983,43.53703069900007],[-99.363237995999953,43.551359754000032],[-99.376505276999978,43.564187483000069],[-99.38173723899996,43.575696325000081],[-99.383218500999988,43.588191770000037],[-99.381417544999977,43.602304480000043],[-99.378073841999992,43.610955399000034],[-99.376363373999936,43.61864481200007],[-99.379633386999956,43.624976691000029],[-99.389280912999936,43.636638719000075],[-99.394649053999956,43.646887511000045],[-99.399169422999989,43.652909600000044],[-99.40366540399998,43.658443018000071],[-99.412130386999991,43.659282425000072],[-99.420437237999977,43.657068465000066],[-99.430968701999973,43.653111502000058],[-99.438675329999967,43.651524168000037],[-99.454643799999985,43.650931330000049],[-99.465412825999977,43.651550623000048],[-99.47419245399999,43.654364312000041],[-99.481581787999971,43.658744695000053],[-99.485834478999948,43.663517784000078],[-99.490006785999981,43.670738677000031],[-99.49427703899994,43.675816649000069],[-99.499963366999964,43.67978486800007],[-99.507000775999984,43.681422136000037],[-99.506405705999953,43.689172614000029],[-99.502806709999959,43.695769633000054],[-99.491945559999976,43.702328904000069],[-99.479583888999969,43.70979155200007],[-99.451403037999967,43.724900560000037],[-99.438628222999967,43.732511829000032],[-99.442190290999974,43.745214138000051],[-99.450348033999944,43.760082164000039],[-99.459442189999947,43.772631111000067],[-99.465021558999979,43.786688240000046],[-99.465217324999969,43.787181349000036],[-99.458802373999958,43.795572843000059],[-99.447504991999949,43.801423775000046],[-99.426932103999945,43.803214516000025],[-99.415472460999979,43.804210499000078],[-99.377408404999983,43.807724582000048],[-99.362777025999947,43.819483228000081],[-99.361919757999942,43.820704870000043],[-99.351709083999992,43.835251374000052],[-99.35051572499998,43.848080721000031],[-99.356722108999975,43.866251143000056],[-99.359846092999987,43.875717503000033],[-99.36885056899996,43.88139714600004],[-99.381226062999986,43.885839450000049],[-99.39200114199997,43.889941789000034],[-99.395462306999946,43.893540446000031],[-99.518198541999936,43.894090333000065],[-99.522498613999971,44.02705818000004],[-100.35677120899999,44.025517784000044],[-100.34999669399997,44.286823678000076],[-100.36205297499998,44.296643908000078],[-100.36422657699995,44.307827941000028],[-100.07169273199997,44.306115434000048],[-100.07519606999995,44.308320043000037],[-100.09565274899995,44.316536711000026],[-100.11153719499998,44.321748760000048],[-100.14280513199998,44.324165049000044],[-100.17986865699999,44.329818815000067],[-100.20906792499994,44.337155620000033],[-100.22754983199997,44.339116829000034],[-100.25844480899997,44.347817659000043],[-100.28696189099998,44.350577742000041],[-100.30632093799994,44.357177623000041],[-100.31064460299996,44.35865104800007],[-100.33683601399997,44.36233840400007],[-100.36729676099998,44.364154897000049],[-100.38486542799996,44.370134353000026],[-100.40670676799999,44.391999980000037],[-100.41451812299994,44.401178241000025],[-100.41855928899997,44.420828415000074],[-100.41858837999996,44.440872292000051],[-100.42564206399999,44.450552945000027],[-100.44051904599996,44.457668589000036],[-100.46996855099997,44.467323949000047],[-100.49458935299998,44.472562334000031],[-100.51126481999995,44.470824801000049],[-100.53044003999997,44.462886862000062],[-100.54227812599999,44.458455599000047],[-100.55355863399996,44.454231425000046],[-100.57653013399994,44.45493147500008],[-100.59239094699996,44.456839742000057],[-100.60220851899999,44.463738380000052],[-100.62534291699995,44.474160298000072],[-100.62819811899999,44.481183387000044],[-100.62872352499994,44.488561833000063],[-100.62627318999995,44.496287364000068],[-100.61904776899996,44.502516286000059],[-100.60872624699994,44.507425452000064],[-100.59604113199998,44.511942074000046],[-100.59412744899998,44.512939710000069],[-100.58764577599999,44.517050654000059],[-100.58605774299997,44.517625950000081],[-100.57790329199997,44.524289672000066],[-100.57404761099997,44.531109661000073],[-100.56506588199994,44.536205043000052],[-100.55618293699996,44.54272773100007],[-100.55090918999997,44.548404564000066],[-100.54831395999997,44.554223766000064],[-100.55715168499995,44.556531420000056],[-100.57199838199995,44.558860873000071],[-100.58712856699998,44.560462603000076],[-100.60193117499995,44.566846288000079],[-100.62440028099996,44.577721231000055],[-100.63589060199996,44.579688343000043],[-100.65007050999998,44.586566421000043],[-100.66322919499999,44.597774989000072],[-100.66899217399998,44.608251969000037],[-100.67037802199997,44.61822141500005],[-100.67538800599999,44.632113193000066],[-100.68026954799996,44.639567875000068],[-100.68139323099996,44.650500590000036],[-100.67850662899997,44.656809425000063],[-100.67342307499996,44.665107276000072],[-100.66825250099998,44.672215173000041],[-100.66504123999994,44.684260409000046],[-100.65934733699999,44.707368855000027],[-100.65660160699997,44.729652528000031],[-100.65752882299995,44.738442055000064],[-100.88812274399999,44.739490859000057],[-100.88967395299994,44.800580749000062],[-100.90266079899999,44.800082088000067],[-100.91440907999998,44.803448247000063],[-100.92114191099995,44.811370834000058],[-100.93408915399999,44.810325105000061],[-100.93481165599997,44.809751666000068],[-100.94573087899994,44.802237283000068],[-100.95439773299995,44.795354804000056],[-100.96386826599996,44.788985797000066],[-100.97583728199999,44.785246059000031],[-100.98784687399996,44.782049060000077],[-101.00082923599996,44.781540393000057],[-101.01279473899996,44.777797133000036],[-101.02225695499999,44.771423570000081],[-101.03515221799995,44.769823617000043],[-101.04630811499999,44.775383530000056],[-101.05933123199998,44.775412781000057],[-101.07243968999995,44.776528441000039],[-101.08559137599997,44.778186613000059],[-101.09343379199998,44.770780967000064],[-101.10641305399997,44.770261546000029],[-101.11609109499994,44.776420384000062],[-101.12212523799997,44.78490726900003],[-101.13392533499996,44.788797152000029],[-101.14257035599996,44.781901726000058],[-101.15367746299995,44.777088380000066],[-101.16397601199998,44.771761120000065],[-101.16323778299994,44.762515716000053],[-101.16635945899998,44.753659294000045],[-101.17665323899996,44.74833076300007],[-101.18949643799999,44.746171271000037],[-101.20148819999997,44.742953924000062],[-101.21347877099998,44.739735428000074],[-101.22631903799999,44.737572190000037],[-101.23924652399995,44.736495361000038],[-101.24868039399996,44.730104503000064],[-101.25412147599997,44.721694874000036],[-101.26036808099997,44.713797228000033],[-101.27337887699997,44.713804631000073],[-101.28513067499995,44.717137209000043],[-101.28986864199999,44.716336032000072],[-101.29796406799994,44.714966660000073],[-101.30496731999995,44.70703498000006],[-101.31793208099998,44.706493970000054],[-101.32901173399995,44.710942120000027],[-101.34143881299997,44.71314989800004],[-101.35085919999995,44.706751189000045],[-101.35471505099997,44.697857139000064],[-101.35623764999997,44.688515254000038],[-101.36910808499994,44.686881287000062],[-101.38027827999997,44.692412862000026],[-101.39328478499999,44.692408023000041],[-101.40682662499995,44.689650240000049],[-101.41067378099996,44.68075420100007],[-101.42008262399997,44.674349970000037],[-101.43398458599995,44.675940064000031],[-101.44675908299996,44.673210506000032],[-101.45055402299994,44.663769119000051],[-101.45291822099995,44.653569268000069],[-101.45204590199995,44.645146986000043],[-101.45983033199997,44.637716936000061],[-101.47277993099999,44.637160097000049],[-101.48568326799995,44.636058066000032],[-101.48337752799995,44.626877850000028],[-101.48107243899995,44.617697427000053],[-101.48728139999997,44.609787083000072],[-101.49923313599999,44.606540885000072],[-101.51217617699996,44.60598000400006],[-101.51658764099994,44.605973935000065],[-101.52516533899995,44.605961697000055],[-101.53815449299998,44.605942063000043],[-101.55061511199995,44.608673768000074],[-101.56102587299995,44.614223581000033],[-101.57277434999997,44.61753026100007],[-101.58585953099998,44.618593479000026],[-101.59894513999996,44.619655349000027],[-101.61184284099994,44.618540491000033],[-101.62469291099995,44.616880480000077],[-101.63768421199995,44.616850684000042],[-101.65072290599994,44.617363395000041],[-101.66371429199995,44.617330941000034],[-101.67613474599995,44.61950646400004],[-101.68917427699995,44.620015231000025],[-101.70111776999994,44.616750139000033],[-101.70729980499999,44.608829064000076],[-101.71828723299996,44.60342118300008],[-101.73008981099997,44.607257219000076],[-101.73614027199994,44.615173871000081],[-101.74908293899995,44.614588897000033],[-101.76097409099998,44.610774348000064],[-101.76015266699994,44.601529690000064],[-101.75262663599995,44.594226742000046],[-101.74362845099995,44.58753592100004],[-101.75546670799997,44.583177855000031],[-101.76563655699994,44.577256270000078],[-101.77928381499999,44.57608979500003],[-101.79179736199995,44.579341846000034],[-101.80421482799994,44.581505022000044],[-101.81705262199995,44.579825466000045],[-101.82640667399994,44.573390024000048],[-101.82785849299995,44.564040375000047],[-101.83978470899996,44.560761915000057],[-101.85087505799999,44.565165862000072],[-101.86380671699999,44.56456915900003],[-101.87315394099994,44.558130090000077],[-101.88421759899995,44.553794989000039],[-101.89729495899996,44.554826297000034],[-101.91022413299999,44.554224860000033],[-101.91480427399995,44.545819786000038],[-101.91781298299998,44.536941537000075],[-101.92956555199999,44.540215730000057],[-101.94136908899998,44.544032614000059],[-101.95328589699994,44.540743381000027],[-101.95938001799999,44.532265124000048],[-101.99443011499994,44.526197782000054],[-101.99443154099998,44.526571647000026],[-101.99622872799995,44.994401306000043],[-101.99730599999998,45.471570000000042],[-102.01961180299998,46.016667737000034],[-102.02180635499997,46.075145718000044],[-102.03100896199999,46.075339173000032],[-102.03775150599995,46.075453018000076],[-102.04445348699994,46.075142487000051],[-102.05076951999996,46.07399769500006],[-102.05635408999996,46.071608812000079],[-102.05655119899995,46.071369958000048],[-102.05964329299997,46.067622683000081],[-102.06167308699997,46.06326905700007],[-102.06337770099998,46.058717501000046],[-102.06666579099999,46.054731070000059],[-102.07060323199994,46.051140195000073],[-102.07653031899997,46.049160180000058],[-102.08282276299997,46.047801741000058],[-102.08911493799997,46.046442994000074],[-102.09559092899997,46.04699213300006],[-102.09745719799997,46.047475004000034],[-102.10186492599996,46.048615304000066],[-102.10787573899995,46.050676473000067],[-102.11417093399996,46.052511054000036],[-102.11933057299996,46.05525057400007],[-102.12536314299996,46.057522917000028],[-102.13161836799998,46.058932606000042],[-102.13815781099999,46.060115642000028],[-102.14449126499994,46.059178283000051],[-102.15039614999995,46.056982943000037],[-102.15493798599994,46.053360803000032],[-102.16051679999998,46.050967347000039],[-102.16257891299995,46.050520770000048],[-102.16680761699996,46.049604865000049],[-102.17348550399998,46.049075683000069],[-102.17909124699997,46.05026606000007],[-102.18004544999997,46.050468655000032],[-102.18551226999995,46.053191132000052],[-102.18984462099996,46.056819221000069],[-102.19507026299999,46.060191717000066],[-102.19966656799994,46.063380952000045],[-102.20341213299997,46.067249465000032],[-102.20800936999996,46.070438351000064],[-102.21289080399998,46.073400546000073],[-102.21951677799996,46.075427416000025],[-102.22385260099998,46.07905418200005],[-102.22984936099999,46.080897598000035],[-102.23532095499996,46.083617787000037],[-102.24050932999995,46.086564286000055],[-102.24598187299995,46.089283991000059],[-102.25145488699997,46.09200345000005],[-102.25751671799998,46.094481452000025],[-102.26355798999998,46.096747190000031],[-102.26929499699997,46.099027283000055],[-102.27479092999994,46.101957663000064],[-102.28083353699998,46.104222560000039],[-102.28687657399996,46.106487166000079],[-102.29311909899997,46.107676988000037],[-102.29990785499996,46.108201204000068],[-102.30643435199994,46.109163711000065],[-102.31296104499995,46.110125889000074],[-102.31957284699996,46.11193554700003],[-102.32585902199997,46.113547691000065],[-102.33216678799994,46.115371474000028],[-102.33790795899995,46.117648449000058],[-102.34439338399994,46.118185147000077],[-102.35120502799998,46.118918628000074],[-102.35795275599997,46.119015928000067],[-102.36426745499995,46.117856101000029],[-102.37166742599999,46.118346840000072],[-102.37821748699997,46.119517676000044],[-102.38422257999997,46.121353819000035],[-102.39024948899998,46.123401612000066],[-102.39601497099994,46.125887922000061],[-102.40090948999995,46.128842683000073],[-102.40523786099999,46.132251020000069],[-102.40932646499999,46.136309931000028],[-102.41337249299994,46.139944830000047],[-102.41831205099999,46.143322678000061],[-102.42320896199999,46.146276477000072],[-102.42782303399997,46.149457002000076],[-102.43385403899998,46.151502643000072],[-102.44016870899998,46.153321042000073],[-102.44681033799998,46.155335979000029],[-102.45312576399999,46.157153736000055],[-102.45889680099998,46.159637066000073],[-102.46549622499998,46.161227216000043],[-102.47205246899995,46.162393226000063],[-102.47884857999998,46.162908074000029],[-102.48512208399995,46.164300456000035],[-102.49148315399998,46.166540112000064],[-102.49804042899996,46.167704804000039],[-102.50466354999998,46.16950483800008],[-102.51069895599994,46.171546834000026],[-102.51671284499997,46.173376653000048],[-102.52307594799998,46.175614723000081],[-102.52741411799997,46.179018621000068],[-102.52998804599997,46.182480420000047],[-102.53062043699998,46.183330883000053],[-102.53469843499994,46.187173482000048],[-102.53882090599996,46.191439666000065],[-102.54322703099996,46.195478523000077],[-102.54885418599997,46.199456017000045],[-102.55406668899997,46.202389211000082],[-102.56041197699994,46.204413440000053],[-102.56693028099994,46.205150844000059],[-102.57359909599995,46.204389540000079],[-102.58024561699995,46.203416034000043],[-102.58479542199996,46.199992142000042],[-102.58710233699998,46.197165107000046],[-102.58805788899997,46.195994023000026],[-102.59127560999997,46.191572053000073],[-102.59341860599994,46.189958698000055],[-102.59582396299999,46.188147677000075],[-102.60214118499994,46.186976558000026],[-102.60848039499996,46.186016997000081],[-102.61638906099995,46.18540359900004],[-102.62073568599999,46.186869243000046],[-102.62242959699995,46.18744035800006],[-102.62903603799998,46.189022144000035],[-102.63533775599996,46.190619088000062],[-102.64140173699997,46.192866802000026],[-102.64574747099999,46.196266628000046],[-102.65183473899998,46.198725679000063],[-102.65731228299995,46.201215529000081],[-102.66307295799999,46.203477727000063],[-102.66913916399994,46.205724084000053],[-102.67542110999995,46.207107188000066],[-102.68177075999995,46.209125508000056],[-102.68829096399998,46.20985685800008],[-102.69483383699998,46.210799720000068],[-102.70148962399998,46.212801429000081],[-102.70751296299994,46.214622287000054],[-102.71377404999998,46.215791687000035],[-102.72005797699995,46.217172614000049],[-102.72582235899995,46.219431961000055],[-102.73184703299995,46.221251669000026],[-102.73711517299995,46.22460105600004],[-102.74203329199997,46.227542307000078],[-102.74695187199995,46.230483352000078],[-102.75102336799995,46.234106934000067],[-102.75568309999994,46.23748699500004],[-102.76032057899994,46.240655052000079],[-102.76662155399998,46.245014771000058],[-102.77013009399997,46.24909283900007],[-102.77309684099998,46.253837809000061],[-102.77688881999995,46.257687991000068],[-102.77950546999995,46.262024945000064],[-102.78031300599997,46.266668596000045],[-102.78170864099997,46.271068729000035],[-102.78340989899999,46.275452961000042],[-102.78454619099995,46.28029237700008],[-102.78657621999997,46.284872409000059],[-102.78900349799994,46.29028362400004],[-102.79131681799998,46.29463583900008],[-102.79513525699997,46.298696876000065],[-102.79862572999997,46.30256186400004],[-102.80277361099996,46.306818493000037],[-102.80774708699994,46.310180205000052],[-102.81067365199999,46.314500073000033],[-102.81418891499999,46.31857625400005],[-102.81652798399995,46.323139473000026],[-102.82032679299999,46.326987731000031],[-102.82582214899998,46.329469731000074],[-102.83188326399994,46.331496088000051],[-102.83770821199994,46.334173360000079],[-102.84296836299995,46.337305797000056],[-102.84740418199999,46.341332925000074],[-102.85000607499995,46.345455822000076],[-102.85467936399999,46.348831419000078],[-102.86050688399996,46.351507563000041],[-102.86631175299999,46.353971697000077],[-102.87244604199998,46.356631246000063],[-102.87860404499997,46.359502219000035],[-102.88464653799997,46.36131425800005],[-102.89071261499998,46.363337734000027],[-102.89538941499995,46.366711729000031],[-102.90004344799996,46.369873810000058],[-102.90206149899996,46.374239304000071],[-102.90377393099999,46.37862083300007],[-102.90638106199998,46.382742222000047],[-102.90990633999996,46.386815134000074],[-102.91373802899994,46.390871771000036],[-102.91782950999999,46.39448870700005],[-102.92305198499997,46.397194056000046],[-102.92891027399997,46.400078532000066],[-102.93524072099996,46.401660188000051],[-102.94180722899995,46.402590254000074],[-102.94851583099995,46.402021934000061],[-102.95555377299996,46.401648726000076],[-102.96261512199999,46.401486830000067]]]]},"properties":{"OBJECTID":1,"type":"open_res","COUNT":2,"SHAPE_Length":19.843885136128474,"SHAPE_Area":4.0668486839706777}},{"type":"Feature","id":2,"geometry":{"type":"MultiPolygon","coordinates":[[[[-122.47792487699996,47.751372002000039],[-122.47657253599999,47.75279232500003],[-122.47633829299997,47.754177639000034],[-122.47662413999996,47.755457771000067],[-122.47762404399998,47.759356318000073],[-122.47705812599997,47.762043771000037],[-122.47684226099994,47.764858333000063],[-122.47716506599994,47.76756395700005],[-122.47983130199998,47.769597829000077],[-122.48147423599994,47.770651068000063],[-122.48306330099996,47.772902715000043],[-122.56373738299999,47.773388682000075],[-122.56370869299997,47.772008686000049],[-122.56413752899999,47.770337889000075],[-122.56265524399998,47.769648731000075],[-122.56074166599996,47.768651103000082],[-122.55912363999994,47.766999585000065],[-122.55804422899996,47.765238800000077],[-122.55518733199995,47.763442607000059],[-122.55195407599996,47.762118653000073],[-122.55076767699995,47.760775488000036],[-122.55214019999994,47.759903201000043],[-122.55316245599994,47.758903961000044],[-122.55658185999999,47.757230479000043],[-122.55669045699995,47.755106302000058],[-122.55538838899997,47.753458614000067],[-122.55382642299998,47.751863645000071],[-122.55208277099996,47.750496708000071],[-122.55213352499999,47.749339305000035],[-122.55384966399998,47.749373522000042],[-122.55642387799998,47.749424807000025],[-122.55834707999998,47.748652199000048],[-122.55834481999995,47.74674076000008],[-122.55634127599996,47.745426605000034],[-122.55363620199995,47.744445960000064],[-122.54939898399999,47.745114404000049],[-122.54601968899999,47.745799870000042],[-122.54269301799997,47.747239282000066],[-122.53954800099996,47.748450565000041],[-122.53562293699997,47.749819885000079],[-122.53172326699996,47.75061038900003],[-122.52771845699999,47.749892716000033],[-122.52535174199994,47.749034164000079],[-122.52327072199995,47.747544188000063],[-122.52002045799998,47.747246936000067],[-122.51690069999995,47.747878992000039],[-122.51422276899996,47.74823030400006],[-122.51392209299996,47.748224222000033],[-122.51164864099997,47.748178213000074],[-122.50899644899999,47.747950725000067],[-122.50528269299997,47.748888522000072],[-122.50517461399994,47.748915812000064],[-122.50041654999995,47.749687996000034],[-122.49753021999999,47.748934226000074],[-122.49542396699997,47.74802251400007],[-122.49227797499998,47.749232691000032],[-122.48718169699998,47.749881671000026],[-122.48289140999998,47.749793965000038],[-122.48021319999998,47.750144599000066],[-122.47792487699996,47.751372002000039]]],[[[-122.60660278799998,47.751021979000029],[-122.60702927399996,47.707963216000053],[-122.60624421799997,47.705548418000035],[-122.60510920499996,47.703006775000063],[-122.60289853199998,47.700683988000037],[-122.59969310599996,47.698292948000073],[-122.59645833799999,47.695091047000062],[-122.59449715399995,47.694067912000037],[-122.59223716199995,47.695746550000081],[-122.58733122799998,47.699588389000041],[-122.58565254999996,47.702570624000032],[-122.58474826099996,47.706614204000061],[-122.58497425399997,47.70981852400007],[-122.58446366099997,47.711812896000026],[-122.58075822399996,47.714535080000076],[-122.57855352599995,47.717014447000054],[-122.57786509199997,47.718169992000071],[-122.57618245299994,47.719121268000038],[-122.57460812999994,47.719623144000082],[-122.57091172799994,47.720801406000078],[-122.56883264599998,47.721492183000066],[-122.56776576699997,47.721846635000077],[-122.56638835799998,47.72415757300007],[-122.56437569999997,47.726394334000076],[-122.56139546899999,47.72781189400007],[-122.55976849899997,47.729563977000055],[-122.55982713999998,47.73239562100008],[-122.55905753999997,47.735395357000073],[-122.55776256499996,47.737892359000057],[-122.55663361899997,47.740761820000046],[-122.55801654699997,47.742512199000032],[-122.56033787399997,47.743665921000058],[-122.56054200699998,47.743739914000059],[-122.56285231799995,47.744577314000026],[-122.56476093399999,47.746830274000047],[-122.56490855999999,47.748053258000027],[-122.57460832399994,47.748029808000069],[-122.57879935199998,47.74801946000008],[-122.59313489299996,47.74798308000004],[-122.60660278799998,47.751021979000029]]],[[[-110.01401406299999,35.662220129000048],[-109.90157046499996,35.660077655000066],[-109.57499196899994,35.656373832000043],[-109.18221500299995,35.650921326000059],[-109.08882463799995,35.649016128000028],[-109.04997961899994,35.647679767000056],[-108.26871242599998,35.652554704000067],[-108.27041340399995,36.673140277000073],[-108.53939096299996,36.67322960100006],[-108.54006345699997,36.747040901000048],[-108.50919739499994,36.749376498000061],[-108.50235923199995,36.748929497000063],[-108.49001617999994,36.744863204000069],[-108.47674838199998,36.746339267000053],[-108.46368352999997,36.749000199000079],[-108.44841904999998,36.749787787000059],[-108.43544320699999,36.746390527000074],[-108.42673924199994,36.741612195000073],[-108.41301480799996,36.740411171000062],[-108.39941395599999,36.744332712000073],[-108.38802334699994,36.748008502000062],[-108.37466696599995,36.746762121000074],[-108.36713846699996,36.740036731000032],[-108.36128735599999,36.734335064000049],[-108.35031225699998,36.731614967000041],[-108.33789801399996,36.731469727000047],[-108.32012312799998,36.737351244000024],[-108.30656810299996,36.741558264000048],[-108.29594524099997,36.74090959800003],[-108.28327886299996,36.739274951000027],[-108.27391653999996,36.73274510300007],[-108.26323171499996,36.72726571700008],[-108.25035654799996,36.725376139000048],[-108.24552702299997,36.724666948000049],[-108.23316842399998,36.725399847000062],[-108.22731659799996,36.725746398000069],[-108.21504397499996,36.733125863000055],[-108.20442315699995,36.732468590000053],[-108.19183603599998,36.725679249000052],[-108.18012301099998,36.718491778000043],[-108.17112016999994,36.714030570000034],[-108.15993549499996,36.712222176000068],[-108.15263526099994,36.711200483000027],[-108.14048851999996,36.705869223000036],[-108.13126960099999,36.702334976000031],[-108.13122010999996,36.702038229000038],[-108.12549431799994,36.701448865000032],[-108.11954841999994,36.701789278000035],[-108.11392157999995,36.701792829000055],[-108.10824534399995,36.701499344000069],[-108.10256915199994,36.701205572000049],[-108.09630397499996,36.701881277000041],[-108.09045655599999,36.702813681000066],[-108.08451038499999,36.703152249000027],[-108.07772848599996,36.702976319000072],[-108.07210155399997,36.702977784000041],[-108.06627771099994,36.701791870000079],[-108.06109275999995,36.699932860000047],[-108.05563788699999,36.698706776000051],[-108.05040426299996,36.696550499000068],[-108.04517094999994,36.694393981000076],[-108.03937259199995,36.695620518000055],[-108.03455661899994,36.698251631000062],[-108.02912634599994,36.699438109000027],[-108.02164493799995,36.698427710000033],[-108.02127637099994,36.698467203000064],[-108.01523219899997,36.698208531000034],[-108.00955663899998,36.697910083000068],[-108.00393009799996,36.697908150000046],[-107.99820565899995,36.697312329000056],[-107.99248131499996,36.696716218000063],[-107.98675706399996,36.696119816000078],[-107.98130372299994,36.694890142000077],[-107.97539541999998,36.69431284500007],[-107.97497799799999,36.694055373000026],[-107.96947617999996,36.69252831600005],[-107.96370363999995,36.691633931000069],[-107.95780657599994,36.692262639000035],[-107.95470607999994,36.696217292000028],[-107.95764935799997,36.700433950000047],[-107.95842997599999,36.705183104000071],[-107.95314426999994,36.707256396000048],[-107.94724585699998,36.707884557000057],[-107.94179230399999,36.706652966000036],[-107.93629023199998,36.705124280000064],[-107.93083706999994,36.703892161000056],[-107.92528677799999,36.702066107000064],[-107.91983402899996,36.70083345900008],[-107.91438146299998,36.699600547000045],[-107.90806611399995,36.699968959000046],[-107.90216790299996,36.700594762000037],[-107.89626958999997,36.701220256000056],[-107.89083686099997,36.702400079000029],[-107.88493830599998,36.703024982000045],[-107.87921444099999,36.702423123000074],[-107.87430596899998,36.699922794000031],[-107.86902918999999,36.69746125100005],[-107.86535389099998,36.693320258000028],[-107.86071834499995,36.690186647000075],[-107.85613156099998,36.687349715000039],[-107.85090464099994,36.685184206000031],[-107.84500713399996,36.68580701500008],[-107.83935100599996,36.687913870000045],[-107.83396662599995,36.689387817000068],[-107.82867853999994,36.691455261000044],[-107.82334191799998,36.693225581000036],[-107.81744352799996,36.693846952000058],[-107.81130409899998,36.692983598000069],[-107.80585394999997,36.691745449000052],[-107.80003534099995,36.690545807000035],[-107.79413696899996,36.691165960000035],[-107.78833468299996,36.69237959000003],[-107.78299701999998,36.694148003000066],[-107.77571958299995,36.69551583100008],[-107.77535089999998,36.69555452000003],[-107.76996466899999,36.697025420000045],[-107.76406552199995,36.69764400300005],[-107.75824712799994,36.696442203000061],[-107.75252482799999,36.695833922000077],[-107.74702753399998,36.694296021000071],[-107.74848391099994,36.698672493000061],[-107.74615723599999,36.702841128000046],[-107.74309277999998,36.707086893000053],[-107.74002796899998,36.711332585000036],[-107.73566480699998,36.71450621200006],[-107.73213466599998,36.718196425000031],[-107.72860416799995,36.721886535000067],[-107.72595462199996,36.726390266000067],[-107.72288800799998,36.730635537000069],[-107.72213019999998,36.735243521000029],[-107.72058657599996,36.739631606000046],[-107.71825700799997,36.743799756000044],[-107.71597501199994,36.748264802000051],[-107.71244224699996,36.75195446500004],[-107.70728961999998,36.754907095000078],[-107.70292243699998,36.758079529000042],[-107.69809027599996,36.760696353000071],[-107.69372234799994,36.763868441000056],[-107.68935404099994,36.76704036700005],[-107.68498535499998,36.770212127000036],[-107.68103312599999,36.773642296000048],[-107.67749737199995,36.777330916000039],[-107.67359209299997,36.78105779100008],[-107.63457045799998,36.819823509000059],[-107.63461800999994,36.820120487000054],[-107.63066071699996,36.823548980000055],[-107.62623858199998,36.826421581000034],[-107.62135165099994,36.828738230000056],[-107.61520321699999,36.827864146000024],[-107.60956672999998,36.827842549000025],[-107.60388281499996,36.82752367900008],[-107.59833133899997,36.825681438000061],[-107.59439031799997,36.82216345900008],[-107.58975823999998,36.819018518000064],[-107.58618737799998,36.815462180000054],[-107.58293889699996,36.811570675000041],[-107.58001279299998,36.80734403200006],[-107.57542957499999,36.804495527000029],[-107.57024989899998,36.802613890000032],[-107.56447360499999,36.801699037000049],[-107.55883915299995,36.801674912000067],[-107.55292978599999,36.802282490000039],[-107.54757841599996,36.804039862000025],[-107.54445100599997,36.807983438000065],[-107.54483651099997,36.812773609000033],[-107.54706916199996,36.817374081000025],[-107.55004097199998,36.821898612000041],[-107.55079638099994,36.82665084100006],[-107.55002672299997,36.831257891000064],[-107.54689827899995,36.835201588000075],[-107.54376949899995,36.839145207000058],[-107.54068756699996,36.843385769000065],[-107.53630786299999,36.846551900000065],[-107.53151103799996,36.849458735000042],[-107.52661956299994,36.851771315000065],[-107.52219162899996,36.854639883000061],[-107.51688277999995,36.856692880000026],[-107.51199035699995,36.859004836000054],[-107.50653972899994,36.860166244000027],[-107.50057815999998,36.860474064000073],[-107.49512081199998,36.859220805000064],[-107.48906529899995,36.85893393300006],[-107.48273409399997,36.859278567000047],[-107.47732992099998,36.860735616000056],[-107.47201936799996,36.86278651300006],[-107.46670851599998,36.864837163000061],[-107.46125673399996,36.865996392000056],[-107.45534135099996,36.866598886000077],[-107.44942587299994,36.867201071000068],[-107.44351029699999,36.86780294600004],[-107.43810470899996,36.869258126000034],[-107.43367223899997,36.872123252000051],[-107.42970270099994,36.875544790000049],[-107.42573278999998,36.878966196000079],[-107.41880986399997,36.886308948000078],[-107.41885658199999,36.886606026000038],[-107.41650510499994,36.890768241000046],[-107.41456994399999,36.89518998300008],[-107.41494738599994,36.899980801000027],[-107.41712779099998,36.904286953000053],[-107.41967839899996,36.908555540000066],[-107.42111940599995,36.912936689000048],[-107.42260733999996,36.917614912000033],[-107.42441871499994,36.921958499000027],[-107.42553700899998,36.926674247000051],[-107.42591533399997,36.931465102000061],[-107.42587684599994,36.93599643400006],[-107.42625523999999,36.94078730800004],[-107.42700381499998,36.945540638000068],[-107.42775248599997,36.950293972000054],[-107.42660357299997,36.95493801300006],[-107.42503752299996,36.959322516000043],[-107.42388829599997,36.96396654800003],[-107.42232188799994,36.968351033000033],[-107.41996797299998,36.972513481000078],[-107.41562203599995,36.975972222000053],[-107.41164599699994,36.979393296000069],[-107.40808664799994,36.983073840000031],[-107.40452693899999,36.986754277000045],[-107.39213559199999,36.998073182000041],[-107.19691944299996,36.997182602000066],[-107.19397221099996,36.522616584000048],[-107.01226258299994,36.521168920000036],[-107.01092599399999,36.528856046000044],[-106.87741416999995,36.529591938000067],[-106.80066584599996,36.52953724200006],[-106.80062974699996,36.551209249000067],[-107.09975835099999,36.551902331000065],[-107.09815982999999,36.602298764000068],[-107.08516194999999,36.996551845000056],[-106.98342411399994,36.995864114000028],[-106.98345967399996,36.999114527000074],[-106.98346651699995,36.99973998400003],[-106.98349017599998,37.001902297000072],[-106.98446644299997,37.091019861000063],[-106.98504402699996,37.143643123000061],[-106.98591938699997,37.209010389000071],[-107.15195848399998,37.209408451000058],[-107.22712060199996,37.20945223800004],[-107.40077308199994,37.211628000000076],[-107.61812818699997,37.212919467000063],[-107.63718728099997,37.212919400000033],[-107.73081430699995,37.212872639000068],[-107.84986350099996,37.213013336000074],[-108.00811709499999,37.214185718000067],[-108.19859614499995,37.213692927000068],[-108.39458944199998,37.215080534000037],[-108.53930078599996,37.215306913000063],[-108.62371641999994,37.21581748400007],[-108.67467269599996,37.216007055000034],[-108.85798246199994,37.21675811800003],[-109.04473382199996,37.217219162000049],[-109.04474754299997,37.198595178000062],[-109.04477140299997,37.166190976000053],[-109.04485258699998,37.05571734800003],[-109.04486728699999,37.035677492000048],[-109.05289138299997,37.034747377000031],[-109.07752022699998,37.063148462000072],[-109.07389769799994,37.07008152800006],[-109.07733525499998,37.080102421000049],[-109.08670562799995,37.095946943000058],[-109.08742260799994,37.10888901900006],[-109.08472261899999,37.120925426000042],[-109.08587764299995,37.127304041000059],[-109.09386866299997,37.135493900000029],[-109.09183763999994,37.142242644000078],[-109.09484362799998,37.158827012000074],[-109.10556423899999,37.164094442000078],[-109.11734573699999,37.162688461000073],[-109.13019079999998,37.162384686000053],[-109.13535085399997,37.16893157700008],[-109.14151628799999,37.176800799000034],[-109.14459834999997,37.192475038000055],[-109.14990351399996,37.19979907700008],[-109.15818751799998,37.204392864000056],[-109.16056763199998,37.209277898000039],[-109.16225933699997,37.215831761000061],[-109.15935215499997,37.218950766000034],[-109.14969812099997,37.220473360000028],[-109.13982189399997,37.218049787000041],[-109.13253720799997,37.221677638000074],[-109.13422667199995,37.228231950000065],[-109.13807430599996,37.235726435000061],[-109.14683840799995,37.237485747000051],[-109.15281658199996,37.237583483000037],[-109.16142918899999,37.235785190000058],[-109.16698145399994,37.233549014000062],[-109.17427629899998,37.232697678000079],[-109.18760018699999,37.236478797000075],[-109.19478126399997,37.249448721000078],[-109.20057043199995,37.254248879000045],[-109.20067670199995,37.262974013000076],[-109.20374987899999,37.266189114000042],[-109.22878935499995,37.267950480000025],[-109.25349430899996,37.285383639000031],[-109.26031917099999,37.300867828000037],[-109.26691795899995,37.31240646100008],[-109.27669724299994,37.319599098000026],[-109.28117983199996,37.325030551000054],[-109.28570484499994,37.325292982000065],[-109.29244894899995,37.324102486000072],[-109.29556983099997,37.322146324000073],[-109.29110151699996,37.319494260000056],[-109.28807884599996,37.313891439000031],[-109.28847885299996,37.310666576000074],[-109.29116905499995,37.306377793000024],[-109.32476730199994,37.305199794000032],[-109.34911308799997,37.326558073000058],[-109.36249084699995,37.328949293000051],[-109.37556237199999,37.327005172000042],[-109.38513481099994,37.32229579300008],[-109.40017078699998,37.322896935000074],[-109.43520390399999,37.326681972000074],[-109.44469988999998,37.32157888200004],[-109.45582117099997,37.31985725100003],[-109.50952041099998,37.317023200000051],[-109.54413977299998,37.305326214000047],[-109.55172736099996,37.298057516000028],[-109.55797506499999,37.288962077000065],[-109.56042917599996,37.283501129000058],[-109.57241080399996,37.270536380000067],[-109.57663560599997,37.261285287000078],[-109.57842870299999,37.252326599000071],[-109.59843258099994,37.250314915000047],[-109.60630228099996,37.244597068000076],[-109.60953061799995,37.240630846000045],[-109.61484930399996,37.237207083000044],[-109.64051611499997,37.238875612000072],[-109.64785058399997,37.235603782000055],[-109.65316709399997,37.232178232000024],[-109.65743770899996,37.228481574000057],[-109.66360717599997,37.226939424000079],[-109.67836084699996,37.228728268000054],[-109.68687235699997,37.231670425000061],[-109.69438214399997,37.23195129800007],[-109.69770961199998,37.231149756000036],[-109.70246376099999,37.227392397000074],[-109.70973195599998,37.218559328000026],[-109.71407276199994,37.215249069000038],[-109.72554099199999,37.215443681000067],[-109.72876152599997,37.211474122000027],[-109.73751414899999,37.20524049900007],[-109.74088157599999,37.202047589000074],[-109.74865203999997,37.201100219000068],[-109.75839784499999,37.202693854000074],[-109.77295996599997,37.206083569000043],[-109.78379278399996,37.205554698000071],[-109.81121962299994,37.193054207000046],[-109.83284202899995,37.194378278000045],[-109.83870681499997,37.191272947000073],[-109.84427294499994,37.186613652000062],[-109.85013661699998,37.183507741000028],[-109.86152556499997,37.183300212000063],[-109.87332528699994,37.187812068000028],[-109.88505171399999,37.191934316000072],[-109.89752595899995,37.194770488000074],[-109.91029804999994,37.193990087000032],[-109.91369630499997,37.193570610000052],[-109.91836188499997,37.189415912000072],[-109.92605369399996,37.188068047000058],[-109.95301610499996,37.188709276000054],[-109.96130214499999,37.185297098000035],[-109.96603965299994,37.181528795000077],[-109.97316920099996,37.179849563000062],[-109.98295073699995,37.179033745000027],[-109.99951701999998,37.172204449000048],[-110.02106113599996,37.173104365000029],[-110.04099895499996,37.173405067000033],[-110.04973282199995,37.172316163000062],[-110.05574767399997,37.169344078000051],[-110.05834630299995,37.168059860000028],[-110.07091556499995,37.163706414000046],[-110.08113361999995,37.160043100000053],[-110.09427683699994,37.16118330300003],[-110.10534486499995,37.166957147000062],[-110.11588283699996,37.170012290000045],[-110.12678373599999,37.16983896000005],[-110.14356272899994,37.164153360000057],[-110.16572964199997,37.153013934000057],[-110.17242169999997,37.14660284200005],[-110.17438880799995,37.143968489000031],[-110.18069262599994,37.143174726000041],[-110.18850481399994,37.137416933000054],[-110.19751449099999,37.132700854000063],[-110.20381707999996,37.13190581200007],[-110.21478851299997,37.132112205000055],[-110.22453515699999,37.133665786000051],[-110.23323604399997,37.134952979000047],[-110.24173369299996,37.140243614000042],[-110.24579215899996,37.145697720000044],[-110.26749625299999,37.170003565000059],[-110.28256569599995,37.180825279000032],[-110.29242713599996,37.187929814000029],[-110.30095852199997,37.190825868000047],[-110.31119999599997,37.19231045500004],[-110.32833298999998,37.190928300000053],[-110.33721895899998,37.190593472000046],[-110.34957760999998,37.190213518000064],[-110.36018518499998,37.19602436200006],[-110.37911375299996,37.21111916600006],[-110.38712528699995,37.218851295000036],[-110.40016635199999,37.224348666000026],[-110.41695579699996,37.226181551000025],[-110.44152869199996,37.22462689200006],[-110.45461129699999,37.225337381000031],[-110.46952167899997,37.230189801000051],[-110.48335102699997,37.239557692000062],[-110.48894650499994,37.245783525000036],[-110.48912325999999,37.245980171000042],[-110.49635260599996,37.252215112000044],[-110.50328725999998,37.254507313000033],[-110.50925158799998,37.256924053000034],[-110.51448010299998,37.260629416000029],[-110.52702122399995,37.270955554000068],[-110.53353586599997,37.276086829000064],[-110.54457782599997,37.281430084000078],[-110.55587161999995,37.285545744000046],[-110.56700968099994,37.288884397000061],[-110.57922667699995,37.287703553000028],[-110.59105011499997,37.284581759000048],[-110.60069462599995,37.280546474000062],[-110.60928848999998,37.276248277000036],[-110.61819638099996,37.273501069000076],[-110.62596267999999,37.27249370800007],[-110.64649411699997,37.273013031000062],[-110.66308664199994,37.268865136000045],[-110.67410188999997,37.264246362000051],[-110.68544277199999,37.258787581000036],[-110.69291070299994,37.251443465000079],[-110.69868423999998,37.243125208000038],[-110.70707973499998,37.225704351000047],[-110.71479900799994,37.214741711000045],[-110.72071615999994,37.209588452000048],[-110.73139250199995,37.205803265000043],[-110.73375545399995,37.200317627000061],[-110.74056029999997,37.194648677000032],[-110.75867134599997,37.188294047000056],[-110.76854003399995,37.183017753000058],[-110.77703292899997,37.178319262000059],[-110.78923508599996,37.174725601000034],[-110.79497053199998,37.173573631000068],[-110.81305237599997,37.174381310000058],[-110.82606163699995,37.169880638000052],[-110.84059158799994,37.170355178000079],[-110.86376278099999,37.169288667000046],[-110.88104795199996,37.163818007000032],[-110.89453550999997,37.159245448000036],[-110.90430683199997,37.155960027000049],[-110.91173893499996,37.150992148000057],[-110.91674558899996,37.148735180000074],[-110.93054672099998,37.14809937800004],[-110.94031491799996,37.14481087300004],[-110.94604763399997,37.141261002000078],[-110.95024490199995,37.139906556000028],[-110.98946319199996,37.13707714800006],[-110.99809738399995,37.135527757000034],[-111.00818356199994,37.129003354000076],[-111.02205996199996,37.123963502000038],[-111.03045026099994,37.123639123000032],[-111.08507026599995,37.125488505000078],[-111.09320863599999,37.11682602500008],[-111.09997762399996,37.11113578100003],[-111.10457298799997,37.109323110000048],[-111.10949292699996,37.109060398000054],[-111.11635184999994,37.110927484000058],[-111.12006770599999,37.114412353000034],[-111.12273479599997,37.117639767000071],[-111.12507692999998,37.119317016000025],[-111.13257972899999,37.119502815000033],[-111.13685362099994,37.118529005000028],[-111.13821969699995,37.115555763000032],[-111.14224029699994,37.108638696000071],[-111.14247557899995,37.10502073400005],[-111.15609377199996,37.098802015000047],[-111.16011174999994,37.091884365000055],[-111.16122193199999,37.082967936000045],[-111.16000030199996,37.077155515000072],[-111.16265254099994,37.07321128600006],[-111.17054743299997,37.070551605000048],[-111.17321515599997,37.073777771000039],[-111.18105093799994,37.080290738000031],[-111.18670873899998,37.085902227000076],[-111.19219810999999,37.08834827000004],[-111.19993655999997,37.087301806000028],[-111.20726629999996,37.084317506000048],[-111.21208903699994,37.078882447000069],[-111.21497688999995,37.073709148000034],[-111.21736018799999,37.061430677000033],[-111.21298207999996,37.05245926200007],[-111.20877496199995,37.046652803000029],[-111.20095299699994,37.04492220800006],[-111.18782030699998,37.046300426000073],[-111.18048225899997,37.04450305000006],[-111.17241680899997,37.041608065000048],[-111.17087454399996,37.03663612500003],[-111.17239519899999,37.032047365000039],[-111.17946478599998,37.023122173000047],[-111.19056704799999,37.016838695000047],[-111.19844856099996,37.011786991000065],[-111.20004853099999,37.007585365000068],[-111.20737679799998,37.006991302000074],[-111.21125497099996,37.011247923000042],[-111.21514720199997,37.020284725000067],[-111.21759754699997,37.03190808800008],[-111.22255412999999,37.045981534000077],[-111.22579553299994,37.051918542000067],[-111.23121653399994,37.058755603000066],[-111.23865426099997,37.065717540000037],[-111.24697067799997,37.069770135000056],[-111.25600920599999,37.07252853500006],[-111.26495798299999,37.072508592000077],[-111.27196414999997,37.070360663000031],[-111.27516677499995,37.06434530100006],[-111.27650854299998,37.05659008300006],[-111.27864370799995,37.04553837800006],[-111.25825427699999,37.045520667000062],[-111.25018562699995,37.042631215000029],[-111.24646721099998,37.039150719000077],[-111.24693479999996,37.034304759000065],[-111.25441296299999,37.02970216500006],[-111.26214428899999,37.028651483000033],[-111.26987539099997,37.027600276000044],[-111.27583756099995,37.027586330000076],[-111.28187276499995,37.025569311000027],[-111.27996934499998,37.021608565000065],[-111.26645566399998,37.011680367000054],[-111.26693742499998,36.99854080700004],[-111.37016482199999,36.999170206000031],[-111.37064692499996,36.99526079900005],[-111.37527762299999,36.988550546000056],[-111.38410862699999,36.987340024000048],[-111.39354935599994,36.985437514000068],[-111.40322169799998,36.981071901000064],[-111.40975814499996,36.986858057000063],[-111.41479778099995,36.99941321600005],[-111.41623081999995,37.002982505000034],[-111.42460000899996,37.006693559000041],[-111.43074068599998,37.00706464700005],[-111.43721723899995,37.001920286000029],[-111.43823463699999,36.999533780000036],[-111.44024416599996,36.994819559000064],[-111.44760308799999,36.993806616000029],[-111.45708790799995,36.999184763000073],[-111.46350123799999,36.999060684000028],[-111.46495020799995,36.99521485300005],[-111.46462307299998,36.987644627000066],[-111.46460562699997,36.98724089600006],[-111.46161254299994,36.979632069000047],[-111.46577178199999,36.973589548000064],[-111.47723363899996,36.969820818000073],[-111.49583143699999,36.965429638000046],[-111.50190415799995,36.959850158000052],[-111.49963878499995,36.951412183000059],[-111.49101295299994,36.949322606000067],[-111.48331745799999,36.94309319100006],[-111.47849786199998,36.93756025700003],[-111.47979305799998,36.933006076000026],[-111.49170341699994,36.931360754000025],[-111.50177287099996,36.929604076000032],[-111.50843523199995,36.924671576000037],[-111.50706717299994,36.918297534000033],[-111.50282551699996,36.91122721000005],[-111.50439286499994,36.903717886000038],[-111.50842225899999,36.901337155000078],[-111.48817952299999,36.828662893000057],[-111.48865976899998,36.803013883000062],[-111.48974791099994,36.743214238000064],[-111.49251583299997,36.646966698000028],[-111.49444033599997,36.580615292000061],[-111.49642653299998,36.498091162000037],[-111.30277896499996,36.497101413000053],[-111.11269187799996,36.495784721000064],[-111.00110482299999,36.494941359000052],[-111.00302219599996,36.405140738000057],[-111.00194018899998,36.214115299000071],[-111.00325494099997,35.963737803000072],[-111.00496443099996,35.726305489000026],[-111.00635880699997,35.641037449000066],[-111.00805224699997,35.537225298000067],[-111.00964070899994,35.488247169000033],[-110.95873998499997,35.487744584000041],[-110.62531300099994,35.489899133000051],[-110.59003355699997,35.490068563000079],[-110.12406000599998,35.489149544000043],[-110.01760612799995,35.488448603000052],[-110.01401406299999,35.662220129000048]],[[-108.53758474999995,35.761096421000047],[-108.54019695299996,36.204587202000027],[-108.53890393899997,36.429448573000059],[-108.53758474999995,35.761096421000047]]],[[[-109.07228448699999,40.172988405000069],[-109.07291283199999,40.239141740000036],[-109.27894207699995,40.243128609000053],[-109.27927346199999,40.335057002000042],[-109.34480074199996,40.336247482000033],[-109.82716510399996,40.343897122000044],[-109.80519822499997,40.364638881000076],[-109.78653726799996,40.372272378000048],[-109.77135400399999,40.379496333000077],[-109.75339345499998,40.390674783000065],[-109.74802123799998,40.399475081000048],[-109.74514688299996,40.408892134000041],[-109.74615029699999,40.413924094000038],[-109.74709392099999,40.418655528000045],[-109.75118729699994,40.427260603000036],[-109.76171922099996,40.432390357000031],[-109.77126852599997,40.438542236000046],[-109.77652778199996,40.447010796000029],[-109.77731843399994,40.456909059000054],[-109.77676973799998,40.466055346000076],[-109.77756063999999,40.475953494000066],[-109.77951412199997,40.485715970000058],[-109.78594044199997,40.494048256000042],[-109.79550038199994,40.500197964000051],[-109.80604665499999,40.50532357000003],[-109.81757901499998,40.509424821000039],[-109.82911273699995,40.513524946000075],[-109.84046934899999,40.516736556000069],[-109.85182700999997,40.51994707800003],[-109.86318572499994,40.523156510000035],[-109.87275652499994,40.529299902000048],[-109.87588796799997,40.538923948000047],[-109.88215346599998,40.558171618000074],[-109.88412399699996,40.567931879000071],[-109.88725876699999,40.577555393000068],[-109.88672362999995,40.586701504000075],[-109.89084427499995,40.59530088200006],[-109.89613004799997,40.603763332000028],[-109.90025287499998,40.612362291000068],[-109.90222749999998,40.622121915000037],[-109.90536723799994,40.631744621000053],[-109.90366936299995,40.641027314000041],[-109.89946169699999,40.649696274000064],[-109.90143727599997,40.65945567600005],[-109.91274175799998,40.679927397000029],[-109.92108743399996,40.69166315700005],[-109.92809014599999,40.702648148000037],[-109.92558785299997,40.713842045000035],[-109.92864978599994,40.728923402000078],[-109.93467141499997,40.740931899000032],[-109.94509682599994,40.756963910000024],[-109.94341343399998,40.778052851000041],[-109.96155721799994,40.78500161200003],[-109.97986716599996,40.781028266000078],[-110.00644477299994,40.78243444900005],[-110.02809694799998,40.788959629000033],[-110.05584551499999,40.790216802000032],[-110.08268361499995,40.787033232000056],[-110.11750339299999,40.781984872000066],[-110.14973411699998,40.781777814000066],[-110.16968271899998,40.78575625700006],[-110.19215060399995,40.790338849000079],[-110.21781588399995,40.787264558000061],[-110.25373264899997,40.78749646700004],[-110.28866816099998,40.788744691000034],[-110.31832891099998,40.793346547000056],[-110.34855078599998,40.800600368000062],[-110.38023097299998,40.797671835000074],[-110.41410139899995,40.788105140000027],[-110.50235293499998,40.747338163000052],[-110.52299014599998,40.737536184000078],[-110.54632739599998,40.729216816000076],[-110.57796640499998,40.726235752000036],[-110.62121859599995,40.727268992000063],[-110.65106431599997,40.732674526000039],[-110.67376264499995,40.732592565000061],[-110.69786453799998,40.722327290000067],[-110.73675591599999,40.697481478000043],[-110.75656251099997,40.689555589000065],[-110.78081014399999,40.685619531000043],[-110.81280171299994,40.684347855000055],[-110.84598113699997,40.672000797000067],[-110.86328386899999,40.647081860000071],[-110.90254118999997,40.569345381000062],[-110.90257433899995,40.547502069000075],[-110.89059755899996,40.536273925000046],[-110.88210696199997,40.524605444000031],[-110.87923034399995,40.511318924000079],[-110.88137955799999,40.499218431000031],[-110.88894503299997,40.484614197000042],[-110.90057087399998,40.466765920000057],[-110.91121568299997,40.455409917000054],[-110.92957552599995,40.452176208000026],[-110.96725029199996,40.45558978400004],[-111.01169212299999,40.462681360000033],[-111.04841094799997,40.467102429000079],[-111.08957786399998,40.470033200000046],[-111.12280917999999,40.463954169000033],[-111.15177718499996,40.454771479000044],[-111.18745236799998,40.427416778000065],[-111.20130818699994,40.409239878000051],[-111.20744307099994,40.39387888300007],[-111.21183079299999,40.376011135000056],[-111.21121202999996,40.362432347000038],[-111.20114093099994,40.34916443700007],[-111.19995357799996,40.338390899000046],[-111.20860710099998,40.329077148000067],[-111.22820279099994,40.304686495000055],[-111.23139940499999,40.297283816000061],[-111.22621956199998,40.225715843000046],[-111.21463637699998,40.216289011000072],[-111.20902528599999,40.206998633000069],[-111.21613269399995,40.201524401000029],[-111.22110833999994,40.191772573000037],[-111.22107490099995,40.180848633000039],[-111.21622980599994,40.169637954000052],[-111.20618560099996,40.156369109000025],[-111.20111949099999,40.133348048000073],[-111.19222231299995,40.114466103000041],[-111.18141282799996,40.097652938000067],[-111.16506344099997,40.093394590000059],[-111.11912483599997,40.094775405000064],[-110.99802193899995,40.104866104000052],[-110.98629772099997,40.094530631000055],[-110.96458765299997,40.076366390000032],[-110.94884459599996,40.058348756000044],[-110.93617952599999,40.043578669000055],[-110.93350353699998,40.031175934000032],[-110.93275086999995,40.016707437000036],[-110.94063560399997,40.003868038000064],[-110.95484998199998,39.99295029700005],[-110.96695135899995,39.977748646000066],[-110.97655110799997,39.967417033000061],[-110.98250310399999,39.956640958000037],[-110.98308347899996,39.942910772000062],[-110.98155167399995,39.935823799000048],[-110.98289780699997,39.92563700200003],[-110.98117706799997,39.912201414000037],[-110.97658031899999,39.901865458000032],[-110.97179090899999,39.896106099000065],[-110.97352013399995,39.887691055000062],[-110.97678128699994,39.880900430000054],[-110.95398608599999,39.868342634000044],[-110.92449205999998,39.85754754800007],[-110.89116937199998,39.850875342000052],[-110.86875715299999,39.85099869700008],[-110.85017297699994,39.852451765000069],[-110.81835820599997,39.858310713000037],[-110.80454381399994,39.865522251000073],[-110.79838320999994,39.875403563000077],[-110.79259871999994,39.887056907000044],[-110.78241636999996,39.894715275000067],[-110.76628974299996,39.902213090000032],[-110.72984194399999,39.908629089000044],[-110.70299516899996,39.910186862000046],[-110.67537120499998,39.913655676000076],[-110.65676641899995,39.915078221000044],[-110.63778677899995,39.914724966000051],[-110.61382907199999,39.913171016000035],[-110.60381000799998,39.92170033900004],[-110.59189097999996,39.926826376000065],[-110.57922480899998,39.928405120000036],[-110.57175700699997,39.926606082000035],[-110.56105614099994,39.920660423000072],[-110.55050733899998,39.921062951000067],[-110.54337652699996,39.926497839000035],[-110.53758206999998,39.932675822000078],[-110.53100633499997,39.940769681000063],[-110.51387581199998,39.949262394000073],[-110.49912487299997,39.946542249000061],[-110.47649644299997,39.945704397000043],[-110.46216010599994,39.939290463000077],[-110.44496876199997,39.930498913000065],[-110.42663004099995,39.921846802000061],[-110.40309003499999,39.916561048000062],[-110.38314347999994,39.917195380000067],[-110.34914027499997,39.924097405000055],[-110.31683149899999,39.933509513000047],[-110.29676830699998,39.94505416700008],[-110.27409617999996,39.96691413700006],[-110.27149309599997,39.977232817000072],[-110.27345470699998,40.009725759000048],[-110.27127286399997,40.016355910000073],[-110.24401659699998,40.050582435000081],[-110.22961892099994,40.066876146000027],[-110.22487843299996,40.078360390000057],[-110.20323949999994,40.088254353000025],[-110.16646199799999,40.09360866600008],[-110.13704059099996,40.094429260000027],[-110.08836744899997,40.098442358000057],[-110.08678258299994,39.479044957000042],[-110.01484704999996,39.478846960000055],[-109.07254476299994,39.472177678000037],[-109.07259914799994,39.551355429000068],[-109.07260276899996,39.556620012000053],[-109.07263823599999,39.608149987000047],[-109.07264518699998,39.618239785000071],[-109.07274993199997,39.769933034000076],[-109.07278227099994,39.816632478000031],[-109.07284887899999,39.912620980000042],[-109.07312745799999,39.95287120200004],[-109.07336451499998,40.001727546000041],[-109.07354693699995,40.039276806000032],[-109.07357382199996,40.044807353000067],[-109.07209253199994,40.086412969000037],[-109.07211821999999,40.098011563000057],[-109.07220404199995,40.136732658000028],[-109.07228448699999,40.172988405000069]]],[[[-102.44550089499995,43.001414423000028],[-102.08695858599998,43.001203384000064],[-101.22788980499996,43.001335076000032],[-100.76942548399995,42.999675674000059],[-100.69093757699994,42.999938664000069],[-100.64051822299996,43.000081355000077],[-100.34960597399999,43.000701311000057],[-100.17943403899994,42.997383103000061],[-99.842956199999946,42.998335198000063],[-99.661900498999955,43.002361869000026],[-98.953899607999972,43.015561971000068],[-98.958079753999982,43.238203274000057],[-98.968010916999958,43.238979411000059],[-98.987564074999966,43.245851391000031],[-99.002077863999943,43.252230444000077],[-99.027335029999961,43.266553655000052],[-99.052432496999984,43.284443828000065],[-99.081520873999978,43.30681757800005],[-99.096694037999953,43.322344292000025],[-99.111137632999942,43.340028003000043],[-99.119244857999945,43.356492492000029],[-99.126145269999938,43.364141688000075],[-99.139883837999946,43.374188969000045],[-99.153853758999958,43.389007115000027],[-99.174434755999982,43.408313971000041],[-99.198287701999959,43.429403950000051],[-99.20926611699997,43.43650854100008],[-99.225742988999968,43.440442649000033],[-99.245458484999972,43.442595013000073],[-99.269260436999957,43.446695811000041],[-99.293213279999975,43.450424846000033],[-99.307232686999953,43.454897589000041],[-99.318516604999957,43.461136934000081],[-99.322304516999964,43.46909434500003],[-99.322753096999975,43.487429640000073],[-99.328445473999977,43.506656654000039],[-99.328267920999963,43.514093215000059],[-99.535903739999981,43.517347934000043],[-99.537312210999971,43.630175888000053],[-99.538896255999987,43.756584807000081],[-99.547484058999942,43.774270735000073],[-99.547532058999991,43.775161235000041],[-99.554700138999976,43.782538945000056],[-99.567629679999982,43.78261758900004],[-99.576509017999967,43.776121537000051],[-99.57661535699998,43.766753808000033],[-99.577335972999947,43.757368401000065],[-99.577442164999979,43.748000383000033],[-99.589629364999951,43.745867972000042],[-99.592572018999988,43.754702755000039],[-99.592467968999983,43.764070684000046],[-99.592978339999945,43.773420854000051],[-99.598356457999955,43.781739389000052],[-99.610203402999957,43.784520326000063],[-99.618439825999985,43.777593785000079],[-99.617925807999939,43.768243783000059],[-99.619893653999952,43.759267924000028],[-99.626848353999947,43.751485522000053],[-99.638764886999979,43.755599648000043],[-99.641124841999954,43.764896226000076],[-99.64712278099995,43.773194935000049],[-99.652822305999962,43.765001783000059],[-99.654146309999987,43.755598001000067],[-99.660482382999987,43.747831598000062],[-99.669347870999957,43.741328603000056],[-99.680842082999959,43.737869529000079],[-99.690402810999956,43.743831986000032],[-99.686602334999975,43.752863408000053],[-99.679015358999948,43.760221908000062],[-99.670787478999955,43.767152623000072],[-99.663836317999937,43.774937261000048],[-99.663127840999948,43.784322890000055],[-99.673848302999943,43.788914584000054],[-99.686039945999937,43.786772947000031],[-99.694883154999957,43.779823345000068],[-99.698684050999987,43.770792074000042],[-99.702508946999956,43.76220578300007],[-99.708200629999965,43.754009967000059],[-99.717701553999973,43.747930677000056],[-99.724296659999936,43.755762467000068],[-99.72482568199996,43.765112220000049],[-99.732012517999976,43.772479904000079],[-99.744401859999982,43.77389426600007],[-99.756537598999955,43.770855296000036],[-99.762863061999951,43.763083918000063],[-99.763557096999989,43.753697403000047],[-99.753399533999982,43.748204255000076],[-99.741502489999959,43.744546212000046],[-99.736723403999974,43.736215000000072],[-99.744301170999961,43.728852719000031],[-99.756682572999978,43.730265969000072],[-99.767426226999987,43.735295310000026],[-99.779860447999965,43.73759672500006],[-99.792755752999938,43.737206934000028],[-99.80032737199997,43.729841279000027],[-99.805364458999975,43.72121401000004],[-99.814851686999987,43.715127034000034],[-99.82265704699995,43.722471420000034],[-99.833378545999949,43.727049940000029],[-99.845501548999948,43.724002127000063],[-99.856931329999952,43.719636349000041],[-99.867079656999977,43.714416960000051],[-99.85927030199997,43.707075245000055],[-99.856881660999989,43.697781919000079],[-99.867666380999992,43.692988634000073],[-99.879089318999945,43.688620615000048],[-99.890396564999946,43.692730244000074],[-99.890948638999987,43.702080245000047],[-99.890273287999946,43.711468251000042],[-99.898700471999973,43.718788869000036],[-99.911644261999982,43.719277276000071],[-99.92112138899995,43.713182238000059],[-99.934011065999982,43.71277789700008],[-99.945325877999949,43.716882405000035],[-99.958269636999944,43.717365997000059],[-99.970411905999981,43.714751264000029],[-99.982289320999939,43.717942543000049],[-99.992461266999953,43.723417399000027],[-100.00535250299998,43.723005726000054],[-100.01824357899994,43.722592726000073],[-100.03118898799994,43.723068780000062],[-100.04195236599998,43.728074624000044],[-100.05436734499995,43.729903639000042],[-100.06720447199996,43.728595247000044],[-100.08004108699998,43.727285537000057],[-100.09301552899996,43.728200375000029],[-100.10509893599999,43.724682289000043],[-100.11796187099998,43.723813859000074],[-100.12873195699996,43.728812241000071],[-100.14059156299999,43.731543274000046],[-100.15275725599997,43.72935609600006],[-100.16218536599996,43.722797782000043],[-100.17510361899997,43.722813806000033],[-100.18590616799997,43.728252435000059],[-100.19782479499997,43.731868352000049],[-100.20791949099998,43.726176345000056],[-100.22002490599999,43.723092319000045],[-100.23250108099995,43.725793990000057],[-100.24152459399994,43.732180304000053],[-100.25368704699997,43.729983332000074],[-100.26327809499998,43.726088253000057],[-100.26555203099997,43.732702532000076],[-100.27340961199997,43.740018540000051],[-100.28419412299996,43.745003420000046],[-100.29658991899998,43.746363268000039],[-100.30939625699995,43.744584992000057],[-100.32085714199997,43.741067329000032],[-100.33301858499999,43.738862691000065],[-100.34380741599995,43.743842451000035],[-100.34685102799995,43.752659255000026],[-100.35293658999996,43.760924123000052],[-100.36019306799994,43.768255683000064],[-100.37154384399997,43.772321285000032],[-100.38165934199998,43.767060753000067],[-100.37799632899998,43.75826646400003],[-100.38945592899995,43.754742609000061],[-100.40229114899995,43.753399954000031],[-100.41579957099998,43.752924501000052],[-100.42866384599995,43.752024224000081],[-100.44223186999994,43.752436077000027],[-100.45466242999998,43.754225348000034],[-100.46761705799997,43.754656285000067],[-100.47949528299995,43.757355114000063],[-100.48854703399996,43.763723287000062],[-100.50045818899997,43.76686514000005],[-100.51332402399999,43.765956197000037],[-100.51820334099995,43.77425708700008],[-100.51700242799996,43.783669278000048],[-100.53002454499995,43.784983811000075],[-100.54138847599995,43.780111133000048],[-100.55149158199998,43.774836979000042],[-100.55152394199996,43.784204869000064],[-100.55032761199999,43.793617224000059],[-100.55760966099996,43.800936946000036],[-100.57383191799994,43.803915202000042],[-100.58676605199997,43.80388879000003],[-100.59742133399999,43.797698652000065],[-100.60113039199996,43.789085752000062],[-100.60483847899997,43.780472619000079],[-100.61699762999996,43.77824058300007],[-100.62943778599998,43.780012445000068],[-100.64184720999998,43.781338065000057],[-100.65542256999998,43.781726825000078],[-100.66290247499995,43.774309930000072],[-100.66181535699997,43.767657685000074],[-100.67164040799997,43.767291718000081],[-100.68453561999996,43.766810218000046],[-100.69807645999998,43.766749366000056],[-100.71103509499994,43.767155142000036],[-100.72127489199994,43.77257022100008],[-100.72799142699995,43.780348419000063],[-100.74053116199997,43.78344419900003],[-100.75410752999994,43.78382227700007],[-100.76484050199997,43.778952657000048],[-100.77360046799998,43.772372378000057],[-100.78656066799994,43.772770344000037],[-100.79066790299999,43.786891966000042],[-100.79131451999996,43.787313447000031],[-100.80098227999997,43.79319027400004],[-100.81417474499995,43.79670004500008],[-100.82665632499999,43.798897237000062],[-100.83907324999996,43.800203300000078],[-100.84098974799997,43.809499514000038],[-100.84352126699997,43.818771821000041],[-100.85261662399995,43.825113016000046],[-100.86400746999999,43.829133605000038],[-100.86469901699996,43.838476675000038],[-100.87438085199994,43.844347343000038],[-100.88629183999996,43.847007208000036],[-100.88637192499999,43.856373823000069],[-100.89489489399995,43.863180378000038],[-100.90787371299996,43.863565749000031],[-100.91598252399996,43.856555632000038],[-100.91651294199994,43.847164949000046],[-100.92461880799999,43.840154080000048],[-100.93745954399998,43.838756857000078],[-100.95043379199996,43.839137847000075],[-100.95776533599997,43.84643372000005],[-100.96161150799998,43.856544202000066],[-100.96474309799999,43.865344152000034],[-100.97669524899999,43.868440202000045],[-100.98960798899998,43.867927420000058],[-101.00248664399999,43.866968463000035],[-101.01276593699998,43.872358817000077],[-101.02359381999997,43.876834000000031],[-101.03643960899996,43.875426742000059],[-101.04672300499999,43.880814240000063],[-101.05871609699994,43.884347226000045],[-101.07081019099996,43.88118197700004],[-101.08362137899996,43.879325086000051],[-101.09571334899994,43.876157413000044],[-101.10492301299996,43.865748351000036],[-101.13796091299997,43.861450976000071],[-101.14338568099998,43.862092856000061],[-101.15575087399998,43.859857004000048],[-101.16354243499995,43.852623178000044],[-101.16947919799998,43.844600978000074],[-101.18044631299995,43.839827464000052],[-101.20536967899994,43.837931247000029],[-101.21252406899998,43.830288114000041],[-101.22152986499998,43.823431566000068],[-101.22831515999997,43.824080796000032],[-101.23415953499995,43.82463346000003],[-101.24524560499998,43.828923591000034],[-101.25791122399994,43.830553774000066],[-101.26890410499999,43.82620311200003],[-101.26814453999998,43.816727946000071],[-101.27714268199998,43.809867254000039],[-101.29036550799998,43.811038479000047],[-101.30250353099996,43.813550689000067],[-101.31509794999994,43.814313773000038],[-101.32566254999995,43.819483450000064],[-101.33783845599999,43.822422880000033],[-101.35011943599994,43.819306405000077],[-101.36271550799995,43.820064703000071],[-101.37272513799996,43.825686470000051],[-101.38525210699999,43.825581184000043],[-101.39753142799998,43.822460087000024],[-101.40915171099999,43.825848843000074],[-101.42174971199995,43.826601207000067],[-101.43483598599994,43.826034605000075],[-101.44743431699999,43.826784392000036],[-101.45999715099998,43.827102281000066],[-101.47097606399996,43.822733907000043],[-101.47200738299995,43.813612697000053],[-101.46310883399997,43.807085613000027],[-101.46295187699997,43.798016075000078],[-101.47532996199999,43.796179184000039],[-101.48696907399994,43.792644510000059],[-101.49860693699998,43.78910873600006],[-101.51087406999994,43.785976362000042],[-101.52317620899998,43.783273417000032],[-101.53544108699998,43.780138610000051],[-101.54770479599995,43.777002588000073],[-101.56063446399997,43.774700249000034],[-101.57296894199999,43.772423013000036],[-101.58526599599998,43.769713918000036],[-101.59489207199994,43.763664725000069],[-101.60728989199998,43.769162084000072],[-101.60736332199997,43.770023344000037],[-101.61902190899997,43.773823581000045],[-101.63131732799997,43.771109978000027],[-101.64027132999996,43.764222780000068],[-101.64614197099996,43.75617697000007],[-101.65078611899997,43.747753776000025],[-101.66366936599997,43.745010070000035],[-101.67621761199996,43.74530635800005],[-101.68887767099994,43.746893258000057],[-101.70053686199998,43.750686060000078],[-101.71219739699995,43.754477755000039],[-101.72434095099999,43.756949368000051],[-101.73596641299997,43.760308210000062],[-101.74707417399998,43.764554411000063],[-101.75865535999998,43.760563765000029],[-101.77109364799998,43.759558771000059],[-101.77830947599995,43.767007914000033],[-101.78942109499997,43.771250315000032],[-101.80272104899996,43.773228753000069],[-101.81497068899995,43.770066574000055],[-101.82327310099998,43.762763326000027],[-101.83563440999995,43.760890791000065],[-101.84515769499995,43.767364171000054],[-101.85679114699997,43.770711750000032],[-101.86915299299994,43.768835935000027],[-101.88009493699997,43.764431393000052],[-101.89036425599994,43.759192708000057],[-101.90280025999999,43.758174648000079],[-101.91447373399996,43.761947473000077],[-101.92559325799999,43.766177839000079],[-101.93810778599999,43.76601736300006],[-101.94900570299995,43.761176253000031],[-101.95994102899999,43.756764689000079],[-101.97218003899997,43.753587072000073],[-101.98453537599994,43.751699831000053],[-101.99613911799997,43.748117709000041],[-102.00774159899998,43.744534492000071],[-102.02155772499998,43.745600246000038],[-102.03268135699994,43.749821227000041],[-102.04432121399998,43.753151499000069],[-102.05703118899999,43.755131692000077],[-102.06863158899995,43.751542881000034],[-102.07880431699999,43.745427650000067],[-102.08648058099999,43.73813554600008],[-102.08920638299998,43.728921552000031],[-102.10022180699997,43.744818063000025],[-102.10081562199997,43.744789120000064],[-102.11336564199996,43.745041644000025],[-102.12293945999994,43.738951769000039],[-102.13540815599998,43.738341100000071],[-102.14799730899995,43.739020649000054],[-102.15756705099994,43.732928069000025],[-102.16915805999997,43.729329828000061],[-102.18150317499999,43.727423103000035],[-102.19376653499995,43.724654193000049],[-102.20206174799995,43.717755867000051],[-102.20929014099994,43.712207296000031],[-102.75322573999995,43.702988895000033],[-102.79665415899996,43.702150943000049],[-102.80196137099995,43.69456552500003],[-102.80815085499995,43.692315594000036],[-102.81726796899994,43.689000591000081],[-102.82006612499998,43.686187435000079],[-102.82862183499998,43.677583901000048],[-102.84422637799997,43.673333390000039],[-102.85119995299999,43.669675650000045],[-102.86086924399996,43.66623342400004],[-102.87719738399994,43.670552589000067],[-102.89403635599996,43.673309686000039],[-102.89860648499996,43.671818637000058],[-102.90551483199994,43.66956427100007],[-102.91742541499997,43.660527869000077],[-102.92605765099995,43.648560075000034],[-102.93358255199996,43.629232151000053],[-102.93803970999994,43.625043761000029],[-102.94305787499997,43.620327332000045],[-102.95539592099999,43.617342457000063],[-102.97208646899998,43.618134999000063],[-102.98387880999996,43.617475842000033],[-102.99924246199998,43.613753020000047],[-103.00238189199996,43.61299200600007],[-103.01253602799994,43.604378118000056],[-103.01379563699999,43.586495576000061],[-103.01474645699994,43.558286992000035],[-103.01486811599995,43.45541711900006],[-103.01568097199998,43.299608954000064],[-103.01476064299999,42.999616524000032],[-102.99423753899998,42.999726826000028],[-102.66002563799998,43.001044222000075],[-102.66013486599996,42.921838499000046],[-102.44480927899997,42.921548253000026],[-102.44550089499995,43.001414423000028]]],[[[-100.34990041099996,45.05952405000005],[-100.35443325199998,45.06261818400003],[-100.36641456699999,45.074260024000068],[-100.37228477199994,45.087786941000047],[-100.36728263299995,45.102904219000038],[-100.36100749399998,45.115166332000058],[-100.35757008699994,45.12701682900007],[-100.35251008999995,45.141771837000078],[-100.34314756999999,45.15867329200006],[-100.33301197499998,45.17617122200005],[-100.32577163099995,45.188709609000057],[-100.32044922099999,45.211760846000061],[-100.31939125999997,45.22609088300004],[-100.31523809599997,45.236522136000076],[-100.31171742499998,45.250362202000076],[-100.31408077299994,45.261431681000033],[-100.31689310799999,45.264972857000032],[-100.32159994599999,45.270898440000053],[-100.33545105699994,45.284153308000043],[-100.34821173699999,45.29915842500003],[-100.35705343999996,45.311560322000048],[-100.35716615099994,45.311718380000059],[-100.35543901699998,45.322066882000058],[-100.35140174599996,45.334208153000077],[-100.34299198299999,45.347639723000043],[-100.33344155999998,45.356249926000032],[-100.32105668199995,45.370956032000038],[-100.31891749599998,45.381316277000053],[-100.31641140599999,45.392260080000028],[-100.32051572199998,45.39898127500004],[-100.32905455699995,45.411268891000077],[-100.33239035499997,45.418586848000075],[-100.33576558099998,45.426474828000039],[-100.34105023599994,45.432583800000032],[-100.34739571699998,45.436370695000051],[-100.35297080999999,45.44075478700006],[-100.35860499099994,45.445993886000053],[-100.36696259999997,45.455426815000067],[-100.37387308799998,45.461479201000031],[-100.38142462699994,45.470938330000081],[-100.38922692799997,45.478102467000042],[-100.39683474499998,45.48241534400006],[-100.40154777099997,45.485969295000075],[-100.40510444599994,45.490419726000027],[-100.40831532999994,45.495739030000038],[-100.41655744099995,45.509172258000035],[-100.43861851899999,45.516701896000029],[-100.51054170699996,45.516495983000027],[-100.52588618899995,45.520816663000062],[-100.52986457399999,45.527726512000072],[-100.53330467999996,45.533700061000047],[-100.53573678199996,45.550757906000058],[-100.53212436099994,45.568598555000051],[-100.51154370299997,45.588174152000079],[-100.48963648499995,45.600649390000058],[-100.47832370899994,45.607611982000037],[-100.47458608199997,45.629737227000078],[-100.47707499699999,45.659358218000079],[-100.47210656599998,45.669812620000073],[-100.45590200299995,45.676940467000065],[-100.44892464199995,45.678352742000072],[-100.43380406799997,45.681411750000052],[-100.40633916799999,45.684919337000053],[-100.39337748699995,45.691632584000047],[-100.39217595699995,45.692254751000064],[-100.37578038599997,45.696807842000055],[-100.37207570599998,45.714068226000052],[-100.36903032299995,45.735017949000053],[-100.38838687199996,45.755496151000045],[-100.41360527799998,45.772059521000074],[-100.41873692099995,45.781307986000058],[-100.42031343799994,45.798101195000072],[-100.42625313399998,45.801325226000074],[-100.43198493899996,45.807411395000031],[-100.43797666099994,45.817200219000028],[-100.44030335699995,45.827113956000062],[-100.43757533899998,45.864037453000037],[-100.43678128699997,45.876055116000032],[-100.44315683299999,45.879548672000055],[-100.45026871199997,45.881874776000075],[-100.46170653099995,45.881768241000032],[-100.47200132199998,45.882841967000047],[-100.48043862199995,45.88654828500006],[-100.48812172899994,45.891136543000073],[-100.49429563699994,45.897489384000039],[-100.50012351799995,45.904710282000053],[-100.50205515399995,45.914634980000073],[-100.50680616599999,45.918181565000054],[-100.51663873699994,45.918411504000062],[-100.52775641299996,45.919452393000029],[-100.53695672899994,45.922272044000067],[-100.55034140399994,45.932081470000071],[-100.56007744099998,45.942302786000027],[-100.56700207899996,45.954353651000076],[-100.56832944899998,45.955951034000066],[-100.57506994099998,45.964061128000026],[-100.58371353099994,45.97603123500005],[-100.58833361899997,45.983289943000045],[-100.59185335799998,45.992299780000053],[-100.59815096099999,46.000069650000057],[-100.60636852699997,46.006058729000074],[-100.62782084499997,46.008152820000078],[-100.63892040199994,46.014711137000063],[-100.64533592999999,46.023045233000062],[-100.64767487599994,46.031643239000061],[-100.64669130499999,46.039170311000078],[-100.64305185699999,46.047743166000032],[-100.64218942399998,46.056930374000046],[-100.64708494199999,46.065436703000046],[-100.65985988699998,46.076515350000079],[-100.67092061899996,46.101328100000046],[-100.67535866299994,46.11971776300004],[-100.67654591399997,46.14036304900003],[-100.67232999599997,46.159655109000028],[-100.66367306699999,46.17446820400005],[-100.65664475799997,46.181257216000063],[-100.63465740199996,46.215085247000047],[-100.63258558699994,46.217991704000042],[-100.62161509199996,46.233376363000048],[-100.61534581799998,46.248336158000029],[-100.61534716799997,46.24836192500004],[-100.61577434099996,46.256522073000042],[-100.62084402099998,46.264900645000068],[-100.62190741899997,46.267275917000063],[-100.62555896799995,46.275430718000052],[-100.62660647399997,46.28502039500006],[-100.62564754399995,46.294841659000042],[-100.62562837699994,46.295037924000042],[-100.62200610899998,46.304078931000049],[-100.61428614599998,46.313382800000056],[-100.60936546199997,46.318784780000044],[-100.60476986899994,46.333325119000051],[-100.60386519199994,46.360805822000032],[-100.60891213999997,46.373461205000069],[-100.61425421599995,46.387769095000067],[-100.61880919799995,46.407688113000063],[-100.62401999199994,46.422474385000044],[-100.63160997099999,46.439195709000046],[-100.63275656899998,46.447508398000025],[-100.63993658399994,46.444214153000075],[-100.65287115899997,46.445190653000054],[-100.66516983899999,46.448769795000032],[-100.67845561999997,46.448870897000063],[-100.68837437399998,46.442780886000037],[-100.70159464199998,46.442021478000072],[-100.71385250399999,46.445023988000059],[-100.72680993299997,46.446279261000029],[-100.74653282499997,46.438665270000058],[-100.74945500599995,46.436646375000066],[-100.75095790799998,46.432127729000058],[-100.75465497099998,46.428167336000058],[-100.75709310299999,46.423827220000078],[-100.76016009199998,46.419676792000075],[-100.76684002899998,46.418584030000034],[-100.77355196899998,46.417914947000043],[-100.77604555499994,46.419369304000043],[-100.77869878499996,46.420916639000041],[-100.78067937399999,46.422753961000069],[-100.78266822799998,46.424598804000027],[-100.78692857199997,46.428057632000048],[-100.79180260999999,46.431493915000033],[-100.79695140799998,46.434494789000041],[-100.80319747799996,46.435754606000046],[-100.80755339099994,46.432406327000081],[-100.81321650199999,46.430072920000043],[-100.81789433999995,46.426925010000048],[-100.82231136199994,46.424125050000043],[-100.82287828099999,46.423765647000039],[-100.82782911899994,46.420182065000063],[-100.83218263999998,46.416832836000026],[-100.83887735899998,46.415948409000066],[-100.84565368899996,46.416123652000067],[-100.84999799399998,46.417804170000068],[-100.85167428099999,46.418452548000062],[-100.85566423999995,46.422344527000064],[-100.85755787199997,46.426951749000068],[-100.85943537199995,46.431346897000026],[-100.86428077299996,46.434356481000066],[-100.87119077099999,46.436226318000081],[-100.87803527899996,46.437247834000061],[-100.88335660699994,46.434498849000079],[-100.88738505999999,46.43094732600008],[-100.89336817699996,46.42881103600007],[-100.89672834099997,46.427854503000049],[-100.89938397699996,46.427098442000045],[-100.90614510999995,46.427058572000078],[-100.90775448799997,46.428340165000066],[-100.91073558299996,46.430713893000075],[-100.91411676599995,46.434626907000052],[-100.92015828399997,46.437164536000068],[-100.92669706699996,46.438195006000058],[-100.93368267999995,46.43708231200003],[-100.93896819899999,46.433907110000064],[-100.93826133899995,46.428831058000071],[-100.93757126699995,46.423966924000069],[-100.93763073999997,46.422835212000052],[-100.93781755199996,46.419280128000025],[-100.93991950299994,46.41473607000006],[-100.94202114899997,46.41019192400006],[-100.94800043299995,46.408053034000034],[-100.95504922699996,46.40778709600005],[-100.96177474599995,46.40732037500004],[-100.96546108099994,46.406592364000062],[-100.96843307799998,46.406005339000046],[-100.97245489599999,46.402450953000027],[-100.97331979699999,46.400679753000077],[-100.97457056999997,46.398118142000044],[-100.97637955799996,46.393796870000074],[-100.97478459199999,46.389179359000082],[-100.97167487799999,46.384831838000025],[-100.97535524799997,46.380864772000052],[-100.97969818399997,46.37751032400007],[-100.98433013999994,46.373932058000037],[-100.98675031399995,46.369587097000078],[-100.98917015099994,46.36524204300008],[-100.99189588999997,46.360885240000073],[-100.99559043199997,46.35712938100005],[-101.00088297599996,46.354163063000044],[-101.00619190599997,46.351408525000068],[-101.01218032499997,46.349478414000032],[-101.01852531399999,46.348172353000052],[-101.02502256199995,46.34877412700007],[-101.02517363599998,46.348819392000053],[-101.03131557599994,46.350659417000031],[-101.03817035599997,46.351884827000049],[-101.04466817499997,46.352485625000043],[-101.05067254899996,46.350765774000081],[-101.05434594399998,46.34679615400006],[-101.05738955399994,46.342637999000033],[-101.05729535799998,46.341466973000081],[-101.05699732799997,46.337761622000073],[-101.05271123599994,46.33409875600006],[-101.04811956899994,46.330447505000052],[-101.04412354199997,46.326560474000075],[-101.04254230999999,46.322155032000069],[-101.03943122999999,46.317808382000067],[-101.04121646399994,46.313273309000067],[-101.04363038099996,46.308926636000081],[-101.04764175199995,46.305369078000069],[-101.05323342999998,46.302388472000075],[-101.05756680599995,46.299030787000049],[-101.06188266199996,46.295460891000062],[-101.06398858799997,46.291125473000079],[-101.06702887399996,46.286966514000028],[-101.06803033099999,46.284162593000076],[-101.06889014799998,46.283221150000031],[-101.07225913599996,46.279531989000077],[-101.07800131099998,46.278458563000072],[-101.09424371999995,46.278252995000059],[-101.09755539999998,46.278219849000038],[-101.10895698099995,46.278105091000043],[-101.11836346299998,46.273057907000066],[-101.12775629199996,46.271626719000039],[-101.14122752899999,46.271311051000055],[-101.15134599799995,46.26750966000003],[-101.16172951099998,46.263556363000077],[-101.16443355799998,46.262526634000039],[-101.17381584599997,46.257263227000067],[-101.17729239399995,46.254785651000077],[-101.17436700399998,46.252773998000066],[-101.16894427099999,46.250222742000062],[-101.16436937199995,46.246786849000046],[-101.16098273899996,46.242878439000037],[-101.15968367799996,46.238249379000081],[-101.15930155599995,46.233584098000051],[-101.15985353899998,46.229094665000048],[-101.16069361299998,46.224381060000042],[-101.16498113699998,46.22059504300006],[-101.17054234699998,46.217396738000048],[-101.17649558199997,46.215246415000081],[-101.18277133099997,46.213295770000059],[-101.18875868299995,46.211569003000079],[-101.19510361299996,46.210466021000059],[-101.20150242399995,46.209599075000028],[-101.20177128299997,46.209562642000037],[-101.20876174199998,46.208858819000056],[-101.21507095199996,46.207330728000045],[-101.22137985799998,46.205802328000061],[-101.22666665699995,46.203037855000048],[-101.22730028499996,46.202605792000043],[-101.23130697399995,46.199873460000049],[-101.23623460099998,46.196484574000067],[-101.23645780299995,46.191794569000081],[-101.23698631699995,46.187092275000055],[-101.23783768999999,46.182589764000056],[-101.24023305899999,46.178238069000031],[-101.24106645399996,46.173523358000068],[-101.24374887799996,46.168947174000039],[-101.24366619399996,46.164269091000051],[-101.24512720099995,46.159741774000054],[-101.25069664399996,46.156751673000031],[-101.25701730699996,46.155433452000068],[-101.26330231799994,46.153690747000041],[-101.26998073299995,46.152995855000029],[-101.27672995999995,46.153148964000081],[-101.27697159499996,46.153178773000036],[-101.28322733599998,46.15395032400005],[-101.28968930799999,46.154327193000029],[-101.29640311199995,46.154055120000066],[-101.30313468699995,46.153994784000076],[-101.30947182999995,46.152886100000046],[-101.31607816199994,46.151340524000034],[-101.32202020599999,46.149183234000077],[-101.32760298599999,46.14640186500003],[-101.45477964799994,46.122847231000037],[-101.46112934699994,46.12194319200006],[-101.46761849499995,46.119117377000066],[-101.47288724799995,46.11634237800007],[-101.47946734299995,46.11457633200007],[-101.48612079699996,46.113658256000065],[-101.49282941799999,46.113376070000072],[-101.49689653199994,46.113075425000034],[-101.49951950399998,46.112881464000054],[-101.50581206899994,46.111339002000079],[-101.50946140499997,46.107566403000078],[-101.51181032199997,46.10513783600004],[-101.51311030699998,46.103793667000048],[-101.51805237899998,46.10081754600003],[-101.51977856799999,46.096061502000055],[-101.52340763899997,46.09207629000008],[-101.52933702199994,46.089909271000067],[-101.53560798199999,46.088153203000047],[-101.54263709199995,46.088067590000037],[-101.54833735899996,46.088389053000071],[-101.54909385099995,46.088431696000043],[-101.55555068299998,46.088795483000069],[-101.56152872199999,46.090669494000053],[-101.56752581399996,46.092755300000078],[-101.57325590799996,46.095277992000035],[-101.57725106299995,46.09893898100006],[-101.57975983399996,46.103089153000042],[-101.58318359799995,46.107200100000057],[-101.58658903899999,46.111098852000055],[-101.59115824199995,46.114309042000059],[-101.59601404199998,46.117293914000072],[-101.60144255399996,46.119828293000069],[-101.60748141199997,46.122336229000041],[-101.61375026299999,46.123982541000032],[-101.62026775399994,46.124979256000074],[-101.62682326599997,46.12639974700005],[-101.63284482999995,46.128694420000045],[-101.63798975199995,46.131452419000027],[-101.64344012999999,46.134197011000026],[-101.64887199499998,46.136729314000036],[-101.65316018499999,46.140162373000067],[-101.65477942999996,46.144562342000029],[-101.65761919599998,46.148909376000063],[-101.66015425899997,46.153269528000067],[-101.66267063599997,46.157417554000062],[-101.66612179099997,46.161737807000065],[-101.66896310999994,46.166084412000032],[-101.67270126999995,46.170179135000069],[-101.67785131299996,46.172935282000026],[-101.68357397599999,46.175240622000047],[-101.68929705399995,46.177545698000074],[-101.69528746099996,46.179413179000051],[-101.70183113299998,46.180617705000031],[-101.70814662499998,46.182683275000045],[-101.71415729499995,46.184761877000028],[-101.72064415999995,46.185329425000077],[-101.72741711699996,46.185671267000032],[-101.73388490999997,46.186026152000068],[-101.74060008999999,46.185731298000064],[-101.74765909999996,46.185846677000029],[-101.75340483199994,46.188360888000034],[-101.75884576699997,46.190888285000028],[-101.76489766899999,46.193388506000076],[-101.77091122599995,46.195464447000063],[-101.77690574499997,46.197328108000079],[-101.78314754499996,46.198542007000071],[-101.78967539999996,46.199530092000032],[-101.79635275599998,46.198808410000026],[-101.80262707999998,46.197040002000051],[-101.80922585999997,46.195469703000072],[-101.81519423499998,46.193714247000059],[-101.82179235299998,46.192143302000034],[-101.82846855999998,46.191419967000058],[-101.83480012599995,46.190285947000064],[-101.84182051599998,46.189972271000045],[-101.84853560599998,46.189671881000038],[-101.85525063399996,46.189371146000042],[-101.86261547999999,46.189466645000039],[-101.86963564099995,46.189151476000063],[-101.87598600199999,46.188227440000048],[-101.88266117199998,46.187501333000057],[-101.88929657399996,46.186350924000067],[-101.89554722499997,46.184366025000031],[-101.90141291299994,46.181546680000054],[-101.90413206599999,46.180174535000049],[-101.90697291199996,46.178740851000043],[-101.91287733399997,46.176344920000076],[-101.91910634899995,46.174146864000079],[-101.92435978499998,46.171354072000042],[-101.92798754699999,46.16757037900004],[-101.92937958999994,46.162823596000067],[-101.93046636299994,46.158090598000058],[-101.93002779199998,46.153426811000031],[-101.92928426899994,46.148776822000059],[-101.93102065999994,46.144439944000055],[-101.93306178399996,46.140089136000029],[-101.93479767699995,46.135752115000059],[-101.94117261399998,46.128649002000031],[-101.94510181299995,46.124850558000048],[-101.94872566199996,46.121065858000065],[-101.95106966599997,46.116700622000053],[-101.95373818099995,46.11253339700005],[-101.95671115899995,46.108352158000059],[-101.95781496099994,46.103830316000028],[-101.95981289499997,46.099054627000044],[-101.96244004299996,46.094463011000073],[-101.96638587399997,46.090875628000049],[-101.97161024899998,46.087868350000065],[-101.97652943199995,46.084874805000027],[-101.98156865199996,46.083153176000053],[-101.99160311999998,46.082479565000028],[-101.99978485599996,46.081243239000059],[-102.00578182999999,46.080336689000035],[-102.01404997399999,46.077187274000039],[-102.02180635499997,46.075145718000044],[-102.01961180299998,46.016667737000034],[-101.99730599999998,45.471570000000042],[-101.99536349899995,44.758944229000065],[-101.99443011499994,44.526197782000054],[-101.95938001799999,44.532265124000048],[-101.95328589699994,44.540743381000027],[-101.94136908899998,44.544032614000059],[-101.92956555199999,44.540215730000057],[-101.91781298299998,44.536941537000075],[-101.91480427399995,44.545819786000038],[-101.91022413299999,44.554224860000033],[-101.89729495899996,44.554826297000034],[-101.88421759899995,44.553794989000039],[-101.87315394099994,44.558130090000077],[-101.86380671699999,44.56456915900003],[-101.85087505799999,44.565165862000072],[-101.83978470899996,44.560761915000057],[-101.82785849299995,44.564040375000047],[-101.82640667399994,44.573390024000048],[-101.81705262199995,44.579825466000045],[-101.80421482799994,44.581505022000044],[-101.79179736199995,44.579341846000034],[-101.77928381499999,44.57608979500003],[-101.76563655699994,44.577256270000078],[-101.75546670799997,44.583177855000031],[-101.74362845099995,44.58753592100004],[-101.75262663599995,44.594226742000046],[-101.76015266699994,44.601529690000064],[-101.76097409099998,44.610774348000064],[-101.74908293899995,44.614588897000033],[-101.73614027199994,44.615173871000081],[-101.73008981099997,44.607257219000076],[-101.71828723299996,44.60342118300008],[-101.70729980499999,44.608829064000076],[-101.70111776999994,44.616750139000033],[-101.68917427699995,44.620015231000025],[-101.67613474599995,44.61950646400004],[-101.66371429199995,44.617330941000034],[-101.62469291099995,44.616880480000077],[-101.59894513999996,44.619655349000027],[-101.57277434999997,44.61753026100007],[-101.56102587299995,44.614223581000033],[-101.55061511199995,44.608673768000074],[-101.53815449299998,44.605942063000043],[-101.51217617699996,44.60598000400006],[-101.49923313599999,44.606540885000072],[-101.48728139999997,44.609787083000072],[-101.48107243899995,44.617697427000053],[-101.48568326799995,44.636058066000032],[-101.45983033199997,44.637716936000061],[-101.45204590199995,44.645146986000043],[-101.45291822099995,44.653569268000069],[-101.45055402299994,44.663769119000051],[-101.44675908299996,44.673210506000032],[-101.43398458599995,44.675940064000031],[-101.42008262399997,44.674349970000037],[-101.41067378099996,44.68075420100007],[-101.40682662499995,44.689650240000049],[-101.39328478499999,44.692408023000041],[-101.38027827999997,44.692412862000026],[-101.36910808499994,44.686881287000062],[-101.35623764999997,44.688515254000038],[-101.35471505099997,44.697857139000064],[-101.35085919999995,44.706751189000045],[-101.34143881299997,44.71314989800004],[-101.32901173399995,44.710942120000027],[-101.31793208099998,44.706493970000054],[-101.30496731999995,44.70703498000006],[-101.29796406799994,44.714966660000073],[-101.28986864199999,44.716336032000072],[-101.28513067499995,44.717137209000043],[-101.27337887699997,44.713804631000073],[-101.26036808099997,44.713797228000033],[-101.25412147599997,44.721694874000036],[-101.24868039399996,44.730104503000064],[-101.23924652399995,44.736495361000038],[-101.22631903799999,44.737572190000037],[-101.21347877099998,44.739735428000074],[-101.20148819999997,44.742953924000062],[-101.18949643799999,44.746171271000037],[-101.17665323899996,44.74833076300007],[-101.16635945899998,44.753659294000045],[-101.16323778299994,44.762515716000053],[-101.16397601199998,44.771761120000065],[-101.15367746299995,44.777088380000066],[-101.14257035599996,44.781901726000058],[-101.13392533499996,44.788797152000029],[-101.12212523799997,44.78490726900003],[-101.11609109499994,44.776420384000062],[-101.10641305399997,44.770261546000029],[-101.09343379199998,44.770780967000064],[-101.08559137599997,44.778186613000059],[-101.07243968999995,44.776528441000039],[-101.05933123199998,44.775412781000057],[-101.04630811499999,44.775383530000056],[-101.03515221799995,44.769823617000043],[-101.02225695499999,44.771423570000081],[-101.01279473899996,44.777797133000036],[-101.00082923599996,44.781540393000057],[-100.98784687399996,44.782049060000077],[-100.97583728199999,44.785246059000031],[-100.96386826599996,44.788985797000066],[-100.95439773299995,44.795354804000056],[-100.94573087899994,44.802237283000068],[-100.93481165599997,44.809751666000068],[-100.93408915399999,44.810325105000061],[-100.92114191099995,44.811370834000058],[-100.91440907999998,44.803448247000063],[-100.90266079899999,44.800082088000067],[-100.88967395299994,44.800580749000062],[-100.88812274399999,44.739490859000057],[-100.65752882299995,44.738442055000064],[-100.65765436799995,44.739631952000025],[-100.66385024799996,44.745495146000053],[-100.66663354499997,44.748128531000077],[-100.68336943099996,44.752761832000033],[-100.69587687799998,44.75444815600008],[-100.71154557999995,44.75816308900005],[-100.73176531999997,44.76456945800004],[-100.75075820599994,44.77244952500007],[-100.76585328599998,44.781903687000067],[-100.76664978499997,44.782768529000066],[-100.77604786199998,44.792970779000029],[-100.77961693599997,44.805000950000078],[-100.78109442699997,44.815916697000034],[-100.77741864099994,44.825117327000044],[-100.77045259599998,44.830624847000081],[-100.76116309399998,44.836457085000063],[-100.75596259599996,44.837360027000045],[-100.74891781999997,44.83858280100003],[-100.73579392999994,44.837878120000028],[-100.71934499699995,44.837533599000039],[-100.70261922099996,44.833381485000075],[-100.68756676999999,44.829165759000034],[-100.65063946599997,44.804999572000042],[-100.63094028299997,44.791884082000081],[-100.61502481399998,44.780059546000075],[-100.59798234099998,44.77113558700006],[-100.58642545899994,44.768690007000032],[-100.57584023499999,44.770501428000046],[-100.57014843099995,44.77523698300007],[-100.56718890199994,44.781189700000027],[-100.56604375599994,44.783492686000045],[-100.56402638399999,44.792865798000037],[-100.55480861699999,44.804642326000078],[-100.54802730099999,44.817761757000028],[-100.54164425399995,44.827050824000025],[-100.53357117799999,44.836160929000073],[-100.52343952799998,44.842036352000036],[-100.52262119099998,44.842510828000059],[-100.50063188599995,44.854018266000026],[-100.48649810599994,44.861632292000081],[-100.46948384099994,44.870011563000048],[-100.45795820099994,44.877128642000059],[-100.45094755199995,44.884392410000032],[-100.44838177299994,44.896994077000045],[-100.45217812099997,44.908458318000044],[-100.45813150599997,44.926255342000047],[-100.46052990799996,44.932240101000048],[-100.46410229399999,44.941152045000081],[-100.46754574199997,44.956746711000051],[-100.46602083899995,44.972473717000071],[-100.46844010899997,44.994968332000042],[-100.46793792599999,45.012529710000081],[-100.45629447299996,45.024529335000068],[-100.44420094799995,45.033187117000068],[-100.43193654799995,45.039408755000068],[-100.42608326399994,45.04815336200005],[-100.41652754599994,45.050008560000038],[-100.41239072399998,45.050906246000068],[-100.40232109599998,45.053090673000042],[-100.38083890299998,45.050471390000041],[-100.36141240799998,45.046405779000054],[-100.34599386599996,45.037930394000057],[-100.33085574999996,45.033562112000027],[-100.32042048299996,45.03513485600007],[-100.31555479699995,45.039569812000025],[-100.32256662599997,45.044671949000076],[-100.33193085699997,45.049541627000053],[-100.34315262199999,45.054917100000068],[-100.34990041099996,45.05952405000005]]],[[[-94.162537774999976,47.011315125000067],[-94.162580417999948,47.020497835000072],[-94.160416291999979,47.028051025000082],[-94.152210278999974,47.033624429000042],[-94.151950966999948,47.042341116000046],[-94.156183658999964,47.049224320000064],[-94.155636314999981,47.058315757000059],[-94.154392061999943,47.062847923000049],[-94.154256874999987,47.067395419000036],[-94.153567003999967,47.071935160000066],[-94.155101480999974,47.076316162000069],[-94.155798428999958,47.080875029000026],[-94.156495481999968,47.08543383500006],[-94.155500208999968,47.09262766900008],[-94.156759496999939,47.097790442000075],[-94.157519555999954,47.102963231000047],[-94.136165093999978,47.12078998000004],[-94.135737994999943,47.134998368000026],[-94.155946308999944,47.155889494000064],[-94.163309817999959,47.153503918000069],[-94.170672760999992,47.151117918000068],[-94.194447493999974,47.157482908000077],[-94.197303204999969,47.166759911000042],[-94.242519345999938,47.189037379000069],[-94.24233793999997,47.19543014900006],[-94.235321519999957,47.203864169000042],[-94.326068422999981,47.163820916000077],[-94.328949865999959,47.226210704000039],[-94.37965647499999,47.226301049000028],[-94.458677770999941,47.194199041000047],[-94.574842951999983,47.196912576000045],[-94.570024390999947,47.204846961000044],[-94.565259934999972,47.207993032000047],[-94.559982045999959,47.210778121000033],[-94.556755478999946,47.215006172000074],[-94.554571022999937,47.219245398000055],[-94.551864955999974,47.223478878000037],[-94.547098142999971,47.226624135000066],[-94.54233084599997,47.229769194000028],[-94.536528682999972,47.232547485000055],[-94.530221457999971,47.234609496000076],[-94.523392393999984,47.236665428000038],[-94.516562877999945,47.238720998000076],[-94.511280178999982,47.241503917000045],[-94.507535752999956,47.24536947100006],[-94.501730567999971,47.248146126000051],[-94.496959304999962,47.251289371000041],[-94.493213394999941,47.255154416000039],[-94.491023168999959,47.25939211900004],[-94.488823964999938,47.263984832000062],[-94.48766780699998,47.268589274000078],[-94.487033197999949,47.273199561000069],[-94.487963785999966,47.277827518000038],[-94.490468586999953,47.282118033000074],[-94.486189876999958,47.286331719000032],[-94.479406034999954,47.286254645000042],[-94.475849487999938,47.282307145000061],[-94.472293395999941,47.278359506000072],[-94.469268277999959,47.274062624000067],[-94.464652056999967,47.270812903000035],[-94.458984126999951,47.267906046000064],[-94.454368906999946,47.26465591300007],[-94.450815199999965,47.260707505000028],[-94.449887648999947,47.256079063000072],[-94.451576810999939,47.251125728000034],[-94.454290945999958,47.246894616000077],[-94.459072876999983,47.243397740000034],[-94.463863084999957,47.239545535000047],[-94.468122498999946,47.236042257000065],[-94.471868819999941,47.232177706000073],[-94.474059396999962,47.227939993000064],[-94.475745854999957,47.222985957000049],[-94.476380788999961,47.218375068000057],[-94.475451960999976,47.213746250000042],[-94.472950966999974,47.209454622000067],[-94.469206088999954,47.213319450000029],[-94.466494445999956,47.217551268000079],[-94.463261142999954,47.221776974000079],[-94.459002434999945,47.225280238000039],[-94.454230766999956,47.228422159000047],[-94.447930129999975,47.230125173000033],[-94.441125663999969,47.231111532000057],[-94.434833373999936,47.232458787000041],[-94.432118541999955,47.236689675000036],[-94.426310786999977,47.239463117000071],[-94.419514019999951,47.240093229000081],[-94.412708006999935,47.241078111000036],[-94.406908113999975,47.243495558000063],[-94.403147886999989,47.247713270000077],[-94.400951754999937,47.251949581000076],[-94.399258518999943,47.256902263000029],[-94.395506165999961,47.260764502000029],[-94.391753344999984,47.264626594000049],[-94.38594115899997,47.267398058000026],[-94.379131606999977,47.268381152000075],[-94.372321837999948,47.269363894000037],[-94.365511853999976,47.270346287000052],[-94.362790617999963,47.274575310000046],[-94.360590768999941,47.278810633000035],[-94.357347029999971,47.283033036000063],[-94.35203446099996,47.28651943300008],[-94.340420955999946,47.291348160000041],[-94.32829333799998,47.295814223000036],[-94.326602691999938,47.300410314000032],[-94.324399443999937,47.304644729000074],[-94.32032015499999,47.301041802000043],[-94.318879865999975,47.296406423000064],[-94.314269887999956,47.293151714000032],[-94.307504967999989,47.292355794000059],[-94.305544014999953,47.287713541000073],[-94.301998487999981,47.283761435000031],[-94.297400118999974,47.280150957000046],[-94.297536982999986,47.275179948000073],[-94.300784392999958,47.270958905000043],[-94.303509706999989,47.26673110400003],[-94.301018501999977,47.262436903000037],[-94.294247316999986,47.261995330000047],[-94.287486061999971,47.261198325000066],[-94.28167939399998,47.263610190000065],[-94.275370435999946,47.265304882000066],[-94.268559362999952,47.266282340000032],[-94.261266350999961,47.265832332000059],[-94.255066801999988,47.263620156000059],[-94.248336040999959,47.261755919000052],[-94.242127271999948,47.259898203000034],[-94.235908749999965,47.258395274000065],[-94.229168968999943,47.256885132000036],[-94.222981664999963,47.254316320000044],[-94.217316388999961,47.251754169000037],[-94.21110955499995,47.249894958000027],[-94.204903093999974,47.248035447000063],[-94.198717681999938,47.245465446000026],[-94.192512038999951,47.24360533600003],[-94.185743694999985,47.243158236000056],[-94.17898589899994,47.242355693000036],[-94.171685870999966,47.242255859000068],[-94.164896763999991,47.242517896000038],[-94.158118168999977,47.242424491000065],[-94.151339594999968,47.242330742000036],[-94.14353949599996,47.241511948000039],[-94.136771735999957,47.241062362000037],[-94.129993344999946,47.240967527000066],[-94.123214971999971,47.240872349000028],[-94.116436621999981,47.240776826000058],[-94.108094064999989,47.24065878600004],[-94.101315760999967,47.240562495000063],[-94.094515609999974,47.241176046000078],[-94.087726294999982,47.241434157000072],[-94.080947938999941,47.241336832000059],[-94.074158552999961,47.241594253000073],[-94.067380198999956,47.241496238000082],[-94.060601867999935,47.241397880000079],[-94.053823557999976,47.241299176000041],[-94.047045267999977,47.24120012800006],[-94.046378120999975,47.245808623000073],[-94.047275323999941,47.250439958000072],[-94.046608092999975,47.255048333000047],[-94.044897640999977,47.259641369000065],[-94.042676570999959,47.263871609000034],[-94.040455197999961,47.268101761000025],[-94.037711852999962,47.27232415800006],[-94.032915208999952,47.275450559000035],[-94.026609578999967,47.276778380000053],[-94.020950393999954,47.274208064000049],[-94.014758622999977,47.271984789000044],[-94.007954160999986,47.272593874000052],[-94.001636813999937,47.274275579000061],[-93.995307613999955,47.276312028000063],[-93.988989543999992,47.277993116000061],[-93.985210327999937,47.281843553000044],[-93.980410291999988,47.284967981000079],[-93.975099606999947,47.287729262000028],[-93.970286946999977,47.291208307000034],[-93.965983909999977,47.295050122000077],[-93.962190512999939,47.299254742000073],[-93.958408329999941,47.303104186000041],[-93.954115477999949,47.306590472000039],[-93.950320565999959,47.310794617000056],[-93.945516518999966,47.313917533000051],[-93.939193250999949,47.315596086000028],[-93.93336792499997,47.317992411000034],[-93.927020088999939,47.320380368000031],[-93.920185534999973,47.321694892000039],[-93.913386661999937,47.321944077000069],[-93.907679965999989,47.320789285000046],[-93.901427318999936,47.320336042000065],[-93.897857486999953,47.317793613000049],[-93.896521017999987,47.31102392400004],[-93.890305799999965,47.309505129000058],[-93.88498898499995,47.312262632000056],[-93.881201197999985,47.316109745000063],[-93.87638104399997,47.319585124000071],[-93.870043080999949,47.321615370000075],[-93.863219458999936,47.322571985000081],[-93.856457211999953,47.321753298000033],[-93.851347723999936,47.318474516000038],[-93.845157628999971,47.316243661000044],[-93.838346635999983,47.316844027000059],[-93.833014419999984,47.319954395000082],[-93.826215389999959,47.320199145000061],[-93.827097170999991,47.324830964000057],[-93.826412719999951,47.329437250000069],[-93.826250326999968,47.334051963000036],[-93.826781105999942,47.51195946100006],[-93.825715897999942,47.542115503000048],[-93.950427419999983,47.542082513000025],[-93.953204417999984,47.648887320000028],[-93.953801151999983,47.671785226000054],[-93.982956121999962,47.671552788000042],[-94.343315584999971,47.66815796700007],[-94.339519755999959,47.583638162000057],[-94.363403400999971,47.580925093000076],[-94.353768075999938,47.575129186000026],[-94.347578528999975,47.571267678000027],[-94.338936546999946,47.566042630000027],[-94.335195365999937,47.563780192000081],[-94.319955375999939,47.558621685000048],[-94.313582336999957,47.548840847000065],[-94.312703235999948,47.541216538000072],[-94.338117281999985,47.541306659000043],[-94.54018199099994,47.541851941000061],[-94.738422192999963,47.541200261000029],[-94.730361564999953,47.164549202000046],[-94.72468360299996,47.162007985000059],[-94.724698221999972,47.161297553000054],[-94.719563585999936,47.157695420000039],[-94.713358570999958,47.155503886000076],[-94.70663325999999,47.153306996000026],[-94.70095730099996,47.150764686000059],[-94.694225460999974,47.148922367000068],[-94.688007184999947,47.14744005600005],[-94.681253421999941,47.146662751000065],[-94.674469447999968,47.147306015000026],[-94.668175493999968,47.149375043000077],[-94.66139108699997,47.15001763500004],[-94.65462195899994,47.149949435000053],[-94.649866017999955,47.15309901300003],[-94.646127824999951,47.157324632000041],[-94.644985346999988,47.161931817000038],[-94.648017169999946,47.166226072000029],[-94.653692372999956,47.16877052500007],[-94.653592042999946,47.17338815800008],[-94.651415680999946,47.177629464000063],[-94.647162900999945,47.181494357000076],[-94.643943810999986,47.185724864000065],[-94.646455689999982,47.190013566000061],[-94.648967916999936,47.194302167000046],[-94.650951644999964,47.198940573000073],[-94.652943394999966,47.203223718000061],[-94.649715824999987,47.207809272000077],[-94.64342267699999,47.209521615000028],[-94.638661590999959,47.212670266000032],[-94.628133988999991,47.217999491000057],[-94.632569439999941,47.213900613000078],[-94.633970482999985,47.209474459000035],[-94.634074945999942,47.204738922000047],[-94.632876590999956,47.199989969000057],[-94.631678421999936,47.195240940000076],[-94.63090809199997,47.190792283000064],[-94.630578587999992,47.18605203900006],[-94.628506039999991,47.181589864000046],[-94.628176768999936,47.176849490000052],[-94.628281618999949,47.172113523000064],[-94.629688569999985,47.167390890000036],[-94.631088765999948,47.162964187000057],[-94.631983437999963,47.160670698000047],[-94.637363635999975,47.150669523000033],[-94.634110048999958,47.132870659000048],[-94.626174671999991,47.115022571000054],[-94.618014398999946,47.107475915000066],[-94.594883386999982,47.071697218000054],[-94.585854505999976,47.057030521000058],[-94.589264592999939,47.04427221800006],[-94.588402126999938,47.044423513000027],[-94.589280102999965,47.04417604300005],[-94.162537774999976,47.011315125000067]]],[[[-94.525478034999992,33.652795153000056],[-94.517674786999976,33.65459968600004],[-94.513237698999944,33.65950693800005],[-94.511230600999966,33.668651016000069],[-94.509522714999946,33.67416881500003],[-94.505788214999939,33.678130165000027],[-94.50028567399994,33.679009767000025],[-94.49186950099994,33.676982525000028],[-94.483766127999957,33.670755289000056],[-94.477933226999937,33.665323612000066],[-94.476888223999936,33.678439703000038],[-94.473835296999937,33.716733164000061],[-94.461102499999981,33.876048919000027],[-94.458389736999948,33.921405961000062],[-94.455043854999985,34.032768334000025],[-94.452984632999971,34.080832665000059],[-94.449732869999991,34.186901682000041],[-94.447868786999948,34.225118480000049],[-94.440562611999951,34.456903604000047],[-94.438637571999948,34.497523326000078],[-94.434827973999973,34.611231628000041],[-94.432933294999941,34.650065507000079],[-94.430526634999978,34.747908463000044],[-94.429932239999971,34.776302557000065],[-94.427294108999945,34.884800849000044],[-94.42347663399994,34.911000215000058],[-94.42198037999998,34.999194842000065],[-94.419926917999987,35.02757577400007],[-94.416186835999952,35.066819539000051],[-94.41420484799994,35.143057570000053],[-94.409526879999987,35.260063316000071],[-94.409102430999951,35.297870770000031],[-94.408964246999972,35.310171496000066],[-94.408717293999985,35.332144602000028],[-94.408455803999971,35.361458052000046],[-94.413230354999939,35.408030819000032],[-94.416000217999965,35.426298603000077],[-94.419629697999937,35.445155930000055],[-94.562526053999989,36.180205300000068],[-94.626773464999985,36.510639126000058],[-94.626676155999974,36.619004690000054],[-94.62654330099997,36.766451369000038],[-94.626503003999971,36.811060145000056],[-94.626486435999936,36.829384842000024],[-94.626449639999976,36.870049662000042],[-94.626410684999939,36.913054601000056],[-94.626309295999988,37.02474647400004],[-94.935976453999956,37.016247589000045],[-94.964031441999964,37.015435711000066],[-95.021001182999953,37.013765647000071],[-95.04425908799999,37.013075588000049],[-95.560327314999938,37.015534323000054],[-95.755074085999979,37.008288439000069],[-95.881125292999968,37.003419277000035],[-96.001938258999985,37.002974313000038],[-96.739201633999983,36.99746680800007],[-96.761889670999949,36.997221216000071],[-96.930944950999958,36.997300746000064],[-97.031737204999956,36.997228129000064],[-97.114881801999957,36.997100733000025],[-97.693384969999954,36.994525022000062],[-98.823151904999975,36.986798468000075],[-99.460520727999949,36.98231058500005],[-99.991341218999992,37.001603995000039],[-99.986551218999978,36.642089587000044],[-99.985733402999983,36.495972404000042],[-99.998123947999943,36.496683372000064],[-99.99951828199994,36.426441674000046],[-100.00185541199994,36.166881408000052],[-99.999246809999988,36.167071847000045],[-99.992869913999982,36.167108499000051],[-99.707759057999965,36.168376439000042],[-99.152623288999962,36.170053781000036],[-98.891624337999986,36.169892093000044],[-98.272542015999989,36.172917321000057],[-98.222396834999984,36.173012647000064],[-98.142581664999966,36.173118104000025],[-97.96647552099995,36.173149729000045],[-97.358677442999976,36.170431676000078],[-96.816818701999978,36.167670856000029],[-96.819592175999958,36.05879537800007],[-96.812823619999961,36.058000315000072],[-96.811783744999957,36.058007863000057],[-96.806078267999965,36.05931574300007],[-96.801371232999941,36.056816268000034],[-96.796664517999943,36.05431660000005],[-96.791447281999979,36.05266477400005],[-96.785714884999948,36.05143853800007],[-96.780489167999974,36.048941847000037],[-96.775783661999981,36.046441316000028],[-96.770052008999983,36.045214282000074],[-96.764320546999954,36.043986956000026],[-96.758606633999989,36.044448048000049],[-96.752901263999945,36.045753203000061],[-96.746680100999981,36.047483720000059],[-96.742039508999937,36.05131446200005],[-96.739482345999988,36.05555348200005],[-96.739528889999974,36.060197492000043],[-96.739575438999964,36.064841517000048],[-96.740666275999956,36.069900866000069],[-96.743824730999961,36.073679857000059],[-96.742831390999982,36.078330834000042],[-96.740793452999981,36.082566515000053],[-96.737710768999989,36.086386840000046],[-96.734627767999939,36.090207091000025],[-96.729975501999945,36.093193065000037],[-96.724794351999947,36.095337831000052],[-96.719608781999966,36.097060165000073],[-96.713898650999965,36.098363383000049],[-96.708712612999989,36.100085216000025],[-96.702998031999982,36.100965683000027],[-96.697267344999943,36.100157071000069],[-96.692049096999938,36.098500556000033],[-96.686306936999983,36.096424794000029],[-96.68108529899996,36.094345578000059],[-96.677409000999944,36.090567909000072],[-96.677366348999954,36.085923772000058],[-96.678363917999945,36.081273352000039],[-96.679877545999943,36.076197591000039],[-96.680874824999989,36.071547182000074],[-96.682391984999981,36.066893610000079],[-96.684428926999942,36.062236856000027],[-96.685425730999953,36.057586453000056],[-96.685382593999975,36.052942432000066],[-96.683779837999964,36.048307966000039],[-96.680621649999978,36.044105172000059],[-96.676947877999964,36.040327626000078],[-96.671218345999989,36.039095536000048],[-96.665496619999942,36.038707513000077],[-96.65979004999997,36.040007916000036],[-96.654606849999936,36.041727169000069],[-96.651525140999979,36.045967187000031],[-96.646872304999988,36.048949610000079],[-96.640622733999976,36.047718951000036],[-96.635405829999968,36.045637677000059],[-96.630318518999957,36.043553888000076],[-96.629584295999962,35.752146439000057],[-96.630396981999979,35.404854962000059],[-96.635368597999957,35.406862970000077],[-96.640386357999944,35.40493181800008],[-96.644618428999991,35.401736800000037],[-96.650050504999967,35.402973325000062],[-96.655872783999939,35.40452433400003],[-96.661695304999967,35.406075040000076],[-96.667099553999947,35.404140372000029],[-96.672899338999969,35.403154203000042],[-96.677950539999983,35.405025783000042],[-96.683001994999984,35.406897135000065],[-96.688813524999944,35.407178277000071],[-96.692653467999946,35.403666789000056],[-96.698086481999951,35.404900964000035],[-96.702760179999984,35.407724960000053],[-96.708580907999988,35.408956175000071],[-96.714386606999938,35.408601905000069],[-96.717137069999978,35.41270589800007],[-96.71524644699997,35.417473955000048],[-96.714517536999949,35.422234528000047],[-96.713791576999938,35.427312159000053],[-96.712287737999986,35.432077738000032],[-96.71542634399998,35.436179376000041],[-96.720490070999972,35.439000210000074],[-96.725935412999945,35.441184197000041],[-96.731374839999944,35.442733831000055],[-96.737192495999977,35.443329494000068],[-96.741032019999977,35.439816216000054],[-96.742149952999966,35.435369846000071],[-96.742486694999968,35.43029458400008],[-96.74282655899998,35.425536384000054],[-96.747055397999986,35.42233740100005],[-96.750893373999986,35.418823850000024],[-96.75201040099995,35.414377467000065],[-96.752346376999981,35.409302271000058],[-96.754624854999975,35.404848021000078],[-96.757293490999984,35.400708132000034],[-96.76191073199999,35.397823045000052],[-96.768099222999979,35.397146281000062],[-96.771798304999948,35.398414076000051],[-96.776474535999967,34.899364708000064],[-96.778523447999987,34.900632042000041],[-96.794939256999953,34.904533339000068],[-96.807906843999945,34.911614862000079],[-96.816350185999966,34.919015537000064],[-96.823756065999987,34.926997459000063],[-96.838153275999957,34.936648313000035],[-96.856286704999945,34.93737021000004],[-96.869806104999952,34.930949608000049],[-96.882710863999989,34.93170824300006],[-96.89392133399997,34.936497673000076],[-96.91323745599999,34.948395320000031],[-96.928354695999985,34.95860288700004],[-96.945078020999972,34.957599818000062],[-96.959294316999944,34.951449160000038],[-96.972406625999952,34.941000743000075],[-96.997257064999985,34.922408232000066],[-97.005453656999975,34.91800672100004],[-97.012480498999992,34.914232478000031],[-97.019444977999967,34.913881300000071],[-97.033381668999937,34.913751628000057],[-97.045271900999978,34.916797040000063],[-97.058589349999977,34.922123837000072],[-97.072199608999938,34.923427622000077],[-97.08378604699999,34.929342342000041],[-97.098128731999964,34.932932129000051],[-97.110666300999981,34.932232547000069],[-97.12486845899997,34.926347741000029],[-97.139508585999977,34.926484555000059],[-97.154483954999989,34.925754779000044],[-97.16777941099997,34.929059430000052],[-97.180066756999963,34.934669693000046],[-97.19125551999997,34.936845877000053],[-97.201311807999957,34.933579286000054],[-97.213476743999991,34.931436812000072],[-97.225720894999938,34.934171994000053],[-97.234561285999973,34.94182389100007],[-97.240247299999965,34.948362428000053],[-97.251836453999942,34.953398632000074],[-97.260241297999983,34.955599461000077],[-97.272771361999958,34.954307434000043],[-97.283268543999952,34.95648237100005],[-97.290035523999961,34.964728318000027],[-97.296759211999984,34.970390846000043],[-97.304469930999971,34.972596534000047],[-97.309654856999941,34.969951538000032],[-97.317972228999963,34.966981880000048],[-97.325965740999948,34.965450817000033],[-97.335399577999965,34.966485357000067],[-97.343149684999958,34.970840881000072],[-97.349950465999939,34.980518321000034],[-97.355004023999982,34.989929842000038],[-97.356451162999974,35.012017110000045],[-97.351633420999974,35.035042967000038],[-97.345127036999941,35.042012515000067],[-97.340374897999936,35.049534634000054],[-97.338178381999967,35.063341769000033],[-97.340047433999985,35.070209454000064],[-97.34964507899997,35.07956697000003],[-97.36344883299995,35.089589738000029],[-97.375724386999991,35.092308720000062],[-97.389891287999944,35.102754535000031],[-97.396720880999965,35.113004499000056],[-97.395505973999946,35.122781736000036],[-97.38980173899995,35.135486742000069],[-97.392386987999942,35.142919367000047],[-97.39848391299995,35.151169032000041],[-97.405920872999957,35.156243035000045],[-97.414304130999938,35.155849065000041],[-97.422283066999967,35.152588394000077],[-97.430693341999984,35.153628463000075],[-97.43429883899995,35.159324334000075],[-97.441478206999989,35.168993464000039],[-97.452466264999941,35.176602382000056],[-97.469304610999984,35.179251463000071],[-97.481667183999946,35.185403670000028],[-97.491349061999983,35.197333538000066],[-97.497929329999977,35.211458347000075],[-97.515500082999949,35.215239302000043],[-97.533060813999953,35.218443346000072],[-97.546454891999986,35.223138667000057],[-97.551839818999952,35.229667864000078],[-97.552560314999937,35.247461502000078],[-97.550391312999977,35.260988464000036],[-97.541012209999963,35.264565282000035],[-97.539475554999967,35.274924586000054],[-97.542798629999936,35.283206232000055],[-97.55696523499995,35.290761703000044],[-97.56824861299998,35.294335857000078],[-97.581381498999974,35.302477328000066],[-97.593005762999951,35.305469824000056],[-97.604569112999968,35.305590218000077],[-97.621460752999951,35.30907774800005],[-97.640862632999983,35.315110257000072],[-97.655401922999943,35.322935278000045],[-97.669484510999951,35.325883174000069],[-97.682121529999961,35.326840923000077],[-97.697495952999986,35.324883467000063],[-97.711409021999941,35.320361737000042],[-97.722578100999954,35.318465623000066],[-97.735274745999959,35.322001084000078],[-97.74554404099996,35.326578536000056],[-97.754821122999942,35.333611939000036],[-97.768964223999944,35.338843939000071],[-97.780134606999979,35.336941993000039],[-97.79403106999996,35.331835676000026],[-97.804519996999943,35.330803876000061],[-97.818616968999947,35.334019933000036],[-97.831628793999982,35.335816156000078],[-97.842581769999981,35.33936830600004],[-97.855101821999938,35.349498905000075],[-97.866086716999973,35.354197127000077],[-97.878702057999988,35.353984150000031],[-97.891266266999992,35.351760148000039],[-97.901151145999961,35.354463233000047],[-97.91644851999996,35.363103526000032],[-97.932897944999979,35.361956454000051],[-97.944440536999991,35.360893064000038],[-97.961362983999948,35.351117041000066],[-97.971867498999984,35.350643553000054],[-97.982752864999952,35.351311116000034],[-97.993231016999971,35.356209532000037],[-97.99517855299996,35.357119806000071],[-98.002357045999986,35.363309239000046],[-98.008585996999955,35.373249344000044],[-98.016538246999971,35.382009013000072],[-98.027982577999978,35.390129989000059],[-98.028882685999974,35.390422611000076],[-98.046386521999978,35.396111147000056],[-98.067215963999956,35.40089524900003],[-98.087951385999986,35.402230448000068],[-98.098249325999973,35.406632002000038],[-98.106248216999973,35.416533854000079],[-98.11464080199994,35.427863984000055],[-98.124691528999961,35.435714953000058],[-98.136519128999964,35.444249057000036],[-98.154310025999962,35.452522858000066],[-98.182154632999982,35.456287989000032],[-98.193492917999947,35.459798953000075],[-98.20206127199998,35.467043369000066],[-98.214743127999952,35.477761974000032],[-98.231114592999973,35.496681322000029],[-98.247758677999968,35.512720465000029],[-98.261689148999949,35.52019432600008],[-98.280548162999992,35.52785281000007],[-98.303786306999939,35.540588723000042],[-98.318231326999978,35.55292920100004],[-98.329329523999945,35.559304990000044],[-98.341293621999966,35.559628291000024],[-98.352354975999958,35.553648895000038],[-98.363304893999953,35.544223232000036],[-98.37761534599997,35.541045129000054],[-98.386498381999957,35.544015018000039],[-98.395095665999975,35.549001460000056],[-98.407198001999973,35.55362414700005],[-98.419568974999947,35.555654008000033],[-98.434610082999939,35.553314534000037],[-98.441475869999977,35.548279835000073],[-98.449033786999962,35.542942167000035],[-98.455641334999939,35.540785289000041],[-98.463378413999976,35.540901396000038],[-98.47893746799997,35.554202451000037],[-98.487002958999938,35.56407809600006],[-98.498579574999951,35.575920509000071],[-98.516143005999936,35.593877921000058],[-98.527440331999969,35.605401976000053],[-98.538291325999978,35.614061995000043],[-98.542493366999963,35.623735192000026],[-98.557509059999973,35.650975105000043],[-98.563574018999986,35.663478506000047],[-98.567976104999957,35.678749893000031],[-98.573942434999992,35.698439119000057],[-98.580496090999986,35.714666563000037],[-98.59472928799994,35.728703817000053],[-98.60887685299997,35.740155276000053],[-98.626402560999963,35.757272955000076],[-98.643871137999952,35.782436176000033],[-98.656040467999958,35.797234338000067],[-98.656542033999983,35.112644534000026],[-98.667024203999972,35.112637164000034],[-98.668909023999959,35.112635734000037],[-98.790421454999944,35.112475714000027],[-98.828013970999962,35.112399167000035],[-98.894590740999945,35.11223224500003],[-98.957598031999964,35.112037357000077],[-99.086286451999968,35.111287618000063],[-99.140249233999953,35.110928662000049],[-99.346450994999941,35.109259308000048],[-99.391762093999944,35.108836804000077],[-99.396513780999953,35.104580996000038],[-99.398649443999943,35.100301948000038],[-99.395828626999958,35.094643144000031],[-99.391113948999987,35.093447301000026],[-99.388132378999956,35.094496329000037],[-99.383005755999989,35.099632792000079],[-99.376938870999936,35.104606239000077],[-99.373310326999956,35.106823725000027],[-99.367009265999968,35.106632812000043],[-99.363432087999968,35.104826560000049],[-99.363018411999974,35.100817324000047],[-99.368732393999949,35.093174238000074],[-99.37936581799994,35.086146598000028],[-99.38107126899996,35.082647191000035],[-99.374625285999969,35.07920550800003],[-99.367128820999937,35.07828513700008],[-99.365087132999975,35.075959015000024],[-99.363690869999971,35.074368132000075],[-99.36319128599996,35.06327582800003],[-99.356886336999992,35.05255173900008],[-99.351830811999946,35.048875174000045],[-99.34578565299995,35.043887872000028],[-99.337992183999972,35.04144265900004],[-99.332326079999973,35.039698753000039],[-99.320830149999949,35.03774702000004],[-99.311245818999964,35.036885805000054],[-99.30162790299994,35.03525877900006],[-99.297875768999972,35.030554289000065],[-99.29595939699999,35.028151238000078],[-99.289362073999939,35.021071164000034],[-99.287440279999942,35.014426146000062],[-99.286871370999961,35.006783426000027],[-99.288909530999945,35.000212059000035],[-99.29365172699994,34.991645153000036],[-99.302025898999943,34.991586440000049],[-99.310915638999973,34.992660564000062],[-99.318575783999961,34.992239034000079],[-99.319482922999953,34.986467066000046],[-99.321072946999948,34.975121435000062],[-99.320923043999983,34.966509072000065],[-99.319325498999945,34.961961509000048],[-99.316254875999959,34.960904938000056],[-99.311034534999976,34.958572438000033],[-99.30983458299994,34.952481012000078],[-99.307507448999957,34.947189341000069],[-99.300704879999955,34.945861247000039],[-99.297517148999987,34.942127002000063],[-99.295879419999949,34.936623090000069],[-99.298079623999968,34.928515309000034],[-99.300861783999949,34.923070766000023],[-99.300452462999942,34.919062053000061],[-99.299975716999938,34.913523591000057],[-99.297642064999991,34.90804071000008],[-99.297802923999939,34.901142949000075],[-99.299904698999967,34.896101847000068],[-99.303474562999952,34.892739961000075],[-99.308702361999963,34.890094088000069],[-99.315596540999991,34.888355198000056],[-99.320899960999952,34.88742968300005],[-99.326418305999937,34.886114485000064],[-99.329109366999944,34.883927085000039],[-99.331947193999952,34.879820497000026],[-99.33296261299995,34.876534839000044],[-99.332647639999948,34.869460082000046],[-99.331274930999939,34.864714939000066],[-99.32781466299997,34.860032871000044],[-99.323494897999979,34.856908358000055],[-99.31689831999995,34.854809568000064],[-99.308653117999938,34.852185532000078],[-99.302985140999965,34.850058057000069],[-99.295866958999966,34.846633482000072],[-99.293206389999966,34.844224078000025],[-99.287910949999969,34.83997871400004],[-99.282688776999976,34.832093304000068],[-99.272771928999987,34.823007167000071],[-99.265200822999986,34.814425132000054],[-99.254527307999979,34.809189041000025],[-99.247415221999972,34.805761489000076],[-99.239873257999989,34.803111942000044],[-99.231702415999962,34.802011913000058],[-99.22474017199994,34.802024565000067],[-99.215765568999984,34.803818552000052],[-99.21150055399994,34.807197555000073],[-99.206381488999966,34.812324266000076],[-99.203250263999962,34.815095608000036],[-99.199565269999937,34.815777052000044],[-99.195945467999991,34.817988041000035],[-99.192862519999949,34.821906360000071],[-99.191377947999968,34.82520396700005],[-99.186374287999968,34.827646172000073],[-99.181769103999954,34.82854506700005],[-99.173213578999992,34.829366183000047],[-99.162314715999969,34.829679587000044],[-99.154142118999971,34.828573774000063],[-99.148895857999946,34.82527787500004],[-99.148702954999976,34.820688761000042],[-99.148070477999966,34.816686559000061],[-99.145990822999977,34.811385638000047],[-99.142760376999945,34.806309000000056],[-99.143519192999975,34.802267135000079],[-99.145420852999962,34.797809767000047],[-99.146874782999987,34.79374805100008],[-99.147201829999972,34.790484289000062],[-99.146777362999956,34.785901972000033],[-99.146288733999938,34.779790042000059],[-99.148053137999966,34.772082290000071],[-99.155218488999992,34.765942763000055],[-99.15776525199999,34.760318239000071],[-99.155023673999949,34.755802548000077],[-99.153487362999954,34.746849458000042],[-99.154676068999947,34.742029724000076],[-99.157246210999972,34.736978945000033],[-99.16078265799996,34.732857492000051],[-99.163432722999971,34.729718542000057],[-99.163933881999981,34.725109964000069],[-99.162965026999984,34.718629460000045],[-99.158978412999943,34.712044282000079],[-99.153516604999936,34.70894686400004],[-99.146673144999966,34.700529052000036],[-99.141547561999971,34.694358856000065],[-99.135592867999947,34.69050909300006],[-99.127715094999985,34.690542005000054],[-99.120619179999949,34.692657711000038],[-99.113483194999958,34.693817025000044],[-99.107241238999961,34.69418496600008],[-99.097911040999975,34.69272546600007],[-99.090943165999988,34.69234728400005],[-99.082810139999992,34.691809919000036],[-99.072425142999975,34.69286616800008],[-99.063837049999961,34.692531523000071],[-99.058944852999957,34.691902066000068],[-99.051057365999952,34.685996131000024],[-99.044659326999977,34.676794599000061],[-99.040785038999957,34.666948858000069],[-99.040513468999961,34.663434127000073],[-99.040298066999981,34.660646091000046],[-99.044315576999963,34.656898312000067],[-99.054033014999959,34.656628782000041],[-99.065554456999962,34.65515969300003],[-99.069292161999954,34.650270383000077],[-99.071633573999975,34.645228587000076],[-99.07161459799994,34.639104366000026],[-99.07181127299998,34.632591368000078],[-99.069557707999991,34.628443626000035],[-99.063996457999963,34.622665597000037],[-99.059831315999986,34.617039872000078],[-99.058394815999975,34.610189779000052],[-99.054038443999957,34.605526216000044],[-99.051654636999956,34.598128316000043],[-99.053193316999966,34.590430097000024],[-99.058006532999968,34.583597717000032],[-99.058103647999985,34.583517725000036],[-99.064499087999991,34.578249381000035],[-99.068941980999966,34.57372349700006],[-99.07537393299998,34.572586650000062],[-99.080099478999955,34.572825713000043],[-99.080242828999985,34.572832963000053],[-99.086576923999985,34.574951733000034],[-99.090302469999983,34.574467610000056],[-99.097854102999975,34.573485894000044],[-99.105927022999992,34.572875101000079],[-99.113249652999968,34.576495487000045],[-99.122159088999979,34.579304768000043],[-99.129347763999988,34.579674340000054],[-99.135588079999991,34.57949635500006],[-99.14831576399996,34.579515019000041],[-99.156762808999986,34.576784472000043],[-99.16261882699996,34.572979577000069],[-99.167485436999982,34.567671798000049],[-99.170081013999948,34.563386348000051],[-99.169656434999979,34.558805302000053],[-99.169183543999964,34.553077359000042],[-99.168399122999972,34.545444603000078],[-99.169758265999974,34.53928109900005],[-99.18030314899994,34.537062268000057],[-99.187686635999967,34.536656717000028],[-99.191402394999955,34.531572786000027],[-99.19318882999994,34.524631079000073],[-99.193953787999988,34.515422571000045],[-99.198838857999988,34.510687190000056],[-99.200928217999945,34.505459056000063],[-99.20108027699996,34.504283458000032],[-99.201797820999957,34.498735501000056],[-99.198289282999951,34.492331082000078],[-99.195226763999983,34.485530883000024],[-99.196898030999989,34.47591361800005],[-99.20050446099998,34.468345027000055],[-99.205312778999939,34.461889448000079],[-99.209995535999951,34.457925131000025],[-99.215906974999939,34.450288632000024],[-99.218634729999962,34.446443612000053],[-99.220482120999975,34.443839294000043],[-99.222090392999974,34.438242481000032],[-99.221169302999954,34.432911385000068],[-99.219333921999976,34.427798534000033],[-99.220497026999965,34.42259763800007],[-99.222688803999972,34.419854186000066],[-99.228208523999967,34.413950991000036],[-99.228470735999963,34.412970675000054],[-99.22960139199995,34.408743293000043],[-99.227815187999965,34.404777421000063],[-99.221013941999956,34.402298549000079],[-99.215851576999967,34.400345257000026],[-99.211109847999978,34.397422643000027],[-99.209894318999943,34.390569566000067],[-99.205104632999962,34.386500054000066],[-99.199211612999989,34.383610683000029],[-99.193145259999937,34.382065509000029],[-99.187212607999982,34.378219952000052],[-99.189481027999989,34.371839503000047],[-99.19427957299996,34.359836322000035],[-99.199406822999947,34.356531709000024],[-99.202364287999956,34.354625329000044],[-99.20792150699998,34.34967914300006],[-99.208786572999941,34.349124983000024],[-99.201366587999985,34.33964222000003],[-99.198541087999956,34.330319278000047],[-99.197343224999941,34.326366162000056],[-99.196007589999965,34.308467651000058],[-99.194337978999954,34.275871168000037],[-99.190879788999951,34.269036632000052],[-99.184595824999974,34.263480100000038],[-99.179483592999986,34.258367521000025],[-99.176244786999973,34.249852344000033],[-99.175080259999959,34.242711844000041],[-99.16782656099997,34.234552241000074],[-99.155913700999974,34.225092026000027],[-99.147990536999941,34.221494243000052],[-99.135953856999947,34.222796613000071],[-99.122746814999971,34.223652811000079],[-99.111522756999989,34.223733612000046],[-99.10022016299996,34.221902449000027],[-99.08883990399994,34.218159312000068],[-99.080642904999991,34.214803656000072],[-99.07229526399999,34.214799391000042],[-99.061695953999958,34.216053179000028],[-99.048087862999978,34.221215824000069],[-99.034055886999965,34.22304077900003],[-99.018528106999952,34.223470478000024],[-98.996616984999946,34.222638342000039],[-98.982423004999987,34.220396048000055],[-98.967495113999973,34.214106890000039],[-98.949271862999979,34.204437632000065],[-98.941907752999953,34.200092942000026],[-98.93141957499995,34.196788044000073],[-98.919272279999973,34.195200232000047],[-98.908555691999936,34.185921737000058],[-98.891308826999989,34.171316088000026],[-98.878820427999983,34.160647456000049],[-98.864182166999967,34.153859414000067],[-98.85204319199994,34.152264221000053],[-98.833646970999951,34.152503738000064],[-98.820386429999985,34.151651386000026],[-98.802979908999987,34.147556720000068],[-98.794560215999979,34.145381581000038],[-98.774998818999961,34.145162902000038],[-98.764604260999988,34.143991936000077],[-98.751894438999955,34.142400179000049],[-98.741352047999953,34.145055948000049],[-98.731435329999954,34.149129506000065],[-98.720813838999959,34.149633572000027],[-98.711315923999962,34.148605506000024],[-98.704647871999953,34.147883238000077],[-98.692260007999948,34.147232873000064],[-98.684562440999969,34.149095766000073],[-98.677583071999948,34.155004756000039],[-98.671633664999945,34.165669659000059],[-98.657085514999949,34.177260940000053],[-98.647053490999951,34.181579430000056],[-98.64178244499999,34.183847904000061],[-98.632830074999958,34.186175325000079],[-98.632659324999963,34.186219708000067],[-98.617991062999977,34.18633288500007],[-98.604998018999936,34.184969723000052],[-98.588564314999985,34.183925633000058],[-98.582412674999944,34.18407112500006],[-98.575916706999976,34.184224384000061],[-98.566195472999937,34.177519895000046],[-98.561871672999985,34.168775711000023],[-98.564190497999959,34.160832093000067],[-98.565416317999961,34.154587611000068],[-98.561429822999969,34.147270153000079],[-98.556982737999988,34.143310262000057],[-98.551257928999974,34.135555125000053],[-98.550473724999961,34.129357951000031],[-98.546230968999964,34.122882913000069],[-98.540334046999988,34.118478202000063],[-98.53070441999995,34.114159761000053],[-98.521123705999969,34.111273681000057],[-98.508767237999962,34.111319144000049],[-98.498908455999981,34.108676585000069],[-98.489459437999983,34.101003908000052],[-98.479409578999991,34.101232527000036],[-98.470873458999961,34.103816405000032],[-98.463135954999984,34.104469264000045],[-98.450710854999954,34.102358366000033],[-98.443214141999988,34.10157016900007],[-98.432651285999953,34.103718272000037],[-98.424484747999941,34.108919701000048],[-98.416711230999965,34.117458425000052],[-98.406236684999953,34.122470517000068],[-98.396259480999959,34.125080258000025],[-98.388965009999936,34.130738029000042],[-98.387792951999984,34.139130266000052],[-98.386575348999941,34.14608927200004],[-98.382696058999954,34.150715879000074],[-98.370672893999938,34.152411666000035],[-98.362067510999964,34.153076104000036],[-98.353174626999987,34.153746053000077],[-98.344444716999988,34.159670880000078],[-98.336781711999947,34.162942652000027],[-98.325639819999992,34.165331757000047],[-98.312154088999989,34.166335020000076],[-98.296001449999949,34.164763121000078],[-98.280079174999969,34.161271670000076],[-98.26520755599995,34.154409552000061],[-98.255135680999956,34.154139761000067],[-98.243886051999937,34.15293706500006],[-98.231810020999944,34.15294530400007],[-98.218843841999956,34.15201412600004],[-98.206894773999977,34.146519152000053],[-98.197035064999966,34.143610350000074],[-98.188359969999965,34.141872141000078],[-98.178604918999952,34.142545136000024],[-98.168371045999947,34.146573246000059],[-98.15685621099999,34.15612352900007],[-98.148445617999982,34.163699371000064],[-98.137338249999971,34.167502722000052],[-98.12414380499996,34.168716080000024],[-98.111971712999946,34.165366365000068],[-98.108610061999968,34.15826018000007],[-98.109760041999948,34.147959540000045],[-98.112519991999989,34.133564423000053],[-98.111992288999943,34.124969673000066],[-98.112493403999963,34.112052735000077],[-98.10625558199996,34.104763581000043],[-98.101275431999966,34.090996571000062],[-98.101383261999956,34.084541149000074],[-98.107353318999969,34.071997565000061],[-98.11169272099994,34.062831452000069],[-98.108002046999957,34.054059627000072],[-98.101268514999958,34.049409420000075],[-98.087589518999948,34.042740919000039],[-98.075980405999985,34.038182415000051],[-98.069237187999988,34.033052590000068],[-98.059160732999942,34.031976519000068],[-98.048877234999964,34.033843018000027],[-98.038012942999956,34.035480397000072],[-98.02330944199997,34.033125071000029],[-98.010800532999951,34.026903552000078],[-97.998211666999964,34.017575346000058],[-97.989748231999954,34.012233391000052],[-97.987347438999961,34.011532248000037],[-97.96900471899994,34.006173170000068],[-97.958407212999987,33.995848921000061],[-97.953325506999988,33.976822257000038],[-97.957125897999958,33.957397859000025],[-97.959328563999975,33.942781686000046],[-97.961610794999956,33.931270715000039],[-97.957222785999988,33.916773498000055],[-97.948595341999976,33.904502819000072],[-97.924798072999977,33.892739703000075],[-97.909260622999966,33.890145813000061],[-97.89078269099997,33.895963644000062],[-97.872600156999965,33.902251142000068],[-97.855425892999961,33.903022809000049],[-97.841671134999956,33.903017206000072],[-97.824101767999991,33.911197737000066],[-97.819341111999961,33.927764412000045],[-97.817965897999954,33.942124256000056],[-97.813047522999966,33.95224214600006],[-97.801174035999964,33.95936860900008],[-97.777212867999992,33.964779825000051],[-97.76298479899998,33.969550937000065],[-97.753778451999949,33.980691442000079],[-97.752632371999937,33.993135868000024],[-97.750261241999965,34.002254606000065],[-97.739521380999975,34.009356419000028],[-97.722971320999989,34.013442511000051],[-97.700681900999939,34.017615688000035],[-97.683198164999965,34.018603686000063],[-97.671409516999972,34.017590053000049],[-97.653106324999953,34.007354418000034],[-97.635381693999989,33.99710725400007],[-97.617989480999938,33.988764136000043],[-97.604445219999945,33.985857783000029],[-97.599715627999956,33.979236569000079],[-97.601470116999963,33.967263327000069],[-97.610242939999978,33.94825746500004],[-97.611984878999976,33.935806826000032],[-97.603175277999981,33.925901408000072],[-97.595388450999963,33.923626316000025],[-97.581308595999985,33.921920028000045],[-97.564650350999955,33.934107116000064],[-97.555958032999968,33.943550064000078],[-97.549458930999947,33.948182460000055],[-97.528181146999941,33.94513763100008],[-97.505381840999974,33.937569944000074],[-97.493828831999963,33.933189136000067],[-97.470070302999943,33.920132084000045],[-97.45754758299995,33.909787572000027],[-97.454813275999982,33.901700769000058],[-97.454270087999987,33.888328603000048],[-97.460590339999953,33.874387051000042],[-97.464465403999952,33.867406616000039],[-97.46254007899995,33.85668163400004],[-97.45388286299999,33.853213966000055],[-97.442977286999962,33.851925580000056],[-97.424964908999982,33.853357260000053],[-97.412690771999962,33.855428386000028],[-97.400755212999968,33.86036062200003],[-97.388153608999971,33.860283051000067],[-97.374467453999955,33.863562371000057],[-97.367451796999944,33.871534559000054],[-97.363601969999991,33.880422424000074],[-97.353954722999958,33.885559858000079],[-97.345178141999952,33.891402451000033],[-97.340743330999942,33.899819093000076],[-97.337428172999978,33.90678839900005],[-97.330358473999979,33.912131123000052],[-97.322597969999947,33.910792066000056],[-97.312790920999987,33.907087966000063],[-97.306094793999989,33.900956628000074],[-97.30092214299998,33.900062846000026],[-97.288899145999949,33.900683541000035],[-97.280802638999944,33.903639222000038],[-97.273324569999943,33.911617799000055],[-97.260145121999983,33.928973132000067],[-97.246869172999936,33.940833019000024],[-97.233712262999973,33.942655167000055],[-97.222430002999943,33.93633131100006],[-97.217882150999969,33.932739494000032],[-97.200658841999939,33.919132163000029],[-97.195207312999969,33.900556859000062],[-97.198998538999945,33.886658554000064],[-97.211837184999979,33.865493086000072],[-97.218173223999941,33.849894118000066],[-97.22163108999996,33.833491304000063],[-97.221048749999966,33.81510361800008],[-97.210683187999962,33.79324252300006],[-97.195401854999943,33.767613420000032],[-97.18803227899997,33.753601183000058],[-97.175850280999953,33.742507165000063],[-97.153087255999992,33.730927559000065],[-97.138281712999969,33.734905170000047],[-97.122423005999963,33.74510188000005],[-97.117442432999951,33.756379486000071],[-97.117758962999972,33.777873948000035],[-97.124705132999964,33.80264500100003],[-97.129069482999967,33.826726662000056],[-97.127179784999953,33.834390556000074],[-97.118718443999967,33.842958313000054],[-97.11129002499996,33.843989925000074],[-97.090369607999946,33.842529183000067],[-97.078960528999971,33.84550947200006],[-97.075337413999989,33.85247309600004],[-97.080882374999987,33.859823852000034],[-97.09701258399997,33.866351638000026],[-97.108256493999988,33.87149355300005],[-97.111221592999982,33.878391414000077],[-97.10853246299996,33.890363904000026],[-97.096588957999984,33.896457369000075],[-97.082781324999985,33.892534069000078],[-97.061194916999966,33.885340475000078],[-97.04429675199998,33.88550374700003],[-97.02186997199999,33.900528317000067],[-97.013158740999984,33.913271688000066],[-97.013589071999945,33.924018641000032],[-97.020608042999982,33.934465353000064],[-97.029675997999959,33.947878941000056],[-97.028157200999942,33.96270645900006],[-97.021434240999952,33.97447702900007],[-97.011458703999949,33.979109637000079],[-96.993099401999984,33.978800478000039],[-96.975289157999953,33.976571898000032],[-96.961536927999987,33.977649707000069],[-96.94259276799994,33.976381498000023],[-96.93360899999999,33.968813157000056],[-96.923986574999958,33.955754410000054],[-96.91039430699999,33.922181888000068],[-96.898172115999955,33.90651551600007],[-96.889470708999966,33.897508630000061],[-96.881394231999991,33.89279627600007],[-96.866761016999988,33.890763580000055],[-96.862788986999988,33.894139668000037],[-96.866068234999943,33.905341953000061],[-96.864433771999984,33.912760920000039],[-96.84895903499995,33.912643648000028],[-96.835447831999943,33.908686705000036],[-96.818714377999981,33.898063191000062],[-96.810823899999946,33.88354954700003],[-96.808671198999946,33.869709866000051],[-96.804575979999981,33.861618018000058],[-96.794783232999976,33.856195558000024],[-96.777653761999943,33.861096892000035],[-96.755718496999975,33.872478957000055],[-96.740603882999949,33.87903276600008],[-96.732369970999969,33.886494058000039],[-96.726199117999954,33.900152355000046],[-96.723775994999983,33.916413638000051],[-96.714473464999969,33.932720520000032],[-96.704529155999978,33.942102670000054],[-96.691963056999953,33.947200266000038],[-96.67762178299995,33.946334689000025],[-96.661519213999952,33.940699739000024],[-96.637918906999971,33.929372866000051],[-96.602267944999937,33.915241550000076],[-96.59877099299996,33.907854975000078],[-96.60098915399999,33.898525844000062],[-96.613839747999975,33.893437457000061],[-96.630123824999941,33.888088887000038],[-96.64297677199994,33.883713772000078],[-96.647800908999955,33.878429637000067],[-96.645475164999937,33.874382352000055],[-96.637694672999942,33.868694914000059],[-96.619063783999991,33.866652423000062],[-96.562629311999956,33.863853041000027],[-96.550304465999943,33.862243831000058],[-96.538523957999985,33.856569584000056],[-96.532445919999986,33.847283239000035],[-96.518485056999964,33.815262313000062],[-96.51006588599995,33.811559873000078],[-96.501487834999978,33.81255518100005],[-96.493242308999982,33.820714275000057],[-96.485253708999949,33.82457204800005],[-96.471778763999964,33.820809396000072],[-96.451949704999947,33.807039403000033],[-96.426065219999941,33.78349690500005],[-96.401612654999951,33.75731651500007],[-96.394100638999987,33.742416368000079],[-96.380604090999952,33.730522567000037],[-96.369420223999953,33.723157278000031],[-96.356268269999987,33.722245830000077],[-96.347132135999971,33.724424868000028],[-96.336270990999992,33.724458993000042],[-96.324269614999992,33.725211939000076],[-96.314294482999969,33.732167408000066],[-96.31090732499996,33.742685965000078],[-96.312666920999959,33.75342874200004],[-96.324435944999948,33.764142267000068],[-96.326188713999954,33.772735533000059],[-96.323371440999949,33.782775661000073],[-96.315679172999978,33.790202699000076],[-96.300242852999986,33.793112634000067],[-96.281075562999945,33.793163819000029],[-96.274760195999988,33.787208590000034],[-96.278430728999979,33.774062455000035],[-96.278972891999956,33.765940252000064],[-96.276665924999975,33.760691547000079],[-96.267229345999965,33.760715134000066],[-96.252368310999941,33.763377910000031],[-96.226120505999972,33.783976583000026],[-96.205586083999947,33.806469716000038],[-96.195347523999942,33.830613739000057],[-96.193093027999964,33.844472180000025],[-96.193121317999953,33.855579742000032],[-96.186836504999974,33.861323731000027],[-96.168225112999949,33.861592941000026],[-96.156489185999988,33.863521452000043],[-96.146200549999946,33.873807555000042],[-96.137040130999992,33.875969393000048],[-96.119278510999948,33.872645952000028],[-96.103528571999959,33.873378699000057],[-96.093514592999952,33.881031976000031],[-96.083491222999953,33.881995650000079],[-96.070598062999977,33.877227115000039],[-96.056563144999984,33.875324252000041],[-96.047688494999989,33.880822786000067],[-96.04024205099995,33.881303557000024],[-96.025633280999955,33.876291445000049],[-96.015036028999987,33.872949089000031],[-96.005872129999943,33.877010946000041],[-96.003581381999936,33.886088607000033],[-95.99699334799999,33.888955245000034],[-95.986681346999944,33.889432244000034],[-95.978086853999969,33.893491923000056],[-95.96519454099996,33.897071883000024],[-95.956312369999978,33.89969646000003],[-95.945985539999981,33.918564313000047],[-95.94054532499996,33.913066911000044],[-95.927654294999968,33.909953508000058],[-95.915620129999979,33.910183748000065],[-95.904167700999949,33.903485317000047],[-95.895875377999971,33.891772169000035],[-95.881569547999959,33.881007737000061],[-95.860389157999975,33.873338430000047],[-95.836343843999941,33.868288481000036],[-95.814864833999991,33.868970734000072],[-95.796523948999948,33.873954511000079],[-95.782196479999982,33.876793391000035],[-95.769600170999979,33.875095306000048],[-95.757854415999986,33.876264244000026],[-95.746385904999954,33.88006027800003],[-95.748647060999986,33.889143152000031],[-95.758644376999939,33.898004608000065],[-95.761764061999941,33.908044894000057],[-95.759729682999989,33.917118405000053],[-95.747978849999981,33.917808556000068],[-95.729070823999962,33.916568720000043],[-95.714737269999944,33.918204422000031],[-95.70411808099999,33.922476260000053],[-95.694659433999959,33.922927972000025],[-95.688095889999943,33.916220275000057],[-95.678660220999973,33.911414963000027],[-95.668341132999956,33.91233962900003],[-95.662865198999953,33.919489709000061],[-95.655090132999987,33.92782683400003],[-95.630698810999945,33.93419726500008],[-95.617206375999956,33.938450981000074],[-95.56564508799994,33.960319617000039],[-95.551290008999956,33.954660324000031],[-95.537785214999985,33.950207988000045],[-95.530958400999964,33.941578178000043],[-95.528045255999984,33.930671580000023],[-95.522140726999964,33.921663182000032],[-95.50819125999999,33.916249804000074],[-95.496966467999982,33.91505187000007],[-95.486230288999991,33.90945938200008],[-95.468397357999947,33.902875909000045],[-95.446407533999945,33.901046387000065],[-95.428744381999991,33.903057502000024],[-95.419788343999983,33.905303584000023],[-95.405594543999939,33.903124813000034],[-95.393503993999957,33.895986925000045],[-95.38439619899998,33.888673532000041],[-95.372746060999987,33.884211505000053],[-95.36563971399994,33.88455258700003],[-95.35300631399997,33.88810944100004],[-95.329922851999982,33.907081521000066],[-95.318909126999984,33.908351080000045],[-95.305223376999948,33.901002206000044],[-95.299354730999937,33.891217716000028],[-95.293423463999943,33.888312700000029],[-95.286080031999973,33.889411518000031],[-95.280733451999936,33.897403213000075],[-95.273906180999973,33.916278739000063],[-95.268079450999949,33.926178168000035],[-95.255128214999957,33.93755800100007],[-95.246354231999987,33.94361381300007],[-95.235545749999972,33.946596643000078],[-95.220183298999984,33.946296725000025],[-95.216029842999944,33.948751640000069],[-95.216213674999949,33.953148989000056],[-95.222325374999969,33.961029205000045],[-95.222009609999986,33.969436901000051],[-95.215297909999947,33.975122932000033],[-95.200346166999964,33.978837113000054],[-95.189819589999956,33.976274627000066],[-95.182757433999939,33.971634627000071],[-95.176630293999949,33.965472164000062],[-95.170030771999961,33.960643751000077],[-95.156519774999936,33.958628737000026],[-95.144621410999946,33.956051308000042],[-95.13144865999999,33.944670332000044],[-95.119196976999945,33.933295354000052],[-95.110147142999949,33.922900961000039],[-95.100146619999975,33.915556087000027],[-95.090968538999959,33.916244428000027],[-95.080143938999981,33.920358382000074],[-95.071189646999983,33.921429210000042],[-95.065283645999955,33.916982817000076],[-95.063520704999974,33.911233930000037],[-95.067719365999949,33.90534509400004],[-95.070128542999953,33.895809601000053],[-95.068143631999988,33.889485703000048],[-95.063385946999972,33.885049193000043],[-95.053371083999991,33.879611363000038],[-95.041230526999982,33.879314083000054],[-95.026537942999937,33.881477200000063],[-95.007052946999977,33.882065834000059],[-94.999245238999947,33.88333222600005],[-94.989449024999942,33.879037204000042],[-94.989767282999992,33.872351067000068],[-94.984809218999942,33.866189287000054],[-94.95235992399995,33.843617464000033],[-94.935956051999938,33.853778418000047],[-94.92591656999997,33.851004302000035],[-94.91731194099998,33.844039101000078],[-94.919514548999985,33.834123313000077],[-94.928789500999983,33.825997378000068],[-94.925951192999946,33.816223112000046],[-94.912658712999985,33.801185278000048],[-94.895269318999965,33.784957997000049],[-94.887756828999954,33.766632099000049],[-94.879134226999952,33.76176636100007],[-94.868428459999961,33.758598109000047],[-94.858314948999976,33.761740968000026],[-94.846902942999975,33.774997055000028],[-94.834515958999987,33.77696712200003],[-94.820179028999974,33.771844166000051],[-94.818993668999951,33.759792503000028],[-94.817701559999989,33.754619043000048],[-94.810186460999944,33.752435128000059],[-94.802785999999969,33.757513355000071],[-94.798758376999956,33.766259171000058],[-94.790940862999946,33.768656792000058],[-94.782086291999974,33.764353984000024],[-94.780854928999986,33.755549979000079],[-94.784371566999937,33.750238823000075],[-94.784920745999955,33.744512315000065],[-94.77927398099996,33.740054091000047],[-94.770200924999983,33.735365820000027],[-94.763239787999964,33.727452423000045],[-94.758791812999959,33.719758450000029],[-94.750909478999972,33.712407126000073],[-94.742270171999962,33.709441343000037],[-94.735866470999952,33.70955815800005],[-94.726133236999942,33.703712192000069],[-94.717956236999953,33.700558830000034],[-94.704876069999955,33.703461044000051],[-94.695628251999949,33.70946503600004],[-94.685441396999977,33.716794540000024],[-94.676823035999973,33.725862053000071],[-94.670082133999983,33.732085681000058],[-94.662277548999953,33.733709753000028],[-94.647950227999956,33.729137561000073],[-94.643759522999972,33.720486498000071],[-94.64455110199998,33.714572756000052],[-94.652438851999989,33.708173996000028],[-94.661457992999942,33.702361913000061],[-94.662951136999936,33.695463239000048],[-94.653860122999959,33.692484881000041],[-94.644742553999947,33.691034051000031],[-94.637955133999981,33.68712768100005],[-94.626536096999985,33.686601841000027],[-94.620726046999948,33.69187843800006],[-94.620369130999961,33.698943833000044],[-94.61455422399996,33.704411230000062],[-94.606322192999983,33.704497097000058],[-94.599285847999965,33.701731525000071],[-94.596402807999937,33.696917318000033],[-94.595569865999948,33.692511729000046],[-94.600741902999971,33.684744236000029],[-94.602661354999952,33.679800951000061],[-94.598137265999981,33.67725871600004],[-94.59060425499996,33.676779141000054],[-94.584874309999975,33.677660060000051],[-94.580379500999982,33.673588869000071],[-94.57536735299999,33.67275898500003],[-94.566156313999954,33.676459354000031],[-94.56001258699996,33.675040597000077],[-94.553934535999986,33.670183019000035],[-94.559540843999969,33.663760981000053],[-94.558481967999967,33.659352287000047],[-94.553717607999943,33.657569337000041],[-94.546861148999938,33.657668931000046],[-94.539975307999953,33.659296270000027],[-94.532735581999987,33.655568392000077],[-94.525478034999992,33.652795153000056]],[[-94.42631012399994,35.407922327000051],[-94.424418094999965,35.411357419000069],[-94.422406230999968,35.414551024000048],[-94.42631012399994,35.407922327000051]]],[[[-90.823782793999953,46.872568422000029],[-90.849844594999979,46.872097828000051],[-90.848515178999946,46.842301961000032],[-90.808962640999937,46.842243177000057],[-90.80334499199995,46.844625410000049],[-90.794516931999965,46.846509307000076],[-90.78896036499998,46.848149694000028],[-90.790177842999981,46.853031325000075],[-90.796319738999955,46.857362980000062],[-90.800872567999988,46.861260040000047],[-90.797228304999976,46.865950316000067],[-90.792409765999935,46.871709660000079],[-90.78790063799994,46.873762985000042],[-90.779900175999956,46.878652905000081],[-90.774278132999939,46.881033671000068],[-90.77638946899998,46.888181023000072],[-90.779613520999987,46.895000273000051],[-90.785988908999968,46.903058707000071],[-90.794931868999981,46.906384598000045],[-90.802980110999954,46.907444154000075],[-90.81217182599994,46.907804481000028],[-90.81387123899998,46.913447369000039],[-90.815540073999955,46.919460686000036],[-90.825924490999967,46.925071019000029],[-90.833465600999943,46.925737017000074],[-90.842057866999937,46.926815235000049],[-90.843914126999948,46.930604784000082],[-90.844953210999961,46.937707984000042],[-90.850382128999968,46.944238221000035],[-90.856057470999986,46.94780398100005],[-90.861764090999941,46.950998947000073],[-90.870390911999948,46.951704738000046],[-90.88115182699994,46.952864077000072],[-90.886890678999976,46.95568740300007],[-90.900236728999971,46.958431567000048],[-90.908865014999947,46.959134843000072],[-90.915090736999957,46.956028586000059],[-90.917198963999965,46.950162402000046],[-90.915580089999935,46.943409797000072],[-90.916034589999981,46.937851701000056],[-90.922829042999979,46.934395105000078],[-90.931605268999988,46.933244209000065],[-90.937316505999945,46.929745447000073],[-90.940893659999972,46.925793257000066],[-90.948857429999975,46.921264819000044],[-90.959644569999966,46.922047323000072],[-90.964302355999962,46.924826383000038],[-90.969080463999944,46.926122995000071],[-90.976052374999938,46.927130912000052],[-90.982271541999978,46.924021234000065],[-90.988068664999957,46.919408471000054],[-90.995036003999985,46.913724511000055],[-91.003564820999941,46.908842480000033],[-90.926538010999991,46.908888552000064],[-90.926770143999988,46.925996700000042],[-90.858345326999938,46.92670478000008],[-90.85800947499996,46.911078779000036],[-90.825442669999973,46.91129761500008],[-90.823782793999953,46.872568422000029]]],[[[-84.659260355999947,30.579234522000036],[-84.657150754999975,30.546102896000036],[-84.620232939999937,30.548069343000066],[-84.620370606999984,30.58039050900004],[-84.659260355999947,30.579234522000036]]],[[[-89.143784911999944,46.963846770000032],[-89.142000684999971,46.947000407000075],[-89.082564998999942,46.94783082500004],[-89.08223161799998,46.974192989000073],[-89.143784911999944,46.963846770000032]]],[[[-78.318950047999977,42.249732251000069],[-78.318215844999941,42.216712985000072],[-78.276711227999954,42.215797810000026],[-78.276455043999988,42.250085589000037],[-78.318950047999977,42.249732251000069]]],[[[-88.110267353999973,31.742902636000053],[-88.107642107999936,31.741605660000062],[-88.109459158999982,31.735803648000058],[-88.110394246999988,31.730634568000028],[-88.107538268999974,31.726580431000059],[-88.105458285999987,31.722933234000038],[-88.10503577299994,31.719060184000057],[-88.105742048999957,31.712128122000024],[-88.104438089999974,31.708887976000028],[-88.102023957999961,31.704517459000044],[-88.097107089999952,31.700658829000076],[-88.09553970799999,31.696002079000039],[-88.094959940999956,31.689672893000079],[-88.093974969999977,31.683313557000076],[-88.051994957999966,31.682532626000068],[-88.065926293999951,31.749718499000039],[-88.110267353999973,31.742902636000053]]],[[[-88.137608225999941,31.75640388000005],[-88.153995548999944,31.796384745000069],[-88.191179585999976,31.796682093000072],[-88.190696167999988,31.789312128000063],[-88.188680542999975,31.784972752000044],[-88.185307675999979,31.781930424000052],[-88.182886719999942,31.777561116000072],[-88.182264224999983,31.771578055000077],[-88.179948775999947,31.766168778000065],[-88.175870636999946,31.762026470000023],[-88.170806292999941,31.75955743600008],[-88.16172026199996,31.756441855000048],[-88.155033970999966,31.753852188000053],[-88.148578112999985,31.753025351000076],[-88.137608225999941,31.75640388000005]]],[[[-92.355772099999967,47.855198564000034],[-92.362132654999982,47.853601772000047],[-92.364620248999984,47.852977165000027],[-92.369569367999986,47.853936877000081],[-92.379352090999987,47.855833271000051],[-92.388952316999962,47.855144338000059],[-92.389234817999977,47.854961708000076],[-92.396259805999989,47.850419626000075],[-92.400649463999969,47.850824279000051],[-92.404928031999987,47.85121854700003],[-92.412082079999948,47.853868968000029],[-92.416754671999968,47.849092624000036],[-92.416634329999965,47.845774418000076],[-92.416524590999984,47.84274828000008],[-92.416368990999956,47.838456893000057],[-92.406284257999971,47.824691840000071],[-92.402167219999967,47.824204292000047],[-92.399851615999978,47.827617405000069],[-92.385912977999965,47.830461840000055],[-92.358323688999974,47.835964949000072],[-92.344335712999964,47.838550137000027],[-92.333311898999966,47.840586314000063],[-92.330525347999981,47.844863165000049],[-92.342759598999976,47.851818743000081],[-92.355772099999967,47.855198564000034]]],[[[-90.616460458999939,46.862438602000054],[-90.617045983999958,46.843125647000079],[-90.607800788999953,46.843492860000026],[-90.607720624999956,46.82563927700005],[-90.599011630999939,46.832349769000075],[-90.59678101999998,46.839324436000027],[-90.594646399999988,46.845187256000031],[-90.596260099999938,46.851574981000056],[-90.601848194999945,46.85589359800008],[-90.608041453999988,46.85949284600008],[-90.616460458999939,46.862438602000054]]],[[[-90.015786891999937,46.071048769000072],[-90.014320829999974,45.989307161000056],[-89.979994719999979,45.988736908000078],[-89.979055916999982,45.901936865000039],[-89.782889633999957,45.900128788000075],[-89.782725769999956,45.877159454000036],[-89.746471497999948,45.87710760300007],[-89.749037774999977,45.988315425000053],[-89.755852498999957,45.98796733000006],[-89.757817005999982,46.071101757000065],[-90.015786891999937,46.071048769000072]]],[[[-88.474882018999949,45.11210198100008],[-88.514426747999948,45.11195828700005],[-88.641809973999955,45.111412568000048],[-88.967636286999948,45.109441309000033],[-88.96545985399996,44.938948284000048],[-88.869254299999966,44.938463808000051],[-88.717673441999978,44.937553670000057],[-88.716632739999966,44.847720674000072],[-88.659778200999938,44.847738608000043],[-88.580119643999979,44.899224243000049],[-88.511492014999988,44.943482840000058],[-88.474039093999977,44.915635645000066],[-88.474882018999949,45.11210198100008]]],[[[-88.020483018999983,44.52818641500005],[-88.020165184999939,44.539154087000043],[-88.021762765999938,44.546501391000049],[-88.026631078999969,44.550744160000079],[-88.033840945999941,44.563803963000055],[-88.036934489999965,44.574503438000079],[-88.049182586999962,44.575053131000061],[-88.058846782999979,44.570109097000056],[-88.069737324999949,44.565703547000055],[-88.085537889999955,44.563453564000042],[-88.093047783999964,44.560222443000043],[-88.10276235799995,44.554815956000027],[-88.11147088599995,44.547033852000027],[-88.074009521999983,44.530390431000058],[-88.036368848999984,44.513647096000057],[-88.020483018999983,44.52818641500005]]],[[[-88.437652352999976,46.760061314000041],[-88.433113581999976,46.669143154000039],[-88.302221822999968,46.670839349000062],[-88.298961727999938,46.761127216000034],[-88.301288924999938,46.820745019000071],[-88.295886694999979,46.825188168000068],[-88.278841464999971,46.828475189000073],[-88.266478805999952,46.838695729000051],[-88.253600103999986,46.847457407000036],[-88.555908818999967,46.848134994000077],[-88.552830894999943,46.760903246000055],[-88.437652352999976,46.760061314000041]]],[[[-84.952632859999937,43.555595545000074],[-84.844283963999942,43.554629118000037],[-84.843664628999989,43.59726411500003],[-84.729804232999982,43.595419288000073],[-84.611774796999953,43.593689969000025],[-84.611280867999938,43.811331497000026],[-84.73153924799999,43.812024176000079],[-84.732008076999989,43.727300309000043],[-84.869042525999987,43.728318907000073],[-84.965489604999959,43.728945947000057],[-84.96397759499996,43.555691300000035],[-84.952632859999937,43.555595545000074]]],[[[-76.747745839999936,43.002737839000076],[-76.770172773999946,42.979194857000039],[-76.77150600899995,42.96800230000008],[-76.775490601999934,42.954377141000066],[-76.78033266999995,42.944450588000052],[-76.781265373999986,42.934619977000068],[-76.781799729999989,42.926151835000042],[-76.82557518599998,42.922360411000057],[-76.827096536999989,42.910484989000054],[-76.837755530999971,42.907174120000036],[-76.851567628999987,42.729747932000066],[-76.642773070999965,42.72943478600007],[-76.675779000999967,42.890839140000026],[-76.747745839999936,43.002737839000076]]],[[[-74.766620831999944,44.975145726000051],[-74.76758231499997,44.970082385000069],[-74.764762134999955,44.967515563000063],[-74.756568104999985,44.965608099000065],[-74.736796058999971,44.967490262000069],[-74.701261779999982,44.972448329000031],[-74.70172942499994,44.968868903000043],[-74.712083351999979,44.964351420000071],[-74.722167523999985,44.965014116000077],[-74.752488291999953,44.960214877000055],[-74.753386516999967,44.929009208000025],[-74.532434060999947,44.931682422000051],[-74.532189487999972,44.95412669600006],[-74.520549180999978,44.953705188000072],[-74.518933140999934,44.978006325000081],[-74.766620831999944,44.975145726000051]]],[[[-90.835100569999952,46.605969100000038],[-90.834969206999972,46.58496738000008],[-90.81631340499996,46.585091229000057],[-90.815015314999982,46.413166088000025],[-90.562646116999986,46.414099961000034],[-90.564854221999951,46.538945307000063],[-90.494147414999986,46.537719131000074],[-90.495795781999959,46.575508324000054],[-90.504053251999949,46.580568118000031],[-90.51454455399994,46.581434340000044],[-90.532147617999954,46.579166495000038],[-90.543048670999951,46.575332843000069],[-90.553613956999982,46.575341846000072],[-90.566905076999944,46.579748497000026],[-90.585218411999961,46.590789028000074],[-90.604703714999971,46.602731567000035],[-90.62303043299994,46.613766184000042],[-90.645228840999948,46.623241005000068],[-90.659375111999964,46.632385473000056],[-90.677829207999991,46.64213056300008],[-90.694356212999935,46.652651992000074],[-90.702603702999966,46.65812532800004],[-90.716103397999973,46.660380931000077],[-90.723726192999948,46.658543919000067],[-90.741855721999968,46.657554413000071],[-90.755941095999958,46.660257700000045],[-90.766222341999935,46.656381746000079],[-90.764612163999971,46.653318635000062],[-90.745971749999967,46.653005473000064],[-90.735645101999978,46.650022686000057],[-90.733488454999986,46.64608030800008],[-90.746581889999959,46.645745887000032],[-90.759126708999986,46.644531426000071],[-90.769476628999939,46.639800961000049],[-90.773112297999944,46.633518123000044],[-90.780979653999964,46.628688232000059],[-90.792971591999958,46.626591805000032],[-90.804662142999973,46.620626112000025],[-90.814012921999961,46.612853340000072],[-90.823043304999942,46.60892367200006],[-90.835100569999952,46.605969100000038]]],[[[-78.772827698999947,42.196910151000054],[-78.783861600999955,42.193316958000025],[-78.796087268999941,42.187544188000061],[-78.80737765899994,42.185394887000029],[-78.810890320999988,42.18401626800005],[-78.819679004999955,42.18667634500008],[-78.839200476999963,42.159862960000055],[-78.841687319999949,42.132974581000042],[-78.861667126999976,42.126421117000064],[-78.874018396999986,42.122539305000032],[-78.882860520999941,42.120037116000049],[-78.891759700999955,42.122239006000029],[-78.891583709999964,42.157437308000056],[-78.903737502999945,42.166673454000033],[-78.917222747999972,42.155903239000054],[-78.914424937999968,42.107605402000047],[-79.003657515999976,42.031933852000066],[-79.002685745999941,41.993974435000041],[-78.957773374999988,41.994394563000071],[-78.959732292999945,42.023849507000079],[-78.92153069799997,42.045209556000032],[-78.904942141999982,42.068219236000061],[-78.876322977999962,42.071671283000057],[-78.854618435999953,42.085025373000065],[-78.829380521999951,42.08753940400004],[-78.806276440999966,42.096459626000069],[-78.792795829999989,42.119433421000053],[-78.788103761999935,42.135205190000079],[-78.778722197999969,42.14467055800003],[-78.77036499999997,42.147705153000061],[-78.723162995999985,42.13249789200006],[-78.722232829999939,42.09947698700006],[-78.68853689599996,42.068799320000039],[-78.652589958999954,42.068797760000052],[-78.645728124999948,42.075798216000067],[-78.634548626999958,42.075127335000047],[-78.625056064999967,42.07281891000008],[-78.622427737999942,42.078079172000059],[-78.613737632999971,42.084814673000039],[-78.594379658999969,42.079200181000033],[-78.586376167999958,42.080863585000031],[-78.571790685999986,42.095674296000027],[-78.588728995999986,42.11786092400007],[-78.59440294999996,42.113040793000039],[-78.59958575099995,42.107679642000051],[-78.658282792999955,42.122245887000076],[-78.662466319999965,42.128016138000078],[-78.68467727999996,42.164096327000038],[-78.772827698999947,42.196910151000054]]],[[[-123.19518043899996,39.802355170000055],[-123.19100363799998,39.823407170000053],[-123.19099382099995,39.827784764000057],[-123.18621064399997,39.827743809000026],[-123.14339744999995,39.826384026000028],[-123.13965347499999,39.839806847000034],[-123.12553237599997,39.845162474000063],[-123.13910853099998,39.857985056000075],[-123.14807089999999,39.867389787000036],[-123.14688429699999,39.874189135000051],[-123.14354985699998,39.887012860000027],[-123.13362819899999,39.90290189500007],[-123.12695029299999,39.915513802000078],[-123.13134354999994,39.933021925000048],[-123.13546473099996,39.953101377000053],[-123.14718567699998,39.962857812000038],[-123.16110382099998,39.965073792000055],[-123.17337187199996,39.96316721900007],[-123.19167785299999,39.956817512000043],[-123.19894967299996,39.950577979000059],[-123.20109445799994,39.94455272600004],[-123.20973728099995,39.938487750000036],[-123.22547111799997,39.932240213000057],[-123.24084530699997,39.931592134000027],[-123.25103989599995,39.926156676000062],[-123.26302918199997,39.926812677000044],[-123.27242762599997,39.935608328000058],[-123.28174365099994,39.947432881000054],[-123.28772059699997,39.95904990300005],[-123.28682979099995,39.969795447000024],[-123.27988969199998,39.978470580000078],[-123.27079445799995,39.986654758000043],[-123.25867847299997,39.997060926000074],[-123.25024719999999,40.005284971000037],[-123.25205646899997,40.017894151000064],[-123.26425858899995,40.025524613000073],[-123.28209134499997,40.02930682300007],[-123.30070586299996,40.033402222000063],[-123.31788763899999,40.032318768000039],[-123.33172307999996,40.031027336000079],[-123.33931827599997,40.027209421000066],[-123.34315667199996,40.023785467000039],[-123.34219282599997,40.008463698000071],[-123.34744582799999,40.003698360000044],[-123.35540663599994,40.000794566000025],[-123.36098694699996,39.998458624000079],[-123.36746829799995,39.99189334600004],[-123.39050708399998,39.992407609000054],[-123.40618356499999,39.995682784000053],[-123.41870213499999,39.999210332000075],[-123.43382574099996,40.001109357000075],[-123.44067102099996,39.995455008000079],[-123.44168479899997,39.986680770000078],[-123.44733875199995,39.981310990000054],[-123.45867507699995,39.977087548000043],[-123.46793242899997,39.96934630800007],[-123.47072565999997,39.960143809000044],[-123.47214413699999,39.950769106000052],[-123.46160699699999,39.939244828000028],[-123.44939842699995,39.931634465000059],[-123.44369868499996,39.915938227000026],[-123.43558655799995,39.902326451000079],[-123.43293979899994,39.882887219000054],[-123.42823926099999,39.874479697000027],[-123.42520325499999,39.870189527000036],[-123.42307561899997,39.853637294000066],[-123.42157154099999,39.829759164000052],[-123.30629027499998,39.828713227000037],[-123.29246758599999,39.828607866000027],[-123.28972208499999,39.814210583000033],[-123.28820345799994,39.79463381000005],[-123.27654388399998,39.791424015000075],[-123.27243129399994,39.762936937000063],[-123.25684521599999,39.75850749500006],[-123.24278446199997,39.760922362000031],[-123.24131377999998,39.774977987000057],[-123.22539146399998,39.775388862000057],[-123.20882075199995,39.777832574000058],[-123.21040959199996,39.789113817000043],[-123.19664338899997,39.791263108000066],[-123.19518043899996,39.802355170000055]]],[[[-123.48418607699995,41.109595132000038],[-123.47509679099994,41.113227383000037],[-123.47774849399997,41.116538548000051],[-123.59019666199998,41.256596952000052],[-123.63776919599997,41.234834137000064],[-123.66009060199997,41.26237889600003],[-123.70096117099996,41.29659676600005],[-123.70913428999995,41.303383931000042],[-123.73152164099997,41.321965031000047],[-123.74720527899996,41.339571516000035],[-123.75069573199994,41.363838722000025],[-123.78122405699997,41.39297676800004],[-123.81353686599999,41.434238189000041],[-123.83271483799996,41.479878266000071],[-123.85126515499996,41.508097733000056],[-123.87997701399996,41.532643740000026],[-123.91960085199997,41.567140489000053],[-123.94918409399997,41.601516165000078],[-124.00131559599998,41.617952911000032],[-124.04045021999997,41.623416940000027],[-124.03626262999995,41.597795997000048],[-124.03414690599999,41.569167629000049],[-124.03526793599997,41.551317733000076],[-124.03884984799998,41.542422685000076],[-124.03616148599997,41.523474898000075],[-123.97883699099998,41.519106856000064],[-123.94665414999997,41.50620318600005],[-123.91712807299996,41.471067103000053],[-123.89863537099995,41.428778790000081],[-123.88506756999999,41.40289139600003],[-123.85524237899995,41.376362227000072],[-123.83424849999994,41.353349587000025],[-123.83098267799994,41.326513724000051],[-123.82313469299999,41.307799232000036],[-123.78133791399995,41.287111436000032],[-123.77862633499996,41.285768364000035],[-123.75083359699994,41.26226245600003],[-123.73490168699999,41.238443948000054],[-123.70393497699996,41.204510626000058],[-123.78997137599998,41.164984760000038],[-123.68322651399995,41.029783074000079],[-123.48418607699995,41.109595132000038]]],[[[-123.87694234299994,47.50054728200007],[-123.87574853099994,47.501118517000066],[-124.34932394699996,47.52805457900007],[-124.35551207799995,47.530033612000068],[-124.35741846599996,47.534724400000073],[-124.36200770499994,47.538162864000071],[-124.36902074699998,47.537740685000074],[-124.37046640699998,47.533205509000027],[-124.36826212699998,47.528579792000073],[-124.36832828699994,47.523901892000026],[-124.36720683199997,47.519483554000033],[-124.36509908599999,47.515058728000042],[-124.36230212899994,47.510562472000061],[-124.35940026899999,47.506533268000055],[-124.35699669799999,47.50217303800008],[-124.35834666,47.497436372000038],[-124.36126654199995,47.493244632000028],[-124.36231922099995,47.488572701000066],[-124.36149557799996,47.48408895700004],[-124.35929372799995,47.47946242900008],[-124.35891937399998,47.476605224000082],[-124.35867140699997,47.474712493000027],[-124.35844156299999,47.470098756000027],[-124.35821175399997,47.465484956000068],[-124.35896756099999,47.460877570000036],[-124.35992417099999,47.456004046000032],[-124.36009180699995,47.45478251000003],[-124.36058404699997,47.45119535200007],[-124.36005758999994,47.446646205000036],[-124.35785718499994,47.442019148000043],[-124.35515971699999,47.437722966000081],[-124.35404077299995,47.433303407000039],[-124.35213777699994,47.428611183000044],[-124.35250151099996,47.423867035000058],[-124.35227231899995,47.419252605000054],[-124.34798889399997,47.415747735000025],[-124.34558966899999,47.411386148000076],[-124.34368799099997,47.406693505000078],[-124.34119387499999,47.402130514000078],[-124.34004736299994,47.399715936000064],[-124.34108060099999,47.39637994900005],[-124.34080372099999,47.395107774000053],[-124.33731606399999,47.391206479000061],[-124.33807252199995,47.386598219000064],[-124.33725200099997,47.382112998000025],[-124.33574360299997,47.377556211000069],[-124.33590754999994,47.373077506000072],[-124.33567978699995,47.368462371000078],[-124.33485968099995,47.363976902000047],[-124.33335190199995,47.359419850000052],[-124.32828066599996,47.356309571000054],[-124.32150857699997,47.355126554000037],[-124.31854406599996,47.353729584000064],[-124.31603675899999,47.35254795700007],[-124.30944598599996,47.352435445000026],[-124.30217769899997,47.35158232200007],[-124.29570279399996,47.350333189000025],[-124.30221825899997,47.348907888000042],[-124.30891407099995,47.348553413000047],[-124.30780005099996,47.344132332000072],[-124.30322825099995,47.340690076000044],[-124.30005229599999,47.336053767000067],[-124.29813371699998,47.334052844000041],[-124.29617917799999,47.332014247000075],[-124.29299396099998,47.328046305000044],[-124.29021072299997,47.323546109000063],[-124.28584221699998,47.319836986000041],[-124.28502637499997,47.315350586000079],[-124.28450663799998,47.310799364000047],[-124.28595319499999,47.306262117000074],[-124.28563419799997,47.301444701000037],[-124.27956638299997,47.299662451000074],[-124.27440887099999,47.30256792800003],[-124.27227441499997,47.307033251000064],[-124.26993881999999,47.311764531000051],[-124.26306702399995,47.311045767000053],[-124.25650202899999,47.309593269000061],[-124.25272852499995,47.30575351400006],[-124.24806754399998,47.302107660000047],[-124.24459098899996,47.298202909000054],[-124.24348247899997,47.293780655000035],[-124.24237412599996,47.289358336000078],[-124.24421422599994,47.284957942000062],[-124.24310597899995,47.280535518000079],[-124.24071939999999,47.276170361000027],[-124.24207333699997,47.271431781000047],[-124.24155712999999,47.266879821000032],[-124.23917118799994,47.262514467000074],[-124.23843764099996,47.257878388000051],[-124.23691305799997,47.256344045000048],[-124.08354382899995,47.256910631000039],[-123.89978971299996,47.467555445000073],[-123.90319398299999,47.468083024000066],[-123.90541689599996,47.46886455300006],[-123.90954990899996,47.469361247000052],[-123.91436623599998,47.469332994000069],[-123.91733424499995,47.469324325000059],[-123.92072252199995,47.470610683000075],[-123.92371983999999,47.471855143000028],[-123.92628069399996,47.472563692000051],[-123.92924078899995,47.472934370000075],[-123.93191694999996,47.473492058000033],[-123.92890031599995,47.475778705000039],[-123.92637364599994,47.47871553300007],[-123.92189904499998,47.481063645000063],[-123.91608179099995,47.483322417000068],[-123.91268925299994,47.484807612000054],[-123.90687130799995,47.487065960000052],[-123.90108173199997,47.490577249000069],[-123.89620581499997,47.493262138000034],[-123.89301803099994,47.495584121000036],[-123.88973960799996,47.496917974000041],[-123.88424565799994,47.497090383000057],[-123.88029148299995,47.498569039000074],[-123.87694234299994,47.50054728200007]]],[[[-123.19967608199994,46.826348014000075],[-123.21256977299998,46.826354993000052],[-123.21326573099998,46.830631441000037],[-123.22307784199995,46.831290548000027],[-123.22224139099995,46.83420652600006],[-123.22923337499998,46.834253586000045],[-123.24032543499999,46.834327484000028],[-123.25980652599998,46.834455022000043],[-123.25925459899997,46.82846203500003],[-123.25838802799996,46.826539031000038],[-123.25566722899998,46.824588245000029],[-123.25518785999998,46.82216164600004],[-123.25397497399996,46.819469354000034],[-123.25032758599997,46.817504517000032],[-123.24698035399996,46.817875467000079],[-123.24243762499998,46.817704094000078],[-123.23706899399997,46.817368328000043],[-123.23284150399996,46.816158259000076],[-123.22975526199997,46.81407398500005],[-123.22486077299999,46.813426557000071],[-123.21833077999997,46.814600447000032],[-123.21462284699999,46.814543788000037],[-123.21171027599996,46.812843759000032],[-123.20813036799996,46.811706463000064],[-123.20243357499999,46.811357660000056],[-123.20118873299998,46.811281407000081],[-123.19752266199998,46.80995147200008],[-123.19213115299999,46.807512321000047],[-123.18856120899994,46.80594349100005],[-123.18879796699997,46.791373852000049],[-123.18669317499996,46.791583742000057],[-123.18276099999997,46.79214670500005],[-123.17831025899994,46.792077459000041],[-123.17351392499995,46.791238068000041],[-123.16954549199994,46.790054639000061],[-123.16589000199997,46.789089441000044],[-123.16820166299999,46.792531305000068],[-123.17049772599995,46.794911979000062],[-123.17055152599994,46.797767285000077],[-123.16996634999998,46.79974605600006],[-123.16981108299996,46.799810545000071],[-123.16576481499999,46.800034126000071],[-123.15727403299996,46.801620023000055],[-123.15195096499997,46.802745983000079],[-123.14561549099994,46.806402664000075],[-123.13927927499998,46.810059006000074],[-123.13563691299998,46.813566841000068],[-123.13565923299996,46.818406267000057],[-123.17398057499997,46.818987195000034],[-123.20417353199997,46.819286207000061],[-123.20432917399995,46.823045130000025],[-123.19949990399999,46.823225497000067],[-123.19967608199994,46.826348014000075]]],[[[-123.14617048299999,47.309098629000061],[-123.14337533499997,47.311352209000063],[-123.14211229099999,47.314582343000041],[-123.14213256599999,47.318841171000031],[-123.14180757099996,47.321133403000033],[-123.14100359799994,47.322969846000035],[-123.14062090099998,47.324532730000044],[-123.14061250299994,47.325884901000052],[-123.14066009799996,47.32823142500007],[-123.14031597399998,47.331083602000035],[-123.13983751599994,47.333037159000071],[-123.13882288299999,47.336214941000037],[-123.13704149099999,47.337699747000045],[-123.13609199599995,47.339700122000067],[-123.13606477099995,47.33975747900007],[-123.13596943699997,47.342557439000075],[-123.13866910899998,47.342234375000032],[-123.140107796,47.342062186000078],[-123.14296279799999,47.342947414000037],[-123.14549212699995,47.34371542100007],[-123.14740876099995,47.345538331000057],[-123.14745732399996,47.345581974000027],[-123.14746815599995,47.345582018000073],[-123.15031895199996,47.347678675000054],[-123.15516857199998,47.352137958000071],[-123.15913520199996,47.353142928000068],[-123.16148994799994,47.355953665000072],[-123.16242213199996,47.359796408000079],[-123.16130472799995,47.36388467900008],[-123.15942701199998,47.366296657000078],[-123.15876539999999,47.371390562000045],[-123.15677392899994,47.374743839000075],[-123.15392735199998,47.376807713000062],[-123.15191726099999,47.378161965000061],[-123.16972965199994,47.378390833000026],[-123.16895202199998,47.368617750000055],[-123.18287569799998,47.36868234700006],[-123.18325356799994,47.360653883000055],[-123.19603857199996,47.360182381000072],[-123.19546350999997,47.345665189000044],[-123.19470540299994,47.318759294000074],[-123.19175286299998,47.315856447000044],[-123.18721181399997,47.313657551000063],[-123.17997257599995,47.313322054000025],[-123.17690687599998,47.31136964500007],[-123.17079830299997,47.311723493000045],[-123.16742774799997,47.311503175000041],[-123.16457384599994,47.310618390000059],[-123.16095308699994,47.30804059500008],[-123.15677822999999,47.307247146000066],[-123.15114885499997,47.30805583800003],[-123.14617048299999,47.309098629000061]]],[[[-122.60787160799998,48.795081723000067],[-122.60532203999998,48.794944120000025],[-122.59339881299996,48.794299976000048],[-122.59349326199998,48.819132928000045],[-122.59350053699995,48.82104484000007],[-122.71394916099996,48.820744570000045],[-122.71460597399999,48.808393619000071],[-122.71652216599995,48.80586696000006],[-122.71729572599997,48.803455943000074],[-122.71739610599997,48.801066720000051],[-122.71732136099996,48.797922781000068],[-122.71726116499997,48.794449159000067],[-122.71726096299994,48.794437482000035],[-122.71687774599997,48.792483387000061],[-122.71475537799995,48.790087451000034],[-122.71240494999995,48.789429412000061],[-122.70709715999999,48.789024346000076],[-122.70396889599999,48.789649902000065],[-122.70239438099998,48.791431322000051],[-122.701730226,48.79281929900003],[-122.70126019199995,48.793801549000079],[-122.70115918199997,48.796190818000071],[-122.70174568599998,48.798217008000051],[-122.70318114899999,48.801024334000033],[-122.70425066799999,48.802567156000066],[-122.70468088499996,48.804624564000051],[-122.70413944599994,48.806424951000054],[-122.70077353099998,48.806533670000078],[-122.69815702999995,48.806041312000048],[-122.69561682999995,48.804969630000073],[-122.69298207099996,48.803691197000035],[-122.69103505399994,48.802049704000069],[-122.68924841299997,48.801504220000027],[-122.68718170099999,48.801465891000078],[-122.68497679899997,48.802244767000047],[-122.68280091499997,48.802340978000075],[-122.68012288799997,48.802086231000033],[-122.67795795699999,48.800713752000036],[-122.67539630699997,48.802578908000044],[-122.67283449699994,48.804444003000071],[-122.66986499999996,48.806164795000029],[-122.66434432399996,48.808281842000042],[-122.66031156699995,48.810665665000045],[-122.65702197499996,48.810194067000054],[-122.65431114499995,48.809494161000032],[-122.64900197399999,48.809086880000052],[-122.64296353899999,48.811193318000051],[-122.63848978599998,48.812987494000026],[-122.63105402299999,48.813905620000071],[-122.62638819099999,48.814158667000072],[-122.62517149099995,48.812269393000065],[-122.62483377699999,48.811744970000063],[-122.63204778999994,48.808799866000072],[-122.63910324499994,48.805508922000058],[-122.64243832199998,48.800320985000042],[-122.64838705799997,48.794611380000049],[-122.65350662299994,48.792082184000037],[-122.65705740599998,48.789865802000065],[-122.65286457899998,48.786933109000074],[-122.65242964399999,48.780988724000053],[-122.65738999499996,48.778113818000065],[-122.65779304299997,48.772755826000036],[-122.66085735299998,48.76962671900003],[-122.66465381299997,48.766338530000041],[-122.66521278299996,48.763696856000081],[-122.66568437799998,48.758931773000029],[-122.66610545499998,48.75534443600003],[-122.67049645799995,48.752715409000075],[-122.67518189899999,48.749443387000042],[-122.67902648299997,48.74497671000006],[-122.67939023199995,48.740621879000059],[-122.67340855099997,48.734616113000072],[-122.66959673699995,48.732069265000064],[-122.66532749699996,48.729808431000038],[-122.66070187499997,48.725477703000081],[-122.65837108999995,48.721661452000035],[-122.65461137299997,48.717936111000029],[-122.64801919899998,48.71380350700008],[-122.64450473699998,48.710612928000046],[-122.64055840099996,48.707119301000034],[-122.63683106399998,48.704749697000068],[-122.63357970999999,48.703669299000069],[-122.62870581799996,48.701117408000073],[-122.622583814,48.700588200000027],[-122.61748863299999,48.701021533000073],[-122.615037229,48.702094742000043],[-122.61380904499998,48.703781624000044],[-122.61127596099999,48.708684065000057],[-122.60966659699994,48.712897530000077],[-122.61126644499996,48.717054480000058],[-122.61386367399996,48.720817797000052],[-122.61569926299995,48.722155175000069],[-122.618267291,48.724026042000048],[-122.62134885299997,48.726914186000045],[-122.62418668799995,48.729267087000039],[-122.62925864399995,48.72942250400007],[-122.63079040999997,48.726975936000031],[-122.62778973699994,48.724266387000057],[-122.62249545199995,48.721041491000051],[-122.62022292199998,48.717991905000076],[-122.62269608699995,48.714384339000048],[-122.62749262799997,48.712648287000036],[-122.63868652599996,48.713332333000039],[-122.64392504099999,48.71578932400007],[-122.64792815399994,48.720050105000041],[-122.64791849699998,48.726474941000049],[-122.64437296799997,48.732243453000081],[-122.64231244499996,48.738688221000075],[-122.63773785999996,48.743493836000027],[-122.63062810499997,48.749194174000081],[-122.62233094699997,48.755519783000068],[-122.61726531599999,48.75925425500003],[-122.61327826199999,48.762773366000033],[-122.60715796399995,48.766133620000062],[-122.60303304399997,48.768706742000063],[-122.60117750199998,48.772384149000061],[-122.60321090299999,48.776843334000034],[-122.60510386799996,48.778411929000072],[-122.60297825499998,48.782143002000055],[-122.60444260799994,48.785353501000031],[-122.60682798999994,48.789937033000058],[-122.60812997999994,48.792790700000069],[-122.60787160799998,48.795081723000067]]],[[[-123.74592727299995,45.216614385000071],[-123.74221029699999,45.038653348000025],[-123.58444982999998,45.036222647000045],[-123.58335186999994,45.215301110000041],[-123.74592727299995,45.216614385000071]]],[[[-122.62308390499999,47.03287503100006],[-122.64412481399995,47.037603450000063],[-122.68446244499995,47.047043535000057],[-122.69510568899994,47.043038250000052],[-122.69448719099995,47.021911858000067],[-122.65523830599994,46.994577570000047],[-122.62376145099995,46.995055771000068],[-122.62308390499999,47.03287503100006]]],[[[-124.03004379699996,46.721679464000033],[-124.02751913499998,46.720843251000076],[-124.02501051799999,46.719614468000032],[-124.02260850399995,46.717917704000058],[-124.01848519299995,46.714597296000079],[-124.01510199499995,46.713043585000037],[-124.01394920999996,46.712478690000069],[-124.00883986399998,46.709818667000036],[-123.99754220499995,46.704956753000033],[-123.99019363399998,46.702341872000034],[-123.98456577099995,46.701350685000079],[-123.98520493299998,46.70832370200003],[-123.99061997399997,46.710250672000029],[-123.99772923699999,46.710250663000068],[-124.00234465699998,46.713241436000033],[-124.00992137799994,46.714249963000043],[-124.01184786799996,46.715454420000071],[-124.01492457399996,46.717377839000051],[-124.01856748899996,46.72035896400007],[-124.01872826299996,46.722102102000065],[-124.01607389699996,46.723350307000032],[-124.01035029399998,46.722158450000052],[-124.00738802499995,46.719250442000032],[-124.00302565199996,46.718204904000061],[-124.00175130899999,46.717521029000068],[-123.99743606799996,46.71520504800003],[-123.99268731499996,46.714021546000026],[-123.98881911599995,46.712645236000071],[-123.98377726299998,46.711525617000063],[-123.98034906099997,46.712497835000079],[-123.98447020799995,46.715819452000062],[-123.98948564199998,46.718278530000077],[-123.99584888199996,46.721553927000059],[-123.99930431999996,46.724131875000069],[-124.00434746699995,46.725250864000031],[-124.00525528799994,46.728608629000064],[-124.00349418399998,46.72899409200005],[-123.99863756799999,46.728278749000026],[-123.99455489499996,46.727838457000075],[-123.98952510299995,46.726049368000076],[-123.98512224499996,46.727012461000072],[-123.98517529899999,46.729223495000042],[-123.98638912299998,46.731847431000062],[-123.98811019399994,46.733471368000039],[-124.03011207199995,46.732982613000047],[-124.03004379699996,46.721679464000033]]],[[[-123.75514097499996,45.072367457000041],[-123.76918733399998,45.080881718000057],[-123.79240723199996,45.083178363000059],[-123.88671982999995,45.082064993000074],[-123.90178099799999,45.081880770000055],[-124.02591798299994,45.081686398000045],[-124.03918045399996,45.081658529000038],[-124.04399799999999,45.05749105700005],[-124.04361704999997,45.035089567000057],[-124.04336905099996,45.019841001000032],[-124.04181730899995,45.010509120000052],[-124.04312116599999,45.004591954000034],[-124.04840369499999,44.998711748000062],[-124.04984552699995,44.985266057000047],[-124.05290188199996,44.970517223000058],[-124.05003037999995,44.968043369000043],[-124.04193155499996,44.968626769000025],[-124.03212502399998,44.968346453000038],[-124.03330163799995,44.962145298000053],[-124.03157266399995,44.955351920000055],[-124.02459935899998,44.952556261000041],[-124.02551862699994,44.938916315000029],[-124.02222955899998,44.930601564000028],[-124.03970778999997,44.931331382000053],[-124.04653478899996,44.934783904000028],[-124.04946260799994,44.941306117000067],[-124.05133774099994,44.947441896000043],[-124.05393640199998,44.950289817000055],[-124.05711370099999,44.950507452000068],[-124.06177805799996,44.949138528000049],[-124.06505803799996,44.943709228000046],[-124.06449925899994,44.930714184000067],[-124.06479025499999,44.914714311000068],[-124.06596275499999,44.90851217800008],[-124.06565867899997,44.896083371000032],[-124.06984376599996,44.891697218000047],[-124.07440166899994,44.881289343000049],[-124.07782136099996,44.875201292000042],[-124.08424325799996,44.864056517000051],[-124.08377495199994,44.853225659000032],[-124.08726926299994,44.850244538000027],[-124.08810684099996,44.840366648000042],[-124.08371269999998,44.834489771000051],[-124.08293977399995,44.82591513300008],[-124.08354008799995,44.814528194000047],[-124.07918186899997,44.806768079000051],[-124.07740957199997,44.794982522000055],[-124.06853716299997,44.781060233000062],[-124.06475948599996,44.770667883000044],[-124.06515964499999,44.755888015000039],[-124.06782852899994,44.747155214000031],[-124.07377373499997,44.739864699000066],[-124.07720794299996,44.732061285000043],[-124.04791015999996,44.732094016000076],[-123.75676283599995,44.732053373000042],[-123.75600416899999,44.765192444000036],[-123.75345142799995,44.950148028000058],[-123.75322708899995,45.038687409000033],[-123.75366605799996,45.046415594000052],[-123.75514097499996,45.072367457000041]]],[[[-123.12074435999995,47.332856912000068],[-123.12160430799997,47.336045326000033],[-123.12178848699995,47.338384389000055],[-123.12379417699998,47.341444835000061],[-123.12338438199998,47.314704289000076],[-123.11157691999995,47.317670946000078],[-123.11187795899997,47.339517425000054],[-123.11742634899997,47.334541440000066],[-123.11924931999999,47.332773308000071],[-123.12074435999995,47.332856912000068]]],[[[-122.89647522199999,47.168471105000037],[-122.89549827299999,47.170871268000042],[-122.89715538499996,47.173922058000073],[-122.89878984799998,47.177576724000062],[-122.90064692399994,47.182383431000062],[-122.90085991599994,47.186133891000054],[-122.89811111299997,47.188502861000075],[-122.90016423899999,47.19047266900003],[-122.90529337099997,47.190804289000027],[-122.90806918599998,47.192424030000041],[-122.90886423999996,47.19485510100003],[-122.90984564199999,47.197047692000069],[-122.91187673099995,47.199621157000081],[-122.91340825599997,47.203696548000039],[-122.91360356999996,47.204073298000026],[-122.91555802499994,47.20784307200006],[-122.91719446899998,47.211497161000068],[-122.91984444699995,47.214141586000039],[-122.92354464099998,47.217166725000027],[-122.92654515199996,47.219937900000048],[-122.92882331399994,47.223059015000047],[-122.93119176199997,47.223764680000045],[-122.93253208299996,47.222752564000075],[-122.93338206499999,47.222110692000058],[-122.93339013999997,47.219512590000079],[-122.93283944999996,47.217629905000081],[-122.93157570399995,47.215362568000046],[-122.93134315499998,47.214945320000027],[-122.93123204399996,47.213858684000058],[-122.93108319699996,47.212402951000058],[-122.930845138,47.212165456000037],[-122.92843281399996,47.209758736000026],[-122.92568664799995,47.204937415000074],[-122.92480326599997,47.197731189000081],[-122.92289868999995,47.194132822000029],[-122.92171661799995,47.190184373000079],[-122.91985767399996,47.185378065000066],[-122.91817651299999,47.18293157100004],[-122.91272979899998,47.179271160000042],[-122.90833292399998,47.17599143800004],[-122.90836210299994,47.174378760000081],[-122.90710666799998,47.173250521000057],[-122.90497215399995,47.171097994000036],[-122.90251087799999,47.168214483000042],[-122.89979520999998,47.16738119300004],[-122.89647522199999,47.168471105000037]]],[[[-124.69854956299997,48.387742483000068],[-124.70534844999997,48.387460590000046],[-124.71215175099996,48.386663962000057],[-124.71887896899995,48.385712381000076],[-124.72583372899999,48.385224294000068],[-124.73195311099994,48.383035179000046],[-124.73422817599999,48.378773919000025],[-124.73357056399999,48.37429596100003],[-124.73028457499998,48.370219710000072],[-124.72537037699999,48.367011762000061],[-124.71874330699995,48.365546204000054],[-124.71297780899999,48.362694623000039],[-124.70829716899999,48.359435431000065],[-124.70585234199996,48.356544922000069],[-124.70640578199999,48.355055139000058],[-124.70513484399999,48.350368506000052],[-124.70045557799995,48.347108914000046],[-124.69639696499996,48.343542906000039],[-124.69071038399994,48.340844829000048],[-124.68416277099999,48.339532119000069],[-124.67774309299995,48.341100766000068],[-124.67102500499999,48.341535988000032],[-124.66681707999999,48.337659707000057],[-124.66338129599995,48.33378650800006],[-124.65940635699997,48.329859430000056],[-124.65354018299996,48.327314898000054],[-124.65015773999994,48.328790777000052],[-124.64209930599998,48.332254383000077],[-124.63852352999999,48.334914095000045],[-124.63532045499994,48.338861580000071],[-124.63251054199998,48.342038959000035],[-124.62962471099996,48.345061563000058],[-124.63035511699997,48.349180671000056],[-124.63062664499995,48.352886097000066],[-124.63013665799997,48.355559147000065],[-124.63057498699999,48.358030534000079],[-124.63025076999998,48.358696489000067],[-124.62955028699997,48.360135249000052],[-124.62828822199998,48.362804779000044],[-124.62848922399996,48.365840947000038],[-124.62947782299995,48.367337267000039],[-124.62999186399998,48.369963232000032],[-124.62792291899996,48.374057497000081],[-124.63153941499996,48.377326572000072],[-124.63153425499996,48.377840979000041],[-124.63351718899997,48.380319043000043],[-124.63380447299994,48.382480896000061],[-124.63848288399998,48.385742402000062],[-124.64527678099995,48.385977892000028],[-124.65135921399997,48.387907548000044],[-124.65806285099995,48.389530919000038],[-124.66478147999999,48.389610791000052],[-124.67141469899997,48.390564470000072],[-124.67852200599998,48.390388077000068],[-124.68540651199999,48.389233036000064],[-124.69183109499994,48.387664273000041],[-124.69854956299997,48.387742483000068]]],[[[-115.99911385899998,42.004222887000026],[-116.00247374599996,42.075728359000038],[-116.04186366699997,42.075430601000051],[-116.04250047099998,42.151013994000039],[-116.39837484899999,42.152694577000034],[-116.39722637799997,42.076740670000049],[-116.32961611499996,42.076571172000058],[-116.32922016899994,42.005160441000044],[-116.33516378099995,41.82870945600007],[-116.00427548999994,41.825726384000063],[-115.99911385899998,42.004222887000026]]],[[[-118.44940077599995,48.028708486000028],[-118.44471968399995,48.03717087800004],[-118.43852344299995,48.045409378000045],[-118.43278553999994,48.051849438000033],[-118.43148381299994,48.053310218000036],[-118.41955623099994,48.057721400000048],[-118.41938689999995,48.057270643000038],[-118.40611278199998,48.061907613000074],[-118.39265927799994,48.062259435000044],[-118.38089620199997,48.067117866000046],[-118.36659985699998,48.067129626000053],[-118.35448437099996,48.063418152000054],[-118.34270536599996,48.058690718000037],[-118.33260831599995,48.05272119600005],[-118.31932319999999,48.051600047000079],[-118.30705085399995,48.055099582000025],[-118.29326346399995,48.058372847000044],[-118.28250257199994,48.064011712000081],[-118.27947785099997,48.073143582000057],[-118.27476973999995,48.08159891400004],[-118.26669510799996,48.088701292000053],[-118.25861858999997,48.09580303000007],[-118.25912294699998,48.104820862000054],[-118.26316220299998,48.113725739000074],[-118.26787601499996,48.122517507000055],[-118.26333084899994,48.131421970000076],[-118.25103918399998,48.134915558000046],[-118.23655789799994,48.136378827000044],[-118.22308450499997,48.140545853000049],[-118.21600590399999,48.148433124000064],[-118.20757774999998,48.15654470000004],[-118.19982131299997,48.164543156000036],[-118.19593710499998,48.173331790000077],[-118.19610510099994,48.17378265800005],[-118.19254257899996,48.194967139000028],[-118.19303717799994,48.20396829200007],[-118.19303795299999,48.203982390000078],[-118.18915024399996,48.212769731000037],[-118.18593603099998,48.221444416000054],[-118.18272089799996,48.230118784000069],[-118.18186545299994,48.239357618000042],[-118.17949179699997,48.248369921000062],[-118.17391307699995,48.25647854500005],[-118.17592454399994,48.265718396000068],[-118.17793662399998,48.274957942000071],[-118.17724798099999,48.284646155000075],[-118.17774181399994,48.293658881000056],[-118.18178169999999,48.302560834000076],[-118.18649839399995,48.311350142000038],[-118.18986503399998,48.320363617000055],[-118.19255686399998,48.329489042000034],[-118.19085718199995,48.338386642000046],[-118.19102559799995,48.338837280000064],[-118.19656812099998,48.369025359000034],[-118.19588138599994,48.37871073000008],[-118.20381959899998,48.386485226000048],[-118.20719299699999,48.395496083000069],[-118.21056739899996,48.404506593000065],[-118.20971373899999,48.413740414000074],[-118.21241271699995,48.422862688000066],[-118.21578942399998,48.431872266000028],[-118.21442803299999,48.441668119000042],[-118.21415042299998,48.44312113400008],[-118.21272841599995,48.450562753000042],[-118.20950494299996,48.459231342000066],[-118.21000501199995,48.468238853000059],[-118.21338389499999,48.477247155000043],[-118.21320716499997,48.486366462000035],[-118.21337615899995,48.486816855000029],[-118.21183933799995,48.50190204200004],[-118.20370114799999,48.508991095000056],[-118.19894847699999,48.517431970000075],[-118.19080668099997,48.524519894000036],[-118.18266297399998,48.531607167000061],[-118.17163862899997,48.536778325000057],[-118.16078115299996,48.542398880000064],[-118.15449439199995,48.550611024000034],[-118.15057874699994,48.559387392000076],[-118.14734053199999,48.568051411000056],[-118.14647487899998,48.577279879000059],[-118.14696651299994,48.586284117000048],[-118.14745829199995,48.595288083000071],[-118.14574446599994,48.604177382000046],[-118.14335105399999,48.613178346000041],[-118.13773371699995,48.621275847000049],[-118.13790252699999,48.621726131000059],[-118.13939462099995,48.639169563000053],[-118.13937511199998,48.648734130000037],[-118.13697897499998,48.657733646000054],[-118.13067692499999,48.665941547000045],[-118.12718271799997,48.670971680000036],[-118.12505296099999,48.674037103000046],[-118.11399758499999,48.679201171000045],[-118.10073684099996,48.682336508000049],[-118.08696889299995,48.684119776000045],[-118.07354913999995,48.682976886000063],[-118.06011704999997,48.685657991000028],[-118.05007079399996,48.691605748000029],[-118.04460191599998,48.700147582000056],[-118.04592802099995,48.709487327000033],[-118.05065677599998,48.71826956600006],[-118.05742849699999,48.726716961000079],[-118.06471414599997,48.734602067000026],[-118.06808623599994,48.743605974000047],[-118.07009774699998,48.752832595000029],[-118.06615660999995,48.761600616000067],[-118.06051499899996,48.769690919000027],[-118.05147300899995,48.776425909000068],[-118.04141071599997,48.782371214000079],[-118.03049668499995,48.787976824000054],[-118.02331660299996,48.795837354000071],[-118.02311009099998,48.804946705000077],[-118.02290351799996,48.814055774000053],[-118.01316895199994,48.820898502000034],[-117.99920666799994,48.820310237000058],[-117.98439472799998,48.819381466000038],[-117.97094669799998,48.818229072000065],[-117.95904997999997,48.813480061000064],[-117.94524776199995,48.815248327000063],[-117.93516844299995,48.821185071000059],[-117.93341674299995,48.830064942000035],[-117.93609246999995,48.839179983000065],[-117.93127604799997,48.847602198000061],[-117.91796856299999,48.850718095000047],[-117.90584510599996,48.855072644000074],[-117.90408807399996,48.863951115000077],[-117.89943289199999,48.872821693000049],[-117.88797423099999,48.878975085000036],[-117.87550772799995,48.882426156000065],[-117.86337477399996,48.88677649400006],[-117.85514323599995,48.893835627000044],[-117.84946070999996,48.90191360700004],[-117.83833961099998,48.907051473000081],[-117.82452625299999,48.906895882000072],[-117.81002993899995,48.906849094000052],[-117.79653594299998,48.909502377000081],[-117.78642604499998,48.915426311000033],[-117.77919868999999,48.923270655000067],[-117.77196944199994,48.931114407000052],[-117.76473829899999,48.938957570000071],[-117.75903929399999,48.94703056600008],[-117.74790205599999,48.952160337000066],[-117.73472852899999,48.955707659000041],[-117.71986993799999,48.95666172500006],[-117.70619420399998,48.958855431000075],[-117.69403347099995,48.963189713000077],[-117.68052163899995,48.965831126000069],[-117.66954044499994,48.971404546000031],[-117.65720831399994,48.975285080000049],[-117.65652422499994,48.975394479000045],[-117.60573023199998,48.992325578000077],[-118.25353577399994,48.997368239000082],[-118.55397286499999,48.99867527300006],[-119.39829602099996,48.998849172000064],[-119.39638823499996,48.957013646000064],[-119.40144911899995,48.948453545000064],[-119.41178040799997,48.942470329000059],[-119.41809044199999,48.934390222000047],[-119.41641555699999,48.924902168000074],[-119.41922761799998,48.916031555000075],[-119.42203884799994,48.907160614000077],[-119.42709185399997,48.89859810300004],[-119.42666825799995,48.889589976000082],[-119.42103160399995,48.880789371000049],[-119.41737718899998,48.871643953000046],[-119.41695524399995,48.862634964000051],[-119.41653342399997,48.853625696000051],[-119.41288135099995,48.844479310000054],[-119.40725096099999,48.835676785000032],[-119.40089324399997,48.827699229000075],[-119.39453721699999,48.819721161000075],[-119.38990120199998,48.810745143000076],[-119.38625579699999,48.801596716000063],[-119.38827696799996,48.795216018000076],[-119.38906653999999,48.792722980000065],[-119.39385426399997,48.783504838000056],[-119.39541395999998,48.774148956000033],[-119.40394606399997,48.76637422500005],[-119.40898980499998,48.757808270000055],[-119.40955819999999,48.748623590000079],[-119.41012641999998,48.739438623000069],[-119.40747024599995,48.73011634900007],[-119.40481489399997,48.720793731000072],[-119.40761912099998,48.711917192000044],[-119.40809204099997,48.704271326000026],[-119.40818729199998,48.702731098000072],[-119.41696783299994,48.695607352000081],[-119.42725413999995,48.689617824000038],[-119.43335228399997,48.686704751000036],[-119.43878593499994,48.684108615000071],[-119.44906810499998,48.678117223000072],[-119.45633225899996,48.669855588000075],[-119.45590589299997,48.660840567000037],[-119.45745276399998,48.651480121000077],[-119.46372615799999,48.643389943000045],[-119.47524576299998,48.637876818000052],[-119.48676326099996,48.632362623000063],[-119.49152327599995,48.623136112000054],[-119.49431017899997,48.614254906000042],[-119.49932833099996,48.605681265000044],[-119.50559133599995,48.597587938000061],[-119.50837498499999,48.58870569100003],[-119.50892663599996,48.579515405000052],[-119.51105574699994,48.572718270000053],[-119.51170895899998,48.570632558000057],[-119.51480950599995,48.567788404000055],[-119.52019725599996,48.562845313000025],[-119.52064301499996,48.560125209000034],[-119.52173163699996,48.553481095000052],[-119.52674083799997,48.544904724000048],[-119.53548439799999,48.537769654000044],[-119.53938924999994,48.535483011000053],[-119.54573202099999,48.531768101000068],[-119.55571661399995,48.525111908000042],[-119.56196369499997,48.517013847000044],[-119.56670311999994,48.507781202000047],[-119.56947363799998,48.498895080000068],[-119.56903158299997,48.489875307000034],[-119.56636184999996,48.480548381000062],[-119.56270963699995,48.471394565000026],[-119.55905853099995,48.462240376000068],[-119.56182808499995,48.453353081000046],[-119.56237037299996,48.444158486000049],[-119.56389520699997,48.434790144000033],[-119.57412255599996,48.428784436000058],[-119.58585206999999,48.423912050000069],[-119.59581443999997,48.417250576000072],[-119.59857653399996,48.408361232000061],[-119.59688787399995,48.398858675000042],[-119.60187361699997,48.390275211000073],[-119.60561531199994,48.381211166000071],[-119.61001442299994,48.368529163000062],[-119.60792739799996,48.363297216000035],[-119.60748060599997,48.354273581000029],[-119.61370313999998,48.346168642000066],[-119.62188595399999,48.337715333000062],[-119.63359399099994,48.332837404000031],[-119.64353613499998,48.326170481000077],[-119.64850929099998,48.317583295000077],[-119.65472257099998,48.309475526000028],[-119.66668374799997,48.305248344000063],[-119.67812056999998,48.299712058000068],[-119.68681092399999,48.292561620000072],[-119.69549922799996,48.285410465000041],[-119.70719124499999,48.280525393000062],[-119.72090784199997,48.278080430000045],[-119.73083140899996,48.271405966000032],[-119.73356706799996,48.262509714000032],[-119.73186132399996,48.253004369000053],[-119.72947951199995,48.24705188400003],[-119.72819783699998,48.243848252000078],[-119.71918432499996,48.237048192000032],[-119.70847623599997,48.231250741000053],[-119.70383872299999,48.222267961000057],[-119.70018131499995,48.213110192000045],[-119.69287168499994,48.205304396000031],[-119.68288930499995,48.198675627000057],[-119.67290910199995,48.19204598500005],[-119.66925817399999,48.182886505000056],[-119.67545491299995,48.174774300000081],[-119.68262803099998,48.166487133000032],[-119.68217159199997,48.157458064000082],[-119.68490924499997,48.148559567000063],[-119.69083960699999,48.139791460000026],[-119.69826733599996,48.132156875000078],[-119.70445503899998,48.124042049000082],[-119.69507306699995,48.118448035000029],[-119.69368540199997,48.109556862000034],[-119.69350650999996,48.109107815000073],[-119.70972459799998,48.090334106000057],[-119.71830027799996,48.083026819000054],[-119.72280749499998,48.074522479000052],[-119.72347755599998,48.074402512000063],[-119.71640668999999,48.053056017000074],[-119.70782888299999,48.045931468000049],[-119.70765007299997,48.045482350000043],[-119.68157172899998,48.03763949100005],[-119.66973881999996,48.042160479000074],[-119.65772571299999,48.046231186000057],[-119.65705583299996,48.04635083800008],[-119.63485640899995,48.053680978000045],[-119.62038661499997,48.053375745000039],[-119.61971658299996,48.053495210000051],[-119.58115268899996,48.06661659100007],[-119.56810281499997,48.069899804000045],[-119.55625522699995,48.074410424000064],[-119.54645766399994,48.080478907000042],[-119.53425112599996,48.084088903000065],[-119.52080026299996,48.084552620000068],[-119.50748745199996,48.083548126000039],[-119.49449098799994,48.081524795000064],[-119.48149538899997,48.079500206000034],[-119.46733659499995,48.078161154000043],[-119.45465915599999,48.075116487000059],[-119.44198298599997,48.072070607000057],[-119.43128301299998,48.066751626000041],[-119.41924388799998,48.061668658000031],[-119.40565645699996,48.06358786900006],[-119.39242125199996,48.066404714000043],[-119.38282042299994,48.074827306000032],[-119.36933563399998,48.073359717000073],[-119.35698224599997,48.069288601000039],[-119.34727913799998,48.062827518000063],[-119.33461090399999,48.059771485000056],[-119.32683935599999,48.067386555000041],[-119.33286837999998,48.07545641300004],[-119.33218976799998,48.084706262000054],[-119.33151094899995,48.093955839000046],[-119.32931344799999,48.102991637000059],[-119.32051219099998,48.109824272000026],[-119.30743904899998,48.113081942000065],[-119.29330876599994,48.113640950000047],[-119.27949788799998,48.113181564000058],[-119.26346583099996,48.110708122000062],[-119.25047173099995,48.108661588000075],[-119.23859313099996,48.113143880000052],[-119.22875771799994,48.119188638000026],[-119.21994283199996,48.126014397000063],[-119.20823396599997,48.13094342200003],[-119.19754557599998,48.136653332000037],[-119.19059420299999,48.144591049000041],[-119.18600745599997,48.153075682000065],[-119.17616035799995,48.159115868000072],[-119.16391615499998,48.162691618000053],[-119.15047318799998,48.165034306000052],[-119.13682667399996,48.165010153000026],[-119.12713171099995,48.158535284000038],[-119.11928031199994,48.151259012000025],[-119.10610774599996,48.148749181000028],[-119.09229034199996,48.148270797000066],[-119.07882207999995,48.148690590000058],[-119.06532832999994,48.147193123000079],[-119.06049752999996,48.138430074000041],[-119.05449841599994,48.130349740000042],[-119.05034240099997,48.121469219000062],[-119.04116132399997,48.114420825000082],[-119.03048904099995,48.109070975000066],[-119.02917455899996,48.098256757000058],[-119.02855621499998,48.089241926000057],[-119.02642121999997,48.080009926000059],[-119.02227273599999,48.071127141000034],[-119.01494270599994,48.063276353000049],[-119.00761456699996,48.055424974000061],[-118.99695556399996,48.050071498000079],[-118.98846256199994,48.042901574000041],[-118.97813172399998,48.036529932000064],[-118.97332223899997,48.027760740000076],[-118.96985595499996,48.018758626000078],[-118.96991799799997,48.009625025000048],[-118.97772669899996,48.002029105000076],[-118.98756806799997,47.996000356000081],[-118.99944225999997,47.991538424000055],[-119.01131471499997,47.987075388000051],[-119.01715165999997,47.98365995000006],[-119.01984028399994,47.970225292000066],[-119.01453329299994,47.96202241800006],[-119.00555371399997,47.955418252000072],[-118.99210450199996,47.953912600000081],[-118.97718737899999,47.956022253000071],[-118.96412895099996,47.959248371000058],[-118.95055018299996,47.961122542000055],[-118.93714347099996,47.963445573000058],[-118.92271974199997,47.964982810000038],[-118.90896573699996,47.966402526000081],[-118.89735128799998,47.970758820000071],[-118.89708982799999,47.970856868000055],[-118.88365942099995,47.971257524000066],[-118.87153170799996,47.967591223000056],[-118.85906082099996,47.963023128000032],[-118.84825878599997,47.957206083000074],[-118.84096483699994,47.949343117000069],[-118.83083728999998,47.943408785000031],[-118.81821990299994,47.940303390000054],[-118.80445201199996,47.939795387000061],[-118.79266214899997,47.935105309000051],[-118.78204302899996,47.929732940000065],[-118.77359202499997,47.922546889000046],[-118.76297676599995,47.917172816000061],[-118.74986944699998,47.914626588000033],[-118.73726212599996,47.911513366000065],[-118.72402940699999,47.914266181000073],[-118.72527132899995,47.923172171000033],[-118.72517277499998,47.93230807100008],[-118.73244977299998,47.940177687000073],[-118.73721773499994,47.948957783000026],[-118.72921458099995,47.956090545000052],[-118.71578634599996,47.956474557000035],[-118.70218680499994,47.956406695000055],[-118.68973089799999,47.95182284200007],[-118.67911793699994,47.946442671000057],[-118.67436565199995,47.941974242000072],[-118.67134733599994,47.939135754000063],[-118.65923878599995,47.935450071000048],[-118.64580261099997,47.933909905000064],[-118.63237873699995,47.934285663000026],[-118.61861377899999,47.933758732000058],[-118.60517900199994,47.932214523000027],[-118.59175525199998,47.932586250000043],[-118.57799102999996,47.932055182000056],[-118.56571947299994,47.927910307000047],[-118.56366013099995,47.918666511000026],[-118.56747517099996,47.909860442000081],[-118.57448067199999,47.90194903500003],[-118.57997375199994,47.893815042000028],[-118.57942377399996,47.884792554000057],[-118.57100282399995,47.877592864000064],[-118.55690223599998,47.874240309000072],[-118.54451824899996,47.879230022000058],[-118.53229345099999,47.882751816000052],[-118.52242552599995,47.888749490000066],[-118.52108487399994,47.88897766000008],[-118.50420195199996,47.902882697000052],[-118.49078404099998,47.903244433000054],[-118.47902537799996,47.898526508000032],[-118.47061436999996,47.891320867000047],[-118.46287572599999,47.884000750000041],[-118.45698076799999,47.875887773000045],[-118.45041714699994,47.867888079000068],[-118.44201372199996,47.860679981000033],[-118.43311104199995,47.854035882000062],[-118.42303895999999,47.848069329000054],[-118.40979665299994,47.846956343000045],[-118.39807635799997,47.851819497000065],[-118.39105378999994,47.859722959000067],[-118.38721647499995,47.868525383000076],[-118.38488753799999,47.877551701000073],[-118.37517452299994,47.883989750000069],[-118.37534304599995,47.884440802000029],[-118.37771350399998,47.896507994000046],[-118.37834960899994,47.898209875000077],[-118.36426013099998,47.906455270000038],[-118.35154438599994,47.909775091000029],[-118.33779787899999,47.910335276000069],[-118.32692941899995,47.916272702000072],[-118.32037064699995,47.924414467000076],[-118.31175686899996,47.931728835000058],[-118.29882741099999,47.934491755000067],[-118.28528033699996,47.935598258000027],[-118.27193775699999,47.934910180000031],[-118.25859561799996,47.931875803000025],[-118.25059204199999,47.924426475000075],[-118.23745825099996,47.921941711000045],[-118.22740571099996,47.916007815000057],[-118.21591821799996,47.910900278000042],[-118.20176094899995,47.910342888000059],[-118.18780844899999,47.910335928000052],[-118.17529674999997,47.907155600000067],[-118.16730657199997,47.899700780000046],[-118.16567976999994,47.890594516000078],[-118.16077114799998,47.882037401000048],[-118.15278602199999,47.874581147000072],[-118.14398242299995,47.867261503000066],[-118.13907870999998,47.85870299000004],[-118.13109927599999,47.851244921000045],[-118.12168516399998,47.844612592000033],[-118.11288959899997,47.83729025100007],[-118.10019327399999,47.833550105000029],[-118.08811520399996,47.82911960000007],[-118.07480528099995,47.826066104000063],[-118.06128590599997,47.824804779000033],[-118.04735294299996,47.824783312000079],[-118.03382566399995,47.825864983000031],[-118.02070335799999,47.828049902000032],[-118.00758011499994,47.830233529000054],[-117.99445593499996,47.832415867000066],[-117.98133081999998,47.834596914000031],[-117.96881163699999,47.838433763000069],[-117.95792022399996,47.844342771000072],[-117.94539757999996,47.848177336000049],[-117.94457696699999,47.848313384000051],[-117.92407342399997,47.849367398000027],[-117.88198510199999,47.86824676100008],[-117.85653354099998,47.88843539800007],[-117.84204803499995,47.901480526000057],[-117.81663613699999,47.912515757000051],[-117.81068285699996,47.924150129000054],[-117.79722442799999,47.940061037000078],[-117.78193033299999,47.950943641000038],[-117.77755816799998,47.963835705000065],[-117.77342096699999,47.980492455000046],[-117.76593518299995,47.981720034000034],[-117.75837360199995,47.992088995000074],[-117.75321018299996,48.002824743000076],[-117.73337771899998,48.010635568000055],[-117.72551934099999,48.023330729000065],[-118.44940077599995,48.028708486000028]]],[[[-120.26023463499996,36.951102218000074],[-120.25773215399994,36.856347570000025],[-120.17259830999996,36.85701898800005],[-120.17201224799999,36.952116357000079],[-120.26023463499996,36.951102218000074]]],[[[-120.01868827099997,39.492726326000025],[-120.01924232799996,39.367805639000039],[-119.94519152999999,39.368278031000045],[-119.94565442799995,39.461024593000047],[-120.00195104599999,39.504370443000028],[-120.01868827099997,39.492726326000025]]],[[[-118.99647752499999,34.834175170000037],[-118.90996361399999,34.83628378700007],[-118.90981020599997,34.818534685000031],[-118.80894201799998,34.817689189000077],[-118.77757111199998,34.85838704400004],[-118.73279517299994,34.92263009900006],[-118.70509579199995,34.955115861000024],[-118.61253494399995,34.961191796000037],[-118.63784062199994,34.990696128000025],[-118.71952568499995,34.998742381000056],[-118.83174820499994,35.069932065000046],[-118.83209196599995,35.059486553000056],[-118.82970532099995,35.051840164000055],[-118.81752177999999,35.035888682000063],[-118.81680004999998,34.967142251000041],[-118.82483266399998,34.966927560000045],[-118.83955134599995,34.956408937000049],[-118.92312536099996,34.892764364000072],[-118.99647752499999,34.834175170000037]]],[[[-118.82974776899999,36.006153816000051],[-118.82718336999994,35.932537123000031],[-118.77163149699999,35.931759015000068],[-118.76259818099999,35.926225541000065],[-118.62780550399998,35.924541439000052],[-118.62908151699997,36.066571725000074],[-118.64810378199996,36.063076231000025],[-118.69409987599994,36.054609380000045],[-118.70121313299995,36.048193928000046],[-118.71738071899995,36.049290747000043],[-118.73190537799996,36.039358744000026],[-118.76348047499999,36.035272964000058],[-118.81611973099996,35.99960227400004],[-118.82221618599999,36.002533429000039],[-118.82974776899999,36.006153816000051]]],[[[-119.85336935399999,40.378978373000052],[-119.84049875899996,40.330780183000059],[-119.78836087799999,40.151772339000047],[-119.72845156299996,39.949580862000062],[-119.69235521399997,39.919805134000057],[-119.58699503399998,39.83604487100007],[-119.56534022699998,39.826842784000064],[-119.41502130899994,39.760852292000038],[-119.32616621899996,39.586907331000077],[-119.32195464399996,39.58156959300004],[-119.24589769999994,39.647756881000078],[-119.25001554599999,39.659926513000073],[-119.25729551899997,39.669599368000036],[-119.26950511799998,39.681990083000073],[-119.33251590799995,39.79431978100007],[-119.43083956199996,39.964523599000074],[-119.42539352099999,40.000314302000049],[-119.40304118899996,40.15843538200005],[-119.52870810699994,40.354123720000075],[-119.85336935399999,40.378978373000052]]],[[[-119.15495104499996,39.21373365900007],[-118.79804695099995,38.77482963500006],[-118.76048639899994,38.580137500000035],[-118.63378726699995,38.529464832000031],[-118.61982905999997,38.549561407000056],[-118.60435999799995,38.565010875000041],[-118.59256028699997,38.574780816000043],[-118.55948338799999,38.677167302000043],[-118.55194719099995,38.692879604000041],[-118.57991577599995,38.728116085000067],[-118.72577448599998,38.93585009700007],[-118.80326910899998,39.046528674000058],[-118.79525369999999,39.145226114000025],[-118.96978231799994,39.132528845000024],[-119.08347383899996,39.235240219000048],[-119.15495104499996,39.21373365900007]]],[[[-116.96902346699994,46.548205420000045],[-116.96751381799999,46.469854119000047],[-116.94934313899995,46.447515277000036],[-116.94543994299994,46.415243133000047],[-116.91319808999998,46.342165562000048],[-116.89607336099999,46.255044239000028],[-116.89378627699995,46.23133776800006],[-116.60663593699996,46.157076462000077],[-116.27491891699998,46.06819631500008],[-116.22477419299997,46.056014411000035],[-116.15647503999998,46.037902473000031],[-116.03186497599995,46.00263715300008],[-115.99270775999997,46.087968614000033],[-115.96726988799998,46.159082727000055],[-115.98393915399998,46.184779633000062],[-116.10457073199996,46.333344473000068],[-116.23557640999996,46.495535292000056],[-116.30553569599999,46.581279918000064],[-116.53959080699997,46.568838389000064],[-116.96902346699994,46.548205420000045]]],[[[-122.57871110999997,39.996678247000034],[-122.57913847199995,39.981567630000029],[-122.57784360899996,39.949592343000063],[-122.57309411699998,39.942436497000074],[-122.57738179499995,39.938440473000071],[-122.57696824299995,39.92990448300003],[-122.56775087099999,39.923784349000073],[-122.54945536999998,39.911886012000025],[-122.55382971199998,39.905618958000048],[-122.57214449199995,39.897621299000036],[-122.57731803899998,39.88966610600005],[-122.57738482099995,39.872386521000067],[-122.57160847499995,39.861341535000065],[-122.55570657399994,39.860525905000031],[-122.54928356999994,39.870270844000061],[-122.54921324999998,39.891302341000028],[-122.51302157699996,39.899680560000036],[-122.47445172899995,39.911971428000072],[-122.47753451799997,39.923640348000049],[-122.49881645399995,39.934482442000046],[-122.49049997599997,39.93565336000006],[-122.46800885699997,39.936719136000079],[-122.44985123099997,39.943908875000034],[-122.44769954999998,39.953408222000064],[-122.46214283199998,39.961707286000035],[-122.47828969199998,39.968111571000065],[-122.48061494999996,39.980330791000029],[-122.48056926599997,39.992721915000061],[-122.49175621499995,39.986388655000042],[-122.51439579499998,39.981910780000078],[-122.51810405399999,39.970172621000074],[-122.52941840099999,39.964179896000076],[-122.53917561899999,39.97167947500003],[-122.53642846199995,40.00833771200007],[-122.51105048199997,40.010824041000035],[-122.50953785599995,40.038187620000031],[-122.51473513999997,40.045242346000066],[-122.53237915399995,40.04416973900004],[-122.54527281599997,40.039689503000034],[-122.55927412599999,40.02556981500004],[-122.56991130999995,40.01034939200008],[-122.57871110999997,39.996678247000034]]],[[[-121.89238057999995,43.052223084000047],[-121.88487771199999,42.929707195000049],[-121.91189697799996,42.929492269000036],[-121.91030280299998,42.86603150600007],[-121.91078491899998,42.755735558000026],[-121.90926937699999,42.72430984500005],[-121.98790563699998,42.72347943300008],[-121.99250188799999,42.715943548000041],[-121.98934832699996,42.696386467000025],[-121.99682211099997,42.687602616000049],[-121.99593042499998,42.666308308000055],[-121.98505832199999,42.647491568000078],[-121.97690824599999,42.633378084000071],[-121.97643105199995,42.624761966000051],[-121.97011005399997,42.615234206000025],[-121.96904176699996,42.603009340000028],[-121.96870382399999,42.591560085000026],[-121.94785115399998,42.583628753000028],[-121.93936643699999,42.57924106400003],[-121.92885520799996,42.571867061000034],[-121.92439208099995,42.563804331000028],[-121.92378786399996,42.552725210000062],[-121.92426500899995,42.532692240000074],[-121.91900935899997,42.522621715000071],[-121.91735118299999,42.517376140000067],[-121.92214240499999,42.513534167000046],[-121.92474737499998,42.507363572000031],[-121.92855571299998,42.505291437000039],[-121.93760349499996,42.505818752000039],[-121.94163880499997,42.504319683000062],[-121.94152926099997,42.498737697000081],[-121.94148712299994,42.494386776000056],[-121.94713892799996,42.49378198800008],[-121.95361165699995,42.492064192000043],[-121.95340884099994,42.488370886000041],[-121.94516319699994,42.484556534000035],[-121.93293092299996,42.481296192000059],[-121.92336498299994,42.478390346000026],[-121.91617700699999,42.468739496000069],[-121.90768887999997,42.462173438000036],[-121.90318873199999,42.455053237000072],[-121.89360830199996,42.449969390000035],[-121.88004343999995,42.445437650000031],[-121.87004140599998,42.436084613000048],[-121.86331865199998,42.427577478000046],[-121.85095124999998,42.419670560000043],[-121.83602017999999,42.409515879000026],[-121.82696464499998,42.399333696000042],[-121.82159015999997,42.39209068200006],[-121.80428540999998,42.392410785000038],[-121.52702279099998,42.39572301100003],[-121.23190127599997,42.397826214000077],[-121.10346335399998,42.396302045000027],[-121.10428901199998,42.448315305000051],[-121.10639897399994,42.690435879000063],[-121.10883273499996,42.921674835000033],[-121.34705678999995,42.923800947000075],[-121.35007927799995,43.057363189000057],[-121.89238057999995,43.052223084000047]]],[[[-122.39084411699997,47.299052711000058],[-122.40899404899994,47.310866483000041],[-122.42126915699998,47.32023055600007],[-122.42491578099998,47.321724420000066],[-122.42988023199996,47.322136932000035],[-122.43437987999999,47.320814461000055],[-122.43539676799998,47.318371443000046],[-122.43605712699997,47.315797703000044],[-122.43688169099994,47.313597046000041],[-122.43940622099996,47.311863282000047],[-122.44236918099995,47.310446698000078],[-122.44705983299997,47.308881335000081],[-122.44862455499998,47.306326374000037],[-122.44857141999995,47.303491145000066],[-122.44605011099998,47.301158807000036],[-122.44317262399994,47.298695722000048],[-122.43996773299995,47.298489438000047],[-122.43513912899999,47.298096015000056],[-122.42872326599996,47.297776320000025],[-122.42321228299994,47.297475399000064],[-122.41945699399997,47.296410355000035],[-122.41512754799999,47.29403916900003],[-122.41268991399994,47.291892718000042],[-122.41113144499997,47.28834768400003],[-122.40822775999999,47.286499314000025],[-122.40477582899996,47.28476246300005],[-122.39858202599999,47.283583366000073],[-122.39463575999997,47.282759956000064],[-122.38951398099999,47.279939605000038],[-122.38647587199995,47.277101948000052],[-122.39132618699995,47.277944909000041],[-122.39943860899996,47.278733881000051],[-122.40478382899994,47.278662618000055],[-122.40547853299995,47.271406505000073],[-122.40833016699997,47.27041950000006],[-122.41160612299996,47.267965786000048],[-122.41214481599997,47.266187047000074],[-122.41428387799999,47.264938338000036],[-122.41765519999996,47.264455077000036],[-122.42067249299998,47.261807581000028],[-122.42278527499997,47.259140917000082],[-122.42533399099995,47.258824959000037],[-122.43023931299996,47.258435335000058],[-122.43224159099998,47.256197523000026],[-122.41277981899998,47.242613542000072],[-122.39865372299994,47.232747928000038],[-122.41622263399995,47.222459683000068],[-122.36951119199995,47.192941559000076],[-122.36146498099998,47.188070424000045],[-122.31136626499995,47.220815171000027],[-122.31841575199996,47.226701183000046],[-122.31396737299997,47.230855992000045],[-122.32509499499997,47.23855633900007],[-122.31971318399997,47.243307066000057],[-122.32890106399998,47.249978330000033],[-122.32253268599999,47.254522644000076],[-122.39084411699997,47.299052711000058]]],[[[-122.17751737699996,47.293129785000076],[-122.17754919699996,47.294632614000079],[-122.18657027199998,47.29472327700006],[-122.19402552799994,47.294797742000071],[-122.19402830399997,47.304745153000056],[-122.19402903199995,47.307352594000065],[-122.22460282199995,47.307693449000055],[-122.22266160299995,47.30516289600007],[-122.22243471499996,47.304775631000041],[-122.22138760799999,47.303459529000065],[-122.21932614399998,47.30108539500003],[-122.21679868399997,47.297642678000045],[-122.21464437099996,47.295054723000078],[-122.21361901399996,47.292703895000045],[-122.21364860899996,47.289095680000059],[-122.21389487999994,47.287067413000045],[-122.21327695899998,47.284866826000041],[-122.20948383299998,47.28400491900004],[-122.20462082499995,47.283823944000062],[-122.19996802099996,47.285693107000043],[-122.19510490899995,47.28551178500004],[-122.19118413699999,47.285140195000054],[-122.18733297699998,47.283359359000031],[-122.18364477199998,47.280383002000065],[-122.17949157299995,47.276337789000081],[-122.17457112799997,47.27523738800005],[-122.16992995099997,47.274778066000067],[-122.16710552099994,47.27272126500003],[-122.16492886399999,47.271136041000034],[-122.16255659399997,47.268824120000033],[-122.16053361999997,47.265744250000068],[-122.15904591499998,47.262323967000043],[-122.15853475899996,47.26091686500007],[-122.15731458699997,47.257557706000057],[-122.15409410199999,47.255649189000053],[-122.14898989399995,47.254120225000065],[-122.14438574599995,47.252955371000041],[-122.14059553699997,47.252091429000075],[-122.13858614899999,47.251120492000041],[-122.13584128899998,47.249794073000032],[-122.13400599899995,47.247141225000064],[-122.13348418099997,47.245153817000073],[-122.13331171899995,47.242398527000034],[-122.13357276499994,47.239368088000049],[-122.11775053999997,47.239139297000065],[-122.11790091599994,47.250272761000076],[-122.11796506199994,47.255020627000079],[-122.12960057999999,47.254906038000058],[-122.13496581799996,47.254852859000039],[-122.13567845399996,47.266228812000065],[-122.13582882299994,47.268628594000063],[-122.14888322399997,47.26863196000005],[-122.15427543499999,47.268632978000028],[-122.15455808399997,47.280913252000062],[-122.17726983499995,47.281436073000066],[-122.17751737699996,47.293129785000076]]],[[[-118.45411355799996,45.799791436000078],[-118.45584918599997,45.801239280000061],[-118.47342621399997,45.801775896000038],[-118.52618236599994,45.801086974000043],[-118.52825992199996,45.785519134000026],[-118.54869449299997,45.785821537000061],[-118.54847468799994,45.773601315000064],[-118.56682109499997,45.772312839000051],[-118.57025950099995,45.758283074000076],[-118.59078113899994,45.756129471000065],[-118.59095815799998,45.74193155100005],[-118.63225981099998,45.741294522000032],[-118.63164720899999,45.722014943000033],[-118.65240961199999,45.720551848000071],[-118.65026444099999,45.697068868000031],[-118.71479799399998,45.695983206000051],[-118.71367187799996,45.67828148500007],[-118.73818103599996,45.678369123000039],[-118.74140991199999,45.509153238000067],[-118.61444275899999,45.507281767000052],[-118.61610553099996,45.582330967000075],[-118.39447858299997,45.579246215000069],[-118.34823927399998,45.664396203000081],[-118.29129762799994,45.767764549000049],[-118.30007049899996,45.768799917000081],[-118.31106568699994,45.767239801000073],[-118.32156347899996,45.762825467000027],[-118.32971815899998,45.763599715000055],[-118.33688314599999,45.763076972000079],[-118.35120659699999,45.757620286000076],[-118.36318189699995,45.752942049000069],[-118.37541677299998,45.756304362000037],[-118.38357688099995,45.760015253000063],[-118.39434441999998,45.769516432000046],[-118.40386190099997,45.77114930700003],[-118.41486199799999,45.772520339000039],[-118.42216280999997,45.776748483000063],[-118.44021784099999,45.781653615000039],[-118.44727219699996,45.785188872000049],[-118.45411355799996,45.799791436000078]]],[[[-116.88835680599999,47.704241455000044],[-116.89527153399996,47.705091899000081],[-116.91004801599996,47.707030649000046],[-116.91893739199998,47.707762028000047],[-116.93164706299996,47.70788824400006],[-116.93931736899998,47.708422680000069],[-116.94851077699997,47.710852801000044],[-116.95800867799994,47.714982914000075],[-116.96893807099997,47.715776585000071],[-116.98002863699998,47.715377938000074],[-116.99412071099999,47.711198350000075],[-117.00800185199995,47.703941030000067],[-117.01409908299996,47.701611692000029],[-117.07569165699999,47.681553990000054],[-117.08212265299994,47.497164410000039],[-117.09127827099996,47.23256142300005],[-117.09462024199996,47.13535904400004],[-117.07653027799995,47.148010275000047],[-117.06920024999999,47.152598065000063],[-117.06150820099998,47.154080021000027],[-117.05029615199999,47.154667850000067],[-117.03902348999998,47.154047794000064],[-117.03023304899995,47.147187956000039],[-117.02209783599994,47.132922435000069],[-117.02082331899999,47.125097187000051],[-117.02082056299997,47.116823994000072],[-117.01585138299998,47.108619102000034],[-117.00565916899995,47.096629950000079],[-116.99499372499997,47.091530039000077],[-116.98786407699998,47.090485163000039],[-116.97976077499999,47.091786286000058],[-116.97221250799998,47.094701102000045],[-116.95788627999997,47.103811952000058],[-116.90143946999996,47.149094078000076],[-116.74020840199995,47.271881218000033],[-116.65630578999998,47.335049611000045],[-116.51769048299997,47.439816131000043],[-116.42000291099998,47.512038601000029],[-116.39703453999999,47.530335770000079],[-116.42072626299995,47.540218080000045],[-116.48536926199995,47.567143165000061],[-116.59646078399999,47.612508845000036],[-116.62854885999997,47.625492010000073],[-116.70828328999994,47.656413020000059],[-116.73761986399995,47.671224313000039],[-116.75244457399998,47.673801234000052],[-116.76328021199998,47.677866101000063],[-116.78287656299995,47.67375497200004],[-116.79618039899998,47.671468402000073],[-116.80724557299999,47.671863873000063],[-116.81541908399998,47.67387941800007],[-116.82617504999996,47.681704108000076],[-116.83264087599997,47.687096040000029],[-116.83487388599997,47.691892088000031],[-116.83649339799996,47.698241679000034],[-116.84216121599997,47.702982002000056],[-116.85129613499998,47.707758390000038],[-116.85777458599995,47.709845074000043],[-116.86851036199994,47.710094294000044],[-116.87278466199996,47.707477146000031],[-116.87846924799999,47.705608516000041],[-116.88835680599999,47.704241455000044]]],[[[-122.52660076899997,48.462762618000056],[-122.52584092699999,48.463238661000048],[-122.53187535399996,48.46041157600007],[-122.53797461199997,48.458843877000049],[-122.54322976699996,48.45749285100004],[-122.54278273999995,48.457582255000034],[-122.54693709699995,48.453833296000028],[-122.54800587999995,48.449728724000067],[-122.55059337999995,48.444671682000035],[-122.55827789799997,48.441188169000043],[-122.55675164399997,48.43565712700007],[-122.55764148599997,48.432236387000046],[-122.55937736899995,48.426376295000068],[-122.55624238199999,48.420518666000078],[-122.55494203599994,48.41656351000006],[-122.55453521599998,48.412429381000038],[-122.55703353499996,48.409334751000074],[-122.55229469499994,48.406392479000033],[-122.54456423799996,48.404373411000051],[-122.53629726399998,48.401164305000066],[-122.53311938699994,48.393045035000057],[-122.53365116999998,48.387750109000081],[-122.53793552499997,48.384297988000071],[-122.53873524799997,48.379597726000043],[-122.52891285099997,48.38156445900006],[-122.52069577199995,48.380614912000055],[-122.51234486099997,48.379367425000055],[-122.50890794299994,48.37905667800004],[-122.508193474,48.383116240000049],[-122.50931167599998,48.387756461000038],[-122.50587428899996,48.392010655000036],[-122.50395477799998,48.395312663000027],[-122.50350909599996,48.398644173000037],[-122.50467159199997,48.402302622000036],[-122.50570011199994,48.405663595000078],[-122.50243997099994,48.409233319000066],[-122.50270909099999,48.413070227000048],[-122.50275530599998,48.418572726000036],[-122.50137130199994,48.42306405000005],[-122.50177456099999,48.427198193000038],[-122.50204371799998,48.431034878000048],[-122.50079353499996,48.435823412000047],[-122.49824674699994,48.439898201000062],[-122.49762175399997,48.443913257000077],[-122.49717536499998,48.447244217000048],[-122.49862309999997,48.451247531000035],[-122.49914351699999,48.452686453000069],[-122.50473313499998,48.456432974000052],[-122.50831090199995,48.458960266000076],[-122.51394833499995,48.461952321000069],[-122.51408020999997,48.46202230800003],[-122.51452731199998,48.461932998000066],[-122.52660076899997,48.462762618000056]]],[[[-122.19546763799997,48.121666597000058],[-122.19539802499997,48.125560150000069],[-122.36407644399998,48.124539637000055],[-122.36752999899994,48.123918592000052],[-122.36287782599999,48.12060024200008],[-122.36156442399999,48.119891393000046],[-122.35713389099999,48.117499992000035],[-122.35335771399997,48.113475350000044],[-122.35165770099997,48.108770254000035],[-122.35105000299995,48.103846821000047],[-122.35097482599997,48.102666379000027],[-122.35036704299995,48.101606550000042],[-122.34836285899996,48.101371003000054],[-122.34472927699994,48.10145037500007],[-122.34070471699999,48.101538173000051],[-122.33528255899995,48.098804953000069],[-122.33485393299998,48.098325295000052],[-122.33176885499995,48.094872638000027],[-122.329159963,48.093588520000026],[-122.32638482299996,48.09222245400008],[-122.32616755599997,48.091841569000053],[-122.32391882499996,48.08789906700008],[-122.31955855999996,48.084499099000027],[-122.31541076399998,48.080965766000077],[-122.31215066899995,48.07970872900006],[-122.30935562399998,48.078630899000075],[-122.30563277899995,48.074830840000061],[-122.30357962599999,48.070515735000072],[-122.30209117299995,48.068933146000063],[-122.29998215899997,48.06669056800007],[-122.29857534199999,48.067777324000076],[-122.29629237999995,48.069540774000075],[-122.29554118399994,48.070120994000035],[-122.29495466599997,48.074599357000068],[-122.29047575899995,48.077946072000032],[-122.28891393799995,48.078514805000054],[-122.28440683699995,48.080155887000046],[-122.28674818899998,48.075963829000045],[-122.28697860299997,48.075626750000026],[-122.28962442999995,48.071755770000038],[-122.28698693499996,48.067648055000063],[-122.28045671699999,48.066679072000056],[-122.27693201899996,48.06292889000008],[-122.28162499499996,48.060889164000059],[-122.28564874799997,48.064599985000029],[-122.29198146699997,48.062805534000063],[-122.28857680799996,48.058705797000073],[-122.28305901099998,48.05608961300004],[-122.27677496399997,48.05442260600006],[-122.27089425899999,48.051878453000029],[-122.26588906699999,48.048628577000045],[-122.26000937699996,48.046083906000035],[-122.25504463599998,48.042029249000052],[-122.25066049399999,48.038389754000036],[-122.24540182599998,48.035455427000045],[-122.24235492599996,48.033938676000048],[-122.23963230599998,48.03315372000003],[-122.23301674399994,48.033409672000062],[-122.22981136799996,48.035109973000033],[-122.22903293499996,48.038716120000061],[-122.23020997299994,48.044056574000081],[-122.226532126,48.045585225000082],[-122.22249026299994,48.047186186000033],[-122.21695289799999,48.049880930000029],[-122.21392220999996,48.052872974000081],[-122.20715998899999,48.06085401100006],[-122.20633983299996,48.065263989000073],[-122.20941535899999,48.068633844000033],[-122.21172325599997,48.072952595000061],[-122.21279141999997,48.078048683000077],[-122.21156739099996,48.08333504400008],[-122.20560647299999,48.082396707000044],[-122.19929417999998,48.078873875000056],[-122.19851082299999,48.075313791000042],[-122.19920858799998,48.066150922000077],[-122.19935401999999,48.058424701000035],[-122.20216983199998,48.054945095000051],[-122.205537247,48.050028422000025],[-122.20212674899994,48.048583207000036],[-122.19675044099995,48.049819726000067],[-122.19546763799997,48.121666597000058]]],[[[-120.87583995999995,46.533590910000044],[-120.89150720499998,46.523235185000033],[-120.89941520599996,46.519871459000058],[-120.91066154199996,46.514944136000054],[-120.92190611299998,46.510015789000079],[-120.93506805099997,46.506543429000033],[-120.94438995199999,46.500156028000049],[-120.95528336899997,46.494376816000056],[-120.96652074999997,46.489444398000046],[-120.97810246499995,46.485358716000064],[-120.98968267199996,46.481271972000059],[-121.00126137299998,46.477184166000029],[-121.01283856399999,46.473095297000043],[-121.02372098399997,46.46731002000007],[-121.03529489099998,46.463219071000026],[-121.04652040499997,46.458279427000036],[-121.05705016199994,46.45164352300003],[-121.06827189599994,46.446701875000031],[-121.07949186599996,46.441759207000075],[-121.08844213499998,46.434512948000076],[-121.09424415399997,46.426051203000043],[-121.09148595799996,46.412856881000039],[-121.09113872499995,46.412009264000062],[-121.08731978899999,46.402685299000041],[-121.08629926099997,46.393728433000035],[-121.09524191099996,46.386480823000056],[-121.10261052399994,46.378625119000048],[-121.11346833299996,46.37283102400005],[-121.12083307199998,46.364974025000038],[-121.12662431899997,46.356509359000029],[-121.13555703199995,46.349258322000026],[-121.14675433699995,46.344308690000048],[-121.15603068699994,46.337903668000081],[-121.16530514999999,46.331497886000079],[-121.17108733799995,46.323030544000062],[-121.17529690999999,46.313956186000041],[-121.17426530799997,46.304998002000048],[-121.17166343499997,46.29543295600007],[-121.16783964599995,46.286108596000076],[-121.16401698799996,46.276783907000038],[-121.15809801899997,46.268788415000074],[-121.14973597299996,46.261274135000065],[-121.13927853399997,46.255088451000063],[-121.12794782899999,46.249990319000062],[-121.11539684499996,46.245131644000026],[-121.10197214599998,46.241360038000039],[-121.09064692799996,46.23625850600007],[-121.08351915399999,46.228499112000065],[-121.07517133599998,46.220979322000062],[-121.06594961299999,46.21454702300008],[-121.05463211999995,46.209442035000052],[-121.04751180699998,46.201680167000063],[-121.03410041599994,46.197901198000068],[-121.02138081299995,46.195817349000038],[-121.00847526899997,46.19651667200003],[-120.99556943699997,46.19721472100008],[-120.98250667499997,46.194278757000063],[-120.96925661899996,46.194125847000066],[-120.95635084599996,46.194820033000042],[-120.94363443699996,46.192728610000074],[-120.93233076099995,46.187612778000073],[-120.92400637699996,46.180082600000048],[-120.91568397699996,46.172551751000071],[-120.90648559199997,46.166107458000056],[-120.90060963799999,46.158098173000042],[-120.89683421199999,46.148762773000044],[-120.89584481699995,46.139798771000073],[-120.89485570199997,46.130834564000054],[-120.89508743699997,46.121631647000072],[-120.89409871599997,46.112667036000062],[-120.89154718799995,46.103091927000037],[-120.887776385,46.093755010000052],[-120.88400669599997,46.084417771000062],[-120.87814117999994,46.076405880000038],[-120.86686359899994,46.071282934000067],[-120.85646530599996,46.06507180400007],[-120.85060507099996,46.057058301000041],[-120.84230759799999,46.049520523000069],[-120.83732804199997,46.040418998000064],[-120.84034763899996,46.03158716400003],[-120.83780751299997,46.022009124000078],[-120.83404946599995,46.012668825000048],[-120.83029252899996,46.003328207000038],[-120.82653669899997,45.993987272000027],[-120.81386492199999,45.991882212000064],[-120.80270399099999,45.996807674000081],[-120.79188228699996,46.002581388000067],[-120.77881731699995,46.00604376900003],[-120.76541026399997,46.008655495000028],[-120.75185915999998,46.007631170000082],[-120.73918713999996,46.005518920000043],[-120.72597722899997,46.005341295000051],[-120.71140777099998,46.001764451000042],[-120.70015699199996,45.99662618900004],[-120.68714937799996,45.99365930600004],[-120.67414298299997,45.990691105000053],[-120.66201751599999,45.986635543000034],[-120.64915073399999,45.987299760000042],[-120.63628368099995,45.987962706000076],[-120.62253596299996,45.989710158000037],[-120.60966814399995,45.990370473000041],[-120.59591916899996,45.992115108000064],[-120.58271247199997,45.991922964000025],[-120.56883001499995,45.990029746000062],[-120.55528610799996,45.988984951000077],[-120.54228686699997,45.986003565000033],[-120.53017075299999,45.981935699000076],[-120.51662921399998,45.980886867000038],[-120.50308812499998,45.979836625000075],[-120.48988427599994,45.979635073000054],[-120.47634389899997,45.978582050000057],[-120.46314039899994,45.978377786000067],[-120.45161835899995,45.982423159000064],[-120.44577120499997,45.990865578000069],[-120.44147864199999,45.999923409000075],[-120.43874121299996,46.009596768000051],[-120.43133331799999,46.017422134000071],[-120.42013822399997,46.022314506000043],[-120.40671303599999,46.024889236000035],[-120.39383585399997,46.025528193000071],[-120.38062283399995,46.025315595000052],[-120.34021791799995,46.029388452000035],[-120.33899705999994,46.02962182400006],[-120.32812759399997,46.035356524000065],[-120.31658656699994,46.039389406000055],[-120.30760406199994,46.046589912000059],[-120.29672883699999,46.05232176100003],[-120.28585164099997,46.058052624000027],[-120.27241342099995,46.060613308000029],[-120.26119841199994,46.065491524000038],[-120.25376202199999,46.073305736000066],[-120.24031926299995,46.075863023000068],[-120.22687541699997,46.07841890900005],[-120.21476503399998,46.084375766000051],[-120.20320784099999,46.088398139000049],[-120.19231596899999,46.09412070500008],[-120.18108884199995,46.098991640000065],[-120.17019314099997,46.104712213000028],[-120.15896242899998,46.109581122000066],[-120.14584100099995,46.112979127000074],[-120.13294329099995,46.113592198000049],[-120.11971279799997,46.113353227000061],[-120.10658847799999,46.116747258000032],[-120.09535072899996,46.121610555000075],[-120.08444337199995,46.127323659000069],[-120.07542194399997,46.134506625000029],[-120.06673042999995,46.142539687000067],[-120.05581687099999,46.148250110000049],[-120.04645743499998,46.154579863000038],[-120.04054025399995,46.16300050600006],[-120.03306509899994,46.170800270000029],[-120.02370003799996,46.177128043000039],[-120.01433310099998,46.183455048000042],[-120.00685228499998,46.191252920000068],[-120.00092638099994,46.199671010000031],[-119.99778141499996,46.208479424000075],[-119.99062691599994,46.21712675100008],[-119.99540246599997,46.256403480000074],[-120.01312170799997,46.256486012000039],[-120.02665310499998,46.261631419000025],[-120.03718387899994,46.267032034000067],[-120.04485762699994,46.259441336000066],[-120.04138968499996,46.250562082000044],[-120.03792271999998,46.241682539000067],[-120.05083185699999,46.239563133000047],[-120.06452366999997,46.239447393000034],[-120.07723634499996,46.241359523000028],[-120.08348659699999,46.24940755800003],[-120.07885618299997,46.257966441000065],[-120.07234865899994,46.266262966000056],[-120.06407536999996,46.274583266000036],[-120.06225491899994,46.283534192000047],[-120.06313679799996,46.292591746000028],[-120.07010461599998,46.300197701000059],[-120.08294789499996,46.299012237000056],[-120.08247616999995,46.289877244000081],[-120.08200458099998,46.280742040000064],[-120.08979951099997,46.288191736000044],[-120.09522978099994,46.296393748000071],[-120.10160001699995,46.304726161000076],[-120.10857382099999,46.312329839000029],[-120.11637580499996,46.31977736500005],[-120.12335306199998,46.327379970000038],[-120.13341375599998,46.333786546000056],[-120.14516916999997,46.337720860000047],[-120.15662525399995,46.342018292000034],[-120.16135467299995,46.350658595000027],[-120.16875422099997,46.358180240000081],[-120.17608007699999,46.366638024000054],[-120.18194189099995,46.374756827000056],[-120.19148980499995,46.380949978000046],[-120.20002447999997,46.387948945000062],[-120.20814743099999,46.395025329000077],[-120.21740026999998,46.401580550000062],[-120.22947429399994,46.405142345000058],[-120.24215093599997,46.407974310000043],[-120.25471561199998,46.410518897000031],[-120.26397558699995,46.41707057900004],[-120.27323749299995,46.423621500000081],[-120.28381655299995,46.429000079000048],[-120.29082618099994,46.436591664000048],[-120.29433961799998,46.445460120000064],[-120.29868185599997,46.454171552000048],[-120.30825334399998,46.460354958000039],[-120.32139192699998,46.460941339000044],[-120.33453075299997,46.461526406000075],[-120.34729652999999,46.463411261000033],[-120.35938979599996,46.466960552000046],[-120.36896920899994,46.473139335000042],[-120.37599405899999,46.480725519000032],[-120.38189236299996,46.488833017000047],[-120.38820626299997,46.496861444000047],[-120.39327942099999,46.505125369000041],[-120.39918225299999,46.513231584000039],[-120.40948702799994,46.518963409000037],[-120.42248264599999,46.518031294000025],[-120.43612028199999,46.517590908000045],[-120.45092856899998,46.517849105000039],[-120.46198139199998,46.520974360000025],[-120.46243841399996,46.522117854000044],[-120.47275042599995,46.527844593000054],[-120.48103658199994,46.535187395000037],[-120.48582521699996,46.543811695000045],[-120.48594326099999,46.553018180000038],[-120.49806164399996,46.556553901000029],[-120.51175099299996,46.557327963000034],[-120.52463843099997,46.55610005300008],[-120.53775468599997,46.55544244500004],[-120.55064122699997,46.554211985000052],[-120.56368691599999,46.554488248000041],[-120.57666301499995,46.555699688000061],[-120.58982402799995,46.556259110000042],[-120.60277902599995,46.55408707600003],[-120.61451394099998,46.549993069000038],[-120.62723667899996,46.547247151000079],[-120.64023488399999,46.546293613000046],[-120.65399226799997,46.546116392000044],[-120.66735697799999,46.543858483000065],[-120.68051630599996,46.544408860000033],[-120.69115056499999,46.54975293900003],[-120.70351068299999,46.553841080000041],[-120.71653719299997,46.556260912000027],[-120.72988251199996,46.556155429000057],[-120.74294821299998,46.554255228000045],[-120.75556232799994,46.556750941000075],[-120.76590675999995,46.562454181000078],[-120.77827425399994,46.566535171000055],[-120.79076149299999,46.563202448000027],[-120.80271756199994,46.559662896000077],[-120.81559971299998,46.558406536000064],[-120.82755346399995,46.55486468600003],[-120.83915778199997,46.550465153000061],[-120.85213830899994,46.551649464000036],[-120.86219295099994,46.557710807000035],[-120.86620850899999,46.548925725000061],[-120.86886554999995,46.540095250000036],[-120.87583995999995,46.533590910000044]]],[[[-114.30754815499995,33.65221280600008],[-114.28883553399999,33.747541973000068],[-114.28371967199996,33.78156535100004],[-114.26506425199995,33.830731417000038],[-114.24752628299996,33.879785068000047],[-114.22972165999994,33.932634862000043],[-114.20942737099995,33.994581721000031],[-114.19521895399998,34.034772941000028],[-114.18178382899998,34.071466856000029],[-114.17156838799997,34.100496620000058],[-114.15040102599994,34.161651128000074],[-114.17871146799996,34.261123730000065],[-114.18489269999998,34.295704680000028],[-114.19345257399999,34.321700753000073],[-114.19843541099999,34.333056509000073],[-114.20517249699998,34.360580741000035],[-114.23823900599996,34.324516955000036],[-114.23847562299994,34.324264780000078],[-114.31565534699996,34.241896705000045],[-114.34409935099995,34.211649118000025],[-114.40634691999998,34.145348108000064],[-114.49178681699999,34.055088210000065],[-114.48477090099999,34.038605382000071],[-114.48211841899996,34.021983670000054],[-114.47880818699997,34.011574169000028],[-114.47349336999997,33.996020295000051],[-114.47532735799996,33.982467578000069],[-114.47948379899998,33.961994640000057],[-114.47486861999994,33.941565628000035],[-114.47256023899996,33.925131581000073],[-114.47275660299999,33.909950588000072],[-114.47556449699999,33.901784667000072],[-114.47409876799998,33.885206835000076],[-114.47160598699998,33.866245111000069],[-114.46548973899996,33.846809535000034],[-114.46332351099994,33.838036169000077],[-114.46877489099995,33.822831524000037],[-114.47486946999999,33.815563999000062],[-114.46992096599996,33.806172419000063],[-114.46148677199994,33.79152760900007],[-114.45712233099999,33.780938467000055],[-114.45706259299999,33.780284522000045],[-114.45669273699997,33.776235477000057],[-114.45557644399997,33.764012248000029],[-114.46111058699995,33.749160447000065],[-114.46339461699995,33.738891330000058],[-114.47313729299998,33.725143165000077],[-114.48287644299995,33.71139439500007],[-114.48191908499996,33.695099540000058],[-114.47661630399995,33.687182269000061],[-114.47358105199999,33.682649692000041],[-114.47291509699994,33.681655133000049],[-114.46708783799994,33.675298256000076],[-114.46393957199996,33.67186330800007],[-114.45958166199995,33.661276049000037],[-114.45918455599997,33.655222699000035],[-114.44813040499997,33.65492236800003],[-114.43510116299996,33.649362594000024],[-114.42835723099995,33.645646494000061],[-114.41805881999994,33.64644181400007],[-114.40474845499995,33.649216170000045],[-114.39307170599994,33.644394945000045],[-114.37868607099995,33.635649516000058],[-114.36932350399996,33.623604207000028],[-114.36131136299997,33.612302365000062],[-114.35233763699995,33.608965089000037],[-114.34403829399997,33.605999221000047],[-114.33571413299995,33.59816242200003],[-114.33086040599994,33.590218924000055],[-114.32322494399995,33.585188643000038],[-114.31749597499999,33.580806832000064],[-114.31404583299997,33.607231121000041],[-114.30754815499995,33.65221280600008]]],[[[-111.46379002299994,33.154700476000073],[-111.62197300099996,33.155329244000029],[-111.62125113799999,33.239725135000072],[-111.70966817699997,33.239870086000053],[-111.81536466099999,33.240662601000054],[-111.81515137599996,33.32648126600003],[-111.93852696899995,33.32683066900006],[-112.04949298299999,33.327133608000054],[-112.13736108699999,33.385169513000051],[-112.18011602899998,33.416015727000058],[-112.27287094699994,33.413492296000072],[-112.27417696599997,33.36135551600006],[-112.27486175199999,33.333991744000059],[-112.27539218599998,33.274483115000066],[-112.16963808799994,33.274444384000049],[-112.17129814799995,33.17726067500007],[-112.17202107499998,33.12672043300006],[-112.05180553199995,33.126481804000036],[-111.85714319399995,33.12585079400003],[-111.85808369799997,33.021774417000074],[-111.56832375399995,33.021904409000058],[-111.56207666999995,33.021765115000051],[-111.56223116599995,33.05329602200004],[-111.54493772599994,33.053089315000079],[-111.54401042299997,33.059531100000072],[-111.53641626399997,33.059607993000043],[-111.52956129399996,33.059676943000056],[-111.52895538499996,33.048754950000045],[-111.51363659399999,33.047651132000055],[-111.51338373799996,33.053437908000035],[-111.50692127799999,33.053467996000052],[-111.50542441099998,33.053496580000058],[-111.50535783599997,33.053420373000051],[-111.50152279799994,33.049030102000074],[-111.50032091499997,33.048152153000046],[-111.48423871399996,33.047981080000056],[-111.48406203199994,33.038600442000075],[-111.48374891499998,33.021970708000026],[-111.46606419999995,33.02173330800008],[-111.46590880599996,33.036528277000059],[-111.46565902299994,33.060298742000043],[-111.46379002299994,33.154700476000073]]],[[[-112.72549240999996,33.025080540000033],[-112.72524096299998,33.045611629000064],[-112.79004559099997,33.044461544000058],[-112.82800154999995,33.043769852000025],[-112.82866297899994,32.952160658000025],[-112.72637446399995,32.952977443000066],[-112.72549240999996,33.025080540000033]]],[[[-114.63846771099998,36.662552185000038],[-114.63559874599997,36.679669217000026],[-114.66500233699998,36.704099366000037],[-114.67252614399996,36.709687903000031],[-114.69272372399996,36.721956698000042],[-114.68824880099999,36.695303497000054],[-114.63846771099998,36.662552185000038]]],[[[-114.71702124799998,32.741817216000072],[-114.67276091099995,32.738368510000043],[-114.66491680399997,32.738739819000045],[-114.65274509899996,32.741978285000073],[-114.63413437099996,32.740136076000056],[-114.61065392799998,32.741337790000046],[-114.59973853399998,32.74617591100008],[-114.58032748199997,32.755093634000048],[-114.56665441399997,32.764123686000062],[-114.55640119599997,32.766998308000041],[-114.54748757799996,32.766397236000046],[-114.53831446399994,32.763989226000035],[-114.52953492499995,32.757963025000038],[-114.51808690699994,32.755951049000032],[-114.50952906399999,32.760530732000063],[-114.50517154399995,32.768851167000037],[-114.50837386199998,32.779709901000047],[-114.51362703399997,32.80353527300008],[-114.50914216399997,32.811136452000028],[-114.49424134499998,32.818604763000053],[-114.48292025399996,32.831291824000061],[-114.47410050199994,32.837697553000055],[-114.45840964599995,32.844323152000072],[-114.45040027399995,32.856429910000031],[-114.44851099799996,32.87234327300007],[-114.46108509699997,32.872881695000046],[-114.71403175699999,32.873180649000062],[-114.71702124799998,32.741817216000072]]],[[[-112.69040194599995,36.079133335000051],[-112.68546794099996,36.073302006000063],[-112.68526924899999,36.064565052000034],[-112.67836799599996,36.052089985000066],[-112.67469184299995,36.043877451000071],[-112.67360708299998,36.031256459000076],[-112.66883888599995,36.02613081800007],[-112.66502131599998,36.021227128000078],[-112.65616438999996,36.01196890500006],[-112.64669851599996,36.007915435000029],[-112.63543067799998,36.007784750000042],[-112.62081393799997,36.010712847000036],[-112.62288931899997,36.015879332000054],[-112.62623656999995,36.02268083000007],[-112.63037347799997,36.028998409000053],[-112.63328722599999,36.03586511900005],[-112.63397924399999,36.040874453000072],[-112.63665225999995,36.04668170900004],[-112.63555690699997,36.049768359000041],[-112.62951669699999,36.052867731000049],[-112.62819497499999,36.05891022000003],[-112.63797251899996,36.060362630000043],[-112.64771841999999,36.063645296000061],[-112.65485547999998,36.067319877000045],[-112.65962536599994,36.072446270000057],[-112.66607277599996,36.080972768000038],[-112.69040194599995,36.079133335000051]]],[[[-113.69249686599994,44.93697583900007],[-113.93233782399994,44.938108120000038],[-113.93012908099996,44.765812832000051],[-113.55927678199998,44.761737523000079],[-113.54985616199997,44.773502904000054],[-113.54485004099996,44.798712173000069],[-113.55122727099996,44.829373171000043],[-113.56283834899995,44.841832037000074],[-113.58360924499999,44.849130903000059],[-113.61823034599996,44.858376625000062],[-113.63581816899995,44.86769036700008],[-113.65610526499995,44.884269829000061],[-113.67642817799998,44.910792826000034],[-113.68599828599997,44.925592466000069],[-113.69249686599994,44.93697583900007]]],[[[-111.22757943499994,32.12282416100004],[-111.22651379499996,32.023959498000067],[-110.97428875299994,32.025627464000024],[-110.97214169499995,32.142775445000041],[-111.00725576599996,32.144676477000075],[-111.00804199999999,32.165188568000076],[-111.04146310699997,32.166632500000048],[-111.03541875499997,32.123492751000072],[-111.22757943499994,32.12282416100004]]],[[[-111.88501434399996,33.605127671000048],[-111.88694736999997,33.461911121000071],[-111.87172594999998,33.463799762000065],[-111.85779044899999,33.467677975000072],[-111.84167269299996,33.47769437900007],[-111.83186464599999,33.48677757400003],[-111.82475163999999,33.498371492000047],[-111.81826092499995,33.502600577000067],[-111.79869391299997,33.506572156000061],[-111.78188048199996,33.50504483900005],[-111.75994104799997,33.503903865000041],[-111.74472918799995,33.507953162000035],[-111.72801959299994,33.517309445000024],[-111.71410742299997,33.525526353000032],[-111.70134288999998,33.528847124000038],[-111.68335546499998,33.530020467000043],[-111.66170366799997,33.530270884000061],[-111.65940096199995,33.565142853000054],[-111.65375959099998,33.604865147000055],[-111.88501434399996,33.605127671000048]]],[[[-111.95505947499998,43.112703941000063],[-111.95999291699997,43.113954411000066],[-111.96771218699996,43.116024849000041],[-111.98398010799997,43.122884853000073],[-112.00653751999994,43.143864897000071],[-112.01735701299998,43.151062640000077],[-112.02593642799997,43.16629940100006],[-112.03331531499998,43.18279915200003],[-112.04714383299995,43.200916205000055],[-112.06425023999998,43.215898564000042],[-112.07788061199994,43.220757728000081],[-112.09480819599997,43.227397757000062],[-112.10419636199998,43.227275470000052],[-112.13389810599995,43.227686555000048],[-112.16050281199995,43.223700786000052],[-112.18395688899994,43.217171576000055],[-112.20408529399998,43.206032291000042],[-112.21498380499997,43.196352956000055],[-112.23139441099994,43.189265613000032],[-112.23655457299998,43.182924790000072],[-112.25050978799999,43.171360462000052],[-112.27329564399997,43.155424899000025],[-112.30028499199994,43.139540489000069],[-112.31789858899998,43.135354595000081],[-112.33120585299997,43.138876135000032],[-112.34427792099996,43.144150527000079],[-112.36878326999994,43.146053953000035],[-112.38862921499998,43.144759762000035],[-112.41050784699996,43.136113818000069],[-112.42543658499994,43.131285954000077],[-112.44486409899997,43.120929742000044],[-112.45911593199997,43.112741137000057],[-112.47629794099998,43.108218929000031],[-112.48568681099999,43.102772108000067],[-112.49082348399997,43.093095206000044],[-112.50532242499997,43.081911597000044],[-112.51060554499998,43.073505928000031],[-112.52020528299994,43.066918761000068],[-112.53003832399997,43.059929714000077],[-112.54343774999995,43.051103784000077],[-112.56037990599998,43.043028295000056],[-112.56494605799998,43.035146369000074],[-112.58335488999995,43.02625260700006],[-112.59988697799997,43.021919704000027],[-112.61832756099994,43.01917250300005],[-112.64024631499996,43.015580283000077],[-112.65459007599998,43.008580762000065],[-112.65665795499996,42.99949360100004],[-112.65961045399996,42.987268337000046],[-112.66438866999999,42.97762683600007],[-112.67965086899994,42.967664568000032],[-112.69781490199995,42.957919473000061],[-112.70457198499997,42.947512087000064],[-112.71457932699997,42.930746765000038],[-112.73223428799997,42.91375406700007],[-112.73617288399998,42.887978306000036],[-112.73440056199996,42.793546302000038],[-112.73256484999996,42.692304602000036],[-112.73117766299998,42.587584548000052],[-112.73157739899995,42.526497400000039],[-112.70759920299997,42.523962100000062],[-112.67622930399995,42.51684517800004],[-112.63225204399998,42.506585843000039],[-112.58297548299998,42.497400910000067],[-112.55177334599995,42.48950330100007],[-112.50786542899999,42.480653075000077],[-112.47318579299997,42.473210378000033],[-112.44550572999998,42.467484287000048],[-112.41361278299996,42.460621052000079],[-112.38802239199998,42.455329769000059],[-112.37135838399996,42.450288058000069],[-112.34802657299997,42.432777545000079],[-112.32907793899994,42.407675514000061],[-112.31783137199994,42.388533943000027],[-112.31426299499998,42.368601725000076],[-112.27326371099997,42.330859356000076],[-112.23119984799996,42.336987221000072],[-112.20777105499997,42.333562906000054],[-112.17822208299998,42.34674341200008],[-112.15630199399999,42.329260232000081],[-112.07702887699998,42.331501415000048],[-112.02401182299997,42.366345592000073],[-112.00759529399994,42.364316990000077],[-111.96884304899999,42.373155817000054],[-111.95020916499999,42.404422928000031],[-111.91049228899999,42.470819897000069],[-111.94125081099997,42.505051925000032],[-111.94419238599994,42.684503987000028],[-111.94947127999995,42.850991960000044],[-111.95505947499998,43.112703941000063]]],[[[-114.81278732399994,47.85082548500003],[-114.79885654399999,47.837216715000068],[-114.78209792099995,47.820262642000046],[-114.76313026099996,47.812313294000035],[-114.75058913699996,47.811184027000081],[-114.73761741299995,47.808665316000031],[-114.72541527399994,47.801690134000069],[-114.72257506199998,47.794845038000062],[-114.73158455899994,47.789228726000033],[-114.73878817699995,47.782416960000035],[-114.73808771999995,47.770922459000076],[-114.73959027399997,47.759599944000058],[-114.75599863999997,47.752453348000074],[-114.77080875599995,47.749395006000043],[-114.77493821899998,47.739631674000066],[-114.77225166999995,47.724067348000062],[-114.76660118399997,47.712787011000046],[-114.76511309099999,47.694153044000075],[-114.76228745699996,47.678123484000025],[-114.75487401599997,47.668057830000066],[-114.74186921399996,47.660715160000052],[-114.73237447699995,47.648526571000048],[-114.72581723799999,47.629640204000054],[-114.72948519199997,47.61607368600005],[-114.72716372699995,47.606252973000039],[-114.72090920599999,47.599887792000061],[-114.71782335499995,47.594524453000076],[-114.72602666999995,47.581765276000056],[-114.72558607299999,47.56877770300008],[-114.71428123099997,47.552976320000027],[-114.70546250599995,47.538272654000082],[-114.71060967099999,47.522560098000042],[-114.72576119599995,47.48609196700005],[-114.72006946799996,47.458373650000055],[-114.70044870199996,47.443264162000048],[-114.68384995999997,47.41708787500005],[-114.68318625299997,47.384785431000068],[-114.67942680699997,47.356303866000076],[-114.68422272599997,47.334829179000053],[-114.68126338499997,47.315903467000055],[-114.65545247499995,47.291993940000054],[-114.64436183099997,47.26502903100004],[-114.62573863099999,47.23429225700005],[-114.60584005099997,47.22259770200003],[-114.58224844399996,47.222063546000072],[-114.56290679499995,47.223827381000035],[-114.51738930699997,47.225890389000028],[-114.48298011899999,47.220091076000074],[-114.45300228999997,47.205441920000055],[-114.41907628799999,47.189406459000054],[-114.39489713499995,47.190373932000057],[-114.35755067599996,47.188824683000064],[-114.31660449799995,47.177614756000025],[-114.27821673599999,47.158303623000052],[-114.25740106499995,47.136059555000031],[-114.22803650099996,47.115966627000034],[-114.18374277199996,47.100354243000027],[-114.15844561299997,47.103371634000041],[-114.14418082099996,47.11017679400004],[-114.12078793799998,47.114856291000081],[-114.09832147199995,47.110704416000033],[-114.07937951499997,47.099298090000048],[-114.06669139699994,47.082679646000031],[-114.06584466699996,47.067813839000053],[-114.07248434699994,47.056749850000074],[-114.08482601999998,47.043448835000049],[-114.08344446399997,47.033971919000066],[-114.07390666099997,47.023202310000045],[-114.06043392199996,47.013457636000055],[-114.04084946899997,47.002136311000072],[-114.01972060199995,46.998758820000035],[-113.98466889699995,46.992456024000035],[-113.95465139899994,46.993671333000066],[-113.91648070599996,47.000826689000064],[-113.87231173099997,47.018934097000056],[-113.84224199099998,47.044285024000033],[-113.82056607499999,47.076696761000051],[-113.80964208399996,47.097499243000073],[-113.79832193199996,47.109658921000062],[-113.78387535499996,47.11837616400004],[-113.74245796299999,47.131699851000064],[-113.70688428099999,47.143255384000042],[-113.68721601499999,47.158454900000038],[-113.67651161199996,47.177755970000078],[-113.67290753099996,47.192239406000056],[-113.66521041399994,47.207271137000077],[-113.65434542899999,47.228517895000039],[-113.65436894499999,47.253129453000042],[-113.64852524199995,47.335947526000041],[-113.64925162099996,47.385062466000079],[-113.65100029199999,47.420527511000046],[-113.65337898499996,47.438540329000034],[-113.69228497299997,47.49411976500005],[-113.71691539199998,47.537129021000055],[-113.77223046199998,47.604477730000042],[-113.83241217999995,47.707317979000038],[-113.85997704699997,47.749904926000056],[-113.88675091199997,47.796931125000071],[-113.89760261299995,47.826326340000037],[-113.89814107399997,47.845054110000035],[-113.98490364499997,47.845422772000063],[-114.18472273299994,47.851208495000037],[-114.38598558299998,47.851316668000038],[-114.54586580799997,47.851827330000049],[-114.81278732399994,47.85082548500003]]],[[[-113.85797887199999,35.995061297000063],[-113.85518326699997,35.937659362000034],[-113.85344115999999,35.901106552000044],[-113.84568587599995,35.873071243000027],[-113.83354032399996,35.834398199000077],[-113.80733244399994,35.787751983000078],[-113.76873541599997,35.734323201000052],[-113.73200364599995,35.694279495000046],[-113.69293845599998,35.657022231000042],[-113.61914373199994,35.603745693000064],[-113.59333706599995,35.591417610000065],[-113.53848351599999,35.581165715000054],[-113.45527354499995,35.573935658000039],[-113.38882164799998,35.574965072000055],[-113.33436563799995,35.573697087000028],[-113.29273611399998,35.56586640900008],[-113.25664624499996,35.591521064000062],[-112.87384224999994,35.860622296000031],[-112.87411592399997,36.229486045000044],[-112.88076568799994,36.299149452000051],[-112.88929786199998,36.298947690000034],[-112.89925065799997,36.302915025000061],[-112.91239620099998,36.308953770000073],[-112.92387497199996,36.30976256200006],[-112.93679452599997,36.307060506000028],[-112.94728581599998,36.303631065000047],[-112.95887086299996,36.302957763000052],[-112.96765040099996,36.303808955000079],[-112.98094473599997,36.298850693000077],[-112.98941773799999,36.296456879000061],[-112.99852693999998,36.298717434000025],[-113.01114790499997,36.298611014000073],[-113.01899579399998,36.297407454000052],[-113.03438253599995,36.291755546000047],[-113.04391253599999,36.28809807600004],[-113.07066388299995,36.288932657000032],[-113.08270264599997,36.286348007000072],[-113.09252051399994,36.280082059000051],[-113.09584198799996,36.271160153000039],[-113.09669418599998,36.257499759000041],[-113.10013879099995,36.245267812000066],[-113.11171248199997,36.236900133000063],[-113.12504784299995,36.234109314000079],[-113.14060306499999,36.234995897000033],[-113.15117732199997,36.230068957000071],[-113.16649497199995,36.220383530000049],[-113.17990856499995,36.217939016000059],[-113.19314525899995,36.224297304000061],[-113.20988569199994,36.228281720000041],[-113.23019925599999,36.222564875000046],[-113.25298666699996,36.221579296000073],[-113.26623016499997,36.218418992000068],[-113.27793018299997,36.203061329000036],[-113.27700738199997,36.189671735000047],[-113.28322914599994,36.174070091000033],[-113.28521525699995,36.155837372000065],[-113.27969232199996,36.142069142000025],[-113.28027426199998,36.125519205000046],[-113.27166139799999,36.108210729000064],[-113.27271344799999,36.09743992600005],[-113.28033369799999,36.089666360000024],[-113.28026442999999,36.07797336200008],[-113.27466466599998,36.063852982000071],[-113.26803138499997,36.049162785000078],[-113.26754651699997,36.035706752000067],[-113.27010075499999,36.021776002000024],[-113.27616063899995,36.013148661000059],[-113.28518983799995,36.001861975000054],[-113.28745664199994,35.990535524000052],[-113.28633317799995,35.972498411000061],[-113.28289273599995,35.959871128000032],[-113.28570812899994,35.945167651000077],[-113.28987450799997,35.934275301000071],[-113.29035299699996,35.919206282000061],[-113.28823075499997,35.904544901000065],[-113.28839468099994,35.895742417000065],[-113.29720896899994,35.887412537000046],[-113.30975349399995,35.877764986000045],[-113.31398063099999,35.86905588500008],[-113.32993132899998,35.854847610000036],[-113.34558090799999,35.845072365000078],[-113.35822199299997,35.843448587000069],[-113.36912495899998,35.842828637000025],[-113.37391571299997,35.838416263000056],[-113.38438870499999,35.825792540000066],[-113.39730408999998,35.821560103000024],[-113.40866776199999,35.816473773000041],[-113.42120578899994,35.816321304000041],[-113.43321444399999,35.817714319000061],[-113.44445431599996,35.817764619000059],[-113.45423956399998,35.815483561000065],[-113.46651301799994,35.816099496000049],[-113.47548184499999,35.819798994000053],[-113.48697501099997,35.82090239200005],[-113.49717027399998,35.822210750000067],[-113.51235833199996,35.827480992000062],[-113.53374653099996,35.837983107000071],[-113.54790551199994,35.842681436000078],[-113.55981740099998,35.847370387000069],[-113.56452310199995,35.857597668000039],[-113.57292089499998,35.873823066000057],[-113.59094317199998,35.88705006400005],[-113.60923501599996,35.899500377000038],[-113.62550653199997,35.899828814000045],[-113.63660368499995,35.89549291600008],[-113.64139656599997,35.887406810000073],[-113.64705428699995,35.879181960000039],[-113.65581216099997,35.87448598900005],[-113.66515196499995,35.875917708000031],[-113.68155739099996,35.88609780400003],[-113.69071005099994,35.892315892000056],[-113.69901007599998,35.895010146000061],[-113.70886607899996,35.898552102000053],[-113.71317374099999,35.905180907000044],[-113.72050285299997,35.914984705000052],[-113.73510139999996,35.926914360000069],[-113.74579632799998,35.943131670000071],[-113.75147689999994,35.957227018000026],[-113.75383211799999,35.98540280800006],[-113.76680173399996,35.997960112000044],[-113.78228359999997,36.013407259000076],[-113.78677275399997,36.022569600000054],[-113.78839412999997,36.03536705700003],[-113.79467664899994,36.045095083000035],[-113.80529687499995,36.055344572000024],[-113.81494148699994,36.062821635000034],[-113.81984483999997,36.070574734000047],[-113.82740303799994,36.083026008000047],[-113.83988605999997,36.092241255000033],[-113.85081017799996,36.101219177000075],[-113.85821183299998,36.105638724000073],[-113.86306992299995,36.108271721000051],[-113.86316394199997,36.095291716000077],[-113.86093974799996,36.052096705000054],[-113.86052742999999,36.044083864000072],[-113.86022176799997,36.038207659000079],[-113.85797887199999,35.995061297000063]]],[[[-112.34537338399997,48.952152487000035],[-112.34499865699996,48.993283466000037],[-112.86640574899997,48.99668762500005],[-113.02053172499996,48.996966426000029],[-113.35843361599996,49.001153402000057],[-113.89644560999994,49.003722362000076],[-114.01639577399999,49.004962656000032],[-113.99772739699995,48.991132116000074],[-113.97315079099997,48.965554862000033],[-113.94873380499996,48.93082527200005],[-113.93149125399998,48.90043018700004],[-113.92084869499996,48.872525590000066],[-113.90293696899994,48.842213181000034],[-113.87972661199996,48.811153794000063],[-113.86099366099995,48.797281230000067],[-113.82353996899997,48.776736179000068],[-113.81867297799994,48.776004103000048],[-113.78090217799996,48.770316223000066],[-113.73028678199995,48.76877008200006],[-113.66591471699996,48.779564664000077],[-113.62082908699995,48.789265485000044],[-113.57103893499999,48.788032460000068],[-113.53494474199999,48.788855656000067],[-113.50991441399998,48.768075381000074],[-113.50416445799999,48.751048895000054],[-113.50522562399999,48.720175708000056],[-113.52012673699994,48.68703067000007],[-113.55810434199998,48.643681936000064],[-113.59099080799996,48.627400995000073],[-113.62647633999995,48.617498505000071],[-113.65707738299994,48.60581940000003],[-113.67652688199996,48.59078260900003],[-113.68345570399998,48.567765069000075],[-113.68367455399999,48.556506732000059],[-113.68398956499999,48.540293536000036],[-113.67937229199998,48.512532324000063],[-113.66664558099995,48.494004529000051],[-113.63943102299999,48.480254728000034],[-113.63541777099999,48.479378964000034],[-113.60773919999997,48.473335029000054],[-113.56603490699996,48.466751015000057],[-113.51302977199998,48.44623970300006],[-113.49785582499999,48.428979903000027],[-113.48868081699999,48.409978961000036],[-113.48777547499998,48.382211355000038],[-113.48562242899999,48.261306524000076],[-113.48052232099997,48.238882131000025],[-113.47074880899999,48.230052187000069],[-113.45847366799995,48.222508894000043],[-113.45733576799995,48.208707086000061],[-113.44876517299997,48.189136305000034],[-113.43958249099995,48.177341174000048],[-113.41838979599999,48.169991465000066],[-113.41239085299998,48.159224709000057],[-113.40748993899996,48.149758322000025],[-113.39329478599996,48.142940607000071],[-113.36667875399996,48.132920216000059],[-113.35246892199996,48.128506130000062],[-113.33117814099995,48.123288716000047],[-113.30701032899998,48.119090628000038],[-113.28685750899996,48.115496685000039],[-113.27698416599998,48.117070015000081],[-113.26521207499997,48.118285850000063],[-113.25610352999996,48.120961446000081],[-113.24806065599995,48.121094474000074],[-113.23983419199999,48.122152396000047],[-113.23160744199998,48.123209816000042],[-113.22354654099996,48.124846552000065],[-113.21548520399995,48.126482801000066],[-113.20682439799998,48.127594293000072],[-113.19843043599997,48.128069852000067],[-113.19038649799995,48.128199459000029],[-113.18199232199999,48.128674002000025],[-113.17108228899997,48.129770661000066],[-113.16260496399997,48.129954066000039],[-113.15421032999996,48.130426888000045],[-113.14583516999994,48.129394069000057],[-113.13752314799996,48.130155811000066],[-113.12937616999994,48.131496962000028],[-113.11654655699999,48.133735655000066],[-113.10561383799995,48.13633212600007],[-113.09711459299996,48.138016520000065],[-113.08981115799997,48.140749912000047],[-113.08258948499997,48.143772864000027],[-113.07349050599998,48.144930947000034],[-113.06276193099995,48.145093770000074],[-113.05446859699998,48.144345350000037],[-113.04512226299994,48.144631552000078],[-113.03672469799994,48.145097086000078],[-113.02849133599995,48.146142116000078],[-113.01844213599998,48.147116468000036],[-113.01004402299998,48.147580348000076],[-113.00131762799998,48.146883618000061],[-112.98958126199994,48.145065385000066],[-112.97782183399994,48.144751156000041],[-112.96576880699996,48.146575809000069],[-112.95650354199995,48.147145953000063],[-112.94845659499998,48.147261216000061],[-112.94051605399994,48.146161052000082],[-112.93249409499998,48.144770355000048],[-112.92309059099995,48.143253067000046],[-112.91504409599997,48.143366352000044],[-112.90645702599994,48.144748692000064],[-112.89795110999995,48.146420568000053],[-112.88971519299997,48.147457179000071],[-112.88088257399994,48.147967616000074],[-112.87283537699994,48.148078397000063],[-112.86329827199995,48.149276866000037],[-112.85316458899996,48.149948872000039],[-112.84105267799998,48.149967341000036],[-112.83021398099999,48.151326642000072],[-112.82273459199996,48.153465302000029],[-112.81593177199994,48.156419607000032],[-112.80869465499995,48.159427830000027],[-112.80205270199997,48.162961635000045],[-112.79418995799995,48.16694792100003],[-112.78806112099994,48.170716846000062],[-112.77919558199994,48.172725490000062],[-112.77087310999997,48.173464674000058],[-112.76263137199999,48.174493488000053],[-112.75514675599999,48.176628268000059],[-112.74858068599997,48.180449405000047],[-112.74109484299998,48.182583371000078],[-112.73151985699997,48.185277244000076],[-112.72240804399996,48.186411644000032],[-112.71234733499995,48.187363217000041],[-112.70366878899995,48.188442380000026],[-112.69238621599999,48.189844458000039],[-112.68430209599995,48.191448803000071],[-112.67605645599997,48.19247230600007],[-112.66764952299997,48.192914944000051],[-112.65916200099997,48.193066877000035],[-112.65083529099996,48.193798660000027],[-112.64266915899998,48.195110319000037],[-112.63509743799995,48.196948152000061],[-112.62752525999997,48.198785555000029],[-112.61995262299996,48.20062252300005],[-112.61313468099996,48.203566224000042],[-112.59789856999998,48.211554518000071],[-112.58974429399996,48.219659203000049],[-112.58351732099999,48.223128063000047],[-112.57717579499996,48.227810945000044],[-112.57170202399999,48.232386431000066],[-112.55980306599997,48.241353301000061],[-112.55519571799999,48.245820974000026],[-112.55023320199996,48.250632068000073],[-112.54613900399994,48.255336051000029],[-112.53707944899998,48.264850236000029],[-112.52762731199999,48.276211386000057],[-112.51065542799995,48.286393346000068],[-112.50145304999995,48.290521032000072],[-112.48719033999998,48.295867337000061],[-112.46782188499998,48.300636248000046],[-112.45955776899996,48.301646262000077],[-112.44757475399996,48.302210051000031],[-112.43934727399994,48.301714683000057],[-112.43159228899998,48.29966160500004],[-112.42391730899999,48.297898298000064],[-112.41537285499999,48.296240562000037],[-112.40687027599995,48.29637669400006],[-112.39876146599994,48.294664930000067],[-112.39057380099996,48.292662421000045],[-112.38345369499996,48.289629926000032],[-112.37712490699994,48.286200997000037],[-112.36945321599995,48.284434545000067],[-112.36122878899994,48.283934430000045],[-112.35347872399996,48.281876786000055],[-112.34553152399997,48.280742341000064],[-112.33766332099998,48.283196456000042],[-112.33082243199999,48.286125211000069],[-112.32398088099995,48.289053596000031],[-112.31662469799994,48.291744006000044],[-112.31250961899997,48.296440326000038],[-112.31654125499995,48.301349443000049],[-112.31665747799997,48.306732614000055],[-112.31685270699995,48.312405966000028],[-112.31696897799998,48.317788945000075],[-112.31708527099994,48.323171830000035],[-112.31589574699996,48.328712673000041],[-112.31375635999996,48.334068503000026],[-112.30971716999994,48.339054350000026],[-112.30405524999998,48.343036918000053],[-112.29736385399997,48.346543932000031],[-112.29059277199997,48.349760322000066],[-112.28449310599996,48.353794534000031],[-112.28045019099994,48.358779197000047],[-112.27830660899997,48.364133949000063],[-112.27667712299996,48.369726271000047],[-112.27401830599996,48.374843074000069],[-112.27282382599998,48.380382616000077],[-112.27257945299999,48.386107216000028],[-112.27177898399998,48.393097677000071],[-112.26934719899998,48.405679558000031],[-112.26625026899995,48.410848130000034],[-112.26109356999996,48.415065685000059],[-112.25645097099999,48.419520722000073],[-112.25386708399998,48.424926509000045],[-112.25215487199995,48.43022723200005],[-112.25044235799999,48.435527843000045],[-112.24880837099994,48.441118534000054],[-112.24527168199995,48.446338481000055],[-112.24011049199999,48.450554755000041],[-112.23340348799996,48.454057406000061],[-112.22661696599994,48.457269495000048],[-112.21923598599994,48.45995318000007],[-112.21890750299997,48.465386012000067],[-112.21726979099998,48.47097578000006],[-112.22120247999999,48.48418586400004],[-112.23705199999995,48.494748027000071],[-112.24802539399997,48.500621169000055],[-112.25302540699994,48.511046282000052],[-112.25993750199996,48.517885791000026],[-112.26361007899999,48.526073023000038],[-112.26486741399998,48.535988309000061],[-112.26384189599997,48.542822236000063],[-112.26987326599999,48.546411590000048],[-112.28130511499995,48.551268823000044],[-112.29953768499996,48.557224237000071],[-112.31052852399995,48.563091154000062],[-112.32266040199994,48.58367921200005],[-112.33143182499998,48.594605297000044],[-112.33810654599995,48.616328022000062],[-112.34898551299995,48.632270790000064],[-112.35013232499995,48.646989599000051],[-112.35936328799994,48.656899448000047],[-112.34809698499998,48.665924904000065],[-112.34593952499995,48.889893082000071],[-112.34537338399997,48.952152487000035]]],[[[-107.75858630899995,35.114511681000067],[-107.75389974199999,34.895742549000033],[-107.54682637799999,34.896755109000026],[-107.54995735699998,35.058474609000029],[-107.75858630899995,35.114511681000067]]],[[[-108.55458054499996,35.313509251000028],[-108.69629767499998,35.310554192000041],[-108.69310508899997,35.231790506000038],[-108.71486338199998,35.229882380000049],[-108.71296294899997,35.205940145000056],[-108.73265016899995,35.204871059000027],[-108.73185450799997,35.19167402100004],[-108.74710710499994,35.19051118200008],[-108.74620719699999,35.176722189000031],[-108.76197387099995,35.174289208000062],[-108.76117335299995,35.161092781000036],[-108.77724242899995,35.160434329000054],[-108.77850688299998,35.142165328000033],[-108.81413844799994,35.139828683000076],[-108.85317602599997,35.118958251000038],[-109.04621608899998,35.029124768000031],[-109.04791551099999,34.854914998000027],[-109.04080144199997,34.854701970000065],[-109.03981126899998,34.85467228300007],[-108.59039641399994,35.060609915000043],[-108.55357451699996,35.059994906000043],[-108.55368736999998,35.088516285000026],[-108.55458054499996,35.313509251000028]]],[[[-107.54071483099995,35.171592044000079],[-107.55953269299994,35.173597205000078],[-107.59483691099996,35.176758426000049],[-107.59919310799995,35.167977769000061],[-107.59618977299999,35.148756632000072],[-107.59202192799995,35.136170984000046],[-107.57595754899995,35.129179413000031],[-107.56376469499997,35.113096350000035],[-107.56751106499996,35.100402114000076],[-107.52201499099999,35.099389822000035],[-107.52223121899999,34.953231852000044],[-107.26056629999994,34.953981016000057],[-107.26546929399996,35.102454395000052],[-107.22111496999997,35.10011690500005],[-107.19619669399998,35.104102011000066],[-107.18354852799996,35.122382876000074],[-107.17718814899996,35.135684608000076],[-107.18279220099998,35.155364699000074],[-107.19448834799999,35.16285453200004],[-107.28105024699994,35.167399443000079],[-107.54071483099995,35.171592044000079]]],[[[-109.57286621499998,33.891948539000055],[-109.61436588399994,33.92484672300003],[-109.68119266099995,33.967159934000051],[-109.78370920499998,33.994755558000065],[-109.92791093599999,34.002406018000045],[-110.03797032299997,34.004146813000034],[-110.11519094899995,34.007162660000063],[-110.20136273599996,34.020560461000059],[-110.25945880799998,34.04195053400008],[-110.31680817799997,34.086639710000043],[-110.34666852499998,34.105916772000057],[-110.40160621099994,34.110242462000031],[-110.47928346099997,34.105695941000079],[-110.55832594299994,34.108171063000043],[-110.61920858999997,34.134588041000029],[-110.67452404199997,34.179164740000033],[-110.73127126899999,34.238060414000074],[-110.75156590599994,34.252254593000032],[-110.80916757899996,34.300114699000062],[-110.81676365999999,34.198560471000064],[-110.81774266699995,33.99743034100004],[-110.81769229099996,33.923590558000058],[-110.62379303399996,33.800384917000031],[-110.63627076799997,33.793833237000058],[-110.64538526099994,33.781102068000052],[-110.64627504099997,33.767067204000057],[-110.64996958999996,33.756281280000053],[-110.66729660399994,33.744851777000065],[-110.68425799799996,33.735283688000038],[-110.68573853799995,33.690920659000028],[-110.66843173799998,33.693348524000044],[-110.69913814699999,33.676166627000043],[-110.70022190599997,33.649231704000044],[-110.71252194399995,33.549259198000073],[-110.74815316699994,33.280828821000057],[-110.75276032999994,33.246795147000057],[-110.78097801299998,33.03771910100005],[-110.78696326999994,32.993232676000048],[-110.80929192699995,32.997394216000032],[-110.82603226499998,33.003777469000056],[-110.86494525199998,33.028839794000078],[-110.88230626799998,33.047100063000073],[-110.89003725299995,33.062347307000039],[-110.89611965699999,33.063930264000078],[-110.90547396799997,33.066363952000074],[-110.92558996599996,33.074441875000048],[-110.93165670599996,33.08774382200005],[-110.93429990599998,33.101161113000046],[-110.94848483699997,33.109701741000038],[-110.96232177599995,33.120829524000044],[-110.99777473899996,33.121309354000061],[-110.89828034499999,32.920402572000057],[-110.84804931699995,32.818560700000035],[-110.77537616099994,32.670727342000077],[-110.34354577499994,32.861585640000044],[-110.40164470699995,32.971990767000079],[-110.39968587499999,32.972877398000037],[-110.36902333299997,32.981230455000059],[-110.32768349899999,32.959602871000072],[-110.28665673399996,32.931883411000058],[-110.24003730799996,32.908521473000064],[-110.22114708699996,32.90318908200004],[-110.19638197799998,32.893201503000057],[-110.15718125099994,32.886330532000045],[-110.13269022899999,32.873879748000036],[-110.08726575599997,32.864187690000051],[-110.06434263799997,32.848499985000046],[-110.06402970899995,32.940326623000033],[-110.06334328999998,33.141030623000063],[-110.06277442699997,33.313520479000033],[-110.06268045599995,33.341943858000036],[-110.02714797699997,33.332699942000033],[-109.99275013399995,33.317862968000043],[-109.88809138299996,33.268779534000032],[-109.79251063899994,33.213500066000051],[-109.71894174099998,33.168016640000076],[-109.64856376599994,33.111834740000063],[-109.60261442099994,33.075448168000037],[-109.58147893999995,33.061388765000061],[-109.57286621499998,33.891948539000055]]],[[[-107.02231882299998,46.268369711000048],[-107.03397268299994,46.268027179000057],[-107.08658149299998,46.26715198900007],[-107.11120535299995,46.274742569000068],[-107.15001694899996,46.292238584000074],[-107.18287870499995,46.299471092000033],[-107.21741551099996,46.298658441000043],[-107.24188795199996,46.293681074000062],[-107.25654738999998,46.285957868000025],[-107.26866104899995,46.266969599000049],[-107.28579796599996,46.244313847000058],[-107.30941451099994,46.22611574900003],[-107.33925821199995,46.216701503000081],[-107.36528019999997,46.211920475000056],[-107.38722668099996,46.207490370000073],[-107.40356748599999,46.200675606000061],[-107.41086440299995,46.18962569200005],[-107.41824982999998,46.159180519000074],[-107.43442789699998,46.143039019000071],[-107.45830018599997,46.132320328000048],[-107.48275367399998,46.127649330000054],[-107.51254904899997,46.12537315600008],[-107.54179114499999,46.128525770000067],[-107.56708239499994,46.128432476000057],[-107.59823528199996,46.118114595000065],[-107.60933353599995,46.113891303000059],[-107.62395686899998,46.103604904000065],[-107.73761784799996,46.051351971000031],[-107.76850905999999,46.03166738300007],[-107.79208404599996,46.019824907000043],[-107.80962343999994,46.015713746000074],[-107.83398157199997,46.008103041000027],[-107.85602385399994,46.004652061000058],[-107.88221367499995,45.990394526000046],[-107.90295131299996,45.977349907000075],[-107.92913787799995,45.971347583000068],[-107.97594897799996,45.96810774100004],[-108.02552310499999,45.968548643000076],[-108.08269582999998,45.968262284000048],[-108.12795385299995,45.973021829000061],[-108.15936674399995,45.975470729000051],[-108.19033157299998,45.972920342000066],[-108.21577706999994,45.96584858600005],[-108.23461846799995,45.954000997000037],[-108.25108883599995,45.936619811000071],[-108.26529189199999,45.92484483100003],[-108.27158716699995,45.901588568000079],[-108.28078986799994,45.890643844000067],[-108.30085926999999,45.879534963000026],[-108.31693351199999,45.855425191000052],[-108.32158899699999,45.846922977000077],[-108.32797056199996,45.838831268000035],[-108.33262335399996,45.830328328000064],[-108.33700548099995,45.821850785000038],[-108.34134962699994,45.813184551000063],[-108.34457839599997,45.804432617000032],[-108.34500277599994,45.795372809000071],[-108.34515776799998,45.786338557000079],[-108.34419900099999,45.777218728000037],[-108.34297131899996,45.768124446000058],[-108.34308974999999,45.758901227000081],[-108.34464098299998,45.753128020000077],[-108.34547139599999,45.75003700700006],[-108.34673929399997,45.741087188000051],[-108.34739519899995,45.731811874000073],[-108.34754969699998,45.72277628900008],[-108.34770414999997,45.71374051500004],[-108.34809071399997,45.704490373000056],[-108.34851392799999,45.695428456000059],[-108.34947470699996,45.686314820000064],[-108.35185275099997,45.677449000000081],[-108.35423013399998,45.66858295600008],[-108.35974672299994,45.66037523500006],[-108.36641023899995,45.652440795000075],[-108.37360940899998,45.644454232000044],[-108.38030635999996,45.636707231000059],[-108.38913969199996,45.630097890000059],[-108.40048840499998,45.625165267000057],[-108.41183536299997,45.620231595000064],[-108.42291205199996,45.615322796000044],[-108.42577724899996,45.606213901000046],[-108.43040002399999,45.597702906000052],[-108.44272039799995,45.594975666000039],[-108.45553024399999,45.593351870000049],[-108.46129566099995,45.585112435000042],[-108.46709663599995,45.577061031000028],[-108.47986518299996,45.57524631900003],[-108.49335522499996,45.574320374000081],[-108.50642793399999,45.572665394000069],[-108.51714643499997,45.567397239000059],[-108.51723931599997,45.558169646000067],[-108.52863975799994,45.553601868000044],[-108.54136461099995,45.551592557000049],[-108.54707791599998,45.543160096000065],[-108.54700863199997,45.53877323100005],[-108.54693557199994,45.534146600000042],[-108.54759751899996,45.525054367000052],[-108.55639808399997,45.518431962000079],[-108.56911505599999,45.516419764000034],[-108.56896966399995,45.507405754000047],[-108.56989615999998,45.498286632000031],[-108.58250325399996,45.494362336000052],[-108.59399975599996,45.490353476000053],[-108.59036844599996,45.481680618000041],[-108.59469244599995,45.473187667000047],[-108.60660177699998,45.469905006000033],[-108.61941980999995,45.468452979000062],[-108.62457983399997,45.460068206000074],[-108.62572801499999,45.450732928000036],[-108.63149608999998,45.44267174600003],[-108.63901858799994,45.435205695000036],[-108.64688194299998,45.428089589000081],[-108.65504866199996,45.421134929000061],[-108.66077285499995,45.412883458000067],[-108.66111232899999,45.403626174000067],[-108.65644437199995,45.395247684000026],[-108.64699555199996,45.388878301000034],[-108.63973099799995,45.381139854000025],[-108.63980594299994,45.37190836700006],[-108.64731916099998,45.364440670000079],[-108.66018521599995,45.364706961000081],[-108.67301384899997,45.364783497000076],[-108.68478632099999,45.360927427000036],[-108.69347497599995,45.353916351000066],[-108.69972275399999,45.345608938000055],[-108.70627375599997,45.33746302000003],[-108.71442247899995,45.330503223000051],[-108.72287424999996,45.323704718000045],[-108.73223866499995,45.317391235000059],[-108.74129642699995,45.310915114000068],[-108.75061943799994,45.304411646000062],[-108.76203359499999,45.300197689000072],[-108.77115887799994,45.295442124000033],[-108.77143784699996,45.209858850000046],[-108.72935822499994,45.210049938000054],[-108.49098038399995,45.210872408000057],[-108.31368494099996,45.211364506000052],[-108.12586916199996,45.212034267000035],[-108.00589866799999,45.212028126000064],[-108.00632971999994,45.205649806000054],[-108.00380754799994,45.198012368000036],[-108.00046854399994,45.188915045000044],[-108.00246768299996,45.179316094000058],[-108.01433831299994,45.168788635000055],[-108.02789401399997,45.160021583000059],[-108.02960260499998,45.154674392000061],[-108.03063539499999,45.148622430000046],[-108.03881548899994,45.140167682000026],[-108.04500245399998,45.136990737000076],[-108.05962345499995,45.131768117000036],[-108.05953447099995,45.131296271000053],[-108.06582023199996,45.123258073000045],[-108.07214894999998,45.115455359000066],[-108.07918700499994,45.107825043000048],[-108.08891185599998,45.101860670000065],[-108.09783489399996,45.095250895000049],[-108.10680073499998,45.088876337000045],[-108.11943208199995,45.085755138000081],[-108.13126202499996,45.081988276000061],[-108.14291154199998,45.077276610000069],[-108.15102539999998,45.070018450000077],[-108.15507245099997,45.060985618000075],[-108.15878552899994,45.051984247000064],[-108.16933951399994,45.046893290000071],[-108.18176145099994,45.044505250000043],[-108.19226748099999,45.039176401000077],[-108.19928297299998,45.031538290000071],[-108.20478632999999,45.023083491000079],[-108.21217617799999,45.015648470000031],[-108.22262998599996,45.010080885000036],[-108.23185914599998,45.003428607000046],[-108.23735583199999,44.994971919000079],[-108.23744143499994,44.984604800000056],[-107.84841375599996,44.987125445000061],[-107.29297224599998,44.987779972000055],[-107.00766202899996,44.986908300000039],[-107.00774686999995,44.993522284000051],[-107.00920134399996,45.106683259000079],[-107.01122593799994,45.22428926200007],[-107.01252271099997,45.342528008000045],[-107.01254292799996,45.344694234000031],[-106.96858589699997,45.34508046600007],[-106.91591905099995,45.345620077000035],[-106.79225267399994,45.346740768000075],[-106.79164450199994,45.352182767000045],[-106.78540143799995,45.363489190000053],[-106.76844306599997,45.386834358000044],[-106.74942517699998,45.407113582000079],[-106.73562267199998,45.419047627000054],[-106.72260882199998,45.42660210300005],[-106.68549876499998,45.442628052000032],[-106.64520094099998,45.454953676000059],[-106.58450273799997,45.473615792000032],[-106.55906882099998,45.486482201000058],[-106.52714567699996,45.509570425000049],[-106.49746393999999,45.527796511000076],[-106.45897947299994,45.548524379000071],[-106.44051367199995,45.563667229000032],[-106.42465744899994,45.585416724000027],[-106.40688395499996,45.660446603000025],[-106.40453957199998,45.683608501000037],[-106.53228542099998,45.681863114000066],[-106.52993273199996,45.66769486000004],[-106.82230892299998,45.66432659600008],[-106.82331053899998,45.682199745000048],[-107.01717153599998,45.67825087500006],[-107.01725797599994,45.681365578000054],[-107.01833777899998,45.720246126000063],[-107.01994518799995,45.84491248900008],[-107.02199218799996,45.967112265000026],[-107.02427895699998,46.193619710000064],[-107.02258334099997,46.258293431000027],[-107.02231882299998,46.268369711000048]]],[[[-106.75300244599998,35.551289066000038],[-106.75058855099996,35.47994389400003],[-106.66550533499998,35.481193929000028],[-106.66621180199996,35.551492717000031],[-106.75300244599998,35.551289066000038]]],[[[-106.77019624499997,35.660324178000053],[-106.76871314999994,35.59448406100006],[-106.67094223399994,35.594307624000066],[-106.67418153699998,35.662682947000064],[-106.77019624499997,35.660324178000053]]],[[[-106.43244255899998,34.925525306000054],[-106.43259239499997,34.937453405000042],[-106.43905130099995,34.945989433000079],[-106.44269222199995,34.955274690000067],[-106.44429144899999,34.966680331000077],[-106.67488737199994,34.965850929000055],[-106.88170668099997,34.964697270000045],[-106.95566418699997,34.964092780000044],[-106.96489454899995,34.96317183900004],[-106.97040050699997,34.956839348000074],[-106.97286473199995,34.953701829000067],[-106.98324719299995,34.952664109000068],[-106.99313855199995,34.948301193000077],[-107.00309892999996,34.94441228900007],[-107.02211073399997,34.938023944000065],[-107.02080795099994,34.881771903000072],[-106.69181977999995,34.881503120000048],[-106.54981764899998,34.881083856000032],[-106.55166156499996,34.912692298000024],[-106.51548188799995,34.911105659000043],[-106.51431712499999,34.877988385000037],[-106.42007242599999,34.87469499000008],[-106.43384267899995,34.897944768000059],[-106.43517284299998,34.913708995000036],[-106.43244255899998,34.925525306000054]]],[[[-108.88993580599998,47.887030535000065],[-108.66470625799997,47.884127527000032],[-108.64698160699999,47.880787327000064],[-108.63145669599999,47.879314084000043],[-108.62128827299995,47.88671372500005],[-108.60848376999996,47.899370738000073],[-108.60157579199995,47.909682874000055],[-108.58767020899995,47.917071157000066],[-108.57692121999997,47.91915171900007],[-108.56202043499997,47.916609422000079],[-108.55401059699994,47.908769244000041],[-108.54540813399996,47.900626078000073],[-108.53229693899999,47.898987333000036],[-108.52201428399997,47.898157251000043],[-108.50789172699996,47.891600333000042],[-108.49702560999998,47.87758137000003],[-108.48904585699995,47.867229624000061],[-108.47522234999997,47.86207339300006],[-108.45429336999996,47.861154406000026],[-108.43577761299997,47.856429885000068],[-108.42520217099997,47.846315507000043],[-108.41226904799998,47.84286035000008],[-108.39535791499998,47.843350391000058],[-108.37553031299996,47.845180923000044],[-108.35057680999995,47.970911197000078],[-108.31861422599997,48.122961296000028],[-108.28802898399999,48.256209901000034],[-108.27783603899996,48.325737608000054],[-108.27037461799995,48.328557335000028],[-108.26919333799998,48.341168015000051],[-108.28158066999998,48.341474617000074],[-108.29681119399999,48.35045331200007],[-108.30687829999994,48.365615210000044],[-108.32178401199997,48.37819307400008],[-108.33688589899998,48.386464849000049],[-108.35527293799998,48.397650851000037],[-108.37509472099998,48.400130327000056],[-108.38874355999997,48.403885511000055],[-108.40083465999999,48.40528121300008],[-108.40568682399999,48.400193340000044],[-108.40651115599997,48.391186652000044],[-108.41018421299998,48.382990736000067],[-108.42133038299994,48.379826299000058],[-108.42558005199999,48.374434878000045],[-108.42923026899996,48.368740841000033],[-108.44126152599995,48.367279640000049],[-108.46437959099995,48.370157792000043],[-108.49034946599994,48.373841386000038],[-108.50593652099997,48.382602735000034],[-108.52115263299999,48.38268696800003],[-108.52896109299996,48.385836573000063],[-108.53801303999995,48.390657426000075],[-108.54013289299996,48.402967657000033],[-108.55076034499996,48.406748736000054],[-108.56182788799998,48.410488304000069],[-108.57039744299999,48.412969756000052],[-108.57736308099999,48.422745789000032],[-108.58781278499998,48.425647469000069],[-108.60172328999994,48.42584486100003],[-108.61274885699999,48.440006360000041],[-108.62265093299999,48.440276676000053],[-108.63031525699995,48.436288043000047],[-108.63542463599998,48.428665667000075],[-108.64552653599998,48.425639899000032],[-108.66019177799996,48.425165401000072],[-108.67452601099995,48.429485047000071],[-108.68709973799997,48.436052554000071],[-108.69199466499998,48.452866693000033],[-108.70056886299994,48.457424746000072],[-108.71159943899994,48.458774454000036],[-108.72075672799997,48.45761875900007],[-108.72566505399999,48.451202693000027],[-108.73326205499995,48.446916424000051],[-108.74423467699995,48.445886360000031],[-108.75357052199996,48.447689594000053],[-108.75869919099995,48.452866012000072],[-108.76671970999996,48.454792095000073],[-108.77274069499998,48.453629927000065],[-108.78177174099994,48.451886171000069],[-108.79242639599994,48.453562687000044],[-108.80006812299996,48.457905264000033],[-108.80871940199995,48.458578221000039],[-108.82113685999997,48.455916528000046],[-108.82941606199995,48.452751331000059],[-108.83405032499996,48.457674379000025],[-108.83046989199994,48.46396972000008],[-108.83000174299997,48.46820791600004],[-108.83338573099996,48.470419615000026],[-108.83987721399996,48.469359011000051],[-108.85154181399997,48.468404081000074],[-108.85969303599995,48.46986594100008],[-108.86357977099999,48.472327209000071],[-108.86501987499997,48.476956226000027],[-108.85927918999994,48.480478456000071],[-108.85328702599998,48.48387523100007],[-108.85140185499995,48.48866995800006],[-108.85626157799999,48.491486018000046],[-108.86394664299996,48.490758257000039],[-108.87793707799995,48.486007114000074],[-108.88574701499999,48.482734511000046],[-108.88750134299994,48.199761020000039],[-108.88993580599998,47.887030535000065]]],[[[-108.53988988899994,42.89865902400004],[-108.13973652699997,42.903535162000026],[-108.14206772899996,43.345812458000069],[-108.14296984299995,43.694741505000025],[-108.14108750499997,43.700704268000038],[-108.13373012499994,43.70936765700003],[-108.13459154799995,43.719396919000076],[-108.14698907499996,43.721800313000074],[-108.15415760199994,43.717489063000073],[-108.16909496799997,43.71747521900005],[-108.19283628699998,43.716597960000058],[-108.20169324799997,43.71067338000006],[-108.22508598399997,43.702599095000039],[-108.24033525999994,43.698933292000049],[-108.25042857799997,43.694327904000033],[-108.27225277399998,43.688565468000036],[-108.28522823999998,43.688730553000028],[-108.29495861799995,43.692827752000028],[-108.30971217699994,43.697150236000027],[-108.32113411299997,43.699633164000034],[-108.33611026899996,43.69453690000006],[-108.34841870699995,43.691148539000039],[-108.36166248299998,43.692724437000038],[-108.37299173199995,43.68943074200007],[-108.38987767699996,43.689196194000033],[-108.40561418699997,43.693410087000075],[-108.41056188099998,43.703757153000026],[-108.42127999399997,43.70774695800003],[-108.43372112499998,43.705059563000077],[-108.45104931599997,43.701882069000078],[-108.46514035599995,43.702639960000056],[-108.47599665899997,43.707334314000036],[-108.48628237399998,43.714253338000049],[-108.49801502899999,43.713076038000054],[-108.51585513899994,43.71778876500008],[-108.52614666899996,43.724704398000029],[-108.53646788399999,43.726556803000051],[-108.54820183099997,43.725374828000042],[-108.55961185799998,43.732898183000032],[-108.57678064999999,43.734056635000059],[-108.58769725999997,43.728616517000034],[-108.60768431199995,43.723702755000033],[-108.62319040999995,43.721408609000036],[-108.63284999599995,43.714645483000027],[-108.64600652199999,43.705357261000074],[-108.66332450799996,43.702150410000058],[-108.67182858599995,43.704899622000028],[-108.69192396899996,43.705743784000049],[-108.70491830499998,43.700802836000037],[-108.72197010199994,43.691107278000061],[-108.73915473099999,43.682118203000073],[-108.75603735599998,43.681834281000079],[-108.77417310299995,43.682865607000053],[-108.78185809199999,43.676291190000029],[-108.79456303899997,43.669922866000036],[-108.81228660899995,43.663759112000037],[-108.83167235899998,43.666099305000046],[-108.85761394399998,43.671375047000026],[-108.87616771799998,43.669455304000053],[-108.88928092299994,43.660140879000039],[-108.90294796599994,43.648597189000043],[-108.91717061099996,43.644950077000033],[-108.92455743299996,43.636948889000053],[-108.94128060799994,43.625804870000024],[-108.96009431899995,43.620226925000054],[-108.97710038599996,43.620621946000028],[-108.99243635499994,43.622636202000081],[-109.00471423699997,43.629309428000056],[-109.01321400499995,43.626972609000063],[-109.02729523299996,43.627667331000055],[-109.04181099399995,43.635549624000078],[-109.05436632399994,43.638572104000048],[-109.05996373799996,43.646665739000071],[-109.06513864499999,43.652633146000028],[-109.08174362499994,43.655951000000073],[-109.09405202799996,43.66767795800007],[-109.10231792499997,43.679106489000048],[-109.11587759399998,43.687082403000034],[-109.13082514299998,43.692016552000041],[-109.14785071399996,43.692388316000063],[-109.16642270799997,43.695488257000079],[-109.17718484399995,43.699413302000039],[-109.19063770799994,43.711734903000036],[-109.20440526399994,43.730533902000047],[-109.21422300299997,43.739621444000079],[-109.22838165099995,43.750417762000041],[-109.24516291099997,43.754421729000057],[-109.25602740199997,43.748923722000029],[-109.27315394699997,43.73986237400004],[-109.28441522799994,43.731424394000044],[-109.29998086399996,43.719630209000059],[-109.30700983799994,43.705128434000073],[-109.32882132199995,43.689765515000033],[-109.34093279799998,43.685571499000048],[-109.34296031799994,43.67594493200005],[-109.34412136499998,43.662068425000029],[-109.34459503999994,43.649712985000065],[-109.35276146999996,43.640873577000036],[-109.35980612899999,43.631430093000063],[-109.38396467299998,43.617970921000051],[-109.41049742099995,43.606421092000062],[-109.42756578099994,43.597336559000041],[-109.43444998599995,43.587179932000026],[-109.43670954499999,43.573903404000077],[-109.44023241699995,43.561937632000081],[-109.44891350599994,43.550860256000078],[-109.45023782699997,43.542752101000076],[-109.45166434499998,43.530288300000052],[-109.45493472899994,43.521968571000059],[-109.46083364099997,43.511914928000067],[-109.45952672499999,43.505539919000057],[-109.45457519799999,43.495940071000064],[-109.45045293399994,43.485525893000045],[-109.45202322599994,43.473769355000059],[-109.44707516299997,43.464168734000054],[-109.44502237099999,43.434701309000047],[-109.43870320399998,43.147509371000069],[-109.43472240799997,42.973736594000059],[-109.40315705799998,42.959418290000031],[-109.38623542599998,42.942496659000028],[-109.35727340399995,42.938266251000073],[-109.34132801999999,42.925575028000026],[-109.31236599799996,42.865698487000031],[-109.17446643099998,42.864573047000079],[-108.85081032699998,42.865946329000053],[-108.83895195499997,42.873342080000043],[-108.82785028199999,42.879571211000041],[-108.80895702699996,42.886250315000041],[-108.78151778799997,42.889472210000065],[-108.76739004799998,42.887684398000033],[-108.75134350599996,42.881026732000066],[-108.73990360499994,42.880404669000029],[-108.72749611999996,42.882929675000071],[-108.71282830899997,42.88246410000005],[-108.70225530799996,42.877999568000064],[-108.69283372199999,42.868253312000036],[-108.68068524599994,42.861170691000041],[-108.66504772299999,42.85841780800007],[-108.64697718499997,42.859884298000054],[-108.63341510399994,42.868030686000054],[-108.60547983099997,42.877254821000065],[-108.57958139899995,42.885866088000057],[-108.56478538599998,42.896114544000056],[-108.53988988899994,42.89865902400004]]],[[[-105.98018366599996,35.91781818000004],[-106.02991070299998,35.917682180000043],[-106.03105608599998,35.923371872000075],[-106.03219951499995,36.006733589000078],[-106.07912036599998,36.006532392000054],[-106.12464651099998,36.006318359000034],[-106.12500964699996,35.924979176000079],[-106.15153202699997,35.924007850000066],[-106.15022574099999,35.874632661000078],[-106.14973950399997,35.856237444000044],[-106.07301920399999,35.856711791000066],[-106.07249490999999,35.90806591900008],[-106.07264286399999,35.915640298000028],[-106.04821885599995,35.915680950000024],[-106.04623393299994,35.859364280000079],[-105.97998348099998,35.859550390000038],[-105.98102816099998,35.854158035000069],[-105.91244374999997,35.854513961000066],[-105.91271044199999,35.918069340000045],[-105.98018366599996,35.91781818000004]]],[[[-106.39166324599995,35.453779810000071],[-106.39623823099998,35.465394123000067],[-106.39402677599998,35.489907777000042],[-106.39347754499994,35.495993509000073],[-106.39042372099999,35.494796937000046],[-106.38879179699995,35.49415745500005],[-106.36903847599996,35.484568479000075],[-106.35551930599996,35.477404053000043],[-106.34721460199995,35.481192166000028],[-106.34206531299998,35.486491217000037],[-106.20860334799994,35.442290079000031],[-106.20787907899995,35.522434615000066],[-106.25593318099999,35.539669768000067],[-106.35229745999999,35.576139100000034],[-106.35298235699997,35.576397879000069],[-106.35225283799997,35.57642260800003],[-106.28302624999998,35.578747427000053],[-106.28249698699994,35.67033387500004],[-106.29935072299998,35.670650292000062],[-106.37425736699998,35.672025718000043],[-106.37402856599999,35.584346980000078],[-106.40923907699994,35.597633321000046],[-106.54556097299997,35.658835452000062],[-106.54260184699996,35.565743179000037],[-106.51628131199999,35.546561168000039],[-106.49132334599994,35.536882653000077],[-106.48628374799995,35.535437753000053],[-106.48682551999997,35.405463778000069],[-106.48685898099995,35.397422090000077],[-106.39196647699998,35.363664269000026],[-106.39166324599995,35.453779810000071]]],[[[-101.89157545299997,47.708443442000032],[-101.89505165699995,48.035364652000055],[-102.86265424999999,48.033823945000051],[-102.84834272599994,47.681554902000073],[-102.84694659099995,47.646951577000038],[-102.82382680399996,47.637181589000079],[-102.80979631999998,47.621691756000075],[-102.80111751599998,47.607680564000077],[-102.78200933599999,47.604706782000051],[-102.75031223399998,47.604992087000028],[-102.70945631999996,47.604414664000046],[-102.68816361599994,47.593216864000055],[-102.67746293499994,47.584116084000073],[-102.67365622999995,47.578314427000066],[-102.67359892499996,47.576153196000064],[-102.67840056299997,47.569662164000079],[-102.68679984499994,47.563592496000069],[-102.69769082899995,47.555954756000062],[-102.70318878199998,47.547744075000026],[-102.70277894799995,47.539107178000052],[-102.69760861599997,47.529145010000036],[-102.68771782099998,47.521462497000073],[-102.67577372999995,47.517729559000031],[-102.66730483399999,47.511658102000069],[-102.66084902699998,47.507770698000058],[-102.65129082399994,47.506587668000066],[-102.64587192599998,47.508280183000068],[-102.64097947499994,47.511606954000058],[-102.64014722899998,47.516867237000042],[-102.64234785299999,47.521028136000041],[-102.64428582899995,47.529234724000048],[-102.64298644199994,47.536652845000049],[-102.63558442499999,47.542712731000051],[-102.62904815899998,47.547068782000053],[-102.62946370999998,47.554164227000058],[-102.63082312699999,47.56026405700004],[-102.62834830299994,47.566553449000025],[-102.62210671099996,47.570419765000054],[-102.61284646699994,47.572300024000072],[-102.60024492099996,47.572446729000035],[-102.58886649099998,47.574192371000038],[-102.58317273799997,47.579927077000036],[-102.57476912899995,47.589826079000034],[-102.56055933499994,47.601194029000055],[-102.54083768899994,47.613540101000069],[-102.52952530199997,47.615988238000057],[-102.51703992799997,47.617306682000049],[-102.50859088299995,47.61700541700003],[-102.50233301699996,47.610906284000066],[-102.49874221499999,47.603491932000054],[-102.50275200399994,47.598317638000026],[-102.50907900599998,47.595164987000032],[-102.51438409399998,47.592298772000049],[-102.52138231099997,47.588875665000046],[-102.52765462499997,47.58193009300004],[-102.52951563699997,47.573064464000026],[-102.52727061499996,47.568430460000059],[-102.52363150799994,47.563864232000071],[-102.52340355399997,47.558420354000077],[-102.52526690999997,47.552874570000029],[-102.52756370399999,47.54811396100007],[-102.52828321199996,47.544995516000029],[-102.52728276099998,47.538877400000047],[-102.51943906699995,47.53427836700007],[-102.50973105699995,47.53190421000005],[-102.50248769699999,47.529646937000052],[-102.48914695299999,47.522703807000028],[-102.47692887199997,47.516416646000039],[-102.47568837999995,47.464764223000032],[-102.46133563499995,47.464139205000038],[-102.40671283299997,47.464185204000046],[-102.40708286399996,47.474187447000077],[-102.32611197899996,47.475003680000043],[-102.32616195199995,47.486538347000078],[-102.31299830499995,47.486645751000026],[-102.22121833099999,47.487358663000066],[-102.06466201599994,47.486347673000068],[-102.06374222599999,47.478816511000048],[-102.02623757399999,47.47786590100003],[-102.02482897899995,47.468914057000063],[-102.00312849899996,47.468468150000035],[-101.89401038799997,47.511406484000076],[-101.89476209499998,47.527268567000078],[-101.87698976699994,47.535688697000069],[-101.85737889499995,47.538794137000082],[-101.84123677999997,47.538408099000037],[-101.83742595599995,47.538316680000037],[-101.82000682299997,47.543567748000044],[-101.80580499099995,47.547778367000035],[-101.78601810699996,47.549083278000069],[-101.77064724599995,47.54794860100003],[-101.75308453099996,47.54465969000006],[-101.73433438399996,47.549956270000052],[-101.71822532399995,47.555137386000069],[-101.71903871599994,47.592392117000031],[-101.84090695999998,47.594651364000072],[-101.89401711999994,47.595601302000034],[-101.89157545299997,47.708443442000032]]],[[[-106.65772430099997,35.479534345000047],[-106.65427579499999,35.400349075000065],[-106.57564888099995,35.399952350000035],[-106.57727003299999,35.479306773000076],[-106.65772430099997,35.479534345000047]]],[[[-106.01305536699999,35.839476306000051],[-106.01262177499996,35.748116007000078],[-105.93241396899998,35.748095679000073],[-105.93484412899994,35.838546496000049],[-106.01305536699999,35.839476306000051]]],[[[-105.72499907799994,35.585660963000066],[-105.72444444999996,35.514219182000033],[-105.64768546199997,35.514796302000036],[-105.64991429999998,35.586086285000079],[-105.72499907799994,35.585660963000066]]],[[[-106.03110103399996,36.08018459200008],[-106.05794976699997,36.080414867000059],[-106.11533495799995,36.080885454000054],[-106.11508877399996,36.017666468000073],[-106.07696868799997,36.017715746000079],[-106.03014562599998,36.017758498000035],[-106.03110103399996,36.08018459200008]]],[[[-105.77147522099995,36.211010145000046],[-105.77264180599997,36.149493330000041],[-105.67850475599994,36.148303553000062],[-105.67892814699997,36.208952283000031],[-105.70741562299997,36.208647775000031],[-105.77147522099995,36.211010145000046]]],[[[-105.62316202299996,36.46741946800006],[-105.62241805599996,36.393786487000057],[-105.53194751799998,36.392131727000049],[-105.53278699199996,36.467194271000039],[-105.62316202299996,36.46741946800006]]],[[[-106.56837185799998,35.325329980000049],[-106.57120560099997,35.326477342000032],[-106.57251536599995,35.324684030000071],[-106.57624802499998,35.321207453000056],[-106.57941687399995,35.316745107000031],[-106.58310001899997,35.312926447000052],[-106.58715104199996,35.308725796000033],[-106.59036752699996,35.304605062000064],[-106.59176911699996,35.299618772000031],[-106.59280236199999,35.295014385000059],[-106.59341852199998,35.290450044000067],[-106.59390174699996,35.286870079000039],[-106.59403460699997,35.285885719000078],[-106.59293416399998,35.281139688000053],[-106.59303568599995,35.275931720000074],[-106.59235230599995,35.271145697000065],[-106.60085211599994,35.241912551000041],[-106.60318280699994,35.23752998100008],[-106.60634648799999,35.23306722500007],[-106.60862772399997,35.228342741000063],[-106.61044323299996,35.223316493000027],[-106.61184195199996,35.218330341000069],[-106.61340921699997,35.215478132000044],[-106.60537253999996,35.214095205000035],[-106.46918574299997,35.183337114000039],[-106.48838930499994,35.220650147000072],[-106.45052152099998,35.274825831000044],[-106.48057401299997,35.290040384000065],[-106.53607771399999,35.313661568000043],[-106.56837185799998,35.325329980000049]]],[[[-105.69991015999994,33.309636429000079],[-105.72045882899994,33.298085474000061],[-105.72129366499996,33.394038616000046],[-105.93538898099996,33.394949619000045],[-105.93535150099996,33.325241124000058],[-105.93487114799996,33.216349889000071],[-105.83140499199999,33.215762895000069],[-105.83557445199995,33.009447996000063],[-105.30291414599998,33.01082099100006],[-105.30059444499994,33.309438951000061],[-105.69991015999994,33.309636429000079]]],[[[-104.65752515599996,48.461986026000034],[-104.64491599799999,48.467229978000034],[-104.62736466099994,48.472193159000028],[-104.61239558399996,48.479656344000034],[-104.60423624199996,48.484910672000069],[-104.60019502399996,48.494050965000042],[-104.59778722399994,48.514637821000065],[-104.59527125199997,48.537598967000065],[-104.58550218599999,48.544136448000074],[-104.57714082499996,48.551176705000046],[-104.57231430899998,48.557994207000036],[-104.57490843199997,48.576188882000054],[-104.57572191899999,48.58502012200006],[-104.57181907699999,48.592074727000067],[-104.56743108599994,48.598863369000071],[-104.56131410399996,48.60605606200005],[-104.55410174799994,48.611836599000071],[-104.54627848899997,48.616470634000052],[-104.54401532299994,48.622532745000058],[-104.54074127199999,48.627769778000072],[-104.53167028999997,48.633072515000038],[-104.52918639199999,48.643883745000039],[-104.52581594399999,48.654749756000058],[-104.84057597899994,48.656077413000048],[-105.11104360799999,48.657865482000034],[-105.32725592499997,48.658094181000081],[-105.56724026199998,48.658394246000057],[-105.81528117899995,48.658288815000049],[-106.05973355699996,48.657702468000082],[-106.30623810299994,48.655635372000063],[-106.54407927899996,48.656166578000068],[-106.54542090199999,48.645975628000031],[-106.54325041299995,48.638725912000041],[-106.54063881799999,48.631510093000031],[-106.53592282099999,48.625050010000052],[-106.53331269699999,48.617833723000047],[-106.53428642399996,48.610637298000029],[-106.53663560299998,48.603631168000049],[-106.53805007599999,48.596400278000033],[-106.53372704099996,48.589612489000046],[-106.53155998599999,48.582361227000035],[-106.53159954799997,48.574939351000069],[-106.53075677299995,48.567585462000068],[-106.52809841899995,48.56007489600006],[-106.52294828299995,48.553646909000065],[-106.51652743999995,48.547613536000028],[-106.51265130199994,48.540789944000039],[-106.51318532499994,48.533625860000029],[-106.51229413999994,48.525978010000074],[-106.50886069299997,48.519119795000051],[-106.50542802399997,48.51226133800003],[-106.50199613699999,48.505402641000046],[-106.49983591499995,48.498148861000061],[-106.49767621099994,48.490894874000048],[-106.49502534799996,48.483381769000061],[-106.49203680199997,48.47648819300008],[-106.48772751899998,48.469696267000074],[-106.48645112999998,48.462373511000067],[-106.48346459999999,48.455479274000027],[-106.47832812499996,48.449047396000026],[-106.47070389399994,48.44369744800008],[-106.46391061099996,48.437986275000071],[-106.45473164399999,48.433942561000038],[-106.44628183599997,48.428951648000066],[-106.43939093799997,48.42265304600005],[-106.43465129199996,48.415892058000054],[-106.43167296099995,48.408995643000026],[-106.42825529499999,48.402132780000045],[-106.42103070699994,48.396452470000042],[-106.41263954699997,48.391751873000032],[-106.40668679599997,48.385676424000053],[-106.39868756599998,48.380648079000025],[-106.39273730799994,48.374571803000038],[-106.38595913799998,48.368855469000039],[-106.38166941999998,48.362057822000054],[-106.37820963399997,48.354899605000071],[-106.37738855799995,48.347539487000063],[-106.37056447499998,48.341528817000039],[-106.36627841799998,48.334730086000036],[-106.36287234999998,48.327863936000028],[-106.35858812399994,48.321064662000026],[-106.35645164899995,48.313804274000063],[-106.35744150399995,48.306601959000034],[-106.36209650899997,48.300010315000065],[-106.36670017399996,48.293125253000028],[-106.36329639199994,48.286258196000063],[-106.36028226099995,48.279064202000029],[-106.36346662499994,48.271693194000079],[-106.37002547399999,48.265845659000036],[-106.37761214199998,48.260809895000079],[-106.37996587699996,48.253798467000081],[-106.37870704099998,48.246469595000065],[-106.38052052899997,48.23890513300006],[-106.38810295899998,48.23386835000008],[-106.39568413399996,48.228831065000065],[-106.39705625899995,48.22129964100003],[-106.39365307199995,48.214431766000075],[-106.39151615499998,48.207169451000027],[-106.39474334699997,48.200089217000027],[-106.39987506499995,48.193753554000068],[-106.40266210199997,48.186706532000073],[-106.40271716699999,48.179275174000054],[-106.40326098199995,48.17210314600004],[-106.40380467199998,48.164930952000077],[-106.40166828199995,48.157667658000037],[-106.39850489399998,48.149591846000078],[-106.39259736399998,48.141627772000049],[-106.38257010699999,48.131820773000072],[-106.37187301699998,48.127412697000068],[-106.34299953399994,48.113224371000058],[-106.33809953399998,48.10634942300004],[-106.33938088599996,48.101378341000043],[-106.34499061799994,48.097858574000043],[-106.34634074499996,48.087057809000044],[-106.34684522699996,48.078579875000059],[-106.33994665799997,48.080772421000063],[-106.32848528499994,48.08117414600008],[-106.32270817499995,48.077455782000072],[-106.31782870599994,48.069627247000028],[-106.29739214199998,48.06833492100003],[-106.29324509699995,48.062708103000034],[-106.27121222499994,48.060345135000034],[-106.26824499799994,48.05748052000007],[-106.27233910199999,48.054435169000044],[-106.27390293599996,48.051106823000055],[-106.26893138199995,48.047919283000056],[-106.26747666499995,48.043513096000027],[-106.27126338399995,48.041798508000056],[-106.28101951299999,48.039747943000066],[-106.28626517599997,48.038278300000059],[-106.28925572899999,48.037099301000069],[-106.29165738999995,48.034538674000032],[-106.29164084099995,48.030260487000078],[-106.28876949899995,48.026913274000037],[-106.27592109799997,48.021004736000066],[-106.26785026699997,48.020430635000025],[-106.25973000199997,48.019562640000061],[-106.25165951499997,48.018987571000025],[-106.24566854099999,48.014985083000056],[-106.24259091199997,48.009869535000064],[-106.24038829799997,48.004687427000079],[-106.23406114399995,48.001304325000035],[-106.22594390599994,48.000434253000037],[-106.21768588699996,48.001357496000026],[-106.21724864899994,48.00139062900007],[-106.20583756299999,48.004632265000055],[-106.19816378999997,48.00640154000007],[-106.19005226999997,48.008203416000072],[-106.18296253799997,48.010819104000063],[-106.17592137799994,48.013727847000041],[-106.16775908499994,48.015234900000053],[-106.15944908099999,48.015861100000052],[-106.15094266199998,48.015312968000046],[-106.14292279199998,48.015024869000058],[-106.13490299699998,48.01473629700007],[-106.12683433399997,48.01415378300004],[-106.11973559999996,48.011418054000046],[-106.11263750099994,48.008681931000069],[-106.10554003999994,48.005945413000063],[-106.09917143999996,48.00226254200004],[-106.09280360999998,47.998579329000052],[-106.08502858499998,47.997081085000048],[-106.07657414499994,47.99682174700007],[-106.06855705899994,47.996529229000032],[-106.06019998399995,47.996855872000026],[-106.05193995599996,47.997769014000028],[-106.04353408999998,47.997801122000055],[-106.03571188599994,47.996006531000035],[-106.02900817899996,47.992939829000079],[-106.02065138299997,47.993264035000038],[-106.01302206499997,47.995316398000057],[-106.00597460199998,47.998216441000068],[-105.99907142199999,48.001996659000042],[-105.99202252499998,48.004895915000077],[-105.98502121199999,48.008088300000054],[-105.97690319199995,48.009877395000046],[-105.96859197799995,48.010491893000051],[-105.96057361999999,48.010192993000032],[-105.95280037199996,48.008687212000041],[-105.94434489399998,48.00841962700008],[-105.93598553099997,48.008738592000043],[-105.92762607899999,48.009057040000073],[-105.91956016999995,48.00846216900004],[-105.91105696999995,48.007898959000045],[-105.90362695499999,48.00577110200004],[-105.89537042599994,48.004000569000027],[-105.88730550099996,48.003403768000055],[-105.87908975699997,48.004599905000077],[-105.87208257099996,48.007786451000072],[-105.86449412499996,48.010123910000061],[-105.85627702799997,48.011318639000081],[-105.84796440899999,48.011925731000076],[-105.83960406499995,48.012238742000079],[-105.83114859999995,48.011964092000028],[-105.82278816499996,48.012276067000073],[-105.81087994599994,48.012548541000058],[-105.80247194699996,48.012565681000069],[-105.79497493199995,48.01548636900003],[-105.78994908499999,48.020009368000046],[-105.78439025399996,48.023976695000044],[-105.77931563999999,48.028205605000039],[-105.77375536699998,48.032172393000053],[-105.76717723199994,48.035321540000041],[-105.75904921499995,48.037097420000066],[-105.75093410399995,48.036198983000077],[-105.74271127299994,48.037386723000054],[-105.73502003399994,48.039129554000056],[-105.72843914499998,48.042276751000031],[-105.72074687999998,48.044018745000074],[-105.71305417699995,48.045760292000068],[-105.70482931699996,48.046945699000048],[-105.69651034199995,48.04754342800004],[-105.68844162199997,48.046934866000072],[-105.68135883199994,48.04417647300005],[-105.67584075699995,48.040117776000045],[-105.66915035699998,48.037033703000077],[-105.66324270999996,48.033299369000076],[-105.65616264499994,48.030539543000032],[-105.65010970999998,48.034238927000047],[-105.64876066799997,48.039680436000026],[-105.64969398299996,48.045552594000071],[-105.65058079899995,48.051131038000051],[-105.64549464299995,48.055354574000035],[-105.63948522799996,48.059346791000053],[-105.63391301599995,48.063307451000071],[-105.62679312799997,48.065893531000029],[-105.61837773299999,48.065899241000068],[-105.60991584199996,48.065610828000047],[-105.60184559599998,48.064997145000063],[-105.59352315199999,48.065588519000073],[-105.58520054399997,48.06617938200003],[-105.57683144199996,48.066476121000051],[-105.56880771199997,48.066154085000051],[-105.56064529899999,48.064950721000059],[-105.55282880799996,48.06312863900007],[-105.54501278499998,48.061306096000067],[-105.53724336799996,48.059776721000048],[-105.52903633399995,48.058277799000052],[-105.52101393799995,48.057952927000031],[-105.51255361699998,48.057658429000071],[-105.50370133899997,48.057687872000031],[-105.49494091999998,48.058304028000066],[-105.48652656899998,48.058301554000082],[-105.47850439799998,48.057974164000029],[-105.47029905399995,48.056471679000026],[-105.46200256999998,48.054381367000076],[-105.45358876399996,48.054376848000061],[-105.44584145299996,48.055809502000045],[-105.43823075799997,48.058122704000027],[-105.43110318599997,48.060698543000058],[-105.42353691399995,48.063304548000076],[-105.41795031399994,48.067256271000076],[-105.41473601099995,48.072229714000059],[-105.41108297999995,48.077233525000054],[-105.40835136399994,48.08246979200004],[-105.40561927799996,48.08770591800004],[-105.40201008099996,48.093002886000079],[-105.40019920699996,48.098471389000053],[-105.39258144499996,48.100781719000054],[-105.38940875999998,48.10604767600006],[-105.38429991399994,48.11026066800008],[-105.37615079299997,48.112013153000078],[-105.36791047699995,48.113177863000033],[-105.36013890399994,48.111638592000077],[-105.35586091399995,48.106889391000038],[-105.34917942699997,48.103790185000037],[-105.34151383399995,48.105803958000081],[-105.33877495299998,48.111038353000026],[-105.33831865099995,48.116708507000055],[-105.33693991099994,48.122145474000035],[-105.33327748699998,48.12714640300004],[-105.32965965199998,48.132440788000054],[-105.32260910199994,48.135597582000059],[-105.31427432599997,48.136171684000033],[-105.30619774699994,48.135540546000072],[-105.29842488099996,48.133997850000071],[-105.29100105899994,48.13183728000007],[-105.28348782799998,48.129088987000046],[-105.27641390099996,48.126310175000071],[-105.26815946199997,48.124502122000081],[-105.25955660099999,48.123310915000047],[-105.25069468699996,48.12332383200004],[-105.24231615099995,48.123599871000067],[-105.23371392299998,48.122407023000051],[-105.22743086899999,48.118978355000081],[-105.22105921299999,48.114961989000051],[-105.21850135299997,48.109795197000039],[-105.21467305199997,48.105011625000031],[-105.20874217399995,48.100964619000081],[-105.20132556599998,48.098798922000071],[-105.19321061499994,48.09786728000006],[-105.18479085799999,48.097846078000032],[-105.17637110399994,48.097824354000068],[-105.16821227899999,48.096597497000062],[-105.16040354399996,48.094752989000028],[-105.15329492199999,48.09167373400004],[-105.14741370299998,48.08791761100008],[-105.14192734699998,48.083837800000026],[-105.13565344499995,48.08040446900003],[-105.12938024999994,48.076970810000034],[-105.12306360999997,48.073243069000057],[-105.11924510399996,48.068456259000072],[-105.11455069299996,48.063728401000049],[-105.10863048999994,48.059676496000066],[-105.10275511599997,48.055918061000057],[-105.09473539399994,48.055567961000065],[-105.08614567499995,48.054365505000078],[-105.07847764099995,48.056364717000065],[-105.07243108499995,48.060331707000046],[-105.06533171199999,48.063182058000052],[-105.05726742099995,48.06550320100007],[-105.05012293899995,48.068058927000038],[-105.04297785699998,48.070614254000077],[-105.03526263199996,48.072317139000063],[-105.02706491599997,48.073755068000025],[-105.01877951199998,48.07460492000007],[-105.01036304599995,48.07457289000007],[-105.00225426299994,48.073629756000059],[-104.99519964799998,48.070835814000077],[-104.98805868199997,48.067453871000055],[-104.98056710899999,48.064688268000054],[-104.97281158399994,48.063126590000081],[-104.96540799899998,48.060947744000032],[-104.95704167699995,48.058238946000074],[-104.94875740799995,48.059084560000031],[-104.94099774799997,48.060488316000033],[-104.93489859999994,48.064155293000056],[-104.93072508199998,48.06888138100004],[-104.93154635999997,48.074463947000027],[-104.93535047999995,48.079255944000067],[-104.93481359699996,48.084631444000081],[-104.93383808999994,48.090035830000033],[-104.93330097799998,48.095411143000035],[-104.93368424199997,48.101022207000028],[-104.93314701999998,48.106397334000064],[-104.93217101699997,48.111801338000078],[-104.92891470799998,48.11676250000005],[-104.92329116599996,48.120693122000034],[-104.91613458599994,48.123241343000075],[-104.90744526199995,48.124406952000072],[-104.89928833099998,48.123164031000044],[-104.89152744199998,48.121597991000044],[-104.88293244199997,48.120382912000025],[-104.87323637799994,48.120722590000071],[-104.86498538299998,48.121856711000078],[-104.85782622499994,48.124401847000058],[-104.85123393999999,48.127799260000074],[-104.84363464399996,48.130372304000048],[-104.83594908899994,48.132357318000061],[-104.82721416199996,48.133223964000081],[-104.81887516199998,48.13376764700007],[-104.81045063799996,48.133723219000046],[-104.80211141799998,48.134265872000071],[-104.79320532099996,48.133955115000049],[-104.78536066399994,48.131795446000069],[-104.77791292399996,48.129313025000044],[-104.76958804999998,48.126887063000027],[-104.76293436999998,48.123759249000045],[-104.75544611899994,48.120981705000077],[-104.74712328099997,48.118554303000053],[-104.74086813199995,48.115103116000057],[-104.73346655199998,48.112911968000049],[-104.72800574699994,48.108815776000029],[-104.72016664699999,48.10665216700005],[-104.71241248699994,48.105075807000048],[-104.70438861099996,48.104702673000077],[-104.69722476499999,48.107239471000071],[-104.69158715799995,48.111160598000026],[-104.68923103499998,48.116353468000057],[-104.69003079699996,48.121936647000041],[-104.68995287799999,48.127576096000041],[-104.68855807999995,48.133299991000058],[-104.68247851099994,48.137248597000053],[-104.67539399699996,48.140371651000066],[-104.66765969799997,48.142053236000038],[-104.66129449199997,48.142235523000068],[-104.67102607499999,48.157941794000067],[-104.67889364599995,48.163368006000042],[-104.68968653299999,48.16445494900006],[-104.70091898999999,48.165512814000067],[-104.71069068399999,48.168739350000067],[-104.71222802999995,48.176349774000073],[-104.71798974499995,48.182502222000039],[-104.72736808099995,48.186049435000029],[-104.73635053999999,48.189918062000061],[-104.74383111199995,48.19566205600006],[-104.74959785899995,48.201812787000051],[-104.75496877999996,48.208285290000049],[-104.75910729799995,48.215430136000066],[-104.76404087499998,48.22193039900003],[-104.76466448699995,48.229302046000043],[-104.76124618199998,48.236341789000051],[-104.76235185499996,48.243978414000026],[-104.75985452799995,48.251254679000056],[-104.75599460099994,48.258322195000062],[-104.74976441799998,48.26435650600007],[-104.74410030199999,48.271243149000043],[-104.74335958799998,48.278405077000059],[-104.74657897799995,48.28531171000003],[-104.74720112099999,48.292681942000058],[-104.74646051199994,48.299843397000075],[-104.74708278899999,48.307213286000035],[-104.74414078299998,48.31451614000008],[-104.73882669199998,48.320785819000037],[-104.73949073499995,48.328448887000036],[-104.73967205799994,48.33584645600007],[-104.73628731499997,48.343176793000055],[-104.73193581699996,48.349976233000064],[-104.73303986899998,48.357610310000041],[-104.73542355699999,48.364865656000063],[-104.73952796099996,48.371713908000061],[-104.74363329299996,48.378561885000067],[-104.74337450999997,48.385986587000048],[-104.74345958799995,48.386573755000029],[-104.74301518699997,48.395788050000078],[-104.75155146899999,48.407091428000058],[-104.74967250799995,48.412545629000078],[-104.74386681399994,48.418548316000056],[-104.73581220399996,48.424398640000049],[-104.72091081599996,48.432168412000067],[-104.71478653799994,48.439078357000028],[-104.70912742399997,48.449216771000067],[-104.69952963399999,48.453681364000033],[-104.68101950099998,48.45812096800006],[-104.66584561799999,48.457902283000067],[-104.65752515599996,48.461986026000034]]],[[[-99.888845027999992,44.135415890000047],[-99.908802055999956,44.14326814900005],[-99.924219520999941,44.152024951000044],[-99.941085072999954,44.167825525000069],[-99.952569448999952,44.180068864000077],[-99.957770186999937,44.19365386000004],[-99.95851490199999,44.205946134000044],[-99.967381256999943,44.214260005000028],[-99.968650468999954,44.220009128000072],[-99.969579130999989,44.224214980000056],[-99.967715046999956,44.23286544900003],[-99.958451593999939,44.244325298000035],[-99.944273276999979,44.266819932000033],[-99.947766761999958,44.271865564000052],[-99.959909171999982,44.27492219700008],[-99.975909223999963,44.275851801000044],[-99.995109888999991,44.276964652000061],[-100.00755528599996,44.27840827600005],[-100.02727858099996,44.281504354000049],[-100.04490006899994,44.289246694000042],[-100.07169273199997,44.306115434000048],[-100.36422657699995,44.307827941000028],[-100.36205297499998,44.296643908000078],[-100.34999669399997,44.286823678000076],[-100.35677120899999,44.025517784000044],[-99.522498613999971,44.02705818000004],[-99.518198541999936,43.894090333000065],[-99.395462306999946,43.893540446000031],[-99.401491391999969,43.899807812000063],[-99.402683990999947,43.917728535000037],[-99.402960011999937,43.938347264000072],[-99.397088593999968,43.95103419700007],[-99.393493855999964,43.95819731000006],[-99.394478086999982,43.972111595000058],[-99.402214022999942,43.988707599000065],[-99.410178391999978,44.004532733000076],[-99.422628928999984,44.020044177000045],[-99.429404783999985,44.023105985000029],[-99.443204743999956,44.027200791000041],[-99.454177787999981,44.034538334000047],[-99.46642451699995,44.040885082000045],[-99.47916182199998,44.046453281000026],[-99.491545454999937,44.050311454000052],[-99.502293299999963,44.053259174000061],[-99.513570882999943,44.056191212000044],[-99.523863690999974,44.060486457000025],[-99.54013994099995,44.067668032000029],[-99.552319037999951,44.073039357000027],[-99.558047932999955,44.075565232000031],[-99.573948402999974,44.085426311000049],[-99.584413240999936,44.097540429000048],[-99.588479433999964,44.10888114800008],[-99.590817055999992,44.127335334000065],[-99.590978564999944,44.133211364000033],[-99.591288420999945,44.144481470000073],[-99.591832311999951,44.164253870000039],[-99.592336925999973,44.170742391000033],[-99.59355050399995,44.186341480000067],[-99.596609771999965,44.202221163000047],[-99.605457074999947,44.210194014000081],[-99.620015902999967,44.218002609000052],[-99.639959041999987,44.225775422000027],[-99.659664520999968,44.23222148900004],[-99.669013466999957,44.231842499000038],[-99.680645173999949,44.231369997000058],[-99.692687088999946,44.227147883000043],[-99.701186807999989,44.219915194000066],[-99.70013849299994,44.210782149000067],[-99.688621427999976,44.204246220000073],[-99.663218455999981,44.186657924000031],[-99.642765987999951,44.171976303000065],[-99.628116166999973,44.156551733000072],[-99.620365528999969,44.145891560000052],[-99.620385085999942,44.143649670000059],[-99.620473803999971,44.133477951000032],[-99.625038592999942,44.120172268000033],[-99.634442161999971,44.112833740000042],[-99.639772057999949,44.108673216000057],[-99.654015379999976,44.102723735000041],[-99.666289347999964,44.099503095000046],[-99.678408022999974,44.102968961000045],[-99.695802386999958,44.110670901000049],[-99.712498173999961,44.121373563000077],[-99.713474227999939,44.121799204000069],[-99.726792867999961,44.127605890000041],[-99.749817420999989,44.133698307000031],[-99.77912827099999,44.140929176000043],[-99.797960984999975,44.141210335000039],[-99.818670880999946,44.136229521000075],[-99.839113138999949,44.132463192000046],[-99.860323521999987,44.130363786000032],[-99.888845027999992,44.135415890000047]]],[[[-99.412361313999952,44.309461872000043],[-99.787149377999981,44.310050742000044],[-99.788865198999986,44.265998101000037],[-99.898507178999978,44.265733732000058],[-99.894281686999989,44.21878668100004],[-99.946930938999969,44.219656640000039],[-99.946920931999955,44.219491043000062],[-99.946457499999951,44.211821486000076],[-99.932536055999947,44.18561999800005],[-99.921980361999942,44.167140416000052],[-99.898732110999958,44.150962007000032],[-99.880802081999946,44.143781419000049],[-99.869878793999987,44.140679930000033],[-99.84512829199997,44.139145563000056],[-99.837020866999978,44.141772269000057],[-99.81975562599996,44.147363515000052],[-99.804589310999972,44.153171094000072],[-99.801077954999982,44.154515268000068],[-99.783273366999993,44.156196126000054],[-99.769587417999958,44.153143927000031],[-99.75949673599996,44.150892389000035],[-99.735163572999966,44.142736632000037],[-99.717530039999986,44.140393532000076],[-99.710962223999957,44.137139425000044],[-99.69697408199994,44.130206542000053],[-99.689707368999962,44.126603747000047],[-99.672456412999964,44.116796536000038],[-99.658119276999969,44.116354117000071],[-99.650609788999986,44.120210421000081],[-99.648070363999977,44.121514267000066],[-99.645836660999976,44.123106374000031],[-99.639274449999959,44.127782987000046],[-99.637541541999951,44.131934922000028],[-99.635765386999992,44.136189869000077],[-99.635194015999957,44.147375821000026],[-99.64022715699997,44.153457539000044],[-99.643296624999948,44.157165797000062],[-99.653008690999968,44.16317491600006],[-99.658797948999961,44.166755978000026],[-99.661428373999968,44.168382855000061],[-99.67020366099996,44.175860342000078],[-99.677407753999944,44.183669346000045],[-99.689301293999961,44.189909019000027],[-99.69881272799995,44.196217384000079],[-99.710629406999942,44.201025407000031],[-99.716007285999979,44.20459012300006],[-99.719893566999986,44.209916796000073],[-99.722304488999953,44.217291404000036],[-99.718898975999991,44.227414558000078],[-99.707677402999991,44.233185308000031],[-99.693928937999942,44.238641477000044],[-99.685862300999986,44.241841630000067],[-99.667649335999954,44.243803401000037],[-99.646284100999992,44.239267543000039],[-99.632974431999969,44.234624500000052],[-99.623538532999987,44.231331539000053],[-99.602038526999991,44.224215023000056],[-99.587526252999965,44.213746699000069],[-99.582866088999992,44.207977823000078],[-99.579838112999937,44.20422878100004],[-99.576001127999973,44.192310361000068],[-99.575774911999986,44.155300847000035],[-99.575750876999962,44.151365939000073],[-99.575376416999973,44.141325109000036],[-99.574897512999939,44.128478896000047],[-99.573447474999966,44.116491237000048],[-99.569495630999938,44.102652874000057],[-99.559105292999959,44.09187217200008],[-99.544232520999969,44.08490017500003],[-99.519153517999939,44.073136214000044],[-99.495301390999941,44.06788096400004],[-99.472502235999968,44.057436710000047],[-99.470170001999975,44.056390630000067],[-99.442607235999958,44.044021920000034],[-99.434810778999974,44.040521292000051],[-99.43164410899999,44.038762397000028],[-99.400739575999978,44.021587358000033],[-99.390468742999985,44.012316759000043],[-99.390030451999962,44.009227281000051],[-99.387554934999969,43.991771767000046],[-99.383263045999968,43.982068596000033],[-99.377110807999941,43.971730817000036],[-99.37712567799997,43.970967811000037],[-99.377473782999971,43.953101481000033],[-99.377958689999957,43.951268012000071],[-99.093486847999941,43.954401474000065],[-99.098186405999968,44.113944336000031],[-99.098316465999972,44.115818429000058],[-99.148133590999976,44.115685880000058],[-99.160108892999972,44.115651084000035],[-99.216836549999982,44.11547080400004],[-99.241679896999983,44.115383819000044],[-99.246962734999954,44.115364691000025],[-99.281366422999952,44.115195246000042],[-99.279730251999979,44.22191407400004],[-99.288256024999953,44.221692412000039],[-99.293364786999973,44.266577872000028],[-99.415858726999943,44.267419654000037],[-99.412361313999952,44.309461872000043]]],[[[-96.90164410999995,35.654996709000045],[-96.906653564999942,35.651034486000071],[-96.910546051999972,35.649035292000065],[-96.911437779999972,35.648044282000058],[-96.916842354999972,35.646524337000074],[-96.922876756999983,35.647212262000039],[-96.927727732999983,35.649631229000079],[-96.93138933299997,35.653289596000036],[-96.934753089999958,35.657196290000059],[-96.938412299999982,35.660608545000059],[-96.941475423999975,35.664517599000078],[-96.946632622999971,35.667179136000073],[-96.951488835999953,35.669843016000073],[-96.956643589999942,35.67225819500004],[-96.962401428999954,35.67466793300008],[-96.967855046999944,35.676834090000057],[-96.973296072999972,35.678016352000043],[-96.977560883999956,35.681422111000074],[-96.982117728999981,35.684087332000047],[-96.98726792299999,35.686009303000048],[-96.993905734999942,35.686442147000037],[-96.999622779999982,35.68565317100007],[-97.005034954999985,35.684620712000026],[-97.010132168999974,35.682607095000037],[-97.014917609999941,35.679858274000026],[-97.019706078999945,35.677355161000037],[-97.025723526999968,35.676562089000072],[-97.031768222999972,35.677735941000037],[-97.035432906999972,35.681145065000067],[-97.037906052999972,35.685548950000054],[-97.043639868999946,35.685987252000075],[-97.049661243999992,35.685438789000045],[-97.055069204999938,35.684157994000032],[-97.060469945999955,35.682385125000053],[-97.066189503999965,35.68183864100007],[-97.071919642999944,35.682029579000073],[-97.077362704999985,35.683206762000054],[-97.082816714999979,35.685121398000035],[-97.088267396999981,35.686789863000058],[-97.093997975999969,35.68697966600007],[-97.099717639999938,35.686431458000072],[-97.105113811999956,35.684410515000025],[-97.111127231999944,35.683366922000062],[-97.116865012999938,35.684047358000043],[-97.122308936999957,35.685222346000046],[-97.128359605999947,35.68663686900004],[-97.133811423999987,35.688303108000071],[-97.139259705999962,35.689723177000076],[-97.14500583399996,35.690893978000076],[-97.150450706999948,35.692067597000062],[-97.155891915999973,35.692995046000078],[-97.160672615999943,35.690239941000073],[-97.164842398999951,35.686999137000043],[-97.168706535999945,35.683515446000058],[-97.172570309999969,35.680031631000077],[-97.177040372999954,35.676787225000055],[-97.181513960999951,35.673788548000061],[-97.185685837999984,35.670792908000067],[-97.190777185999991,35.668771051000078],[-97.196173554999973,35.666991628000062],[-97.201264355999967,35.664969299000063],[-97.206668198999978,35.66368116700005],[-97.212063815999954,35.661900980000041],[-97.21714979799998,35.659632037000051],[-97.221624780999946,35.656877689000055],[-97.225484681999944,35.653392117000067],[-97.229038880999951,35.649663855000028],[-97.231986146999986,35.645696268000052],[-97.236459736999961,35.642941356000051],[-97.24498390499997,35.638424625000027],[-97.244962074999989,35.51807074900006],[-97.240933926999958,35.516683277000027],[-97.238185474999966,35.515736476000029],[-97.236639171999968,35.509399624000025],[-97.228719633999958,35.508459304000041],[-97.22857350299995,35.508441947000051],[-97.223538084999973,35.513733176000073],[-97.222020622999992,35.518828798000072],[-97.212841423999976,35.521442482000054],[-97.201338420999946,35.516182119000064],[-97.199419983999974,35.506150376000051],[-97.18965312499995,35.499434108000059],[-97.187337955999965,35.491919642000028],[-97.186949681999977,35.491396202000033],[-97.184525133999955,35.488127415000065],[-97.179819648999967,35.488409642000079],[-97.175377087999948,35.487925396000037],[-97.174490680999952,35.484517022000034],[-97.175775912999939,35.483330210000076],[-97.178416134999964,35.480892010000048],[-97.183576069999958,35.477969434000045],[-97.180845423999983,35.470089476000055],[-97.16681595099999,35.470955737000054],[-97.163275373999966,35.462338626000076],[-97.157332660999941,35.457761047000076],[-97.152170274999946,35.460886877000064],[-97.148265235999986,35.463251056000047],[-97.14125099599994,35.463682347000031],[-97.138585588999945,35.461555716000078],[-97.127568464999968,35.458437142000037],[-97.117526751999947,35.461769599000036],[-97.108297420999975,35.460785091000048],[-97.104231634999962,35.452927715000044],[-97.109864760999983,35.448204661000034],[-97.112903057999972,35.446020305000047],[-97.113266458999988,35.440990800000066],[-97.111003721999964,35.436346612000079],[-97.105323550999969,35.437839254000039],[-97.098781868999936,35.440417099000058],[-97.095262477999938,35.439733892000049],[-97.089936163999937,35.435478457000045],[-97.092514875999939,35.431863253000074],[-97.097285989999989,35.428226352000024],[-97.09501407099998,35.422864031000074],[-97.083670603999963,35.426924151000037],[-97.072733385999982,35.428825286000063],[-97.065975297999955,35.416326040000058],[-97.06674413099995,35.408780120000074],[-97.064052019999963,35.404498253000042],[-97.052990592999947,35.397424280000052],[-97.04468206599995,35.398938689000033],[-97.038575071999958,35.401149841000063],[-97.034161394999956,35.39903722300005],[-97.030525243999989,35.389737822000029],[-97.037044825999942,35.385728435000033],[-97.042228818999945,35.380295362000027],[-97.042158452999956,35.375270511000053],[-97.041613482999992,35.368452195000032],[-97.041764256999954,35.368368018000069],[-97.042200821999984,35.368124280000075],[-97.048146962999965,35.364804177000053],[-97.045850263999967,35.357287700000029],[-97.037954170999967,35.35664395200007],[-97.031902620999972,35.360335623000026],[-97.019173443999989,35.350704890000031],[-97.015828112999941,35.340695849000042],[-97.006158015999972,35.340783735000059],[-97.002746572999968,35.339155877000053],[-96.998877820999951,35.339190791000078],[-96.993916143999968,35.344308087000059],[-96.987734114999967,35.344997407000051],[-96.982666677999987,35.342189018000056],[-96.982986606999987,35.337113483000053],[-96.984862232999944,35.332658249000076],[-96.983256262999987,35.328233928000031],[-96.977828304999946,35.327330807000067],[-96.972034354999948,35.328015829000037],[-96.968211503999953,35.331536718000052],[-96.962417138999967,35.33222124100007],[-96.958878423999977,35.327813338000055],[-96.958817201999977,35.323058289000073],[-96.963425911999991,35.320482039000069],[-96.968030184999975,35.317588603000047],[-96.967964266999957,35.312516606000031],[-96.964821085999972,35.308739594000031],[-96.959769232999975,35.306881247000035],[-96.954713567999988,35.304705676000026],[-96.948900975999948,35.303804489000072],[-96.945469009999954,35.307638200000042],[-96.943922153999949,35.307651381000028],[-96.938890872999991,35.30737707600008],[-96.935402494999948,35.306772502000058],[-96.93275760399996,35.302843225000061],[-96.930439263999972,35.574338796000063],[-96.902581289999944,35.574568345000046],[-96.90164410999995,35.654996709000045]]],[[[-98.031108244999984,42.760737162000055],[-98.044047753999962,42.765757606000079],[-98.062573214999986,42.767542846000026],[-98.080308300999945,42.766721511000071],[-98.096266324999988,42.763434074000031],[-98.098792929999945,42.76123967500007],[-98.099812634999978,42.752377524000053],[-98.099889570999949,42.744487529000025],[-98.095104650999986,42.736680189000026],[-98.094150110999976,42.726895117000026],[-98.094350049999946,42.712548135000077],[-98.093675132999977,42.701323613000056],[-98.097260505999941,42.696732448000034],[-97.984948366999959,42.697177986000042],[-97.986564654999938,42.767743860000053],[-98.009082728999942,42.760574578000046],[-98.031108244999984,42.760737162000055]]],[[[-99.681533061999971,48.880043374000081],[-99.807414448999964,48.880864250000059],[-99.806644848999952,48.969995414000039],[-99.942723322999939,48.970416041000078],[-99.942452928999955,48.87942199500003],[-99.807423306999965,48.87923627300006],[-99.808014826999965,48.795766144000027],[-99.681963215999986,48.795313465000049],[-99.681533061999971,48.880043374000081]]],[[[-98.149305258999959,43.151481931000035],[-98.145678110999938,43.160432487000037],[-98.13486035699998,43.177247439000041],[-98.122225389999983,43.198678958000073],[-98.132117630999971,43.201663038000049],[-98.14284954499999,43.206351941000037],[-98.162284614999976,43.21346883800004],[-98.19281628799996,43.224114149000059],[-98.234111066999958,43.239719080000043],[-98.277980726999942,43.254445202000056],[-98.312930743999971,43.26789447200008],[-98.463500030999967,43.322873189000063],[-98.638996624999947,43.385015759000055],[-98.737989938999988,43.421863167000026],[-98.735170945999982,43.304416487000026],[-98.733377392999955,43.24709948800006],[-98.732346856999982,43.214119340000025],[-98.732072408999954,43.205330415000049],[-98.731931634999967,43.187552322000045],[-98.731293469999969,43.146677472000079],[-98.732057917999953,43.117597360000048],[-98.732440147999966,43.103047009000079],[-98.718218681999986,43.094297615000073],[-98.702200861999984,43.08653180400006],[-98.68608513099997,43.08034080200008],[-98.67409992499995,43.07817727500003],[-98.659895922999965,43.078361807000078],[-98.65154643599999,43.07932339000007],[-98.643015170999945,43.081226272000038],[-98.630321254999956,43.083408143000042],[-98.610715632999984,43.08229321400006],[-98.593567894999978,43.077300168000079],[-98.581321704999937,43.070864490000076],[-98.571840544999986,43.061693655000056],[-98.563748524999937,43.047904801000072],[-98.553716674999976,43.024213246000045],[-98.545978519999949,43.005826639000077],[-98.53645333299994,42.995123851000074],[-98.526410742999985,42.984430797000073],[-98.509078883999962,42.973693670000046],[-98.498363615999949,42.965688705000048],[-98.489300756999967,42.953060538000045],[-98.479911381999955,42.943459238000059],[-98.458865861999982,42.933840927000062],[-98.424430957999959,42.920753681000065],[-98.385618134999959,42.904873228000042],[-98.367530426999963,42.900918716000035],[-98.352943443999948,42.896608143000037],[-98.33786820499995,42.889436852000074],[-98.319598419999977,42.88002911600006],[-98.280181978999963,42.867855717000054],[-98.260863952999955,42.861613767000051],[-98.246388770999943,42.860156928000038],[-98.227267149999989,42.85964277100004],[-98.216965098999992,42.854665225000076],[-98.189803913999981,42.834784846000048],[-98.18288307399996,42.850075335000042],[-98.170806851999942,42.862334882000027],[-98.16332887599998,42.872217983000041],[-98.159709500999952,42.880885811000041],[-98.157203144999983,42.887813117000064],[-98.152523354999971,42.89994071700005],[-98.156328487999986,42.909052151000026],[-98.161258265999948,42.916709712000056],[-98.159502975999942,42.922763177000036],[-98.155555069999991,42.93344352500003],[-98.150677836999989,42.939551087000041],[-98.148352852999949,42.952210188000038],[-98.145682798999985,42.966308894000065],[-98.136145983999938,42.973356597000077],[-98.133752887999947,42.984008534000054],[-98.135934247999955,42.991140175000055],[-98.140022429999988,42.996804927000028],[-98.139535740999975,43.005989837000072],[-98.140563223999948,43.008571792000055],[-98.142936160999966,43.014533890000052],[-98.149686609999947,43.017857997000078],[-98.151507908999974,43.025855593000074],[-98.149248947999979,43.064892615000076],[-98.153796830999966,43.084598498000048],[-98.149305258999959,43.151481931000035]]],[[[-96.619195599999955,45.928001481000081],[-96.728587481999966,45.936464071000046],[-96.875616247999972,45.95527878200005],[-97.056777815999965,45.977569401000039],[-97.177634832999956,45.992290660000037],[-97.574850079999976,46.040839572000039],[-97.54781302799995,45.967512412000076],[-97.483643163999943,45.767676302000041],[-97.418693975999986,45.579048928000077],[-97.364299344999949,45.400631486000066],[-97.313372998999967,45.23432020100006],[-97.267443637999975,45.086885389000031],[-97.245745482999951,45.019724308000036],[-97.232120889999976,44.97747454000006],[-97.084676824999974,45.238540469000043],[-97.003277193999963,45.381630224000048],[-96.881713156999979,45.59396190700005],[-96.877681182999936,45.620941636000055],[-96.874702496999987,45.640934211000058],[-96.863500180999949,45.654704197000058],[-96.852699906999987,45.66847010400005],[-96.83738451399995,45.679696311000043],[-96.81804839299997,45.695224986000028],[-96.806770055999948,45.704709663000074],[-96.793109252999955,45.719342436000034],[-96.781384134999939,45.726259771000059],[-96.760706063999976,45.734084464000034],[-96.758914045999973,45.734832662000031],[-96.745991784999944,45.740226637000035],[-96.74010803799996,45.748056951000081],[-96.733699318999982,45.757601222000062],[-96.724837050999952,45.766588219000027],[-96.708897047999983,45.774662503000059],[-96.695668393999938,45.782530018000045],[-96.686241389999964,45.790375995000034],[-96.677670070999966,45.80220952600007],[-96.671292706999964,45.816122254000049],[-96.66634010599995,45.836491021000029],[-96.662949232999949,45.850386856000057],[-96.663955276999957,45.879388860000063],[-96.659368016999963,45.88321417700007],[-96.65230504799996,45.884580464000067],[-96.64547336399994,45.881953157000055],[-96.638052057999971,45.874765946000025],[-96.633153485999969,45.874789878000058],[-96.630483035999987,45.879935568000064],[-96.630047398999977,45.89498887600007],[-96.629266556999937,45.921951381000042],[-96.619195599999955,45.928001481000081]]],[[[-98.521731110999951,47.788219291000075],[-98.55531609999997,47.833802450000064],[-98.587773551999987,47.879373548000046],[-98.631887138999957,47.939875640000025],[-98.629873763999967,47.92625484000007],[-98.63006028999996,47.914028638000048],[-98.632600210999954,47.906789212000035],[-98.638838074999967,47.906787365000071],[-98.646220485999947,47.912634666000031],[-98.651477381999939,47.918762865000076],[-98.657678086999965,47.926070491000075],[-98.658399226999961,47.934444166000048],[-98.662327814999969,47.942754507000075],[-98.671697971999947,47.944966122000039],[-98.673930609999957,47.947078772000054],[-98.681939391999947,47.950754424000081],[-98.688181386999986,47.951488591000043],[-98.69788734399998,47.949138534000042],[-98.707390174999944,47.950266644000067],[-98.708961708999936,47.957544176000056],[-98.711909011999978,47.967669525000076],[-98.716924335999977,47.972121826000034],[-98.74479183699998,47.97683109500008],[-98.758843410999987,47.97978024400004],[-98.768400030999942,47.978027481000026],[-98.773125128999936,47.972059809000029],[-98.787579222999966,47.960380005000047],[-98.807441520999987,47.946189424000067],[-98.815490236999949,47.938952206000067],[-98.821157045999939,47.941949635000071],[-98.821883799999966,47.946023848000038],[-98.821734331999949,47.952532670000039],[-98.814940600999989,47.956607864000034],[-98.80376757199997,47.96833786500008],[-98.794404919999977,47.980331611000054],[-98.792091102999962,47.988850910000053],[-98.802843234999955,47.997251262000077],[-98.819991679999987,48.017165011000031],[-98.843523108999989,48.033462851000081],[-98.858928273999936,48.034953649000045],[-98.870643869999981,48.034705858000052],[-98.890448538999976,48.033830894000062],[-98.897269929999936,48.025517018000073],[-98.894940459999987,48.015878264000037],[-98.884597676999988,48.002182109000046],[-98.87826815699998,47.997022228000048],[-98.877779087999954,47.991435368000054],[-98.881095692999963,47.985313592000068],[-98.891901207999979,47.985083093000071],[-98.898230643999966,47.990242527000078],[-98.901567239999963,47.998793900000067],[-98.915156490999948,48.000165945000049],[-98.922296653999979,47.998650483000063],[-98.929371038999989,48.000464165000039],[-98.930547735999937,48.006187176000026],[-98.937906698999939,48.009204424000075],[-98.94275165199997,48.006830079000054],[-98.947413574999985,48.000677593000034],[-98.954915429999971,47.997337165000033],[-98.970480436999992,47.997601571000075],[-98.976869699999952,47.994586840000068],[-98.981737082999985,47.978897189000065],[-98.989170616999957,47.969655599000077],[-99.00536494499994,47.973684323000043],[-99.009884519999957,47.987653888000068],[-99.014232275999973,48.007223924000073],[-99.018066431999955,48.01636637200005],[-99.029079766999985,48.024742995000054],[-99.04999755099999,48.023668382000039],[-99.071212769999988,48.019558266000047],[-99.088702383999987,48.008722138000053],[-99.099705680999989,48.007865501000026],[-99.116469412999948,48.009447290000026],[-99.127511911999989,48.000569320000068],[-99.145429441999966,47.993951189000029],[-99.156873459999986,47.997315726000068],[-99.163032754999961,48.003072240000051],[-99.166755495999951,48.009641848000058],[-99.168863313999964,48.015492631000029],[-99.174357775999965,48.021415212000079],[-99.185310681999965,48.023881047000032],[-99.195438204999959,48.023491150000041],[-99.202502634999973,48.020601171000067],[-99.213932990999979,48.01927134400006],[-99.21767816299996,48.026141406000079],[-99.220674875999975,48.035903310000037],[-99.217499520999979,48.048383226000055],[-99.213802477999991,48.055278082000029],[-99.20818768099997,48.064335770000071],[-99.21446435699994,48.067817325000078],[-99.220028934999959,48.062088488000029],[-99.225608468999951,48.056661475000055],[-99.232457180999972,48.058162201000073],[-99.242026643999964,48.059900044000074],[-99.242034395999951,48.068521950000047],[-99.236914097999943,48.074089740000034],[-99.242992139999956,48.078028448000055],[-99.252359780999939,48.071396184000037],[-99.251242715999979,48.063460889000055],[-99.261682687999951,48.064571399000044],[-99.26424812099998,48.057702588000041],[-99.271245298999986,48.062155091000079],[-99.281478360999984,48.063609430000042],[-99.275340885999981,48.043903511000053],[-99.244675233999942,47.93736080900004],[-99.224513587999979,47.875416486000063],[-99.212078701999985,47.846150770000065],[-99.194348475999959,47.84302404400006],[-99.160165731999939,47.840990869000052],[-99.146312852999984,47.844862164000062],[-99.137698453999974,47.854995666000036],[-99.125401908999947,47.861902718000067],[-99.112099832999945,47.862919515000044],[-99.096416011999963,47.858550459000071],[-99.082209735999982,47.855564777000041],[-99.065071232999969,47.857137504000036],[-99.053718084999957,47.860232652000036],[-99.035478449999971,47.867974894000042],[-99.018077517999984,47.871439174000045],[-99.003100333999953,47.867043697000042],[-98.992129473999967,47.858301206000078],[-98.980661100999953,47.846494335000045],[-98.962652687999991,47.830100023000057],[-98.950721612999985,47.82303005600005],[-98.93430088599996,47.810144021000042],[-98.91925589899995,47.796516301000054],[-98.906637996999962,47.782124586000066],[-98.893124117999946,47.763492757000051],[-98.881442203999939,47.753808352000078],[-98.868749779999973,47.752423434000036],[-98.856518512999969,47.75339298800003],[-98.847605415999965,47.757839431000036],[-98.837858583999946,47.767033434000041],[-98.824844879999944,47.773929678000059],[-98.809540464999941,47.776851370000031],[-98.793139753999981,47.77884791300005],[-98.78898057899994,47.787685151000062],[-98.793851321999966,47.794443115000036],[-98.789858803999948,47.799255928000036],[-98.778329046999943,47.800440017000028],[-98.76485321399997,47.797405974000071],[-98.749040805999982,47.79701979500004],[-98.73372700799996,47.799932676000026],[-98.711517877999938,47.797779638000065],[-98.67423116599997,47.79592286500008],[-98.64234318299998,47.801990929000056],[-98.627531813999951,47.80038842700003],[-98.614083665999942,47.797811914000079],[-98.594725224999991,47.788253076000046],[-98.567798515999982,47.782146715000067],[-98.536924737999982,47.782258322000075],[-98.521731110999951,47.788219291000075]]],[[[-96.470513690999951,42.00045779800007],[-96.176922068999943,41.999599228000079],[-96.177737884999942,42.004980076000038],[-96.180154313999992,42.009162533000051],[-96.180167030999939,42.013946498000053],[-96.179377820999946,42.018731621000029],[-96.178588497999954,42.023516714000039],[-96.176193421999983,42.027706122000041],[-96.17379804899997,42.031895464000058],[-96.169798109999988,42.036086984000065],[-96.163383906999968,42.037291712000069],[-96.159383003999949,42.041482866000081],[-96.164203449999945,42.044466355000054],[-96.169826591999936,42.047448530000054],[-96.175448677999952,42.04983246300003],[-96.181069563999984,42.051618163000057],[-96.185092599999962,42.055797917000064],[-96.189117803999977,42.060575482000047],[-96.193141867999941,42.06475492900006],[-96.196363905999988,42.068935518000046],[-96.200387146999958,42.072516731000064],[-96.203609999999969,42.076697094000053],[-96.205229734999989,42.081478013000037],[-96.207652426999971,42.086257520000061],[-96.21087638399996,42.090437628000075],[-96.214102630999946,42.09521557000005],[-96.217327412999964,42.099395465000043],[-96.220554542999992,42.10417319000004],[-96.226183129999981,42.106554636000055],[-96.227805172999979,42.111335096000062],[-96.222996864999971,42.114333636000026],[-96.218190058999937,42.117929903000061],[-96.218207413999949,42.123311213000079],[-96.222235043999945,42.126891490000048],[-96.227865579999957,42.129272798000045],[-96.234303921999981,42.13284813000007],[-96.238335078999967,42.137025750000078],[-96.242364590999955,42.140605308000033],[-96.247195759999954,42.143585187000042],[-96.25282856299998,42.145965299000068],[-96.259262937999949,42.147745537000048],[-96.265699998999992,42.150123335000046],[-96.270532875999947,42.153102259000036],[-96.276169736999975,42.15607916700003],[-96.280202386999974,42.159657399000025],[-96.285041626999941,42.163831505000076],[-96.285044146999951,42.164429397000049],[-96.295538714999964,42.175166568000066],[-96.296363468999971,42.179947690000063],[-96.298796133999986,42.184724859000028],[-96.300427845999991,42.19010180600003],[-96.302858482999966,42.194280968000044],[-96.302882600999965,42.199661799000069],[-96.302099910999971,42.204446722000057],[-96.299706080999954,42.208637708000026],[-96.29651034799997,42.213428438000051],[-96.290890973999979,42.21583339700004],[-96.286078029999942,42.218834067000046],[-96.27885164099996,42.221840065000038],[-96.272412103999955,42.220658864000029],[-96.265972793999936,42.219477322000046],[-96.259536003999983,42.218893295000044],[-96.253103805999956,42.219504642000061],[-96.254732721999972,42.224881986000071],[-96.259570465999957,42.227861090000033],[-96.265213080999956,42.230838250000033],[-96.270056494999949,42.235012610000069],[-96.274093533999974,42.238590721000037],[-96.279742641999974,42.242762852000055],[-96.284590327999979,42.247534414000029],[-96.287829297999963,42.252309557000046],[-96.290261394999959,42.256488668000031],[-96.287864984999942,42.26067917000006],[-96.286275662999969,42.265465547000076],[-96.389104818999954,42.265401237000049],[-96.776386154999955,42.264383297000052],[-96.777612411999939,42.144064473000071],[-96.691374171999939,42.143936583000027],[-96.676221726999984,42.126723194000078],[-96.653167796999981,42.106640488000039],[-96.640931939999973,42.096601088000057],[-96.629393851999964,42.084429516000057],[-96.601339375999942,42.060639151000032],[-96.576244136999946,42.046932749000064],[-96.572631671999943,42.041631419000055],[-96.550385208999955,42.025778675000026],[-96.528957739999953,42.022150639000074],[-96.51748493599996,42.014222170000039],[-96.506763679999949,42.011076122000077],[-96.488935499999968,42.011148964000029],[-96.479634719999979,42.006931111000029],[-96.470513690999951,42.00045779800007]]],[[[-95.347243909999975,38.611671183000055],[-95.391359639999962,38.612525043000062],[-95.392458394999949,38.546629081000049],[-95.356066166999938,38.546418262000032],[-95.347841212999981,38.546369029000061],[-95.347243909999975,38.611671183000055]]],[[[-95.70911444099994,39.351448381000068],[-95.706618832999936,39.419167369000036],[-95.837027314999943,39.42140534400005],[-95.895735037999941,39.421600312000066],[-95.898776805999944,39.268887882000058],[-95.840885768999954,39.268820036000079],[-95.710957693999944,39.268563393000079],[-95.70911444099994,39.351448381000068]]],[[[-95.696131395999942,39.740697471000033],[-95.696494178999956,39.656839121000075],[-95.600795837999954,39.655355105000069],[-95.599537697999949,39.740108988000031],[-95.696131395999942,39.740697471000033]]],[[[-95.459271873999967,47.505484552000041],[-95.633205592999957,47.505777293000051],[-95.745819280999967,47.505896595000081],[-96.087828823999985,47.505679235000059],[-96.099541830999954,47.505656344000045],[-96.097516713999937,47.445668433000037],[-96.093558633999976,47.328053942000054],[-96.079978976999939,47.327352590000032],[-96.079824388999953,47.321398842000065],[-96.07792137499996,47.248003795000045],[-96.075343251999982,47.148268380000047],[-96.070411054999965,47.008506600000032],[-96.070369407999976,46.984428308000076],[-95.322485686999983,46.982718548000037],[-95.321811160999971,47.006201839000028],[-95.321904888999939,47.03729972800005],[-95.325513112999943,47.161852127000031],[-95.44385355899999,47.162697687000048],[-95.445715959999973,47.218601030000059],[-95.446142669999972,47.327186700000027],[-95.460777865999944,47.325826182000071],[-95.459271873999967,47.505484552000041]]],[[[-94.730830121999986,47.945155734000082],[-94.708981259999973,47.969913102000078],[-94.713862817999939,48.21085271700008],[-94.716870495999956,48.210881138000047],[-94.721897398999943,48.210258259000057],[-94.728270272999964,48.20920097100003],[-94.737014646999967,48.206601554000031],[-94.743721032999986,48.205546634000029],[-94.75844687099999,48.20456486300003],[-94.767184751999991,48.202186840000081],[-94.776924335999979,48.199817261000078],[-94.784297524999943,48.198766328000033],[-94.797354891999987,48.197541991000037],[-94.808433351999952,48.194958560000032],[-96.157725964999941,48.189856083000052],[-96.157172925999987,48.187010686000065],[-96.159262675999969,48.176028957000028],[-96.168253989999982,48.172122147000039],[-96.181465083999967,48.163250479000055],[-96.180868222999948,48.140582206000033],[-96.187741605999975,48.138447567000071],[-96.139670786999943,48.099633530000062],[-96.05639584499994,48.028644496000027],[-95.969658584999991,47.953240348000065],[-95.960105660999943,47.944870253000033],[-95.947898100999964,47.94383905400008],[-95.942391955999938,47.946478111000033],[-95.93963557099994,47.950967051000077],[-95.936486138999953,47.954927448000035],[-95.929801614999974,47.955188265000061],[-95.923512543999948,47.953600126000026],[-95.917223798999942,47.952011689000074],[-95.910541447999947,47.950950939000052],[-95.905434819999982,47.948042086000044],[-95.901115786999981,47.944605333000027],[-95.894829461999961,47.942487547000042],[-95.888936668999975,47.940369780000026],[-95.883044788999939,47.937987608000071],[-95.877547494999988,47.93507724400007],[-95.870865451999975,47.935071028000038],[-95.864185172999953,47.934272071000066],[-95.859082149999949,47.931361318000029],[-95.854373258999942,47.928186628000049],[-95.847693290999985,47.927650983000035],[-95.841010689999962,47.928171577000057],[-95.838247679999938,47.932658701000037],[-95.838235786999974,47.937149026000043],[-95.831551335999961,47.937933272000066],[-95.824869743999955,47.937660650000055],[-95.818188211999939,47.937387697000077],[-95.811904694999953,47.935530147000065],[-95.805220084999974,47.936313096000049],[-95.800492903999952,47.93947582900006],[-95.793813957999987,47.938409273000048],[-95.787530158999971,47.936814733000062],[-95.780455816999961,47.936539296000035],[-95.775334246999989,47.93970051000008],[-95.768255615999976,47.940480966000052],[-95.763133082999957,47.943641680000042],[-95.759971544999985,47.947862175000068],[-95.755633232999969,47.951288048000038],[-95.677102483999988,47.931841641000062],[-95.670822412999939,47.930241647000059],[-95.66413657999999,47.931017632000078],[-95.657459466999967,47.93020845500007],[-95.650787062999939,47.928606525000077],[-95.643706591999944,47.929644629000052],[-95.637025190999964,47.929626858000063],[-95.630354982999961,47.927759777000063],[-95.624472806999961,47.925630399000056],[-95.619383591999963,47.922446388000026],[-95.613898611999957,47.919789326000057],[-95.606815135999966,47.921353818000057],[-95.600141569999948,47.920277639000062],[-95.594659373999946,47.917355631000078],[-95.588781222999955,47.914960481000037],[-95.584042702999966,47.918379996000056],[-95.577347931999952,47.92047245200007],[-95.57066569899996,47.920715548000032],[-95.564366958999983,47.922280305000072],[-95.557694040999991,47.921202034000032],[-95.552211855999985,47.918542460000026],[-95.545533664999937,47.918256020000058],[-95.539655361999962,47.916122891000043],[-95.534966287999964,47.912672796000038],[-95.528299014999959,47.911064737000061],[-95.521621753999966,47.910777109000037],[-95.514934068999992,47.911809915000049],[-95.508662437999988,47.90993813800003],[-95.502794823999977,47.906746729000076],[-95.49612686599994,47.905401210000036],[-95.491441072999976,47.901949492000028],[-95.491085630999976,47.897457265000071],[-95.490730241999984,47.892964974000051],[-95.489198843999986,47.888204001000076],[-95.485309119999954,47.883698159000062],[-95.47983345099999,47.881035345000043],[-95.473166528999968,47.879952764000052],[-95.46690635799996,47.87728633100005],[-95.463801964999959,47.873046999000053],[-95.462663465999981,47.868551180000054],[-95.46191773399994,47.864056853000079],[-95.458024532999957,47.86034247300006],[-95.455314162999969,47.856104302000062],[-95.449444984999957,47.85396684400007],[-95.443178886999988,47.852355895000073],[-95.437312923999968,47.84995368500006],[-95.433027182999979,47.846500990000038],[-95.429926697999974,47.842260482000029],[-95.424062223999954,47.839857620000032],[-95.418598166999971,47.836663546000068],[-95.417071275999945,47.832165152000073],[-95.414364989999967,47.827925796000045],[-95.410476974999938,47.824209635000045],[-95.404614992999939,47.821805797000081],[-95.398756066999965,47.819137462000072],[-95.392094700999962,47.818314902000054],[-95.389390756999944,47.814074866000055],[-95.387079435999965,47.809836503000042],[-95.385950398999967,47.805074937000029],[-95.383247465999943,47.80083460700007],[-95.379744518999985,47.79817601600007],[-94.795691404999957,47.801360439000064],[-94.797203976999981,47.884079478000046],[-94.796041486999968,47.88327651600008],[-94.792145867999977,47.881656522000071],[-94.788653595999961,47.879511612000044],[-94.730830121999986,47.945155734000082]]]]},"properties":{"OBJECTID":2,"type":"reservation","COUNT":170,"SHAPE_Length":214.18541928095945,"SHAPE_Area":41.531558338482398}}]}