{"type":"FeatureCollection","features":[{"type":"Feature","id":1,"geometry":{"type":"Polygon","coordinates":[[[-103.47047037799996,37.383212361000062],[-103.65830635599997,37.577057142000058],[-103.66012719199995,37.571069363000049],[-103.66337321899994,37.566940773000056],[-103.66661887599997,37.562812095000027],[-103.67108339299995,37.558601208000027],[-103.67910157299997,37.553172957000072],[-103.68488715799998,37.549849923000068],[-103.69067221199998,37.54652660000005],[-103.69391539499998,37.542397172000051],[-103.69703503899996,37.540604556000062],[-103.69969943799998,37.539073398000028],[-103.70416056499994,37.534861246000048],[-103.70593533899995,37.533997760000034],[-103.71116226399994,37.531454412000073],[-103.71694463999995,37.528129775000025],[-103.71889242299994,37.527009743000065],[-103.72272648599994,37.524804848000031],[-103.72850779999999,37.52147963200008],[-103.73296616599998,37.517266377000055],[-103.73752800499994,37.514023493000025],[-103.74076705899995,37.509892773000047],[-103.74532808299995,37.506649585000048],[-103.74978455899998,37.502435692000063],[-103.75424051399995,37.498221629000057],[-103.75869595099999,37.494007398000065],[-103.76325517299995,37.490763510000079],[-103.76649171799994,37.486632089000068],[-103.77226797399999,37.483304694000026],[-103.77672144499996,37.479089779000049],[-103.77995669999996,37.474957991000053],[-103.78451376899994,37.471713271000056],[-103.78774825099998,37.467581272000075],[-103.78966025099999,37.462562109000032],[-103.79532883599995,37.458263095000063],[-103.79988416599997,37.455017778000069],[-103.80433429099998,37.450801822000074],[-103.81021082399997,37.448443003000079],[-103.81465994299998,37.444226653000044],[-103.81921352599994,37.440980579000041],[-103.82244465799994,37.436847636000039],[-103.82821437399997,37.433517461000065],[-103.83266153099999,37.429300428000033],[-103.83843017799995,37.425969745000032],[-103.84419829499996,37.422638772000028],[-103.84874919899994,37.419391540000049],[-103.86313813599998,37.416441540000051],[-103.86758221299999,37.412223169000072],[-103.87202577099998,37.40800463100004],[-103.87646881299997,37.403785924000033],[-103.87837298799997,37.398765381000032],[-103.88403132099995,37.394462048000037],[-103.88857867199994,37.391213256000071],[-103.89301972299995,37.386993928000038],[-103.89746025499994,37.382774433000066],[-103.90200627099995,37.37952511900005],[-103.90766169999995,37.375220640000066],[-103.91220678599996,37.371970927000064],[-103.91675146399996,37.368721036000068],[-103.92118949799999,37.364500642000053],[-103.92573330499994,37.361250400000074],[-103.93270781999996,37.357830173000025],[-103.93725069499999,37.354579480000041],[-103.94290208699999,37.350273288000039],[-103.94844623699998,37.34499653000006],[-103.95298759999997,37.341745224000078],[-103.95742187699994,37.337523458000078],[-103.96064052599996,37.333386748000066],[-103.96507384599994,37.329164696000078],[-103.96939982599997,37.323972213000047],[-103.97393893699996,37.32072009500007],[-103.97704898699999,37.315612687000055],[-103.98148026599995,37.311390023000058],[-103.98469638499995,37.307252671000072],[-103.98923376499994,37.303999963000024],[-103.99366362599994,37.299776842000028],[-103.99820013699997,37.296523785000034],[-104.00516501899995,37.293099199000039],[-104.00959328899995,37.288875474000065],[-104.01545003299998,37.286506213000052],[-104.02109148899996,37.282196246000069],[-104.02683979499994,37.278856203000032],[-104.03005188799995,37.274717619000057],[-104.03579919099997,37.271377132000055],[-104.04033203899996,37.268122429000073],[-104.04486448299997,37.26486754900003],[-104.05071813999996,37.262496492000025],[-104.05503402599999,37.257300883000028],[-104.05945721499995,37.253075276000061],[-104.06520145199994,37.249733330000026],[-104.06973163299995,37.246477481000056],[-104.07426140899997,37.243221456000072],[-104.07746922399997,37.239081590000069],[-104.08067667499995,37.234941638000066],[-104.08002767099998,37.229120874000046],[-104.08455590299997,37.225864461000072],[-104.08897546099996,37.221637756000064],[-104.09614559899995,37.220147925000049],[-104.10242774399995,37.22165467700006],[-104.10760557099997,37.224217967000072],[-104.11278376499996,37.226781023000058],[-104.12017130099997,37.227229861000069],[-104.12623700499995,37.226795125000024],[-104.13208493899998,37.224419916000045],[-104.13528863099998,37.220278447000055],[-104.13890363299998,37.218809733000057],[-104.14113574299995,37.217902777000063],[-104.14433863199997,37.213761064000039],[-104.14985773099994,37.208474778000038],[-104.15570341899996,37.206098368000028],[-104.16165793399995,37.204691701000058],[-104.16772150899999,37.204254754000033],[-104.16176714799997,37.205661740000039],[-104.16848662399997,37.21104499300003],[-104.17278128799995,37.216602839000075],[-104.17398622899998,37.217240828000058],[-104.17928364799997,37.220045407000043],[-104.18347013299996,37.224632837000058],[-104.18655362799996,37.230277776000037],[-104.19305786399997,37.23371957300003],[-104.19834949399996,37.237248761000046],[-104.20364163999994,37.240777707000063],[-104.20849698799998,37.241692545000035],[-104.21114108399996,37.24219064600004],[-104.21411749799995,37.246864866000067],[-104.21664795599997,37.248113766000074],[-104.21930105799999,37.24942309000005],[-104.22470523499999,37.253921073000072],[-104.22889654199997,37.258506889000046],[-104.23308837799999,37.263092559000029],[-104.23496365799997,37.268824381000059],[-104.23562543599996,37.274644340000066],[-104.23611376199995,37.278938303000075],[-104.23617699799996,37.279494311000064],[-104.23452131399995,37.286460585000043],[-104.23264472499994,37.291486844000076],[-104.23452070399998,37.297218735000058],[-104.24213700599995,37.299599663000038],[-104.24754633299995,37.304096643000037],[-104.25394947299998,37.306565058000047],[-104.26013167899998,37.307093150000071],[-104.26631397699998,37.307620907000057],[-104.27371067699994,37.308059778000029],[-104.28243275999995,37.309379486000068],[-104.28850434799995,37.308936076000066],[-104.29468700699994,37.309462291000045],[-104.30075852599998,37.309018227000024],[-104.31036144899997,37.307337118000078],[-104.31643269399996,37.30689221800003],[-104.32625809799998,37.307149622000054],[-104.33244087699995,37.307673784000031],[-104.33851201599998,37.307227705000059],[-104.34469489099996,37.307751202000077],[-104.35076596099998,37.307304470000076],[-104.35805114599998,37.306767964000073],[-104.36412205099998,37.306320519000053],[-104.37140703799997,37.305783157000064],[-104.37736553299999,37.304365134000079],[-104.38332379499997,37.302946800000029],[-104.39060830099999,37.302408210000067],[-104.39656614499995,37.30098918200008],[-104.40241118299997,37.298600004000036],[-104.41079640799995,37.29700034800004],[-104.41796733899997,37.295490177000033],[-104.42502510799994,37.293009740000059],[-104.43318324899997,37.289468809000027],[-104.43891311599998,37.286107962000074],[-104.44198893899994,37.280987977000052],[-104.44517743399996,37.276837706000038],[-104.44836556299998,37.272687354000027],[-104.45276676099996,37.268446458000028],[-104.45595408999998,37.26429590500004],[-104.45914105299994,37.260145270000066],[-104.46365418199997,37.25687374000006],[-104.46805352999996,37.252632278000078],[-104.47510542199996,37.250148773000035],[-104.47961721299998,37.246876623000048],[-104.48644093799999,37.242452936000063],[-104.49095173799998,37.239180344000033],[-104.49678869799999,37.236786374000076],[-104.50239766299995,37.232452675000047],[-104.50690712599999,37.229179464000026],[-104.51141618099996,37.225906077000047],[-104.51713741499998,37.222541370000044],[-104.52285811999997,37.219176381000068],[-104.52736583699999,37.215902375000042],[-104.53319972599996,37.213506556000027],[-104.53770662499994,37.210232146000067],[-104.54463769599994,37.20677469900005],[-104.55012710099999,37.201469035000059],[-104.55463249199994,37.198193969000044],[-104.56034954399996,37.194827124000028],[-104.56704886999995,37.189429049000069],[-104.57287932699995,37.187031219000062],[-104.57738279799997,37.183755269000073],[-104.58298286799999,37.179417686000079],[-104.58869713099995,37.176049440000043],[-104.59452580199996,37.173650510000073],[-104.59770088099998,37.169496142000071],[-104.60462521499994,37.166035093000062],[-104.60901084199998,37.161788333000061],[-104.61593390399997,37.15832660500007],[-104.62176025699995,37.155926295000029],[-104.62625959999997,37.152648450000072],[-104.63208515599996,37.150247617000048],[-104.63646822699997,37.145999823000068],[-104.64229291399994,37.143598472000065],[-104.64834842499994,37.143135891000043],[-104.65549923399999,37.141610841000045],[-104.66397657799996,37.140962151000053],[-104.67147457499999,37.142344647000073],[-104.67764578999999,37.142850012000054],[-104.68502814399994,37.143262109000034],[-104.69241057999994,37.143673726000031],[-104.69979309999997,37.144084862000057],[-104.70584828399996,37.143619214000068],[-104.71311440299996,37.143060009000067],[-104.72026384399999,37.141530880000062],[-104.72608540599998,37.139125235000051],[-104.73335091899997,37.138564736000035],[-104.73854493799996,37.141099132000079],[-104.74373931699995,37.143633291000071],[-104.74893405699999,37.146167217000027],[-104.75303511899995,37.149764006000055],[-104.75920752899998,37.150264940000056],[-104.76538002299998,37.150765537000041],[-104.77143534199996,37.150296389000061],[-104.77749058299997,37.149826917000041],[-104.78342832799996,37.148387726000067],[-104.78780244399996,37.144134099000041],[-104.79096519099994,37.139974387000052],[-104.79510325799998,37.133781726000052],[-104.79947581299996,37.12952767400003],[-104.80396550899997,37.126242829000034],[-104.81087589899994,37.122769273000074],[-104.81524687099994,37.118514634000064],[-104.82094558299997,37.115134797000053],[-104.82664376799994,37.111754680000047],[-104.83089517399998,37.106530122000038],[-104.83538203299997,37.103244065000069],[-104.83986848699999,37.099957836000044],[-104.84701102699995,37.098420754000074],[-104.85294320199995,37.096977959000071],[-104.85899347899999,37.096504151000033],[-104.86625370699994,37.095935156000053],[-104.87363235399994,37.096334978000073],[-104.88089245099997,37.095765046000054],[-104.88815243499994,37.095194650000053],[-104.89505585799998,37.091716014000042],[-104.90207751999998,37.089206214000058],[-104.90644114499997,37.08494812400005],[-104.91237104299995,37.083502230000079],[-104.91841981299996,37.083025256000042],[-104.92446850199997,37.082547959000067],[-104.93172682599999,37.081974777000028],[-104.93777533999997,37.081496771000047],[-104.94394321999994,37.081987644000037],[-104.95011118399998,37.082478182000045],[-104.95615961899995,37.081999196000027],[-104.96232766499998,37.082489070000065],[-104.96849579499997,37.082978609000065],[-104.97454415099998,37.082498641000029],[-104.98047249699994,37.081049189000055],[-104.98550571699997,37.078051219000031],[-104.98764892299994,37.079180284000074],[-105.00433204099994,37.090131135000036],[-105.02624238899995,37.103190847000064],[-105.03280427699997,37.105194898000036],[-105.04820656099997,37.105769305000024],[-105.05709089199996,37.104696931000035],[-105.06784954899996,37.100584284000035],[-105.07568359499999,37.098330541000053],[-105.08666489799998,37.097809742000038],[-105.10960956199995,37.097408147000067],[-105.12288810599995,37.095434567000041],[-105.14094251099999,37.093795714000066],[-105.16540255299998,37.092898977000061],[-105.17959700599994,37.092830926000033],[-105.18427413999996,37.094193433000044],[-105.18972557699999,37.088840280000056],[-105.19311589199998,37.081436818000043],[-105.19465010999994,37.074569521000058],[-105.19718784499997,37.069932251000068],[-105.19860434199995,37.06403767900008],[-105.19867483699994,37.051317549000032],[-105.20353416699999,37.04225292700005],[-105.20647274799995,37.035736565000036],[-105.20573511799995,37.026341503000026],[-105.20403132699994,37.00463146900006],[-105.47917384199997,37.00293990800003],[-105.73358999499999,37.001322308000056],[-105.73606073799999,36.984711603000051],[-105.73827519899999,36.965077223000037],[-105.74072129299998,36.945971605000068],[-105.74054243299997,36.942439214000046],[-105.73942670999998,36.937336637000044],[-105.73754936299997,36.932993033000059],[-105.73600722099997,36.927927299000032],[-105.73361179999995,36.922935241000062],[-105.73130844899998,36.918628403000071],[-105.72943206799994,36.914284703000078],[-105.72751006199996,36.909598352000046],[-105.72264759999996,36.905512238000028],[-105.71897396199995,36.900630313000079],[-105.71577319499994,36.896054140000047],[-105.71299940299997,36.891441126000075],[-105.70928137099997,36.886216288000071],[-105.70646262999998,36.881260503000078],[-105.70368998799995,36.876647293000076],[-105.70053692799996,36.872413376000054],[-105.69695778799996,36.868216081000071],[-105.69380548299995,36.863981994000028],[-105.69193273799999,36.859637790000079],[-105.69129368799997,36.854840895000052],[-105.69325841399996,36.850166551000029],[-105.69261935899999,36.845369688000062],[-105.69198038899998,36.840572832000078],[-105.69097646099999,36.833034933000079],[-105.68982025099996,36.827589510000053],[-105.68837486199999,36.823208652000062],[-105.68650348399996,36.818864445000031],[-105.68496728899999,36.813798302000066],[-105.68309635399999,36.809454061000054],[-105.68079955799999,36.805146437000076],[-105.67127635599996,36.798340956000061],[-105.67324084399996,36.793667095000046],[-105.67473356299996,36.788687196000069],[-105.67575458799996,36.783401282000057],[-105.67682099499996,36.778458003000026],[-105.67788725599996,36.773514725000041],[-105.67895337499999,36.768571450000024],[-105.68167717799997,36.763139000000024],[-105.68406586599997,36.758428394000077],[-105.68636313199994,36.753032510000025],[-105.68827987699996,36.748015880000025],[-105.69071321699994,36.743647786000054],[-105.69169607399999,36.742273148000038],[-105.69361754399995,36.73958557900005],[-105.69562461599998,36.735254085000065],[-105.69852833699997,36.731191770000066],[-105.70172051799995,36.726064849000068],[-105.70439542599996,36.720289369000056],[-105.70631007499998,36.715272520000042],[-105.70827009399994,36.710598253000057],[-105.70966746199997,36.704932910000025],[-105.70860314099997,36.700173246000077],[-105.70575121299999,36.697204837000072],[-105.70460652499997,36.696013310000069],[-105.70243153799998,36.691979653000033],[-105.70174983599998,36.690715296000064],[-105.69893913499999,36.685759825000048],[-105.69456404899995,36.681978872000059],[-105.69052369499997,36.677475877000063],[-105.68823060099999,36.673168707000059],[-105.68884081899995,36.655096760000049],[-105.69221243999999,36.651340717000039],[-105.69555997299994,36.647996393000028],[-105.69676811599999,36.646789309000042],[-105.69966826699999,36.642727162000028],[-105.70350943699998,36.639276691000077],[-105.70782091499996,36.63613194900006],[-105.71119068999997,36.632375379000052],[-105.71550143299999,36.629230355000061],[-105.72070748999994,36.626354185000025],[-105.72591313899994,36.623477779000041],[-105.73301484199999,36.61870411600006],[-105.73770308499996,36.615178861000061],[-105.74154101899995,36.611727150000036],[-105.74307111899998,36.60708941300004],[-105.74328067199997,36.602219718000072],[-105.74396077099999,36.597655732000078],[-105.74506560499998,36.593054877000043],[-105.74574550899996,36.588490904000025],[-105.74722912099998,36.583510609000029],[-105.74951625499995,36.578113964000067],[-105.75151560199998,36.573781868000026],[-105.75261960199998,36.56918100200005],[-105.75287416299994,36.564653953000061],[-105.75223369699995,36.55985817100003],[-105.74984919499997,36.554867434000073],[-105.74920901299998,36.550071661000061],[-105.74852319599995,36.544933344000071],[-105.74844329699994,36.544334672000048],[-105.74747179699995,36.537054615000045],[-105.74815103099996,36.532490777000078],[-105.74911748999995,36.526862406000077],[-105.75055391499995,36.521539697000037],[-105.75255165799996,36.517207727000027],[-105.75339974999997,36.515526182000031],[-105.75492778799997,36.512496274000057],[-105.75608913099995,36.505118280000033],[-105.75757035599997,36.500138094000079],[-105.75730866599997,36.494963062000068],[-105.75530443099996,36.48959317200007],[-105.75414885999999,36.484149449000029],[-105.75338264499999,36.482726692000028],[-105.75129684199999,36.478853338000079],[-105.74929348799998,36.473483393000038],[-105.74700331999998,36.469177929000068],[-105.74428934199995,36.46490930300007],[-105.74360466499996,36.45977122000005],[-105.74292008399999,36.454633148000028],[-105.74308357799998,36.449421360000031],[-105.74239912999997,36.444283318000032],[-105.74218432999999,36.43945096300007],[-105.74460423999994,36.435082485000066],[-105.74612717299999,36.429050782000047],[-105.75274149299997,36.402842744000054],[-105.75332785999996,36.397594207000054],[-105.75415520199999,36.39093869900006],[-105.75431775699997,36.385727102000033],[-105.75527066599994,36.382828750000044],[-105.75584234599995,36.381089824000071],[-105.75736674199999,36.376452540000059],[-105.75879635399997,36.373346013000059],[-105.75936013999996,36.372120837000068],[-105.76083846299997,36.367141020000076],[-105.76414751899995,36.363040966000028],[-105.76651792199999,36.358329721000075],[-105.76955208099997,36.352174495000042],[-105.77239087999999,36.347768697000049],[-105.77636225499998,36.342224379000072],[-105.77873120499999,36.337512939000078],[-105.78067655299998,36.332838471000059],[-105.78351393899999,36.328432447000068],[-105.78757495399998,36.323572787000046],[-105.79107489499995,36.317722576000051],[-105.79489480299998,36.314269679000063],[-105.79924001499995,36.308345129000031],[-105.80249846499999,36.30390162100008],[-105.80486450699999,36.299189750000039],[-105.80812221199994,36.294746105000058],[-105.81137952399996,36.29030238100006],[-105.83082327999995,36.262953405000076],[-105.83510727099997,36.259804530000054],[-105.83972180099994,36.255933364000043],[-105.84391304299999,36.252099263000048],[-105.84810384899998,36.248265014000026],[-105.85229421799994,36.244430618000024],[-105.85770629999996,36.24014175800005],[-105.86105030099998,36.236381641000037],[-105.86434789799995,36.232278994000069],[-105.86891308399998,36.228064263000078],[-105.87220986899996,36.223961409000026],[-105.87644371199997,36.220468607000043],[-105.88072327999998,36.217318083000066],[-105.88627017199997,36.214055208000048],[-105.89148638199998,36.211514332000036],[-105.89679462899994,36.20965805600008],[-105.90374644799999,36.20730926400006],[-105.90989908599994,36.205377439000074],[-105.91529898899995,36.204205122000076],[-105.92224970399997,36.20185519100005],[-105.92764915299995,36.200682282000059],[-105.93380060799996,36.198749156000076],[-105.94004452699994,36.197500491000028],[-105.94661781699995,36.195529061000059],[-105.95183063199994,36.192985411000052],[-105.95662069599996,36.19047918900003],[-105.96282097299996,36.185767698000063],[-105.96751717099994,36.182576250000068],[-105.97329377599999,36.177901911000049],[-105.97784935699997,36.173682907000057],[-105.98278009899997,36.169083594000028],[-105.98921272699994,36.162963457000046],[-105.99390632799998,36.159770955000056],[-105.99667766699997,36.155017709000049],[-106.00094829199998,36.151862743000038],[-106.00334341599995,36.147489552000025],[-106.00831749199995,36.143231559000071],[-106.03191821399997,36.120090119000054],[-106.04001577099996,36.112145739000027],[-106.04410520399995,36.108132806000071],[-106.04567916799999,36.105427654000039],[-106.04687136699994,36.103378494000026],[-106.04963717399994,36.098624131000065],[-106.05230892599997,36.093185062000032],[-106.05423048599994,36.088506661000054],[-106.05647980799995,36.083105560000035],[-106.05794976699997,36.080414867000059],[-106.05886940799996,36.078731399000048],[-106.06205518699994,36.073938765000037],[-106.06402251599997,36.069602581000026],[-106.06734826599995,36.065836775000037],[-106.07053293699994,36.061043945000051],[-106.07249942399994,36.056707653000046],[-106.07446567899996,36.052371338000057],[-106.07675935099996,36.047312279000039],[-106.07909964999999,36.042595496000047],[-106.07994057999997,36.036281557000052],[-106.07928345899995,36.031489343000032],[-106.07835207599999,36.027271445000054],[-106.07815810599999,36.026392962000045],[-106.07771162099999,36.023135934000038],[-106.07740734999999,36.020916176000071],[-106.07696868799997,36.017715746000079],[-106.07665670699998,36.015439407000031],[-106.07773209799996,36.010837092000031],[-106.07828069199996,36.009136091000073],[-106.07912036599998,36.006532392000054],[-106.07922863199997,36.006196662000036],[-106.07974172899998,36.000605602000064],[-106.08198650899999,35.995204339000054],[-106.08390364099995,35.990525769000044],[-106.08577359399999,35.985504896000066],[-106.08811135799999,35.980788141000062],[-106.09002772599996,35.976109517000054],[-106.09147583199996,35.971126764000076],[-106.09334477899995,35.966105838000033],[-106.09530739899998,35.961769451000066],[-106.09797084099995,35.956329846000074],[-106.10030690299999,35.951612940000075],[-106.10205434699998,35.948404736000043],[-106.10268965699998,35.94723827200005],[-106.10465122799997,35.942901784000071],[-106.10703344199999,35.93852705200004],[-106.10852667199998,35.933886486000063],[-106.11090836599999,35.929511701000024],[-106.11286898599997,35.925175129000024],[-106.11302212099997,35.924893793000024],[-106.11525014299997,35.920800282000073],[-106.13387527699996,35.892075516000034],[-106.13718948599995,35.888308142000028],[-106.14092390699994,35.884502331000078],[-106.14345960599996,35.881619207000028],[-106.14423741699994,35.880734770000061],[-106.14792393899995,35.876586516000032],[-106.15022574099999,35.874632661000078],[-106.15249816699998,35.872703597000054],[-106.15608945299999,35.867870645000039],[-106.15958587199998,35.862353150000047],[-106.16331782899999,35.858546670000067],[-106.16653458499997,35.854094087000078],[-106.16933061699996,35.849679886000047],[-106.17506847299995,35.844996322000043],[-106.18005960699998,35.841073893000043],[-106.18626367499996,35.836693496000066],[-106.19293456599996,35.832616425000026],[-106.19764577299998,35.829758391000041],[-106.20445755999998,35.826707243000044],[-106.20958811499997,35.823810129000037],[-106.21546370499999,35.820151155000076],[-106.21919065999998,35.816342934000033],[-106.22286977299996,35.812192418000052],[-106.22743608999997,35.808306630000061],[-106.23148689299995,35.80377500600008],[-106.23609975099998,35.800231064000059],[-106.23940464399999,35.796460935000027],[-106.24130668099997,35.79178040000005],[-106.24362841999999,35.787061117000064],[-106.24548240399997,35.782038381000064],[-106.24565659999996,35.777170615000045],[-106.24868533199998,35.766125392000049],[-106.25101819899999,35.757615619000035],[-106.25264141199995,35.756403611000053],[-106.25525507099997,35.754451933000041],[-106.25949157899998,35.751288094000074],[-106.26363251399994,35.74743980900007],[-106.26641873499995,35.743023559000051],[-106.26747838599994,35.738420416000054],[-106.26890991199997,35.733436314000073],[-106.26954967299997,35.728872014000046],[-106.27140044499998,35.723849089000055],[-106.27310807099997,35.717799752000076],[-106.27500596099998,35.713118945000076],[-106.27601701399999,35.708173706000025],[-106.27599849299997,35.701937675000067],[-106.27610599099995,35.701169945000061],[-106.27663754599996,35.697373455000047],[-106.27858232899996,35.693034793000038],[-106.28131796499997,35.688276246000044],[-106.28492295599995,35.683935197000039],[-106.28568291899995,35.683019990000048],[-106.28898006699995,35.679248757000039],[-106.29138210699995,35.677278759000046],[-106.29469717499995,35.674559704000046],[-106.29887971599999,35.671052467000038],[-106.29935072299998,35.670650292000062],[-106.30343335799995,35.667164023000055],[-106.30460700899994,35.666237034000062],[-106.30840572999995,35.663236433000066],[-106.31370119799999,35.658585440000024],[-106.31699583499994,35.654813456000056],[-106.32070926799997,35.651002368000036],[-106.32400321099999,35.647230203000049],[-106.32813499099996,35.643379859000049],[-106.33142821799999,35.639607497000043],[-106.33499655999998,35.634769727000048],[-106.33782217399994,35.630694194000057],[-106.34213184599997,35.625093904000039],[-106.34560298899999,35.61957170200003],[-106.34796061399999,35.615193003000059],[-106.34943226999997,35.610550459000024],[-106.35001810799997,35.605644107000046],[-106.35026708499998,35.600539394000066],[-106.35070191399996,35.591622533000077],[-106.35122334299996,35.580927093000071],[-106.35190501099999,35.577944565000053],[-106.35225283799997,35.57642260800003],[-106.35227542299998,35.576323781000042],[-106.35229745999999,35.576139100000034],[-106.35238692799999,35.57538928300005],[-106.35286080199995,35.571417560000043],[-106.35344610299995,35.566511357000024],[-106.35277549699998,35.561722591000034],[-106.35205708699999,35.556591790000027],[-106.35175732899995,35.551421873000038],[-106.35197190499997,35.54689694700005],[-106.35460166999997,35.541453105000073],[-106.35784112899995,35.53733825200004],[-106.36112814799998,35.533565361000058],[-106.36478532499996,35.529411164000066],[-106.36713895899999,35.525032405000047],[-106.36991068699996,35.520614413000033],[-106.37037666299994,35.520033740000031],[-106.37351876999998,35.516117945000076],[-106.37703046399997,35.510937321000029],[-106.38026735199998,35.506821925000054],[-106.38345587999999,35.502364427000032],[-106.38674005099995,35.498590897000042],[-106.39042372099999,35.494796937000046],[-106.39118246599998,35.494015413000056],[-106.39399964699999,35.489938959000028],[-106.39402677599998,35.489907777000042],[-106.39728273499998,35.486165160000041],[-106.40093555799996,35.482009950000077],[-106.40421794099996,35.478235971000061],[-106.41050795499996,35.471753119000027],[-106.41425556999997,35.468281527000045],[-106.41916064499998,35.464007683000034],[-106.42322915699998,35.459812438000029],[-106.42604328599998,35.455735299000025],[-106.42969300599998,35.451579259000027],[-106.43334231899996,35.447423115000049],[-106.43708764299998,35.443950829000073],[-106.44162014999995,35.44005751800006],[-106.44531647299999,35.436243001000037],[-106.44943024899999,35.43238887800004],[-106.44984872799995,35.43203571600003],[-106.45359187499997,35.428876586000058],[-106.45775310499994,35.425364150000064],[-106.46705885699998,35.419316953000077],[-106.47417116299994,35.414693967000062],[-106.47727494199995,35.412676200000078],[-106.48334139399998,35.408731842000066],[-106.48682551999997,35.405463778000069],[-106.48745167799996,35.404876409000053],[-106.49165840099994,35.401704726000048],[-106.49581631599995,35.398190951000061],[-106.49862413699998,35.394112203000077],[-106.50170380199995,35.388967900000068],[-106.50436551199999,35.38386323900005],[-106.50805582799995,35.380046833000051],[-106.51304672599997,35.376453049000077],[-106.51725075299998,35.373280479000073],[-106.52192041399996,35.370409915000039],[-106.52663828799996,35.367881080000075],[-106.53255947599996,35.364890721000052],[-106.53889757699994,35.361860223000065],[-106.54444907199996,35.359250987000053],[-106.54985416699998,35.355615765000039],[-106.55405544899997,35.352441863000024],[-106.55722695699995,35.34798002000008],[-106.56086407099997,35.343820089000076],[-106.56315158499996,35.339096041000062],[-106.56543880999999,35.334371966000049],[-106.56897731899994,35.329528044000028],[-106.57120560099997,35.326477342000032],[-106.58177807399994,35.330757121000033],[-106.61404046299998,35.343807897000033],[-106.61909287399999,35.345601174000024],[-106.75012792199999,35.392000686000074],[-106.82445491799996,35.41727736200005],[-106.92095096299994,35.44393694200005],[-106.99643783399995,35.45633940700003],[-107.09219934599997,35.461235508000073],[-107.22453424799994,35.460533090000069],[-107.29346816099996,35.448685775000058],[-107.37511245099995,35.429757001000041],[-107.44934705899999,35.397663118000025],[-107.48325139999997,35.383588136000071],[-107.55510211999996,35.356789648000074],[-107.61445240699999,35.340907134000076],[-107.66282531699994,35.334897929000078],[-107.75118078099996,35.331550530000072],[-107.84449088599996,35.325789778000058],[-107.92873134699994,35.319723964000048],[-108.00498370299999,35.322307999000031],[-108.07462420699994,35.33280697500004],[-108.11278538099998,35.340594065000062],[-108.13329792699994,35.344773737000025],[-108.19310688799999,35.347833252000044],[-108.23141704199998,35.347815185000059],[-108.27302015099997,35.339870900000051],[-108.31520623299997,35.325505629000077],[-108.36078535599995,35.296251582000025],[-108.41258854099999,35.256009671000072],[-108.42452953599997,35.235039437000069],[-108.42472587499998,35.212073543000031],[-108.40923229299995,35.185445422000043],[-108.40219734399994,35.174164073000043],[-108.40375372599999,35.172479231000068],[-108.42925905699997,35.171109167000054],[-108.45316493199999,35.165687820000073],[-108.47777900699998,35.148104791000037],[-108.50200436999995,35.123917740000024],[-108.53365238799995,35.099179596000056],[-108.55368736999998,35.088516285000026],[-108.56903456299995,35.080343540000058],[-108.58293231399995,35.090829214000053],[-108.59939842199998,35.090451530000053],[-108.61581698399999,35.102758358000074],[-108.63459901599998,35.10301559800007],[-108.64969240399995,35.113961093000057],[-108.67676031999997,35.115371077000077],[-108.70475828799999,35.11576105100005],[-108.72261023199997,35.119131276000076],[-108.74155800499994,35.116029609000066],[-108.75876111099996,35.109200990000033],[-108.77024744099998,35.103336135000063],[-108.77730354299996,35.099495436000041],[-108.79372234299996,35.096678218000079],[-108.80908842499997,35.090960900000027],[-108.81207878899994,35.087689983000075],[-108.82114113299997,35.077775236000036],[-108.83431585499994,35.071101542000065],[-108.84187633899995,35.069804609000073],[-108.84537629199997,35.069204034000052],[-108.86806160299994,35.064433209000072],[-108.89336682999999,35.066297132000045],[-108.90895132499998,35.065069858000072],[-108.92026519399997,35.06041607800006],[-108.93939624799998,35.058464739000044],[-108.94839258899998,35.053174698000078],[-108.95857076199997,35.048348445000045],[-108.96072467899995,35.041750272000058],[-108.96930171699995,35.031976403000044],[-108.98552770299995,35.015556928000024],[-108.99279331799994,35.009863189000043],[-108.99259923699998,34.97937539000003],[-108.99883485799995,34.956282357000077],[-109.01467858399997,34.939902522000068],[-109.01747394199998,34.922352062000073],[-109.02592248999997,34.909869096000079],[-109.03026196099995,34.896967958000062],[-109.03084197399994,34.877264353000044],[-109.03230675299994,34.864705331000039],[-109.04080144199997,34.854701970000065],[-109.04172353099995,34.853615923000064],[-109.04185838699999,34.843933821000064],[-109.05689486299997,34.825225635000038],[-109.09489130699995,34.820207953000079],[-109.10581751599995,34.820349916000055],[-109.13420300899998,34.821780079000064],[-109.14844544499999,34.812819142000023],[-109.15734097899997,34.800148934000049],[-109.15878749199999,34.791757755000049],[-109.16975928899996,34.78753707900006],[-109.17614074199997,34.78386828500004],[-109.18111006599997,34.775535544000036],[-109.18797965799996,34.771323709000058],[-109.20149249699995,34.768243055000028],[-109.21040224599994,34.762333136000052],[-109.21101686599997,34.752591189000043],[-109.21557487199999,34.745272936000049],[-109.22446592099999,34.73598013700007],[-109.22489560799994,34.721910139000045],[-109.22591307099998,34.711152784000035],[-109.23660172799998,34.702124464000065],[-109.25100959499997,34.700861313000075],[-109.27131461899995,34.699846796000031],[-109.28150769299998,34.691356985000027],[-109.28991359699995,34.685983938000049],[-109.30226137299996,34.683030595000048],[-109.31522754099996,34.673715882000067],[-109.32782607899998,34.672179053000036],[-109.34394452699996,34.67069409800007],[-109.36366752899994,34.669732545000045],[-109.37516086899996,34.662040338000054],[-109.38279248499998,34.652402842000072],[-109.38936235599999,34.643378383000027],[-109.39938712899999,34.637313600000027],[-109.41417891099996,34.63694713700005],[-109.42908239999997,34.638498882000079],[-109.43974915599995,34.642504449000057],[-109.44980936099995,34.652869550000048],[-109.45810422599999,34.656682463000038],[-109.46586151399998,34.654275287000075],[-109.47382262499997,34.646523500000058],[-109.47932206399997,34.638107990000037],[-109.48922125799999,34.637852019000036],[-109.49903475099995,34.637122202000057],[-109.50733332299995,34.631259940000064],[-109.52272495599999,34.622583919000078],[-109.53782751899996,34.618776905000061],[-109.54995564899997,34.621140000000025],[-109.56537498899996,34.625510681000037],[-109.57627480699995,34.627540229000033],[-109.58868783699995,34.625027836000072],[-109.60458642899994,34.619177656000033],[-109.62020237199994,34.618196501000057],[-109.64105182899999,34.617042455000046],[-109.65678774799994,34.619910275000052],[-109.66791509599994,34.635929055000076],[-109.67710301299996,34.63816358300005],[-109.70812996199999,34.631851453000024],[-109.72009149699994,34.633250231000034],[-109.74068213899994,34.630658937000078],[-109.75872196599994,34.626934102000064],[-109.78189908699994,34.628846132000035],[-109.79834907399999,34.629185588000041],[-109.81184726499998,34.635701908000044],[-109.82618283699998,34.643562240000051],[-109.83951044299994,34.649129866000067],[-109.84975934499994,34.657022322000046],[-109.85560947699997,34.666440436000073],[-109.85789554399997,34.678730389000066],[-109.85930167199996,34.69258387800005],[-109.86379136699998,34.697820256000057],[-109.87501781999998,34.698329562000026],[-109.88974557899996,34.703473243000076],[-109.90306451199996,34.704197498000042],[-109.92045530199999,34.703191262000075],[-109.93575813499996,34.706683209000062],[-109.95227182299999,34.708808612000041],[-109.96493717699997,34.71384378700003],[-109.96954239699994,34.722248455000056],[-109.97186472099997,34.729936953000049],[-109.98142062299996,34.736336729000072],[-109.98832769599994,34.737993226000071],[-110.00906253499994,34.731342279000046],[-110.01831674099998,34.733784818000061],[-110.02526261299994,34.737975230000075],[-110.02616929599998,34.745119245000069],[-110.02525369499995,34.765929435000032],[-110.02679078799997,34.774081890000048],[-110.03391315199997,34.781517218000033],[-110.03594805299997,34.789968963000035],[-110.03789871899994,34.804966612000044],[-110.04179842499997,34.81862503900004],[-110.04384605099995,34.831795493000072],[-110.05207567099995,34.84271960500007],[-110.06181450199995,34.847640064000075],[-110.06686441499994,34.855704766000031],[-110.07109515399998,34.86641654400006],[-110.08300204599999,34.875777323000079],[-110.10188801699996,34.882422223000049],[-110.11614948699997,34.880945910000037],[-110.12957578899994,34.877396714000042],[-110.15587044499995,34.881259914000054],[-110.16283768899996,34.885442318000059],[-110.17218357199994,34.888226746000043],[-110.18386416099997,34.887075983000045],[-110.19622499399998,34.882566977000067],[-110.20625190599998,34.881991502000062],[-110.22539960299997,34.885314064000056],[-110.23526402899995,34.890786424000055],[-110.24395699799999,34.894739847000039],[-110.25631780199996,34.89712509800006],[-110.26168601099994,34.904416501000071],[-110.27076914899999,34.912676318000024],[-110.28288697499994,34.918360109000048],[-110.30512985099995,34.919813460000057],[-110.31048410999995,34.92928497500003],[-110.31960388399995,34.942260014000055],[-110.33976960599995,34.946159004000037],[-110.35462491799996,34.943121674000054],[-110.36486447599998,34.943594698000027],[-110.37255401799996,34.949124897000047],[-110.38294588399998,34.957206327000051],[-110.39174106699994,34.959320286000036],[-110.40936783699999,34.959181303000037],[-110.41959277999996,34.961831661000076],[-110.43035141799999,34.960413800000026],[-110.44658215499999,34.955365714000038],[-110.45889035599998,34.957374142000049],[-110.46696526799997,34.960304318000055],[-110.47608625199996,34.957281350000073],[-110.49203641899999,34.950809609000032],[-110.50651088699999,34.950345423000044],[-110.52040034599997,34.962676668000029],[-110.53623779699996,34.97365794600006],[-110.55160662199995,34.979975129000024],[-110.56258701999997,34.977424517000031],[-110.57275026399998,34.979706533000069],[-110.57857307399996,34.98910830300008],[-110.59022649299999,34.994461876000059],[-110.59990462799999,34.994262092000042],[-110.61560816699995,34.993257192000044],[-110.62232078599999,34.998176819000037],[-110.62334631699997,35.007854480000049],[-110.62480263199996,35.01747473100005],[-110.63221732499994,35.025935679000042],[-110.64093621399996,35.032040929000061],[-110.64693278399994,35.037782726000046],[-110.64661055299996,35.045096510000064],[-110.64814062399995,35.055071002000034],[-110.65399945999997,35.060104195000065],[-110.65841639499996,35.066784330000075],[-110.66045957699998,35.074872722000066],[-110.65862538599998,35.083479902000079],[-110.65942606099998,35.096461000000033],[-110.66198140999995,35.102663398000061],[-110.66275305199997,35.106559438000033],[-110.65857306399994,35.110027000000059],[-110.65052366999998,35.111830130000044],[-110.64304507899999,35.114283507000039],[-110.64007619099999,35.119406256000048],[-110.64118647899994,35.127256350000039],[-110.65071014499995,35.132892114000072],[-110.65916237599998,35.137579771000048],[-110.66295265299999,35.141072439000027],[-110.66521899299994,35.148041095000053],[-110.66849868399999,35.153419935000045],[-110.67185891799994,35.156970029000036],[-110.67010414299995,35.163749419000055],[-110.67050587499995,35.170240429000046],[-110.67239304699996,35.181986880000068],[-110.67926700799995,35.187612406000028],[-110.68470445199995,35.194920738000064],[-110.69534170199995,35.194951266000032],[-110.70884964099997,35.196050554000067],[-110.72912044799995,35.195513431000052],[-110.74002454299995,35.201322312000059],[-110.74898455099998,35.215440753000053],[-110.75256392699998,35.222717971000066],[-110.76588810399994,35.229072808000069],[-110.77100583499998,35.235754985000028],[-110.77510571699997,35.25726540800008],[-110.77196072099997,35.262958496000067],[-110.76859383199997,35.269052224000063],[-110.76136481099996,35.279480102000036],[-110.75450983499996,35.285129084000062],[-110.74985433299997,35.299574598000049],[-110.74427745699995,35.309415449000028],[-110.74365744599999,35.321864328000061],[-110.74367400199998,35.337501277000058],[-110.74009795299997,35.350710499000058],[-110.73098588399995,35.360660603000042],[-110.72008763299999,35.366120727000066],[-110.71414857699995,35.374189472000069],[-110.71314602399997,35.375998523000078],[-110.70957655499996,35.38243867500006],[-110.70141934399999,35.386075095000024],[-110.69418794199999,35.392132988000071],[-110.68444881999994,35.394524489000048],[-110.67943955199996,35.402830355000049],[-110.67215394499999,35.404165829000078],[-110.66183830999995,35.421542690000024],[-110.65511387599997,35.425711427000067],[-110.64919459099997,35.427226800000028],[-110.64337300899996,35.438184281000076],[-110.63578009599996,35.442467093000062],[-110.62799235699998,35.448011638000025],[-110.62701131699998,35.456506321000063],[-110.62854722499998,35.466485056000067],[-110.62913573799995,35.478408148000028],[-110.62531300099994,35.489899133000051],[-110.62495861399998,35.490964226000074],[-110.61819149099995,35.501681722000058],[-110.61702205999995,35.51820245600004],[-110.61680337599995,35.530047477000039],[-110.61671915399995,35.534608438000078],[-110.61945141699999,35.55061216100006],[-110.62442377699995,35.566682804000038],[-110.62156494299995,35.574699695000049],[-110.61360578799997,35.590666491000036],[-110.59807910399996,35.602178681000055],[-110.58379185099994,35.610978522000039],[-110.57205301999994,35.625913229000048],[-110.55834579799995,35.633177661000047],[-110.54093833299999,35.642018661000066],[-110.53666699299998,35.654218774000071],[-110.52848500599998,35.66693332300008],[-110.52967545999996,35.684233075000066],[-110.52807712099997,35.696444751000058],[-110.51921367899996,35.705778796000061],[-110.50913746899994,35.715808117000051],[-110.49529760299998,35.729577809000034],[-110.45529287599999,35.75481860900004],[-110.43003915799994,35.77387561300003],[-110.41662397899995,35.798352737000073],[-110.40529169299998,35.810738195000056],[-110.37907962199995,35.825056794000034],[-110.36696905299999,35.835417284000073],[-110.35424641399999,35.846279700000025],[-110.32273496299996,35.858724341000027],[-110.30499041999997,35.863927281000031],[-110.29112265299995,35.872989761000042],[-110.27162925999994,35.878412402000038],[-110.25997818599996,35.88282180300007],[-110.25362513899995,35.886867361000043],[-110.24924396999995,35.889656784000067],[-110.24727579199998,35.911723650000056],[-110.25747399499994,35.936589045000062],[-110.26572046299998,35.949052593000033],[-110.27964918099997,35.970093526000028],[-110.30413798599994,35.999298817000067],[-110.33402475899999,36.028531901000065],[-110.36577100499994,36.055701618000057],[-110.40118130799999,36.080013904000054],[-110.40409426699995,36.08201271400003],[-110.43690109199997,36.10066609900008],[-110.48847192499994,36.123413782000057],[-110.51350795499997,36.13433264400004],[-110.54750651899997,36.145165042000031],[-110.58989017199997,36.155688079000072],[-110.61381734199995,36.160911912000074],[-110.65391413599997,36.166182860000049],[-110.68948307099998,36.175678178000055],[-110.72180285499996,36.180134871000064],[-110.74647087399995,36.186690430000056],[-110.75584122499998,36.17307168800005],[-110.76366022899998,36.165117511000062],[-110.76587448899994,36.156088026000077],[-110.77251595599995,36.151201236000077],[-110.77596794099998,36.141642813000033],[-110.78146016299996,36.131084702000066],[-110.79554384199997,36.118653542000061],[-110.81092712899999,36.108230564000053],[-110.82216043799997,36.097267353000063],[-110.83725285799994,36.083238746000063],[-110.85204701399999,36.069975409000051],[-110.86392087499996,36.060012954000058],[-110.86706446099998,36.051219538000055],[-110.87908956799998,36.043345909000038],[-110.87976106999997,36.033427578000044],[-110.88305687499997,36.018788952000079],[-110.88462163799994,36.016200186000049],[-110.89143647699996,36.004923320000046],[-110.89683646199995,35.98963733000005],[-110.90156940499998,35.982084813000029],[-110.90076399699996,35.936329021000063],[-110.90412645899994,35.919860774000028],[-110.91371962599999,35.909833018000029],[-110.91801029399994,35.902338935000046],[-110.91773506899995,35.890000219000058],[-110.92580016499994,35.879084894000073],[-110.93067650399996,35.863503206000075],[-110.93199552799996,35.850221453000074],[-110.92867045699995,35.840478622000035],[-110.92969175899998,35.834516996000048],[-110.94021647799997,35.820356028000049],[-110.94221617899996,35.788491993000036],[-110.95830884099996,35.775395525000079],[-110.96592088599999,35.764537140000073],[-110.96752071399999,35.752672834000066],[-110.96166207399995,35.741455100000053],[-110.94451244099997,35.729582019000077],[-110.93880321199998,35.719071708000058],[-110.93946982399996,35.70260358400003],[-110.94636014799994,35.683837283000059],[-110.97082152199994,35.668147356000077],[-110.99975666899996,35.648202952000076],[-111.00635880699997,35.641037449000066],[-111.01194789699997,35.634970083000042],[-111.02727459699997,35.631427061000068],[-111.03789940199999,35.624519016000079],[-111.04505287399996,35.618083394000053],[-111.04811713499998,35.626672141000029],[-111.05402540499995,35.633752598000058],[-111.06355246099997,35.643978953000044],[-111.07030768299995,35.651550091000047],[-111.07260750599994,35.662763398000038],[-111.07213907799996,35.678602048000073],[-111.08118970799995,35.686466529000029],[-111.09024630899995,35.697970277000024],[-111.10147192999995,35.705536475000031],[-111.11474922499997,35.712214233000054],[-111.12428902299996,35.718796041000076],[-111.13057075999996,35.724003396000057],[-111.13155597399998,35.736004662000028],[-111.13495670599997,35.748888743000066],[-111.14268971399997,35.753897119000044],[-111.14342703199998,35.761078127000076],[-111.14718278499998,35.768452204000027],[-111.15671565099996,35.778553703000057],[-111.16879865199996,35.782964194000044],[-111.19439918199998,35.784301667000079],[-111.20069140599998,35.789505347000045],[-111.20132191499994,35.799736328000051],[-111.20291213199994,35.807407669000042],[-111.21415570799996,35.811322893000067],[-111.22913447199994,35.811687721000055],[-111.23749354999995,35.819640173000039],[-111.24247695099996,35.82927180400003],[-111.24758439599998,35.839493357000038],[-111.25799998199994,35.846554517000072],[-111.26874784299997,35.844463721000068],[-111.26907804699999,35.835312763000047],[-111.27666648499996,35.828801094000028],[-111.29322121499996,35.82954707600004],[-111.30171237099995,35.83808484900004],[-111.30297327699998,35.85126572300004],[-111.30289363999998,35.86159693500008],[-111.31333265699999,35.872293505000073],[-111.32952712299999,35.871264088000032],[-111.34731113299995,35.87426156600003],[-111.35871347499994,35.88239287500005],[-111.36154177499998,35.892321654000057],[-111.36208910299996,35.905603111000062],[-111.36771368399997,35.918179689000056],[-111.38163613799998,35.920495456000026],[-111.39135058899996,35.927645434000056],[-111.39980640499999,35.925254572000028],[-111.41829112199997,35.920858748000057],[-111.42040355799998,35.930887391000056],[-111.42506585999996,35.942382544000054],[-111.43493286299997,35.953759438000077],[-111.43970206899996,35.96220340900004],[-111.44264740099999,35.969079949000047],[-111.45237414499996,35.976224886000068],[-111.45919956099999,35.983774378000078],[-111.46324759799995,35.992318867000051],[-111.48219008699999,36.00060426500005],[-111.50814646199996,36.006690499000058],[-111.51800969299995,36.014419786000076],[-111.52762441499999,36.020968565000032],[-111.54645602499994,36.028653408000025],[-111.56020826899999,36.037049178000075],[-111.56847518299998,36.040747464000049],[-111.57872650799999,36.05024101600003],[-111.58620077799998,36.060732169000062],[-111.59968242299999,36.064302754000039],[-111.61446220699997,36.063436350000075],[-111.62744106299999,36.064644542000053],[-111.63868227099999,36.075209837000045],[-111.64616759699999,36.085697174000074],[-111.66120404599997,36.086004056000036],[-111.67917980699997,36.089538859000072],[-111.68885224099995,36.099715125000046],[-111.69890776999995,36.111659694000025],[-111.70511302499995,36.126579904000039],[-111.70841273799999,36.141911810000067],[-111.70965929699997,36.158142407000071],[-111.70685420699999,36.169477725000036],[-111.71358310999995,36.182623344000035],[-111.72219892899994,36.194772510000064],[-111.72825306799996,36.205461343000024],[-111.73905714699998,36.217300098000067],[-111.75466754099995,36.223594497000079],[-111.77233639399998,36.228986969000061],[-111.79077437799998,36.237914492000073],[-111.82034370499997,36.253156445000059],[-111.83348749699996,36.254930510000065],[-111.82748087399995,36.240449560000059],[-111.82304730999999,36.213120880000076],[-111.82245840099995,36.198313039000027],[-111.82816229199994,36.176225769000041],[-111.83208319899995,36.163205952000055],[-111.84345890699996,36.151734930000032],[-111.85953684699996,36.146397817000036],[-111.87982368599995,36.143190858000025],[-111.88717542599994,36.133931549000067],[-111.89230186199995,36.121343309000054],[-111.89866658299997,36.111008602000027],[-111.91584361599996,36.107327740000073],[-111.92673541299996,36.100595980000037],[-111.94564176399996,36.099701115000073],[-111.96211642199995,36.105840704000059],[-111.97223388099997,36.114414484000065],[-111.99245078099995,36.116059226000061],[-112.00796251199995,36.115036029000066],[-112.02642561899995,36.125744551000025],[-112.03573664399994,36.132302593000077],[-112.04899368099996,36.134640571000034],[-112.06387371699998,36.144343024000079],[-112.07518756399998,36.146351788000061],[-112.08673861499994,36.156230633000064],[-112.09663298399994,36.168781831000047],[-112.10531894299999,36.174149584000077],[-112.11514717499995,36.177891314000078],[-112.13212373199997,36.176639664000049],[-112.14259630499998,36.174811748000025],[-112.16861053499997,36.177104277000069],[-112.18300626399997,36.177741625000067],[-112.19911087699995,36.182689550000077],[-112.21176843099994,36.195742979000045],[-112.22062897199999,36.210263435000059],[-112.22841287499995,36.218249809000042],[-112.23904595599998,36.222169006000058],[-112.25814200299999,36.223630955000033],[-112.27102774299999,36.224175528000046],[-112.27806006899999,36.23044460300008],[-112.28036428999997,36.240753328000039],[-112.28465337199998,36.249858373000052],[-112.29658269999999,36.25449573800006],[-112.30177535499996,36.260912589000043],[-112.30676355199995,36.268089512000074],[-112.31072750199996,36.275721093000072],[-112.32084388499999,36.280623137000077],[-112.33321083999999,36.282151087000045],[-112.34088244599997,36.286194336000051],[-112.34723206499996,36.291040319000047],[-112.35963477699994,36.294385964000071],[-112.37428633299999,36.29435619800006],[-112.38410837299995,36.292907353000032],[-112.39055562999994,36.289825918000076],[-112.39984836499997,36.289366534000067],[-112.41016577399995,36.288450633000025],[-112.41634583499996,36.284189856000069],[-112.41987802699998,36.27819031000007],[-112.42046554299998,36.270800521000069],[-112.42081870199996,36.260706858000049],[-112.42497501599996,36.252484676000051],[-112.42896622799998,36.245199552000031],[-112.43189747899999,36.236549761000049],[-112.44064259599998,36.227038371000049],[-112.45873001999996,36.214010047000045],[-112.46737756299996,36.209074816000054],[-112.47673225599999,36.212250005000044],[-112.48309075099996,36.220434570000066],[-112.48416974499997,36.231838228000072],[-112.47979105099995,36.240705306000052],[-112.47650779599996,36.252756936000026],[-112.47672581799998,36.263680015000034],[-112.48064668999996,36.274357768000073],[-112.48442891199994,36.281099957000038],[-112.49501792899997,36.284700611000062],[-112.50980108499999,36.285241993000056],[-112.52323427899995,36.288112879000039],[-112.52929928299994,36.293297089000077],[-112.53071253399997,36.302826159000062],[-112.52613455099998,36.310812263000059],[-112.50555522999997,36.324525246000064],[-112.49598239999995,36.33538214500004],[-112.47969159999997,36.34814760200004],[-112.46045203299997,36.362868443000025],[-112.45537031599997,36.373663843000031],[-112.44981572299997,36.379050975000041],[-112.43529296399998,36.389720190000048],[-112.43113003999997,36.39794349400006],[-112.42696618499997,36.406166684000027],[-112.41972539299996,36.41910438900004],[-112.42136163099997,36.431339802000025],[-112.42908891999997,36.437198151000075],[-112.43694651499999,36.440297948000079],[-112.45832817699994,36.453205772000047],[-112.47690538699999,36.462021550000031],[-112.49449027499998,36.469764583000028],[-112.50842541699996,36.474698753000041],[-112.51956367099996,36.473958959000072],[-112.53182462099994,36.47152926900003],[-112.54481381399995,36.468989842000042],[-112.56182155499994,36.469199193000065],[-112.57262232999994,36.466982091000034],[-112.58309705399995,36.466639002000079],[-112.59715863899999,36.452839800000049],[-112.61133036199999,36.448897677000048],[-112.62657921599998,36.449663695000027],[-112.63437964299999,36.444235025000069],[-112.63653898999996,36.437214078000068],[-112.64660423299995,36.435098913000047],[-112.65947668499996,36.438651543000049],[-112.66521361299999,36.438035520000028],[-112.66956717499994,36.433363960000065],[-112.67092383799996,36.425487880000048],[-112.66629235699997,36.421067160000064],[-112.66404037599995,36.41519362400004],[-112.67314978599995,36.407616580000024],[-112.68227580999996,36.404055110000058],[-112.69222463299997,36.398176954000064],[-112.69668624399998,36.392026111000064],[-112.70294470599998,36.387797212000066],[-112.71310287399996,36.384808319000058],[-112.72510935799994,36.385924942000031],[-112.74077313399999,36.387220218000039],[-112.74899021599998,36.385616520000042],[-112.75306149399995,36.381713999000056],[-112.75528161199998,36.373705458000074],[-112.75845594599997,36.365918307000072],[-112.77423207199996,36.35988283100005],[-112.78964638999997,36.360111921000055],[-112.79873246999995,36.358372628000041],[-112.80866578999996,36.352484342000025],[-112.81925124999998,36.349419859000079],[-112.83414525499995,36.349355864000074],[-112.84497471999998,36.347348174000047],[-112.85176618299994,36.341566457000056],[-112.85659242499997,36.333158705000073],[-112.85969925199998,36.323184358000049],[-112.86245090299997,36.313629307000042],[-112.87032726399997,36.304757173000041],[-112.88076568799994,36.299149452000051],[-112.88929786199998,36.298947690000034],[-112.89925065799997,36.302915025000061],[-112.91239620099998,36.308953770000073],[-112.92387497199996,36.30976256200006],[-112.93679452599997,36.307060506000028],[-112.94728581599998,36.303631065000047],[-112.95887086299996,36.302957763000052],[-112.96765040099996,36.303808955000079],[-112.98094473599997,36.298850693000077],[-112.98941773799999,36.296456879000061],[-112.99852693999998,36.298717434000025],[-113.01114790499997,36.298611014000073],[-113.01899579399998,36.297407454000052],[-113.03438253599995,36.291755546000047],[-113.04391253599999,36.28809807600004],[-113.07066388299995,36.288932657000032],[-113.08270264599997,36.286348007000072],[-113.09252051399994,36.280082059000051],[-113.09584198799996,36.271160153000039],[-113.09669418599998,36.257499759000041],[-113.10013879099995,36.245267812000066],[-113.11171248199997,36.236900133000063],[-113.12504784299995,36.234109314000079],[-113.14060306499999,36.234995897000033],[-113.15117732199997,36.230068957000071],[-113.16649497199995,36.220383530000049],[-113.17990856499995,36.217939016000059],[-113.19314525899995,36.224297304000061],[-113.20988569199994,36.228281720000041],[-113.23019925599999,36.222564875000046],[-113.25298666699996,36.221579296000073],[-113.26623016499997,36.218418992000068],[-113.27793018299997,36.203061329000036],[-113.27700738199997,36.189671735000047],[-113.28322914599994,36.174070091000033],[-113.28521525699995,36.155837372000065],[-113.27969232199996,36.142069142000025],[-113.28027426199998,36.125519205000046],[-113.27166139799999,36.108210729000064],[-113.27271344799999,36.09743992600005],[-113.28033369799999,36.089666360000024],[-113.28026442999999,36.07797336200008],[-113.27466466599998,36.063852982000071],[-113.26803138499997,36.049162785000078],[-113.26754651699997,36.035706752000067],[-113.27010075499999,36.021776002000024],[-113.27616063899995,36.013148661000059],[-113.28518983799995,36.001861975000054],[-113.28745664199994,35.990535524000052],[-113.28633317799995,35.972498411000061],[-113.28289273599995,35.959871128000032],[-113.28570812899994,35.945167651000077],[-113.28987450799997,35.934275301000071],[-113.29035299699996,35.919206282000061],[-113.28823075499997,35.904544901000065],[-113.28839468099994,35.895742417000065],[-113.29720896899994,35.887412537000046],[-113.30975349399995,35.877764986000045],[-113.31398063099999,35.86905588500008],[-113.32993132899998,35.854847610000036],[-113.34558090799999,35.845072365000078],[-113.35822199299997,35.843448587000069],[-113.36912495899998,35.842828637000025],[-113.37391571299997,35.838416263000056],[-113.38438870499999,35.825792540000066],[-113.39730408999998,35.821560103000024],[-113.40866776199999,35.816473773000041],[-113.42120578899994,35.816321304000041],[-113.43321444399999,35.817714319000061],[-113.44445431599996,35.817764619000059],[-113.45423956399998,35.815483561000065],[-113.46651301799994,35.816099496000049],[-113.47548184499999,35.819798994000053],[-113.48697501099997,35.82090239200005],[-113.49717027399998,35.822210750000067],[-113.51235833199996,35.827480992000062],[-113.53374653099996,35.837983107000071],[-113.54790551199994,35.842681436000078],[-113.55981740099998,35.847370387000069],[-113.56452310199995,35.857597668000039],[-113.57292089499998,35.873823066000057],[-113.59094317199998,35.88705006400005],[-113.60923501599996,35.899500377000038],[-113.62550653199997,35.899828814000045],[-113.63660368499995,35.89549291600008],[-113.64139656599997,35.887406810000073],[-113.64705428699995,35.879181960000039],[-113.65581216099997,35.87448598900005],[-113.66515196499995,35.875917708000031],[-113.68155739099996,35.88609780400003],[-113.69071005099994,35.892315892000056],[-113.69901007599998,35.895010146000061],[-113.70886607899996,35.898552102000053],[-113.71317374099999,35.905180907000044],[-113.72050285299997,35.914984705000052],[-113.73510139999996,35.926914360000069],[-113.74579632799998,35.943131670000071],[-113.75147689999994,35.957227018000026],[-113.75383211799999,35.98540280800006],[-113.76680173399996,35.997960112000044],[-113.78228359999997,36.013407259000076],[-113.78677275399997,36.022569600000054],[-113.78839412999997,36.03536705700003],[-113.79467664899994,36.045095083000035],[-113.80529687499995,36.055344572000024],[-113.81494148699994,36.062821635000034],[-113.81984483999997,36.070574734000047],[-113.82740303799994,36.083026008000047],[-113.83988605999997,36.092241255000033],[-113.85081017799996,36.101219177000075],[-113.85821183299998,36.105638724000073],[-113.86306992299995,36.108271721000051],[-113.89773750299997,36.117801713000063],[-113.91440284199996,36.126822473000061],[-113.92169384699997,36.136872918000051],[-113.93014483599995,36.146735211000077],[-113.94021930499997,36.15096180200004],[-113.94577870199998,36.158850732000076],[-113.95018143499999,36.169369308000057],[-113.95933586299998,36.182047160000025],[-113.97046142199997,36.190497374000074],[-113.97803333299998,36.192648933000044],[-113.98796054099995,36.195468789000074],[-113.99908534999997,36.196590351000054],[-114.01126001299997,36.204378576000067],[-114.04590583999999,36.191286329000036],[-114.05657294799994,36.177821425000047],[-114.07234921099996,36.15765788300007],[-114.08098994299996,36.134261565000031],[-114.09936157199996,36.117331591000038],[-114.10625394199997,36.094218227000056],[-114.12461905799995,36.080947222000077],[-114.12424070299994,36.068551270000057],[-114.13166584499999,36.054874392000045],[-114.13992497899994,36.051930467000034],[-114.15163977599997,36.048083880000036],[-114.16790232499994,36.048185070000045],[-114.18869398399994,36.041097080000043],[-114.20881788999998,36.042177147000075],[-114.22327019099998,36.056650661000049],[-114.24066697099994,36.068438023000056],[-114.25750783599995,36.070786034000037],[-114.27093145299995,36.084693179000055],[-114.27796943699997,36.105521245000034],[-114.27840763199998,36.125242425000067],[-114.30310687399998,36.133617270000059],[-114.33680361399996,36.134629442000062],[-114.35161336999994,36.143169314000033],[-114.37423579999995,36.150409244000059],[-114.39470298299995,36.145537827000055],[-114.42563422899997,36.121317392000037],[-114.44820652999999,36.121216875000073],[-114.46787256299996,36.127465075000032],[-114.49343369499996,36.13199025800003],[-114.52187111599994,36.126492306000046],[-114.56229317499998,36.12190713800004],[-114.58352323699995,36.127140208000071],[-114.60765091099995,36.126012444000025],[-114.63004409799998,36.12517196400006],[-114.64983628899995,36.124766199000078],[-114.66782217399998,36.117324758000052],[-114.67337782799996,36.116068254000027],[-114.67905047699998,36.114784963000034],[-114.68995984699995,36.112316066000062],[-114.70656918199995,36.109503160000031],[-114.71787506199996,36.097802571000045],[-114.71924360599996,36.076778963000038],[-114.71240455199995,36.05898239000004],[-114.70208053199997,36.039331216000051],[-114.68902739999999,36.020754285000066],[-114.68568686299994,36.004811587000063],[-114.69220270699998,35.992089827000029],[-114.69426107499999,35.983348438000064],[-114.69580154799996,35.976805081000066],[-114.68888907999997,35.964526125000077],[-114.67819496499999,35.949219976000052],[-114.67546849299998,35.944112698000026],[-114.66951653699999,35.932960773000048],[-114.66756455299998,35.910670966000055],[-114.65958330599994,35.891237726000043],[-114.65160625399994,35.871804212000029],[-114.63835367199999,35.858155071000056],[-114.63704057499996,35.841261303000067],[-114.64418251999996,35.819267554000078],[-114.63711489199994,35.803349546000049],[-114.62498821799994,35.785232575000066],[-114.62385715099998,35.771976935000055],[-114.62991473399995,35.757503395000072],[-114.63689565799996,35.749596348000068],[-114.63573427599999,35.733289931000058],[-114.63142949699994,35.719350575000078],[-114.62682767099994,35.704239451000035],[-114.63015584499999,35.690839751000055],[-114.62627407399998,35.675607144000026],[-114.62408700299994,35.667022041000052],[-114.62269231599998,35.661546329000032],[-114.62715639599998,35.646731941000041],[-114.62243893799996,35.634086741000033],[-114.61500208099994,35.622514236000029],[-114.60640316799999,35.609305428000027],[-114.59953970899994,35.59702462000007],[-114.60603452099997,35.584312089000036],[-114.60822481899999,35.57232940800003],[-114.60049869399995,35.55958488300007],[-114.59077343599995,35.547790492000047],[-114.59222152599995,35.532879286000025],[-114.60316011799995,35.520024034000073],[-114.61404970199999,35.507894688000079],[-114.61481134199994,35.507046153000033],[-114.62272823799998,35.494090245000052],[-114.61829093599999,35.479567494000037],[-114.61340913399999,35.463287425000033],[-114.59892607199998,35.447416944000054],[-114.58450221099997,35.437645803000066],[-114.57264832599998,35.426215593000052],[-114.56688846499998,35.414950889000067],[-114.56230076999998,35.405976047000024],[-114.55644971999999,35.391694692000044],[-114.53925498299998,35.373838159000059],[-114.53240392399999,35.351825867000059],[-114.53800632599996,35.336215277000065],[-114.53564032599996,35.326842359000068],[-114.52909611599995,35.310358822000069],[-114.51595717099997,35.291645367000058],[-114.51971076099994,35.259246871000073],[-114.51582675099996,35.237916469000027],[-114.52277520999996,35.212306643000034],[-114.52582909799997,35.200794398000028],[-114.52568495899999,35.182495553000024],[-114.52583580399994,35.165368491000038],[-114.53936327399998,35.142304846000059],[-114.56183294999994,35.131154339000034],[-114.58203613599994,35.12282771200006],[-114.59338682599997,35.11478483500008],[-114.60040539299996,35.101371277000055],[-114.59395278699998,35.08170433500004],[-114.58043395499999,35.069350752000048],[-114.58454925999996,35.050325754000028],[-114.59701710199994,35.040869035000071],[-114.61045023899999,35.028098176000071],[-114.61737695399995,35.021510682000041],[-114.62717272199995,35.001511612000058],[-114.62149733699999,34.973164700000041],[-114.60396741299996,34.956618227000035],[-114.55314625999995,34.943309020000072],[-114.53528130299998,34.933599985000058],[-114.52873092999994,34.92641117200003],[-114.51649421799999,34.920190167000044],[-114.50345248699995,34.920210853000071],[-114.49027539699995,34.917322327000079],[-114.48657441799998,34.909647784000072],[-114.48924682199998,34.901378630000067],[-114.49818742299999,34.890920085000062],[-114.50154374999994,34.883022569000047],[-114.49983287799995,34.87501022400005],[-114.49399483099995,34.870630594000033],[-114.48310934899996,34.86857414800005],[-114.47596897799997,34.864903620000064],[-114.47436968699998,34.856140018000076],[-114.47051500699996,34.850201707000053],[-114.46382820199995,34.845965426000078],[-114.45961526999997,34.837401852000028],[-114.45885374899996,34.826054604000035],[-114.45555309199995,34.817580560000067],[-114.44699052499999,34.812930089000076],[-114.44099326899999,34.809064655000043],[-114.43527254399999,34.803931290000037],[-114.43270257299997,34.79362429300005],[-114.42861289699999,34.785528519000025],[-114.41932516299994,34.778656179000052],[-114.41383380899998,34.773239480000029],[-114.41206108799997,34.76255371600007],[-114.40932849799998,34.752763267000034],[-114.39967672399996,34.744878070000027],[-114.38957588099998,34.737556737000034],[-114.38681080599997,34.731189766000057],[-114.38903682999995,34.723489280000024],[-114.39325560699996,34.716671655000027],[-114.39475340599995,34.710803200000043],[-114.38765404499998,34.701265318000026],[-114.37827333399997,34.68967278100007],[-114.36811691099996,34.680896411000049],[-114.36718953899998,34.667628505000039],[-114.36639256999996,34.657267766000075],[-114.36201336799996,34.645561076000035],[-114.34964212799997,34.634963132000053],[-114.34155775499994,34.629741015000036],[-114.33214792699999,34.620349621000059],[-114.32147261299997,34.607023004000041],[-114.31964048099996,34.592446048000056],[-114.32082928699998,34.569793695000044],[-114.31996330299995,34.555542234000029],[-114.31447099399998,34.545245603000069],[-114.30514482199999,34.53852521400006],[-114.28663164999995,34.512469130000056],[-114.26446168199999,34.481076785000027],[-114.25042903399998,34.46953708500007],[-114.22309869199995,34.457796686000052],[-114.19583844099998,34.447502877000034],[-114.18106928399999,34.43047131600008],[-114.18030013299995,34.416502268000045],[-114.18217822199995,34.402527592000069],[-114.17551282099998,34.387306200000069],[-114.16949489299998,34.379537084000049],[-114.16783074899996,34.371524283000042],[-114.15848550799996,34.365777408000042],[-114.14808224999996,34.361382536000065],[-114.14703278199994,34.34985260600007],[-114.14894907099995,34.337824958000056],[-114.14384049699999,34.329537525000035],[-114.13331724799997,34.324353532000032],[-114.12727403799994,34.314028050000047],[-114.12953503899996,34.303406924000058],[-114.14321681999996,34.287210530000038],[-114.15379515099994,34.283604366000077],[-114.16884031299998,34.273027200000058],[-114.17871146799996,34.261123730000065],[-114.18349040799995,34.246418782000035],[-114.18801610699995,34.232487838000054],[-114.19592971799995,34.219814504000055],[-114.21307716599995,34.21070347400007],[-114.22979768599998,34.201661295000065],[-114.24187153399998,34.195230854000044],[-114.24919251599999,34.185578855000074],[-114.25389746999997,34.177832197000043],[-114.26638010099998,34.169499932000065],[-114.27868767599995,34.160463869000068],[-114.29398390799997,34.154650589000028],[-114.30613994499998,34.15039239400005],[-114.31676848199999,34.14529458800007],[-114.32942098599995,34.139485568000055],[-114.34934698999996,34.134632160000024],[-114.36302300799997,34.131205566000062],[-114.37185903999995,34.124211444000025],[-114.38381104699994,34.115587189000053],[-114.39100862599997,34.103747949000024],[-114.40467360199995,34.086046601000078],[-114.40867451699995,34.07731310500003],[-114.40541590799995,34.069454367000048],[-114.39762643299997,34.066394586000058],[-114.38607323399998,34.069465130000026],[-114.37021326299998,34.072903046000079],[-114.35982722899996,34.073576274000061],[-114.35691948099998,34.067120621000072],[-114.36876731299998,34.05632001400005],[-114.38282861699997,34.049164336000047],[-114.38817097299994,34.038739608000071],[-114.39998758999997,34.024281144000042],[-114.41227848299997,34.018886593000047],[-114.43258896099996,34.013946657000076],[-114.43885112399994,34.011813930000073],[-114.44555761499998,34.009529352000072],[-114.46284977999994,33.995952678000037],[-114.47532735799996,33.982467578000069],[-114.47948379899998,33.961994640000057],[-114.47486861999994,33.941565628000035],[-114.47256023899996,33.925131581000073],[-114.47275660299999,33.909950588000072],[-114.47556449699999,33.901784667000072],[-114.47409876799998,33.885206835000076],[-114.47160598699998,33.866245111000069],[-114.46548973899996,33.846809535000034],[-114.46332351099994,33.838036169000077],[-114.46877489099995,33.822831524000037],[-114.47486946999999,33.815563999000062],[-114.46992096599996,33.806172419000063],[-114.46148677199994,33.79152760900007],[-114.45712233099999,33.780938467000055],[-114.45706259299999,33.780284522000045],[-114.45669273699997,33.776235477000057],[-114.45557644399997,33.764012248000029],[-114.46111058699995,33.749160447000065],[-114.46339461699995,33.738891330000058],[-114.47313729299998,33.725143165000077],[-114.48287644299995,33.71139439500007],[-114.48191908499996,33.695099540000058],[-114.47661630399995,33.687182269000061],[-114.47358105199999,33.682649692000041],[-114.47291509699994,33.681655133000049],[-114.46708783799994,33.675298256000076],[-114.46393957199996,33.67186330800007],[-114.45958166199995,33.661276049000037],[-114.45918455599997,33.655222699000035],[-114.45889369699995,33.650788342000055],[-114.45973182599994,33.642354164000039],[-114.46989694699994,33.638651851000077],[-114.47992840999996,33.632045596000069],[-114.49049955699996,33.622906755000031],[-114.49185744199997,33.609505813000055],[-114.48997672399997,33.59715189700006],[-114.49067781599996,33.585815330000059],[-114.49497959899998,33.577270306000059],[-114.50625174899994,33.57337188300005],[-114.52886821099997,33.575311674000034],[-114.52451689999998,33.562410414000055],[-114.52781194499994,33.554525382000065],[-114.53834736499999,33.542947986000058],[-114.53813583999994,33.53030586400007],[-114.54175534299998,33.521388797000043],[-114.54104275799995,33.50200708400007],[-114.54119658899998,33.493203255000026],[-114.54754698599999,33.490639267000063],[-114.55659131699997,33.489557944000069],[-114.57502622499999,33.488795722000077],[-114.59188168699995,33.486354239000036],[-114.60234581599997,33.481608295000058],[-114.60765044199997,33.474833131000025],[-114.60698566099995,33.462757011000065],[-114.60039677799995,33.45024924300003],[-114.59750291399996,33.438561674000027],[-114.60399330299998,33.427191545000028],[-114.61769925199997,33.423829099000045],[-114.63323664099994,33.425509700000077],[-114.64835597199999,33.430187298000078],[-114.66219974899997,33.429721135000079],[-114.67009692999994,33.426390689000073],[-114.66886533099995,33.414413224000043],[-114.66317598999996,33.403214976000072],[-114.66185290299995,33.393204801000024],[-114.66742448499997,33.380526828000029],[-114.67615109499997,33.371198088000028],[-114.67886523799996,33.363408148000076],[-114.67120562899999,33.348947642000041],[-114.67134413099996,33.340145655000072],[-114.67948526299995,33.328480494000075],[-114.67651323599995,33.309495017000074],[-114.67062201299996,33.299798310000028],[-114.65763836799999,33.282565632000058],[-114.65318896699995,33.271641779000049],[-114.65175366899996,33.26116617200006],[-114.64341309099996,33.250923196000031],[-114.63702332099996,33.234488738000039],[-114.62934270399995,33.210480263000079],[-114.63368395499998,33.185833840000043],[-114.63582244699995,33.164010468000072],[-114.64228383299996,33.152642832000026],[-114.65482959499997,33.137771665000059],[-114.66130895099997,33.128836721000027],[-114.66464064999997,33.116553297000053],[-114.66436323499994,33.09905314100007],[-114.66378529999997,33.085018325000078],[-114.65719606299996,33.077107296000065],[-114.64404476499999,33.061377767000067],[-114.62881731399995,33.048935831000051],[-114.61515745099996,33.049864663000051],[-114.59916294499999,33.050712507000071],[-114.58597483099999,33.041808436000053],[-114.57562401099995,33.039717679000034],[-114.56255960899995,33.045409069000073],[-114.54092153399995,33.049181886000042],[-114.50839405399995,33.053382807000048],[-114.49134948599999,33.047575748000042],[-114.46526464299995,33.035540619000074],[-114.45529281499995,33.023142672000063],[-114.45596087399997,33.006950415000063],[-114.44724991699997,32.999692918000051],[-114.43759617899997,32.983830357000045],[-114.43481147399996,32.965315947000079],[-114.43242492299999,32.96140383200003],[-114.42325854099994,32.946374014000071],[-114.41751072199997,32.932271173000061],[-114.42377254499996,32.922418830000026],[-114.42089487199996,32.905871152000032],[-114.42811689199999,32.890494649000061],[-114.43826612099997,32.882401962000074],[-114.44851099799996,32.87234327300007],[-114.45040027399995,32.856429910000031],[-114.45840964599995,32.844323152000072],[-114.47410050199994,32.837697553000055],[-114.48292025399996,32.831291824000061],[-114.49424134499998,32.818604763000053],[-114.50914216399997,32.811136452000028],[-114.51362703399997,32.80353527300008],[-114.50837386199998,32.779709901000047],[-114.50517154399995,32.768851167000037],[-114.50952906399999,32.760530732000063],[-114.51808690699994,32.755951049000032],[-114.52953492499995,32.757963025000038],[-114.53831446399994,32.763989226000035],[-114.54748757799996,32.766397236000046],[-114.55640119599997,32.766998308000041],[-114.56665441399997,32.764123686000062],[-114.58032748199997,32.755093634000048],[-114.59973853399998,32.74617591100008],[-114.61065392799998,32.741337790000046],[-114.63413437099996,32.740136076000056],[-114.65274509899996,32.741978285000073],[-114.66491680399997,32.738739819000045],[-114.67099323399998,32.731823637000048],[-114.67744771599996,32.721186580000051],[-114.68113866199997,32.708113225000034],[-114.69150422199999,32.690574151000078],[-114.69719280799995,32.678609206000033],[-114.69618850599994,32.669286975000034],[-114.69133736299995,32.656625043000076],[-114.68936662999994,32.641628402000038],[-114.68882820699997,32.628936723000038],[-114.69566728699999,32.616403940000055],[-114.70207666299996,32.610887763000051],[-114.70916283099996,32.615115528000047],[-114.71956512999998,32.627525083000023],[-114.73378097399996,32.639625172000024],[-114.73809140299994,32.639593153000078],[-114.74112254699997,32.636133613000027],[-114.74044060099999,32.626389191000044],[-114.74046147299998,32.612501512000051],[-114.74308807399996,32.602171633000069],[-114.74756009099997,32.594072317000041],[-114.75612668299999,32.581593439000073],[-114.76102898799996,32.57524389200006],[-114.76095099599996,32.567950625000037],[-114.76319914899995,32.561340909000023],[-114.76419587299995,32.546184910000079],[-114.76575067499999,32.536775552000051],[-114.76873718399997,32.52966947300007],[-114.76770652099998,32.518527168000048],[-114.76617663799999,32.507108427000048],[-114.76836947799995,32.49941278600005],[-114.77545629199994,32.49669295700005],[-114.78849647799996,32.493645124000068],[-114.80009824999996,32.495235466000054],[-114.80783592799997,32.491666783000028],[-114.79640780999995,32.490777137000066],[-114.75822540999997,32.479295362000073],[-114.60976902599998,32.436153584000067],[-114.49476595199997,32.40231708400006],[-114.39871232599995,32.377667153000061],[-114.30869151099995,32.349525707000055],[-113.88717862699997,32.225988456000039],[-113.58744090199997,32.140149534000045],[-113.15105459399996,32.008770450000043],[-112.89179463799996,31.930342189000044],[-112.65585532299997,31.854762699000048],[-112.44589628499995,31.790949391000026],[-112.21398072799997,31.717593717000057],[-111.99114717599997,31.647263815000031],[-111.64893432999997,31.533518491000052],[-111.55191808599994,31.505428090000066],[-111.35788330199995,31.442260205000025],[-111.13443338299999,31.370495874000028],[-111.02122258499998,31.331782649000047],[-110.97731642899998,31.319736682000041],[-110.92211206099995,31.324711039000078],[-110.81461777799996,31.326446258000033],[-110.81618792599994,31.331336535000048],[-110.79152215899995,31.331507792000025],[-110.62596426499999,31.332329867000055],[-110.55737599399998,31.33237564600006],[-110.48878772399996,31.332837227000027],[-110.45610339099994,31.332844858000044],[-110.27607253199994,31.332947863000072],[-110.21981336599998,31.332976476000056],[-110.14586925799995,31.333140511000067],[-110.11586284399999,31.333094735000032],[-110.04285639499994,31.332910789000039],[-110.02637428099996,31.332862294000051],[-109.99155709299998,31.332751418000043],[-109.48569761499999,31.332078146000072],[-109.41816982999995,31.332360437000034],[-109.40210232199996,31.331988504000037],[-109.38441738199998,31.332030467000038],[-109.36780055699995,31.332095317000039],[-109.27883416899999,31.332246002000034],[-109.22683983499996,31.33233374200006],[-109.15268551599996,31.331179296000073],[-109.05157185599995,31.329521390000025],[-108.23327233499998,31.347415923000028],[-108.23387226099999,31.785563590000038],[-108.14487795499997,31.791297264000036],[-107.79846063999997,31.793801936000079],[-107.41523706399994,31.796233501000074],[-106.72394369699998,31.797758860000044],[-106.56073178499997,31.794623023000042],[-106.50962144299996,31.792734600000074],[-106.50513006199998,31.789387942000076],[-106.50143553799995,31.785962151000035],[-106.49703731199997,31.783295505000069],[-106.49263938699994,31.78062869300004],[-106.48753768499995,31.778720891000034],[-106.48234395999998,31.776132537000024],[-106.47667698599997,31.776003841000033],[-106.47122387699994,31.774474824000038],[-106.46546491899994,31.773665208000068],[-106.46005823199994,31.772475789000055],[-106.45460569899996,31.770945931000028],[-106.44840301199997,31.769834539000044],[-106.44269059499999,31.769363866000049],[-106.43716198299995,31.770253579000041],[-106.43140369399998,31.769442127000048],[-106.42635011999994,31.767871607000075],[-106.42135720799996,31.769741827000075],[-106.41592001099997,31.771310799000048],[-106.41051424899996,31.770118867000065],[-106.40492547899998,31.767565919000049],[-106.40017920499997,31.765274671000043],[-106.39508078499995,31.76336249600007],[-106.39081129699997,31.758611386000041],[-106.38787384199998,31.754763541000045],[-106.38524339899999,31.750196230000029],[-106.37869791799994,31.740498254000045],[-106.37606849799994,31.735930847000077],[-106.37105126399996,31.731597393000072],[-106.36696739999996,31.728206320000027],[-106.36274714499996,31.723794586000054],[-106.35786811399998,31.720481132000032],[-106.35347852799998,31.717808899000033],[-106.34864577999997,31.714835233000031],[-106.34385889599997,31.712201539000034],[-106.33827648499994,31.709645383000066],[-106.33424065199995,31.706593373000032],[-106.33081921199994,31.702102854000032],[-106.33000155199994,31.695979765000061],[-106.32927485099998,31.690537078000034],[-106.32854825199996,31.685094444000072],[-106.32667381999994,31.680108496000059],[-106.32409488399998,31.675880509000024],[-106.32270944399994,31.671536082000046],[-106.31968793099998,31.667006711000056],[-106.31433623699996,31.666150294000033],[-106.30924643399999,31.664234380000039],[-106.30547590899994,31.660122333000061],[-106.30563716399996,31.655282692000071],[-106.30584368799998,31.650783248000039],[-106.30560728599994,31.645982438000033],[-106.30492803899995,31.640880270000025],[-106.30155644699994,31.636729538000054],[-106.29593560799998,31.633831404000034],[-106.29181493899995,31.630097966000051],[-106.28708039099996,31.627802300000042],[-106.28415300899997,31.623952594000059],[-106.28272555699999,31.619267960000059],[-106.27987116599996,31.609898766000072],[-106.27729710299997,31.605670238000073],[-106.27432591399997,31.601480304000063],[-106.27214981599997,31.597213103000058],[-106.27355019999999,31.592598406000036],[-106.27756006999999,31.589452572000027],[-106.28249970899998,31.587249659000065],[-106.28606646499998,31.583802074000062],[-106.28627393199997,31.579303313000025],[-106.28224689999996,31.576250126000048],[-106.27843694199998,31.571797743000047],[-106.27339929499999,31.570220581000058],[-106.26836185399998,31.568643185000042],[-106.26235816899998,31.56888183500007],[-106.25675169499999,31.569081593000078],[-106.25166965899996,31.567163296000047],[-106.24676019699996,31.563505673000066],[-106.24573330499999,31.55878259900004],[-106.24545591899994,31.553642438000054],[-106.24478142199996,31.548540836000029],[-106.24176921799994,31.544010373000049],[-106.23743126899996,31.538575001000027],[-106.23265898899996,31.535937235000063],[-106.22823922799995,31.532920727000032],[-106.22285290099995,31.531719833000068],[-106.21768447199997,31.529119852000065],[-106.21286862899996,31.526141146000043],[-106.20884722699998,31.523085504000051],[-106.20702914199995,31.51843917900004],[-106.20521127399996,31.513792865000028],[-106.20414279299996,31.508729772000038],[-106.20351614899994,31.50396846700005],[-106.19966949199994,31.499173823000035],[-106.19490090699998,31.496534571000041],[-106.18885786799996,31.496428937000076],[-106.18343000999994,31.49488604000004],[-106.17791308799997,31.492662680000024],[-106.17354252099994,31.489984252000056],[-106.16947993099996,31.486587252000049],[-106.16537311599996,31.482850026000051],[-106.16280946899997,31.478619818000027],[-106.16178878499994,31.473896751000041],[-106.16142813399995,31.468077093000034],[-106.15807166799999,31.463923269000077],[-106.15282473299999,31.463739238000073],[-106.14748884499994,31.462874773000067],[-106.14131509699996,31.461746179000045],[-106.13602390999995,31.461221229000046],[-106.13068838099997,31.460355923000066],[-106.12544175299996,31.460170538000057],[-106.12015077999996,31.459644798000056],[-106.11503490699994,31.457380296000053],[-106.10983069199995,31.454435363000073],[-106.10497929399997,31.45111212200004],[-106.10039219099997,31.446730440000067],[-106.09492529999994,31.444843078000076],[-106.09020781799995,31.442539510000074],[-106.08421218699999,31.439669244000072],[-106.07874618299996,31.437781075000032],[-106.07345704699998,31.437253027000054],[-106.06821211099998,31.437064820000046],[-106.06230617199998,31.437972294000076],[-106.05728156599997,31.436385314000063],[-106.05221310499996,31.43445799400007],[-106.03528991299999,31.430903861000047],[-106.03026631299997,31.429315623000036],[-106.02484627499996,31.427764825000054],[-106.01867709099997,31.426629173000038],[-106.01175869199994,31.425908530000072],[-106.00625155899996,31.423676560000047],[-106.00047959399996,31.422502254000051],[-105.99268089999998,31.421175293000033],[-105.98792410699997,31.418527167000036],[-105.98572504499998,31.413915592000023],[-105.98467219299994,31.408851343000038],[-105.98401601499995,31.403749618000063],[-105.98340365899998,31.398988054000029],[-105.98239488899998,31.394264044000067],[-105.98094605299997,31.389237474000026],[-105.97954111499996,31.384551037000051],[-105.97694708699999,31.379977105000023],[-105.97325152699995,31.376195780000046],[-105.96858892299997,31.371128888000044],[-105.96515962999996,31.36628961100007],[-105.96115618899995,31.363225601000067],[-105.95746218799997,31.359443857000031],[-105.95306308899995,31.356416998000043],[-105.94936980299997,31.35263502600003],[-105.94435742699994,31.347944787000074],[-105.94062144399999,31.343822489000047],[-105.93640262399998,31.339057256000046],[-105.93350339499995,31.335200196000073],[-105.92937240299995,31.331114932000048],[-105.92480222399996,31.32672675200007],[-105.92005349399994,31.32407610000007],[-105.91601059199996,31.32067057200004],[-105.91090976999999,31.31839688000008],[-105.90647143699999,31.31502826600007],[-105.90278236899997,31.311244997000074],[-105.90023860099996,31.307009964000031],[-105.89963211699995,31.302248878000057],[-105.89942174499998,31.297450643000047],[-105.90145751599994,31.291409073000068],[-105.90168636099997,31.286913816000038],[-105.90103663199994,31.281812878000039],[-105.90194572799999,31.266930105000029],[-105.90019517199994,31.262621064000029],[-105.89369470199995,31.258758164000028],[-105.88807301199995,31.255500700000027],[-105.88293404299998,31.252885926000033],[-105.87792499999995,31.251291062000064],[-105.87322562499998,31.248978777000048],[-105.86839707399997,31.245646149000038],[-105.86405096999994,31.242956363000076],[-105.86072000999997,31.238795101000051],[-105.85743250099995,31.234973815000046],[-105.85682918599997,31.230213207000077],[-105.85609668699999,31.224432529000069],[-105.85509786999995,31.219709042000034],[-105.85247354099994,31.214793617000055],[-105.85112250299994,31.210447228000078],[-105.84823225899999,31.206588879000037],[-105.84565182799997,31.20201344700007],[-105.84201405099998,31.198568987000044],[-105.83718994899999,31.195235291000074],[-105.83350989299998,31.191450567000061],[-105.82916800399994,31.188759658000038],[-105.82253919099998,31.186970041000052],[-105.81753560899995,31.18537254000006],[-105.81253223099998,31.183774809000056],[-105.80713355999995,31.182213685000079],[-105.80094411899995,31.180725926000036],[-105.79423105199999,31.178254509000055],[-105.78799940899995,31.176425976000075],[-105.78295446999999,31.174486845000047],[-105.77759974599996,31.173264274000076],[-105.77176434999996,31.171398074000024],[-105.76676280399994,31.169798224000033],[-105.76136601299999,31.168234809000069],[-105.75702790099996,31.165541073000043],[-105.75366333599999,31.161037094000051],[-105.75254372899997,31.155293190000066],[-105.75115669099995,31.150606052000057],[-105.74823102099998,31.146405442000059],[-105.74317661599997,31.147561375000066],[-105.73759911799999,31.147733556000048],[-105.73123087499994,31.147978550000062],[-105.72477764899998,31.147543088000077],[-105.71850763799995,31.145370544000059],[-105.71381935099998,31.143051703000026],[-105.71050064899998,31.138886602000071],[-105.70705513899998,31.133701335000069],[-105.70329954599998,31.129232520000073],[-105.70156302199996,31.124921466000046],[-105.69753994199999,31.121509047000075],[-105.69316430399999,31.118472934000067],[-105.68861982099997,31.114076554000064],[-105.68534596899997,31.110250945000075],[-105.68242534799998,31.106048877000035],[-105.67985793899999,31.101470392000067],[-105.67733306799994,31.097231907000037],[-105.67406047499998,31.093406085000026],[-105.67114108699997,31.089203859000065],[-105.66980229599994,31.084856331000026],[-105.66881651099999,31.080132506000041],[-105.66770429199994,31.074388706000036],[-105.66597094899998,31.070077577000063],[-105.66191008799996,31.066324205000058],[-105.65784961599996,31.062570707000077],[-105.65387376399997,31.059497080000028],[-105.64906626199996,31.05615580500006],[-105.64399045599998,31.053870550000056],[-105.63847798499995,31.051281260000053],[-105.62707621499999,31.04304187300005],[-105.62195993399996,31.040415627000073],[-105.61759176499999,31.037376916000028],[-105.61349299599999,31.033281954000074],[-105.61018428899996,31.029114691000075],[-105.60643924599998,31.024643448000063],[-105.60356793099999,31.020779971000024],[-105.60293983099996,31.015680137000061],[-105.60318500399995,31.011188202000028],[-105.60106190599998,31.006912663000037],[-105.59819150599998,31.003049187000045],[-105.59563240199998,30.998469679000038],[-105.59087293899995,30.995466173000068],[-105.58607205799996,30.992122495000046],[-105.58100224299994,30.989834530000053],[-105.57699135999997,30.986418523000054],[-105.57156929099995,30.984506069000076],[-105.56610579199997,30.982253368000045],[-105.56174303599994,30.979212732000065],[-105.55671423799998,30.970732354000063],[-105.55376409199994,30.966188039000031],[-105.55046139799998,30.962019516000055],[-105.54755353999997,30.957815079000056],[-105.54323444399995,30.955113804000064],[-105.53856273999997,30.95278815100005],[-105.53420269399999,30.949746573000027],[-105.53059034099999,30.946293303000061],[-105.52548361799995,30.943662938000045],[-105.51935986799998,30.942499436000048],[-105.51429521499995,30.940208515000052],[-105.50852488999999,30.938668703000076],[-105.50346079999997,30.936377281000034],[-105.49835563499994,30.933745659000067],[-105.49395685799999,30.930362581000054],[-105.48964112299996,30.927659274000064],[-105.48493133799997,30.924991422000062],[-105.48092796599997,30.921572250000054],[-105.47727798799997,30.917777406000027],[-105.47437569899995,30.913571362000027],[-105.47182675499994,30.90898975500005],[-105.46857205999999,30.905159151000078],[-105.46461162399999,30.902079465000043],[-105.45896863699994,30.901556938000056],[-105.45280800899997,30.900049722000063],[-105.45104919599999,30.895396766000033],[-105.44846107099994,30.890474825000069],[-105.44481411299995,30.886679118000075],[-105.43853166399998,30.884151261000056],[-105.43303792799998,30.881552217000035],[-105.42766766799997,30.879972764000058],[-105.42300387499995,30.877642380000054],[-105.41821737599997,30.874291937000066],[-105.41426047799996,30.871210571000063],[-105.41022197999996,30.867449171000032],[-105.40661888199998,30.863992285000052],[-105.40364053099995,30.85910490200007],[-105.39929093299997,30.856058379000046],[-105.39521305099998,30.851956587000075],[-105.39125818499997,30.848874509000041],[-105.38647479899998,30.845522840000058],[-105.38212661999995,30.842475701000069],[-105.37777877999997,30.839428403000056],[-105.37681366699996,30.834704422000073],[-105.37207253299994,30.831692142000065],[-105.36703290899999,30.832829290000063],[-105.36207459599996,30.834646089000046],[-105.35703463699997,30.835782766000079],[-105.35108454999994,30.835969565000028],[-105.34611301899997,30.834351010000034],[-105.34070710799995,30.832427341000027],[-105.33596749999998,30.82941345100005],[-105.33126884799998,30.826739320000058],[-105.32661108799999,30.824404946000072],[-105.32147860499998,30.821425470000065],[-105.31678092699997,30.818750740000041],[-105.31247744599995,30.816040857000075],[-105.30765894799998,30.812345907000065],[-105.30260889299996,30.810045487000025],[-105.29709491999995,30.810534253000071],[-105.29158087899998,30.811022729000058],[-105.28658180899998,30.812495930000068],[-105.28138070299997,30.81226909600008],[-105.27511902699996,30.813166356000067],[-105.26960466399998,30.813653685000077],[-105.26377692899996,30.814855440000031],[-105.25546481799995,30.815245464000043],[-105.24947581699996,30.815086541000028],[-105.24662976799999,30.811215171000072],[-105.24492538599998,30.806899676000057],[-105.24436251199995,30.802140125000051],[-105.24206368099999,30.796159560000035],[-105.23996608799996,30.791878824000037],[-105.23826249299998,30.78756340800004],[-105.23392328799997,30.784510549000061],[-105.22927093299995,30.782172092000053],[-105.22426522499995,30.780208026000025],[-105.22063424399994,30.776405508000039],[-105.21526855599996,30.771381461000033],[-105.21167846399999,30.767918658000042],[-105.20804866199995,30.764115810000078],[-105.20285099299997,30.763885121000044],[-105.19761951299995,30.766748305000078],[-105.19325497699998,30.770222154000066],[-105.19137224799994,30.774508753000077],[-105.18952926699995,30.779135331000077],[-105.18607103799997,30.783559898000078],[-105.18106632099995,30.781593771000075],[-105.17747727299997,30.778129724000053],[-105.17274722099995,30.775108860000046],[-105.16730979699997,30.772836578000067],[-105.16301400299994,30.770120869000039],[-105.15828498999997,30.767099409000025],[-105.15430392399998,30.76366906100003],[-105.14988976299998,30.759932968000044],[-105.14594918099999,30.756842327000072],[-105.14420797099996,30.748751792000064],[-105.14136951899997,30.744878157000073],[-105.13739031899996,30.741447341000026],[-105.13262433599999,30.738084965000041],[-105.12935362399998,30.733905422000078],[-105.12565007999996,30.729420115000039],[-105.12234046499998,30.724900482000066],[-105.11985781899995,30.720652284000039],[-105.11737544399995,30.716404068000031],[-105.11568022399996,30.712087405000034],[-105.11174338799998,30.708995817000073],[-105.10780686399994,30.705904105000059],[-105.10265090299998,30.702574826000046],[-105.09859649899994,30.698462991000042],[-105.09454252099994,30.694351036000057],[-105.09284903099996,30.690034223000055],[-105.09001523599994,30.686159717000066],[-105.08674895399997,30.681979342000034],[-105.08246091399997,30.679260904000046],[-105.07671827999997,30.677698389000057],[-105.07101526399998,30.676475498000059],[-105.06417193799996,30.675694306000025],[-105.05886254099994,30.674436743000058],[-105.05347469399999,30.672499036000033],[-105.04844108899994,30.670187164000026],[-105.04380103399996,30.667841120000048],[-105.03876801199999,30.665528808000033],[-105.03448253199997,30.662808518000077],[-105.03161338799998,30.658592743000042],[-105.02988492899999,30.653935335000028],[-105.02819586299995,30.649617878000072],[-105.02536671399997,30.645741989000044],[-105.02285264999995,30.641152343000044],[-105.01923784699994,30.637344084000063],[-105.01566252199996,30.633875657000033],[-105.01244147999995,30.630033393000076],[-105.00847372499999,30.626598601000069],[-105.00482121299996,30.622450056000048],[-105.00085417599996,30.619015036000064],[-104.99610145899999,30.615647418000037],[-104.99288211999999,30.611804714000073],[-104.98966309599996,30.607961947000035],[-104.98962409399996,30.60762203400003],[-104.98507060499998,30.602520724000044],[-104.98149837099999,30.599051411000062],[-104.97749458799996,30.595275789000027],[-104.97274430799996,30.591907297000034],[-104.96693244899996,30.589659288000064],[-104.96182894999998,30.58666389900003],[-104.95790444799997,30.583567444000039],[-104.95421776899997,30.579077649000055],[-104.95135598299998,30.574860496000042],[-104.94767008599996,30.570370561000061],[-104.94410096199999,30.566900235000048],[-104.94124016299997,30.562682923000068],[-104.93802567299997,30.558839009000053],[-104.93438002499994,30.554688664000025],[-104.93073475999995,30.550538231000075],[-104.92822926299999,30.545947328000068],[-104.92537007499999,30.541729789000044],[-104.92200251699995,30.536526045000073],[-104.91824277799998,30.531355720000079],[-104.91577726299994,30.52710459900004],[-104.91327338299999,30.522513588000038],[-104.91120097499999,30.518229002000055],[-104.91022919199997,30.513164396000036],[-104.90968865499997,30.508406274000038],[-104.90914818199997,30.503648204000058],[-104.90727600199995,30.497631021000075],[-104.90591228999995,30.492600034000077],[-104.90419491199998,30.487942344000032],[-104.90173151499994,30.483691322000027],[-104.89993747699998,30.478353974000072],[-104.89743607199995,30.473763106000035],[-104.89493495899995,30.469172227000058],[-104.89321874299998,30.464514612000073],[-104.89260254699997,30.459077280000031],[-104.89234017799998,30.45326682700005],[-104.89219335399997,30.448475920000078],[-104.89247724999996,30.443991527000037],[-104.89233043599995,30.439200724000045],[-104.89175299299995,30.434103519000075],[-104.89078349799996,30.429039726000042],[-104.88871477399999,30.424755631000039],[-104.88586210199998,30.42053820700005],[-104.88261766899996,30.416354069000079],[-104.88015767599995,30.412103252000065],[-104.87918919699996,30.407039612000062],[-104.87892799199994,30.401229834000048],[-104.88008869999999,30.390496636000023],[-104.87994273899994,30.385706417000051],[-104.87850588599997,30.37999684600004],[-104.87722284999995,30.375646413000027],[-104.87547132499998,30.370649765000053],[-104.87191442499994,30.36717860300007],[-104.86694400199997,30.365199451000024],[-104.86444810999996,30.360609016000069],[-104.85983175799998,30.358256547000053],[-104.85521568299998,30.355903889000047],[-104.85087681599998,30.352498557000047],[-104.84759877999994,30.34797424900006],[-104.84620321099999,30.342604499000061],[-104.84413917699999,30.338320398000064],[-104.84317391999997,30.333257308000043],[-104.84385183399996,30.328741098000023],[-104.84370818899998,30.323951528000066],[-104.84516919499998,30.319369072000029],[-104.84655354999995,30.314107180000065],[-104.84683955599996,30.309624331000066],[-104.84552117999999,30.304934510000066],[-104.84193034799995,30.30112315100007],[-104.83873135699997,30.297278556000037],[-104.83467336799998,30.292820727000048],[-104.83076847599995,30.28972165700003],[-104.82651058699997,30.286995284000056],[-104.82221487099997,30.283929038000053],[-104.81745187199999,30.280216275000043],[-104.81205881099999,30.277928281000072],[-104.80709551499996,30.275946711000074],[-104.80045282599997,30.273077788000023],[-104.79655025699998,30.269977589000064],[-104.79292539699998,30.265825156000062],[-104.79004562099999,30.261267008000061],[-104.78759544899998,30.257015584000044],[-104.78553683599995,30.252731203000053],[-104.78279563399997,30.242332237000028],[-104.78468782399995,30.238058275000071],[-104.78615066599997,30.233477582000035],[-104.78636392999999,30.228316395000036],[-104.78356175199997,30.224437838000028],[-104.77927111099996,30.221370290000038],[-104.77423642799994,30.218708072000027],[-104.76877310699996,30.215738829000031],[-104.76354996599997,30.21137774400006],[-104.76000516499994,30.207904107000047],[-104.75744485899997,30.202633503000072],[-104.75538929999999,30.198349088000043],[-104.75329618499995,30.193725010000037],[-104.75230074399997,30.188323172000025],[-104.75204959399997,30.182516109000062],[-104.75176071599998,30.176369474000069],[-104.75123202599997,30.171614340000076],[-104.74992162999996,30.166924870000059],[-104.74786740899998,30.162640676000024],[-104.74421230999997,30.158147989000042],[-104.74020451099994,30.15402763000003],[-104.73631018899994,30.15092607400004],[-104.73336252399997,30.145688358000029],[-104.73170051899996,30.141371327000058],[-104.73184176999996,30.135532141000056],[-104.73170526399997,30.130744642000025],[-104.73262786299995,30.124840137000035],[-104.73288198699998,30.120020028000056],[-104.73235480999995,30.11526544700007],[-104.73139943599995,30.110204044000056],[-104.73087241299999,30.105449570000076],[-104.73019490499996,30.099336751000067],[-104.72920223199998,30.093935930000043],[-104.72867544999997,30.089181632000077],[-104.72443188599999,30.086452431000055],[-104.72089440699995,30.082978519000051],[-104.71661387599994,30.079909454000074],[-104.71307703399998,30.076435335000042],[-104.71063672999998,30.072184012000037],[-104.70933039099998,30.06749516800005],[-104.70919536599996,30.062708435000047],[-104.70902283199996,30.057582184000069],[-104.70931570399995,30.053102491000061],[-104.71120733499998,30.048831821000078],[-104.71348905599996,30.044528500000069],[-104.71655107199996,30.040159840000058],[-104.71968787199995,30.036470236000071],[-104.72263651799994,30.031082845000071],[-104.72448932499998,30.026472621000039],[-104.72517138399996,30.021960528000079],[-104.72620593999994,30.017076244000066],[-104.72766808199998,30.012498826000069],[-104.72749445899996,30.00737323900006],[-104.72774851799994,30.002554528000076],[-104.72761248999996,29.997768581000059],[-104.72775378699998,29.991931452000074],[-104.72804535499995,29.987452429000029],[-104.72677694999999,29.983104281000067],[-104.72550868399998,29.97875616400006],[-104.72424055799996,29.974408079000057],[-104.72258264899995,29.970092713000042],[-104.72240944899994,29.964967653000031],[-104.72344342999997,29.960084083000027],[-104.72008264399994,29.943919834000042],[-104.71447549499999,29.943019250000077],[-104.71168693599998,29.939141471000028],[-104.70999297699996,29.934486814000024],[-104.70751975599995,29.929897442000026],[-104.70469455599999,29.925680140000054],[-104.70186965599999,29.921462808000058],[-104.69982440199999,29.917180251000048],[-104.69852125999995,29.912493064000046],[-104.69827492799999,29.906689799000048],[-104.69884522399997,29.901160880000077],[-104.69871111599997,29.896376099000065],[-104.70017261799995,29.89180043500005],[-104.70202347399999,29.887192201000062],[-104.70188919799995,29.88240759200005],[-104.70058650599998,29.877720836000037],[-104.69850505799997,29.873099300000035],[-104.69486611499997,29.868608089000077],[-104.69391610999998,29.863549423000052],[-104.69331824799997,29.858118835000028],[-104.69318454699999,29.853334562000043],[-104.69297614599998,29.847871543000053],[-104.69093327199994,29.84358959900004],[-104.68885328399995,29.838968265000062],[-104.68677353799995,29.83434694400006],[-104.68473134899995,29.830065024000078],[-104.68378245199995,29.825006754000071],[-104.68435317099994,29.819479045000037],[-104.68375629599996,29.814049002000047],[-104.68132564199999,29.809799763000058],[-104.67889524799995,29.805550510000046],[-104.67466857799997,29.802821207000079],[-104.66962674699994,29.799817338000025],[-104.66482554199996,29.795423321000044],[-104.66013643899998,29.792047228000058],[-104.65479851399999,29.786327830000062],[-104.65053655399998,29.783258322000052],[-104.64655256299994,29.779138198000055],[-104.64412497299998,29.774888464000071],[-104.64356829899998,29.769798154000057],[-104.64258564699998,29.764400932000058],[-104.63112039699996,29.749260536000065],[-104.62943521999995,29.744606791000024],[-104.62517648399995,29.741536568000072],[-104.62060324399994,29.739177150000046],[-104.61397526799999,29.735960875000046],[-104.60862506699999,29.733665486000064],[-104.60401585099999,29.730966056000057],[-104.60014761499997,29.727862692000031],[-104.59768718799995,29.723273101000075],[-104.59452331699998,29.719426536000071],[-104.59245219999997,29.714804732000061],[-104.59119558099997,29.710457913000027],[-104.58990224899998,29.705771811000034],[-104.58938638399997,29.701021418000039],[-104.58964784499994,29.69620674500004],[-104.59174175799996,29.690213363000055],[-104.59355734999997,29.68527010400004],[-104.59187573599996,29.680616508000071],[-104.58906555199997,29.676398730000074],[-104.58396137399995,29.672713105000071],[-104.58072659699997,29.668188045000079],[-104.57865761899996,29.663566570000057],[-104.57620042899998,29.658977225000058],[-104.57331833299997,29.654080702000044],[-104.56884621799998,29.648973246000025],[-104.56561326999997,29.64444799100005],[-104.56238068999994,29.63992268800007],[-104.55974172999998,29.633636913000032],[-104.55584329599998,29.630193414000075],[-104.55046525899996,29.627556396000045],[-104.54590080299994,29.625194386000032],[-104.53830345199998,29.623766522000039],[-104.53307270299996,29.622485693000044],[-104.52579105899997,29.620346450000056],[-104.52045119799999,29.618047210000043],[-104.51553640499998,29.616055090000032],[-104.50690877099998,29.612313896000046],[-104.50164285399995,29.610692262000043],[-104.49637715199998,29.609070369000051],[-104.49118443099997,29.60812674500005],[-104.48482711599996,29.607278181000027],[-104.47967098099997,29.606673254000043],[-104.47409037799997,29.605760533000023],[-104.46882556699995,29.60413726400003],[-104.46387666599998,29.601803506000067],[-104.45853984699994,29.599501198000041],[-104.45429550199998,29.596425134000071],[-104.44881453999994,29.592765295000049],[-104.44457093099999,29.589688888000069],[-104.44036380699998,29.586951596000063],[-104.43453212899999,29.58366195800005],[-104.42990142799994,29.580616602000077],[-104.42667917999995,29.576087832000042],[-104.42240124799997,29.572671394000054],[-104.41886378499999,29.568852516000049],[-104.41490256499998,29.564725808000048],[-104.41104981399997,29.561616750000042],[-104.40617725499999,29.559959006000042],[-104.40267711999996,29.556478953000067],[-104.39801326699995,29.553093143000069],[-104.39412579799995,29.549644305000072],[-104.39136667199995,29.545761865000031],[-104.38892394099997,29.541169500000024],[-104.38609356099994,29.536608528000045],[-104.38294736499995,29.532757390000029],[-104.37980147399998,29.528906195000047],[-104.37588012599997,29.525117658000056],[-104.37023478699996,29.523521095000035],[-104.36501335199995,29.522232151000026],[-104.36007260299999,29.51989394900005],[-104.35368799499997,29.518698330000063],[-104.34769143599999,29.517471073000024],[-104.34219002699996,29.51722995700004],[-104.33707650899998,29.516957342000069],[-104.33072813999996,29.516099559000054],[-104.32550783199997,29.514808654000035],[-104.32032330499999,29.513856733000068],[-104.31506772599994,29.512226071000043],[-104.30942452699998,29.510626257000069],[-104.28741914599999,29.505889207000052],[-104.28188327999999,29.505305659000044],[-104.27599509199996,29.50509205000003],[-104.27042397099996,29.50416864400006],[-104.26488835099997,29.503584193000052],[-104.25931746499998,29.502660195000033],[-104.25378202999997,29.502075155000057],[-104.24831727199995,29.502168332000053],[-104.24345175899998,29.500503219000052],[-104.23809288299998,29.497850956000036],[-104.23425029299995,29.494735892000051],[-104.22998501399996,29.491312266000079],[-104.22681297599996,29.487117611000031],[-104.22328872099996,29.483292937000044],[-104.21909485399999,29.480547458000046],[-104.21437299499996,29.476475597000046],[-104.21120237099996,29.472280628000078],[-104.20841975099995,29.468054883000036],[-104.20598997499997,29.463459157000045],[-104.20472335499994,29.458771300000024],[-104.20190647199996,29.454206301000056],[-104.20067531099994,29.449857735000023],[-104.19979677899994,29.445139289000053],[-104.19515015399998,29.437983283000051],[-104.18997219899995,29.437025051000035],[-104.18578192099994,29.434278559000063],[-104.18113447299999,29.430884108000043],[-104.17683994299995,29.427119661000063],[-104.17321591899997,29.422276257000078],[-104.17159938199995,29.417958300000066],[-104.17037043699997,29.413609789000077],[-104.16984657599994,29.408521759000052],[-104.16925294699996,29.402755404000061],[-104.16679252199998,29.397820357000057],[-104.16225266199996,29.395442952000053],[-104.15457963499995,29.392970374000072],[-104.14894812499995,29.39136234700004],[-104.14127590399994,29.388888811000072],[-104.13673731699998,29.386510345000033],[-104.13174221299994,29.383483751000028],[-104.12636021799995,29.380487352000046],[-104.12182255399995,29.378108287000032],[-104.11612339999999,29.375820168000075],[-104.10841905399997,29.373005118000037],[-104.10374385999995,29.369268567000063],[-104.09843307599999,29.366949201000068],[-104.09424964699997,29.364199523000025],[-104.08932667599998,29.361849430000063],[-104.08440399499995,29.359499119000077],[-104.07951611999994,29.35748777200007],[-104.07427581199994,29.355845607000049],[-104.06935394599998,29.35349461800007],[-104.06443237199994,29.351143411000066],[-104.05895182699999,29.347126232000051],[-104.05392775499996,29.343757027000038],[-104.04935997099994,29.341035846000068],[-104.04507651899996,29.337266845000045],[-104.04015666499998,29.334914587000071],[-104.03594261299997,29.331823616000065],[-104.03208164699998,29.328363270000068],[-104.02786825499999,29.32527202700004],[-104.02362092999999,29.321841465000034],[-104.01838412099994,29.320196633000023],[-104.01321595899998,29.319229886000073],[-103.99532188299997,29.315829306000069],[-103.98969905199999,29.314212969000039],[-103.98375762599994,29.313304561000052],[-103.97796489599995,29.309991728000057],[-103.97378861999994,29.307237611000062],[-103.96922566999996,29.304513166000049],[-103.96427607999999,29.301818343000036],[-103.95904181299994,29.300170602000037],[-103.95264694199994,29.298611883000035],[-103.94706011699998,29.297332480000023],[-103.94108653899997,29.296082496000054],[-103.93595475599994,29.295451136000054],[-103.92987994299995,29.293182988000069],[-103.92468078299999,29.291872726000065],[-103.91670580299996,29.290091249000056],[-103.90831051799995,29.287999583000044],[-103.90317951799994,29.287366614000064],[-103.89801488699999,29.286394211000072],[-103.89288407199996,29.285760735000054],[-103.88768600399999,29.28444864100004],[-103.88055364699994,29.283283749000077],[-103.87296740199997,29.281469462000075],[-103.86689544899997,29.279197709000073],[-103.86099158999997,29.27862153600006],[-103.85614785899998,29.276939288000051],[-103.85056410499999,29.275654759000076],[-103.84472758699997,29.275756038000054],[-103.83699013399996,29.276342817000057],[-103.83186045299999,29.275706337000031],[-103.82508316999997,29.274169159000053],[-103.81960022799996,29.273900547000039],[-103.81369710299998,29.273321689000056],[-103.80853447899995,29.272344866000026],[-103.80295181599996,29.271057788000064],[-103.79691592899997,29.269121195000025],[-103.79158752899997,29.266447560000074],[-103.78635916599995,29.264791260000038],[-103.78081059499999,29.263842212000043],[-103.77657719299998,29.260402106000072],[-103.77347140299997,29.25653541500003],[-103.76955919299996,29.25238762500004],[-103.76574678699996,29.249257300000068],[-103.75880751999995,29.246019962000048],[-103.75464217999996,29.243257497000059],[-103.75009039699995,29.240523882000048],[-103.74557196599994,29.238129273000027],[-103.74510940399995,29.233380706000048],[-103.74545329099999,29.228913417000058],[-103.74499078999997,29.224164966000046],[-103.74684813799996,29.219242698000073],[-103.74835169299996,29.214688614000067],[-103.74418835299997,29.211925959000041],[-103.73600377499997,29.211855749000051],[-103.73078014799995,29.210196887000052],[-103.72500543999996,29.20687085000003],[-103.72229079699997,29.202974278000056],[-103.71951058999997,29.198399361000043],[-103.71631128399997,29.193514139000058],[-103.71285740399998,29.19001434300003],[-103.70824436599997,29.186600983000062],[-103.70553123299999,29.182704185000034],[-103.70088610499994,29.178951420000033],[-103.69707990399996,29.175819186000069],[-103.69398126299996,29.171950991000074],[-103.68866280799995,29.169272765000073],[-103.68411750699994,29.166536797000049],[-103.67893065699997,29.16521466100005],[-103.67367856599998,29.163213990000031],[-103.66845942099997,29.161552204000031],[-103.66500902499996,29.158051114000045],[-103.66014411199995,29.156021120000048],[-103.65499096399998,29.155036960000075],[-103.64954938999995,29.155098581000061],[-103.64471762799997,29.153407016000074],[-103.64017474099995,29.150669237000045],[-103.63627465499997,29.146517601000028],[-103.63118355699999,29.142112375000067],[-103.62628798299994,29.139741747000073],[-103.62075001899996,29.138784451000049],[-103.61563091899995,29.138137512000071],[-103.60960964299994,29.136190708000072],[-103.60477987399997,29.134497368000041],[-103.59921015499998,29.133199801000046],[-103.59351120999997,29.130545394000023],[-103.58932529299994,29.127438015000052],[-103.58443186299996,29.125065501000051],[-103.57986036699998,29.121986155000059],[-103.57425966199997,29.120348157000024],[-103.56975331799998,29.117946663000055],[-103.56524724599996,29.115544988000067],[-103.56035526199997,29.113171412000042],[-103.55552793099997,29.111475880000057],[-103.55173065899999,29.10833887900003],[-103.54751538899995,29.104890872000055],[-103.54294647299997,29.101810064000063],[-103.53718744399998,29.098474538000062],[-103.53261929299998,29.095393328000057],[-103.52843759099994,29.092283784000074],[-103.52422417599996,29.088834978000079],[-103.52152335099998,29.084934399000076],[-103.51991688399994,29.080271193000044],[-103.51905062499998,29.075212673000067],[-103.51747650199997,29.070888655000033],[-103.51361868199996,29.067072402000065],[-103.50921069999998,29.069783248000078],[-103.50480241899999,29.07249392500006],[-103.49936636299998,29.072547639000049],[-103.49319336899998,29.068898872000034],[-103.48850109399996,29.064459538000051],[-103.48503092599998,29.06061427700007],[-103.47979058499999,29.058604344000059],[-103.47558104699999,29.055153874000041],[-103.47072722899998,29.053115553000055],[-103.46548773799998,29.051104938000037],[-103.45979910299997,29.048443765000059],[-103.45626754599999,29.043919513000048],[-103.45247738599994,29.040779450000059],[-103.44894658299995,29.03625504300004],[-103.44493530699998,29.030741145000036],[-103.44101956899999,29.026244433000045],[-103.43607346999994,29.023187396000026],[-103.43115936499998,29.02046923100005],[-103.42659976899995,29.017383998000071],[-103.42123744199995,29.014015018000066],[-103.41703278299997,29.010562586000049],[-103.41250583099998,29.007815892000053],[-103.40812920699994,29.010861071000079],[-103.40455526899996,29.014189798000075],[-103.40101252199997,29.017857523000032],[-103.39705217699998,29.021213731000046],[-103.39389458999995,29.024853617000076],[-103.39198857999997,29.029427828000053],[-103.38927918299999,29.03371822500003],[-103.38656949499995,29.038008602000048],[-103.38149018199994,29.037689378000039],[-103.37631673499999,29.036352557000043],[-103.37047529799997,29.031991019000031],[-103.36633457999994,29.029214578000051],[-103.36325765599997,29.025338055000077],[-103.36275639199994,29.019912349000037],[-103.36119181999999,29.015586614000028],[-103.35962741799995,29.011260907000064],[-103.35767744199995,29.006962743000031],[-103.35418478799994,29.002774610000074],[-103.34867020099995,28.997706568000069],[-103.34283309999995,28.993343931000027],[-103.33750712699998,28.990309914000079],[-103.33298405699998,28.987559891000046],[-103.32917024799997,28.98407671700005],[-103.32722257499995,28.979778298000042],[-103.32678635599996,28.975031243000046],[-103.32483903099995,28.970732887000054],[-103.32025525299997,28.967304322000075],[-103.31495065299998,28.968704606000074],[-103.31003144499999,28.970077290000063],[-103.30511206999995,28.971449745000029],[-103.30016148299995,28.972482893000063],[-103.29658476699996,28.975807534000069],[-103.29223649399995,28.979186623000032],[-103.28785685799994,28.982226469000068],[-103.28210310399999,28.98297419000005],[-103.27696581199996,28.981971694000038],[-103.27105735899994,28.981023327000059],[-103.26581278799995,28.983099337000056],[-103.25967309999999,28.983872982000037],[-103.25427377999995,28.98425290800003],[-103.24842708099999,28.983981448000065],[-103.24219475299998,28.98373674100003],[-103.23554602099995,28.983179608000057],[-103.22909857899998,28.980560363000052],[-103.22496544299997,28.977778655000066],[-103.22080188699994,28.974657697000055],[-103.21663865599999,28.971536600000036],[-103.21212081199997,28.968781432000071],[-103.20724833099996,28.96639213900005],[-103.20192930799999,28.96335136600004],[-103.19735123099997,28.959917421000057],[-103.19315910099999,28.956456408000065],[-103.18763908099999,28.955476443000066],[-103.18194738899996,28.956896728000061],[-103.17711817499998,28.959280344000035],[-103.17083779599994,28.962788341000078],[-103.16853489099998,28.967384454000069],[-103.16658688499996,28.971614658000078],[-103.16544045799998,28.976130409000064],[-103.16352253799994,28.980699783000034],[-103.16202056599997,28.985581530000047],[-103.16096505499996,28.99111481500006],[-103.16403083799997,28.994996983000078],[-103.16857899999997,28.998093593000078],[-103.17244749499997,29.002261111000053],[-103.17213359099998,29.007401963000063],[-103.16938263999998,29.011347175000026],[-103.16493559999998,29.013703763000024],[-103.16013290799998,29.016426116000048],[-103.15557346699995,29.021861599000033],[-103.15484204599994,29.026690264000024],[-103.15295274699997,29.031599253000024],[-103.15299298599996,29.036374523000063],[-103.15264725299994,29.041176611000026],[-103.14873618399997,29.045201889000055],[-103.14646004999997,29.050137745000029],[-103.14492531199994,29.05468096900006],[-103.14139925699999,29.058679393000034],[-103.13697913799996,29.061374292000039],[-103.13208153399995,29.063078060000066],[-103.12670659599996,29.063790615000073],[-103.12228569899997,29.066484924000065],[-103.11956056099996,29.070768668000028],[-103.11959882199994,29.075544463000028],[-103.12411951299998,29.078304480000043],[-103.12763373999996,29.082840470000065],[-103.13147383299997,29.086671250000052],[-103.13582207599995,29.091832186000033],[-103.13969340399996,29.09600199700003],[-103.14124754099998,29.100332021000042],[-103.14009782999995,29.104849079000076],[-103.12848712599998,29.109747467000034],[-103.12046541999996,29.111324942000067],[-103.11535221499997,29.11065332000004],[-103.10904983999995,29.10972197500007],[-103.10355051299996,29.109076366000068],[-103.09721816799998,29.107805042000052],[-103.09103705399997,29.108229663000031],[-103.08702901699996,29.111235531000034],[-103.08227814299994,29.114633536000042],[-103.07752686399999,29.118031354000038],[-103.07274504599997,29.121089701000074],[-103.07043191999998,29.125685612000041],[-103.06767186099995,29.129629385000044],[-103.06324532199994,29.132321651000041],[-103.06006812399994,29.135952416000066],[-103.05573118199999,29.139662319000024],[-103.05534907599997,29.144126117000042],[-103.05880212299996,29.147986625000044],[-103.06383177899994,29.152080672000068],[-103.06502643899995,29.156778244000066],[-103.06309842099995,29.161348001000079],[-103.05866996799995,29.164040302000046],[-103.05334770699994,29.16542789600004],[-103.04817150899999,29.164074198000037],[-103.04400515499998,29.160944536000045],[-103.03888941599996,29.160269045000064],[-103.03490678699995,29.163612649000072],[-103.03172705299994,29.167242851000026],[-103.02938025599997,29.171499076000032],[-103.02634973999994,29.176825923000024],[-103.02438907099997,29.181055853000032],[-103.02162481799996,29.184998987000029],[-103.02011030699998,29.189881377000063],[-103.02055936899995,29.194971842000029],[-103.02023490899995,29.200114916000075],[-103.01872002499994,29.204997484000046],[-103.01390081899996,29.207714451000072],[-103.00902149399997,29.20975244400006],[-103.00280213799999,29.209832526000071],[-102.99732661499996,29.209520483000063],[-102.99214850699997,29.208163822000074],[-102.98723879399995,29.209861405000026],[-102.97738897799996,29.212916498000027],[-102.97462129599995,29.216858713000079],[-102.97146643199994,29.220826988000056],[-102.96744822599999,29.223829133000038],[-102.96191247999997,29.222836390000055],[-102.95664507899994,29.220459685000037],[-102.95250903199997,29.217665274000069],[-102.94834363499996,29.214531312000076],[-102.94343444399999,29.211788583000043],[-102.93754255599998,29.211159955000028],[-102.93477296399999,29.21510108800004],[-102.93328213699999,29.220322014000033],[-102.93101722999995,29.225594872000045],[-102.92783029299994,29.229222485000037],[-102.92508914199999,29.233502979000036],[-102.91984849899995,29.235902259000056],[-102.91475850899997,29.235559930000079],[-102.90934052799997,29.235922081000069],[-102.90490274199999,29.238608339000052],[-102.90135651199995,29.242600549000031],[-102.89905941799998,29.247533573000055],[-102.89828093599999,29.252023899000051],[-102.89714469899997,29.256879544000071],[-102.89520463199995,29.261447394000072],[-102.89603326999998,29.266513562000057],[-102.89683257299998,29.27124032200004],[-102.89801916999994,29.275941317000047],[-102.89917645099996,29.280302878000043],[-102.90045170499997,29.286022410000044],[-102.90277106799999,29.290306558000054],[-102.90625253899998,29.29451315700004],[-102.91003316199999,29.297675346000062],[-102.91199557599998,29.30232477900006],[-102.91613459699994,29.30512144100004],[-102.91848490599995,29.309744954000053],[-102.91889859699995,29.31449798400007],[-102.91850798099995,29.318963363000023],[-102.91737202199994,29.323820095000031],[-102.91581893299997,29.328363250000052],[-102.91307372099999,29.332644556000048],[-102.91199629599998,29.338180461000036],[-102.91249834899997,29.343952471000023],[-102.91174921699997,29.348783586000025],[-102.90942017699996,29.353378693000025],[-102.90494633799995,29.355726249000043],[-102.89981926599995,29.355043532000025],[-102.89469228099995,29.354360564000046],[-102.88929556299996,29.355061328000033],[-102.88359940499998,29.356806238000047],[-102.87998803499994,29.360119861000044],[-102.87726919299996,29.364740138000059],[-102.87455003599996,29.36936040300003],[-102.87141350899998,29.373666805000028],[-102.86747187699996,29.377685014000065],[-102.86299543499996,29.380030911000063],[-102.85807236599999,29.381723143000045],[-102.85412966199999,29.385740928000075],[-102.85054503999999,29.389393368000071],[-102.84743569899996,29.394038869000042],[-102.84393818199999,29.39870995900003],[-102.84160376499995,29.403304146000039],[-102.84314766399996,29.407642188000068],[-102.84728974299998,29.410442376000049],[-102.85113212699997,29.414286910000044],[-102.85566273199998,29.417061161000049],[-102.86085210599998,29.418425398000068],[-102.86391968599997,29.422320917000036],[-102.86170312599995,29.428274326000064],[-102.86515909799999,29.432144214000061],[-102.86360090999995,29.436687884000037],[-102.85923840499999,29.440392511000027],[-102.85442881199998,29.443443383000044],[-102.85039494099999,29.446442756000067],[-102.84761283399996,29.450384014000065],[-102.84527711299995,29.454978907000054],[-102.84210634599998,29.458945739000058],[-102.83810048299995,29.462284414000067],[-102.83373538399997,29.465988219000053],[-102.82925297699995,29.468333204000032],[-102.82479950999999,29.471017680000045],[-102.82165627899997,29.475323729000024],[-102.81967735199999,29.479553119000059],[-102.82050344899994,29.48462280800004],[-102.82165951499996,29.488987634000068],[-102.82206834599998,29.493743290000054],[-102.82170061099998,29.498550103000071],[-102.82052696799997,29.503068366000036],[-102.81818813299998,29.507663281000077],[-102.81507227399999,29.512309250000044],[-102.81061586499999,29.514993427000036],[-102.80538234299996,29.517728411000064],[-102.80134284999997,29.52072645800007],[-102.79816726699994,29.524692627000036],[-102.79585560699996,29.529627029000039],[-102.79668070399998,29.53469756800007],[-102.79711738999998,29.539793626000062],[-102.79800091299995,29.545543777000034],[-102.80142974599994,29.549077221000061],[-102.80300342799995,29.553757261000044],[-102.79812656399997,29.556126919000064],[-102.79533802199995,29.560067902000071],[-102.79377333199994,29.564612036000028],[-102.79179069699995,29.568841876000079],[-102.78777717699995,29.572179561000041],[-102.78579403399999,29.576409370000079],[-102.78381067999999,29.580639186000042],[-102.78185617999998,29.585208794000039],[-102.77781236699997,29.58820645000003],[-102.77293263599995,29.59057513700003],[-102.76849942399997,29.593597844000044],[-102.76570809599997,29.597538413000052],[-102.76372314399998,29.601768076000042],[-102.76173798099995,29.60599774800005],[-102.75975260699994,29.610227427000041],[-102.75710511199998,29.61586701300007],[-102.75517717299999,29.620776356000079],[-102.75283108599996,29.625371198000039],[-102.75003786399998,29.629311668000071],[-102.74506800299997,29.630659799000057],[-102.73923329899998,29.631038690000025],[-102.73429202499995,29.632726150000053],[-102.72940825899997,29.635093065000035],[-102.72449536399995,29.637119920000032],[-102.72044673999994,29.64011574500006],[-102.71723352799995,29.643740809000064],[-102.71402002199994,29.647365808000075],[-102.71122409899999,29.651305458000024],[-102.70842789899996,29.655245072000071],[-102.70613562499994,29.660519005000026],[-102.70770589499995,29.665201828000079],[-102.70849798599994,29.669934958000056],[-102.70812255199996,29.674743550000073],[-102.70532537099996,29.678683318000026],[-102.70261419799999,29.683642722000059],[-102.70143103399994,29.688161792000074],[-102.69944038799997,29.692391210000039],[-102.69786759399994,29.69693544200004],[-102.69668395999997,29.701454610000042],[-102.69750450299995,29.706528175000074],[-102.69793576099994,29.711626898000077],[-102.69343545599997,29.71396750200006],[-102.68851675499997,29.715993066000067],[-102.68317968599996,29.717703527000026],[-102.67867860099994,29.720043528000076],[-102.67417725199999,29.72238334900004],[-102.66922890399997,29.724068110000076],[-102.66428034599994,29.725752645000057],[-102.65891350699997,29.727121963000059],[-102.65334650999995,29.726111411000034],[-102.64730456299998,29.724105649000023],[-102.64093048499996,29.722804317000055],[-102.63547797399997,29.723152589000051],[-102.62974980399997,29.724885207000057],[-102.62324240699996,29.726667163000059],[-102.61745688799999,29.727719217000072],[-102.61342799499994,29.73105152200003],[-102.60903761399999,29.734748430000025],[-102.60548265599999,29.739075611000032],[-102.60348561599994,29.743303740000044],[-102.60109876499996,29.747556614000075],[-102.59718151499999,29.752248372000054],[-102.59518370099994,29.75647648100005],[-102.59519065099994,29.761261003000072],[-102.59244144599995,29.765878583000074],[-102.58882757499998,29.769525545000079],[-102.58339990599995,29.770211128000028],[-102.57755416599997,29.770581081000046],[-102.57176483599994,29.771630712000047],[-102.56692409199997,29.774670841000045],[-102.56492409899994,29.778898611000045],[-102.56414965099998,29.783732615000076],[-102.56376491999998,29.788542071000052],[-102.55973067899998,29.791872811000076],[-102.55488371699994,29.790127606000055],[-102.54922919799998,29.788091258000065],[-102.54338198099998,29.788459310000064],[-102.53800881199999,29.789822613000069],[-102.53444750699998,29.794147971000029],[-102.53289130799999,29.799030911000045],[-102.52832214199998,29.795899811000027],[-102.52467591099997,29.79920478300005],[-102.52428870999995,29.804014281000036],[-102.52398558499999,29.809843982000075],[-102.52479618899997,29.814920291000078],[-102.52521691999999,29.820021121000025],[-102.52410574199996,29.825559910000038],[-102.52132212599997,29.829836293000028],[-102.52135016299997,29.830176360000053],[-102.51307950299997,29.839240072000052],[-102.51154910099996,29.844463329000064],[-102.50709171599999,29.847476823000079],[-102.50171391899994,29.848838456000067],[-102.49628006299997,29.849519636000025],[-102.49126416599995,29.85051629000003],[-102.48722371999997,29.853844740000056],[-102.48223531399998,29.855181069000025],[-102.47674514599998,29.855181042000027],[-102.47125497699994,29.855180726000071],[-102.46565357999998,29.853819709000049],[-102.46222656399999,29.850272456000027],[-102.45768500599996,29.847477952000077],[-102.45283689299998,29.845727755000041],[-102.44726420599994,29.844705881000039],[-102.44177476299996,29.844704012000079],[-102.43656473299995,29.843317318000061],[-102.43138254099995,29.842270471000063],[-102.42461240999995,29.840979617000073],[-102.41912322699994,29.840976556000044],[-102.41399657799997,29.840609056000062],[-102.40886997699994,29.840241304000074],[-102.40285306999999,29.838560885000049],[-102.39792418499997,29.835787862000075],[-102.39257807799999,29.832698487000073],[-102.38706200799999,29.832353634000071],[-102.38173805899999,29.83438923600005],[-102.37808394699994,29.837689395000041],[-102.37487448199994,29.841645786000072],[-102.36960437699997,29.844361053000057],[-102.36416969899994,29.845035336000024],[-102.35862554999994,29.844348847000049],[-102.35447812499996,29.841526051000073],[-102.35367816399997,29.836448086000075],[-102.35365847499997,29.831322545000035],[-102.35366610599999,29.826537178000024],[-102.35400913999996,29.821047842000041],[-102.35557679099998,29.816167312000061],[-102.35251901799995,29.812252870000066],[-102.34748439499998,29.808117271000071],[-102.34255934199996,29.805341843000065],[-102.33738087599994,29.804290424000044],[-102.33212090099994,29.802218468000035],[-102.32833935999997,29.799031103000061],[-102.32455812499995,29.795843628000057],[-102.31966179499994,29.793407291000051],[-102.31482004299994,29.791650916000037],[-102.30995138899999,29.789554236000072],[-102.30435740699994,29.788184781000041],[-102.29876361899994,29.786815030000071],[-102.29355989999999,29.785421394000025],[-102.28832934399998,29.783687413000052],[-102.28307201899997,29.781613089000075],[-102.27789589399998,29.780558776000078],[-102.27305585199997,29.778800517000036],[-102.26740940799999,29.77674894200004],[-102.26184396999997,29.775717336000071],[-102.25638620199999,29.776045795000073],[-102.25185616299996,29.773242854000046],[-102.24732644399995,29.770439737000061],[-102.24248769699994,29.768680103000065],[-102.23720577099999,29.766263457000036],[-102.23192416399996,29.763846559000058],[-102.22700590999995,29.761065982000048],[-102.22245103399996,29.757921786000054],[-102.21722384899999,29.756184357000052],[-102.21176724199995,29.756510462000051],[-102.20727676699994,29.759170367000024],[-102.20765010599996,29.763931637000042],[-102.20919294999999,29.768623146000039],[-102.21031944999999,29.772997868000061],[-102.21071972299995,29.778099397000062],[-102.20992369099997,29.782930721000071],[-102.21068721399996,29.787668987000075],[-102.20866790499997,29.791890022000075],[-102.21132783199994,29.79583176400007],[-102.21055835199996,29.801003433000062],[-102.20515197199995,29.80200947700007],[-102.19927552699994,29.802018100000055],[-102.19396607399995,29.799258934000079],[-102.19089033199998,29.794999798000049],[-102.18563480999995,29.792920499000047],[-102.18079606099997,29.791157899000041],[-102.17593098899994,29.789054961000033],[-102.17075580599999,29.787995305000038],[-102.16563375499999,29.787615642000048],[-102.15978484399994,29.787962162000042],[-102.15429936599998,29.787945156000035],[-102.14936238299998,29.789945585000055],[-102.14406160199997,29.792308958000035],[-102.14045232899997,29.796280698000032],[-102.13762268699998,29.800206341000035],[-102.13479276499999,29.804131944000062],[-102.12990697899994,29.806811829000026],[-102.12442020299994,29.806793249000066],[-102.11893342999997,29.806774381000025],[-102.11583514299997,29.802172803000076],[-102.11569941699997,29.795346958000039],[-102.11566884299998,29.789881782000066],[-102.11454732599998,29.785505852000028],[-102.11113899699995,29.781947696000032],[-102.10630257699995,29.780181686000049],[-102.10136486699997,29.78217980200003],[-102.09853379199996,29.786104243000068],[-102.09770463499996,29.790594660000068],[-102.09609541999998,29.795130829000072],[-102.09204124299998,29.798443470000052],[-102.08710203599998,29.80044100300006],[-102.07893787299997,29.801260037000077],[-102.07378929899994,29.800535689000071],[-102.06996606599995,29.796658664000063],[-102.07038079299997,29.791851004000023],[-102.07079546899996,29.787043401000062],[-102.06850668199996,29.782735271000035],[-102.06434677199996,29.779561245000025],[-102.05984936999994,29.777090075000046],[-102.05441669999999,29.77774809400006],[-102.04950382899995,29.780083885000067],[-102.04750212399995,29.784641859000033],[-102.04248475199995,29.785616750000031],[-102.03733752899996,29.784890629000074],[-102.03172269199996,29.783166405000031],[-102.02681027299997,29.78037624500007],[-102.02340610399995,29.776815266000028],[-102.01883254799998,29.773321901000031],[-102.01498747099998,29.769102980000071],[-102.00940005599995,29.767717766000032],[-102.00454097599999,29.765606953000031],[-102.00131581799997,29.769551093000075],[-101.99663378699995,29.774945716000047],[-101.99421347899994,29.779184925000038],[-101.99342999699996,29.784354759000053],[-101.99342638299998,29.789479721000077],[-101.99147271799995,29.794717072000026],[-101.98749139799997,29.799046170000054],[-101.98210804999997,29.800380813000061],[-101.97664745199995,29.800694633000035],[-101.97118680999995,29.801008168000067],[-101.96606488599997,29.80061868100006],[-101.96086614899997,29.799208387000078],[-101.95465105199997,29.799905930000079],[-101.95461933199994,29.804690900000026],[-101.95261154899998,29.809247331000051],[-101.94855065699994,29.812554503000058],[-101.94340254799994,29.811823691000029],[-101.93844040799996,29.808348770000066],[-101.93345319899998,29.804533444000072],[-101.92924658399994,29.800673465000045],[-101.92470126999996,29.797515948000068],[-101.91942714399994,29.795083025000054],[-101.91673091299998,29.790453483000078],[-101.91559495199999,29.785735230000057],[-101.91076266699997,29.783960129000036],[-101.90556600699995,29.782547136000062],[-101.90070878599994,29.780431401000044],[-101.89502124499995,29.77767928600008],[-101.88943532799999,29.776287607000029],[-101.88379903999999,29.774215269000024],[-101.87857823899998,29.772460783000042],[-101.87518107199998,29.76889503600006],[-101.87139431099996,29.765351222000049],[-101.86652724099997,29.768358665000051],[-101.86124468299994,29.771047691000035],[-101.85430135999997,29.772463511000069],[-101.84884218299999,29.772770612000045],[-101.84384824299997,29.774076095000055],[-101.83802404799997,29.77474472800003],[-101.83263984199999,29.776071566000041],[-101.82744509199995,29.774654703000067],[-101.82181054299997,29.772579020000023],[-101.81622627299998,29.771183434000079],[-101.81100716699996,29.769425575000071],[-101.80539836499997,29.767689226000073],[-101.79857020899999,29.765337410000029],[-101.79371690199997,29.76321678000005],[-101.78554577599999,29.758547943000053],[-101.78178835499995,29.755341153000074],[-101.77798159499997,29.751453879000053],[-101.77493007999999,29.747183024000037],[-101.77095052599998,29.740914308000072],[-101.76860503899997,29.735579587000075],[-101.76552987799994,29.730968456000028],[-101.76070429499998,29.729186645000027],[-101.75454236899998,29.730552476000071],[-101.75001339299996,29.732852280000031],[-101.74677692399996,29.736788196000077],[-101.74312564899998,29.740405392000071],[-101.73766825399997,29.740706641000031],[-101.73203846999996,29.738626283000031],[-101.72752917199995,29.735800854000047],[-101.72336081499998,29.732273428000042],[-101.71921738999998,29.729086049000045],[-101.71402774899997,29.72766370100004],[-101.70844853999995,29.72626249800004],[-101.70296749399995,29.726221735000024],[-101.69804750399999,29.728540630000055],[-101.69441884499997,29.732496233000063],[-101.69035113599995,29.73579268900005],[-101.68518598999998,29.734709074000079],[-101.68106837199997,29.731860350000034],[-101.67695105199999,29.729011484000068],[-101.67137240299996,29.727608289000045],[-101.66316288799999,29.727714207000076],[-101.65821734099995,29.729691032000062],[-101.65368562299994,29.731986640000059],[-101.64881235899998,29.734983648000025],[-101.64513245499995,29.738257182000041],[-101.64228040899997,29.742168740000068],[-101.63903821399998,29.746101397000075],[-101.63460182599994,29.749757146000036],[-101.62972674799994,29.75275339600006],[-101.62648349699998,29.756685768000068],[-101.62362986899996,29.760596996000061],[-101.61909538399999,29.762891280000076],[-101.61363597399998,29.763186045000054],[-101.60766608999995,29.761800359000063],[-101.60391571699995,29.758587134000038],[-101.59875027099997,29.757499168000038],[-101.59356093399998,29.756070714000032],[-101.58720201299997,29.754704848000074],[-101.58434651799996,29.758614981000051],[-101.58431646399998,29.763739544000032],[-101.58465240499999,29.768502989000069],[-101.58462236699995,29.773627680000061],[-101.58495836699996,29.778391245000023],[-101.58605052999997,29.782772723000051],[-101.58638665499996,29.78753639100006],[-101.58596660999996,29.792682274000072],[-101.58310968699999,29.796592747000034],[-101.57859594999996,29.799225750000062],[-101.57371571299996,29.802219752000042],[-101.57207629499999,29.806747886000039],[-101.57085084799996,29.811595446000069],[-101.56884478499995,29.816484814000034],[-101.56561983599994,29.820756219000032],[-101.56015624199995,29.821048224000037],[-101.55567227899996,29.818555065000055],[-101.55114086399999,29.815381135000052],[-101.54739024799994,29.812165439000069],[-101.54361610399997,29.808609342000068],[-101.54174557099998,29.804268691000061],[-101.54177839299996,29.799143617000027],[-101.54302925099995,29.794636830000059],[-101.54427996799996,29.790130079000051],[-101.54584912199999,29.784581759000048],[-101.54870744999994,29.780672426000024],[-101.55195553899995,29.776742239000043],[-101.55437552399997,29.772173122000027],[-101.55326139599998,29.76745117400003],[-101.55061135399995,29.763152769000044],[-101.54613096699995,29.760659563000047],[-101.54101379399998,29.760249227000031],[-101.53587288899996,29.759498390000033],[-101.52220038099995,29.759883600000023],[-101.51717820199997,29.760833115000025],[-101.51225063899994,29.763143429000024],[-101.50773645499999,29.765773139000032],[-101.50283195799994,29.768423301000041],[-101.49829353199999,29.770712368000034],[-101.49382567099997,29.774022070000058],[-101.49057481299997,29.777950417000056],[-101.48688638399994,29.781218709000029],[-101.48485233799994,29.785765799000046],[-101.48125754899996,29.790395113000045],[-101.47756815599996,29.793663178000031],[-101.47181004199996,29.795332249000069],[-101.46630086299996,29.794938721000051],[-101.46072131899996,29.79352400700003],[-101.45504818399996,29.790747811000074],[-101.45318292399998,29.786405768000066],[-101.45285480899997,29.781641688000036],[-101.45330686899996,29.776836777000028],[-101.45336883199997,29.772052368000061],[-101.45384424299999,29.767587849000051],[-101.45470960099999,29.76310292900007],[-101.45477146699994,29.758318685000063],[-101.45678308999999,29.753432235000048],[-101.45684482399997,29.748648107000065],[-101.45690655099997,29.743864038000027],[-101.45274982599994,29.74032572200008],[-101.44724456199998,29.739931241000079],[-101.44275292499998,29.74289823600003],[-101.43989073699998,29.746804286000042],[-101.43863477199994,29.751309287000026],[-101.43657536899997,29.75551482000003],[-101.43534243199997,29.760360155000058],[-101.43449935999996,29.765185161000034],[-101.43168264299999,29.769771773000059],[-101.42881893899994,29.773677785000075],[-101.42473808899996,29.776964194000072],[-101.42107029199997,29.780570442000055],[-101.41652881199997,29.78285601500005],[-101.41109054499998,29.783480477000069],[-101.40565219299998,29.784104656000068],[-101.40046460599996,29.782666487000029],[-101.39481754499997,29.780227387000025],[-101.39217567299994,29.775924816000042],[-101.39029103999997,29.771241518000068],[-101.39035679999995,29.766457216000049],[-101.39120257199994,29.761632550000058],[-101.39365452899995,29.757407632000024],[-101.39773565999997,29.754122604000031],[-101.40138008999998,29.750177144000077],[-101.40589691099996,29.747552150000047],[-101.40915071599994,29.743626750000033],[-101.41199105499999,29.739381313000024],[-101.41363821599998,29.734856477000051],[-101.41292283999996,29.73011318500005],[-101.40773865399996,29.728675576000057],[-101.40289808199998,29.72653695300005],[-101.39734766299995,29.725459343000068],[-101.39234933399996,29.726743011000053],[-101.38696099599997,29.728046637000034],[-101.38150314099994,29.728329209000037],[-101.37602215599998,29.728271234000033],[-101.37191600099999,29.725410348000025],[-101.36852061999997,29.721488303000058],[-101.36590517199994,29.717525961000035],[-101.36404651199996,29.713183131000051],[-101.36331126699997,29.708099515000072],[-101.36106323799999,29.703776840000046],[-101.35805903299996,29.699834573000032],[-101.35468841999995,29.69625257000007],[-101.35218938299994,29.693991313000026],[-101.34932377499996,29.692090294000025],[-101.33964870899996,29.687999081000044],[-101.33997261899998,29.69280658200006],[-101.33809395299994,29.697727256000064],[-101.33504893699995,29.70174294800006],[-101.33200361299998,29.705758591000063],[-101.32895797999998,29.709774186000061],[-101.32125846999998,29.728356165000037],[-101.31436319599999,29.777196337000078],[-101.30975644499995,29.831042328000024],[-101.30653331499997,29.904812660000061],[-101.31273350499998,29.997117225000068],[-101.34666942499996,30.256738152000025],[-101.37179108699996,30.464655557000071],[-101.40452433199994,30.741282699000067],[-101.44410098199995,30.993921684000043],[-101.47128619199998,31.264016905000062],[-101.49966947999997,31.469851630000051],[-101.53006499499998,31.701897847000055],[-101.55631998899997,31.912797628000078],[-101.59260986799995,32.182925911000041],[-101.62460984999996,32.429535710000039],[-101.65471150399998,32.647687413000028],[-101.67410072099995,32.853392240000062],[-101.68961682999998,33.080791814000065],[-101.71185000699995,33.340257717000043],[-101.73231676899997,33.650170203000073],[-101.74689619499998,33.804950766000047],[-101.78752002299996,34.111612209000043],[-101.82976935299996,34.435079789000042],[-101.87331907199996,34.770589432000065],[-101.90653418499994,35.044451005000042],[-101.97495120199994,35.316498691000049],[-102.04796392599997,35.530783812000038],[-102.13331540199994,35.746804624000049],[-102.28443528999998,36.035939561000077],[-102.40624804199996,36.247455916000035],[-102.54970794499997,36.493668011000068],[-102.68547774499996,36.677799902000061],[-102.81813320099997,36.821178062000058],[-103.01108002499996,37.011100583000029],[-103.23395496499995,37.187002245000031],[-103.47047037799996,37.383212361000062]]]},"properties":{"OBJECTID":1,"type":"unceded land","COUNT":8,"SHAPE_Length":48.197344214401319,"SHAPE_Area":63.778681789917492}},{"type":"Feature","id":2,"geometry":{"type":"MultiPolygon","coordinates":[[[[-99.075875636999967,44.115871710000079],[-99.098316465999972,44.115818429000058],[-99.148133590999976,44.115685880000058],[-99.160108892999972,44.115651084000035],[-99.216836549999982,44.11547080400004],[-99.241679896999983,44.115383819000044],[-99.246962734999954,44.115364691000025],[-99.246952330999989,44.123174193000068],[-99.252856648999966,44.235446885000044],[-99.257090279999943,44.34736784100005],[-99.257511296999951,44.377949719000071],[-100.10989579699998,44.382548971000062],[-100.11437294799998,44.364936778000072],[-100.11645715499998,44.353701413000067],[-100.11360115999997,44.333749298000043],[-100.08542290599996,44.326254456000072],[-100.05945145799996,44.312772414000051],[-100.04484539199996,44.303748260000077],[-100.03830166499995,44.299703904000069],[-100.00896274899998,44.28946909900003],[-99.985189151999975,44.285352424000052],[-99.95988779999999,44.284535060000053],[-99.949240368999938,44.284189574000038],[-99.928620964999936,44.279391101000044],[-99.922638470999971,44.272704108000028],[-99.922019984999963,44.262413984000034],[-99.927315519999979,44.251080853000076],[-99.93993968999996,44.235795813000038],[-99.944189878999964,44.228773783000065],[-99.947183016999986,44.223827571000072],[-99.946930938999969,44.219656640000039],[-99.946920931999955,44.219491043000062],[-99.946457499999951,44.211821486000076],[-99.932536055999947,44.18561999800005],[-99.921980361999942,44.167140416000052],[-99.898732110999958,44.150962007000032],[-99.880802081999946,44.143781419000049],[-99.869878793999987,44.140679930000033],[-99.84512829199997,44.139145563000056],[-99.837020866999978,44.141772269000057],[-99.81975562599996,44.147363515000052],[-99.804589310999972,44.153171094000072],[-99.801077954999982,44.154515268000068],[-99.783273366999993,44.156196126000054],[-99.769587417999958,44.153143927000031],[-99.75949673599996,44.150892389000035],[-99.735163572999966,44.142736632000037],[-99.717530039999986,44.140393532000076],[-99.710962223999957,44.137139425000044],[-99.69697408199994,44.130206542000053],[-99.689707368999962,44.126603747000047],[-99.672456412999964,44.116796536000038],[-99.658119276999969,44.116354117000071],[-99.650609788999986,44.120210421000081],[-99.648070363999977,44.121514267000066],[-99.645836660999976,44.123106374000031],[-99.639274449999959,44.127782987000046],[-99.637541541999951,44.131934922000028],[-99.635765386999992,44.136189869000077],[-99.635194015999957,44.147375821000026],[-99.64022715699997,44.153457539000044],[-99.643296624999948,44.157165797000062],[-99.653008690999968,44.16317491600006],[-99.658797948999961,44.166755978000026],[-99.661428373999968,44.168382855000061],[-99.67020366099996,44.175860342000078],[-99.677407753999944,44.183669346000045],[-99.689301293999961,44.189909019000027],[-99.69881272799995,44.196217384000079],[-99.710629406999942,44.201025407000031],[-99.716007285999979,44.20459012300006],[-99.719893566999986,44.209916796000073],[-99.722304488999953,44.217291404000036],[-99.718898975999991,44.227414558000078],[-99.707677402999991,44.233185308000031],[-99.693928937999942,44.238641477000044],[-99.685862300999986,44.241841630000067],[-99.667649335999954,44.243803401000037],[-99.646284100999992,44.239267543000039],[-99.632974431999969,44.234624500000052],[-99.623538532999987,44.231331539000053],[-99.602038526999991,44.224215023000056],[-99.587526252999965,44.213746699000069],[-99.582866088999992,44.207977823000078],[-99.579838112999937,44.20422878100004],[-99.576001127999973,44.192310361000068],[-99.575774911999986,44.155300847000035],[-99.575750876999962,44.151365939000073],[-99.575376416999973,44.141325109000036],[-99.574897512999939,44.128478896000047],[-99.573447474999966,44.116491237000048],[-99.569495630999938,44.102652874000057],[-99.559105292999959,44.09187217200008],[-99.544232520999969,44.08490017500003],[-99.519153517999939,44.073136214000044],[-99.495301390999941,44.06788096400004],[-99.472502235999968,44.057436710000047],[-99.470170001999975,44.056390630000067],[-99.442607235999958,44.044021920000034],[-99.445320082999956,44.061213468000062],[-99.44395921399996,44.052916486000072],[-99.442607235999958,44.044021920000034],[-99.434810778999974,44.040521292000051],[-99.43164410899999,44.038762397000028],[-99.400739575999978,44.021587358000033],[-99.390468742999985,44.012316759000043],[-99.390030451999962,44.009227281000051],[-99.387554934999969,43.991771767000046],[-99.383263045999968,43.982068596000033],[-99.377110807999941,43.971730817000036],[-99.37712567799997,43.970967811000037],[-99.377473782999971,43.953101481000033],[-99.377958689999957,43.951268012000071],[-99.38220427899995,43.935210393000034],[-99.383004187999973,43.932184045000042],[-99.384942488999968,43.91852433300005],[-99.383656289999976,43.906383558000073],[-99.375386976999948,43.899682640000037],[-99.365535644999966,43.89558969400008],[-99.356496384999957,43.891832988000033],[-99.343495290999954,43.882868889000065],[-99.338607587999945,43.875602625000056],[-99.336711532999971,43.872783363000053],[-99.334635736999985,43.84880772300005],[-99.070359415999974,43.849936562000039],[-99.075875636999967,44.115871710000079]]],[[[-97.758138569999971,42.849814457000036],[-97.760081466999964,42.851463924000029],[-97.765030875999969,42.854380770000034],[-97.769996530999947,42.857894675000068],[-97.776554719999979,42.860190489000047],[-97.782317390999992,42.863094927000077],[-97.788860527999987,42.864792812000076],[-97.795339825999974,42.864101314000038],[-97.800888783999937,42.862255447000052],[-97.80097490299994,42.862226798000052],[-97.802469827999971,42.857425017000025],[-97.802341001999991,42.852646893000042],[-97.80628687899997,42.848406709000074],[-97.811904139999967,42.845934382000053],[-97.814373264999972,42.844357821000074],[-97.816693103999967,42.842876463000039],[-97.819588324999984,42.842566739000063],[-97.82316998999994,42.842183484000032],[-97.829646740999976,42.841490164000049],[-97.836139758999991,42.841393778000054],[-97.843477314999973,42.84247947700004],[-97.850003458999936,42.843576900000073],[-97.855734733999952,42.845283444000074],[-97.861466298999972,42.846989720000067],[-97.866419795999946,42.849902519000068],[-97.870578678999948,42.853424664000045],[-97.874407861999941,42.854761478000057],[-97.87713987799998,42.855715151000027],[-97.882906529999957,42.858614913000054],[-97.889451779999945,42.860307479000028],[-97.895946536999986,42.860207950000074],[-97.902424276999966,42.85951083100008],[-97.908867770999962,42.857618874000025],[-97.914499114999956,42.855739164000056],[-97.917626325999947,42.851508026000033],[-97.921564821999937,42.847264155000062],[-97.924691189999976,42.843032789000063],[-97.929457551999974,42.839373226000077],[-97.931771516999959,42.835154316000057],[-97.932444969999949,42.830363488000046],[-97.935552574999974,42.825534478000066],[-97.936225658999945,42.820743568000069],[-97.936208368999985,42.82014629300005],[-97.945069560999968,42.80661331400006],[-97.951792911999974,42.79342242000007],[-97.963561812999956,42.782767686000057],[-97.973227448999978,42.773192112000061],[-97.986564654999938,42.767743860000053],[-98.009082728999942,42.760574578000046],[-98.031108244999984,42.760737162000055],[-98.044047753999962,42.765757606000079],[-98.062573214999986,42.767542846000026],[-98.080308300999945,42.766721511000071],[-98.096266324999988,42.763434074000031],[-98.104726910999943,42.764246138000033],[-98.113911663999943,42.767435676000048],[-98.118579982999961,42.771419337000054],[-98.124432343999956,42.771796752000057],[-98.136892629999977,42.775884294000036],[-98.148187484999937,42.784054622000042],[-98.155592455999965,42.792291907000049],[-98.162991525999985,42.800289752000026],[-98.171968142999958,42.806825122000077],[-98.185426888999984,42.811368232000063],[-98.197335601999953,42.818088805000059],[-98.212024759999963,42.830256169000052],[-98.225508232999971,42.845072736000077],[-98.230441541999937,42.846895940000024],[-98.239731879999965,42.848831217000054],[-98.246984848999944,42.848125776000074],[-98.25520561999997,42.845298772000035],[-98.271430840999983,42.848634613000058],[-98.285904904999938,42.85391300100008],[-98.312801492999938,42.865076805000058],[-98.334869998999977,42.871736805000069],[-98.347828690999961,42.877992695000046],[-98.363094684999965,42.883247011000037],[-98.378841988999966,42.887342865000051],[-98.397067252999989,42.895213062000039],[-98.409728146999953,42.90012971200008],[-98.431093717999943,42.908316059000072],[-98.455359331999944,42.917397235000067],[-98.476251441999977,42.926541282000073],[-98.491314247999981,42.932739968000078],[-98.501980411999966,42.939599503000068],[-98.507934245999991,42.945674177000058],[-98.51419677399997,42.95300424800007],[-98.516320107999945,42.960991852000063],[-98.525959930999989,42.968061272000057],[-98.535074149999957,42.974949479000031],[-98.545586125999989,42.984293892000039],[-98.560367939999992,42.996225915000025],[-98.566007112999955,43.007389939000063],[-98.573830642999951,43.027838492000058],[-98.580164182999965,43.050076037000053],[-98.587493922999954,43.057570650000059],[-98.602924392999967,43.065468432000046],[-98.619265574999986,43.069903715000066],[-98.629532805999986,43.072362861000045],[-98.646929808999971,43.070462992000046],[-98.660126547999937,43.067886146000035],[-98.674716978999982,43.067572058000053],[-98.688677133999988,43.06628848400004],[-98.702096145999974,43.069246817000078],[-98.718402592999951,43.079023225000071],[-98.741749495999954,43.094951084000058],[-98.756701371999952,43.103222838000079],[-98.776224393999939,43.11464062400006],[-98.801981441999942,43.137576566000064],[-98.810813933999952,43.142729723000059],[-98.825525500999959,43.144880842000077],[-98.858626133999962,43.143549016000065],[-98.870176490999938,43.145002956000042],[-98.882725050999966,43.151403320000043],[-98.900110668999957,43.166865981000058],[-98.907381824999959,43.177557797000077],[-98.911736392999956,43.186326147000045],[-98.916731968999954,43.195385073000068],[-98.920980820999944,43.20644941200004],[-98.921625648999964,43.22111568400004],[-98.923936046999984,43.230848781000077],[-98.928545797999959,43.235786817000076],[-98.937638441999979,43.23801900400008],[-98.957515733999969,43.238159170000074],[-98.958079753999982,43.238203274000057],[-98.968010916999958,43.238979411000059],[-98.987564074999966,43.245851391000031],[-99.002077863999943,43.252230444000077],[-99.027335029999961,43.266553655000052],[-99.052432496999984,43.284443828000065],[-99.081520873999978,43.30681757800005],[-99.096694037999953,43.322344292000025],[-99.111137632999942,43.340028003000043],[-99.119244857999945,43.356492492000029],[-99.126145269999938,43.364141688000075],[-99.139883837999946,43.374188969000045],[-99.153853758999958,43.389007115000027],[-99.174434755999982,43.408313971000041],[-99.198287701999959,43.429403950000051],[-99.20926611699997,43.43650854100008],[-99.225742988999968,43.440442649000033],[-99.245458484999972,43.442595013000073],[-99.269260436999957,43.446695811000041],[-99.293213279999975,43.450424846000033],[-99.307232686999953,43.454897589000041],[-99.318516604999957,43.461136934000081],[-99.322304516999964,43.46909434500003],[-99.322753096999975,43.487429640000073],[-99.328445473999977,43.506656654000039],[-99.328267920999963,43.514093215000059],[-99.327938570999947,43.527882926000075],[-99.341756654999983,43.53703069900007],[-99.363237995999953,43.551359754000032],[-99.376505276999978,43.564187483000069],[-99.38173723899996,43.575696325000081],[-99.383218500999988,43.588191770000037],[-99.381417544999977,43.602304480000043],[-99.378073841999992,43.610955399000034],[-99.376363373999936,43.61864481200007],[-99.379633386999956,43.624976691000029],[-99.389280912999936,43.636638719000075],[-99.394649053999956,43.646887511000045],[-99.399169422999989,43.652909600000044],[-99.40366540399998,43.658443018000071],[-99.412130386999991,43.659282425000072],[-99.420437237999977,43.657068465000066],[-99.430968701999973,43.653111502000058],[-99.438675329999967,43.651524168000037],[-99.454643799999985,43.650931330000049],[-99.465412825999977,43.651550623000048],[-99.47419245399999,43.654364312000041],[-99.481581787999971,43.658744695000053],[-99.485834478999948,43.663517784000078],[-99.490006785999981,43.670738677000031],[-99.49427703899994,43.675816649000069],[-99.499963366999964,43.67978486800007],[-99.507000775999984,43.681422136000037],[-99.506405705999953,43.689172614000029],[-99.502806709999959,43.695769633000054],[-99.491945559999976,43.702328904000069],[-99.479583888999969,43.70979155200007],[-99.451403037999967,43.724900560000037],[-99.438628222999967,43.732511829000032],[-99.442190290999974,43.745214138000051],[-99.450348033999944,43.760082164000039],[-99.459442189999947,43.772631111000067],[-99.465021558999979,43.786688240000046],[-99.465217324999969,43.787181349000036],[-99.458802373999958,43.795572843000059],[-99.447504991999949,43.801423775000046],[-99.426932103999945,43.803214516000025],[-99.415472460999979,43.804210499000078],[-99.377408404999983,43.807724582000048],[-99.362777025999947,43.819483228000081],[-99.361919757999942,43.820704870000043],[-99.351709083999992,43.835251374000052],[-99.35051572499998,43.848080721000031],[-99.356722108999975,43.866251143000056],[-99.359846092999987,43.875717503000033],[-99.36885056899996,43.88139714600004],[-99.381226062999986,43.885839450000049],[-99.39200114199997,43.889941789000034],[-99.395462306999946,43.893540446000031],[-99.401491391999969,43.899807812000063],[-99.402683990999947,43.917728535000037],[-99.402960011999937,43.938347264000072],[-99.397088593999968,43.95103419700007],[-99.393493855999964,43.95819731000006],[-99.394478086999982,43.972111595000058],[-99.402214022999942,43.988707599000065],[-99.410178391999978,44.004532733000076],[-99.422628928999984,44.020044177000045],[-99.429404783999985,44.023105985000029],[-99.443204743999956,44.027200791000041],[-99.454177787999981,44.034538334000047],[-99.46642451699995,44.040885082000045],[-99.47916182199998,44.046453281000026],[-99.491545454999937,44.050311454000052],[-99.502293299999963,44.053259174000061],[-99.513570882999943,44.056191212000044],[-99.523863690999974,44.060486457000025],[-99.54013994099995,44.067668032000029],[-99.552319037999951,44.073039357000027],[-99.558047932999955,44.075565232000031],[-99.573948402999974,44.085426311000049],[-99.584413240999936,44.097540429000048],[-99.588479433999964,44.10888114800008],[-99.590817055999992,44.127335334000065],[-99.590978564999944,44.133211364000033],[-99.591288420999945,44.144481470000073],[-99.591832311999951,44.164253870000039],[-99.592336925999973,44.170742391000033],[-99.59355050399995,44.186341480000067],[-99.596609771999965,44.202221163000047],[-99.605457074999947,44.210194014000081],[-99.620015902999967,44.218002609000052],[-99.639959041999987,44.225775422000027],[-99.659664520999968,44.23222148900004],[-99.669013466999957,44.231842499000038],[-99.680645173999949,44.231369997000058],[-99.692687088999946,44.227147883000043],[-99.701186807999989,44.219915194000066],[-99.70013849299994,44.210782149000067],[-99.688621427999976,44.204246220000073],[-99.663218455999981,44.186657924000031],[-99.642765987999951,44.171976303000065],[-99.628116166999973,44.156551733000072],[-99.620365528999969,44.145891560000052],[-99.620385085999942,44.143649670000059],[-99.620473803999971,44.133477951000032],[-99.625038592999942,44.120172268000033],[-99.634442161999971,44.112833740000042],[-99.639772057999949,44.108673216000057],[-99.654015379999976,44.102723735000041],[-99.666289347999964,44.099503095000046],[-99.678408022999974,44.102968961000045],[-99.695802386999958,44.110670901000049],[-99.712498173999961,44.121373563000077],[-99.713474227999939,44.121799204000069],[-99.726792867999961,44.127605890000041],[-99.749817420999989,44.133698307000031],[-99.77912827099999,44.140929176000043],[-99.797960984999975,44.141210335000039],[-99.818670880999946,44.136229521000075],[-99.839113138999949,44.132463192000046],[-99.860323521999987,44.130363786000032],[-99.888845027999992,44.135415890000047],[-99.908802055999956,44.14326814900005],[-99.924219520999941,44.152024951000044],[-99.941085072999954,44.167825525000069],[-99.952569448999952,44.180068864000077],[-99.957770186999937,44.19365386000004],[-99.95851490199999,44.205946134000044],[-99.967381256999943,44.214260005000028],[-99.968650468999954,44.220009128000072],[-99.969579130999989,44.224214980000056],[-99.967715046999956,44.23286544900003],[-99.958451593999939,44.244325298000035],[-99.944273276999979,44.266819932000033],[-99.947766761999958,44.271865564000052],[-99.959909171999982,44.27492219700008],[-99.975909223999963,44.275851801000044],[-99.995109888999991,44.276964652000061],[-100.00755528599996,44.27840827600005],[-100.02727858099996,44.281504354000049],[-100.04490006899994,44.289246694000042],[-100.07169273199997,44.306115434000048],[-100.07519606999995,44.308320043000037],[-100.09565274899995,44.316536711000026],[-100.11153719499998,44.321748760000048],[-100.14280513199998,44.324165049000044],[-100.17986865699999,44.329818815000067],[-100.20906792499994,44.337155620000033],[-100.22754983199997,44.339116829000034],[-100.25844480899997,44.347817659000043],[-100.28696189099998,44.350577742000041],[-100.30632093799994,44.357177623000041],[-100.31064460299996,44.35865104800007],[-100.33683601399997,44.36233840400007],[-100.36729676099998,44.364154897000049],[-100.38486542799996,44.370134353000026],[-100.40670676799999,44.391999980000037],[-100.41451812299994,44.401178241000025],[-100.41855928899997,44.420828415000074],[-100.41858837999996,44.440872292000051],[-100.42564206399999,44.450552945000027],[-100.44051904599996,44.457668589000036],[-100.46996855099997,44.467323949000047],[-100.49458935299998,44.472562334000031],[-100.51126481999995,44.470824801000049],[-100.53044003999997,44.462886862000062],[-100.54227812599999,44.458455599000047],[-100.55355863399996,44.454231425000046],[-100.57653013399994,44.45493147500008],[-100.59239094699996,44.456839742000057],[-100.60220851899999,44.463738380000052],[-100.62534291699995,44.474160298000072],[-100.62819811899999,44.481183387000044],[-100.62872352499994,44.488561833000063],[-100.62627318999995,44.496287364000068],[-100.61904776899996,44.502516286000059],[-100.60872624699994,44.507425452000064],[-100.59604113199998,44.511942074000046],[-100.59412744899998,44.512939710000069],[-100.58767864799995,44.516301131000034],[-100.58605774299997,44.517625950000081],[-100.57790329199997,44.524289672000066],[-100.57404761099997,44.531109661000073],[-100.56506588199994,44.536205043000052],[-100.55618293699996,44.54272773100007],[-100.55090918999997,44.548404564000066],[-100.54831395999997,44.554223766000064],[-100.55715168499995,44.556531420000056],[-100.57199838199995,44.558860873000071],[-100.58712856699998,44.560462603000076],[-100.60193117499995,44.566846288000079],[-100.62440028099996,44.577721231000055],[-100.63589060199996,44.579688343000043],[-100.65007050999998,44.586566421000043],[-100.66322919499999,44.597774989000072],[-100.66899217399998,44.608251969000037],[-100.67037802199997,44.61822141500005],[-100.67538800599999,44.632113193000066],[-100.68026954799996,44.639567875000068],[-100.68139323099996,44.650500590000036],[-100.67850662899997,44.656809425000063],[-100.67342307499996,44.665107276000072],[-100.66825250099998,44.672215173000041],[-100.66504123999994,44.684260409000046],[-100.65934733699999,44.707368855000027],[-100.65660160699997,44.729652528000031],[-100.65752882299995,44.738442055000064],[-100.65765436799995,44.739631952000025],[-100.66385024799996,44.745495146000053],[-100.66663354499997,44.748128531000077],[-100.68336943099996,44.752761832000033],[-100.69587687799998,44.75444815600008],[-100.71154557999995,44.75816308900005],[-100.73176531999997,44.76456945800004],[-100.75075820599994,44.77244952500007],[-100.76585328599998,44.781903687000067],[-100.76664978499997,44.782768529000066],[-100.77604786199998,44.792970779000029],[-100.77961693599997,44.805000950000078],[-100.78109442699997,44.815916697000034],[-100.77741864099994,44.825117327000044],[-100.77045259599998,44.830624847000081],[-100.76116309399998,44.836457085000063],[-100.75596259599996,44.837360027000045],[-100.74891781999997,44.83858280100003],[-100.73579392999994,44.837878120000028],[-100.71934499699995,44.837533599000039],[-100.70261922099996,44.833381485000075],[-100.68756676999999,44.829165759000034],[-100.65063946599997,44.804999572000042],[-100.63094028299997,44.791884082000081],[-100.61502481399998,44.780059546000075],[-100.59798234099998,44.77113558700006],[-100.58642545899994,44.768690007000032],[-100.57584023499999,44.770501428000046],[-100.57014843099995,44.77523698300007],[-100.56718890199994,44.781189700000027],[-100.56604375599994,44.783492686000045],[-100.56402638399999,44.792865798000037],[-100.55480861699999,44.804642326000078],[-100.54802730099999,44.817761757000028],[-100.54164425399995,44.827050824000025],[-100.53357117799999,44.836160929000073],[-100.52343952799998,44.842036352000036],[-100.52262119099998,44.842510828000059],[-100.50063188599995,44.854018266000026],[-100.48649810599994,44.861632292000081],[-100.46948384099994,44.870011563000048],[-100.45795820099994,44.877128642000059],[-100.45094755199995,44.884392410000032],[-100.44838177299994,44.896994077000045],[-100.45217812099997,44.908458318000044],[-100.45813150599997,44.926255342000047],[-100.46052990799996,44.932240101000048],[-100.46410229399999,44.941152045000081],[-100.46754574199997,44.956746711000051],[-100.46602083899995,44.972473717000071],[-100.46844010899997,44.994968332000042],[-100.46793792599999,45.012529710000081],[-100.45629447299996,45.024529335000068],[-100.44420094799995,45.033187117000068],[-100.43193654799995,45.039408755000068],[-100.42608326399994,45.04815336200005],[-100.41652754599994,45.050008560000038],[-100.41239072399998,45.050906246000068],[-100.40232109599998,45.053090673000042],[-100.38083890299998,45.050471390000041],[-100.36141240799998,45.046405779000054],[-100.34599386599996,45.037930394000057],[-100.33085574999996,45.033562112000027],[-100.32042048299996,45.03513485600007],[-100.31555479699995,45.039569812000025],[-100.32256662599997,45.044671949000076],[-100.33193085699997,45.049541627000053],[-100.34315262199999,45.054917100000068],[-100.34990041099996,45.05952405000005],[-100.35443325199998,45.06261818400003],[-100.36641456699999,45.074260024000068],[-100.37228477199994,45.087786941000047],[-100.36728263299995,45.102904219000038],[-100.36100749399998,45.115166332000058],[-100.35757008699994,45.12701682900007],[-100.35251008999995,45.141771837000078],[-100.34314756999999,45.15867329200006],[-100.33301197499998,45.17617122200005],[-100.32577163099995,45.188709609000057],[-100.32044922099999,45.211760846000061],[-100.31939125999997,45.22609088300004],[-100.31523809599997,45.236522136000076],[-100.31171742499998,45.250362202000076],[-100.31408077299994,45.261431681000033],[-100.31689310799999,45.264972857000032],[-100.32159994599999,45.270898440000053],[-100.33545105699994,45.284153308000043],[-100.34821173699999,45.29915842500003],[-100.35705343999996,45.311560322000048],[-100.35716615099994,45.311718380000059],[-100.35543901699998,45.322066882000058],[-100.35140174599996,45.334208153000077],[-100.34299198299999,45.347639723000043],[-100.33344155999998,45.356249926000032],[-100.32105668199995,45.370956032000038],[-100.31891749599998,45.381316277000053],[-100.31641140599999,45.392260080000028],[-100.32051572199998,45.39898127500004],[-100.32496783599998,45.40483327700008],[-100.32905455699995,45.411268891000077],[-100.33239035499997,45.418586848000075],[-100.33576558099998,45.426474828000039],[-100.34105023599994,45.432583800000032],[-100.34739571699998,45.436370695000051],[-100.35297080999999,45.44075478700006],[-100.35860499099994,45.445993886000053],[-100.36696259999997,45.455426815000067],[-100.37387308799998,45.461479201000031],[-100.38142462699994,45.470938330000081],[-100.38922692799997,45.478102467000042],[-100.39683474499998,45.48241534400006],[-100.40154777099997,45.485969295000075],[-100.40510444599994,45.490419726000027],[-100.40831532999994,45.495739030000038],[-100.41655744099995,45.509172258000035],[-100.43861851899999,45.516701896000029],[-100.51054170699996,45.516495983000027],[-100.52588618899995,45.520816663000062],[-100.52986457399999,45.527726512000072],[-100.53330467999996,45.533700061000047],[-100.53573678199996,45.550757906000058],[-100.53212436099994,45.568598555000051],[-100.51154370299997,45.588174152000079],[-100.48963648499995,45.600649390000058],[-100.47832370899994,45.607611982000037],[-100.47458608199997,45.629737227000078],[-100.47707499699999,45.659358218000079],[-100.47210656599998,45.669812620000073],[-100.45590200299995,45.676940467000065],[-100.44892464199995,45.678352742000072],[-100.43380406799997,45.681411750000052],[-100.40633916799999,45.684919337000053],[-100.39337748699995,45.691632584000047],[-100.39217595699995,45.692254751000064],[-100.37578038599997,45.696807842000055],[-100.37207570599998,45.714068226000052],[-100.36903032299995,45.735017949000053],[-100.38838687199996,45.755496151000045],[-100.41360527799998,45.772059521000074],[-100.41873692099995,45.781307986000058],[-100.42031343799994,45.798101195000072],[-100.42625313399998,45.801325226000074],[-100.43198493899996,45.807411395000031],[-100.43797666099994,45.817200219000028],[-100.44030335699995,45.827113956000062],[-100.43757533899998,45.864037453000037],[-100.43678128699997,45.876055116000032],[-100.44315683299999,45.879548672000055],[-100.45026871199997,45.881874776000075],[-100.46170653099995,45.881768241000032],[-100.47200132199998,45.882841967000047],[-100.48043862199995,45.88654828500006],[-100.48812172899994,45.891136543000073],[-100.49429563699994,45.897489384000039],[-100.50012351799995,45.904710282000053],[-100.50205515399995,45.914634980000073],[-100.50680616599999,45.918181565000054],[-100.51663873699994,45.918411504000062],[-100.52775641299996,45.919452393000029],[-100.53695672899994,45.922272044000067],[-100.55034140399994,45.932081470000071],[-100.56007744099998,45.942302786000027],[-100.56700207899996,45.954353651000076],[-100.56832944899998,45.955951034000066],[-100.57506994099998,45.964061128000026],[-100.58371353099994,45.97603123500005],[-100.58833361899997,45.983289943000045],[-100.59185335799998,45.992299780000053],[-100.59815096099999,46.000069650000057],[-100.60636852699997,46.006058729000074],[-100.61715683599999,46.007960281000067],[-100.62782084499997,46.008152820000078],[-100.63892040199994,46.014711137000063],[-100.64533592999999,46.023045233000062],[-100.64767487599994,46.031643239000061],[-100.64669130499999,46.039170311000078],[-100.64305185699999,46.047743166000032],[-100.64218942399998,46.056930374000046],[-100.64708494199999,46.065436703000046],[-100.65985988699998,46.076515350000079],[-100.67092061899996,46.101328100000046],[-100.67535866299994,46.11971776300004],[-100.67654591399997,46.14036304900003],[-100.67232999599997,46.159655109000028],[-100.66367306699999,46.17446820400005],[-100.65664475799997,46.181257216000063],[-100.63258558699994,46.217991704000042],[-100.62161509199996,46.233376363000048],[-100.61534581799998,46.248336158000029],[-100.61534716799997,46.24836192500004],[-100.61577434099996,46.256522073000042],[-100.62084402099998,46.264900645000068],[-100.62190741899997,46.267275917000063],[-100.62555896799995,46.275430718000052],[-100.62660647399997,46.28502039500006],[-100.62564754399995,46.294841659000042],[-100.62562837699994,46.295037924000042],[-100.62200610899998,46.304078931000049],[-100.61428614599998,46.313382800000056],[-100.60936546199997,46.318784780000044],[-100.60476986899994,46.333325119000051],[-100.60386519199994,46.360805822000032],[-100.60891213999997,46.373461205000069],[-100.61425421599995,46.387769095000067],[-100.74892863799994,46.389043842000035],[-100.74653282499997,46.438665270000058],[-100.74945500599995,46.436646375000066],[-100.75095790799998,46.432127729000058],[-100.75465497099998,46.428167336000058],[-100.75709310299999,46.423827220000078],[-100.76016009199998,46.419676792000075],[-100.76684002899998,46.418584030000034],[-100.77355196899998,46.417914947000043],[-100.77604555499994,46.419369304000043],[-100.77869878499996,46.420916639000041],[-100.78067937399999,46.422753961000069],[-100.78266822799998,46.424598804000027],[-100.78692857199997,46.428057632000048],[-100.79180260999999,46.431493915000033],[-100.79695140799998,46.434494789000041],[-100.80319747799996,46.435754606000046],[-100.80755339099994,46.432406327000081],[-100.81321650199999,46.430072920000043],[-100.81789433999995,46.426925010000048],[-100.82231136199994,46.424125050000043],[-100.82287828099999,46.423765647000039],[-100.82782911899994,46.420182065000063],[-100.83218263999998,46.416832836000026],[-100.83887735899998,46.415948409000066],[-100.84565368899996,46.416123652000067],[-100.84999799399998,46.417804170000068],[-100.85167428099999,46.418452548000062],[-100.85566423999995,46.422344527000064],[-100.85755787199997,46.426951749000068],[-100.85943537199995,46.431346897000026],[-100.86428077299996,46.434356481000066],[-100.87119077099999,46.436226318000081],[-100.87803527899996,46.437247834000061],[-100.88335660699994,46.434498849000079],[-100.88738505999999,46.43094732600008],[-100.89336817699996,46.42881103600007],[-100.89672834099997,46.427854503000049],[-100.89938397699996,46.427098442000045],[-100.90614510999995,46.427058572000078],[-100.90775448799997,46.428340165000066],[-100.91073558299996,46.430713893000075],[-100.91411676599995,46.434626907000052],[-100.92015828399997,46.437164536000068],[-100.92669706699996,46.438195006000058],[-100.93368267999995,46.43708231200003],[-100.93896819899999,46.433907110000064],[-100.93826133899995,46.428831058000071],[-100.93757126699995,46.423966924000069],[-100.93763073999997,46.422835212000052],[-100.93781755199996,46.419280128000025],[-100.93991950299994,46.41473607000006],[-100.94202114899997,46.41019192400006],[-100.94800043299995,46.408053034000034],[-100.95504922699996,46.40778709600005],[-100.96177474599995,46.40732037500004],[-100.96546108099994,46.406592364000062],[-100.96843307799998,46.406005339000046],[-100.97245489599999,46.402450953000027],[-100.97331979699999,46.400679753000077],[-100.97457056999997,46.398118142000044],[-100.97637955799996,46.393796870000074],[-100.97478459199999,46.389179359000082],[-100.97167487799999,46.384831838000025],[-100.97535524799997,46.380864772000052],[-100.97969818399997,46.37751032400007],[-100.98433013999994,46.373932058000037],[-100.98675031399995,46.369587097000078],[-100.98917015099994,46.36524204300008],[-100.99189588999997,46.360885240000073],[-100.99559043199997,46.35712938100005],[-101.00088297599996,46.354163063000044],[-101.00619190599997,46.351408525000068],[-101.01218032499997,46.349478414000032],[-101.01852531399999,46.348172353000052],[-101.02502256199995,46.34877412700007],[-101.02517363599998,46.348819392000053],[-101.03131557599994,46.350659417000031],[-101.03817035599997,46.351884827000049],[-101.04466817499997,46.352485625000043],[-101.05067254899996,46.350765774000081],[-101.05434594399998,46.34679615400006],[-101.05738955399994,46.342637999000033],[-101.05729535799998,46.341466973000081],[-101.05699732799997,46.337761622000073],[-101.05271123599994,46.33409875600006],[-101.04811956899994,46.330447505000052],[-101.04412354199997,46.326560474000075],[-101.04254230999999,46.322155032000069],[-101.03943122999999,46.317808382000067],[-101.04121646399994,46.313273309000067],[-101.04363038099996,46.308926636000081],[-101.04764175199995,46.305369078000069],[-101.05323342999998,46.302388472000075],[-101.05756680599995,46.299030787000049],[-101.06188266199996,46.295460891000062],[-101.06398858799997,46.291125473000079],[-101.06702887399996,46.286966514000028],[-101.06803033099999,46.284162593000076],[-101.06889014799998,46.283221150000031],[-101.07225913599996,46.279531989000077],[-101.07800131099998,46.278458563000072],[-101.09424371999995,46.278252995000059],[-101.09755539999998,46.278219849000038],[-101.10895698099995,46.278105091000043],[-101.11836346299998,46.273057907000066],[-101.12775629199996,46.271626719000039],[-101.14122752899999,46.271311051000055],[-101.15134599799995,46.26750966000003],[-101.16172951099998,46.263556363000077],[-101.16443355799998,46.262526634000039],[-101.17381584599997,46.257263227000067],[-101.17729239399995,46.254785651000077],[-101.17436700399998,46.252773998000066],[-101.16894427099999,46.250222742000062],[-101.16436937199995,46.246786849000046],[-101.16098273899996,46.242878439000037],[-101.15968367799996,46.238249379000081],[-101.15930155599995,46.233584098000051],[-101.15985353899998,46.229094665000048],[-101.16069361299998,46.224381060000042],[-101.16498113699998,46.22059504300006],[-101.17054234699998,46.217396738000048],[-101.17649558199997,46.215246415000081],[-101.18277133099997,46.213295770000059],[-101.18875868299995,46.211569003000079],[-101.19510361299996,46.210466021000059],[-101.20150242399995,46.209599075000028],[-101.20177128299997,46.209562642000037],[-101.20876174199998,46.208858819000056],[-101.21507095199996,46.207330728000045],[-101.22137985799998,46.205802328000061],[-101.22666665699995,46.203037855000048],[-101.22730028499996,46.202605792000043],[-101.23130697399995,46.199873460000049],[-101.23623460099998,46.196484574000067],[-101.23645780299995,46.191794569000081],[-101.23698631699995,46.187092275000055],[-101.23783768999999,46.182589764000056],[-101.24023305899999,46.178238069000031],[-101.24106645399996,46.173523358000068],[-101.24374887799996,46.168947174000039],[-101.24366619399996,46.164269091000051],[-101.24512720099995,46.159741774000054],[-101.25069664399996,46.156751673000031],[-101.25701730699996,46.155433452000068],[-101.26330231799994,46.153690747000041],[-101.26998073299995,46.152995855000029],[-101.27672995999995,46.153148964000081],[-101.27697159499996,46.153178773000036],[-101.28322733599998,46.15395032400005],[-101.28968930799999,46.154327193000029],[-101.29640311199995,46.154055120000066],[-101.30313468699995,46.153994784000076],[-101.30947182999995,46.152886100000046],[-101.31607816199994,46.151340524000034],[-101.32202020599999,46.149183234000077],[-101.32760298599999,46.14640186500003],[-101.45477964799994,46.122847231000037],[-101.46112934699994,46.12194319200006],[-101.46761849499995,46.119117377000066],[-101.47288724799995,46.11634237800007],[-101.47946734299995,46.11457633200007],[-101.48612079699996,46.113658256000065],[-101.49282941799999,46.113376070000072],[-101.49689653199994,46.113075425000034],[-101.49951950399998,46.112881464000054],[-101.50581206899994,46.111339002000079],[-101.50946140499997,46.107566403000078],[-101.51181032199997,46.10513783600004],[-101.51311030699998,46.103793667000048],[-101.51805237899998,46.10081754600003],[-101.51977856799999,46.096061502000055],[-101.52340763899997,46.09207629000008],[-101.52933702199994,46.089909271000067],[-101.53560798199999,46.088153203000047],[-101.54263709199995,46.088067590000037],[-101.54833735899996,46.088389053000071],[-101.54909385099995,46.088431696000043],[-101.55555068299998,46.088795483000069],[-101.56152872199999,46.090669494000053],[-101.56752581399996,46.092755300000078],[-101.57325590799996,46.095277992000035],[-101.57725106299995,46.09893898100006],[-101.57975983399996,46.103089153000042],[-101.58318359799995,46.107200100000057],[-101.58658903899999,46.111098852000055],[-101.59115824199995,46.114309042000059],[-101.59601404199998,46.117293914000072],[-101.60144255399996,46.119828293000069],[-101.60748141199997,46.122336229000041],[-101.61375026299999,46.123982541000032],[-101.62026775399994,46.124979256000074],[-101.62682326599997,46.12639974700005],[-101.63284482999995,46.128694420000045],[-101.63798975199995,46.131452419000027],[-101.64344012999999,46.134197011000026],[-101.64887199499998,46.136729314000036],[-101.65316018499999,46.140162373000067],[-101.65477942999996,46.144562342000029],[-101.65761919599998,46.148909376000063],[-101.66015425899997,46.153269528000067],[-101.66267063599997,46.157417554000062],[-101.66612179099997,46.161737807000065],[-101.66896310999994,46.166084412000032],[-101.67270126999995,46.170179135000069],[-101.67785131299996,46.172935282000026],[-101.68357397599999,46.175240622000047],[-101.68929705399995,46.177545698000074],[-101.69528746099996,46.179413179000051],[-101.70183113299998,46.180617705000031],[-101.70814662499998,46.182683275000045],[-101.71415729499995,46.184761877000028],[-101.72064415999995,46.185329425000077],[-101.72741711699996,46.185671267000032],[-101.73388490999997,46.186026152000068],[-101.74060008999999,46.185731298000064],[-101.74765909999996,46.185846677000029],[-101.75340483199994,46.188360888000034],[-101.75884576699997,46.190888285000028],[-101.76489766899999,46.193388506000076],[-101.77091122599995,46.195464447000063],[-101.77690574499997,46.197328108000079],[-101.78314754499996,46.198542007000071],[-101.78967539999996,46.199530092000032],[-101.79635275599998,46.198808410000026],[-101.80262707999998,46.197040002000051],[-101.80922585999997,46.195469703000072],[-101.81519423499998,46.193714247000059],[-101.82179235299998,46.192143302000034],[-101.82846855999998,46.191419967000058],[-101.83480012599995,46.190285947000064],[-101.84182051599998,46.189972271000045],[-101.84853560599998,46.189671881000038],[-101.85525063399996,46.189371146000042],[-101.86261547999999,46.189466645000039],[-101.86963564099995,46.189151476000063],[-101.87598600199999,46.188227440000048],[-101.88266117199998,46.187501333000057],[-101.88929657399996,46.186350924000067],[-101.89554722499997,46.184366025000031],[-101.90141291299994,46.181546680000054],[-101.90413206599999,46.180174535000049],[-101.90697291199996,46.178740851000043],[-101.91287733399997,46.176344920000076],[-101.91910634899995,46.174146864000079],[-101.92435978499998,46.171354072000042],[-101.92798754699999,46.16757037900004],[-101.92937958999994,46.162823596000067],[-101.93046636299994,46.158090598000058],[-101.93002779199998,46.153426811000031],[-101.92928426899994,46.148776822000059],[-101.93102065999994,46.144439944000055],[-101.93306178399996,46.140089136000029],[-101.93479767699995,46.135752115000059],[-101.94117261399998,46.128649002000031],[-101.94510181299995,46.124850558000048],[-101.94872566199996,46.121065858000065],[-101.95106966599997,46.116700622000053],[-101.95373818099995,46.11253339700005],[-101.95671115899995,46.108352158000059],[-101.95781496099994,46.103830316000028],[-101.95981289499997,46.099054627000044],[-101.96244004299996,46.094463011000073],[-101.96638587399997,46.090875628000049],[-101.97161024899998,46.087868350000065],[-101.97652943199995,46.084874805000027],[-101.98156865199996,46.083153176000053],[-101.99160311999998,46.082479565000028],[-101.99978485599996,46.081243239000059],[-102.00578182999999,46.080336689000035],[-102.01404997399999,46.077187274000039],[-102.02180635499997,46.075145718000044],[-102.03100896199999,46.075339173000032],[-102.03775150599995,46.075453018000076],[-102.04445348699994,46.075142487000051],[-102.05076951999996,46.07399769500006],[-102.05635408999996,46.071608812000079],[-102.05655119899995,46.071369958000048],[-102.05964329299997,46.067622683000081],[-102.06167308699997,46.06326905700007],[-102.06337770099998,46.058717501000046],[-102.06666579099999,46.054731070000059],[-102.07060323199994,46.051140195000073],[-102.07653031899997,46.049160180000058],[-102.08282276299997,46.047801741000058],[-102.08911493799997,46.046442994000074],[-102.09559092899997,46.04699213300006],[-102.09745719799997,46.047475004000034],[-102.10186492599996,46.048615304000066],[-102.10787573899995,46.050676473000067],[-102.11417093399996,46.052511054000036],[-102.11933057299996,46.05525057400007],[-102.12536314299996,46.057522917000028],[-102.13161836799998,46.058932606000042],[-102.13815781099999,46.060115642000028],[-102.14449126499994,46.059178283000051],[-102.15039614999995,46.056982943000037],[-102.15493798599994,46.053360803000032],[-102.16051679999998,46.050967347000039],[-102.16257891299995,46.050520770000048],[-102.16680761699996,46.049604865000049],[-102.17348550399998,46.049075683000069],[-102.17909124699997,46.05026606000007],[-102.18004544999997,46.050468655000032],[-102.18551226999995,46.053191132000052],[-102.18984462099996,46.056819221000069],[-102.19507026299999,46.060191717000066],[-102.19966656799994,46.063380952000045],[-102.20341213299997,46.067249465000032],[-102.20800936999996,46.070438351000064],[-102.21289080399998,46.073400546000073],[-102.21951677799996,46.075427416000025],[-102.22385260099998,46.07905418200005],[-102.22984936099999,46.080897598000035],[-102.23532095499996,46.083617787000037],[-102.24050932999995,46.086564286000055],[-102.24598187299995,46.089283991000059],[-102.25145488699997,46.09200345000005],[-102.25751671799998,46.094481452000025],[-102.26355798999998,46.096747190000031],[-102.26929499699997,46.099027283000055],[-102.27479092999994,46.101957663000064],[-102.28083353699998,46.104222560000039],[-102.28687657399996,46.106487166000079],[-102.29311909899997,46.107676988000037],[-102.29990785499996,46.108201204000068],[-102.30643435199994,46.109163711000065],[-102.31296104499995,46.110125889000074],[-102.31957284699996,46.11193554700003],[-102.32585902199997,46.113547691000065],[-102.33216678799994,46.115371474000028],[-102.33790795899995,46.117648449000058],[-102.34439338399994,46.118185147000077],[-102.35120502799998,46.118918628000074],[-102.35795275599997,46.119015928000067],[-102.36426745499995,46.117856101000029],[-102.37166742599999,46.118346840000072],[-102.37821748699997,46.119517676000044],[-102.38422257999997,46.121353819000035],[-102.39024948899998,46.123401612000066],[-102.39601497099994,46.125887922000061],[-102.40090948999995,46.128842683000073],[-102.40523786099999,46.132251020000069],[-102.40932646499999,46.136309931000028],[-102.41337249299994,46.139944830000047],[-102.41831205099999,46.143322678000061],[-102.42320896199999,46.146276477000072],[-102.42782303399997,46.149457002000076],[-102.43385403899998,46.151502643000072],[-102.44016870899998,46.153321042000073],[-102.44681033799998,46.155335979000029],[-102.45312576399999,46.157153736000055],[-102.45889680099998,46.159637066000073],[-102.46549622499998,46.161227216000043],[-102.47205246899995,46.162393226000063],[-102.47884857999998,46.162908074000029],[-102.48512208399995,46.164300456000035],[-102.49148315399998,46.166540112000064],[-102.49804042899996,46.167704804000039],[-102.50466354999998,46.16950483800008],[-102.51069895599994,46.171546834000026],[-102.51671284499997,46.173376653000048],[-102.52307594799998,46.175614723000081],[-102.52741411799997,46.179018621000068],[-102.52998804599997,46.182480420000047],[-102.53062043699998,46.183330883000053],[-102.53469843499994,46.187173482000048],[-102.53882090599996,46.191439666000065],[-102.54322703099996,46.195478523000077],[-102.54885418599997,46.199456017000045],[-102.55406668899997,46.202389211000082],[-102.56041197699994,46.204413440000053],[-102.56693028099994,46.205150844000059],[-102.57359909599995,46.204389540000079],[-102.58024561699995,46.203416034000043],[-102.58479542199996,46.199992142000042],[-102.58710233699998,46.197165107000046],[-102.58805788899997,46.195994023000026],[-102.59127560999997,46.191572053000073],[-102.59341860599994,46.189958698000055],[-102.59582396299999,46.188147677000075],[-102.60214118499994,46.186976558000026],[-102.60848039499996,46.186016997000081],[-102.61638906099995,46.18540359900004],[-102.62073568599999,46.186869243000046],[-102.62242959699995,46.18744035800006],[-102.62903603799998,46.189022144000035],[-102.63533775599996,46.190619088000062],[-102.64140173699997,46.192866802000026],[-102.64574747099999,46.196266628000046],[-102.65183473899998,46.198725679000063],[-102.65731228299995,46.201215529000081],[-102.66307295799999,46.203477727000063],[-102.66913916399994,46.205724084000053],[-102.67542110999995,46.207107188000066],[-102.68177075999995,46.209125508000056],[-102.68829096399998,46.20985685800008],[-102.69483383699998,46.210799720000068],[-102.70148962399998,46.212801429000081],[-102.70751296299994,46.214622287000054],[-102.71377404999998,46.215791687000035],[-102.72005797699995,46.217172614000049],[-102.72582235899995,46.219431961000055],[-102.73184703299995,46.221251669000026],[-102.73711517299995,46.22460105600004],[-102.74203329199997,46.227542307000078],[-102.74695187199995,46.230483352000078],[-102.75102336799995,46.234106934000067],[-102.75568309999994,46.23748699500004],[-102.76032057899994,46.240655052000079],[-102.76662155399998,46.245014771000058],[-102.77013009399997,46.24909283900007],[-102.77309684099998,46.253837809000061],[-102.77688881999995,46.257687991000068],[-102.77950546999995,46.262024945000064],[-102.78031300599997,46.266668596000045],[-102.78170864099997,46.271068729000035],[-102.78340989899999,46.275452961000042],[-102.78454619099995,46.28029237700008],[-102.78657621999997,46.284872409000059],[-102.78900349799994,46.29028362400004],[-102.79131681799998,46.29463583900008],[-102.79513525699997,46.298696876000065],[-102.79862572999997,46.30256186400004],[-102.80277361099996,46.306818493000037],[-102.80774708699994,46.310180205000052],[-102.81067365199999,46.314500073000033],[-102.81418891499999,46.31857625400005],[-102.81652798399995,46.323139473000026],[-102.82032679299999,46.326987731000031],[-102.82582214899998,46.329469731000074],[-102.83188326399994,46.331496088000051],[-102.83770821199994,46.334173360000079],[-102.84296836299995,46.337305797000056],[-102.84740418199999,46.341332925000074],[-102.85000607499995,46.345455822000076],[-102.85467936399999,46.348831419000078],[-102.86050688399996,46.351507563000041],[-102.86631175299999,46.353971697000077],[-102.87244604199998,46.356631246000063],[-102.87860404499997,46.359502219000035],[-102.88464653799997,46.36131425800005],[-102.89071261499998,46.363337734000027],[-102.89538941499995,46.366711729000031],[-102.90004344799996,46.369873810000058],[-102.90206149899996,46.374239304000071],[-102.90377393099999,46.37862083300007],[-102.90638106199998,46.382742222000047],[-102.90990633999996,46.386815134000074],[-102.91373802899994,46.390871771000036],[-102.91782950999999,46.39448870700005],[-102.92305198499997,46.397194056000046],[-102.92891027399997,46.400078532000066],[-102.93524072099996,46.401660188000051],[-102.94180722899995,46.402590254000074],[-102.94851583099995,46.402021934000061],[-102.95555377299996,46.401648726000076],[-102.96261512199999,46.401486830000067],[-102.96894655799997,46.403066857000056],[-102.97605510499994,46.403327614000034],[-102.98311658999995,46.403164617000073],[-102.98940154599995,46.404320283000061],[-102.99568673299996,46.405475644000035],[-103.00063107499994,46.408405840000057],[-103.00190239099999,46.408763834000069],[-103.00642303999996,46.410651743000074],[-103.00673633799994,46.395133307000037],[-103.01056525999996,46.012906544000032],[-102.99874197599996,46.013084680000077],[-102.99554520899994,45.816130730000054],[-103.00076011299996,45.556968619000031],[-103.00077271399999,45.461395056000072],[-103.00078230899999,45.388404964000074],[-103.00079220199996,45.312978889000078],[-103.00186063499996,45.142966642000033],[-103.00443294599995,45.019392327000048],[-103.00314233899996,44.96622162500006],[-103.00584811199997,44.729616771000053],[-103.00647537199995,44.698281493000081],[-103.00882137899998,44.580798483000081],[-103.00770924399995,44.519351487000051],[-103.00546571599995,44.395017008000025],[-102.98579153999998,44.381817572000045],[-102.95970654799999,44.367017454000063],[-102.93986734799995,44.359988763000047],[-102.90846516299996,44.360133313000063],[-102.89385540299998,44.356018532000064],[-102.87604128899994,44.353928693000057],[-102.85257317899999,44.356350502000055],[-102.83521968299999,44.358628660000079],[-102.82639562899999,44.365990123000074],[-102.81748208199997,44.367427228000054],[-102.80398834399995,44.365859195000041],[-102.78379596199994,44.361398335000047],[-102.76775238299996,44.360919489000025],[-102.75285952299998,44.363819311000043],[-102.74154972999997,44.367864904000044],[-102.72136117999997,44.368557147000047],[-102.69378759799997,44.370019711000054],[-102.66721490899994,44.37084980000003],[-102.63736267399997,44.37089039600005],[-102.62192558899994,44.371126018000041],[-102.60125300099998,44.377560409000068],[-102.58957439999995,44.383331739000027],[-102.57080602599996,44.384503056000028],[-102.55830020399998,44.383163624000076],[-102.54374549799996,44.378411064000034],[-102.52363411499994,44.377767430000063],[-102.50099442199996,44.38382735600004],[-102.48109408799996,44.389589711000042],[-102.47283107299995,44.390681850000078],[-102.46606700299998,44.389689489000034],[-102.45443614299995,44.382636343000058],[-102.44864243999996,44.375284709000027],[-102.43786630899996,44.371436545000051],[-102.42722079099997,44.371595599000045],[-102.42009544599995,44.375016281000057],[-102.41754816599996,44.384321839000052],[-102.42190247099995,44.387924302000044],[-102.42883486199997,44.39063096600006],[-102.42703212799995,44.393972438000048],[-102.41514756599997,44.39782537800005],[-102.40119838199996,44.399678765000033],[-102.39013702899996,44.39564991900005],[-102.38204719499998,44.394720067000037],[-102.37487966499998,44.39775761900006],[-102.37060247599999,44.405810498000051],[-102.37166999099998,44.424872089000075],[-102.38085432599996,44.431482073000041],[-102.38344090999999,44.438806466000074],[-102.38221751499998,44.445367071000078],[-102.37995451499995,44.449495097000067],[-102.36880231599997,44.450056373000052],[-102.36127919799998,44.446802785000045],[-102.35345115399997,44.43496267200004],[-102.34692357699998,44.428217708000034],[-102.33505252399999,44.42957681200005],[-102.33017556499999,44.431541010000046],[-102.32271112299998,44.437074727000038],[-102.31912372599999,44.438591759000076],[-102.31857708099994,44.421989842000073],[-102.31606062499998,44.412558193000052],[-102.31761753299998,44.403878840000061],[-102.32301789299999,44.396345384000028],[-102.32314816999997,44.38945732500008],[-102.31884941599998,44.380878893000045],[-102.31909094099996,44.37513206400007],[-102.32557386399998,44.373278753000079],[-102.33528284899995,44.372856572000046],[-102.34083968999994,44.369710667000049],[-102.34574678899997,44.359906194000075],[-102.34506616699997,44.350190637000026],[-102.34441725799996,44.343532124000035],[-102.34910169199998,44.339664611000046],[-102.35804022499997,44.338450653000052],[-102.36177960799995,44.333100663000039],[-102.36058052399994,44.326278456000068],[-102.35887523099996,44.316996223000046],[-102.36583011699997,44.311866351000049],[-102.37361160999995,44.309753360000059],[-102.38171345899997,44.308197255000039],[-102.38720659899997,44.304478183000072],[-102.38790081299999,44.295265654000048],[-102.37924604999995,44.288437506000037],[-102.36827926699999,44.285166966000077],[-102.36041259299998,44.283651403000079],[-102.35789041599998,44.276895239000055],[-102.35882973899999,44.270155897000052],[-102.36585395199995,44.265786664000075],[-102.36696414599999,44.258082420000051],[-102.37512414999998,44.25174307900005],[-102.38534424499994,44.244725205000066],[-102.39412339499995,44.239309073000072],[-102.40607682199999,44.233731093000074],[-102.41113220499994,44.225634144000026],[-102.41108457799999,44.217031344000077],[-102.41383197899995,44.209816164000074],[-102.41880718699997,44.203634841000053],[-102.42087443999998,44.194923982000034],[-102.41580100399995,44.186576492000029],[-102.40670655799994,44.177859432000048],[-102.40493952199995,44.170682014000079],[-102.40711959699996,44.163112655000077],[-102.41347232599998,44.15475708300005],[-102.41480194399998,44.146656827000072],[-102.41188164499994,44.14125911800005],[-102.41513291699994,44.136503462000064],[-102.42325206499999,44.132647080000027],[-102.42484422299998,44.124532926000029],[-102.42317247799997,44.115628812000068],[-102.41723776999999,44.106559368000035],[-102.40787149699997,44.097664297000051],[-102.41231337899995,44.088830934000043],[-102.41688478299994,44.081329542000049],[-102.42427746499999,44.080952399000068],[-102.43083856199996,44.082912642000053],[-102.44102156399998,44.083922144000041],[-102.45048907599994,44.083054711000045],[-102.45843036599996,44.077482828000029],[-102.46267531199999,44.069422213000053],[-102.45787110899994,44.058382911000081],[-102.45547900399998,44.052958274000048],[-102.45646141499998,44.046786510000061],[-102.46322891099999,44.042804338000053],[-102.47242664399994,44.039270574000057],[-102.47794877799998,44.030760341000075],[-102.47400201399995,44.020346306000079],[-102.47004628699995,44.015193411000041],[-102.47669713299996,44.00203323900007],[-102.48916384899997,43.98608493200004],[-102.50780209099997,43.97632010600006],[-102.52860397899997,43.972370839000064],[-102.54772974899998,43.970227354000031],[-102.55708437099997,43.95251907800008],[-102.55693536599995,43.937793543000055],[-102.56233040899997,43.933493383000041],[-102.58040930399994,43.93159021300005],[-102.59419649999995,43.929144511000061],[-102.59624932899999,43.924109286000032],[-102.59983082299999,43.92169046500004],[-102.61806017499998,43.90937447500005],[-102.63272174099995,43.897309643000028],[-102.64699334899996,43.889282098000081],[-102.66689997999998,43.88726869900006],[-102.67665745299996,43.886941042000046],[-102.68715713999995,43.883510951000062],[-102.69261686499999,43.879966203000038],[-102.69349674999995,43.873029380000048],[-102.68636693599996,43.865371543000037],[-102.68198577799996,43.858715148000044],[-102.68556615399996,43.849720271000081],[-102.69491408199997,43.835057994000067],[-102.71069527999998,43.813542168000026],[-102.72397100999996,43.800994608000053],[-102.73290062799998,43.791422555000054],[-102.74099501399996,43.78017174200005],[-102.74909445799995,43.77542829600003],[-102.76220207399996,43.768020893000028],[-102.76965158199994,43.760200181000073],[-102.77261093599998,43.750468260000048],[-102.78018917799994,43.740725137000027],[-102.78847953999997,43.728310239000052],[-102.79179609099998,43.715685973000063],[-102.79569679199994,43.703519054000026],[-102.79665415899996,43.702150943000049],[-102.80196137099995,43.69456552500003],[-102.80815085499995,43.692315594000036],[-102.81726796899994,43.689000591000081],[-102.82006612499998,43.686187435000079],[-102.82862183499998,43.677583901000048],[-102.84422637799997,43.673333390000039],[-102.85119995299999,43.669675650000045],[-102.86086924399996,43.66623342400004],[-102.87719738399994,43.670552589000067],[-102.89403635599996,43.673309686000039],[-102.89860648499996,43.671818637000058],[-102.90551483199994,43.66956427100007],[-102.91742541499997,43.660527869000077],[-102.92605765099995,43.648560075000034],[-102.93358255199996,43.629232151000053],[-102.93803970999994,43.625043761000029],[-102.94305787499997,43.620327332000045],[-102.95539592099999,43.617342457000063],[-102.97208646899998,43.618134999000063],[-102.98387880999996,43.617475842000033],[-102.99924246199998,43.613753020000047],[-103.00238189199996,43.61299200600007],[-103.01253602799994,43.604378118000056],[-103.01379563699999,43.586495576000061],[-103.01474645699994,43.558286992000035],[-103.01486811599995,43.45541711900006],[-103.01568097199998,43.299608954000064],[-103.01476064299999,42.999616524000032],[-102.99423753899998,42.999726826000028],[-102.66002563799998,43.001044222000075],[-102.66013486599996,42.921838499000046],[-102.44480927899997,42.921548253000026],[-102.44550089499995,43.001414423000028],[-102.08695858599998,43.001203384000064],[-101.09449851799997,43.001355524000076],[-100.76942548399995,42.999675674000059],[-100.69093757699994,42.999938664000069],[-100.64051822299996,43.000081355000077],[-100.34960597399999,43.000701311000057],[-100.17943403899994,42.997383103000061],[-99.842956199999946,42.998335198000063],[-99.827744435999989,43.045846139000048],[-99.81524809299998,43.046231790000036],[-99.801661784999965,43.048084236000079],[-99.789945932999956,43.048443353000039],[-99.774081169999988,43.044624145000057],[-99.761700296999948,43.040123315000073],[-99.747239899999954,43.033388894000041],[-99.736943565999979,43.031117858000073],[-99.727707043999942,43.026805656000079],[-99.716615609999963,43.024269985000046],[-99.70044994999995,43.021885132000079],[-99.686237344999938,43.019440047000046],[-99.678129358999968,43.014229861000047],[-99.666805523999983,43.007392964000076],[-99.661973169999953,43.00243641600008],[-99.661900498999955,43.002361869000026],[-99.658105888999955,42.99846905000004],[-99.608011830999942,42.997357604000058],[-99.58959686299994,42.989285793000079],[-99.575524347999988,42.981946594000078],[-99.56180681099994,42.981194651000067],[-99.552948164999975,42.97628493600007],[-99.542170639999938,42.972003390000054],[-99.527001070999972,42.973297621000029],[-99.515115743999957,42.970193000000052],[-99.505182041999944,42.967031962000078],[-99.49747008099996,42.968971755000041],[-99.488662206999948,42.97237651100005],[-99.481984987999965,42.971703932000025],[-99.475188492999962,42.968739081000081],[-99.464220497999975,42.968186041000081],[-99.459356982999964,42.972338854000043],[-99.451598599999954,42.973416305000057],[-99.43429914099994,42.971315696000033],[-99.424199585999986,42.972456402000034],[-99.41036853899999,42.969395709000025],[-99.400757007999971,42.964783036000028],[-99.394584643999963,42.958640755000033],[-99.385712230999957,42.953145913000071],[-99.376451266999936,42.947661044000029],[-99.366252882999959,42.939045029000056],[-99.357471883999949,42.935267109000051],[-99.350091735999968,42.936041143000068],[-99.339692153999977,42.938904674000071],[-99.33330958199997,42.936207882000076],[-99.327650256999959,42.932343675000027],[-99.322600252999962,42.925019938000048],[-99.314617526999939,42.921504465000055],[-99.303311305999955,42.92180716200005],[-99.293295909999983,42.91662320000006],[-99.284146260999989,42.913136880000025],[-99.277308263999942,42.909014785000068],[-99.267854844999988,42.907256784000026],[-99.258365911999988,42.906359730000077],[-99.250333757999954,42.909727245000056],[-99.242189480999969,42.910801910000032],[-99.234254325999984,42.908140803000038],[-99.227712747999988,42.901999930000045],[-99.219361834999972,42.898774925000055],[-99.207572942999946,42.897073202000058],[-99.201864181999952,42.900090329000079],[-99.199813941999992,42.906168404000027],[-99.194548702999953,42.910321241000076],[-99.183620002999987,42.910316376000026],[-99.174654049999958,42.910547034000047],[-99.167034204999936,42.914472192000062],[-99.157867523999982,42.918723261000025],[-99.148134107999965,42.919258460000037],[-99.140551128999959,42.915721796000071],[-99.132915173999947,42.911038444000042],[-99.123384856999962,42.907550087000061],[-99.110977451999986,42.909297525000056],[-99.102737786999967,42.908357119000073],[-99.095574820999957,42.905380970000067],[-99.083398129999978,42.90367718400006],[-99.07135384999998,42.904837808000025],[-99.062269983999954,42.902481268000031],[-99.054680351999991,42.898652694000077],[-99.045260418999987,42.897450781000032],[-99.033216600999992,42.898607699000081],[-99.019912304999991,42.897786049000047],[-99.007571173999963,42.892349363000051],[-98.997686072999954,42.889433864000068],[-98.984607308999955,42.884873464000066],[-98.976193696999985,42.879912490000038],[-98.969614933999992,42.872324830000025],[-98.962711604999981,42.866179027000044],[-98.955147667999938,42.864466776000029],[-98.948648678999973,42.858597387000032],[-98.944852226999956,42.852089418000048],[-98.936910731999944,42.848835833000066],[-98.921557306999944,42.845470474000081],[-98.912022420999961,42.841392317000043],[-98.906358147999981,42.836648560000071],[-98.89791482399994,42.839716035000038],[-98.886793929999953,42.843993117000025],[-98.874268946999962,42.842850906000081],[-98.862461967999991,42.840256328000066],[-98.854403523999963,42.834131296000066],[-98.843037012999957,42.832672269000057],[-98.826657107999949,42.832474687000058],[-98.815644690999989,42.830144373000053],[-98.803308644999959,42.82411356700004],[-98.79032768899998,42.821251935000078],[-98.778209878999974,42.820377766000036],[-98.769112254999982,42.817139548000057],[-98.760381172999985,42.813318683000034],[-98.749067379999985,42.812997477000067],[-98.731913942999938,42.812804665000044],[-98.714748971999938,42.812322836000078],[-98.699726609999971,42.812477806000061],[-98.691447065999967,42.810076699000035],[-98.682401023999944,42.80797859200004],[-98.674408802999949,42.802988117000041],[-98.667276249999986,42.799986755000077],[-98.658988024999985,42.79729678700005],[-98.649978788999988,42.796056202000045],[-98.638910702999965,42.791990138000074],[-98.62429631699996,42.786851033000062],[-98.614065617999984,42.784199387000058],[-98.603858035999963,42.782120191000047],[-98.593195297999955,42.778328392000049],[-98.584556823999947,42.776501501000041],[-98.372269863999975,42.764128888000073],[-98.364488290999986,42.764278353000066],[-98.354291535999948,42.762178461000076],[-98.341201583999975,42.755255804000058],[-98.337852676999944,42.754795546000025],[-98.310288259999936,42.751003516000026],[-98.290333772999986,42.746116463000078],[-98.274846971999978,42.738992248000045],[-98.263657318999947,42.734177892000048],[-98.249276667999936,42.730855197000039],[-98.237489976999939,42.727483767000081],[-98.226281107999966,42.721949176000066],[-98.21437868199996,42.714991615000031],[-98.205227795999974,42.712765054000045],[-98.196077517999981,42.710537807000037],[-98.179652645999965,42.703896489000044],[-98.165837881999948,42.697685257000046],[-98.152734874999965,42.693372608000061],[-98.139972696999962,42.689530791000038],[-98.122120772999949,42.688644328000066],[-98.107583303999945,42.69008930900003],[-98.100478172999942,42.693761618000053],[-98.098972762999949,42.694539587000065],[-98.097260505999941,42.696732448000034],[-97.984948366999959,42.697177986000042],[-97.983307608999951,42.612581719000048],[-97.939967563999971,42.612060689000032],[-97.869559004999985,42.611181674000079],[-97.750765186999956,42.614202281000075],[-97.752941431999943,42.697517017000052],[-97.756966428999988,42.785249286000067],[-97.757541354999944,42.825240019000034],[-97.758138569999971,42.849814457000036]]],[[[-95.33715239299994,47.375748142000077],[-95.337578278999956,47.386855002000061],[-95.342165423999973,47.506209353000031],[-95.343926585999952,47.573330764000048],[-95.274058953999941,47.585165968000069],[-95.204694243999938,47.596418813000071],[-94.942725819999964,47.638554108000051],[-94.867631732999939,47.71362255400004],[-94.744994361999943,47.831344202000025],[-94.631973792999986,47.940152449000038],[-94.505285901999969,48.059905209000078],[-94.493536722999977,48.07188203000004],[-94.376948915999947,48.181251742000029],[-94.246066565999968,48.303879222000035],[-94.202849262999962,48.344329892000076],[-94.153577710999969,48.39045542100007],[-94.132310700999938,48.410335201000066],[-94.121713055999976,48.420234979000043],[-94.070955009999977,48.469375141000057],[-94.063446906999957,48.468384126000046],[-94.040461661999984,48.465991837000047],[-94.021901327999956,48.46395472100005],[-94.003766026999983,48.462511155000072],[-93.989640473999941,48.460534332000066],[-93.977574153999967,48.463305716000036],[-93.965969858999983,48.46549301400006],[-93.951904799999966,48.461743504000026],[-93.946142522999992,48.461656994000066],[-93.93321769299996,48.463526725000065],[-93.92298212299994,48.464551296000081],[-93.908970955999962,48.459323354000048],[-93.898950928999966,48.454155297000057],[-93.885046988999989,48.45866009100007],[-93.87299995099994,48.448149279000063],[-93.859402899999964,48.456490875000043],[-93.847182259999954,48.450989425000046],[-93.838034321999942,48.458809004000045],[-93.835891956999944,48.469098582000072],[-93.840357250999944,48.480672139000035],[-93.839249059999986,48.486848316000078],[-93.836810236999952,48.493003311000052],[-93.836546243999976,48.50037227100006],[-93.830927497999937,48.508540957000037],[-93.827687740999977,48.512206634000052],[-93.823986931999968,48.51639328300007],[-93.827597818999948,48.527067157000033],[-93.833354890999942,48.539838737000025],[-93.832498157999964,48.551325422000048],[-93.826884736999943,48.559197873000073],[-93.82643866799998,48.571574888000043],[-93.828319258999954,48.581039887000031],[-93.848677520999956,48.595808162000026],[-93.86052523099994,48.600121279000064],[-93.866667577999976,48.614957828000058],[-93.873569506999957,48.620961196000053],[-93.883232767999971,48.624353583000072],[-93.89436442799996,48.623935464000056],[-93.910343863999969,48.624769627000035],[-93.925808261999975,48.627657667000051],[-93.940071668999963,48.626693614000033],[-93.952042198999948,48.627757367000072],[-93.965237104999972,48.63208088600004],[-93.980918394999946,48.63526057100006],[-94.01939079999994,48.628452321000054],[-94.049324281999986,48.624165054000059],[-94.065230183999972,48.62733834200003],[-94.085573478999947,48.630866550000064],[-94.103770681999947,48.632003810000072],[-94.119013293999956,48.628086968000048],[-94.134689266999942,48.624469084000054],[-94.146753418999936,48.622569284000065],[-94.159660686999985,48.622153648000051],[-94.17342094299994,48.622927286000049],[-94.182319079999957,48.622750807000045],[-94.19385742299994,48.623492901000077],[-94.207059930999947,48.628087847000074],[-94.214956204999964,48.631728132000035],[-94.223350143999937,48.633605773000056],[-94.241183642999943,48.632067152000047],[-94.25016853599999,48.628939712000033],[-94.262161919999983,48.629387057000031],[-94.270950780999954,48.633035368000037],[-94.275413112999956,48.632502054000042],[-94.288396972999976,48.629422389000069],[-94.30672177799994,48.626112796000029],[-94.320855381999991,48.62952907500005],[-94.325540355999976,48.63695535200003],[-94.324874482999974,48.644905501000039],[-94.320642645999953,48.653106555000079],[-94.313716344999989,48.662158365000039],[-94.316598977999945,48.670446120000065],[-94.331411952999986,48.67696391000004],[-94.353183937999972,48.689177476000054],[-94.363705503999938,48.700506477000033],[-94.382353079999973,48.703565543000082],[-94.399360595999951,48.700478743000076],[-94.413065420999942,48.69421483800005],[-94.425226502999976,48.695101773000033],[-94.445178842999951,48.700109129000055],[-94.462581981999961,48.703441892000058],[-94.476652638999951,48.70031264000005],[-94.489950712999985,48.691945414000031],[-94.510998234999988,48.68933727600006],[-94.526259024999945,48.692638824000028],[-94.541150009999967,48.692648535000046],[-94.560358933999964,48.691357647000075],[-94.576183026999956,48.699588651000056],[-94.594670096999948,48.709935908000034],[-94.608033079999984,48.712760519000028],[-94.629855999999961,48.715817822000076],[-94.650572902999954,48.717964604000031],[-94.665095313999984,48.724678116000064],[-94.685456955999939,48.732939393000038],[-94.699702983999941,48.742334369000048],[-94.711511350999956,48.749763296000026],[-94.721115337999947,48.754781138000055],[-94.725774942999976,48.758707123000079],[-94.73021109199999,48.773233184000048],[-94.728825767999979,48.785315566000065],[-94.721758940999962,48.798837899000034],[-94.709777413999973,48.809476432000054],[-94.700875383999971,48.834326144000045],[-94.706075796999983,48.834375128000033],[-94.717881138999985,48.832246156000053],[-94.727946553999971,48.826815531000079],[-94.738562793999961,48.827361142000029],[-94.750736936999942,48.829114464000043],[-94.761706198999946,48.82354024600005],[-94.775169067999968,48.81753937700006],[-94.786715442999991,48.816745854000033],[-94.790015769999968,48.821253967000075],[-94.781638224999938,48.832974578000062],[-94.773150337999937,48.838870926000027],[-94.757448846999978,48.843507414000044],[-94.740837162999981,48.848283026000047],[-94.726930609999954,48.853380189000063],[-94.731846545999986,48.856261962000076],[-94.740787273999956,48.856045440000059],[-94.757645836999984,48.850376450000056],[-94.775161361999949,48.84560689500006],[-94.799065585999983,48.837905115000069],[-94.814465489999975,48.836844270000029],[-94.828452770999945,48.83860622800006],[-94.843745876999947,48.843064925000078],[-94.856593336999936,48.845411538000064],[-94.871711839999989,48.847327698000072],[-94.883617733999984,48.851753992000056],[-94.898237617999939,48.862470631000065],[-94.90100608399996,48.871897068000067],[-94.905653955999981,48.889995467000062],[-94.92232748899994,48.906843818000027],[-94.940227164999953,48.918922646000055],[-94.959310544999937,48.928470422000032],[-94.969625390999965,48.934517498000048],[-94.974660918999973,48.944703095000079],[-94.981948622999937,48.955800142000044],[-94.994999640999936,48.961267958000064],[-95.003452179999954,48.964015286000063],[-95.010710922999976,48.963619840000035],[-95.03131734599998,48.964661351000075],[-95.038952505999987,48.96904214400007],[-95.045675076999942,48.973863786000038],[-95.054958007999971,48.974524520000045],[-95.057051909999984,48.971106830000053],[-95.057390433999956,48.949620859000049],[-95.062528819999955,48.939806547000046],[-95.070956167999952,48.936878856000078],[-95.08340015899995,48.937857523000048],[-95.096064306999949,48.93928420900005],[-95.113534569999956,48.937457536000068],[-95.121059681999952,48.934073269000066],[-95.120223875999955,48.929292326000052],[-95.114184093999938,48.924179486000071],[-95.112904940999954,48.918798505000041],[-95.116600559999938,48.913897119000069],[-95.121590503999983,48.913332012000069],[-95.131317721999949,48.913990633000026],[-95.136544706999985,48.912680243000068],[-95.140789016999975,48.908826303000069],[-95.148829620999948,48.900667361000046],[-95.162719447999962,48.894931504000056],[-95.168376053999964,48.89511501000004],[-95.174454546999982,48.897539638000069],[-95.179874861999963,48.898467523000079],[-95.183306892999951,48.895801318000053],[-95.193567005999967,48.890339241000049],[-95.200827493999952,48.889038213000049],[-95.217126858999961,48.88883325900008],[-95.234095546999981,48.889376390000052],[-95.240436503999945,48.889112970000042],[-95.251715574999992,48.892159819000028],[-95.264105546999986,48.897002691000068],[-95.274496290999991,48.898848815000065],[-95.284893017999991,48.900246416000073],[-95.286164103999965,48.907566245000055],[-95.287628200999961,48.917722498000046],[-95.291161091999982,48.925351979000027],[-95.297423314999946,48.932099686000072],[-95.300932298999953,48.936138263000032],[-95.309774516999937,48.944426288000045],[-95.318205734999935,48.949767474000055],[-95.322161738999966,48.955674918000057],[-95.323589797999944,48.96495129300007],[-95.342595253999946,48.951234189000047],[-95.484005266999986,48.823280102000069],[-95.508502199999953,48.801038089000031],[-95.658285466999985,48.665381094000054],[-95.825279825999985,48.515018603000044],[-95.906864816999985,48.442916969000066],[-95.976741960999959,48.37917228200007],[-96.026594929999987,48.334618457000033],[-96.048947808999969,48.314032552000072],[-96.065924756999948,48.307794570000056],[-96.082337844999984,48.305708668000079],[-96.09251889899997,48.300604059000079],[-96.093917223999938,48.289840223000056],[-96.094876205999981,48.283372211000028],[-96.095317130999945,48.280397823000044],[-96.102098902999955,48.275672084000064],[-96.115951864999943,48.271317770000053],[-96.120460417999936,48.262627233000046],[-96.121283215999938,48.249784968000029],[-96.126360353999985,48.243737089000035],[-96.137944721999986,48.240326452000033],[-96.142454505999979,48.234481386000027],[-96.143469406999941,48.215357736000044],[-96.145567699999958,48.206502063000073],[-96.153504872999974,48.202597738000065],[-96.159857417999945,48.200819675000048],[-96.157725964999941,48.189856083000052],[-96.157172925999987,48.187010686000065],[-96.159262675999969,48.176028957000028],[-96.168253989999982,48.172122147000039],[-96.181465083999967,48.163250479000055],[-96.180868222999948,48.140582206000033],[-96.187741605999975,48.138447567000071],[-96.139670786999943,48.099633530000062],[-96.05639584499994,48.028644496000027],[-95.969658584999991,47.953240348000065],[-95.960105660999943,47.944870253000033],[-95.867287845999954,47.863378885000031],[-95.75151163299995,47.763177581000036],[-95.674875018999956,47.694350734000068],[-95.617185655999947,47.64425271600004],[-95.574884487999952,47.607417844000054],[-95.52671583099999,47.56449628300004],[-95.506263419999982,47.546246775000043],[-95.459271873999967,47.505484552000041],[-95.633205592999957,47.505777293000051],[-95.665643863999946,47.520141162000073],[-95.868024556999956,47.60941519000005],[-96.105804166999974,47.713689283000065],[-96.122921855999948,47.721164850000036],[-96.122910526999988,47.667433287000051],[-96.105055593999964,47.667448415000081],[-96.099541830999954,47.505656344000045],[-96.097516713999937,47.445668433000037],[-96.093558633999976,47.328053942000054],[-96.079978976999939,47.327352590000032],[-96.079824388999953,47.321398842000065],[-96.07792137499996,47.248003795000045],[-96.075343251999982,47.148268380000047],[-96.070411054999965,47.008506600000032],[-95.988361683999983,47.008820917000037],[-95.727061635999974,47.007948721000048],[-95.321811160999971,47.006201839000028],[-95.321904888999939,47.03729972800005],[-95.325513112999943,47.161852127000031],[-95.329249136999977,47.279804192000029],[-95.330047181999987,47.326565430000073],[-95.335269508999943,47.326591505000067],[-95.33715239299994,47.375748142000077]]],[[[-94.525478034999992,33.652795153000056],[-94.517674786999976,33.65459968600004],[-94.513237698999944,33.65950693800005],[-94.511230600999966,33.668651016000069],[-94.509522714999946,33.67416881500003],[-94.505788214999939,33.678130165000027],[-94.50028567399994,33.679009767000025],[-94.49186950099994,33.676982525000028],[-94.483766127999957,33.670755289000056],[-94.477933226999937,33.665323612000066],[-94.476888223999936,33.678439703000038],[-94.473835296999937,33.716733164000061],[-94.461102499999981,33.876048919000027],[-94.458389736999948,33.921405961000062],[-94.455043854999985,34.032768334000025],[-94.452984632999971,34.080832665000059],[-94.449732869999991,34.186901682000041],[-94.447868786999948,34.225118480000049],[-94.440562611999951,34.456903604000047],[-94.438637571999948,34.497523326000078],[-94.434827973999973,34.611231628000041],[-94.432933294999941,34.650065507000079],[-94.430526634999978,34.747908463000044],[-94.429932239999971,34.776302557000065],[-94.427294108999945,34.884800849000044],[-94.42347663399994,34.911000215000058],[-94.42198037999998,34.999194842000065],[-94.419926917999987,35.02757577400007],[-94.416186835999952,35.066819539000051],[-94.41420484799994,35.143057570000053],[-94.409526879999987,35.260063316000071],[-94.409102430999951,35.297870770000031],[-94.408964246999972,35.310171496000066],[-94.408717293999985,35.332144602000028],[-94.408455803999971,35.361458052000046],[-94.413230354999939,35.408030819000032],[-94.416000217999965,35.426298603000077],[-94.419629697999937,35.445155930000055],[-94.562526053999989,36.180205300000068],[-94.626773464999985,36.510639126000058],[-94.626676155999974,36.619004690000054],[-94.62654330099997,36.766451369000038],[-94.626503003999971,36.811060145000056],[-94.626486435999936,36.829384842000024],[-94.626449639999976,36.870049662000042],[-94.626410684999939,36.913054601000056],[-94.626309295999988,37.02474647400004],[-94.935976453999956,37.016247589000045],[-94.964031441999964,37.015435711000066],[-95.021001182999953,37.013765647000071],[-95.04425908799999,37.013075588000049],[-95.560327314999938,37.015534323000054],[-95.755074085999979,37.008288439000069],[-95.881125292999968,37.003419277000035],[-96.001938258999985,37.002974313000038],[-96.739201633999983,36.99746680800007],[-96.761889670999949,36.997221216000071],[-96.930944950999958,36.997300746000064],[-97.031737204999956,36.997228129000064],[-97.114881801999957,36.997100733000025],[-97.693384969999954,36.994525022000062],[-98.823151904999975,36.986798468000075],[-99.460520727999949,36.98231058500005],[-99.991341218999992,37.001603995000039],[-99.986551218999978,36.642089587000044],[-99.985733402999983,36.495972404000042],[-99.998123947999943,36.496683372000064],[-99.99951828199994,36.426441674000046],[-100.00185541199994,36.166881408000052],[-100.00357699699998,35.974536554000053],[-100.00306414299996,35.884618308000029],[-100.00283320299997,35.765395117000025],[-100.00155315499995,35.602518830000065],[-100.00254557599999,35.307844655000054],[-100.00245508599994,35.297968532000027],[-99.997761434999973,35.297677768000028],[-99.992821365999987,35.297351485000036],[-99.987253729999964,35.296795350000025],[-99.981726564999974,35.296994160000054],[-99.975892302999966,35.29720371600007],[-99.970338226999957,35.296898472000066],[-99.964757387999953,35.296089463000044],[-99.959723850999978,35.293999500000041],[-99.954143341999952,35.293189957000038],[-99.948362699999961,35.29440504300004],[-99.942528547999984,35.294612843000039],[-99.936921557999938,35.293298942000035],[-99.93103429699994,35.292499149000037],[-99.925414397999987,35.290932921000035],[-99.920369058999938,35.288589436000052],[-99.915898382999956,35.285468773000048],[-99.911735097999951,35.282337098000028],[-99.90666435899999,35.27948951500008],[-99.901580819999992,35.276389960000074],[-99.895870572999968,35.273060035000071],[-99.891121190999968,35.270452711000075],[-99.885823891999962,35.269125469000073],[-99.880017774999942,35.269833468000058],[-99.875544230999992,35.272512188000064],[-99.871762873999955,35.276679774000058],[-99.868915219999963,35.281066829000054],[-99.865413956999987,35.284720002000029],[-99.861605303999966,35.288383782000039],[-99.859050622999973,35.292508172000055],[-99.853757973999961,35.297232214000076],[-99.848217414999965,35.297172609000029],[-99.842880000999969,35.29508800800005],[-99.837287710999988,35.294020823000039],[-99.83147919299995,35.294726295000032],[-99.825977646999945,35.295420858000057],[-99.820847678999939,35.297363363000045],[-99.815103245999978,35.299326787000041],[-99.809242580999978,35.299024047000046],[-99.803689062999979,35.298710453000069],[-99.797879860999956,35.299414168000055],[-99.792083372999969,35.300369344000046],[-99.786581043999945,35.301061954000033],[-99.780771496999989,35.301764773000059],[-99.775294491999944,35.302960360000043],[-99.769190312999967,35.303924806000055],[-99.763623872999972,35.303357435000066],[-99.757737687999963,35.302548432000037],[-99.752427798999975,35.300963003000049],[-99.747963424999966,35.297835536000036],[-99.743512080999949,35.294959669000036],[-99.739342874999977,35.291569724000055],[-99.738488557999972,35.286806845000058],[-99.737339944999974,35.282306110000036],[-99.736191471999973,35.277805380000075],[-99.734416504999956,35.273073600000032],[-99.731451668999966,35.269138487000077],[-99.727591429999961,35.265737842000078],[-99.722848409999983,35.263123329000052],[-99.717016096999942,35.263319252000031],[-99.71145308499996,35.262749284000051],[-99.706322386999943,35.264686426000026],[-99.701573467999992,35.268123681000077],[-99.696429645999956,35.269808606000026],[-99.69084135899999,35.268734062000078],[-99.684933788999956,35.267417683000076],[-99.68019215999999,35.264801340000076],[-99.674641740999959,35.264481290000049],[-99.669153374999951,35.265419819000044],[-99.663295977999951,35.26510937300003],[-99.657413906999977,35.264295073000028],[-99.649566765999964,35.261023455000043],[-99.644225191999965,35.258677593000073],[-99.640369476999979,35.255273945000056],[-99.635630183999979,35.252655727000047],[-99.629786196999987,35.252595284000051],[-99.625967614999979,35.256250842000043],[-99.622160901999962,35.260158054000044],[-99.619286966999937,35.264286832000039],[-99.61545504999998,35.267690292000054],[-99.609990107999977,35.269129447000068],[-99.604169214999956,35.269571210000038],[-99.598077729999943,35.270777981000037],[-99.591727593999963,35.273001502000056],[-99.585954777999973,35.274449436000054],[-99.580193837999957,35.276148854000041],[-99.574727594999956,35.277586282000073],[-99.569592325999963,35.279517119000047],[-99.56399309599999,35.278184383000053],[-99.559550035999962,35.275301187000025],[-99.557479331999957,35.27057645900004],[-99.559730903999991,35.266217214000051],[-99.563565288999939,35.262815688000046],[-99.568049435999967,35.260149603000059],[-99.570938118999948,35.256273950000036],[-99.571310641999958,35.251218571000038],[-99.567458640999973,35.247812411000041],[-99.561837759999946,35.24597605200006],[-99.556018389999963,35.246415275000061],[-99.550493871999947,35.246592572000054],[-99.544957349999947,35.246517812000036],[-99.53938495999995,35.245687434000047],[-99.534661769999957,35.243316702000072],[-99.531106815999976,35.239647727000033],[-99.527528373999985,35.235475092000058],[-99.527927573999989,35.230923517000065],[-99.531442819999938,35.227281221000055],[-99.536930105999943,35.226349551000055],[-99.542489056999955,35.226928261000069],[-99.546959816999959,35.224011348000033],[-99.548278189999962,35.219430251000063],[-99.546528518999992,35.214947511000048],[-99.546006138999985,35.210425452000038],[-99.545790573999966,35.205893582000044],[-99.545551087999968,35.20085819500008],[-99.545028864999949,35.196336194000025],[-99.545120093999969,35.191794559000073],[-99.549588645999961,35.188877640000044],[-99.554056849999938,35.185960549000072],[-99.559576868999955,35.185783085000025],[-99.565072787999952,35.185101821000046],[-99.564242846999946,35.18058986300008],[-99.560394815999985,35.177183693000075],[-99.555663291999963,35.174562255000069],[-99.550354831999982,35.172715588000074],[-99.54472806299998,35.170626735000042],[-99.538806954999984,35.168799171000046],[-99.534666036999965,35.165653716000065],[-99.530513551999945,35.162256355000068],[-99.524652938999964,35.16168685100007],[-99.519182132999958,35.162869617000069],[-99.515044269999976,35.166279018000068],[-99.511849559999973,35.17016260500003],[-99.507722798999964,35.173823522000077],[-99.503288991999966,35.177494010000032],[-99.497734028999957,35.176913360000071],[-99.492426835999936,35.175063911000052],[-99.488570593999953,35.171403497000028],[-99.487427061999938,35.166648929000075],[-99.487828337999986,35.162097809000045],[-99.489774143999966,35.157750116000045],[-99.489562145999969,35.153218374000062],[-99.488430601999937,35.148715664000065],[-99.487287424999977,35.143961202000071],[-99.482548823999991,35.141084965000061],[-99.475429089999977,35.139796190000027],[-99.469652614999973,35.140986114000043],[-99.46710474799994,35.145604364000064],[-99.467338763999976,35.150639643000034],[-99.464790422999954,35.155257886000072],[-99.459330817999955,35.156689450000044],[-99.453742774999967,35.155351306000057],[-99.451387208999961,35.150886492000041],[-99.448737042999937,35.146682976000079],[-99.446087176999981,35.142479412000057],[-99.443437607999954,35.138275802000067],[-99.438417784999956,35.135910764000073],[-99.43424816299995,35.132006368000077],[-99.432200942999941,35.127531731000033],[-99.429847542999937,35.123066585000061],[-99.426904728999943,35.119123929000068],[-99.422464884999954,35.115983932000063],[-99.418626653999979,35.112573058000066],[-99.413487189999955,35.114244584000062],[-99.409983017999991,35.118134488000067],[-99.404854463999982,35.120057385000052],[-99.399430686999949,35.122241236000036],[-99.398840765999978,35.122763608000071],[-99.392268411999964,35.119940077000024],[-99.387829975999978,35.116798688000074],[-99.387964951999948,35.113012839000078],[-99.391762093999944,35.108836804000077],[-99.396513780999953,35.104580996000038],[-99.398649443999943,35.100301948000038],[-99.395828626999958,35.094643144000031],[-99.391113948999987,35.093447301000026],[-99.388132378999956,35.094496329000037],[-99.383005755999989,35.099632792000079],[-99.376938870999936,35.104606239000077],[-99.373310326999956,35.106823725000027],[-99.367009265999968,35.106632812000043],[-99.363432087999968,35.104826560000049],[-99.363018411999974,35.100817324000047],[-99.368732393999949,35.093174238000074],[-99.37936581799994,35.086146598000028],[-99.38107126899996,35.082647191000035],[-99.374625285999969,35.07920550800003],[-99.367128820999937,35.07828513700008],[-99.365087132999975,35.075959015000024],[-99.363690869999971,35.074368132000075],[-99.36319128599996,35.06327582800003],[-99.356886336999992,35.05255173900008],[-99.351830811999946,35.048875174000045],[-99.34578565299995,35.043887872000028],[-99.337992183999972,35.04144265900004],[-99.332326079999973,35.039698753000039],[-99.320830149999949,35.03774702000004],[-99.311245818999964,35.036885805000054],[-99.30162790299994,35.03525877900006],[-99.297875768999972,35.030554289000065],[-99.29595939699999,35.028151238000078],[-99.289362073999939,35.021071164000034],[-99.287440279999942,35.014426146000062],[-99.286871370999961,35.006783426000027],[-99.288909530999945,35.000212059000035],[-99.29365172699994,34.991645153000036],[-99.302025898999943,34.991586440000049],[-99.310915638999973,34.992660564000062],[-99.318575783999961,34.992239034000079],[-99.319482922999953,34.986467066000046],[-99.321072946999948,34.975121435000062],[-99.320923043999983,34.966509072000065],[-99.319325498999945,34.961961509000048],[-99.316254875999959,34.960904938000056],[-99.311034534999976,34.958572438000033],[-99.30983458299994,34.952481012000078],[-99.307507448999957,34.947189341000069],[-99.300704879999955,34.945861247000039],[-99.297517148999987,34.942127002000063],[-99.295879419999949,34.936623090000069],[-99.298079623999968,34.928515309000034],[-99.300861783999949,34.923070766000023],[-99.300452462999942,34.919062053000061],[-99.299975716999938,34.913523591000057],[-99.297642064999991,34.90804071000008],[-99.297802923999939,34.901142949000075],[-99.299904698999967,34.896101847000068],[-99.303474562999952,34.892739961000075],[-99.308702361999963,34.890094088000069],[-99.315596540999991,34.888355198000056],[-99.320899960999952,34.88742968300005],[-99.326418305999937,34.886114485000064],[-99.329109366999944,34.883927085000039],[-99.331947193999952,34.879820497000026],[-99.33296261299995,34.876534839000044],[-99.332647639999948,34.869460082000046],[-99.331274930999939,34.864714939000066],[-99.32781466299997,34.860032871000044],[-99.323494897999979,34.856908358000055],[-99.31689831999995,34.854809568000064],[-99.308653117999938,34.852185532000078],[-99.302985140999965,34.850058057000069],[-99.295866958999966,34.846633482000072],[-99.293206389999966,34.844224078000025],[-99.287910949999969,34.83997871400004],[-99.282688776999976,34.832093304000068],[-99.272771928999987,34.823007167000071],[-99.265200822999986,34.814425132000054],[-99.254527307999979,34.809189041000025],[-99.247415221999972,34.805761489000076],[-99.239873257999989,34.803111942000044],[-99.231702415999962,34.802011913000058],[-99.22474017199994,34.802024565000067],[-99.215765568999984,34.803818552000052],[-99.21150055399994,34.807197555000073],[-99.206381488999966,34.812324266000076],[-99.203250263999962,34.815095608000036],[-99.199565269999937,34.815777052000044],[-99.195945467999991,34.817988041000035],[-99.192862519999949,34.821906360000071],[-99.191377947999968,34.82520396700005],[-99.186374287999968,34.827646172000073],[-99.181769103999954,34.82854506700005],[-99.173213578999992,34.829366183000047],[-99.162314715999969,34.829679587000044],[-99.154142118999971,34.828573774000063],[-99.148895857999946,34.82527787500004],[-99.148702954999976,34.820688761000042],[-99.148070477999966,34.816686559000061],[-99.145990822999977,34.811385638000047],[-99.142760376999945,34.806309000000056],[-99.143519192999975,34.802267135000079],[-99.145420852999962,34.797809767000047],[-99.146874782999987,34.79374805100008],[-99.147201829999972,34.790484289000062],[-99.146777362999956,34.785901972000033],[-99.146288733999938,34.779790042000059],[-99.148053137999966,34.772082290000071],[-99.155218488999992,34.765942763000055],[-99.15776525199999,34.760318239000071],[-99.155023673999949,34.755802548000077],[-99.153487362999954,34.746849458000042],[-99.154676068999947,34.742029724000076],[-99.157246210999972,34.736978945000033],[-99.16078265799996,34.732857492000051],[-99.163432722999971,34.729718542000057],[-99.163933881999981,34.725109964000069],[-99.162965026999984,34.718629460000045],[-99.158978412999943,34.712044282000079],[-99.153516604999936,34.70894686400004],[-99.146673144999966,34.700529052000036],[-99.141547561999971,34.694358856000065],[-99.135592867999947,34.69050909300006],[-99.127715094999985,34.690542005000054],[-99.120619179999949,34.692657711000038],[-99.113483194999958,34.693817025000044],[-99.107241238999961,34.69418496600008],[-99.097911040999975,34.69272546600007],[-99.090943165999988,34.69234728400005],[-99.082810139999992,34.691809919000036],[-99.072425142999975,34.69286616800008],[-99.063837049999961,34.692531523000071],[-99.058944852999957,34.691902066000068],[-99.051057365999952,34.685996131000024],[-99.044659326999977,34.676794599000061],[-99.040785038999957,34.666948858000069],[-99.040513468999961,34.663434127000073],[-99.040298066999981,34.660646091000046],[-99.044315576999963,34.656898312000067],[-99.054033014999959,34.656628782000041],[-99.065554456999962,34.65515969300003],[-99.069292161999954,34.650270383000077],[-99.071633573999975,34.645228587000076],[-99.07161459799994,34.639104366000026],[-99.07181127299998,34.632591368000078],[-99.069557707999991,34.628443626000035],[-99.063996457999963,34.622665597000037],[-99.059831315999986,34.617039872000078],[-99.058394815999975,34.610189779000052],[-99.054038443999957,34.605526216000044],[-99.051654636999956,34.598128316000043],[-99.053193316999966,34.590430097000024],[-99.058006532999968,34.583597717000032],[-99.058103647999985,34.583517725000036],[-99.064499087999991,34.578249381000035],[-99.068941980999966,34.57372349700006],[-99.07537393299998,34.572586650000062],[-99.080099478999955,34.572825713000043],[-99.080242828999985,34.572832963000053],[-99.086576923999985,34.574951733000034],[-99.090302469999983,34.574467610000056],[-99.097854102999975,34.573485894000044],[-99.105927022999992,34.572875101000079],[-99.113249652999968,34.576495487000045],[-99.122159088999979,34.579304768000043],[-99.129347763999988,34.579674340000054],[-99.135588079999991,34.57949635500006],[-99.14831576399996,34.579515019000041],[-99.156762808999986,34.576784472000043],[-99.16261882699996,34.572979577000069],[-99.167485436999982,34.567671798000049],[-99.170081013999948,34.563386348000051],[-99.169656434999979,34.558805302000053],[-99.169183543999964,34.553077359000042],[-99.168399122999972,34.545444603000078],[-99.169758265999974,34.53928109900005],[-99.18030314899994,34.537062268000057],[-99.187686635999967,34.536656717000028],[-99.191402394999955,34.531572786000027],[-99.19318882999994,34.524631079000073],[-99.193953787999988,34.515422571000045],[-99.198838857999988,34.510687190000056],[-99.200928217999945,34.505459056000063],[-99.20108027699996,34.504283458000032],[-99.201797820999957,34.498735501000056],[-99.198289282999951,34.492331082000078],[-99.195226763999983,34.485530883000024],[-99.196898030999989,34.47591361800005],[-99.20050446099998,34.468345027000055],[-99.205312778999939,34.461889448000079],[-99.209995535999951,34.457925131000025],[-99.215906974999939,34.450288632000024],[-99.218634729999962,34.446443612000053],[-99.220482120999975,34.443839294000043],[-99.222090392999974,34.438242481000032],[-99.221169302999954,34.432911385000068],[-99.219333921999976,34.427798534000033],[-99.220497026999965,34.42259763800007],[-99.222688803999972,34.419854186000066],[-99.228208523999967,34.413950991000036],[-99.228470735999963,34.412970675000054],[-99.22960139199995,34.408743293000043],[-99.227815187999965,34.404777421000063],[-99.221013941999956,34.402298549000079],[-99.215851576999967,34.400345257000026],[-99.211109847999978,34.397422643000027],[-99.209894318999943,34.390569566000067],[-99.205104632999962,34.386500054000066],[-99.199211612999989,34.383610683000029],[-99.193145259999937,34.382065509000029],[-99.187212607999982,34.378219952000052],[-99.189481027999989,34.371839503000047],[-99.19427957299996,34.359836322000035],[-99.199406822999947,34.356531709000024],[-99.202364287999956,34.354625329000044],[-99.20792150699998,34.34967914300006],[-99.208786572999941,34.349124983000024],[-99.201366587999985,34.33964222000003],[-99.198541087999956,34.330319278000047],[-99.197343224999941,34.326366162000056],[-99.196007589999965,34.308467651000058],[-99.194337978999954,34.275871168000037],[-99.190879788999951,34.269036632000052],[-99.184595824999974,34.263480100000038],[-99.179483592999986,34.258367521000025],[-99.176244786999973,34.249852344000033],[-99.175080259999959,34.242711844000041],[-99.16782656099997,34.234552241000074],[-99.155913700999974,34.225092026000027],[-99.147990536999941,34.221494243000052],[-99.135953856999947,34.222796613000071],[-99.122746814999971,34.223652811000079],[-99.111522756999989,34.223733612000046],[-99.10022016299996,34.221902449000027],[-99.08883990399994,34.218159312000068],[-99.080642904999991,34.214803656000072],[-99.07229526399999,34.214799391000042],[-99.061695953999958,34.216053179000028],[-99.048087862999978,34.221215824000069],[-99.034055886999965,34.22304077900003],[-99.018528106999952,34.223470478000024],[-98.996616984999946,34.222638342000039],[-98.982423004999987,34.220396048000055],[-98.967495113999973,34.214106890000039],[-98.949271862999979,34.204437632000065],[-98.941907752999953,34.200092942000026],[-98.93141957499995,34.196788044000073],[-98.919272279999973,34.195200232000047],[-98.908555691999936,34.185921737000058],[-98.891308826999989,34.171316088000026],[-98.878820427999983,34.160647456000049],[-98.864182166999967,34.153859414000067],[-98.85204319199994,34.152264221000053],[-98.833646970999951,34.152503738000064],[-98.820386429999985,34.151651386000026],[-98.802979908999987,34.147556720000068],[-98.794560215999979,34.145381581000038],[-98.774998818999961,34.145162902000038],[-98.764604260999988,34.143991936000077],[-98.751894438999955,34.142400179000049],[-98.741352047999953,34.145055948000049],[-98.731435329999954,34.149129506000065],[-98.720813838999959,34.149633572000027],[-98.711315923999962,34.148605506000024],[-98.704647871999953,34.147883238000077],[-98.692260007999948,34.147232873000064],[-98.684562440999969,34.149095766000073],[-98.677583071999948,34.155004756000039],[-98.671633664999945,34.165669659000059],[-98.657085514999949,34.177260940000053],[-98.647053490999951,34.181579430000056],[-98.64178244499999,34.183847904000061],[-98.632830074999958,34.186175325000079],[-98.632659324999963,34.186219708000067],[-98.617991062999977,34.18633288500007],[-98.604998018999936,34.184969723000052],[-98.588564314999985,34.183925633000058],[-98.582412674999944,34.18407112500006],[-98.575916706999976,34.184224384000061],[-98.566195472999937,34.177519895000046],[-98.561871672999985,34.168775711000023],[-98.564190497999959,34.160832093000067],[-98.565416317999961,34.154587611000068],[-98.561429822999969,34.147270153000079],[-98.556982737999988,34.143310262000057],[-98.551257928999974,34.135555125000053],[-98.550473724999961,34.129357951000031],[-98.546230968999964,34.122882913000069],[-98.540334046999988,34.118478202000063],[-98.53070441999995,34.114159761000053],[-98.521123705999969,34.111273681000057],[-98.508767237999962,34.111319144000049],[-98.498908455999981,34.108676585000069],[-98.489459437999983,34.101003908000052],[-98.479409578999991,34.101232527000036],[-98.470873458999961,34.103816405000032],[-98.463135954999984,34.104469264000045],[-98.450710854999954,34.102358366000033],[-98.443214141999988,34.10157016900007],[-98.432651285999953,34.103718272000037],[-98.424484747999941,34.108919701000048],[-98.416711230999965,34.117458425000052],[-98.406236684999953,34.122470517000068],[-98.396259480999959,34.125080258000025],[-98.388965009999936,34.130738029000042],[-98.387792951999984,34.139130266000052],[-98.386575348999941,34.14608927200004],[-98.382696058999954,34.150715879000074],[-98.370672893999938,34.152411666000035],[-98.362067510999964,34.153076104000036],[-98.353174626999987,34.153746053000077],[-98.344444716999988,34.159670880000078],[-98.336781711999947,34.162942652000027],[-98.325639819999992,34.165331757000047],[-98.312154088999989,34.166335020000076],[-98.296001449999949,34.164763121000078],[-98.280079174999969,34.161271670000076],[-98.26520755599995,34.154409552000061],[-98.255135680999956,34.154139761000067],[-98.243886051999937,34.15293706500006],[-98.231810020999944,34.15294530400007],[-98.218843841999956,34.15201412600004],[-98.206894773999977,34.146519152000053],[-98.197035064999966,34.143610350000074],[-98.188359969999965,34.141872141000078],[-98.178604918999952,34.142545136000024],[-98.168371045999947,34.146573246000059],[-98.15685621099999,34.15612352900007],[-98.148445617999982,34.163699371000064],[-98.137338249999971,34.167502722000052],[-98.12414380499996,34.168716080000024],[-98.111971712999946,34.165366365000068],[-98.108610061999968,34.15826018000007],[-98.109760041999948,34.147959540000045],[-98.112519991999989,34.133564423000053],[-98.111992288999943,34.124969673000066],[-98.112493403999963,34.112052735000077],[-98.10625558199996,34.104763581000043],[-98.101275431999966,34.090996571000062],[-98.101383261999956,34.084541149000074],[-98.107353318999969,34.071997565000061],[-98.11169272099994,34.062831452000069],[-98.108002046999957,34.054059627000072],[-98.101268514999958,34.049409420000075],[-98.087589518999948,34.042740919000039],[-98.075980405999985,34.038182415000051],[-98.069237187999988,34.033052590000068],[-98.059160732999942,34.031976519000068],[-98.048877234999964,34.033843018000027],[-98.038012942999956,34.035480397000072],[-98.02330944199997,34.033125071000029],[-98.010800532999951,34.026903552000078],[-97.998211666999964,34.017575346000058],[-97.989748231999954,34.012233391000052],[-97.987347438999961,34.011532248000037],[-97.96900471899994,34.006173170000068],[-97.958407212999987,33.995848921000061],[-97.953325506999988,33.976822257000038],[-97.957125897999958,33.957397859000025],[-97.959328563999975,33.942781686000046],[-97.961610794999956,33.931270715000039],[-97.957222785999988,33.916773498000055],[-97.948595341999976,33.904502819000072],[-97.924798072999977,33.892739703000075],[-97.909260622999966,33.890145813000061],[-97.89078269099997,33.895963644000062],[-97.872600156999965,33.902251142000068],[-97.855425892999961,33.903022809000049],[-97.841671134999956,33.903017206000072],[-97.824101767999991,33.911197737000066],[-97.819341111999961,33.927764412000045],[-97.817965897999954,33.942124256000056],[-97.813047522999966,33.95224214600006],[-97.801174035999964,33.95936860900008],[-97.777212867999992,33.964779825000051],[-97.76298479899998,33.969550937000065],[-97.753778451999949,33.980691442000079],[-97.752632371999937,33.993135868000024],[-97.750261241999965,34.002254606000065],[-97.739521380999975,34.009356419000028],[-97.722971320999989,34.013442511000051],[-97.700681900999939,34.017615688000035],[-97.683198164999965,34.018603686000063],[-97.671409516999972,34.017590053000049],[-97.653106324999953,34.007354418000034],[-97.635381693999989,33.99710725400007],[-97.617989480999938,33.988764136000043],[-97.604445219999945,33.985857783000029],[-97.599715627999956,33.979236569000079],[-97.601470116999963,33.967263327000069],[-97.610242939999978,33.94825746500004],[-97.611984878999976,33.935806826000032],[-97.603175277999981,33.925901408000072],[-97.595388450999963,33.923626316000025],[-97.581308595999985,33.921920028000045],[-97.564650350999955,33.934107116000064],[-97.555958032999968,33.943550064000078],[-97.549458930999947,33.948182460000055],[-97.528181146999941,33.94513763100008],[-97.505381840999974,33.937569944000074],[-97.493828831999963,33.933189136000067],[-97.470070302999943,33.920132084000045],[-97.45754758299995,33.909787572000027],[-97.454813275999982,33.901700769000058],[-97.454270087999987,33.888328603000048],[-97.460590339999953,33.874387051000042],[-97.464465403999952,33.867406616000039],[-97.46254007899995,33.85668163400004],[-97.45388286299999,33.853213966000055],[-97.442977286999962,33.851925580000056],[-97.424964908999982,33.853357260000053],[-97.412690771999962,33.855428386000028],[-97.400755212999968,33.86036062200003],[-97.388153608999971,33.860283051000067],[-97.374467453999955,33.863562371000057],[-97.367451796999944,33.871534559000054],[-97.363601969999991,33.880422424000074],[-97.353954722999958,33.885559858000079],[-97.345178141999952,33.891402451000033],[-97.340743330999942,33.899819093000076],[-97.337428172999978,33.90678839900005],[-97.330358473999979,33.912131123000052],[-97.322597969999947,33.910792066000056],[-97.312790920999987,33.907087966000063],[-97.306094793999989,33.900956628000074],[-97.30092214299998,33.900062846000026],[-97.288899145999949,33.900683541000035],[-97.280802638999944,33.903639222000038],[-97.273324569999943,33.911617799000055],[-97.260145121999983,33.928973132000067],[-97.246869172999936,33.940833019000024],[-97.233712262999973,33.942655167000055],[-97.222430002999943,33.93633131100006],[-97.217882150999969,33.932739494000032],[-97.200658841999939,33.919132163000029],[-97.195207312999969,33.900556859000062],[-97.198998538999945,33.886658554000064],[-97.211837184999979,33.865493086000072],[-97.218173223999941,33.849894118000066],[-97.22163108999996,33.833491304000063],[-97.221048749999966,33.81510361800008],[-97.210683187999962,33.79324252300006],[-97.195401854999943,33.767613420000032],[-97.18803227899997,33.753601183000058],[-97.175850280999953,33.742507165000063],[-97.153087255999992,33.730927559000065],[-97.138281712999969,33.734905170000047],[-97.122423005999963,33.74510188000005],[-97.117442432999951,33.756379486000071],[-97.117758962999972,33.777873948000035],[-97.124705132999964,33.80264500100003],[-97.129069482999967,33.826726662000056],[-97.127179784999953,33.834390556000074],[-97.118718443999967,33.842958313000054],[-97.11129002499996,33.843989925000074],[-97.090369607999946,33.842529183000067],[-97.078960528999971,33.84550947200006],[-97.075337413999989,33.85247309600004],[-97.080882374999987,33.859823852000034],[-97.09701258399997,33.866351638000026],[-97.108256493999988,33.87149355300005],[-97.111221592999982,33.878391414000077],[-97.10853246299996,33.890363904000026],[-97.096588957999984,33.896457369000075],[-97.082781324999985,33.892534069000078],[-97.061194916999966,33.885340475000078],[-97.04429675199998,33.88550374700003],[-97.02186997199999,33.900528317000067],[-97.013158740999984,33.913271688000066],[-97.013589071999945,33.924018641000032],[-97.020608042999982,33.934465353000064],[-97.029675997999959,33.947878941000056],[-97.028157200999942,33.96270645900006],[-97.021434240999952,33.97447702900007],[-97.011458703999949,33.979109637000079],[-96.993099401999984,33.978800478000039],[-96.975289157999953,33.976571898000032],[-96.961536927999987,33.977649707000069],[-96.94259276799994,33.976381498000023],[-96.93360899999999,33.968813157000056],[-96.923986574999958,33.955754410000054],[-96.91039430699999,33.922181888000068],[-96.898172115999955,33.90651551600007],[-96.889470708999966,33.897508630000061],[-96.881394231999991,33.89279627600007],[-96.866761016999988,33.890763580000055],[-96.862788986999988,33.894139668000037],[-96.866068234999943,33.905341953000061],[-96.864433771999984,33.912760920000039],[-96.84895903499995,33.912643648000028],[-96.835447831999943,33.908686705000036],[-96.818714377999981,33.898063191000062],[-96.810823899999946,33.88354954700003],[-96.808671198999946,33.869709866000051],[-96.804575979999981,33.861618018000058],[-96.794783232999976,33.856195558000024],[-96.777653761999943,33.861096892000035],[-96.755718496999975,33.872478957000055],[-96.740603882999949,33.87903276600008],[-96.732369970999969,33.886494058000039],[-96.726199117999954,33.900152355000046],[-96.723775994999983,33.916413638000051],[-96.714473464999969,33.932720520000032],[-96.704529155999978,33.942102670000054],[-96.691963056999953,33.947200266000038],[-96.67762178299995,33.946334689000025],[-96.661519213999952,33.940699739000024],[-96.637918906999971,33.929372866000051],[-96.602267944999937,33.915241550000076],[-96.59877099299996,33.907854975000078],[-96.60098915399999,33.898525844000062],[-96.613839747999975,33.893437457000061],[-96.630123824999941,33.888088887000038],[-96.64297677199994,33.883713772000078],[-96.647800908999955,33.878429637000067],[-96.645475164999937,33.874382352000055],[-96.637694672999942,33.868694914000059],[-96.619063783999991,33.866652423000062],[-96.562629311999956,33.863853041000027],[-96.550304465999943,33.862243831000058],[-96.538523957999985,33.856569584000056],[-96.532445919999986,33.847283239000035],[-96.518485056999964,33.815262313000062],[-96.51006588599995,33.811559873000078],[-96.501487834999978,33.81255518100005],[-96.493242308999982,33.820714275000057],[-96.485253708999949,33.82457204800005],[-96.471778763999964,33.820809396000072],[-96.451949704999947,33.807039403000033],[-96.426065219999941,33.78349690500005],[-96.401612654999951,33.75731651500007],[-96.394100638999987,33.742416368000079],[-96.380604090999952,33.730522567000037],[-96.369420223999953,33.723157278000031],[-96.356268269999987,33.722245830000077],[-96.347132135999971,33.724424868000028],[-96.336270990999992,33.724458993000042],[-96.324269614999992,33.725211939000076],[-96.314294482999969,33.732167408000066],[-96.31090732499996,33.742685965000078],[-96.312666920999959,33.75342874200004],[-96.324435944999948,33.764142267000068],[-96.326188713999954,33.772735533000059],[-96.323371440999949,33.782775661000073],[-96.315679172999978,33.790202699000076],[-96.300242852999986,33.793112634000067],[-96.281075562999945,33.793163819000029],[-96.274760195999988,33.787208590000034],[-96.278430728999979,33.774062455000035],[-96.278972891999956,33.765940252000064],[-96.276665924999975,33.760691547000079],[-96.267229345999965,33.760715134000066],[-96.252368310999941,33.763377910000031],[-96.226120505999972,33.783976583000026],[-96.205586083999947,33.806469716000038],[-96.195347523999942,33.830613739000057],[-96.193093027999964,33.844472180000025],[-96.193121317999953,33.855579742000032],[-96.186836504999974,33.861323731000027],[-96.168225112999949,33.861592941000026],[-96.156489185999988,33.863521452000043],[-96.146200549999946,33.873807555000042],[-96.137040130999992,33.875969393000048],[-96.119278510999948,33.872645952000028],[-96.103528571999959,33.873378699000057],[-96.093514592999952,33.881031976000031],[-96.083491222999953,33.881995650000079],[-96.070598062999977,33.877227115000039],[-96.056563144999984,33.875324252000041],[-96.047688494999989,33.880822786000067],[-96.04024205099995,33.881303557000024],[-96.025633280999955,33.876291445000049],[-96.015036028999987,33.872949089000031],[-96.005872129999943,33.877010946000041],[-96.003581381999936,33.886088607000033],[-95.99699334799999,33.888955245000034],[-95.986681346999944,33.889432244000034],[-95.978086853999969,33.893491923000056],[-95.96519454099996,33.897071883000024],[-95.956312369999978,33.89969646000003],[-95.945985539999981,33.918564313000047],[-95.94054532499996,33.913066911000044],[-95.927654294999968,33.909953508000058],[-95.915620129999979,33.910183748000065],[-95.904167700999949,33.903485317000047],[-95.895875377999971,33.891772169000035],[-95.881569547999959,33.881007737000061],[-95.860389157999975,33.873338430000047],[-95.836343843999941,33.868288481000036],[-95.814864833999991,33.868970734000072],[-95.796523948999948,33.873954511000079],[-95.782196479999982,33.876793391000035],[-95.769600170999979,33.875095306000048],[-95.757854415999986,33.876264244000026],[-95.746385904999954,33.88006027800003],[-95.748647060999986,33.889143152000031],[-95.758644376999939,33.898004608000065],[-95.761764061999941,33.908044894000057],[-95.759729682999989,33.917118405000053],[-95.747978849999981,33.917808556000068],[-95.729070823999962,33.916568720000043],[-95.714737269999944,33.918204422000031],[-95.70411808099999,33.922476260000053],[-95.694659433999959,33.922927972000025],[-95.688095889999943,33.916220275000057],[-95.678660220999973,33.911414963000027],[-95.668341132999956,33.91233962900003],[-95.662865198999953,33.919489709000061],[-95.655090132999987,33.92782683400003],[-95.630698810999945,33.93419726500008],[-95.617206375999956,33.938450981000074],[-95.56564508799994,33.960319617000039],[-95.551290008999956,33.954660324000031],[-95.537785214999985,33.950207988000045],[-95.530958400999964,33.941578178000043],[-95.528045255999984,33.930671580000023],[-95.522140726999964,33.921663182000032],[-95.50819125999999,33.916249804000074],[-95.496966467999982,33.91505187000007],[-95.486230288999991,33.90945938200008],[-95.468397357999947,33.902875909000045],[-95.446407533999945,33.901046387000065],[-95.428744381999991,33.903057502000024],[-95.419788343999983,33.905303584000023],[-95.405594543999939,33.903124813000034],[-95.393503993999957,33.895986925000045],[-95.38439619899998,33.888673532000041],[-95.372746060999987,33.884211505000053],[-95.36563971399994,33.88455258700003],[-95.35300631399997,33.88810944100004],[-95.329922851999982,33.907081521000066],[-95.318909126999984,33.908351080000045],[-95.305223376999948,33.901002206000044],[-95.299354730999937,33.891217716000028],[-95.293423463999943,33.888312700000029],[-95.286080031999973,33.889411518000031],[-95.280733451999936,33.897403213000075],[-95.273906180999973,33.916278739000063],[-95.268079450999949,33.926178168000035],[-95.255128214999957,33.93755800100007],[-95.246354231999987,33.94361381300007],[-95.235545749999972,33.946596643000078],[-95.220183298999984,33.946296725000025],[-95.216029842999944,33.948751640000069],[-95.216213674999949,33.953148989000056],[-95.222325374999969,33.961029205000045],[-95.222009609999986,33.969436901000051],[-95.215297909999947,33.975122932000033],[-95.200346166999964,33.978837113000054],[-95.189819589999956,33.976274627000066],[-95.182757433999939,33.971634627000071],[-95.176630293999949,33.965472164000062],[-95.170030771999961,33.960643751000077],[-95.156519774999936,33.958628737000026],[-95.144621410999946,33.956051308000042],[-95.13144865999999,33.944670332000044],[-95.119196976999945,33.933295354000052],[-95.110147142999949,33.922900961000039],[-95.100146619999975,33.915556087000027],[-95.090968538999959,33.916244428000027],[-95.080143938999981,33.920358382000074],[-95.071189646999983,33.921429210000042],[-95.065283645999955,33.916982817000076],[-95.063520704999974,33.911233930000037],[-95.067719365999949,33.90534509400004],[-95.070128542999953,33.895809601000053],[-95.068143631999988,33.889485703000048],[-95.063385946999972,33.885049193000043],[-95.053371083999991,33.879611363000038],[-95.041230526999982,33.879314083000054],[-95.026537942999937,33.881477200000063],[-95.007052946999977,33.882065834000059],[-94.999245238999947,33.88333222600005],[-94.989449024999942,33.879037204000042],[-94.989767282999992,33.872351067000068],[-94.984809218999942,33.866189287000054],[-94.95235992399995,33.843617464000033],[-94.935956051999938,33.853778418000047],[-94.92591656999997,33.851004302000035],[-94.91731194099998,33.844039101000078],[-94.919514548999985,33.834123313000077],[-94.928789500999983,33.825997378000068],[-94.925951192999946,33.816223112000046],[-94.912658712999985,33.801185278000048],[-94.895269318999965,33.784957997000049],[-94.887756828999954,33.766632099000049],[-94.879134226999952,33.76176636100007],[-94.868428459999961,33.758598109000047],[-94.858314948999976,33.761740968000026],[-94.846902942999975,33.774997055000028],[-94.834515958999987,33.77696712200003],[-94.820179028999974,33.771844166000051],[-94.818993668999951,33.759792503000028],[-94.817701559999989,33.754619043000048],[-94.810186460999944,33.752435128000059],[-94.802785999999969,33.757513355000071],[-94.798758376999956,33.766259171000058],[-94.790940862999946,33.768656792000058],[-94.782086291999974,33.764353984000024],[-94.780854928999986,33.755549979000079],[-94.784371566999937,33.750238823000075],[-94.784920745999955,33.744512315000065],[-94.77927398099996,33.740054091000047],[-94.770200924999983,33.735365820000027],[-94.763239787999964,33.727452423000045],[-94.758791812999959,33.719758450000029],[-94.750909478999972,33.712407126000073],[-94.742270171999962,33.709441343000037],[-94.735866470999952,33.70955815800005],[-94.726133236999942,33.703712192000069],[-94.717956236999953,33.700558830000034],[-94.704876069999955,33.703461044000051],[-94.695628251999949,33.70946503600004],[-94.685441396999977,33.716794540000024],[-94.676823035999973,33.725862053000071],[-94.670082133999983,33.732085681000058],[-94.662277548999953,33.733709753000028],[-94.647950227999956,33.729137561000073],[-94.643759522999972,33.720486498000071],[-94.64455110199998,33.714572756000052],[-94.652438851999989,33.708173996000028],[-94.661457992999942,33.702361913000061],[-94.662951136999936,33.695463239000048],[-94.653860122999959,33.692484881000041],[-94.644742553999947,33.691034051000031],[-94.637955133999981,33.68712768100005],[-94.626536096999985,33.686601841000027],[-94.620726046999948,33.69187843800006],[-94.620369130999961,33.698943833000044],[-94.61455422399996,33.704411230000062],[-94.606322192999983,33.704497097000058],[-94.599285847999965,33.701731525000071],[-94.596402807999937,33.696917318000033],[-94.595569865999948,33.692511729000046],[-94.600741902999971,33.684744236000029],[-94.602661354999952,33.679800951000061],[-94.598137265999981,33.67725871600004],[-94.59060425499996,33.676779141000054],[-94.584874309999975,33.677660060000051],[-94.580379500999982,33.673588869000071],[-94.57536735299999,33.67275898500003],[-94.566156313999954,33.676459354000031],[-94.56001258699996,33.675040597000077],[-94.553934535999986,33.670183019000035],[-94.559540843999969,33.663760981000053],[-94.558481967999967,33.659352287000047],[-94.553717607999943,33.657569337000041],[-94.546861148999938,33.657668931000046],[-94.539975307999953,33.659296270000027],[-94.532735581999987,33.655568392000077],[-94.525478034999992,33.652795153000056]],[[-97.272771361999958,34.954307434000043],[-97.283268543999952,34.95648237100005],[-97.290035523999961,34.964728318000027],[-97.296759211999984,34.970390846000043],[-97.304469930999971,34.972596534000047],[-97.309654856999941,34.969951538000032],[-97.317972228999963,34.966981880000048],[-97.325965740999948,34.965450817000033],[-97.335399577999965,34.966485357000067],[-97.343149684999958,34.970840881000072],[-97.349950465999939,34.980518321000034],[-97.355004023999982,34.989929842000038],[-97.356451162999974,35.012017110000045],[-97.351633420999974,35.035042967000038],[-97.345127036999941,35.042012515000067],[-97.340374897999936,35.049534634000054],[-97.338178381999967,35.063341769000033],[-97.340047433999985,35.070209454000064],[-97.34964507899997,35.07956697000003],[-97.36344883299995,35.089589738000029],[-97.375724386999991,35.092308720000062],[-97.389891287999944,35.102754535000031],[-97.396720880999965,35.113004499000056],[-97.395505973999946,35.122781736000036],[-97.38980173899995,35.135486742000069],[-97.392386987999942,35.142919367000047],[-97.39848391299995,35.151169032000041],[-97.405920872999957,35.156243035000045],[-97.414304130999938,35.155849065000041],[-97.422283066999967,35.152588394000077],[-97.430693341999984,35.153628463000075],[-97.43429883899995,35.159324334000075],[-97.441478206999989,35.168993464000039],[-97.452466264999941,35.176602382000056],[-97.469304610999984,35.179251463000071],[-97.481667183999946,35.185403670000028],[-97.491349061999983,35.197333538000066],[-97.497929329999977,35.211458347000075],[-97.515500082999949,35.215239302000043],[-97.533060813999953,35.218443346000072],[-97.546454891999986,35.223138667000057],[-97.551839818999952,35.229667864000078],[-97.552560314999937,35.247461502000078],[-97.550391312999977,35.260988464000036],[-97.541012209999963,35.264565282000035],[-97.539475554999967,35.274924586000054],[-97.542798629999936,35.283206232000055],[-97.55696523499995,35.290761703000044],[-97.56824861299998,35.294335857000078],[-97.581381498999974,35.302477328000066],[-97.593005762999951,35.305469824000056],[-97.604569112999968,35.305590218000077],[-97.621460752999951,35.30907774800005],[-97.640862632999983,35.315110257000072],[-97.655401922999943,35.322935278000045],[-97.669484510999951,35.325883174000069],[-97.682121529999961,35.326840923000077],[-97.697495952999986,35.324883467000063],[-97.711409021999941,35.320361737000042],[-97.722578100999954,35.318465623000066],[-97.735274745999959,35.322001084000078],[-97.74554404099996,35.326578536000056],[-97.754821122999942,35.333611939000036],[-97.768964223999944,35.338843939000071],[-97.780134606999979,35.336941993000039],[-97.79403106999996,35.331835676000026],[-97.804519996999943,35.330803876000061],[-97.818616968999947,35.334019933000036],[-97.831628793999982,35.335816156000078],[-97.842581769999981,35.33936830600004],[-97.855101821999938,35.349498905000075],[-97.866086716999973,35.354197127000077],[-97.878702057999988,35.353984150000031],[-97.891266266999992,35.351760148000039],[-97.901151145999961,35.354463233000047],[-97.91644851999996,35.363103526000032],[-97.932897944999979,35.361956454000051],[-97.944440536999991,35.360893064000038],[-97.961362983999948,35.351117041000066],[-97.971867498999984,35.350643553000054],[-97.982752864999952,35.351311116000034],[-97.993231016999971,35.356209532000037],[-97.99517855299996,35.357119806000071],[-97.993149403999951,35.558572827000035],[-97.990926093999974,35.97016427300008],[-97.99404829599996,35.97669410900005],[-98.00085231199995,35.983158065000055],[-98.008377559999985,35.98901001400003],[-98.012893280999947,35.992520953000053],[-98.016673052999977,35.996045003000063],[-98.019733144999975,36.000180640000053],[-98.023513635999961,36.003704480000067],[-98.027310919999991,36.007826603000069],[-98.031108630999938,36.011948612000026],[-98.034170188999951,36.016083903000037],[-98.03649547599997,36.020232538000073],[-98.040277794999952,36.023755863000076],[-98.045500670999957,36.026055316000054],[-98.050707246999991,36.027756120000049],[-98.055210686999942,36.030667040000026],[-98.060434516999976,36.032965807000039],[-98.066378677999978,36.034652318000042],[-98.07228950199999,36.035141696000039],[-98.078217255999959,36.03622917000007],[-98.084128282999984,36.036717923000026],[-98.09005633999999,36.037804771000026],[-98.096721357999968,36.038877500000069],[-98.101930017999962,36.040575935000049],[-98.107138916999986,36.042274131000056],[-98.113119166999979,36.045154985000067],[-98.116923587999963,36.049274191000052],[-98.119254571999988,36.053421207000042],[-98.122322790999988,36.057554210000035],[-98.124654340999939,36.061701138000046],[-98.127723205999985,36.065834018000032],[-98.130055320999986,36.069980858000065],[-98.132387696999956,36.07412766300007],[-98.134720336999976,36.078274432000057],[-98.137790456999937,36.082407086000046],[-98.140860919999966,36.086539669000047],[-98.14465162099998,36.090059634000056],[-98.147002876999977,36.094804618000069],[-98.150811751999981,36.098922822000077],[-98.156095891999939,36.103012515000046],[-98.160608084999978,36.105919351000068],[-98.163680804999956,36.110051378000037],[-98.16749139999996,36.114169060000052],[-98.172022355999957,36.117673889000059],[-98.175113864999958,36.122404068000037],[-98.17892573499995,36.126521396000044],[-98.182000341999981,36.130652982000072],[-98.185795274999975,36.134171665000054],[-98.18887058599995,36.138303084000029],[-98.191226226999959,36.143047304000049],[-98.19504006599999,36.147164143000055],[-98.198836471999982,36.15068242600006],[-98.202669021999952,36.155397471000072],[-98.207204186999945,36.158900979000066],[-98.211001778999957,36.162418879000029],[-98.214799733999939,36.165936659000067],[-98.222396834999984,36.173012647000064],[-98.142581664999966,36.173118104000025],[-97.96647552099995,36.173149729000045],[-97.358677442999976,36.170431676000078],[-96.816818701999978,36.167670856000029],[-96.819592175999958,36.05879537800007],[-96.825257130999944,36.061801760000037],[-96.828983265999966,36.064574333000053],[-96.833441893999975,36.06674131300008],[-96.838877028999946,36.068100770000058],[-96.844027131999951,36.066061965000074],[-96.847680653999987,36.06243420100003],[-96.85108751599995,36.05880820200008],[-96.851524727999958,36.054004699000075],[-96.850732840999967,36.049410567000052],[-96.847241434999944,36.045636942000044],[-96.842776824999987,36.042870582000035],[-96.838800481999954,36.039700382000035],[-96.834822218999989,36.036330061000058],[-96.830114669999944,36.03376503800007],[-96.82492396799995,36.032003401000054],[-96.819729072999962,36.02984155300004],[-96.815264240999966,36.026874141000064],[-96.811775712999975,36.023099472000069],[-96.809755792999965,36.018514082000024],[-96.80994930199995,36.01371266700005],[-96.812610745999962,36.009493363000047],[-96.81675968899998,36.006263149000063],[-96.821653293999987,36.003627315000074],[-96.827555636999989,36.003183797000077],[-96.833227592999947,36.004141678000053],[-96.838908784999944,36.00589920200008],[-96.844100270999945,36.007860139000059],[-96.850021237999954,36.009015297000076],[-96.854969411999946,36.011177587000077],[-96.859924864999982,36.013939612000058],[-96.862191607999989,36.018322199000067],[-96.86347623599994,36.02291234300003],[-96.865497269999992,36.027296792000072],[-96.868988740999953,36.031069797000043],[-96.874668116999942,36.032425568000065],[-96.880103867999992,36.033982975000072],[-96.885547046999989,36.036140078000074],[-96.891227116999971,36.037495013000068],[-96.897148765999987,36.038447714000029],[-96.90164410999995,35.654996709000045],[-96.902581289999944,35.574568345000046],[-96.930439263999972,35.574338796000063],[-96.93275760399996,35.302843225000061],[-96.935402494999948,35.306772502000058],[-96.938890872999991,35.30737707600008],[-96.943922153999949,35.307651381000028],[-96.945469009999954,35.307638200000042],[-96.948900975999948,35.303804489000072],[-96.954713567999988,35.304705676000026],[-96.959769232999975,35.306881247000035],[-96.964821085999972,35.308739594000031],[-96.967964266999957,35.312516606000031],[-96.968030184999975,35.317588603000047],[-96.963425911999991,35.320482039000069],[-96.958817201999977,35.323058289000073],[-96.958878423999977,35.327813338000055],[-96.962417138999967,35.33222124100007],[-96.968211503999953,35.331536718000052],[-96.972034354999948,35.328015829000037],[-96.977828304999946,35.327330807000067],[-96.983256262999987,35.328233928000031],[-96.984862232999944,35.332658249000076],[-96.982986606999987,35.337113483000053],[-96.982666677999987,35.342189018000056],[-96.987734114999967,35.344997407000051],[-96.993916143999968,35.344308087000059],[-96.998877820999951,35.339190791000078],[-97.002746572999968,35.339155877000053],[-97.006158015999972,35.340783735000059],[-97.015828112999941,35.340695849000042],[-97.019173443999989,35.350704890000031],[-97.031902620999972,35.360335623000026],[-97.037954170999967,35.35664395200007],[-97.045850263999967,35.357287700000029],[-97.048146962999965,35.364804177000053],[-97.042200821999984,35.368124280000075],[-97.041764256999954,35.368368018000069],[-97.041613482999992,35.368452195000032],[-97.042158452999956,35.375270511000053],[-97.042228818999945,35.380295362000027],[-97.037044825999942,35.385728435000033],[-97.030525243999989,35.389737822000029],[-97.034161394999956,35.39903722300005],[-97.038575071999958,35.401149841000063],[-97.04468206599995,35.398938689000033],[-97.052990592999947,35.397424280000052],[-97.064052019999963,35.404498253000042],[-97.06674413099995,35.408780120000074],[-97.065975297999955,35.416326040000058],[-97.072733385999982,35.428825286000063],[-97.083670603999963,35.426924151000037],[-97.09501407099998,35.422864031000074],[-97.097285989999989,35.428226352000024],[-97.092514875999939,35.431863253000074],[-97.089936163999937,35.435478457000045],[-97.095262477999938,35.439733892000049],[-97.098781868999936,35.440417099000058],[-97.105323550999969,35.437839254000039],[-97.111003721999964,35.436346612000079],[-97.113266458999988,35.440990800000066],[-97.112903057999972,35.446020305000047],[-97.109864760999983,35.448204661000034],[-97.104231634999962,35.452927715000044],[-97.108297420999975,35.460785091000048],[-97.117526751999947,35.461769599000036],[-97.127568464999968,35.458437142000037],[-97.138585588999945,35.461555716000078],[-97.14125099599994,35.463682347000031],[-97.148265235999986,35.463251056000047],[-97.152170274999946,35.460886877000064],[-97.157332660999941,35.457761047000076],[-97.163275373999966,35.462338626000076],[-97.16681595099999,35.470955737000054],[-97.180845423999983,35.470089476000055],[-97.183576069999958,35.477969434000045],[-97.178416134999964,35.480892010000048],[-97.175775912999939,35.483330210000076],[-97.174490680999952,35.484517022000034],[-97.175377087999948,35.487925396000037],[-97.179819648999967,35.488409642000079],[-97.184525133999955,35.488127415000065],[-97.186949681999977,35.491396202000033],[-97.187337955999965,35.491919642000028],[-97.18965312499995,35.499434108000059],[-97.199419983999974,35.506150376000051],[-97.201338420999946,35.516182119000064],[-97.212841423999976,35.521442482000054],[-97.222020622999992,35.518828798000072],[-97.223538084999973,35.513733176000073],[-97.22857350299995,35.508441947000051],[-97.228719633999958,35.508459304000041],[-97.236639171999968,35.509399624000025],[-97.238185474999966,35.515736476000029],[-97.240933926999958,35.516683277000027],[-97.244962074999989,35.51807074900006],[-97.251939694999976,35.516259117000061],[-97.255790753999975,35.513762051000072],[-97.260241297999983,34.955599461000077],[-97.272771361999958,34.954307434000043]],[[-94.42631012399994,35.407922327000051],[-94.424418094999965,35.411357419000069],[-94.422406230999968,35.414551024000048],[-94.42631012399994,35.407922327000051]]],[[[-94.162537774999976,47.011315125000067],[-94.162580417999948,47.020497835000072],[-94.160416291999979,47.028051025000082],[-94.152210278999974,47.033624429000042],[-94.151950966999948,47.042341116000046],[-94.156183658999964,47.049224320000064],[-94.155636314999981,47.058315757000059],[-94.154392061999943,47.062847923000049],[-94.154256874999987,47.067395419000036],[-94.153567003999967,47.071935160000066],[-94.155101480999974,47.076316162000069],[-94.155798428999958,47.080875029000026],[-94.156495481999968,47.08543383500006],[-94.155500208999968,47.09262766900008],[-94.156759496999939,47.097790442000075],[-94.157519555999954,47.102963231000047],[-94.136165093999978,47.12078998000004],[-94.135737994999943,47.134998368000026],[-94.155946308999944,47.155889494000064],[-94.163309817999959,47.153503918000069],[-94.170672760999992,47.151117918000068],[-94.194447493999974,47.157482908000077],[-94.197303204999969,47.166759911000042],[-94.242519345999938,47.189037379000069],[-94.24233793999997,47.19543014900006],[-94.235321519999957,47.203864169000042],[-94.326068422999981,47.163820916000077],[-94.328949865999959,47.226210704000039],[-94.37965647499999,47.226301049000028],[-94.458677770999941,47.194199041000047],[-94.574842951999983,47.196912576000045],[-94.570024390999947,47.204846961000044],[-94.565259934999972,47.207993032000047],[-94.559982045999959,47.210778121000033],[-94.556755478999946,47.215006172000074],[-94.554571022999937,47.219245398000055],[-94.551864955999974,47.223478878000037],[-94.547098142999971,47.226624135000066],[-94.54233084599997,47.229769194000028],[-94.536528682999972,47.232547485000055],[-94.530221457999971,47.234609496000076],[-94.523392393999984,47.236665428000038],[-94.516562877999945,47.238720998000076],[-94.511280178999982,47.241503917000045],[-94.507535752999956,47.24536947100006],[-94.501730567999971,47.248146126000051],[-94.496959304999962,47.251289371000041],[-94.493213394999941,47.255154416000039],[-94.491023168999959,47.25939211900004],[-94.488823964999938,47.263984832000062],[-94.48766780699998,47.268589274000078],[-94.487033197999949,47.273199561000069],[-94.487963785999966,47.277827518000038],[-94.490468586999953,47.282118033000074],[-94.486189876999958,47.286331719000032],[-94.479406034999954,47.286254645000042],[-94.475849487999938,47.282307145000061],[-94.472293395999941,47.278359506000072],[-94.469268277999959,47.274062624000067],[-94.464652056999967,47.270812903000035],[-94.458984126999951,47.267906046000064],[-94.454368906999946,47.26465591300007],[-94.450815199999965,47.260707505000028],[-94.449887648999947,47.256079063000072],[-94.451576810999939,47.251125728000034],[-94.454290945999958,47.246894616000077],[-94.459072876999983,47.243397740000034],[-94.463863084999957,47.239545535000047],[-94.468122498999946,47.236042257000065],[-94.471868819999941,47.232177706000073],[-94.474059396999962,47.227939993000064],[-94.475745854999957,47.222985957000049],[-94.476380788999961,47.218375068000057],[-94.475451960999976,47.213746250000042],[-94.472950966999974,47.209454622000067],[-94.469206088999954,47.213319450000029],[-94.466494445999956,47.217551268000079],[-94.463261142999954,47.221776974000079],[-94.459002434999945,47.225280238000039],[-94.454230766999956,47.228422159000047],[-94.447930129999975,47.230125173000033],[-94.441125663999969,47.231111532000057],[-94.434833373999936,47.232458787000041],[-94.432118541999955,47.236689675000036],[-94.426310786999977,47.239463117000071],[-94.419514019999951,47.240093229000081],[-94.412708006999935,47.241078111000036],[-94.406908113999975,47.243495558000063],[-94.403147886999989,47.247713270000077],[-94.400951754999937,47.251949581000076],[-94.399258518999943,47.256902263000029],[-94.395506165999961,47.260764502000029],[-94.391753344999984,47.264626594000049],[-94.38594115899997,47.267398058000026],[-94.379131606999977,47.268381152000075],[-94.372321837999948,47.269363894000037],[-94.365511853999976,47.270346287000052],[-94.362790617999963,47.274575310000046],[-94.360590768999941,47.278810633000035],[-94.357347029999971,47.283033036000063],[-94.35203446099996,47.28651943300008],[-94.340420955999946,47.291348160000041],[-94.32829333799998,47.295814223000036],[-94.326602691999938,47.300410314000032],[-94.324399443999937,47.304644729000074],[-94.32032015499999,47.301041802000043],[-94.318879865999975,47.296406423000064],[-94.314269887999956,47.293151714000032],[-94.307504967999989,47.292355794000059],[-94.305544014999953,47.287713541000073],[-94.301998487999981,47.283761435000031],[-94.297400118999974,47.280150957000046],[-94.297536982999986,47.275179948000073],[-94.300784392999958,47.270958905000043],[-94.303509706999989,47.26673110400003],[-94.301018501999977,47.262436903000037],[-94.294247316999986,47.261995330000047],[-94.287486061999971,47.261198325000066],[-94.28167939399998,47.263610190000065],[-94.275370435999946,47.265304882000066],[-94.268559362999952,47.266282340000032],[-94.261266350999961,47.265832332000059],[-94.255066801999988,47.263620156000059],[-94.248336040999959,47.261755919000052],[-94.242127271999948,47.259898203000034],[-94.235908749999965,47.258395274000065],[-94.229168968999943,47.256885132000036],[-94.222981664999963,47.254316320000044],[-94.217316388999961,47.251754169000037],[-94.21110955499995,47.249894958000027],[-94.204903093999974,47.248035447000063],[-94.198717681999938,47.245465446000026],[-94.192512038999951,47.24360533600003],[-94.185743694999985,47.243158236000056],[-94.17898589899994,47.242355693000036],[-94.171685870999966,47.242255859000068],[-94.164896763999991,47.242517896000038],[-94.158118168999977,47.242424491000065],[-94.151339594999968,47.242330742000036],[-94.14353949599996,47.241511948000039],[-94.136771735999957,47.241062362000037],[-94.129993344999946,47.240967527000066],[-94.123214971999971,47.240872349000028],[-94.116436621999981,47.240776826000058],[-94.108094064999989,47.24065878600004],[-94.101315760999967,47.240562495000063],[-94.094515609999974,47.241176046000078],[-94.087726294999982,47.241434157000072],[-94.080947938999941,47.241336832000059],[-94.074158552999961,47.241594253000073],[-94.067380198999956,47.241496238000082],[-94.060601867999935,47.241397880000079],[-94.053823557999976,47.241299176000041],[-94.047045267999977,47.24120012800006],[-94.046378120999975,47.245808623000073],[-94.047275323999941,47.250439958000072],[-94.046608092999975,47.255048333000047],[-94.044897640999977,47.259641369000065],[-94.042676570999959,47.263871609000034],[-94.040455197999961,47.268101761000025],[-94.037711852999962,47.27232415800006],[-94.032915208999952,47.275450559000035],[-94.026609578999967,47.276778380000053],[-94.020950393999954,47.274208064000049],[-94.014758622999977,47.271984789000044],[-94.007954160999986,47.272593874000052],[-94.001636813999937,47.274275579000061],[-93.995307613999955,47.276312028000063],[-93.988989543999992,47.277993116000061],[-93.985210327999937,47.281843553000044],[-93.980410291999988,47.284967981000079],[-93.975099606999947,47.287729262000028],[-93.970286946999977,47.291208307000034],[-93.965983909999977,47.295050122000077],[-93.962190512999939,47.299254742000073],[-93.958408329999941,47.303104186000041],[-93.954115477999949,47.306590472000039],[-93.950320565999959,47.310794617000056],[-93.945516518999966,47.313917533000051],[-93.939193250999949,47.315596086000028],[-93.93336792499997,47.317992411000034],[-93.927020088999939,47.320380368000031],[-93.920185534999973,47.321694892000039],[-93.913386661999937,47.321944077000069],[-93.907679965999989,47.320789285000046],[-93.901427318999936,47.320336042000065],[-93.897857486999953,47.317793613000049],[-93.896521017999987,47.31102392400004],[-93.890305799999965,47.309505129000058],[-93.88498898499995,47.312262632000056],[-93.881201197999985,47.316109745000063],[-93.87638104399997,47.319585124000071],[-93.870043080999949,47.321615370000075],[-93.863219458999936,47.322571985000081],[-93.856457211999953,47.321753298000033],[-93.851347723999936,47.318474516000038],[-93.845157628999971,47.316243661000044],[-93.838346635999983,47.316844027000059],[-93.833014419999984,47.319954395000082],[-93.826215389999959,47.320199145000061],[-93.827097170999991,47.324830964000057],[-93.826412719999951,47.329437250000069],[-93.826250326999968,47.334051963000036],[-93.826781105999942,47.51195946100006],[-93.825715897999942,47.542115503000048],[-93.950427419999983,47.542082513000025],[-93.953204417999984,47.648887320000028],[-93.953801151999983,47.671785226000054],[-93.982956121999962,47.671552788000042],[-94.343315584999971,47.66815796700007],[-94.339519755999959,47.583638162000057],[-94.363403400999971,47.580925093000076],[-94.353768075999938,47.575129186000026],[-94.347578528999975,47.571267678000027],[-94.338936546999946,47.566042630000027],[-94.335195365999937,47.563780192000081],[-94.319955375999939,47.558621685000048],[-94.313582336999957,47.548840847000065],[-94.312703235999948,47.541216538000072],[-94.338117281999985,47.541306659000043],[-94.54018199099994,47.541851941000061],[-94.738422192999963,47.541200261000029],[-94.730361564999953,47.164549202000046],[-94.72468360299996,47.162007985000059],[-94.724698221999972,47.161297553000054],[-94.719563585999936,47.157695420000039],[-94.713358570999958,47.155503886000076],[-94.70663325999999,47.153306996000026],[-94.70095730099996,47.150764686000059],[-94.694225460999974,47.148922367000068],[-94.688007184999947,47.14744005600005],[-94.681253421999941,47.146662751000065],[-94.674469447999968,47.147306015000026],[-94.668175493999968,47.149375043000077],[-94.66139108699997,47.15001763500004],[-94.65462195899994,47.149949435000053],[-94.649866017999955,47.15309901300003],[-94.646127824999951,47.157324632000041],[-94.644985346999988,47.161931817000038],[-94.648017169999946,47.166226072000029],[-94.653692372999956,47.16877052500007],[-94.653592042999946,47.17338815800008],[-94.651415680999946,47.177629464000063],[-94.647162900999945,47.181494357000076],[-94.643943810999986,47.185724864000065],[-94.646455689999982,47.190013566000061],[-94.648967916999936,47.194302167000046],[-94.650951644999964,47.198940573000073],[-94.652943394999966,47.203223718000061],[-94.649715824999987,47.207809272000077],[-94.64342267699999,47.209521615000028],[-94.638661590999959,47.212670266000032],[-94.628133988999991,47.217999491000057],[-94.632569439999941,47.213900613000078],[-94.633970482999985,47.209474459000035],[-94.634074945999942,47.204738922000047],[-94.632876590999956,47.199989969000057],[-94.631678421999936,47.195240940000076],[-94.63090809199997,47.190792283000064],[-94.630578587999992,47.18605203900006],[-94.628506039999991,47.181589864000046],[-94.628176768999936,47.176849490000052],[-94.628281618999949,47.172113523000064],[-94.629688569999985,47.167390890000036],[-94.631088765999948,47.162964187000057],[-94.631983437999963,47.160670698000047],[-94.637363635999975,47.150669523000033],[-94.634110048999958,47.132870659000048],[-94.626174671999991,47.115022571000054],[-94.618014398999946,47.107475915000066],[-94.594883386999982,47.071697218000054],[-94.585854505999976,47.057030521000058],[-94.589264592999939,47.04427221800006],[-94.588402126999938,47.044423513000027],[-94.589280102999965,47.04417604300005],[-94.162537774999976,47.011315125000067]]],[[[-109.57286621499998,33.891948539000055],[-109.61436588399994,33.92484672300003],[-109.68119266099995,33.967159934000051],[-109.78370920499998,33.994755558000065],[-109.92791093599999,34.002406018000045],[-110.03797032299997,34.004146813000034],[-110.11519094899995,34.007162660000063],[-110.20136273599996,34.020560461000059],[-110.25945880799998,34.04195053400008],[-110.31680817799997,34.086639710000043],[-110.34666852499998,34.105916772000057],[-110.40160621099994,34.110242462000031],[-110.47928346099997,34.105695941000079],[-110.55832594299994,34.108171063000043],[-110.61920858999997,34.134588041000029],[-110.67452404199997,34.179164740000033],[-110.73127126899999,34.238060414000074],[-110.75156590599994,34.252254593000032],[-110.80916757899996,34.300114699000062],[-110.81676365999999,34.198560471000064],[-110.81774266699995,33.99743034100004],[-110.81769229099996,33.923590558000058],[-110.62379303399996,33.800384917000031],[-110.63627076799997,33.793833237000058],[-110.64538526099994,33.781102068000052],[-110.64627504099997,33.767067204000057],[-110.64996958999996,33.756281280000053],[-110.66729660399994,33.744851777000065],[-110.68425799799996,33.735283688000038],[-110.68573853799995,33.690920659000028],[-110.66843173799998,33.693348524000044],[-110.69913814699999,33.676166627000043],[-110.70022190599997,33.649231704000044],[-110.71252194399995,33.549259198000073],[-110.74815316699994,33.280828821000057],[-110.75276032999994,33.246795147000057],[-110.78097801299998,33.03771910100005],[-110.78696326999994,32.993232676000048],[-110.80929192699995,32.997394216000032],[-110.82603226499998,33.003777469000056],[-110.86494525199998,33.028839794000078],[-110.88230626799998,33.047100063000073],[-110.89003725299995,33.062347307000039],[-110.89611965699999,33.063930264000078],[-110.90547396799997,33.066363952000074],[-110.92558996599996,33.074441875000048],[-110.93165670599996,33.08774382200005],[-110.93429990599998,33.101161113000046],[-110.94848483699997,33.109701741000038],[-110.96232177599995,33.120829524000044],[-110.99777473899996,33.121309354000061],[-110.89828034499999,32.920402572000057],[-110.84804931699995,32.818560700000035],[-110.77537616099994,32.670727342000077],[-110.34354577499994,32.861585640000044],[-110.40164470699995,32.971990767000079],[-110.39968587499999,32.972877398000037],[-110.36902333299997,32.981230455000059],[-110.32768349899999,32.959602871000072],[-110.28665673399996,32.931883411000058],[-110.24003730799996,32.908521473000064],[-110.22114708699996,32.90318908200004],[-110.19638197799998,32.893201503000057],[-110.15718125099994,32.886330532000045],[-110.13269022899999,32.873879748000036],[-110.08726575599997,32.864187690000051],[-110.06434263799997,32.848499985000046],[-110.06402970899995,32.940326623000033],[-110.06334328999998,33.141030623000063],[-110.06277442699997,33.313520479000033],[-110.06268045599995,33.341943858000036],[-110.02714797699997,33.332699942000033],[-109.99275013399995,33.317862968000043],[-109.88809138299996,33.268779534000032],[-109.79251063899994,33.213500066000051],[-109.71894174099998,33.168016640000076],[-109.64856376599994,33.111834740000063],[-109.60261442099994,33.075448168000037],[-109.58147893999995,33.061388765000061],[-109.57286621499998,33.891948539000055]]],[[[-107.29959607199999,48.990826389000063],[-107.53361171999995,48.988084954000044],[-108.13126928699995,48.985739288000048],[-108.70867601999998,48.977683935000073],[-109.27638118399994,48.973135551000041],[-109.89953976899994,48.976350859000036],[-110.08184284199996,48.976683491000074],[-110.55961458499996,48.976413010000044],[-110.69702097899994,48.976803679000056],[-111.17273649599997,48.977099802000055],[-111.77594038799998,48.986965946000055],[-112.31133481299997,48.99299600900008],[-112.34499865699996,48.993283466000037],[-112.86640574899997,48.99668762500005],[-113.02053172499996,48.996966426000029],[-113.35843361599996,49.001153402000057],[-113.89644560999994,49.003722362000076],[-113.89483035499995,48.95646871100007],[-113.89380757899994,48.916975798000067],[-113.88638440699998,48.889429150000069],[-113.87668917299999,48.864881620000062],[-113.86533510999999,48.843853619000072],[-113.86518563399994,48.843636566000043],[-113.81867297799994,48.776004103000048],[-113.80549932799994,48.756815338000081],[-113.78450092699995,48.725124039000036],[-113.75244640099999,48.676669314000037],[-113.71584500999995,48.616277181000044],[-113.68367455399999,48.556506732000059],[-113.66225309499998,48.516630582000062],[-113.63908208899994,48.485704554000051],[-113.63541777099999,48.479378964000034],[-113.61094441399996,48.43709154700008],[-113.60530224099995,48.404168076000076],[-113.60905638799994,48.384741953000059],[-113.61325863199994,48.362249595000037],[-113.61847075599997,48.361567725000043],[-113.64373883699994,48.306547456000033],[-113.66598490599995,48.258219638000071],[-113.68475928299995,48.211731274000044],[-113.71173101299996,48.144803540000055],[-113.72458873799997,48.111719698000059],[-113.54986443099995,48.114998792000051],[-113.53715828799994,48.114556579000066],[-113.52548662599997,48.114579483000057],[-113.51719186399998,48.113859266000077],[-113.50759929299994,48.113308114000063],[-113.49411279299994,48.113264654000034],[-113.48460481799998,48.113001629000053],[-113.47180380299994,48.11376877500004],[-113.46332965899995,48.113970969000036],[-113.45493961099999,48.114462411000034],[-113.44335204199996,48.114768026000036],[-113.43341130799996,48.114557731000048],[-113.42468489199996,48.113888145000033],[-113.41206385399994,48.113724013000081],[-113.40315674899995,48.113978667000026],[-113.39468234799995,48.114176575000045],[-113.38517466799999,48.113906583000073],[-113.37626742299994,48.114159473000029],[-113.36736010399994,48.114411776000054],[-113.35931834599995,48.114551400000039],[-113.34954524699998,48.114914630000044],[-113.34090331899995,48.114529498000081],[-113.33269433799995,48.114087852000068],[-113.32465254199997,48.114225421000071],[-113.31661070899997,48.11436251300006],[-113.30380731399998,48.115113809000036],[-113.29559852299997,48.114669918000061],[-113.28685750899996,48.115496685000039],[-113.27698416599998,48.117070015000081],[-113.26521207499997,48.118285850000063],[-113.25610352999996,48.120961446000081],[-113.24806065599995,48.121094474000074],[-113.23983419199999,48.122152396000047],[-113.23160744199998,48.123209816000042],[-113.22354654099996,48.124846552000065],[-113.21548520399995,48.126482801000066],[-113.20682439799998,48.127594293000072],[-113.19843043599997,48.128069852000067],[-113.19038649799995,48.128199459000029],[-113.18199232199999,48.128674002000025],[-113.17108228899997,48.129770661000066],[-113.16260496399997,48.129954066000039],[-113.15421032999996,48.130426888000045],[-113.14583516999994,48.129394069000057],[-113.13752314799996,48.130155811000066],[-113.12937616999994,48.131496962000028],[-113.11654655699999,48.133735655000066],[-113.10561383799995,48.13633212600007],[-113.09711459299996,48.138016520000065],[-113.08981115799997,48.140749912000047],[-113.08258948499997,48.143772864000027],[-113.07349050599998,48.144930947000034],[-113.06276193099995,48.145093770000074],[-113.05446859699998,48.144345350000037],[-113.04512226299994,48.144631552000078],[-113.03672469799994,48.145097086000078],[-113.02849133599995,48.146142116000078],[-113.01844213599998,48.147116468000036],[-113.01004402299998,48.147580348000076],[-113.00131762799998,48.146883618000061],[-112.98958126199994,48.145065385000066],[-112.97782183399994,48.144751156000041],[-112.96576880699996,48.146575809000069],[-112.95650354199995,48.147145953000063],[-112.94845659499998,48.147261216000061],[-112.94051605399994,48.146161052000082],[-112.93249409499998,48.144770355000048],[-112.92309059099995,48.143253067000046],[-112.91504409599997,48.143366352000044],[-112.90645702599994,48.144748692000064],[-112.89795110999995,48.146420568000053],[-112.88971519299997,48.147457179000071],[-112.88088257399994,48.147967616000074],[-112.87283537699994,48.148078397000063],[-112.86329827199995,48.149276866000037],[-112.85316458899996,48.149948872000039],[-112.84105267799998,48.149967341000036],[-112.83021398099999,48.151326642000072],[-112.82273459199996,48.153465302000029],[-112.81593177199994,48.156419607000032],[-112.80869465499995,48.159427830000027],[-112.80205270199997,48.162961635000045],[-112.79418995799995,48.16694792100003],[-112.78806112099994,48.170716846000062],[-112.77919558199994,48.172725490000062],[-112.77087310999997,48.173464674000058],[-112.76263137199999,48.174493488000053],[-112.75514675599999,48.176628268000059],[-112.74858068599997,48.180449405000047],[-112.74109484299998,48.182583371000078],[-112.73151985699997,48.185277244000076],[-112.72240804399996,48.186411644000032],[-112.71234733499995,48.187363217000041],[-112.70366878899995,48.188442380000026],[-112.69238621599999,48.189844458000039],[-112.68430209599995,48.191448803000071],[-112.67605645599997,48.19247230600007],[-112.66764952299997,48.192914944000051],[-112.65916200099997,48.193066877000035],[-112.65083529099996,48.193798660000027],[-112.64266915899998,48.195110319000037],[-112.63509743799995,48.196948152000061],[-112.62752525999997,48.198785555000029],[-112.61995262299996,48.20062252300005],[-112.61313468099996,48.203566224000042],[-112.59789856999998,48.211554518000071],[-112.58974429399996,48.219659203000049],[-112.58351732099999,48.223128063000047],[-112.57717579499996,48.227810945000044],[-112.57170202399999,48.232386431000066],[-112.55980306599997,48.241353301000061],[-112.55519571799999,48.245820974000026],[-112.55023320199996,48.250632068000073],[-112.54613900399994,48.255336051000029],[-112.53707944899998,48.264850236000029],[-112.52762731199999,48.276211386000057],[-112.51065542799995,48.286393346000068],[-112.50145304999995,48.290521032000072],[-112.48719033999998,48.295867337000061],[-112.46782188499998,48.300636248000046],[-112.45955776899996,48.301646262000077],[-112.44757475399996,48.302210051000031],[-112.43934727399994,48.301714683000057],[-112.43159228899998,48.29966160500004],[-112.42391730899999,48.297898298000064],[-112.41537285499999,48.296240562000037],[-112.40687027599995,48.29637669400006],[-112.39876146599994,48.294664930000067],[-112.39057380099996,48.292662421000045],[-112.38345369499996,48.289629926000032],[-112.37712490699994,48.286200997000037],[-112.36945321599995,48.284434545000067],[-112.36122878899994,48.283934430000045],[-112.35347872399996,48.281876786000055],[-112.34553152399997,48.280742341000064],[-112.33766332099998,48.283196456000042],[-112.33082243199999,48.286125211000069],[-112.32398088099995,48.289053596000031],[-112.31662469799994,48.291744006000044],[-112.31250961899997,48.296440326000038],[-112.31654125499995,48.301349443000049],[-112.31665747799997,48.306732614000055],[-112.31685270699995,48.312405966000028],[-112.31696897799998,48.317788945000075],[-112.31708527099994,48.323171830000035],[-112.31589574699996,48.328712673000041],[-112.31375635999996,48.334068503000026],[-112.30971716999994,48.339054350000026],[-112.30405524999998,48.343036918000053],[-112.29736385399997,48.346543932000031],[-112.29059277199997,48.349760322000066],[-112.28449310599996,48.353794534000031],[-112.28045019099994,48.358779197000047],[-112.27830660899997,48.364133949000063],[-112.27667712299996,48.369726271000047],[-112.27401830599996,48.374843074000069],[-112.27282382599998,48.380382616000077],[-112.27257945299999,48.386107216000028],[-112.27177898399998,48.393097677000071],[-112.26934719899998,48.405679558000031],[-112.26625026899995,48.410848130000034],[-112.26109356999996,48.415065685000059],[-112.25645097099999,48.419520722000073],[-112.25386708399998,48.424926509000045],[-112.25215487199995,48.43022723200005],[-112.25044235799999,48.435527843000045],[-112.24880837099994,48.441118534000054],[-112.24527168199995,48.446338481000055],[-112.24011049199999,48.450554755000041],[-112.23340348799996,48.454057406000061],[-112.22661696599994,48.457269495000048],[-112.21923598599994,48.45995318000007],[-112.21890750299997,48.465386012000067],[-112.21726979099998,48.47097578000006],[-112.21323490399999,48.466066428000033],[-112.20482977499995,48.464976784000044],[-112.19849277199995,48.461541512000053],[-112.19330827999994,48.457368686000052],[-112.18768821499998,48.453247858000054],[-112.18119638799999,48.44923121000005],[-112.17601414399996,48.445057560000066],[-112.16896531599997,48.44230559500005],[-112.15959202599998,48.439036308000027],[-112.15361813899995,48.435256247000041],[-112.15240882599994,48.429108695000082],[-112.14535012899995,48.426552654000034],[-112.13738784799995,48.425406598000052],[-112.13046744999997,48.424539201000073],[-112.12413891099999,48.42110002700008],[-112.11816901299994,48.417318196000053],[-112.11042289099998,48.411950299000068],[-112.10181238899997,48.411974333000046],[-112.09349483199998,48.411167953000074],[-112.08517749699996,48.410361066000064],[-112.07841696799994,48.406971544000044],[-112.07073872499996,48.405188968000061],[-112.06229801299997,48.405593876000069],[-112.05357681399994,48.406630772000028],[-112.04541624699999,48.406402127000035],[-112.02911246099995,48.402645964000044],[-112.02171690299997,48.400228134000031],[-112.01373061199996,48.397280850000072],[-112.00251916499997,48.39741153500006],[-111.99407908099994,48.397812234000071],[-111.98591993099996,48.397580026000071],[-111.97916639399995,48.394185451000055],[-111.97559196699996,48.389216271000066],[-111.96236988899994,48.381793171000027],[-111.95393172099995,48.38219140800004],[-111.94455762099994,48.382204381000065],[-111.93642828899999,48.383763225000052],[-111.92801695099996,48.385953869000048],[-111.92089962099999,48.388187045000052],[-111.91294666199997,48.387027759000034],[-111.90627550599999,48.38391990000008],[-111.89760546499997,48.383443319000037],[-111.88901258699997,48.38325664100006],[-111.88085580899997,48.383018139000058],[-111.87310949399995,48.380933847000051],[-111.86513299499995,48.377977686000065],[-111.85243973999997,48.370782911000049],[-111.84577347999999,48.367671930000029],[-111.83512141099999,48.364533110000082],[-111.82689066399996,48.364000863000058],[-111.81582443799999,48.364894529000026],[-111.80744058899995,48.363780084000041],[-111.79528641799999,48.363705334000031],[-111.78782846599995,48.360984003000056],[-111.78216851999997,48.356554700000061],[-111.77512522799998,48.351987410000049],[-111.76705843599996,48.346940428000039],[-111.76075869299996,48.343483567000078],[-111.75387117899999,48.339496121000082],[-111.74346853899999,48.332129138000028],[-111.73645257999999,48.32935386500003],[-111.72601314399998,48.327472532000058],[-111.71835540299998,48.325669679000043],[-111.70977128699997,48.325471674000028],[-111.69785303799995,48.326260056000081],[-111.68957289599996,48.327223236000066],[-111.68100859299994,48.328817808000053],[-111.66969656299995,48.331928678000054],[-111.65823165699999,48.33445731900008],[-111.65048051799994,48.337452490000032],[-111.64265282199995,48.340156558000047],[-111.63510887499996,48.342228380000051],[-111.62690127499997,48.343478337000079],[-111.61818166799998,48.344487603000061],[-111.60180522499996,48.343687012000032],[-111.59132383899998,48.343101828000044],[-111.58294716199998,48.341973504000066],[-111.57514092399998,48.339581359000078],[-111.56841693999996,48.336165847000075],[-111.56004164899997,48.335036092000053],[-111.54696228599994,48.336543405000043],[-111.53801649399998,48.336675498000034],[-111.52994267399998,48.336706672000048],[-111.51851598299999,48.335925511000028],[-111.51042736599999,48.334161159000075],[-111.50306099199997,48.331714719000047],[-111.49605611799996,48.32892707600007],[-111.48789405799994,48.326870621000069],[-111.47538675499999,48.327108115000044],[-111.46462331999999,48.327144626000063],[-111.45697342999995,48.325327091000077],[-111.44145061999996,48.320818416000066],[-111.42384974199996,48.320436806000032],[-111.39446572199995,48.319601874000057],[-111.38639411399998,48.319624546000057],[-111.37766301299996,48.31882403000003],[-111.36936814399996,48.317973294000069],[-111.36114791999995,48.317412861000037],[-111.35300221899996,48.317142745000069],[-111.34435621099999,48.318425387000048],[-111.32786095899996,48.32059914000007],[-111.31105883299995,48.319813084000032],[-111.29526896599998,48.317713320000053],[-111.27861609399997,48.317504945000053],[-111.26261369099996,48.316323315000034],[-111.24610902999996,48.31669269300005],[-111.23846703399994,48.314862835000042],[-111.23147630599999,48.31206145200008],[-111.22311068499994,48.310910910000075],[-111.21504018499996,48.310923430000059],[-111.20041122799995,48.306288767000069],[-111.18607343999997,48.301021552000066],[-111.18010069599995,48.296906491000072],[-111.16685448099997,48.290617126000029],[-111.16059494299998,48.287131972000054],[-111.15433612499999,48.283646493000049],[-111.14800468299995,48.279869727000062],[-111.12435686099997,48.26427276000004],[-111.11802930799996,48.260494366000046],[-111.11373508899999,48.255889402000037],[-111.10900578599995,48.251333070000044],[-111.10304316099996,48.247213976000069],[-111.09490806599996,48.246928366000077],[-111.08684371599998,48.245138384000029],[-111.08160861499999,48.240338678000057],[-111.07492350099994,48.236897776000035],[-111.06867478399994,48.233407799000076],[-111.06242678499996,48.229917496000041],[-111.05545397699996,48.227106321000065],[-111.05196519899994,48.222110518000079],[-111.04557376799994,48.218037179000078],[-111.03932867799995,48.214545645000044],[-111.03264880099999,48.211102381000046],[-111.02749359199998,48.206591163000041],[-111.02277459999999,48.202031120000072],[-111.01725808999998,48.197859054000048],[-111.01587847899998,48.19232798400003],[-111.01493446699999,48.186748260000059],[-111.01442593599995,48.181119890000048],[-111.01391749799996,48.175491417000046],[-111.01391695099994,48.17010543300006],[-111.01391640299994,48.16471935800007],[-111.01522130699999,48.159187552000049],[-111.01833897499995,48.153752557000075],[-111.02102101599996,48.148365968000064],[-111.02138229599996,48.142639798000062],[-111.01479986199996,48.135697628000059],[-110.99935892999997,48.127544733000036],[-110.99499456899997,48.121044635000032],[-110.99304036399997,48.10959108000003],[-110.99123017999995,48.104106702000081],[-110.98595825599995,48.10060833600005],[-110.98587198999996,48.093331461000048],[-110.98587392599995,48.087944083000082],[-110.98449965799995,48.082410775000028],[-110.97894252499998,48.074155214000029],[-110.98059520599998,48.066683936000061],[-110.97931648399998,48.06418151400004],[-110.97799072799995,48.061586798000064],[-110.97372113099999,48.05697452000004],[-110.96322844299999,48.048865189000026],[-110.95072590999996,48.043177889000049],[-110.94479437199999,48.039049153000065],[-110.93127076799999,48.029479124000034],[-110.92303410799997,48.019619592000026],[-110.92116860699997,48.008452701000067],[-110.91928710799999,47.997482817000048],[-110.91299997099998,47.993691714000079],[-110.90504630999999,47.992180872000063],[-110.89650886099997,47.993727720000038],[-110.88695930899996,47.99478762800004],[-110.87878341599998,47.995993823000049],[-110.87053552299994,47.99690815200006],[-110.85399334399995,47.994653870000036],[-110.84567847699998,47.993478981000067],[-110.83764497999999,47.995265462000077],[-110.82285660799994,48.000686808000069],[-110.81432158599995,48.000432142000079],[-110.79805496599994,47.99773773700008],[-110.79010362999998,47.996220162000043],[-110.78201018599998,47.994119280000064],[-110.76856289999995,47.995357034000051],[-110.76544059699995,47.995644227000071],[-110.75011891199995,47.996535144000063],[-110.74143481599998,47.997489327000039],[-110.72507625099996,47.999883619000059],[-110.71040985299999,48.007671730000027],[-110.70172354899995,48.008623334000049],[-110.67646096799996,48.011088364000045],[-110.66814729699996,48.009902634000071],[-110.65224833499997,48.006851870000048],[-110.62374090999998,47.995899080000072],[-110.60864596299996,47.992456924000066],[-110.60085279299994,47.989714898000045],[-110.59538442099995,47.985522962000061],[-110.59064458199998,47.980653267000037],[-110.58807638199994,47.975547318000054],[-110.58507447299996,47.970488438000075],[-110.58287100699994,47.965043483000045],[-110.58153606899998,47.959504028000026],[-110.58200772499998,47.954067275000057],[-110.58478974099995,47.948977571000057],[-110.58612892299999,47.94344622300008],[-110.58287281199995,47.93362723000007],[-110.58030723999997,47.928520391000063],[-110.57774209899998,47.923413424000046],[-110.57684230699999,47.917826029000025],[-110.58099449999997,47.912885887000073],[-110.58471232599999,47.907992748000026],[-110.58474964399994,47.902602328000057],[-110.58088434099994,47.897636629000033],[-110.57469866499997,47.894120280000038],[-110.56633278299995,47.892636254000081],[-110.55887817699994,47.894942824000054],[-110.55149304699995,47.897540591000052],[-110.54468098099994,47.900674106000054],[-110.53837190299998,47.904051817000038],[-110.53006143999994,47.904654027000049],[-110.52190491499999,47.904042188000062],[-110.51397267099998,47.902507959000047],[-110.50706262499995,47.899665810000045],[-110.49978932899995,47.897161870000048],[-110.49324445999997,47.893980377000048],[-110.47899522799997,47.888340303000064],[-110.47176831599995,47.884968069000081],[-110.46597983899994,47.882266467000079],[-110.46041453499998,47.884766279000075],[-110.45302645499999,47.88735874300005],[-110.44478694399999,47.888247424000042],[-110.43581879199996,47.889812445000075],[-110.42957427699997,47.893476874000044],[-110.42785771499996,47.899345907000054],[-110.42556813099998,47.904678141000034],[-110.41925206099995,47.908050247000062],[-110.41116557799995,47.907723415000078],[-110.40241953199995,47.90836441700003],[-110.39736710899996,47.913589748000049],[-110.39363394499998,47.918477639000059],[-110.38525083499997,47.918779232000077],[-110.37659072799994,47.91791352100006],[-110.37107499499996,47.913419905000069],[-110.36852798299998,47.908308744000067],[-110.36733898899996,47.89926691900007],[-110.36153010499999,47.89540260800004],[-110.35321909199996,47.895993958000076],[-110.34504602399994,47.897168259000068],[-110.33701067299995,47.898925528000063],[-110.33018747399996,47.902048210000032],[-110.32327449199994,47.90667555400006],[-110.32003869799996,47.91180687800005],[-110.32301576099997,47.91687253300006],[-110.33281932599999,47.930376599000056],[-110.33275975599997,47.935766468000054],[-110.33270017599995,47.941156248000027],[-110.32845695599997,47.945796621000056],[-110.32112489499997,47.94867307800007],[-110.31379214099996,47.951549112000066],[-110.30561087799998,47.952720827000064],[-110.29715374799997,47.952725225000052],[-110.28876546299995,47.953020802000026],[-110.28051471399999,47.953899285000034],[-110.27233249799997,47.955068980000078],[-110.26479046299994,47.957067159000076],[-110.25745405099997,47.959940065000069],[-110.25061996299996,47.963058142000079],[-110.24485987699995,47.96695879400005],[-110.23731547299997,47.968955369000071],[-110.22919899399994,47.970414120000044],[-110.22179075199995,47.972993251000048],[-110.21653088099998,47.977138268000033],[-110.21227632999995,47.981774475000066],[-110.20701505599999,47.985919009000042],[-110.20081545199997,47.98986349200004],[-110.19454660399998,47.993515921000039],[-110.18770554099996,47.99663049600008],[-110.18079539699994,47.999452974000064],[-110.17233178599997,47.999449567000056],[-110.16357010999997,48.000074935000043],[-110.15547283099994,47.999732903000051],[-110.14056548299999,47.995025874000078],[-110.13286127599997,47.992548715000055],[-110.12088970099995,47.985139366000055],[-110.11002063299998,47.976716442000054],[-110.10279309499998,47.966714462000027],[-110.09932948799997,47.961398594000059],[-110.09506558499999,47.956465611000056],[-110.09167113499996,47.951441187000057],[-110.08665418599998,47.944896981000056],[-110.07760196499999,47.936579810000069],[-110.07217436499997,47.932366116000026],[-110.04977534599999,47.912787321000053],[-110.04595294299997,47.907806563000065],[-110.03837759699996,47.898136377000071],[-110.03665949999998,47.892635957000039],[-110.03494171199998,47.887135422000028],[-110.03452601699996,47.881498450000038],[-110.03650057299996,47.870827267000038],[-110.03788762799996,47.865300121000075],[-110.04083143899999,47.843463297000028],[-110.04315224899995,47.838136631000054],[-110.04410439099996,47.832654347000073],[-110.04282115299998,47.82710742200004],[-110.04023765599999,47.82169680700008],[-110.03635422899998,47.81642243400006],[-110.03173953599998,47.811822684000049],[-110.02755894199998,47.807177283000044],[-110.02251223099995,47.802622520000057],[-110.01753365199994,47.798359488000074],[-110.01175646599995,47.79447897600005],[-110.00561402399995,47.79093553000007],[-109.99977101099995,47.786762417000034],[-109.99319677599999,47.783263668000075],[-109.98632447199998,47.780393895000032],[-109.97945281399996,47.777523747000032],[-109.97251465899996,47.774361196000029],[-109.96601041599996,47.771153021000032],[-109.95950685499997,47.767944500000056],[-109.95257081499994,47.764780832000042],[-109.94563549099996,47.76161677500005],[-109.93840167699994,47.759081601000048],[-109.93073534299998,47.756591147000051],[-109.90137170399998,47.738715176000028],[-109.89414242499998,47.736177450000071],[-109.88917817499998,47.731908829000076],[-109.88414794799996,47.727347857000041],[-109.87795297999998,47.723505764000038],[-109.87372345799997,47.718562237000071],[-109.86949461899997,47.713618504000067],[-109.86410107599994,47.709393605000059],[-109.85797569499999,47.705842528000062],[-109.85045224699996,47.70393140200008],[-109.84189662399996,47.703323017000059],[-109.83370757999995,47.70237710400005],[-109.82478588799995,47.702104610000049],[-109.81629708999998,47.701786760000061],[-109.80847518299998,47.700502371000027],[-109.80065360399999,47.699217523000073],[-109.79283235199995,47.697932217000073],[-109.78460894099999,47.69878109900003],[-109.77625305599997,47.699045095000031],[-109.76819776499997,47.698679570000081],[-109.76024517299999,47.696807973000034],[-109.75302667799997,47.69426235800006],[-109.74514108899996,47.692682052000066],[-109.73725590699996,47.691101278000076],[-109.72859983399997,47.691991269000027],[-109.72007520799997,47.69346514800003],[-109.71287656699997,47.696895194000035],[-109.70611000699995,47.700280409000072],[-109.69921117999996,47.70308079800003],[-109.69393920899995,47.70720883000007],[-109.68584459399995,47.708636102000071],[-109.67755260999996,47.709186189000036],[-109.66926047699997,47.709735766000051],[-109.66113883899999,47.709071612000059],[-109.65314846899997,47.708991452000078],[-109.64455416299995,47.710168231000068],[-109.63626160199999,47.71071577400005],[-109.62777260899998,47.710386045000064],[-109.62092562999999,47.707497036000063],[-109.61289097599996,47.706924810000032],[-109.60817656799998,47.711589841000034],[-109.60183567599995,47.714925568000069],[-109.59419481799995,47.718393118000051],[-109.58659475899998,47.720062585000051],[-109.57903857099996,47.722221284000057],[-109.57074379699998,47.722764771000072],[-109.56231861999999,47.722723199000029],[-109.55441269899995,47.722732059000066],[-109.54616048899999,47.721476438000082],[-109.53834176199996,47.720176436000031],[-109.53082656199996,47.718247541000039],[-109.52300857499995,47.716946638000081],[-109.51579758199995,47.714388463000034],[-109.50748437699997,47.709147936000079],[-109.47834663999998,47.69953759200007],[-109.46529675799997,47.694577225000046],[-109.45694012399997,47.694821402000059],[-109.44933925999999,47.696483239000031],[-109.44199609999998,47.69931405300008],[-109.43564745099997,47.702642070000081],[-109.43091990099998,47.707300946000032],[-109.42513190699998,47.711169558000051],[-109.41884555299998,47.71478901200004],[-109.41305608999994,47.718657018000044],[-109.40676825499997,47.722275826000043],[-109.39892240899997,47.724855170000069],[-109.39069001299998,47.725679913000079],[-109.38245739699994,47.726504151000029],[-109.37485058899995,47.728161624000052],[-109.36730757599997,47.730111021000027],[-109.35995660499998,47.732937074000063],[-109.35303834299998,47.735719431000064],[-109.34624768199996,47.739086137000072],[-109.33884571999994,47.743708376000029],[-109.33304848099999,47.747572604000027],[-109.32774806599997,47.75168571200004],[-109.32138779399997,47.755007815000056],[-109.31608595299997,47.759120372000041],[-109.31034978999998,47.763275801000077],[-109.30554408899997,47.767637066000077],[-109.29974248499997,47.771499582000047],[-109.29350643899994,47.775404879000064],[-109.28664423699996,47.778475824000054],[-109.27915606399995,47.780712344000051],[-109.27291776899995,47.784616580000034],[-109.26499453199995,47.786895278000031],[-109.25681574399999,47.788004045000037],[-109.24801172199994,47.788278139000056],[-109.24001164399999,47.78817348900003],[-109.23151413099998,47.787818861000062],[-109.22301671799994,47.787463699000057],[-109.21482617299995,47.78648041200006],[-109.20694273599997,47.784869052000033],[-109.19868933899994,47.783592386000066],[-109.19111368799997,47.781352523000066],[-109.18323153599994,47.779739751000079],[-109.17498888299997,47.780551173000049],[-109.16680931599996,47.781654502000038],[-109.15869271999998,47.783049743000049],[-109.15107285899995,47.78469429300003],[-109.14320828399997,47.787258246000079],[-109.13584013699995,47.79007157500007],[-109.12840817899996,47.792592058000025],[-109.12091251299995,47.794819691000043],[-109.11266700799996,47.795627266000054],[-109.10429524399996,47.795849479000026],[-109.09591655699995,47.793981708000047],[-109.08834338399998,47.791736142000047],[-109.08070786699994,47.789197692000073],[-109.07344406299995,47.786323974000027],[-109.06550155299999,47.784411892000037],[-109.05800460199998,47.786636083000076],[-109.05007313099998,47.788902133000079],[-109.04244963099995,47.790540513000053],[-109.02720140799994,47.79381595600006],[-109.01932198099996,47.79219366500007],[-109.01181441299997,47.790236263000054],[-109.00461625499997,47.787651326000059],[-108.99971005699996,47.783350797000026],[-108.99598140699999,47.778338699000074],[-108.99436041199999,47.772823376000076],[-108.99540533999999,47.767347771000061],[-108.99601625999998,47.76191418600007],[-108.99799088699996,47.75664665000005],[-109.00281758699998,47.752296231000059],[-109.00243531199999,47.746361616000058],[-108.99747011799997,47.741767946000039],[-108.97920122299996,47.732597057000078],[-108.97545171799999,47.725691024000071],[-108.97742694499999,47.720423215000039],[-108.97803899099995,47.714988944000027],[-108.97221121799998,47.71047804300008],[-108.96397274799995,47.709186725000052],[-108.95648131499996,47.711405772000035],[-108.94836925299995,47.712788642000078],[-108.94087681599996,47.715006797000058],[-108.93263839799994,47.713713579000057],[-108.92582399299994,47.710789334000026],[-108.92012455799994,47.706861303000039],[-108.91405440899996,47.703267444000062],[-108.90909932399995,47.698669924000058],[-108.90501178899996,47.693988491000027],[-108.89925331499995,47.689766764000069],[-108.89238126299995,47.686547997000048],[-108.88557179399999,47.683621476000042],[-108.87876297399998,47.680694586000072],[-108.87152149099995,47.677809055000068],[-108.86269419699994,47.675477904000047],[-108.85737364599999,47.671212450000041],[-108.85531147099999,47.665932686000076],[-108.85327288699995,47.660455487000036],[-108.85166783099999,47.654936501000066],[-108.85092931499997,47.649334076000059],[-108.85111875999996,47.643940899000029],[-108.85130817299995,47.638547635000066],[-108.84927085399994,47.633069930000033],[-108.84642956799996,47.62796811100003],[-108.84074289699998,47.62403574800004],[-108.83251879399995,47.62273605200005],[-108.82441565899995,47.624111816000038],[-108.81705252199998,47.62690907700005],[-108.80944293799996,47.628535069000066],[-108.80201717999995,47.631038760000081],[-108.79446806299995,47.632956595000053],[-108.78611737799997,47.633159154000055],[-108.77832626099996,47.631814718000044],[-108.77078474699999,47.629550230000063],[-108.76392617299996,47.626324328000067],[-108.75750131899997,47.623056676000033],[-108.75182079799998,47.61912049600005],[-108.74576917599995,47.615518114000054],[-108.74046193899994,47.611247277000075],[-108.73478359999996,47.607310238000025],[-108.72693585599995,47.605669954000064],[-108.71889958799994,47.60524154400008],[-108.71070425499994,47.603736995000077],[-108.70247908599998,47.604519930000038],[-108.66167748299995,47.60361907600003],[-108.65352058799999,47.602601152000034],[-108.64558262599996,47.60295128000007],[-108.63773782499999,47.601305767000042],[-108.63057760099997,47.598699410000052],[-108.62379036199997,47.595758886000056],[-108.61651039799995,47.592566083000065],[-108.61078127099995,47.588330757000051],[-108.60262724899997,47.58730969700008],[-108.59409079699998,47.588712588000078],[-108.58660075499995,47.59091182700007],[-108.57867726499995,47.593151430000034],[-108.57345754599999,47.593288220000034],[-108.56989838099997,47.593381376000082],[-108.56180459799998,47.59265070500004],[-108.55402354499995,47.591293110000038],[-108.54612253599998,47.589349330000061],[-108.53828213499997,47.58769794400007],[-108.52975657599995,47.587005995000027],[-108.52172414099999,47.58656577000005],[-108.51337889599995,47.586751413000059],[-108.50515350599994,47.587522306000039],[-108.49649497799999,47.588333227000078],[-108.48777634899994,47.588850697000055],[-108.48025084999995,47.586569633000067],[-108.47421837199994,47.582954690000065],[-108.47184342399999,47.577803776000053],[-108.47336440599997,47.572288665000031],[-108.47821368299998,47.567954726000039],[-108.48448023899999,47.564084904000026],[-108.48883550199997,47.559498056000052],[-108.48137336499997,47.557509774000039],[-108.47334512799995,47.557066615000053],[-108.46506347399998,47.557542196000043],[-108.45678169199999,47.558017268000071],[-108.44894768899997,47.556360514000062],[-108.44366619199997,47.552077230000066],[-108.43881811799997,47.54775333300006],[-108.43067234399996,47.546721714000057],[-108.42588093099994,47.551347156000077],[-108.42201382999997,47.556184726000026],[-108.41716151999998,47.560516783000025],[-108.41027983999999,47.563544921000073],[-108.40156400499995,47.564056833000052],[-108.39353549199996,47.563608911000074],[-108.38538837899995,47.562574592000033],[-108.37824338699994,47.559954497000035],[-108.37035197399996,47.558000201000027],[-108.36224713499996,47.559348345000046],[-108.35481161499996,47.561827812000047],[-108.34731631699998,47.564013874000068],[-108.33877730699999,47.565400630000056],[-108.33074907999998,47.564948955000034],[-108.32246527199999,47.565415729000051],[-108.31485033399997,47.567013990000078],[-108.30668410299995,47.568065758000046],[-108.29871471299998,47.567905161000056],[-108.29062754099999,47.56715809800005],[-108.28285573599999,47.565784698000073],[-108.27523972299997,47.567380711000055],[-108.26779972899999,47.569855299000039],[-108.26085088299999,47.572582689000058],[-108.25390141999998,47.57530969700008],[-108.24701005599997,47.578329330000031],[-108.23878248799997,47.579083928000045],[-108.23043744799998,47.57925199400006],[-108.22073462399999,47.579245466000032],[-108.21227241099996,47.578826370000058],[-108.20430187799997,47.578660175000039],[-108.19674071099996,47.58054469700005],[-108.18923752299997,47.582721812000045],[-108.18289210299997,47.586284594000062],[-108.17648755899995,47.589554012000065],[-108.17014069399994,47.593116120000047],[-108.16324322199995,47.596131295000077],[-108.15573694599999,47.598306437000076],[-108.14738907299994,47.598469335000061],[-108.14100005799997,47.595172019000074],[-108.13697806199997,47.590465979000044],[-108.13587233799996,47.584898100000032],[-108.13612430899997,47.579505066000081],[-108.13909101199994,47.574461799000062],[-108.14347273899995,47.569886327000063],[-108.13708690399994,47.566588547000038],[-108.12909213199998,47.568508702000031],[-108.12115497099995,47.570721438000078],[-108.11292688599997,47.57146834100007],[-108.10495757999996,47.571296247000078],[-108.09819861099999,47.568328980000047],[-108.09106522099995,47.565693659000033],[-108.08272160399997,47.56585255300007],[-108.07460946899994,47.567183294000074],[-108.06632344999997,47.567634260000034],[-108.05786389999997,47.56720542000005],[-108.05003954999995,47.565525450000052],[-108.04328386599997,47.562555368000062],[-108.03759712199997,47.558295302000033],[-108.03277714599994,47.553956861000074],[-108.02677423499995,47.550321517000043],[-108.01087167899999,47.547875698000041],[-108.00342650099998,47.545860808000043],[-107.99774405899996,47.541598844000077],[-107.99206240399997,47.537336586000038],[-107.98718984699997,47.532703086000026],[-107.98523305099997,47.527210817000025],[-107.98290121199994,47.522050485000079],[-107.97808792999996,47.517709620000062],[-107.96609634799995,47.51043295900007],[-107.94244982199996,47.506586330000061],[-107.93501187999999,47.504567400000042],[-107.92864400099995,47.501259079000079],[-107.92421172799999,47.496584091000045],[-107.92021275199994,47.491870209000069],[-107.91912839999998,47.486298946000034],[-107.91798718799998,47.480434353000078],[-107.91869031599998,47.475001409000072],[-107.91717392999999,47.469468538000058],[-107.91355267099999,47.464422159000037],[-107.90756552199997,47.460780532000058],[-107.90713310799998,47.460819178000065],[-107.90023760199995,47.463822002000029],[-107.89584536699999,47.468390942000042],[-107.89557281299994,47.473785264000071],[-107.89708736599994,47.479318308000074],[-107.89860219099995,47.484851247000051],[-107.90092555799998,47.490013604000069],[-107.90119999299998,47.495955429000048],[-107.90185018899996,47.501565303000064],[-107.90114527199995,47.506997737000063],[-107.90136279699999,47.512646053000026],[-107.90065771099995,47.518078309000032],[-107.89957664699995,47.52384229300003],[-107.89659276499998,47.528881003000038],[-107.89219561699997,47.533448952000072],[-107.88632803299998,47.537252826000042],[-107.88094965199997,47.541311044000054],[-107.87459068799996,47.544859675000055],[-107.86762729999998,47.547566891000031],[-107.86005969399997,47.549432617000036],[-107.85200173699997,47.551043165000067],[-107.84377305399994,47.551773615000059],[-107.83543071899999,47.55191714800003],[-107.82714503199998,47.552353371000038],[-107.81912239199994,47.551871094000035],[-107.81109987699995,47.551388336000059],[-107.80358666599994,47.553544071000033],[-107.79967058099999,47.558363568000061],[-107.79379490299999,47.562163116000079],[-107.78742875699999,47.56570739700004],[-107.77980001299994,47.56727528600004],[-107.77151186499998,47.567708055000026],[-107.76327999899996,47.568433535000054],[-107.75455831099998,47.568903426000077],[-107.74704097899996,47.571055886000067],[-107.74165045799998,47.575108113000056],[-107.73723850299996,47.579670358000044],[-107.73293843099998,47.584818838000047],[-107.73221763799995,47.590249045000064],[-107.73106324499997,47.595717225000044],[-107.72953140099997,47.601516572000037],[-107.72794300199996,47.607022597000025],[-107.72407383199999,47.612132326000051],[-107.72014777899994,47.616948667000031],[-107.71524133899999,47.621254453000063],[-107.70880834999997,47.624501193000071],[-107.70188480299998,47.62749236500008],[-107.69435845999999,47.629641502000027],[-107.68688768299995,47.632083403000081],[-107.68099798099996,47.635877182000058],[-107.67848062599995,47.641164657000047],[-107.67688662499995,47.646669431000078],[-107.67387851699999,47.651701345000049],[-107.66945602499999,47.656260326000051],[-107.66149106099999,47.658445295000035],[-107.65324573899994,47.659163836000062],[-107.64547673599998,47.657753962000072],[-107.63797440399998,47.655426283000054],[-107.63085073699995,47.652767232000031],[-107.62297144799999,47.650769620000062],[-107.61547082299995,47.648440637000078],[-107.60782742699996,47.649998370000048],[-107.59997247599995,47.65276616400007],[-107.59172719799994,47.653480945000069],[-107.58337048999999,47.653608775000066],[-107.57506932599995,47.654029311000045],[-107.56730277099996,47.65261490000006],[-107.55974853099997,47.649989590000075],[-107.55219493699997,47.647363835000078],[-107.54469741499997,47.645030882000071],[-107.53644338199996,47.643358859000045],[-107.52970407899994,47.640363672000035],[-107.52209764299994,47.637442892000081],[-107.51644019799994,47.633161769000026],[-107.50926913799998,47.630202833000055],[-107.50173573999996,47.632341164000081],[-107.49442252399996,47.635652163000032],[-107.48998787499994,47.640205451000043],[-107.48745390199997,47.645489270000041],[-107.48627668099999,47.65095443000007],[-107.48325274999996,47.655982005000055],[-107.48028345499995,47.661302697000053],[-107.47774777599994,47.666586000000052],[-107.47477749099994,47.671906401000058],[-107.46995965799999,47.67678901000005],[-107.46307366599996,47.680060654000044],[-107.45564260799995,47.682782579000047],[-107.44799089099996,47.684331067000073],[-107.43979457399996,47.685329718000048],[-107.43175766999997,47.684824492000075],[-107.42377578199995,47.684612049000066],[-107.41579394799999,47.684399131000077],[-107.40781216999994,47.684185740000032],[-107.39966614399998,47.683092059000046],[-107.39162986399998,47.682584434000034],[-107.38386393899998,47.681159555000079],[-107.37571874199995,47.680064414000071],[-107.36757383499997,47.67896877700008],[-107.35969978399999,47.676955906000046],[-107.35144651699994,47.675272691000032],[-107.34362795899995,47.673552158000064],[-107.33543003999995,47.672161249000055],[-107.32766673999998,47.670733083000073],[-107.31990380199994,47.66930446300006],[-107.31170698699998,47.667912090000073],[-107.30383618899998,47.665895885000054],[-107.29591165299996,47.663585874000034],[-107.28880190599995,47.660908790000065],[-107.28044360299998,47.661017794000031],[-107.27262885499994,47.659293063000064],[-107.26443444999995,47.657897769000044],[-107.25667460899996,47.656465445000038],[-107.24848094399994,47.655069167000079],[-107.24034163199997,47.653965747000029],[-107.23258284999997,47.652532018000045],[-107.22389920899997,47.653260690000081],[-107.21570341999995,47.654245782000032],[-107.20756119399999,47.65552374400005],[-107.19936484099998,47.656507834000081],[-107.19116822799998,47.657491420000042],[-107.18291764099996,47.65818112200003],[-107.17412527499994,47.658319807000055],[-107.16592801599995,47.659301850000077],[-107.15767690199999,47.65999000000005],[-107.14942560299994,47.660677643000042],[-107.14101358399995,47.660484590000067],[-107.13303590899994,47.660254885000029],[-107.12517197399995,47.658228185000041],[-107.11845117199999,47.655212550000044],[-107.11102261999997,47.653148910000027],[-107.10288604199997,47.65203716700006],[-107.09469647799995,47.650631504000046],[-107.08672025699997,47.650399046000075],[-107.07841625099996,47.650788926000075],[-107.07021846999999,47.651765158000046],[-107.06147990099998,47.652189913000029],[-107.05312240799998,47.652284793000035],[-107.04481793499997,47.652672597000048],[-107.03646035299994,47.652766442000029],[-107.02848407699997,47.652530532000071],[-107.02804977899996,47.652566320000062],[-107.01774330699999,47.651628344000073],[-107.00917433099994,47.650546680000048],[-107.00142140399998,47.649099604000071],[-106.99361604699999,47.647358608000047],[-106.98613988899996,47.644994557000075],[-106.97866430699997,47.642630073000078],[-106.97041335299997,47.643306769000048],[-106.96226750299996,47.644569918000059],[-106.95584510299994,47.648073770000053],[-106.94990889499996,47.651835221000056],[-106.94235350899999,47.653942031000042],[-106.93485012899998,47.656341884000028],[-106.92724118499996,47.658154337000042],[-106.91973669699996,47.660553317000051],[-106.91110067299996,47.661555257000032],[-106.90894865499996,47.661577327000032],[-106.90274168499997,47.661640790000035],[-106.89427800999994,47.66113881800004],[-106.88833676799999,47.664897405000033],[-106.88434194399997,47.669688375000078],[-106.88034649599996,47.674479158000054],[-106.87537675899995,47.678753372000074],[-106.86845899699995,47.681994498000051],[-106.86100149199996,47.684683513000039],[-106.85343901399995,47.686785121000071],[-106.84549347999996,47.689214972000059],[-106.83782573599996,47.690728702000058],[-106.83020966599997,47.69253548000006],[-106.82259314799995,47.694341816000076],[-106.81497618099996,47.696147711000037],[-106.80730681799997,47.697659672000043],[-106.79871565099995,47.698947779000036],[-106.79055889299997,47.700200317000053],[-106.78229813999997,47.70086535400003],[-106.77414079199997,47.70211689100006],[-106.76587960599994,47.702780916000052],[-106.75772166899998,47.704031450000059],[-106.75728684999996,47.704066358000034],[-106.74665303999996,47.70878910700003],[-106.74015997899994,47.71198847200003],[-106.73620214199997,47.717067865000047],[-106.73592982399998,47.723042425000074],[-106.73691083499995,47.728618869000059],[-106.73914549799997,47.733797194000033],[-106.74099712999998,47.739303736000068],[-106.74323252799996,47.744481827000072],[-106.74421454599997,47.750057859000037],[-106.74432636199998,47.755703513000071],[-106.74264557399994,47.76119503700005],[-106.73868476399997,47.766273752000075],[-106.73418466899994,47.770800183000063],[-106.72768438499998,47.773998348000077],[-106.72069646599999,47.776937494000038],[-106.71316936199997,47.779324092000081],[-106.70451324199996,47.780312413000047],[-106.69641871899995,47.779469987000027],[-106.68970579199998,47.776434067000025],[-106.68414532099996,47.772413372000074],[-106.67858557999995,47.768392400000039],[-106.67059569299994,47.768135356000073],[-106.67282619299999,47.773314162000077],[-106.67592785499994,47.778423580000037],[-106.67946546099995,47.783498199000064],[-106.68213273099997,47.788641963000032],[-106.68229032299996,47.794580468000049],[-106.67783539399994,47.799398081000049],[-106.67132913299997,47.802593252000065],[-106.66369425099998,47.804389998000033],[-106.65531545299996,47.804460126000038],[-106.64698790599999,47.80482319500004],[-106.63922406699999,47.803355932000045],[-106.63246016099998,47.800023915000054],[-106.62690130699997,47.796001147000027],[-106.62039275199999,47.799193893000052],[-106.62223568099995,47.80470097500006],[-106.62364329199994,47.810242404000064],[-106.62417978599996,47.815852660000076],[-106.62248656899999,47.821341681000035],[-106.61802498499998,47.826156927000056],[-106.61151275799995,47.829348953000078],[-106.60387278299999,47.831142167000053],[-106.59587502199997,47.830880744000069],[-106.58828986099996,47.827908996000076],[-106.58000969699998,47.828561367000077],[-106.57831216699998,47.83404962000003],[-106.57748609599997,47.839469138000027],[-106.57622395699997,47.844922869000072],[-106.56980942599995,47.848699598000053],[-106.56329228399994,47.851889077000067],[-106.55490686999997,47.851952959000073],[-106.54613627499998,47.85234398800003],[-106.53849151399999,47.85413337500006],[-106.54284336099994,47.858848580000029],[-106.54955803699994,47.861891046000039],[-106.55593906999997,47.865554272000054],[-106.55985696499994,47.87030300400005],[-106.55533598699998,47.874822026000061],[-106.54779039299996,47.877198680000049],[-106.54131989199999,47.880680251000058],[-106.54005367699995,47.886132958000076],[-106.54189198899996,47.891639676000068],[-106.54624676799995,47.896354230000043],[-106.54634056999998,47.90199752400008],[-106.54463797599999,47.907484121000039],[-106.54293507499995,47.912970605000055],[-106.54123186999999,47.918456975000026],[-106.53768063999996,47.923493152000049],[-106.53364145299997,47.928269927000031],[-106.53052560499998,47.933271602000048],[-106.52453557599995,47.937011007000081],[-106.51746848899995,47.939644767000061],[-106.50991341199995,47.942018833000077],[-106.50240844299998,47.944685849000052],[-106.49533951399997,47.947318392000057],[-106.48778262699994,47.949691165000047],[-106.48017455999997,47.951770106000026],[-106.47177534499997,47.951828807000027],[-106.46366132499998,47.950972858000057],[-106.45655488899996,47.948254271000053],[-106.45022161899999,47.944880690000048],[-106.44461118099997,47.940558789000079],[-106.43817861399998,47.936597727000049],[-106.43001675199997,47.935446297000055],[-106.42348306199995,47.938628176000066],[-106.41948423699995,47.943694736000054],[-106.41650910199996,47.949573795000049],[-106.41523031199995,47.955024172000037],[-106.41744597699994,47.960204224000051],[-106.42179603299996,47.964921789000073],[-106.42697020299994,47.969278125000073],[-106.43170818899995,47.97366803400007],[-106.43727034999995,47.977696643000058],[-106.44244670699999,47.982052216000056],[-106.44806080699999,47.986373653000044],[-106.45280163999996,47.990762590000031],[-106.45332401399997,47.996370408000075],[-106.45292175699996,48.001752558000078],[-106.44935838799995,48.006785119000028],[-106.44384381099997,48.010779566000053],[-106.44164127899995,48.01600353300006],[-106.44429865699999,48.021148311000047],[-106.43829471099997,48.024882877000039],[-106.43234045299994,48.028910473000053],[-106.42682275899995,48.032903952000026],[-106.41974033799994,48.035531823000042],[-106.41055542399994,48.036240949000046],[-106.40214450699995,48.036295313000039],[-106.39407046999997,48.03572876000004],[-106.38594637599999,48.034868373000052],[-106.37849659499994,48.032766777000063],[-106.37293329299996,48.028736441000035],[-106.36526134899998,48.030515051000066],[-106.35817655199997,48.033139723000033],[-106.35109114699998,48.035764004000043],[-106.34288024799997,48.036988142000041],[-106.33446916799994,48.037038304000077],[-106.32557072099996,48.036828053000079],[-106.31812278499996,48.034723149000058],[-106.31178819999997,48.031343998000068],[-106.30914156299997,48.026196789000039],[-106.30863219499997,48.020588942000074],[-106.30992188499994,48.015140683000027],[-106.31544562599998,48.011151748000032],[-106.31809600399998,48.005896302000053],[-106.31501275999995,48.000782258000072],[-106.30631885599996,48.00174435200006],[-106.29933439799998,48.004952999000068],[-106.29483390799999,48.009754819000079],[-106.28843437199998,48.013809656000035],[-106.28344534399997,48.018350922000081],[-106.27592109799997,48.021004736000066],[-106.26785026699997,48.020430635000025],[-106.25973000199997,48.019562640000061],[-106.25165951499997,48.018987571000025],[-106.24566854099999,48.014985083000056],[-106.24259091199997,48.009869535000064],[-106.24038829799997,48.004687427000079],[-106.23406114399995,48.001304325000035],[-106.22594390599994,48.000434253000037],[-106.21768588699996,48.001357496000026],[-106.21724864899994,48.00139062900007],[-106.20583756299999,48.004632265000055],[-106.19816378999997,48.00640154000007],[-106.19005226999997,48.008203416000072],[-106.18296253799997,48.010819104000063],[-106.17592137799994,48.013727847000041],[-106.16775908499994,48.015234900000053],[-106.15944908099999,48.015861100000052],[-106.15094266199998,48.015312968000046],[-106.14292279199998,48.015024869000058],[-106.13490299699998,48.01473629700007],[-106.12683433399997,48.01415378300004],[-106.11973559999996,48.011418054000046],[-106.11263750099994,48.008681931000069],[-106.10554003999994,48.005945413000063],[-106.09917143999996,48.00226254200004],[-106.09280360999998,47.998579329000052],[-106.08502858499998,47.997081085000048],[-106.07657414499994,47.99682174700007],[-106.06855705899994,47.996529229000032],[-106.06019998399995,47.996855872000026],[-106.05193995599996,47.997769014000028],[-106.04353408999998,47.997801122000055],[-106.03571188599994,47.996006531000035],[-106.02900817899996,47.992939829000079],[-106.02065138299997,47.993264035000038],[-106.01302206499997,47.995316398000057],[-106.00597460199998,47.998216441000068],[-105.99907142199999,48.001996659000042],[-105.99202252499998,48.004895915000077],[-105.98502121199999,48.008088300000054],[-105.97690319199995,48.009877395000046],[-105.96859197799995,48.010491893000051],[-105.96057361999999,48.010192993000032],[-105.95280037199996,48.008687212000041],[-105.94434489399998,48.00841962700008],[-105.93598553099997,48.008738592000043],[-105.92762607899999,48.009057040000073],[-105.91956016999995,48.00846216900004],[-105.91105696999995,48.007898959000045],[-105.90362695499999,48.00577110200004],[-105.89537042599994,48.004000569000027],[-105.88730550099996,48.003403768000055],[-105.87908975699997,48.004599905000077],[-105.87208257099996,48.007786451000072],[-105.86449412499996,48.010123910000061],[-105.85627702799997,48.011318639000081],[-105.84796440899999,48.011925731000076],[-105.83960406499995,48.012238742000079],[-105.83114859999995,48.011964092000028],[-105.82278816499996,48.012276067000073],[-105.81087994599994,48.012548541000058],[-105.80247194699996,48.012565681000069],[-105.79497493199995,48.01548636900003],[-105.78994908499999,48.020009368000046],[-105.78439025399996,48.023976695000044],[-105.77931563999999,48.028205605000039],[-105.77375536699998,48.032172393000053],[-105.76717723199994,48.035321540000041],[-105.75904921499995,48.037097420000066],[-105.75093410399995,48.036198983000077],[-105.74271127299994,48.037386723000054],[-105.73502003399994,48.039129554000056],[-105.72843914499998,48.042276751000031],[-105.72074687999998,48.044018745000074],[-105.71305417699995,48.045760292000068],[-105.70482931699996,48.046945699000048],[-105.69651034199995,48.04754342800004],[-105.68844162199997,48.046934866000072],[-105.68135883199994,48.04417647300005],[-105.67584075699995,48.040117776000045],[-105.66915035699998,48.037033703000077],[-105.66324270999996,48.033299369000076],[-105.65616264499994,48.030539543000032],[-105.65010970999998,48.034238927000047],[-105.64876066799997,48.039680436000026],[-105.64969398299996,48.045552594000071],[-105.65058079899995,48.051131038000051],[-105.64549464299995,48.055354574000035],[-105.63948522799996,48.059346791000053],[-105.63391301599995,48.063307451000071],[-105.62679312799997,48.065893531000029],[-105.61837773299999,48.065899241000068],[-105.60991584199996,48.065610828000047],[-105.60184559599998,48.064997145000063],[-105.59352315199999,48.065588519000073],[-105.58520054399997,48.06617938200003],[-105.57683144199996,48.066476121000051],[-105.56880771199997,48.066154085000051],[-105.56064529899999,48.064950721000059],[-105.55282880799996,48.06312863900007],[-105.54501278499998,48.061306096000067],[-105.53724336799996,48.059776721000048],[-105.52903633399995,48.058277799000052],[-105.52101393799995,48.057952927000031],[-105.51255361699998,48.057658429000071],[-105.50370133899997,48.057687872000031],[-105.49494091999998,48.058304028000066],[-105.48652656899998,48.058301554000082],[-105.47850439799998,48.057974164000029],[-105.47029905399995,48.056471679000026],[-105.46200256999998,48.054381367000076],[-105.45358876399996,48.054376848000061],[-105.44584145299996,48.055809502000045],[-105.43823075799997,48.058122704000027],[-105.43110318599997,48.060698543000058],[-105.42353691399995,48.063304548000076],[-105.41795031399994,48.067256271000076],[-105.41473601099995,48.072229714000059],[-105.41108297999995,48.077233525000054],[-105.40835136399994,48.08246979200004],[-105.40561927799996,48.08770591800004],[-105.40201008099996,48.093002886000079],[-105.40019920699996,48.098471389000053],[-105.39258144499996,48.100781719000054],[-105.38940875999998,48.10604767600006],[-105.38429991399994,48.11026066800008],[-105.37615079299997,48.112013153000078],[-105.36791047699995,48.113177863000033],[-105.36013890399994,48.111638592000077],[-105.35586091399995,48.106889391000038],[-105.34917942699997,48.103790185000037],[-105.34151383399995,48.105803958000081],[-105.33877495299998,48.111038353000026],[-105.33831865099995,48.116708507000055],[-105.33693991099994,48.122145474000035],[-105.33327748699998,48.12714640300004],[-105.32965965199998,48.132440788000054],[-105.32260910199994,48.135597582000059],[-105.31427432599997,48.136171684000033],[-105.30619774699994,48.135540546000072],[-105.29842488099996,48.133997850000071],[-105.29100105899994,48.13183728000007],[-105.28348782799998,48.129088987000046],[-105.27641390099996,48.126310175000071],[-105.26815946199997,48.124502122000081],[-105.25955660099999,48.123310915000047],[-105.25069468699996,48.12332383200004],[-105.24231615099995,48.123599871000067],[-105.23371392299998,48.122407023000051],[-105.22743086899999,48.118978355000081],[-105.22105921299999,48.114961989000051],[-105.21850135299997,48.109795197000039],[-105.21467305199997,48.105011625000031],[-105.20874217399995,48.100964619000081],[-105.20132556599998,48.098798922000071],[-105.19321061499994,48.09786728000006],[-105.18479085799999,48.097846078000032],[-105.17637110399994,48.097824354000068],[-105.16821227899999,48.096597497000062],[-105.16040354399996,48.094752989000028],[-105.15329492199999,48.09167373400004],[-105.14741370299998,48.08791761100008],[-105.14192734699998,48.083837800000026],[-105.13565344499995,48.08040446900003],[-105.12938024999994,48.076970810000034],[-105.12306360999997,48.073243069000057],[-105.11924510399996,48.068456259000072],[-105.11455069299996,48.063728401000049],[-105.10863048999994,48.059676496000066],[-105.10275511599997,48.055918061000057],[-105.09473539399994,48.055567961000065],[-105.08614567499995,48.054365505000078],[-105.07847764099995,48.056364717000065],[-105.07243108499995,48.060331707000046],[-105.06533171199999,48.063182058000052],[-105.05726742099995,48.06550320100007],[-105.05012293899995,48.068058927000038],[-105.04297785699998,48.070614254000077],[-105.03526263199996,48.072317139000063],[-105.02706491599997,48.073755068000025],[-105.01877951199998,48.07460492000007],[-105.01036304599995,48.07457289000007],[-105.00225426299994,48.073629756000059],[-104.99519964799998,48.070835814000077],[-104.98805868199997,48.067453871000055],[-104.98056710899999,48.064688268000054],[-104.97281158399994,48.063126590000081],[-104.96540799899998,48.060947744000032],[-104.95704167699995,48.058238946000074],[-104.94875740799995,48.059084560000031],[-104.94099774799997,48.060488316000033],[-104.93489859999994,48.064155293000056],[-104.93072508199998,48.06888138100004],[-104.93154635999997,48.074463947000027],[-104.93535047999995,48.079255944000067],[-104.93481359699996,48.084631444000081],[-104.93383808999994,48.090035830000033],[-104.93330097799998,48.095411143000035],[-104.93368424199997,48.101022207000028],[-104.93314701999998,48.106397334000064],[-104.93217101699997,48.111801338000078],[-104.92891470799998,48.11676250000005],[-104.92329116599996,48.120693122000034],[-104.91613458599994,48.123241343000075],[-104.90744526199995,48.124406952000072],[-104.89928833099998,48.123164031000044],[-104.89152744199998,48.121597991000044],[-104.88293244199997,48.120382912000025],[-104.87323637799994,48.120722590000071],[-104.86498538299998,48.121856711000078],[-104.85782622499994,48.124401847000058],[-104.85123393999999,48.127799260000074],[-104.84363464399996,48.130372304000048],[-104.83594908899994,48.132357318000061],[-104.82721416199996,48.133223964000081],[-104.81887516199998,48.13376764700007],[-104.81045063799996,48.133723219000046],[-104.80211141799998,48.134265872000071],[-104.79320532099996,48.133955115000049],[-104.78536066399994,48.131795446000069],[-104.77791292399996,48.129313025000044],[-104.76958804999998,48.126887063000027],[-104.76293436999998,48.123759249000045],[-104.75544611899994,48.120981705000077],[-104.74712328099997,48.118554303000053],[-104.74086813199995,48.115103116000057],[-104.73346655199998,48.112911968000049],[-104.72800574699994,48.108815776000029],[-104.72016664699999,48.10665216700005],[-104.71241248699994,48.105075807000048],[-104.70438861099996,48.104702673000077],[-104.69722476499999,48.107239471000071],[-104.69158715799995,48.111160598000026],[-104.68923103499998,48.116353468000057],[-104.69003079699996,48.121936647000041],[-104.68995287799999,48.127576096000041],[-104.68855807999995,48.133299991000058],[-104.68247851099994,48.137248597000053],[-104.67539399699996,48.140371651000066],[-104.66765969799997,48.142053236000038],[-104.66129449199997,48.142235523000068],[-104.65927611099994,48.142293263000056],[-104.65183224099997,48.139804010000034],[-104.64518320799999,48.136670553000044],[-104.64012332799996,48.132249240000078],[-104.63805306399996,48.127043868000044],[-104.63813579199996,48.121404440000049],[-104.63734079799997,48.115820948000078],[-104.63742357699999,48.110181322000074],[-104.63798694499997,48.104807458000039],[-104.64034699299998,48.099615290000031],[-104.64042947199994,48.093975374000081],[-104.63537348399996,48.089553290000026],[-104.62718504599997,48.087999985000067],[-104.61916394499997,48.08762179200005],[-104.61139310199997,48.089006548000043],[-104.60422723299996,48.091538559000071],[-104.59662205399997,48.094098060000078],[-104.58949656499999,48.096923152000045],[-104.58289230499997,48.10030781100005],[-104.57463871299996,48.101424346000044],[-104.56716181699994,48.098636224000074],[-104.56012435199995,48.095819899000048],[-104.55308753999998,48.093003183000064],[-104.54494211499997,48.09173885000007],[-104.53664765099995,48.092559184000038],[-104.52835296499995,48.093379009000046],[-104.52126565999998,48.096494446000065],[-104.51313513199995,48.098489021000034],[-104.50471576399997,48.098425612000028],[-104.50427697399999,48.098453200000051],[-104.49836690299998,48.097342065000078],[-104.49248457599998,48.093263776000072],[-104.48787812899997,48.088808639000035],[-104.48410867199999,48.084004292000031],[-104.48033980999998,48.07919976800008],[-104.47696913599998,48.074073609000038],[-104.47276285999999,48.069296226000063],[-104.46533554999996,48.066796178000061],[-104.45755215799994,48.064911090000066],[-104.44917838399999,48.065138199000046],[-104.44084540399996,48.065658768000048],[-104.43207369099997,48.066206181000041],[-104.42330182199998,48.066753026000072],[-104.41528480599999,48.066362749000064],[-104.40825810199999,48.063538262000066],[-104.40087480499994,48.061328631000038],[-104.39277740699998,48.060349029000065],[-104.38436344199994,48.060278142000072],[-104.37771122499998,48.063359195000032],[-104.37727263099998,48.063386374000061],[-104.36618618399996,48.063183412000058],[-104.36759859199998,48.163937691000058],[-104.36759932299998,48.163989738000055],[-104.36814149499997,48.202568586000041],[-104.07556777499997,48.20253247200003],[-104.07721440499995,48.504765991000056],[-104.07724410399999,48.510186946000033],[-104.08240158399997,48.700552053000081],[-104.08482389599999,48.789505332000033],[-104.08700720899998,48.99599485300007],[-104.08701306399996,48.996546461000037],[-104.11286792799996,48.996444512000039],[-105.22836312799996,48.998583687000064],[-106.31414867399997,48.99536043300003],[-106.87439827999998,48.994570909000061],[-106.92524056699995,48.994386769000073],[-107.29959607199999,48.990826389000063]]],[[[-110.01401406299999,35.662220129000048],[-109.90157046499996,35.660077655000066],[-109.57499196899994,35.656373832000043],[-109.18221500299995,35.650921326000059],[-109.08882463799995,35.649016128000028],[-109.04997961899994,35.647679767000056],[-108.26871242599998,35.652554704000067],[-108.27041340399995,36.673140277000073],[-108.53939096299996,36.67322960100006],[-108.54006345699997,36.747040901000048],[-108.50919739499994,36.749376498000061],[-108.50235923199995,36.748929497000063],[-108.49001617999994,36.744863204000069],[-108.47674838199998,36.746339267000053],[-108.46368352999997,36.749000199000079],[-108.44841904999998,36.749787787000059],[-108.43544320699999,36.746390527000074],[-108.42673924199994,36.741612195000073],[-108.41301480799996,36.740411171000062],[-108.39941395599999,36.744332712000073],[-108.38802334699994,36.748008502000062],[-108.37466696599995,36.746762121000074],[-108.36713846699996,36.740036731000032],[-108.36128735599999,36.734335064000049],[-108.35031225699998,36.731614967000041],[-108.33789801399996,36.731469727000047],[-108.32012312799998,36.737351244000024],[-108.30656810299996,36.741558264000048],[-108.29594524099997,36.74090959800003],[-108.28327886299996,36.739274951000027],[-108.27391653999996,36.73274510300007],[-108.26323171499996,36.72726571700008],[-108.25035654799996,36.725376139000048],[-108.24552702299997,36.724666948000049],[-108.23316842399998,36.725399847000062],[-108.22731659799996,36.725746398000069],[-108.21504397499996,36.733125863000055],[-108.20442315699995,36.732468590000053],[-108.19183603599998,36.725679249000052],[-108.18012301099998,36.718491778000043],[-108.17112016999994,36.714030570000034],[-108.15993549499996,36.712222176000068],[-108.15263526099994,36.711200483000027],[-108.14048851999996,36.705869223000036],[-108.13126960099999,36.702334976000031],[-108.13122010999996,36.702038229000038],[-108.12549431799994,36.701448865000032],[-108.11954841999994,36.701789278000035],[-108.11392157999995,36.701792829000055],[-108.10824534399995,36.701499344000069],[-108.10256915199994,36.701205572000049],[-108.09630397499996,36.701881277000041],[-108.09045655599999,36.702813681000066],[-108.08451038499999,36.703152249000027],[-108.07772848599996,36.702976319000072],[-108.07210155399997,36.702977784000041],[-108.06627771099994,36.701791870000079],[-108.06109275999995,36.699932860000047],[-108.05563788699999,36.698706776000051],[-108.05040426299996,36.696550499000068],[-108.04517094999994,36.694393981000076],[-108.03937259199995,36.695620518000055],[-108.03455661899994,36.698251631000062],[-108.02912634599994,36.699438109000027],[-108.02164493799995,36.698427710000033],[-108.02127637099994,36.698467203000064],[-108.01523219899997,36.698208531000034],[-108.00955663899998,36.697910083000068],[-108.00393009799996,36.697908150000046],[-107.99820565899995,36.697312329000056],[-107.99248131499996,36.696716218000063],[-107.98675706399996,36.696119816000078],[-107.98130372299994,36.694890142000077],[-107.97539541999998,36.69431284500007],[-107.97497799799999,36.694055373000026],[-107.96947617999996,36.69252831600005],[-107.96370363999995,36.691633931000069],[-107.95780657599994,36.692262639000035],[-107.95470607999994,36.696217292000028],[-107.95764935799997,36.700433950000047],[-107.95842997599999,36.705183104000071],[-107.95314426999994,36.707256396000048],[-107.94724585699998,36.707884557000057],[-107.94179230399999,36.706652966000036],[-107.93629023199998,36.705124280000064],[-107.93083706999994,36.703892161000056],[-107.92528677799999,36.702066107000064],[-107.91983402899996,36.70083345900008],[-107.91438146299998,36.699600547000045],[-107.90806611399995,36.699968959000046],[-107.90216790299996,36.700594762000037],[-107.89626958999997,36.701220256000056],[-107.89083686099997,36.702400079000029],[-107.88493830599998,36.703024982000045],[-107.87921444099999,36.702423123000074],[-107.87430596899998,36.699922794000031],[-107.86902918999999,36.69746125100005],[-107.86535389099998,36.693320258000028],[-107.86071834499995,36.690186647000075],[-107.85613156099998,36.687349715000039],[-107.85090464099994,36.685184206000031],[-107.84500713399996,36.68580701500008],[-107.83935100599996,36.687913870000045],[-107.83396662599995,36.689387817000068],[-107.82867853999994,36.691455261000044],[-107.82334191799998,36.693225581000036],[-107.81744352799996,36.693846952000058],[-107.81130409899998,36.692983598000069],[-107.80585394999997,36.691745449000052],[-107.80003534099995,36.690545807000035],[-107.79413696899996,36.691165960000035],[-107.78833468299996,36.69237959000003],[-107.78299701999998,36.694148003000066],[-107.77571958299995,36.69551583100008],[-107.77535089999998,36.69555452000003],[-107.76996466899999,36.697025420000045],[-107.76406552199995,36.69764400300005],[-107.75824712799994,36.696442203000061],[-107.75252482799999,36.695833922000077],[-107.74702753399998,36.694296021000071],[-107.74848391099994,36.698672493000061],[-107.74615723599999,36.702841128000046],[-107.74309277999998,36.707086893000053],[-107.74002796899998,36.711332585000036],[-107.73566480699998,36.71450621200006],[-107.73213466599998,36.718196425000031],[-107.72860416799995,36.721886535000067],[-107.72595462199996,36.726390266000067],[-107.72288800799998,36.730635537000069],[-107.72213019999998,36.735243521000029],[-107.72058657599996,36.739631606000046],[-107.71825700799997,36.743799756000044],[-107.71597501199994,36.748264802000051],[-107.71244224699996,36.75195446500004],[-107.70728961999998,36.754907095000078],[-107.70292243699998,36.758079529000042],[-107.69809027599996,36.760696353000071],[-107.69372234799994,36.763868441000056],[-107.68935404099994,36.76704036700005],[-107.68498535499998,36.770212127000036],[-107.68103312599999,36.773642296000048],[-107.67749737199995,36.777330916000039],[-107.67359209299997,36.78105779100008],[-107.63457045799998,36.819823509000059],[-107.63461800999994,36.820120487000054],[-107.63066071699996,36.823548980000055],[-107.62623858199998,36.826421581000034],[-107.62135165099994,36.828738230000056],[-107.61520321699999,36.827864146000024],[-107.60956672999998,36.827842549000025],[-107.60388281499996,36.82752367900008],[-107.59833133899997,36.825681438000061],[-107.59439031799997,36.82216345900008],[-107.58975823999998,36.819018518000064],[-107.58618737799998,36.815462180000054],[-107.58293889699996,36.811570675000041],[-107.58001279299998,36.80734403200006],[-107.57542957499999,36.804495527000029],[-107.57024989899998,36.802613890000032],[-107.56447360499999,36.801699037000049],[-107.55883915299995,36.801674912000067],[-107.55292978599999,36.802282490000039],[-107.54757841599996,36.804039862000025],[-107.54445100599997,36.807983438000065],[-107.54483651099997,36.812773609000033],[-107.54706916199996,36.817374081000025],[-107.55004097199998,36.821898612000041],[-107.55079638099994,36.82665084100006],[-107.55002672299997,36.831257891000064],[-107.54689827899995,36.835201588000075],[-107.54376949899995,36.839145207000058],[-107.54068756699996,36.843385769000065],[-107.53630786299999,36.846551900000065],[-107.53151103799996,36.849458735000042],[-107.52661956299994,36.851771315000065],[-107.52219162899996,36.854639883000061],[-107.51688277999995,36.856692880000026],[-107.51199035699995,36.859004836000054],[-107.50653972899994,36.860166244000027],[-107.50057815999998,36.860474064000073],[-107.49512081199998,36.859220805000064],[-107.48906529899995,36.85893393300006],[-107.48273409399997,36.859278567000047],[-107.47732992099998,36.860735616000056],[-107.47201936799996,36.86278651300006],[-107.46670851599998,36.864837163000061],[-107.46125673399996,36.865996392000056],[-107.45534135099996,36.866598886000077],[-107.44942587299994,36.867201071000068],[-107.44351029699999,36.86780294600004],[-107.43810470899996,36.869258126000034],[-107.43367223899997,36.872123252000051],[-107.42970270099994,36.875544790000049],[-107.42573278999998,36.878966196000079],[-107.41880986399997,36.886308948000078],[-107.41885658199999,36.886606026000038],[-107.41650510499994,36.890768241000046],[-107.41456994399999,36.89518998300008],[-107.41494738599994,36.899980801000027],[-107.41712779099998,36.904286953000053],[-107.41967839899996,36.908555540000066],[-107.42111940599995,36.912936689000048],[-107.42260733999996,36.917614912000033],[-107.42441871499994,36.921958499000027],[-107.42553700899998,36.926674247000051],[-107.42591533399997,36.931465102000061],[-107.42587684599994,36.93599643400006],[-107.42625523999999,36.94078730800004],[-107.42700381499998,36.945540638000068],[-107.42775248599997,36.950293972000054],[-107.42660357299997,36.95493801300006],[-107.42503752299996,36.959322516000043],[-107.42388829599997,36.96396654800003],[-107.42232188799994,36.968351033000033],[-107.41996797299998,36.972513481000078],[-107.41562203599995,36.975972222000053],[-107.41164599699994,36.979393296000069],[-107.40808664799994,36.983073840000031],[-107.40452693899999,36.986754277000045],[-107.39213559199999,36.998073182000041],[-107.17440796399995,36.997079904000032],[-107.08516194999999,36.996551845000056],[-107.09815982999999,36.602298764000068],[-107.09975835099999,36.551902331000065],[-107.06750243299996,36.552196670000058],[-106.80062974699996,36.551209249000067],[-106.81344377199997,36.997700340000051],[-106.85451208499995,36.99806532100007],[-106.86711030899994,36.998174299000027],[-106.93078679999996,36.998703678000027],[-106.98345967399996,36.999114527000074],[-106.98346651699995,36.99973998400003],[-106.98349017599998,37.001902297000072],[-106.98446644299997,37.091019861000063],[-106.98504402699996,37.143643123000061],[-106.98591938699997,37.209010389000071],[-107.15195848399998,37.209408451000058],[-107.22712060199996,37.20945223800004],[-107.40077308199994,37.211628000000076],[-107.61812818699997,37.212919467000063],[-107.63718728099997,37.212919400000033],[-107.73081430699995,37.212872639000068],[-107.84986350099996,37.213013336000074],[-108.00811709499999,37.214185718000067],[-108.19859614499995,37.213692927000068],[-108.39458944199998,37.215080534000037],[-108.53930078599996,37.215306913000063],[-108.62371641999994,37.21581748400007],[-108.67467269599996,37.216007055000034],[-108.85798246199994,37.21675811800003],[-109.04473382199996,37.217219162000049],[-109.04474754299997,37.198595178000062],[-109.04477140299997,37.166190976000053],[-109.04485258699998,37.05571734800003],[-109.04486728699999,37.035677492000048],[-109.04488985299997,37.004894295000042],[-109.04489443799997,36.998636299000054],[-109.07431967699995,36.998919777000026],[-109.65122715099994,37.002933631000076],[-109.98240637999999,36.99026536100007],[-109.98580413099995,36.880995020000057],[-109.99014148199996,36.696468053000046],[-109.99507752199997,36.480770433000032],[-110.15558936799994,36.483793211000034],[-110.59048534199997,36.489868474000048],[-110.87152363299998,36.493528297000069],[-111.00110482299999,36.494941359000052],[-111.00302219599996,36.405140738000057],[-111.00194018899998,36.214115299000071],[-111.00325494099997,35.963737803000072],[-111.00496443099996,35.726305489000026],[-111.00635880699997,35.641037449000066],[-111.00805224699997,35.537225298000067],[-111.00964070899994,35.488247169000033],[-110.95873998499997,35.487744584000041],[-110.62531300099994,35.489899133000051],[-110.59003355699997,35.490068563000079],[-110.12406000599998,35.489149544000043],[-110.01760612799995,35.488448603000052],[-110.01401406299999,35.662220129000048]],[[-108.53758474999995,35.761096421000047],[-108.54019695299996,36.204587202000027],[-108.53890393899997,36.429448573000059],[-108.53758474999995,35.761096421000047]]],[[[-109.07228448699999,40.172988405000069],[-109.07291283199999,40.239141740000036],[-109.27894207699995,40.243128609000053],[-109.27927346199999,40.335057002000042],[-109.34480074199996,40.336247482000033],[-109.82716510399996,40.343897122000044],[-109.80519822499997,40.364638881000076],[-109.78653726799996,40.372272378000048],[-109.77135400399999,40.379496333000077],[-109.75339345499998,40.390674783000065],[-109.74802123799998,40.399475081000048],[-109.74514688299996,40.408892134000041],[-109.74615029699999,40.413924094000038],[-109.74709392099999,40.418655528000045],[-109.75118729699994,40.427260603000036],[-109.76171922099996,40.432390357000031],[-109.77126852599997,40.438542236000046],[-109.77652778199996,40.447010796000029],[-109.77731843399994,40.456909059000054],[-109.77676973799998,40.466055346000076],[-109.77756063999999,40.475953494000066],[-109.77951412199997,40.485715970000058],[-109.78594044199997,40.494048256000042],[-109.79550038199994,40.500197964000051],[-109.80604665499999,40.50532357000003],[-109.81757901499998,40.509424821000039],[-109.82911273699995,40.513524946000075],[-109.84046934899999,40.516736556000069],[-109.85182700999997,40.51994707800003],[-109.86318572499994,40.523156510000035],[-109.87275652499994,40.529299902000048],[-109.87588796799997,40.538923948000047],[-109.88215346599998,40.558171618000074],[-109.88412399699996,40.567931879000071],[-109.88725876699999,40.577555393000068],[-109.88672362999995,40.586701504000075],[-109.89084427499995,40.59530088200006],[-109.89613004799997,40.603763332000028],[-109.90025287499998,40.612362291000068],[-109.90222749999998,40.622121915000037],[-109.90536723799994,40.631744621000053],[-109.90366936299995,40.641027314000041],[-109.89946169699999,40.649696274000064],[-109.90143727599997,40.65945567600005],[-109.91274175799998,40.679927397000029],[-109.92108743399996,40.69166315700005],[-109.92809014599999,40.702648148000037],[-109.92558785299997,40.713842045000035],[-109.92864978599994,40.728923402000078],[-109.93467141499997,40.740931899000032],[-109.94509682599994,40.756963910000024],[-109.94341343399998,40.778052851000041],[-109.96155721799994,40.78500161200003],[-109.97986716599996,40.781028266000078],[-110.00644477299994,40.78243444900005],[-110.02809694799998,40.788959629000033],[-110.05584551499999,40.790216802000032],[-110.08268361499995,40.787033232000056],[-110.11750339299999,40.781984872000066],[-110.14973411699998,40.781777814000066],[-110.16968271899998,40.78575625700006],[-110.19215060399995,40.790338849000079],[-110.21781588399995,40.787264558000061],[-110.25373264899997,40.78749646700004],[-110.28866816099998,40.788744691000034],[-110.31832891099998,40.793346547000056],[-110.34855078599998,40.800600368000062],[-110.38023097299998,40.797671835000074],[-110.41410139899995,40.788105140000027],[-110.50235293499998,40.747338163000052],[-110.52299014599998,40.737536184000078],[-110.54632739599998,40.729216816000076],[-110.57796640499998,40.726235752000036],[-110.62121859599995,40.727268992000063],[-110.65106431599997,40.732674526000039],[-110.67376264499995,40.732592565000061],[-110.69786453799998,40.722327290000067],[-110.73675591599999,40.697481478000043],[-110.75656251099997,40.689555589000065],[-110.78081014399999,40.685619531000043],[-110.81280171299994,40.684347855000055],[-110.84598113699997,40.672000797000067],[-110.86328386899999,40.647081860000071],[-110.90254118999997,40.569345381000062],[-110.90257433899995,40.547502069000075],[-110.89059755899996,40.536273925000046],[-110.88210696199997,40.524605444000031],[-110.87923034399995,40.511318924000079],[-110.88137955799999,40.499218431000031],[-110.88894503299997,40.484614197000042],[-110.90057087399998,40.466765920000057],[-110.91121568299997,40.455409917000054],[-110.92957552599995,40.452176208000026],[-110.96725029199996,40.45558978400004],[-111.01169212299999,40.462681360000033],[-111.04841094799997,40.467102429000079],[-111.08957786399998,40.470033200000046],[-111.12280917999999,40.463954169000033],[-111.15177718499996,40.454771479000044],[-111.18745236799998,40.427416778000065],[-111.20130818699994,40.409239878000051],[-111.20744307099994,40.39387888300007],[-111.21183079299999,40.376011135000056],[-111.21121202999996,40.362432347000038],[-111.20114093099994,40.34916443700007],[-111.19995357799996,40.338390899000046],[-111.20860710099998,40.329077148000067],[-111.22820279099994,40.304686495000055],[-111.23139940499999,40.297283816000061],[-111.22621956199998,40.225715843000046],[-111.21463637699998,40.216289011000072],[-111.20902528599999,40.206998633000069],[-111.21613269399995,40.201524401000029],[-111.22110833999994,40.191772573000037],[-111.22107490099995,40.180848633000039],[-111.21622980599994,40.169637954000052],[-111.20618560099996,40.156369109000025],[-111.20111949099999,40.133348048000073],[-111.19222231299995,40.114466103000041],[-111.18141282799996,40.097652938000067],[-111.16506344099997,40.093394590000059],[-111.11912483599997,40.094775405000064],[-110.99802193899995,40.104866104000052],[-110.98629772099997,40.094530631000055],[-110.96458765299997,40.076366390000032],[-110.94884459599996,40.058348756000044],[-110.93617952599999,40.043578669000055],[-110.93350353699998,40.031175934000032],[-110.93275086999995,40.016707437000036],[-110.94063560399997,40.003868038000064],[-110.95484998199998,39.99295029700005],[-110.96695135899995,39.977748646000066],[-110.97655110799997,39.967417033000061],[-110.98250310399999,39.956640958000037],[-110.98308347899996,39.942910772000062],[-110.98155167399995,39.935823799000048],[-110.98289780699997,39.92563700200003],[-110.98117706799997,39.912201414000037],[-110.97658031899999,39.901865458000032],[-110.97179090899999,39.896106099000065],[-110.97352013399995,39.887691055000062],[-110.97678128699994,39.880900430000054],[-110.95398608599999,39.868342634000044],[-110.92449205999998,39.85754754800007],[-110.89116937199998,39.850875342000052],[-110.86875715299999,39.85099869700008],[-110.85017297699994,39.852451765000069],[-110.81835820599997,39.858310713000037],[-110.80454381399994,39.865522251000073],[-110.79838320999994,39.875403563000077],[-110.79259871999994,39.887056907000044],[-110.78241636999996,39.894715275000067],[-110.76628974299996,39.902213090000032],[-110.72984194399999,39.908629089000044],[-110.70299516899996,39.910186862000046],[-110.67537120499998,39.913655676000076],[-110.65676641899995,39.915078221000044],[-110.63778677899995,39.914724966000051],[-110.61382907199999,39.913171016000035],[-110.60381000799998,39.92170033900004],[-110.59189097999996,39.926826376000065],[-110.57922480899998,39.928405120000036],[-110.57175700699997,39.926606082000035],[-110.56105614099994,39.920660423000072],[-110.55050733899998,39.921062951000067],[-110.54337652699996,39.926497839000035],[-110.53758206999998,39.932675822000078],[-110.53100633499997,39.940769681000063],[-110.51387581199998,39.949262394000073],[-110.49912487299997,39.946542249000061],[-110.47649644299997,39.945704397000043],[-110.46216010599994,39.939290463000077],[-110.44496876199997,39.930498913000065],[-110.42663004099995,39.921846802000061],[-110.40309003499999,39.916561048000062],[-110.38314347999994,39.917195380000067],[-110.34914027499997,39.924097405000055],[-110.31683149899999,39.933509513000047],[-110.29676830699998,39.94505416700008],[-110.27409617999996,39.96691413700006],[-110.27149309599997,39.977232817000072],[-110.27345470699998,40.009725759000048],[-110.27127286399997,40.016355910000073],[-110.24401659699998,40.050582435000081],[-110.22961892099994,40.066876146000027],[-110.22487843299996,40.078360390000057],[-110.20323949999994,40.088254353000025],[-110.16646199799999,40.09360866600008],[-110.13704059099996,40.094429260000027],[-110.08836744899997,40.098442358000057],[-110.08678258299994,39.479044957000042],[-110.01484704999996,39.478846960000055],[-109.07254476299994,39.472177678000037],[-109.07259914799994,39.551355429000068],[-109.07260276899996,39.556620012000053],[-109.07263823599999,39.608149987000047],[-109.07264518699998,39.618239785000071],[-109.07274993199997,39.769933034000076],[-109.07278227099994,39.816632478000031],[-109.07284887899999,39.912620980000042],[-109.07312745799999,39.95287120200004],[-109.07336451499998,40.001727546000041],[-109.07354693699995,40.039276806000032],[-109.07357382199996,40.044807353000067],[-109.07209253199994,40.086412969000037],[-109.07211821999999,40.098011563000057],[-109.07220404199995,40.136732658000028],[-109.07228448699999,40.172988405000069]]],[[[-105.22538293999997,48.100157374000048],[-105.22776557899999,48.105336163000061],[-105.23067486299999,48.110478907000072],[-105.23705387799998,48.113960262000035],[-105.24558150199999,48.114089693000039],[-105.25363667899995,48.114607010000043],[-105.26163817099996,48.114771441000073],[-105.26969357499996,48.115287804000047],[-105.27785694699998,48.116508486000043],[-105.28602064699999,48.117728671000066],[-105.29329414699998,48.120077857000069],[-105.30056820899995,48.122426636000057],[-105.30831504899999,48.124386411000046],[-105.31695258399998,48.125216107000028],[-105.32156558199995,48.120624971000041],[-105.32396458799997,48.115474001000052],[-105.32636318899995,48.110322905000032],[-105.32928751699995,48.105135379000046],[-105.33005278699994,48.099740559000054],[-105.33245025099995,48.094589101000054],[-105.33822024199998,48.090629127000057],[-105.34600165399996,48.089378982000028],[-105.35369141699999,48.090983969000035],[-105.35913210499996,48.095237378000036],[-105.36357582299996,48.099915773000077],[-105.36996132599995,48.103390992000072],[-105.37768923499999,48.101786701000037],[-105.38229587399996,48.097193165000078],[-105.38632130299999,48.092283552000026],[-105.39034608099996,48.087373745000036],[-105.39268340799998,48.081868631000077],[-105.39560071999995,48.07667921400008],[-105.40014952399997,48.071732309000026],[-105.40417182999994,48.066821775000051],[-105.40708744199998,48.061631866000027],[-105.41168882799997,48.05703675400008],[-105.41231498899998,48.056714158000034],[-105.41808508399998,48.053741115000037],[-105.42448064599995,48.050445142000058],[-105.43214565299996,48.048485068000048],[-105.43975537499995,48.046172138000031],[-105.44810940099995,48.045231631000036],[-105.45610228899994,48.045384630000058],[-105.46426001199995,48.046594360000029],[-105.47241805899995,48.047803595000062],[-105.48104695699999,48.048623044000067],[-105.48909544999998,48.049126485000045],[-105.49808491899995,48.048850753000067],[-105.50643841199997,48.047906658000045],[-105.51462597199998,48.045904905000043],[-105.52308934599995,48.045664540000075],[-105.53124843399996,48.046870237000064],[-105.53508280999995,48.048101908000035],[-105.53852290499998,48.049206791000074],[-105.54585334299998,48.05189529900008],[-105.55312897399995,48.054231033000065],[-105.56040516299998,48.056566359000044],[-105.56856644799996,48.057769768000071],[-105.57703125699999,48.057526043000053],[-105.58474787299997,48.055909729000064],[-105.59315667199996,48.055312654000033],[-105.60162104099999,48.055067392000069],[-105.60931317699999,48.056658053000035],[-105.61736378199998,48.057153864000043],[-105.62560480699995,48.055497795000065],[-105.63193340499998,48.051839729000051],[-105.63709845999995,48.047551684000041],[-105.63731034299997,48.042191693000063],[-105.63683374099998,48.040877683000076],[-105.63542075099997,48.036981627000046],[-105.63452620999999,48.031344113000046],[-105.63578879399995,48.025908856000058],[-105.64031430099999,48.020953125000062],[-105.64733150599994,48.018313505000037],[-105.65579051899999,48.018064831000061],[-105.66389246599999,48.018910291000054],[-105.67028657299994,48.022372233000056],[-105.67574319899995,48.026613826000073],[-105.68260787799994,48.029685113000028],[-105.68806601799997,48.033926113000064],[-105.69302255999997,48.036854773000073],[-105.69451932699997,48.037739067000075],[-105.70350616499996,48.037449700000082],[-105.71074552199997,48.035580920000029],[-105.71116052699995,48.035473774000081],[-105.71753828899995,48.032163801000081],[-105.72524795799995,48.030539361000081],[-105.73365186999996,48.029933523000068],[-105.74258084299998,48.029289248000055],[-105.75098440999994,48.028682331000027],[-105.75916132599997,48.026665692000051],[-105.76547890699999,48.023001065000074],[-105.77179572899996,48.019336102000068],[-105.77578460799998,48.014413779000051],[-105.78035460399997,48.009805512000071],[-105.78661240599996,48.005787393000048],[-105.79489868099995,48.004473080000025],[-105.80288703699995,48.004605641000069],[-105.81093232499995,48.005090033000045],[-105.81892079699998,48.005221648000031],[-105.82690930199999,48.005352791000064],[-105.83577664299997,48.004350026000054],[-105.84406166399998,48.003032700000063],[-105.85228919099995,48.001362572000062],[-105.85993419199997,47.99937802200003],[-105.86763591499994,47.997745316000078],[-105.87539448699994,47.996464450000076],[-105.88367757899999,47.995144667000034],[-105.89207502699998,47.994528935000062],[-105.90006228599998,47.994655766000051],[-105.90880422399994,47.99615265400007],[-105.91666940299996,47.998782960000028],[-105.92401038699995,48.001451413000041],[-105.93129442099996,48.003767191000065],[-105.93905241999994,48.00248270000003],[-105.94669473499994,48.000493260000042],[-105.95445199299996,47.999207874000035],[-105.96255552999997,48.000035514000047],[-105.97060147199994,48.000510426000062],[-105.97824250899998,47.99851919300005],[-105.98582514599997,47.996175277000077],[-105.99340719999998,47.99383092000005],[-106.00087270499995,47.990781645000027],[-106.00723004199995,47.987457590000076],[-106.01358668599994,47.984133201000077],[-106.02203939499998,47.983861627000067],[-106.03008366399996,47.984333028000037],[-106.03818624899998,47.985156179000057],[-106.04599734099997,47.987426833000029],[-106.05287619599994,47.990479705000041],[-106.06086324699999,47.990597052000055],[-106.06850009199997,47.988600664000046],[-106.07543655999996,47.985586413000078],[-106.08313218399996,47.987150502000077],[-106.09141136499994,47.98902707700006],[-106.09910783299995,47.990590240000074],[-106.10552359899998,47.994031900000039],[-106.11100789699998,47.998256285000082],[-106.11789122599998,48.001305749000039],[-106.12564863599994,48.003219521000062],[-106.13234285599998,48.004576933000067],[-106.13334777199998,48.00478066900007],[-106.14139565399995,48.005245425000055],[-106.14973300099996,48.00426157000004],[-106.15748643799998,48.002964571000064],[-106.15898130499994,48.002572701000076],[-106.16512166499996,48.000962810000033],[-106.17287435599997,47.999664917000075],[-106.18121043199994,47.998679107000044],[-106.18896248999994,47.99738028400003],[-106.19665510099998,47.995728862000078],[-106.20405150299996,47.992316257000027],[-106.21214925699996,47.989919917000066],[-106.22048336599994,47.988931660000048],[-106.22934176699994,47.987903080000081],[-106.23732880199998,47.988010016000032],[-106.24549404299995,47.989172884000027],[-106.25278876999994,47.991471441000044],[-106.25382329499996,47.995393223000065],[-106.25426447899997,47.997065539000062],[-106.25620566399999,48.002267501000063],[-106.26071122799999,48.006917633000057],[-106.26667262799998,48.01074350600004],[-106.27442439499998,48.009439839000038],[-106.27954054799994,48.005126847000042],[-106.28524024799998,48.00112568600008],[-106.28860219099994,47.995875972000078],[-106.29494434499998,47.992538474000071],[-106.29621213799999,47.992162331000031],[-106.30303855699998,47.99013670000005],[-106.31143099099995,47.989494954000065],[-106.31947819699997,47.989949146000072],[-106.32082755499994,47.990279872000031],[-106.32724046799996,47.991851430000054],[-106.33413386299998,47.99488995400003],[-106.34015863899998,47.999064818000079],[-106.33895942999999,48.004506932000027],[-106.33501673599994,48.009445897000035],[-106.33165804099997,48.014696542000081],[-106.32882353799994,48.019906828000046],[-106.32867254399997,48.025268117000053],[-106.33516484799998,48.029050569000049],[-106.34291747799995,48.02774305500003],[-106.35048966699998,48.025378950000061],[-106.35806126899996,48.023014404000037],[-106.36498730199997,48.019985655000028],[-106.37191264599994,48.016956522000044],[-106.37996392499997,48.017407080000055],[-106.38599406499998,48.021579613000029],[-106.39097546599999,48.025832686000058],[-106.39828005499999,48.028123139000058],[-106.40603121099997,48.026812011000061],[-106.41301568499995,48.024132866000059],[-106.41870839399996,48.02012632800006],[-106.42498548799995,48.01643096500004],[-106.42892134399995,48.011489490000031],[-106.43110134999995,48.00561349700007],[-106.43176782599994,48.000211179000075],[-106.43027576399999,47.994619081000053],[-106.42622220199996,47.989581799000064],[-106.42170530899995,47.98493693100005],[-106.41567635099995,47.980765514000041],[-106.41162491499995,47.975727578000033],[-106.40757414799998,47.970689443000026],[-106.40358433199998,47.966003197000077],[-106.40255962799995,47.960017618000052],[-106.40316786399995,47.954262577000065],[-106.40546885899994,47.949090172000069],[-106.40940195399997,47.944148233000078],[-106.41281038899996,47.939246630000071],[-106.41732656399995,47.934615904000054],[-106.42184205499996,47.92998496000007],[-106.42408019299995,47.924459725000077],[-106.42917864899994,47.920139951000067],[-106.43691543699998,47.918826616000047],[-106.44386651399998,47.922212357000035],[-106.45029448099996,47.925638377000041],[-106.45678372099997,47.929416161000063],[-106.46321316999996,47.93284149200008],[-106.46871667699997,47.937052151000046],[-106.47940020799996,47.940502725000044],[-106.48707775599996,47.938834516000043],[-106.49404860699997,47.936150463000047],[-106.50172520699999,47.934481402000074],[-106.50804931999994,47.931133293000073],[-106.51489659499998,47.927743934000034],[-106.52121928699995,47.924395140000058],[-106.52671275499995,47.919326568000031],[-106.52900196999997,47.914151509000078],[-106.52913510499997,47.908788167000068],[-106.52815999999996,47.903154591000032],[-106.52718507299994,47.897520911000072],[-106.52667294999998,47.891494042000033],[-106.52622183699998,47.885819180000055],[-106.52629424899999,47.880103248000069],[-106.53319573699997,47.877064562000044],[-106.53874492799997,47.872346896000067],[-106.53416721199994,47.86735197400003],[-106.52866547199994,47.863143080000043],[-106.52368774999997,47.858892945000036],[-106.52120514699999,47.853733502000068],[-106.52186200699998,47.848328219000052],[-106.52694720799997,47.84400375000007],[-106.53467226199996,47.84268451500003],[-106.54310296899996,47.84238027300006],[-106.55113251199998,47.842820893000066],[-106.55879584099995,47.841148112000042],[-106.56510717799995,47.837796378000064],[-106.56628299199997,47.832349487000045],[-106.56530568399995,47.826714863000063],[-106.56334379599997,47.821514559000036],[-106.56184406399996,47.815920848000076],[-106.56750764799995,47.811905492000051],[-106.57547224999996,47.811992521000036],[-106.58275820499995,47.814274524000041],[-106.59010590999998,47.816908283000032],[-106.59653099599996,47.820328448000055],[-106.60468062299998,47.821470228000067],[-106.61028058499994,47.817100985000081],[-106.60982226799996,47.811425117000056],[-106.60884128699996,47.805790451000064],[-106.60530824799997,47.800714323000079],[-106.60432785299997,47.795079442000031],[-106.60276377099996,47.789133546000073],[-106.60614808799994,47.78422475800005],[-106.61355734099999,47.78113978500005],[-106.62151800599997,47.781224103000056],[-106.62880201499996,47.783503830000029],[-106.63627089599998,47.786839684000029],[-106.64229577399999,47.79100373600005],[-106.64970477499998,47.793986602000075],[-106.65779030999994,47.794773104000058],[-106.66538308699995,47.792741866000028],[-106.66550400999995,47.787376410000036],[-106.66301236099997,47.782218460000081],[-106.66150448899998,47.776625193000029],[-106.65849119299997,47.771508500000039],[-106.65600078099999,47.766350173000035],[-106.65298844999995,47.761233197000081],[-106.65357117499997,47.755473559000052],[-106.65986849899997,47.752116522000051],[-106.66794863899997,47.752902514000027],[-106.67529264499996,47.755532120000055],[-106.68125542099995,47.759342637000032],[-106.68814016499999,47.76236526200006],[-106.69542440699996,47.764641520000055],[-106.70270919299998,47.766917369000055],[-106.71066812799995,47.766996427000038],[-106.71819381399996,47.764609879000034],[-106.72267399699996,47.759966509000037],[-106.72494069599998,47.754785630000072],[-106.72505632899998,47.749419505000049],[-106.72531684199998,47.748195589000034],[-106.43938737599996,47.753965826000069],[-106.15468427599995,47.759037828000032],[-105.96234700799994,47.762104312000076],[-105.85831965399996,47.763648341000078],[-105.56893489699996,47.768533318000038],[-105.29096586699995,47.771648332000041],[-105.00663736899998,47.774258417000055],[-104.71186452699999,47.77730101800006],[-104.45998666799994,47.781487606000042],[-104.35755630699998,47.783055396000066],[-104.35920459099998,47.918604163000055],[-104.36338750899995,48.053009124000027],[-104.37180712299994,48.052487864000057],[-104.38022659199999,48.051966079000067],[-104.38917211899997,48.051411109000071],[-104.39764005499995,48.051241048000065],[-104.40582581099994,48.052867185000025],[-104.41305728399999,48.055263922000051],[-104.41938353199998,48.058784181000078],[-104.42780346099994,48.058259452000073],[-104.43612526099997,48.057028632000026],[-104.44387147799995,48.055477391000068],[-104.45156822099995,48.053572917000054],[-104.45998715399998,48.053046179000034],[-104.46898128699996,48.052838724000026],[-104.47669220199998,48.054846319000035],[-104.48211743499996,48.059487955000066],[-104.48601399999995,48.064581184000076],[-104.49048683999996,48.069993916000044],[-104.49681909099996,48.073510398000053],[-104.50119477299995,48.078217150000057],[-104.50404129899994,48.083375747000048],[-104.50989872299999,48.087277301000029],[-104.51794384099998,48.087838317000035],[-104.52631739499998,48.086954796000043],[-104.53334038599996,48.084020898000063],[-104.54103793599995,48.082111516000055],[-104.54988706899996,48.080840555000066],[-104.55835863399994,48.080660470000055],[-104.56660239099995,48.082629457000053],[-104.57294034999995,48.08614224400003],[-104.57927903799998,48.089654696000025],[-104.58692596699996,48.087390046000053],[-104.59447246299999,48.084419558000036],[-104.60264452199999,48.082120527000029],[-104.61028963599995,48.079854506000061],[-104.61808436799998,48.07864612000003],[-104.62703161499996,48.078075500000068],[-104.63507658799995,48.078629584000055],[-104.64337275999998,48.080946601000051],[-104.65029156999998,48.084774820000064],[-104.65721124899994,48.088602642000069],[-104.66207649399996,48.092917611000075],[-104.66441088099998,48.098106312000027],[-104.66358665499996,48.10349726000004],[-104.66170918099999,48.108955545000072],[-104.65983137099994,48.114413710000065],[-104.65742657599998,48.119905452000069],[-104.65717845999995,48.125614921000079],[-104.66204666299996,48.12992938900004],[-104.66906806299994,48.126988863000065],[-104.67315288499998,48.122101024000074],[-104.67502973699999,48.116642806000073],[-104.67585312699998,48.11125201200008],[-104.67504640299995,48.105609789000027],[-104.67912930899996,48.100721441000076],[-104.68321155999996,48.095832895000058],[-104.69348739799995,48.093393258000049],[-104.70128220899994,48.092180142000075],[-104.70932971899998,48.092729796000071],[-104.71805572299996,48.094302957000082],[-104.72572937099994,48.095943481000063],[-104.73345417999997,48.097936192000077],[-104.74075464899994,48.100667720000047],[-104.74710452299996,48.104172164000033],[-104.75303037799995,48.108415563000051],[-104.75943267699995,48.112271949000046],[-104.76626043599998,48.115388675000077],[-104.77414203899997,48.118436731000031],[-104.78097124599998,48.121552656000063],[-104.78827667899998,48.12428142400006],[-104.79600713299999,48.126270396000052],[-104.80448426299995,48.126074964000054],[-104.81343671599996,48.125492134000069],[-104.82113068499996,48.123567114000082],[-104.82751446899994,48.119947525000043],[-104.83578517999996,48.118339854000055],[-104.84352893799996,48.116766091000045],[-104.85132373999994,48.115544444000079],[-104.85911822899999,48.114322343000026],[-104.86749041399997,48.113417841000057],[-104.87591393599996,48.112865379000027],[-104.88396574199999,48.113404637000031],[-104.89164625899997,48.115035675000058],[-104.89937891199997,48.117018816000041],[-104.90809597699996,48.116445063000072],[-104.90832911799998,48.116429710000034],[-104.91412871299997,48.112488091000046],[-104.91708825199999,48.107309537000049],[-104.91952094099997,48.102165552000031],[-104.91979617899995,48.09680776700003],[-104.91896703999998,48.091166758000043],[-104.91713744499998,48.08594763800005],[-104.91846514399998,48.080520161000038],[-104.91926649199996,48.075127298000041],[-104.91954162899998,48.069769059000066],[-104.91981671899998,48.064410729000031],[-104.92277343899997,48.059231271000044],[-104.92851481199995,48.054935724000075],[-104.93546279499998,48.051628129000051],[-104.94319549299996,48.050048349000065],[-104.95166153299999,48.049843677000069],[-104.95970567699999,48.050378546000047],[-104.96701056999996,48.053098295000041],[-104.97336848099997,48.056592659000046],[-104.98162230799994,48.058536546000028],[-104.98982446099996,48.060127343000033],[-104.99802704299998,48.061717637000072],[-105.00570408999994,48.063342482000053],[-105.01422410899994,48.063486474000058],[-105.02258699099997,48.062572259000035],[-105.03037125099996,48.061340120000068],[-105.03810271699996,48.059754974000043],[-105.04583377799997,48.058169379000049],[-105.05356443899996,48.056583336000074],[-105.06176794399994,48.054609021000033],[-105.06876129599999,48.05164714700004],[-105.07575396999994,48.048684886000046],[-105.08342991699999,48.046744538000041],[-105.09178946099996,48.045826005000038],[-105.10025440299995,48.045612049000056],[-105.10893079099998,48.046807734000026],[-105.11587488699996,48.050612558000068],[-105.12224106899998,48.054099961000077],[-105.12718942799995,48.058751180000058],[-105.13166567699994,48.063790209000047],[-105.13556368099995,48.068512061000035],[-105.13951536699994,48.073586233000071],[-105.14546553399998,48.077812858000073],[-105.15136337399997,48.081686680000075],[-105.15910021799999,48.083655219000036],[-105.16725712599998,48.084882675000074],[-105.17494159499995,48.086497816000076],[-105.18262647199998,48.088112514000045],[-105.19073106399998,48.088986074000047],[-105.19883588699997,48.089859147000027],[-105.20694094199996,48.090731733000041],[-105.21509976199997,48.091956284000048],[-105.22147594599994,48.09543857400007],[-105.22538293999997,48.100157374000048]]],[[[-84.659260355999947,30.579234522000036],[-84.657150754999975,30.546102896000036],[-84.620232939999937,30.548069343000066],[-84.620370606999984,30.58039050900004],[-84.659260355999947,30.579234522000036]]],[[[-78.318950047999977,42.249732251000069],[-78.318215844999941,42.216712985000072],[-78.276711227999954,42.215797810000026],[-78.276455043999988,42.250085589000037],[-78.318950047999977,42.249732251000069]]],[[[-88.110267353999973,31.742902636000053],[-88.107642107999936,31.741605660000062],[-88.109459158999982,31.735803648000058],[-88.110394246999988,31.730634568000028],[-88.107538268999974,31.726580431000059],[-88.105458285999987,31.722933234000038],[-88.10503577299994,31.719060184000057],[-88.105742048999957,31.712128122000024],[-88.104438089999974,31.708887976000028],[-88.102023957999961,31.704517459000044],[-88.097107089999952,31.700658829000076],[-88.09553970799999,31.696002079000039],[-88.094959940999956,31.689672893000079],[-88.093974969999977,31.683313557000076],[-88.051994957999966,31.682532626000068],[-88.065926293999951,31.749718499000039],[-88.110267353999973,31.742902636000053]]],[[[-88.137608225999941,31.75640388000005],[-88.153995548999944,31.796384745000069],[-88.191179585999976,31.796682093000072],[-88.190696167999988,31.789312128000063],[-88.188680542999975,31.784972752000044],[-88.185307675999979,31.781930424000052],[-88.182886719999942,31.777561116000072],[-88.182264224999983,31.771578055000077],[-88.179948775999947,31.766168778000065],[-88.175870636999946,31.762026470000023],[-88.170806292999941,31.75955743600008],[-88.16172026199996,31.756441855000048],[-88.155033970999966,31.753852188000053],[-88.148578112999985,31.753025351000076],[-88.137608225999941,31.75640388000005]]],[[[-88.474882018999949,45.11210198100008],[-88.514426747999948,45.11195828700005],[-88.641809973999955,45.111412568000048],[-88.967636286999948,45.109441309000033],[-88.96545985399996,44.938948284000048],[-88.869254299999966,44.938463808000051],[-88.717673441999978,44.937553670000057],[-88.716632739999966,44.847720674000072],[-88.659778200999938,44.847738608000043],[-88.580119643999979,44.899224243000049],[-88.511492014999988,44.943482840000058],[-88.474039093999977,44.915635645000066],[-88.474882018999949,45.11210198100008]]],[[[-88.020483018999983,44.52818641500005],[-88.020165184999939,44.539154087000043],[-88.021762765999938,44.546501391000049],[-88.026631078999969,44.550744160000079],[-88.033840945999941,44.563803963000055],[-88.036934489999965,44.574503438000079],[-88.049182586999962,44.575053131000061],[-88.058846782999979,44.570109097000056],[-88.069737324999949,44.565703547000055],[-88.085537889999955,44.563453564000042],[-88.093047783999964,44.560222443000043],[-88.10276235799995,44.554815956000027],[-88.11147088599995,44.547033852000027],[-88.074009521999983,44.530390431000058],[-88.036368848999984,44.513647096000057],[-88.020483018999983,44.52818641500005]]],[[[-88.437652352999976,46.760061314000041],[-88.433113581999976,46.669143154000039],[-88.302221822999968,46.670839349000062],[-88.298961727999938,46.761127216000034],[-88.301288924999938,46.820745019000071],[-88.295886694999979,46.825188168000068],[-88.278841464999971,46.828475189000073],[-88.266478805999952,46.838695729000051],[-88.253600103999986,46.847457407000036],[-88.555908818999967,46.848134994000077],[-88.552830894999943,46.760903246000055],[-88.437652352999976,46.760061314000041]]],[[[-84.952632859999937,43.555595545000074],[-84.844283963999942,43.554629118000037],[-84.843664628999989,43.59726411500003],[-84.729804232999982,43.595419288000073],[-84.611774796999953,43.593689969000025],[-84.611280867999938,43.811331497000026],[-84.73153924799999,43.812024176000079],[-84.732008076999989,43.727300309000043],[-84.869042525999987,43.728318907000073],[-84.965489604999959,43.728945947000057],[-84.96397759499996,43.555691300000035],[-84.952632859999937,43.555595545000074]]],[[[-76.747745839999936,43.002737839000076],[-76.770172773999946,42.979194857000039],[-76.77150600899995,42.96800230000008],[-76.775490601999934,42.954377141000066],[-76.78033266999995,42.944450588000052],[-76.781265373999986,42.934619977000068],[-76.781799729999989,42.926151835000042],[-76.82557518599998,42.922360411000057],[-76.827096536999989,42.910484989000054],[-76.837755530999971,42.907174120000036],[-76.851567628999987,42.729747932000066],[-76.642773070999965,42.72943478600007],[-76.675779000999967,42.890839140000026],[-76.747745839999936,43.002737839000076]]],[[[-74.766620831999944,44.975145726000051],[-74.76758231499997,44.970082385000069],[-74.764762134999955,44.967515563000063],[-74.756568104999985,44.965608099000065],[-74.736796058999971,44.967490262000069],[-74.701261779999982,44.972448329000031],[-74.70172942499994,44.968868903000043],[-74.712083351999979,44.964351420000071],[-74.722167523999985,44.965014116000077],[-74.752488291999953,44.960214877000055],[-74.753386516999967,44.929009208000025],[-74.532434060999947,44.931682422000051],[-74.532189487999972,44.95412669600006],[-74.520549180999978,44.953705188000072],[-74.518933140999934,44.978006325000081],[-74.766620831999944,44.975145726000051]]],[[[-83.096756315999983,35.454944062000038],[-83.098229107999941,35.464087914000061],[-83.103878662999989,35.471925688000056],[-83.109038042999941,35.480064694000077],[-83.114689951999935,35.487902030000043],[-83.122308725999972,35.494533043000047],[-83.128884674999938,35.502118401000075],[-83.126859761999981,35.511212710000052],[-83.121515476999946,35.519202245000031],[-83.117337955999972,35.528045596000027],[-83.113651166999944,35.536587359000066],[-83.111193102999948,35.545631449000041],[-83.111103810999964,35.548338102000059],[-83.110886425999979,35.554926693000027],[-83.111009535999983,35.556735495000055],[-83.111134050999965,35.576130130000024],[-83.112733458999969,35.579546738000033],[-83.123006414999963,35.586127786000077],[-83.129466106999985,35.589392564000036],[-83.129405525999971,35.592256613000075],[-83.122148676999984,35.601101339000024],[-83.116551887999947,35.613010578000058],[-83.119014328999981,35.61903998400004],[-83.130277800999977,35.625017484000068],[-83.145788987999936,35.629334227000072],[-83.160499619999939,35.630684590000044],[-83.174099457999944,35.628315354000051],[-83.183262204999949,35.621123880000027],[-83.192303883999955,35.617147620000026],[-83.203440841999964,35.616284144000076],[-83.216053028999966,35.61451364100003],[-83.223673805999965,35.608576622000044],[-83.228395798999941,35.599074838000035],[-83.224320228999943,35.589632943000026],[-83.218709972999989,35.581448698000031],[-83.214579321999963,35.574870644000043],[-83.213473259999944,35.570465364000029],[-83.210682684999938,35.55934862600003],[-83.203286813999966,35.546291794000069],[-83.199708708999935,35.536547537000047],[-83.201105583999947,35.523432762000027],[-83.19863965199994,35.51740568200006],[-83.190578642999981,35.508217728000034],[-83.182153177999965,35.501139693000027],[-83.176312259999975,35.496872997000025],[-83.173665895999989,35.491900701000077],[-83.17581389299994,35.489638476000039],[-83.182448111999975,35.489332613000045],[-83.183549838999966,35.485513475000062],[-83.182809247999955,35.482198054000037],[-83.179305486999965,35.479638136000062],[-83.178074080999977,35.476624475000051],[-83.178134407999949,35.476477639000052],[-83.181872596999938,35.467377580000061],[-83.186724014999982,35.467223405000027],[-83.195383941999978,35.467869844000063],[-83.205513333999988,35.465097921000051],[-83.216574003999938,35.469609056000024],[-83.225295316999961,35.469901417000074],[-83.232361849999961,35.472154398000043],[-83.25202103099997,35.475144626000031],[-83.272426305999943,35.481446197000025],[-83.285953017999987,35.486951594000061],[-83.295476365999946,35.487689322000051],[-83.301673137999956,35.484814761000052],[-83.315803354999957,35.463838302000056],[-83.321002009999972,35.456543444000033],[-83.326320347999967,35.448544790000028],[-83.332504986999936,35.443156635000037],[-83.334638993999988,35.43837947600008],[-83.343324931999973,35.42861475400008],[-83.355610439999964,35.413164417000075],[-83.35718353599998,35.406529404000025],[-83.352757782999959,35.404228409000041],[-83.34607164099998,35.40489621200004],[-83.341232591999983,35.407569226000078],[-83.338963585999977,35.408026171000074],[-83.335706817999949,35.406576075000032],[-83.33551044699999,35.402607679000027],[-83.33027899199999,35.397343441000032],[-83.31726238899995,35.394053392000046],[-83.305052433999947,35.393724386000031],[-83.296285739999973,35.396301938000079],[-83.28893445999995,35.400835741000037],[-83.282066486999952,35.402554981000037],[-83.279912439999976,35.399795313000027],[-83.280638770999985,35.395574207000038],[-83.28075389299994,35.392358828000056],[-83.274431482999944,35.390911764000066],[-83.270752761999972,35.391922059000024],[-83.267079403999958,35.395444097000052],[-83.263097320999975,35.398212899000043],[-83.255551733999937,35.398775989000058],[-83.250401572999976,35.400691878000032],[-83.245867584999985,35.404113887000051],[-83.242187823999984,35.405123247000063],[-83.236785033999979,35.403421693000041],[-83.233530460999987,35.401968607000072],[-83.22573704499996,35.401424727000062],[-83.217947548999973,35.40339218400004],[-83.210343781999939,35.406815824000034],[-83.205070116999934,35.409433071000024],[-83.202123699999959,35.408732349000047],[-83.203409228999988,35.406370032000041],[-83.20598344199999,35.404157256000076],[-83.212055005999957,35.401991352000039],[-83.219471895999959,35.397110913000063],[-83.220570357999975,35.393291731000033],[-83.213389992999964,35.39174160400006],[-83.200754597999946,35.393863167000063],[-83.182227086999944,35.394580892000079],[-83.168055408999976,35.395443854000064],[-83.156584424999949,35.398413767000079],[-83.138124331999961,35.416355736000071],[-83.128676115999951,35.425300607000054],[-83.120080024999936,35.433260848000032],[-83.101484511999956,35.450472954000077],[-83.096756315999983,35.454944062000038]]],[[[-78.772827698999947,42.196910151000054],[-78.783861600999955,42.193316958000025],[-78.796087268999941,42.187544188000061],[-78.80737765899994,42.185394887000029],[-78.810890320999988,42.18401626800005],[-78.819679004999955,42.18667634500008],[-78.839200476999963,42.159862960000055],[-78.841687319999949,42.132974581000042],[-78.861667126999976,42.126421117000064],[-78.874018396999986,42.122539305000032],[-78.882860520999941,42.120037116000049],[-78.891759700999955,42.122239006000029],[-78.891583709999964,42.157437308000056],[-78.903737502999945,42.166673454000033],[-78.917222747999972,42.155903239000054],[-78.914424937999968,42.107605402000047],[-79.003657515999976,42.031933852000066],[-79.002685745999941,41.993974435000041],[-78.957773374999988,41.994394563000071],[-78.959732292999945,42.023849507000079],[-78.92153069799997,42.045209556000032],[-78.904942141999982,42.068219236000061],[-78.876322977999962,42.071671283000057],[-78.854618435999953,42.085025373000065],[-78.829380521999951,42.08753940400004],[-78.806276440999966,42.096459626000069],[-78.792795829999989,42.119433421000053],[-78.788103761999935,42.135205190000079],[-78.778722197999969,42.14467055800003],[-78.77036499999997,42.147705153000061],[-78.723162995999985,42.13249789200006],[-78.722232829999939,42.09947698700006],[-78.68853689599996,42.068799320000039],[-78.652589958999954,42.068797760000052],[-78.645728124999948,42.075798216000067],[-78.634548626999958,42.075127335000047],[-78.625056064999967,42.07281891000008],[-78.622427737999942,42.078079172000059],[-78.613737632999971,42.084814673000039],[-78.594379658999969,42.079200181000033],[-78.586376167999958,42.080863585000031],[-78.571790685999986,42.095674296000027],[-78.588728995999986,42.11786092400007],[-78.59440294999996,42.113040793000039],[-78.59958575099995,42.107679642000051],[-78.658282792999955,42.122245887000076],[-78.662466319999965,42.128016138000078],[-78.68467727999996,42.164096327000038],[-78.772827698999947,42.196910151000054]]],[[[-123.19518043899996,39.802355170000055],[-123.19100363799998,39.823407170000053],[-123.19099382099995,39.827784764000057],[-123.18621064399997,39.827743809000026],[-123.14339744999995,39.826384026000028],[-123.13965347499999,39.839806847000034],[-123.12553237599997,39.845162474000063],[-123.13910853099998,39.857985056000075],[-123.14807089999999,39.867389787000036],[-123.14688429699999,39.874189135000051],[-123.14354985699998,39.887012860000027],[-123.13362819899999,39.90290189500007],[-123.12695029299999,39.915513802000078],[-123.13134354999994,39.933021925000048],[-123.13546473099996,39.953101377000053],[-123.14718567699998,39.962857812000038],[-123.16110382099998,39.965073792000055],[-123.17337187199996,39.96316721900007],[-123.19167785299999,39.956817512000043],[-123.19894967299996,39.950577979000059],[-123.20109445799994,39.94455272600004],[-123.20973728099995,39.938487750000036],[-123.22547111799997,39.932240213000057],[-123.24084530699997,39.931592134000027],[-123.25103989599995,39.926156676000062],[-123.26302918199997,39.926812677000044],[-123.27242762599997,39.935608328000058],[-123.28174365099994,39.947432881000054],[-123.28772059699997,39.95904990300005],[-123.28682979099995,39.969795447000024],[-123.27988969199998,39.978470580000078],[-123.27079445799995,39.986654758000043],[-123.25867847299997,39.997060926000074],[-123.25024719999999,40.005284971000037],[-123.25205646899997,40.017894151000064],[-123.26425858899995,40.025524613000073],[-123.28209134499997,40.02930682300007],[-123.30070586299996,40.033402222000063],[-123.31788763899999,40.032318768000039],[-123.33172307999996,40.031027336000079],[-123.33931827599997,40.027209421000066],[-123.34315667199996,40.023785467000039],[-123.34219282599997,40.008463698000071],[-123.34744582799999,40.003698360000044],[-123.35540663599994,40.000794566000025],[-123.36098694699996,39.998458624000079],[-123.36746829799995,39.99189334600004],[-123.39050708399998,39.992407609000054],[-123.40618356499999,39.995682784000053],[-123.41870213499999,39.999210332000075],[-123.43382574099996,40.001109357000075],[-123.44067102099996,39.995455008000079],[-123.44168479899997,39.986680770000078],[-123.44733875199995,39.981310990000054],[-123.45867507699995,39.977087548000043],[-123.46793242899997,39.96934630800007],[-123.47072565999997,39.960143809000044],[-123.47214413699999,39.950769106000052],[-123.46160699699999,39.939244828000028],[-123.44939842699995,39.931634465000059],[-123.44369868499996,39.915938227000026],[-123.43558655799995,39.902326451000079],[-123.43293979899994,39.882887219000054],[-123.42823926099999,39.874479697000027],[-123.42520325499999,39.870189527000036],[-123.42307561899997,39.853637294000066],[-123.42157154099999,39.829759164000052],[-123.30629027499998,39.828713227000037],[-123.29246758599999,39.828607866000027],[-123.28972208499999,39.814210583000033],[-123.28820345799994,39.79463381000005],[-123.27654388399998,39.791424015000075],[-123.27243129399994,39.762936937000063],[-123.25684521599999,39.75850749500006],[-123.24278446199997,39.760922362000031],[-123.24131377999998,39.774977987000057],[-123.22539146399998,39.775388862000057],[-123.20882075199995,39.777832574000058],[-123.21040959199996,39.789113817000043],[-123.19664338899997,39.791263108000066],[-123.19518043899996,39.802355170000055]]],[[[-123.48418607699995,41.109595132000038],[-123.47509679099994,41.113227383000037],[-123.47774849399997,41.116538548000051],[-123.59019666199998,41.256596952000052],[-123.63776919599997,41.234834137000064],[-123.66009060199997,41.26237889600003],[-123.70096117099996,41.29659676600005],[-123.70913428999995,41.303383931000042],[-123.73152164099997,41.321965031000047],[-123.74720527899996,41.339571516000035],[-123.75069573199994,41.363838722000025],[-123.78122405699997,41.39297676800004],[-123.81353686599999,41.434238189000041],[-123.83271483799996,41.479878266000071],[-123.85126515499996,41.508097733000056],[-123.87997701399996,41.532643740000026],[-123.91960085199997,41.567140489000053],[-123.94918409399997,41.601516165000078],[-124.00131559599998,41.617952911000032],[-124.04045021999997,41.623416940000027],[-124.03626262999995,41.597795997000048],[-124.03414690599999,41.569167629000049],[-124.03526793599997,41.551317733000076],[-124.03884984799998,41.542422685000076],[-124.03616148599997,41.523474898000075],[-123.97883699099998,41.519106856000064],[-123.94665414999997,41.50620318600005],[-123.91712807299996,41.471067103000053],[-123.89863537099995,41.428778790000081],[-123.88506756999999,41.40289139600003],[-123.85524237899995,41.376362227000072],[-123.83424849999994,41.353349587000025],[-123.83098267799994,41.326513724000051],[-123.82313469299999,41.307799232000036],[-123.78133791399995,41.287111436000032],[-123.77862633499996,41.285768364000035],[-123.75083359699994,41.26226245600003],[-123.73490168699999,41.238443948000054],[-123.70393497699996,41.204510626000058],[-123.78997137599998,41.164984760000038],[-123.68322651399995,41.029783074000079],[-123.48418607699995,41.109595132000038]]],[[[-123.87694234299994,47.50054728200007],[-123.87574853099994,47.501118517000066],[-124.34932394699996,47.52805457900007],[-124.35551207799995,47.530033612000068],[-124.35741846599996,47.534724400000073],[-124.36200770499994,47.538162864000071],[-124.36902074699998,47.537740685000074],[-124.37046640699998,47.533205509000027],[-124.36826212699998,47.528579792000073],[-124.36832828699994,47.523901892000026],[-124.36720683199997,47.519483554000033],[-124.36509908599999,47.515058728000042],[-124.36230212899994,47.510562472000061],[-124.35940026899999,47.506533268000055],[-124.35699669799999,47.50217303800008],[-124.35834666,47.497436372000038],[-124.36126654199995,47.493244632000028],[-124.36231922099995,47.488572701000066],[-124.36149557799996,47.48408895700004],[-124.35929372799995,47.47946242900008],[-124.35891937399998,47.476605224000082],[-124.35867140699997,47.474712493000027],[-124.35844156299999,47.470098756000027],[-124.35821175399997,47.465484956000068],[-124.35896756099999,47.460877570000036],[-124.35992417099999,47.456004046000032],[-124.36009180699995,47.45478251000003],[-124.36058404699997,47.45119535200007],[-124.36005758999994,47.446646205000036],[-124.35785718499994,47.442019148000043],[-124.35515971699999,47.437722966000081],[-124.35404077299995,47.433303407000039],[-124.35213777699994,47.428611183000044],[-124.35250151099996,47.423867035000058],[-124.35227231899995,47.419252605000054],[-124.34798889399997,47.415747735000025],[-124.34558966899999,47.411386148000076],[-124.34368799099997,47.406693505000078],[-124.34119387499999,47.402130514000078],[-124.34004736299994,47.399715936000064],[-124.34108060099999,47.39637994900005],[-124.34080372099999,47.395107774000053],[-124.33731606399999,47.391206479000061],[-124.33807252199995,47.386598219000064],[-124.33725200099997,47.382112998000025],[-124.33574360299997,47.377556211000069],[-124.33590754999994,47.373077506000072],[-124.33567978699995,47.368462371000078],[-124.33485968099995,47.363976902000047],[-124.33335190199995,47.359419850000052],[-124.32828066599996,47.356309571000054],[-124.32150857699997,47.355126554000037],[-124.31854406599996,47.353729584000064],[-124.31603675899999,47.35254795700007],[-124.30944598599996,47.352435445000026],[-124.30217769899997,47.35158232200007],[-124.29570279399996,47.350333189000025],[-124.30221825899997,47.348907888000042],[-124.30891407099995,47.348553413000047],[-124.30780005099996,47.344132332000072],[-124.30322825099995,47.340690076000044],[-124.30005229599999,47.336053767000067],[-124.29813371699998,47.334052844000041],[-124.29617917799999,47.332014247000075],[-124.29299396099998,47.328046305000044],[-124.29021072299997,47.323546109000063],[-124.28584221699998,47.319836986000041],[-124.28502637499997,47.315350586000079],[-124.28450663799998,47.310799364000047],[-124.28595319499999,47.306262117000074],[-124.28563419799997,47.301444701000037],[-124.27956638299997,47.299662451000074],[-124.27440887099999,47.30256792800003],[-124.27227441499997,47.307033251000064],[-124.26993881999999,47.311764531000051],[-124.26306702399995,47.311045767000053],[-124.25650202899999,47.309593269000061],[-124.25272852499995,47.30575351400006],[-124.24806754399998,47.302107660000047],[-124.24459098899996,47.298202909000054],[-124.24348247899997,47.293780655000035],[-124.24237412599996,47.289358336000078],[-124.24421422599994,47.284957942000062],[-124.24310597899995,47.280535518000079],[-124.24071939999999,47.276170361000027],[-124.24207333699997,47.271431781000047],[-124.24155712999999,47.266879821000032],[-124.23917118799994,47.262514467000074],[-124.23843764099996,47.257878388000051],[-124.23691305799997,47.256344045000048],[-124.08354382899995,47.256910631000039],[-123.89978971299996,47.467555445000073],[-123.90319398299999,47.468083024000066],[-123.90541689599996,47.46886455300006],[-123.90954990899996,47.469361247000052],[-123.91436623599998,47.469332994000069],[-123.91733424499995,47.469324325000059],[-123.92072252199995,47.470610683000075],[-123.92371983999999,47.471855143000028],[-123.92628069399996,47.472563692000051],[-123.92924078899995,47.472934370000075],[-123.93191694999996,47.473492058000033],[-123.92890031599995,47.475778705000039],[-123.92637364599994,47.47871553300007],[-123.92189904499998,47.481063645000063],[-123.91608179099995,47.483322417000068],[-123.91268925299994,47.484807612000054],[-123.90687130799995,47.487065960000052],[-123.90108173199997,47.490577249000069],[-123.89620581499997,47.493262138000034],[-123.89301803099994,47.495584121000036],[-123.88973960799996,47.496917974000041],[-123.88424565799994,47.497090383000057],[-123.88029148299995,47.498569039000074],[-123.87694234299994,47.50054728200007]]],[[[-123.14617048299999,47.309098629000061],[-123.14337533499997,47.311352209000063],[-123.14211229099999,47.314582343000041],[-123.14213256599999,47.318841171000031],[-123.14180757099996,47.321133403000033],[-123.14100359799994,47.322969846000035],[-123.14062090099998,47.324532730000044],[-123.14061250299994,47.325884901000052],[-123.14066009799996,47.32823142500007],[-123.14031597399998,47.331083602000035],[-123.13983751599994,47.333037159000071],[-123.13882288299999,47.336214941000037],[-123.13704149099999,47.337699747000045],[-123.13609199599995,47.339700122000067],[-123.13606477099995,47.33975747900007],[-123.13596943699997,47.342557439000075],[-123.13866910899998,47.342234375000032],[-123.140107796,47.342062186000078],[-123.14296279799999,47.342947414000037],[-123.14549212699995,47.34371542100007],[-123.14740876099995,47.345538331000057],[-123.14745732399996,47.345581974000027],[-123.14746815599995,47.345582018000073],[-123.15031895199996,47.347678675000054],[-123.15516857199998,47.352137958000071],[-123.15913520199996,47.353142928000068],[-123.16148994799994,47.355953665000072],[-123.16242213199996,47.359796408000079],[-123.16130472799995,47.36388467900008],[-123.15942701199998,47.366296657000078],[-123.15876539999999,47.371390562000045],[-123.15677392899994,47.374743839000075],[-123.15392735199998,47.376807713000062],[-123.15191726099999,47.378161965000061],[-123.16972965199994,47.378390833000026],[-123.16895202199998,47.368617750000055],[-123.18287569799998,47.36868234700006],[-123.18325356799994,47.360653883000055],[-123.19603857199996,47.360182381000072],[-123.19546350999997,47.345665189000044],[-123.19470540299994,47.318759294000074],[-123.19175286299998,47.315856447000044],[-123.18721181399997,47.313657551000063],[-123.17997257599995,47.313322054000025],[-123.17690687599998,47.31136964500007],[-123.17079830299997,47.311723493000045],[-123.16742774799997,47.311503175000041],[-123.16457384599994,47.310618390000059],[-123.16095308699994,47.30804059500008],[-123.15677822999999,47.307247146000066],[-123.15114885499997,47.30805583800003],[-123.14617048299999,47.309098629000061]]],[[[-122.59223716199995,47.695746550000081],[-122.58733122799998,47.699588389000041],[-122.58565254999996,47.702570624000032],[-122.58474826099996,47.706614204000061],[-122.58497425399997,47.70981852400007],[-122.58446366099997,47.711812896000026],[-122.58075822399996,47.714535080000076],[-122.57855352599995,47.717014447000054],[-122.57786509199997,47.718169992000071],[-122.57618245299994,47.719121268000038],[-122.57460812999994,47.719623144000082],[-122.57091172799994,47.720801406000078],[-122.56883264599998,47.721492183000066],[-122.56776576699997,47.721846635000077],[-122.56638835799998,47.72415757300007],[-122.56437569999997,47.726394334000076],[-122.56139546899999,47.72781189400007],[-122.55976849899997,47.729563977000055],[-122.55982713999998,47.73239562100008],[-122.55905753999997,47.735395357000073],[-122.55776256499996,47.737892359000057],[-122.55663361899997,47.740761820000046],[-122.55801654699997,47.742512199000032],[-122.56033787399997,47.743665921000058],[-122.56054200699998,47.743739914000059],[-122.56285231799995,47.744577314000026],[-122.56476093399999,47.746830274000047],[-122.56490855999999,47.748053258000027],[-122.57460832399994,47.748029808000069],[-122.57879935199998,47.74801946000008],[-122.59313489299996,47.74798308000004],[-122.60660278799998,47.751021979000029],[-122.60702927399996,47.707963216000053],[-122.60624421799997,47.705548418000035],[-122.60510920499996,47.703006775000063],[-122.60289853199998,47.700683988000037],[-122.59969310599996,47.698292948000073],[-122.59645833799999,47.695091047000062],[-122.59449715399995,47.694067912000037],[-122.59223716199995,47.695746550000081]]],[[[-122.47792487699996,47.751372002000039],[-122.47657253599999,47.75279232500003],[-122.47633829299997,47.754177639000034],[-122.47662413999996,47.755457771000067],[-122.47762404399998,47.759356318000073],[-122.47705812599997,47.762043771000037],[-122.47684226099994,47.764858333000063],[-122.47716506599994,47.76756395700005],[-122.47983130199998,47.769597829000077],[-122.48147423599994,47.770651068000063],[-122.48306330099996,47.772902715000043],[-122.56373738299999,47.773388682000075],[-122.56370869299997,47.772008686000049],[-122.56413752899999,47.770337889000075],[-122.56265524399998,47.769648731000075],[-122.56074166599996,47.768651103000082],[-122.55912363999994,47.766999585000065],[-122.55804422899996,47.765238800000077],[-122.55518733199995,47.763442607000059],[-122.55195407599996,47.762118653000073],[-122.55076767699995,47.760775488000036],[-122.55214019999994,47.759903201000043],[-122.55316245599994,47.758903961000044],[-122.55658185999999,47.757230479000043],[-122.55669045699995,47.755106302000058],[-122.55538838899997,47.753458614000067],[-122.55382642299998,47.751863645000071],[-122.55208277099996,47.750496708000071],[-122.55213352499999,47.749339305000035],[-122.55384966399998,47.749373522000042],[-122.55642387799998,47.749424807000025],[-122.55834707999998,47.748652199000048],[-122.55834481999995,47.74674076000008],[-122.55634127599996,47.745426605000034],[-122.55363620199995,47.744445960000064],[-122.54939898399999,47.745114404000049],[-122.54601968899999,47.745799870000042],[-122.54269301799997,47.747239282000066],[-122.53954800099996,47.748450565000041],[-122.53562293699997,47.749819885000079],[-122.53172326699996,47.75061038900003],[-122.52771845699999,47.749892716000033],[-122.52535174199994,47.749034164000079],[-122.52327072199995,47.747544188000063],[-122.52002045799998,47.747246936000067],[-122.51690069999995,47.747878992000039],[-122.51422276899996,47.74823030400006],[-122.51392209299996,47.748224222000033],[-122.51164864099997,47.748178213000074],[-122.50899644899999,47.747950725000067],[-122.50528269299997,47.748888522000072],[-122.50517461399994,47.748915812000064],[-122.50041654999995,47.749687996000034],[-122.49753021999999,47.748934226000074],[-122.49542396699997,47.74802251400007],[-122.49227797499998,47.749232691000032],[-122.48718169699998,47.749881671000026],[-122.48289140999998,47.749793965000038],[-122.48021319999998,47.750144599000066],[-122.47792487699996,47.751372002000039]]],[[[-122.60787160799998,48.795081723000067],[-122.60532203999998,48.794944120000025],[-122.59339881299996,48.794299976000048],[-122.59349326199998,48.819132928000045],[-122.59350053699995,48.82104484000007],[-122.71394916099996,48.820744570000045],[-122.71460597399999,48.808393619000071],[-122.71652216599995,48.80586696000006],[-122.71729572599997,48.803455943000074],[-122.71739610599997,48.801066720000051],[-122.71732136099996,48.797922781000068],[-122.71726116499997,48.794449159000067],[-122.71726096299994,48.794437482000035],[-122.71687774599997,48.792483387000061],[-122.71475537799995,48.790087451000034],[-122.71240494999995,48.789429412000061],[-122.70709715999999,48.789024346000076],[-122.70396889599999,48.789649902000065],[-122.70239438099998,48.791431322000051],[-122.701730226,48.79281929900003],[-122.70126019199995,48.793801549000079],[-122.70115918199997,48.796190818000071],[-122.70174568599998,48.798217008000051],[-122.70318114899999,48.801024334000033],[-122.70425066799999,48.802567156000066],[-122.70468088499996,48.804624564000051],[-122.70413944599994,48.806424951000054],[-122.70077353099998,48.806533670000078],[-122.69815702999995,48.806041312000048],[-122.69561682999995,48.804969630000073],[-122.69298207099996,48.803691197000035],[-122.69103505399994,48.802049704000069],[-122.68924841299997,48.801504220000027],[-122.68718170099999,48.801465891000078],[-122.68497679899997,48.802244767000047],[-122.68280091499997,48.802340978000075],[-122.68012288799997,48.802086231000033],[-122.67795795699999,48.800713752000036],[-122.67539630699997,48.802578908000044],[-122.67283449699994,48.804444003000071],[-122.66986499999996,48.806164795000029],[-122.66434432399996,48.808281842000042],[-122.66031156699995,48.810665665000045],[-122.65702197499996,48.810194067000054],[-122.65431114499995,48.809494161000032],[-122.64900197399999,48.809086880000052],[-122.64296353899999,48.811193318000051],[-122.63848978599998,48.812987494000026],[-122.63105402299999,48.813905620000071],[-122.62638819099999,48.814158667000072],[-122.62517149099995,48.812269393000065],[-122.62483377699999,48.811744970000063],[-122.63204778999994,48.808799866000072],[-122.63910324499994,48.805508922000058],[-122.64243832199998,48.800320985000042],[-122.64838705799997,48.794611380000049],[-122.65350662299994,48.792082184000037],[-122.65705740599998,48.789865802000065],[-122.65286457899998,48.786933109000074],[-122.65242964399999,48.780988724000053],[-122.65738999499996,48.778113818000065],[-122.65779304299997,48.772755826000036],[-122.66085735299998,48.76962671900003],[-122.66465381299997,48.766338530000041],[-122.66521278299996,48.763696856000081],[-122.66568437799998,48.758931773000029],[-122.66610545499998,48.75534443600003],[-122.67049645799995,48.752715409000075],[-122.67518189899999,48.749443387000042],[-122.67902648299997,48.74497671000006],[-122.67939023199995,48.740621879000059],[-122.67340855099997,48.734616113000072],[-122.66959673699995,48.732069265000064],[-122.66532749699996,48.729808431000038],[-122.66070187499997,48.725477703000081],[-122.65837108999995,48.721661452000035],[-122.65461137299997,48.717936111000029],[-122.64801919899998,48.71380350700008],[-122.64450473699998,48.710612928000046],[-122.64055840099996,48.707119301000034],[-122.63683106399998,48.704749697000068],[-122.63357970999999,48.703669299000069],[-122.62870581799996,48.701117408000073],[-122.622583814,48.700588200000027],[-122.61748863299999,48.701021533000073],[-122.615037229,48.702094742000043],[-122.61380904499998,48.703781624000044],[-122.61127596099999,48.708684065000057],[-122.60966659699994,48.712897530000077],[-122.61126644499996,48.717054480000058],[-122.61386367399996,48.720817797000052],[-122.61569926299995,48.722155175000069],[-122.618267291,48.724026042000048],[-122.62134885299997,48.726914186000045],[-122.62418668799995,48.729267087000039],[-122.62925864399995,48.72942250400007],[-122.63079040999997,48.726975936000031],[-122.62778973699994,48.724266387000057],[-122.62249545199995,48.721041491000051],[-122.62022292199998,48.717991905000076],[-122.62269608699995,48.714384339000048],[-122.62749262799997,48.712648287000036],[-122.63868652599996,48.713332333000039],[-122.64392504099999,48.71578932400007],[-122.64792815399994,48.720050105000041],[-122.64791849699998,48.726474941000049],[-122.64437296799997,48.732243453000081],[-122.64231244499996,48.738688221000075],[-122.63773785999996,48.743493836000027],[-122.63062810499997,48.749194174000081],[-122.62233094699997,48.755519783000068],[-122.61726531599999,48.75925425500003],[-122.61327826199999,48.762773366000033],[-122.60715796399995,48.766133620000062],[-122.60303304399997,48.768706742000063],[-122.60117750199998,48.772384149000061],[-122.60321090299999,48.776843334000034],[-122.60510386799996,48.778411929000072],[-122.60297825499998,48.782143002000055],[-122.60444260799994,48.785353501000031],[-122.60682798999994,48.789937033000058],[-122.60812997999994,48.792790700000069],[-122.60787160799998,48.795081723000067]]],[[[-123.74592727299995,45.216614385000071],[-123.74221029699999,45.038653348000025],[-123.58444982999998,45.036222647000045],[-123.58335186999994,45.215301110000041],[-123.74592727299995,45.216614385000071]]],[[[-122.62308390499999,47.03287503100006],[-122.64412481399995,47.037603450000063],[-122.68446244499995,47.047043535000057],[-122.69510568899994,47.043038250000052],[-122.69448719099995,47.021911858000067],[-122.65523830599994,46.994577570000047],[-122.62376145099995,46.995055771000068],[-122.62308390499999,47.03287503100006]]],[[[-122.57871110999997,39.996678247000034],[-122.57913847199995,39.981567630000029],[-122.57784360899996,39.949592343000063],[-122.57309411699998,39.942436497000074],[-122.57738179499995,39.938440473000071],[-122.57696824299995,39.92990448300003],[-122.56775087099999,39.923784349000073],[-122.54945536999998,39.911886012000025],[-122.55382971199998,39.905618958000048],[-122.57214449199995,39.897621299000036],[-122.57731803899998,39.88966610600005],[-122.57738482099995,39.872386521000067],[-122.57160847499995,39.861341535000065],[-122.55570657399994,39.860525905000031],[-122.54928356999994,39.870270844000061],[-122.54921324999998,39.891302341000028],[-122.51302157699996,39.899680560000036],[-122.47445172899995,39.911971428000072],[-122.47753451799997,39.923640348000049],[-122.49881645399995,39.934482442000046],[-122.49049997599997,39.93565336000006],[-122.46800885699997,39.936719136000079],[-122.44985123099997,39.943908875000034],[-122.44769954999998,39.953408222000064],[-122.46214283199998,39.961707286000035],[-122.47828969199998,39.968111571000065],[-122.48061494999996,39.980330791000029],[-122.48056926599997,39.992721915000061],[-122.49175621499995,39.986388655000042],[-122.51439579499998,39.981910780000078],[-122.51810405399999,39.970172621000074],[-122.52941840099999,39.964179896000076],[-122.53917561899999,39.97167947500003],[-122.53642846199995,40.00833771200007],[-122.51105048199997,40.010824041000035],[-122.50953785599995,40.038187620000031],[-122.51473513999997,40.045242346000066],[-122.53237915399995,40.04416973900004],[-122.54527281599997,40.039689503000034],[-122.55927412599999,40.02556981500004],[-122.56991130999995,40.01034939200008],[-122.57871110999997,39.996678247000034]]],[[[-124.03004379699996,46.721679464000033],[-124.02751913499998,46.720843251000076],[-124.02501051799999,46.719614468000032],[-124.02260850399995,46.717917704000058],[-124.01848519299995,46.714597296000079],[-124.01510199499995,46.713043585000037],[-124.01394920999996,46.712478690000069],[-124.00883986399998,46.709818667000036],[-123.99754220499995,46.704956753000033],[-123.99019363399998,46.702341872000034],[-123.98456577099995,46.701350685000079],[-123.98520493299998,46.70832370200003],[-123.99061997399997,46.710250672000029],[-123.99772923699999,46.710250663000068],[-124.00234465699998,46.713241436000033],[-124.00992137799994,46.714249963000043],[-124.01184786799996,46.715454420000071],[-124.01492457399996,46.717377839000051],[-124.01856748899996,46.72035896400007],[-124.01872826299996,46.722102102000065],[-124.01607389699996,46.723350307000032],[-124.01035029399998,46.722158450000052],[-124.00738802499995,46.719250442000032],[-124.00302565199996,46.718204904000061],[-124.00175130899999,46.717521029000068],[-123.99743606799996,46.71520504800003],[-123.99268731499996,46.714021546000026],[-123.98881911599995,46.712645236000071],[-123.98377726299998,46.711525617000063],[-123.98034906099997,46.712497835000079],[-123.98447020799995,46.715819452000062],[-123.98948564199998,46.718278530000077],[-123.99584888199996,46.721553927000059],[-123.99930431999996,46.724131875000069],[-124.00434746699995,46.725250864000031],[-124.00525528799994,46.728608629000064],[-124.00349418399998,46.72899409200005],[-123.99863756799999,46.728278749000026],[-123.99455489499996,46.727838457000075],[-123.98952510299995,46.726049368000076],[-123.98512224499996,46.727012461000072],[-123.98517529899999,46.729223495000042],[-123.98638912299998,46.731847431000062],[-123.98811019399994,46.733471368000039],[-124.03011207199995,46.732982613000047],[-124.03004379699996,46.721679464000033]]],[[[-123.75514097499996,45.072367457000041],[-123.76918733399998,45.080881718000057],[-123.79240723199996,45.083178363000059],[-123.88671982999995,45.082064993000074],[-123.90178099799999,45.081880770000055],[-124.02591798299994,45.081686398000045],[-124.03918045399996,45.081658529000038],[-124.04399799999999,45.05749105700005],[-124.04361704999997,45.035089567000057],[-124.04336905099996,45.019841001000032],[-124.04181730899995,45.010509120000052],[-124.04312116599999,45.004591954000034],[-124.04840369499999,44.998711748000062],[-124.04984552699995,44.985266057000047],[-124.05290188199996,44.970517223000058],[-124.05003037999995,44.968043369000043],[-124.04193155499996,44.968626769000025],[-124.03212502399998,44.968346453000038],[-124.03330163799995,44.962145298000053],[-124.03157266399995,44.955351920000055],[-124.02459935899998,44.952556261000041],[-124.02551862699994,44.938916315000029],[-124.02222955899998,44.930601564000028],[-124.03970778999997,44.931331382000053],[-124.04653478899996,44.934783904000028],[-124.04946260799994,44.941306117000067],[-124.05133774099994,44.947441896000043],[-124.05393640199998,44.950289817000055],[-124.05711370099999,44.950507452000068],[-124.06177805799996,44.949138528000049],[-124.06505803799996,44.943709228000046],[-124.06449925899994,44.930714184000067],[-124.06479025499999,44.914714311000068],[-124.06596275499999,44.90851217800008],[-124.06565867899997,44.896083371000032],[-124.06984376599996,44.891697218000047],[-124.07440166899994,44.881289343000049],[-124.07782136099996,44.875201292000042],[-124.08424325799996,44.864056517000051],[-124.08377495199994,44.853225659000032],[-124.08726926299994,44.850244538000027],[-124.08810684099996,44.840366648000042],[-124.08371269999998,44.834489771000051],[-124.08293977399995,44.82591513300008],[-124.08354008799995,44.814528194000047],[-124.07918186899997,44.806768079000051],[-124.07740957199997,44.794982522000055],[-124.06853716299997,44.781060233000062],[-124.06475948599996,44.770667883000044],[-124.06515964499999,44.755888015000039],[-124.06782852899994,44.747155214000031],[-124.07377373499997,44.739864699000066],[-124.07720794299996,44.732061285000043],[-124.04791015999996,44.732094016000076],[-123.75676283599995,44.732053373000042],[-123.75600416899999,44.765192444000036],[-123.75345142799995,44.950148028000058],[-123.75322708899995,45.038687409000033],[-123.75366605799996,45.046415594000052],[-123.75514097499996,45.072367457000041]]],[[[-123.19967608199994,46.826348014000075],[-123.21256977299998,46.826354993000052],[-123.21326573099998,46.830631441000037],[-123.22307784199995,46.831290548000027],[-123.22224139099995,46.83420652600006],[-123.22923337499998,46.834253586000045],[-123.24032543499999,46.834327484000028],[-123.25980652599998,46.834455022000043],[-123.25925459899997,46.82846203500003],[-123.25838802799996,46.826539031000038],[-123.25566722899998,46.824588245000029],[-123.25518785999998,46.82216164600004],[-123.25397497399996,46.819469354000034],[-123.25032758599997,46.817504517000032],[-123.24698035399996,46.817875467000079],[-123.24243762499998,46.817704094000078],[-123.23706899399997,46.817368328000043],[-123.23284150399996,46.816158259000076],[-123.22975526199997,46.81407398500005],[-123.22486077299999,46.813426557000071],[-123.21833077999997,46.814600447000032],[-123.21462284699999,46.814543788000037],[-123.21171027599996,46.812843759000032],[-123.20813036799996,46.811706463000064],[-123.20243357499999,46.811357660000056],[-123.20118873299998,46.811281407000081],[-123.19752266199998,46.80995147200008],[-123.19213115299999,46.807512321000047],[-123.18856120899994,46.80594349100005],[-123.18792612199996,46.805664380000053],[-123.18175788699995,46.801493539000035],[-123.17384656199999,46.799587435000035],[-123.16981108299996,46.799810545000071],[-123.16576481499999,46.800034126000071],[-123.15727403299996,46.801620023000055],[-123.15195096499997,46.802745983000079],[-123.14561549099994,46.806402664000075],[-123.13927927499998,46.810059006000074],[-123.13563691299998,46.813566841000068],[-123.13565923299996,46.818406267000057],[-123.17398057499997,46.818987195000034],[-123.20417353199997,46.819286207000061],[-123.20432917399995,46.823045130000025],[-123.19949990399999,46.823225497000067],[-123.19967608199994,46.826348014000075]]],[[[-123.12074435999995,47.332856912000068],[-123.12160430799997,47.336045326000033],[-123.12178848699995,47.338384389000055],[-123.12379417699998,47.341444835000061],[-123.12338438199998,47.314704289000076],[-123.11157691999995,47.317670946000078],[-123.11187795899997,47.339517425000054],[-123.11742634899997,47.334541440000066],[-123.11924931999999,47.332773308000071],[-123.12074435999995,47.332856912000068]]],[[[-122.89647522199999,47.168471105000037],[-122.89549827299999,47.170871268000042],[-122.89715538499996,47.173922058000073],[-122.89878984799998,47.177576724000062],[-122.90064692399994,47.182383431000062],[-122.90085991599994,47.186133891000054],[-122.89811111299997,47.188502861000075],[-122.90016423899999,47.19047266900003],[-122.90529337099997,47.190804289000027],[-122.90806918599998,47.192424030000041],[-122.90886423999996,47.19485510100003],[-122.90984564199999,47.197047692000069],[-122.91187673099995,47.199621157000081],[-122.91340825599997,47.203696548000039],[-122.91360356999996,47.204073298000026],[-122.91555802499994,47.20784307200006],[-122.91719446899998,47.211497161000068],[-122.91984444699995,47.214141586000039],[-122.92354464099998,47.217166725000027],[-122.92654515199996,47.219937900000048],[-122.92882331399994,47.223059015000047],[-122.93119176199997,47.223764680000045],[-122.93253208299996,47.222752564000075],[-122.93338206499999,47.222110692000058],[-122.93339013999997,47.219512590000079],[-122.93283944999996,47.217629905000081],[-122.93157570399995,47.215362568000046],[-122.93134315499998,47.214945320000027],[-122.93123204399996,47.213858684000058],[-122.93108319699996,47.212402951000058],[-122.930845138,47.212165456000037],[-122.92843281399996,47.209758736000026],[-122.92568664799995,47.204937415000074],[-122.92480326599997,47.197731189000081],[-122.92289868999995,47.194132822000029],[-122.92171661799995,47.190184373000079],[-122.91985767399996,47.185378065000066],[-122.91817651299999,47.18293157100004],[-122.91272979899998,47.179271160000042],[-122.90833292399998,47.17599143800004],[-122.90836210299994,47.174378760000081],[-122.90710666799998,47.173250521000057],[-122.90497215399995,47.171097994000036],[-122.90251087799999,47.168214483000042],[-122.89979520999998,47.16738119300004],[-122.89647522199999,47.168471105000037]]],[[[-124.69854956299997,48.387742483000068],[-124.70534844999997,48.387460590000046],[-124.71215175099996,48.386663962000057],[-124.71887896899995,48.385712381000076],[-124.72583372899999,48.385224294000068],[-124.73195311099994,48.383035179000046],[-124.73422817599999,48.378773919000025],[-124.73357056399999,48.37429596100003],[-124.73028457499998,48.370219710000072],[-124.72537037699999,48.367011762000061],[-124.71874330699995,48.365546204000054],[-124.71297780899999,48.362694623000039],[-124.70829716899999,48.359435431000065],[-124.70585234199996,48.356544922000069],[-124.70640578199999,48.355055139000058],[-124.70513484399999,48.350368506000052],[-124.70045557799995,48.347108914000046],[-124.69639696499996,48.343542906000039],[-124.69071038399994,48.340844829000048],[-124.68416277099999,48.339532119000069],[-124.67774309299995,48.341100766000068],[-124.67102500499999,48.341535988000032],[-124.66681707999999,48.337659707000057],[-124.66338129599995,48.33378650800006],[-124.65940635699997,48.329859430000056],[-124.65354018299996,48.327314898000054],[-124.65015773999994,48.328790777000052],[-124.64209930599998,48.332254383000077],[-124.63852352999999,48.334914095000045],[-124.63532045499994,48.338861580000071],[-124.63251054199998,48.342038959000035],[-124.62962471099996,48.345061563000058],[-124.63035511699997,48.349180671000056],[-124.63062664499995,48.352886097000066],[-124.63013665799997,48.355559147000065],[-124.63057498699999,48.358030534000079],[-124.63025076999998,48.358696489000067],[-124.62955028699997,48.360135249000052],[-124.62828822199998,48.362804779000044],[-124.62848922399996,48.365840947000038],[-124.62947782299995,48.367337267000039],[-124.62999186399998,48.369963232000032],[-124.62792291899996,48.374057497000081],[-124.63153941499996,48.377326572000072],[-124.63153425499996,48.377840979000041],[-124.63351718899997,48.380319043000043],[-124.63380447299994,48.382480896000061],[-124.63848288399998,48.385742402000062],[-124.64527678099995,48.385977892000028],[-124.65135921399997,48.387907548000044],[-124.65806285099995,48.389530919000038],[-124.66478147999999,48.389610791000052],[-124.67141469899997,48.390564470000072],[-124.67852200599998,48.390388077000068],[-124.68540651199999,48.389233036000064],[-124.69183109499994,48.387664273000041],[-124.69854956299997,48.387742483000068]]],[[[-118.44940077599995,48.028708486000028],[-118.44471968399995,48.03717087800004],[-118.43852344299995,48.045409378000045],[-118.43278553999994,48.051849438000033],[-118.43148381299994,48.053310218000036],[-118.41955623099994,48.057721400000048],[-118.41938689999995,48.057270643000038],[-118.40611278199998,48.061907613000074],[-118.39265927799994,48.062259435000044],[-118.38089620199997,48.067117866000046],[-118.36659985699998,48.067129626000053],[-118.35448437099996,48.063418152000054],[-118.34270536599996,48.058690718000037],[-118.33260831599995,48.05272119600005],[-118.31932319999999,48.051600047000079],[-118.30705085399995,48.055099582000025],[-118.29326346399995,48.058372847000044],[-118.28250257199994,48.064011712000081],[-118.27947785099997,48.073143582000057],[-118.27476973999995,48.08159891400004],[-118.26669510799996,48.088701292000053],[-118.25861858999997,48.09580303000007],[-118.25912294699998,48.104820862000054],[-118.26316220299998,48.113725739000074],[-118.26787601499996,48.122517507000055],[-118.26333084899994,48.131421970000076],[-118.25103918399998,48.134915558000046],[-118.23655789799994,48.136378827000044],[-118.22308450499997,48.140545853000049],[-118.21600590399999,48.148433124000064],[-118.20757774999998,48.15654470000004],[-118.19982131299997,48.164543156000036],[-118.19593710499998,48.173331790000077],[-118.19610510099994,48.17378265800005],[-118.19254257899996,48.194967139000028],[-118.19303717799994,48.20396829200007],[-118.19303795299999,48.203982390000078],[-118.18915024399996,48.212769731000037],[-118.18593603099998,48.221444416000054],[-118.18272089799996,48.230118784000069],[-118.18186545299994,48.239357618000042],[-118.17949179699997,48.248369921000062],[-118.17391307699995,48.25647854500005],[-118.17592454399994,48.265718396000068],[-118.17793662399998,48.274957942000071],[-118.17724798099999,48.284646155000075],[-118.17774181399994,48.293658881000056],[-118.18178169999999,48.302560834000076],[-118.18649839399995,48.311350142000038],[-118.18986503399998,48.320363617000055],[-118.19255686399998,48.329489042000034],[-118.19085718199995,48.338386642000046],[-118.19102559799995,48.338837280000064],[-118.19656812099998,48.369025359000034],[-118.19588138599994,48.37871073000008],[-118.20381959899998,48.386485226000048],[-118.20719299699999,48.395496083000069],[-118.21056739899996,48.404506593000065],[-118.20971373899999,48.413740414000074],[-118.21241271699995,48.422862688000066],[-118.21578942399998,48.431872266000028],[-118.21442803299999,48.441668119000042],[-118.21415042299998,48.44312113400008],[-118.21272841599995,48.450562753000042],[-118.20950494299996,48.459231342000066],[-118.21000501199995,48.468238853000059],[-118.21338389499999,48.477247155000043],[-118.21320716499997,48.486366462000035],[-118.21337615899995,48.486816855000029],[-118.21183933799995,48.50190204200004],[-118.20370114799999,48.508991095000056],[-118.19894847699999,48.517431970000075],[-118.19080668099997,48.524519894000036],[-118.18266297399998,48.531607167000061],[-118.17163862899997,48.536778325000057],[-118.16078115299996,48.542398880000064],[-118.15449439199995,48.550611024000034],[-118.15057874699994,48.559387392000076],[-118.14734053199999,48.568051411000056],[-118.14647487899998,48.577279879000059],[-118.14696651299994,48.586284117000048],[-118.14745829199995,48.595288083000071],[-118.14574446599994,48.604177382000046],[-118.14335105399999,48.613178346000041],[-118.13773371699995,48.621275847000049],[-118.13790252699999,48.621726131000059],[-118.13939462099995,48.639169563000053],[-118.13937511199998,48.648734130000037],[-118.13697897499998,48.657733646000054],[-118.13067692499999,48.665941547000045],[-118.12718271799997,48.670971680000036],[-118.12505296099999,48.674037103000046],[-118.11399758499999,48.679201171000045],[-118.10073684099996,48.682336508000049],[-118.08696889299995,48.684119776000045],[-118.07354913999995,48.682976886000063],[-118.06011704999997,48.685657991000028],[-118.05007079399996,48.691605748000029],[-118.04460191599998,48.700147582000056],[-118.04592802099995,48.709487327000033],[-118.05065677599998,48.71826956600006],[-118.05742849699999,48.726716961000079],[-118.06471414599997,48.734602067000026],[-118.06808623599994,48.743605974000047],[-118.07009774699998,48.752832595000029],[-118.06615660999995,48.761600616000067],[-118.06051499899996,48.769690919000027],[-118.05147300899995,48.776425909000068],[-118.04141071599997,48.782371214000079],[-118.03049668499995,48.787976824000054],[-118.02331660299996,48.795837354000071],[-118.02311009099998,48.804946705000077],[-118.02290351799996,48.814055774000053],[-118.01316895199994,48.820898502000034],[-117.99920666799994,48.820310237000058],[-117.98439472799998,48.819381466000038],[-117.97094669799998,48.818229072000065],[-117.95904997999997,48.813480061000064],[-117.94524776199995,48.815248327000063],[-117.93516844299995,48.821185071000059],[-117.93341674299995,48.830064942000035],[-117.93609246999995,48.839179983000065],[-117.93127604799997,48.847602198000061],[-117.91796856299999,48.850718095000047],[-117.90584510599996,48.855072644000074],[-117.90408807399996,48.863951115000077],[-117.89943289199999,48.872821693000049],[-117.88797423099999,48.878975085000036],[-117.87550772799995,48.882426156000065],[-117.86337477399996,48.88677649400006],[-117.85514323599995,48.893835627000044],[-117.84946070999996,48.90191360700004],[-117.83833961099998,48.907051473000081],[-117.82452625299999,48.906895882000072],[-117.81002993899995,48.906849094000052],[-117.79653594299998,48.909502377000081],[-117.78642604499998,48.915426311000033],[-117.77919868999999,48.923270655000067],[-117.77196944199994,48.931114407000052],[-117.76473829899999,48.938957570000071],[-117.75903929399999,48.94703056600008],[-117.74790205599999,48.952160337000066],[-117.73472852899999,48.955707659000041],[-117.71986993799999,48.95666172500006],[-117.70619420399998,48.958855431000075],[-117.69403347099995,48.963189713000077],[-117.68052163899995,48.965831126000069],[-117.66954044499994,48.971404546000031],[-117.65720831399994,48.975285080000049],[-117.65652422499994,48.975394479000045],[-117.60573023199998,48.992325578000077],[-118.25353577399994,48.997368239000082],[-118.55397286499999,48.99867527300006],[-119.39829602099996,48.998849172000064],[-119.39638823499996,48.957013646000064],[-119.40144911899995,48.948453545000064],[-119.41178040799997,48.942470329000059],[-119.41809044199999,48.934390222000047],[-119.41641555699999,48.924902168000074],[-119.41922761799998,48.916031555000075],[-119.42203884799994,48.907160614000077],[-119.42709185399997,48.89859810300004],[-119.42666825799995,48.889589976000082],[-119.42103160399995,48.880789371000049],[-119.41737718899998,48.871643953000046],[-119.41695524399995,48.862634964000051],[-119.41653342399997,48.853625696000051],[-119.41288135099995,48.844479310000054],[-119.40725096099999,48.835676785000032],[-119.40089324399997,48.827699229000075],[-119.39453721699999,48.819721161000075],[-119.38990120199998,48.810745143000076],[-119.38625579699999,48.801596716000063],[-119.38827696799996,48.795216018000076],[-120.64569605899999,48.798833064000064],[-121.03003965599999,48.797644958000035],[-121.04738659499998,48.293337994000069],[-120.98410556299996,48.292705132000037],[-120.91370575299999,48.291966503000026],[-120.87686285099994,48.291565435000052],[-120.84955228899997,48.27902961500007],[-120.83443103799999,48.274505420000025],[-120.80231407899998,48.281981115000065],[-120.78163721699997,48.279960071000062],[-120.75720558299997,48.274224942000046],[-120.73924032999997,48.262869757000033],[-120.72902472499999,48.264773504000061],[-120.70189156899994,48.268355322000048],[-120.68360234799997,48.261465830000077],[-120.67030945599998,48.250705433000064],[-120.65725166299995,48.245781325000053],[-120.63863503599998,48.243358692000072],[-120.62149545099999,48.239189668000051],[-120.61309711599995,48.234867645000065],[-120.59879616199999,48.237519653000049],[-120.57814127799998,48.235467415000073],[-120.55635585599998,48.230681928000081],[-120.54808937199999,48.216043816000081],[-120.53399517099996,48.155445475000079],[-120.49605018699998,48.143356855000036],[-120.47317780099996,48.135825211000054],[-120.45432294599999,48.111380423000071],[-120.43793979899999,48.09823683500008],[-120.40564425899998,48.040990604000058],[-120.38725317399997,48.028214080000055],[-120.33291966499996,48.013238122000075],[-120.29549282099998,48.012773682000045],[-120.26195013099999,48.005708166000034],[-120.23729923299999,47.988188473000037],[-120.22413723199998,47.961211930000047],[-120.23449612399997,47.94902409000008],[-120.23485295499995,47.928382631000034],[-120.23058524999999,47.907119353000041],[-120.21670729399995,47.88908990300007],[-120.18749527699998,47.870933630000081],[-120.15700230299996,47.860356661000026],[-120.10784566599995,47.857597458000043],[-120.06293276899999,47.859924007000075],[-120.03187294399999,47.86411871100006],[-120.01615004099995,47.868451824000033],[-119.99195568599998,47.862571975000037],[-119.97425431499994,47.851101450000044],[-119.96392138199997,47.847103965000031],[-119.93372935899998,47.864337315000057],[-119.92254548899996,47.885458155000038],[-119.92748353299999,47.897780078000039],[-119.93642740899998,47.925528984000039],[-119.92766440299999,47.942206503000079],[-119.91755353099995,47.948247966000054],[-119.90594206799994,47.953156223000065],[-119.89283029899997,47.956930937000038],[-119.88095313099996,47.961182632000032],[-119.87135846699999,47.96852887600005],[-119.87502691399999,47.977689053000063],[-119.88233257099995,47.985490612000035],[-119.88964009399996,47.99329158900008],[-119.89597472499997,48.001268088000074],[-119.90062373799998,48.010250540000072],[-119.89818629899997,48.019811377000053],[-119.89079732599998,48.027459574000034],[-119.88464426099995,48.035585337000043],[-119.89026969399998,48.044391183000073],[-119.90167508199994,48.049347521000072],[-119.91308232399996,48.054302821000078],[-119.92520406999995,48.058426781000037],[-119.93350152699998,48.066047336000054],[-119.93523352099999,48.075555752000071],[-119.93696605599996,48.085063864000062],[-119.92709550699999,48.091757291000079],[-119.91342921999995,48.094224481000026],[-119.89976182699996,48.096690275000071],[-119.88609332599998,48.099154673000044],[-119.87445054799997,48.104057923000028],[-119.86280589299997,48.108960097000079],[-119.85089696399996,48.113207142000078],[-119.83898637499999,48.117453085000079],[-119.82707412099995,48.121697926000081],[-119.81339706399996,48.124154806000035],[-119.79971890299998,48.126610289000041],[-119.78603963799998,48.129064374000052],[-119.77255158299999,48.12937940300003],[-119.75880190999999,48.129038893000029],[-119.74550697499996,48.127213582000081],[-119.73149677399999,48.126216071000044],[-119.71729279999994,48.127354719000039],[-119.70445503899998,48.124042049000082],[-119.69507306699995,48.118448035000029],[-119.69368540199997,48.109556862000034],[-119.69350650999996,48.109107815000073],[-119.70972459799998,48.090334106000057],[-119.71830027799996,48.083026819000054],[-119.72280749499998,48.074522479000052],[-119.72347755599998,48.074402512000063],[-119.71640668999999,48.053056017000074],[-119.70782888299999,48.045931468000049],[-119.70765007299997,48.045482350000043],[-119.68157172899998,48.03763949100005],[-119.66973881999996,48.042160479000074],[-119.65772571299999,48.046231186000057],[-119.65705583299996,48.04635083800008],[-119.63485640899995,48.053680978000045],[-119.62038661499997,48.053375745000039],[-119.61971658299996,48.053495210000051],[-119.58115268899996,48.06661659100007],[-119.56810281499997,48.069899804000045],[-119.55625522699995,48.074410424000064],[-119.54645766399994,48.080478907000042],[-119.53425112599996,48.084088903000065],[-119.52080026299996,48.084552620000068],[-119.50748745199996,48.083548126000039],[-119.49449098799994,48.081524795000064],[-119.48149538899997,48.079500206000034],[-119.46733659499995,48.078161154000043],[-119.45465915599999,48.075116487000059],[-119.44198298599997,48.072070607000057],[-119.43128301299998,48.066751626000041],[-119.41924388799998,48.061668658000031],[-119.40565645699996,48.06358786900006],[-119.39242125199996,48.066404714000043],[-119.38282042299994,48.074827306000032],[-119.36933563399998,48.073359717000073],[-119.35698224599997,48.069288601000039],[-119.34727913799998,48.062827518000063],[-119.33461090399999,48.059771485000056],[-119.32683935599999,48.067386555000041],[-119.33286837999998,48.07545641300004],[-119.33218976799998,48.084706262000054],[-119.33151094899995,48.093955839000046],[-119.32931344799999,48.102991637000059],[-119.32051219099998,48.109824272000026],[-119.30743904899998,48.113081942000065],[-119.29330876599994,48.113640950000047],[-119.27949788799998,48.113181564000058],[-119.26346583099996,48.110708122000062],[-119.25047173099995,48.108661588000075],[-119.23859313099996,48.113143880000052],[-119.22875771799994,48.119188638000026],[-119.21994283199996,48.126014397000063],[-119.20823396599997,48.13094342200003],[-119.19754557599998,48.136653332000037],[-119.19059420299999,48.144591049000041],[-119.18600745599997,48.153075682000065],[-119.17616035799995,48.159115868000072],[-119.16391615499998,48.162691618000053],[-119.15047318799998,48.165034306000052],[-119.13682667399996,48.165010153000026],[-119.12713171099995,48.158535284000038],[-119.11928031199994,48.151259012000025],[-119.10610774599996,48.148749181000028],[-119.09229034199996,48.148270797000066],[-119.07882207999995,48.148690590000058],[-119.06532832999994,48.147193123000079],[-119.06049752999996,48.138430074000041],[-119.05449841599994,48.130349740000042],[-119.05034240099997,48.121469219000062],[-119.04116132399997,48.114420825000082],[-119.03048904099995,48.109070975000066],[-119.02917455899996,48.098256757000058],[-119.02855621499998,48.089241926000057],[-119.02642121999997,48.080009926000059],[-119.02227273599999,48.071127141000034],[-119.01494270599994,48.063276353000049],[-119.00761456699996,48.055424974000061],[-118.99695556399996,48.050071498000079],[-118.98846256199994,48.042901574000041],[-118.97813172399998,48.036529932000064],[-118.97332223899997,48.027760740000076],[-118.96985595499996,48.018758626000078],[-118.96991799799997,48.009625025000048],[-118.97772669899996,48.002029105000076],[-118.98756806799997,47.996000356000081],[-118.99944225999997,47.991538424000055],[-119.01131471499997,47.987075388000051],[-119.01715165999997,47.98365995000006],[-119.01984028399994,47.970225292000066],[-119.01453329299994,47.96202241800006],[-119.00555371399997,47.955418252000072],[-118.99210450199996,47.953912600000081],[-118.97718737899999,47.956022253000071],[-118.96412895099996,47.959248371000058],[-118.95055018299996,47.961122542000055],[-118.93714347099996,47.963445573000058],[-118.92271974199997,47.964982810000038],[-118.90896573699996,47.966402526000081],[-118.89735128799998,47.970758820000071],[-118.89708982799999,47.970856868000055],[-118.88365942099995,47.971257524000066],[-118.87153170799996,47.967591223000056],[-118.85906082099996,47.963023128000032],[-118.84825878599997,47.957206083000074],[-118.84096483699994,47.949343117000069],[-118.83083728999998,47.943408785000031],[-118.81821990299994,47.940303390000054],[-118.80445201199996,47.939795387000061],[-118.79266214899997,47.935105309000051],[-118.78204302899996,47.929732940000065],[-118.77359202499997,47.922546889000046],[-118.76297676599995,47.917172816000061],[-118.74986944699998,47.914626588000033],[-118.73726212599996,47.911513366000065],[-118.72402940699999,47.914266181000073],[-118.72527132899995,47.923172171000033],[-118.72517277499998,47.93230807100008],[-118.73244977299998,47.940177687000073],[-118.73721773499994,47.948957783000026],[-118.72921458099995,47.956090545000052],[-118.71578634599996,47.956474557000035],[-118.70218680499994,47.956406695000055],[-118.68973089799999,47.95182284200007],[-118.67911793699994,47.946442671000057],[-118.67436565199995,47.941974242000072],[-118.67134733599994,47.939135754000063],[-118.65923878599995,47.935450071000048],[-118.64580261099997,47.933909905000064],[-118.63237873699995,47.934285663000026],[-118.61861377899999,47.933758732000058],[-118.60517900199994,47.932214523000027],[-118.59175525199998,47.932586250000043],[-118.57799102999996,47.932055182000056],[-118.56571947299994,47.927910307000047],[-118.56366013099995,47.918666511000026],[-118.56747517099996,47.909860442000081],[-118.57448067199999,47.90194903500003],[-118.57997375199994,47.893815042000028],[-118.57942377399996,47.884792554000057],[-118.57100282399995,47.877592864000064],[-118.55690223599998,47.874240309000072],[-118.54451824899996,47.879230022000058],[-118.53229345099999,47.882751816000052],[-118.52242552599995,47.888749490000066],[-118.52108487399994,47.88897766000008],[-118.50420195199996,47.902882697000052],[-118.49078404099998,47.903244433000054],[-118.47902537799996,47.898526508000032],[-118.47061436999996,47.891320867000047],[-118.46287572599999,47.884000750000041],[-118.45698076799999,47.875887773000045],[-118.45041714699994,47.867888079000068],[-118.44201372199996,47.860679981000033],[-118.43311104199995,47.854035882000062],[-118.42303895999999,47.848069329000054],[-118.40979665299994,47.846956343000045],[-118.39807635799997,47.851819497000065],[-118.39105378999994,47.859722959000067],[-118.38721647499995,47.868525383000076],[-118.38488753799999,47.877551701000073],[-118.37517452299994,47.883989750000069],[-118.37534304599995,47.884440802000029],[-118.37771350399998,47.896507994000046],[-118.37834960899994,47.898209875000077],[-118.36426013099998,47.906455270000038],[-118.35154438599994,47.909775091000029],[-118.33779787899999,47.910335276000069],[-118.32692941899995,47.916272702000072],[-118.32037064699995,47.924414467000076],[-118.31175686899996,47.931728835000058],[-118.29882741099999,47.934491755000067],[-118.28528033699996,47.935598258000027],[-118.27193775699999,47.934910180000031],[-118.25859561799996,47.931875803000025],[-118.25059204199999,47.924426475000075],[-118.23745825099996,47.921941711000045],[-118.22740571099996,47.916007815000057],[-118.21591821799996,47.910900278000042],[-118.20176094899995,47.910342888000059],[-118.18780844899999,47.910335928000052],[-118.17529674999997,47.907155600000067],[-118.16730657199997,47.899700780000046],[-118.16567976999994,47.890594516000078],[-118.16077114799998,47.882037401000048],[-118.15278602199999,47.874581147000072],[-118.14398242299995,47.867261503000066],[-118.13907870999998,47.85870299000004],[-118.13109927599999,47.851244921000045],[-118.12168516399998,47.844612592000033],[-118.11288959899997,47.83729025100007],[-118.10019327399999,47.833550105000029],[-118.08811520399996,47.82911960000007],[-118.07480528099995,47.826066104000063],[-118.06128590599997,47.824804779000033],[-118.04735294299996,47.824783312000079],[-118.03382566399995,47.825864983000031],[-118.02070335799999,47.828049902000032],[-118.00758011499994,47.830233529000054],[-117.99445593499996,47.832415867000066],[-117.98133081999998,47.834596914000031],[-117.96881163699999,47.838433763000069],[-117.95792022399996,47.844342771000072],[-117.94539757999996,47.848177336000049],[-117.94457696699999,47.848313384000051],[-117.92407342399997,47.849367398000027],[-117.88198510199999,47.86824676100008],[-117.85653354099998,47.88843539800007],[-117.84204803499995,47.901480526000057],[-117.81663613699999,47.912515757000051],[-117.81068285699996,47.924150129000054],[-117.79722442799999,47.940061037000078],[-117.78193033299999,47.950943641000038],[-117.77755816799998,47.963835705000065],[-117.77342096699999,47.980492455000046],[-117.76593518299995,47.981720034000034],[-117.75837360199995,47.992088995000074],[-117.75321018299996,48.002824743000076],[-117.73337771899998,48.010635568000055],[-117.72551934099999,48.023330729000065],[-118.44940077599995,48.028708486000028]]],[[[-120.26023463499996,36.951102218000074],[-120.25773215399994,36.856347570000025],[-120.17259830999996,36.85701898800005],[-120.17201224799999,36.952116357000079],[-120.26023463499996,36.951102218000074]]],[[[-120.01868827099997,39.492726326000025],[-120.01924232799996,39.367805639000039],[-119.94519152999999,39.368278031000045],[-119.94565442799995,39.461024593000047],[-120.00195104599999,39.504370443000028],[-120.01868827099997,39.492726326000025]]],[[[-115.99911385899998,42.004222887000026],[-116.00247374599996,42.075728359000038],[-116.04186366699997,42.075430601000051],[-116.32961611499996,42.076571172000058],[-116.32922016899994,42.005160441000044],[-116.33516378099995,41.82870945600007],[-116.00427548999994,41.825726384000063],[-115.99911385899998,42.004222887000026]]],[[[-118.99647752499999,34.834175170000037],[-118.90996361399999,34.83628378700007],[-118.90981020599997,34.818534685000031],[-118.80894201799998,34.817689189000077],[-118.77757111199998,34.85838704400004],[-118.73279517299994,34.92263009900006],[-118.70509579199995,34.955115861000024],[-118.61253494399995,34.961191796000037],[-118.63784062199994,34.990696128000025],[-118.71952568499995,34.998742381000056],[-118.83174820499994,35.069932065000046],[-118.83209196599995,35.059486553000056],[-118.82970532099995,35.051840164000055],[-118.81752177999999,35.035888682000063],[-118.81680004999998,34.967142251000041],[-118.82483266399998,34.966927560000045],[-118.83955134599995,34.956408937000049],[-118.92312536099996,34.892764364000072],[-118.99647752499999,34.834175170000037]]],[[[-118.82974776899999,36.006153816000051],[-118.82718336999994,35.932537123000031],[-118.77163149699999,35.931759015000068],[-118.76259818099999,35.926225541000065],[-118.62780550399998,35.924541439000052],[-118.62908151699997,36.066571725000074],[-118.64810378199996,36.063076231000025],[-118.69409987599994,36.054609380000045],[-118.70121313299995,36.048193928000046],[-118.71738071899995,36.049290747000043],[-118.73190537799996,36.039358744000026],[-118.76348047499999,36.035272964000058],[-118.81611973099996,35.99960227400004],[-118.82221618599999,36.002533429000039],[-118.82974776899999,36.006153816000051]]],[[[-119.85336935399999,40.378978373000052],[-119.84049875899996,40.330780183000059],[-119.78836087799999,40.151772339000047],[-119.72845156299996,39.949580862000062],[-119.69235521399997,39.919805134000057],[-119.58699503399998,39.83604487100007],[-119.56534022699998,39.826842784000064],[-119.41502130899994,39.760852292000038],[-119.32616621899996,39.586907331000077],[-119.32195464399996,39.58156959300004],[-119.24589769999994,39.647756881000078],[-119.25001554599999,39.659926513000073],[-119.25729551899997,39.669599368000036],[-119.26950511799998,39.681990083000073],[-119.33251590799995,39.79431978100007],[-119.43083956199996,39.964523599000074],[-119.42539352099999,40.000314302000049],[-119.40304118899996,40.15843538200005],[-119.52870810699994,40.354123720000075],[-119.85336935399999,40.378978373000052]]],[[[-119.15495104499996,39.21373365900007],[-118.79804695099995,38.77482963500006],[-118.76048639899994,38.580137500000035],[-118.63378726699995,38.529464832000031],[-118.61982905999997,38.549561407000056],[-118.60435999799995,38.565010875000041],[-118.59256028699997,38.574780816000043],[-118.55948338799999,38.677167302000043],[-118.55194719099995,38.692879604000041],[-118.57991577599995,38.728116085000067],[-118.72577448599998,38.93585009700007],[-118.80326910899998,39.046528674000058],[-118.79525369999999,39.145226114000025],[-118.96978231799994,39.132528845000024],[-119.08347383899996,39.235240219000048],[-119.15495104499996,39.21373365900007]]],[[[-116.96902346699994,46.548205420000045],[-116.96751381799999,46.469854119000047],[-116.94934313899995,46.447515277000036],[-116.94543994299994,46.415243133000047],[-116.91319808999998,46.342165562000048],[-116.89607336099999,46.255044239000028],[-116.89378627699995,46.23133776800006],[-116.60663593699996,46.157076462000077],[-116.27491891699998,46.06819631500008],[-116.22477419299997,46.056014411000035],[-116.15647503999998,46.037902473000031],[-116.03186497599995,46.00263715300008],[-115.99270775999997,46.087968614000033],[-115.96726988799998,46.159082727000055],[-115.98393915399998,46.184779633000062],[-116.10457073199996,46.333344473000068],[-116.23557640999996,46.495535292000056],[-116.30553569599999,46.581279918000064],[-116.53959080699997,46.568838389000064],[-116.96902346699994,46.548205420000045]]],[[[-121.89238057999995,43.052223084000047],[-121.88487771199999,42.929707195000049],[-121.91189697799996,42.929492269000036],[-121.91030280299998,42.86603150600007],[-121.91078491899998,42.755735558000026],[-121.90926937699999,42.72430984500005],[-121.98790563699998,42.72347943300008],[-121.99250188799999,42.715943548000041],[-121.98934832699996,42.696386467000025],[-121.99682211099997,42.687602616000049],[-121.99593042499998,42.666308308000055],[-121.98505832199999,42.647491568000078],[-121.97690824599999,42.633378084000071],[-121.97643105199995,42.624761966000051],[-121.97011005399997,42.615234206000025],[-121.96904176699996,42.603009340000028],[-121.96870382399999,42.591560085000026],[-121.94785115399998,42.583628753000028],[-121.93936643699999,42.57924106400003],[-121.92885520799996,42.571867061000034],[-121.92439208099995,42.563804331000028],[-121.92378786399996,42.552725210000062],[-121.92426500899995,42.532692240000074],[-121.91900935899997,42.522621715000071],[-121.91735118299999,42.517376140000067],[-121.92214240499999,42.513534167000046],[-121.92474737499998,42.507363572000031],[-121.92855571299998,42.505291437000039],[-121.93760349499996,42.505818752000039],[-121.94163880499997,42.504319683000062],[-121.94152926099997,42.498737697000081],[-121.94148712299994,42.494386776000056],[-121.94713892799996,42.49378198800008],[-121.95361165699995,42.492064192000043],[-121.95340884099994,42.488370886000041],[-121.94516319699994,42.484556534000035],[-121.93293092299996,42.481296192000059],[-121.92336498299994,42.478390346000026],[-121.91617700699999,42.468739496000069],[-121.90768887999997,42.462173438000036],[-121.90318873199999,42.455053237000072],[-121.89360830199996,42.449969390000035],[-121.88004343999995,42.445437650000031],[-121.87004140599998,42.436084613000048],[-121.86331865199998,42.427577478000046],[-121.85095124999998,42.419670560000043],[-121.83602017999999,42.409515879000026],[-121.82696464499998,42.399333696000042],[-121.82159015999997,42.39209068200006],[-121.80428540999998,42.392410785000038],[-121.52702279099998,42.39572301100003],[-121.23190127599997,42.397826214000077],[-121.10346335399998,42.396302045000027],[-121.10428901199998,42.448315305000051],[-121.10639897399994,42.690435879000063],[-121.10883273499996,42.921674835000033],[-121.34705678999995,42.923800947000075],[-121.35007927799995,43.057363189000057],[-121.89238057999995,43.052223084000047]]],[[[-122.39084411699997,47.299052711000058],[-122.40899404899994,47.310866483000041],[-122.42126915699998,47.32023055600007],[-122.42491578099998,47.321724420000066],[-122.42988023199996,47.322136932000035],[-122.43437987999999,47.320814461000055],[-122.43539676799998,47.318371443000046],[-122.43605712699997,47.315797703000044],[-122.43688169099994,47.313597046000041],[-122.43940622099996,47.311863282000047],[-122.44236918099995,47.310446698000078],[-122.44705983299997,47.308881335000081],[-122.44862455499998,47.306326374000037],[-122.44857141999995,47.303491145000066],[-122.44605011099998,47.301158807000036],[-122.44317262399994,47.298695722000048],[-122.43996773299995,47.298489438000047],[-122.43513912899999,47.298096015000056],[-122.42872326599996,47.297776320000025],[-122.42321228299994,47.297475399000064],[-122.41945699399997,47.296410355000035],[-122.41512754799999,47.29403916900003],[-122.41268991399994,47.291892718000042],[-122.41113144499997,47.28834768400003],[-122.40822775999999,47.286499314000025],[-122.40477582899996,47.28476246300005],[-122.39858202599999,47.283583366000073],[-122.39463575999997,47.282759956000064],[-122.38951398099999,47.279939605000038],[-122.38647587199995,47.277101948000052],[-122.39132618699995,47.277944909000041],[-122.39943860899996,47.278733881000051],[-122.40478382899994,47.278662618000055],[-122.40547853299995,47.271406505000073],[-122.40833016699997,47.27041950000006],[-122.41160612299996,47.267965786000048],[-122.41214481599997,47.266187047000074],[-122.41428387799999,47.264938338000036],[-122.41765519999996,47.264455077000036],[-122.42067249299998,47.261807581000028],[-122.42278527499997,47.259140917000082],[-122.42533399099995,47.258824959000037],[-122.43023931299996,47.258435335000058],[-122.43224159099998,47.256197523000026],[-122.41277981899998,47.242613542000072],[-122.39865372299994,47.232747928000038],[-122.41622263399995,47.222459683000068],[-122.36951119199995,47.192941559000076],[-122.36146498099998,47.188070424000045],[-122.31136626499995,47.220815171000027],[-122.31841575199996,47.226701183000046],[-122.31396737299997,47.230855992000045],[-122.32509499499997,47.23855633900007],[-122.31971318399997,47.243307066000057],[-122.32890106399998,47.249978330000033],[-122.32253268599999,47.254522644000076],[-122.39084411699997,47.299052711000058]]],[[[-122.17751737699996,47.293129785000076],[-122.17754919699996,47.294632614000079],[-122.18657027199998,47.29472327700006],[-122.19402552799994,47.294797742000071],[-122.19402830399997,47.304745153000056],[-122.19402903199995,47.307352594000065],[-122.22460282199995,47.307693449000055],[-122.22266160299995,47.30516289600007],[-122.22243471499996,47.304775631000041],[-122.22138760799999,47.303459529000065],[-122.21932614399998,47.30108539500003],[-122.21679868399997,47.297642678000045],[-122.21464437099996,47.295054723000078],[-122.21361901399996,47.292703895000045],[-122.21364860899996,47.289095680000059],[-122.21389487999994,47.287067413000045],[-122.21327695899998,47.284866826000041],[-122.20948383299998,47.28400491900004],[-122.20462082499995,47.283823944000062],[-122.19996802099996,47.285693107000043],[-122.19510490899995,47.28551178500004],[-122.19118413699999,47.285140195000054],[-122.18733297699998,47.283359359000031],[-122.18364477199998,47.280383002000065],[-122.17949157299995,47.276337789000081],[-122.17457112799997,47.27523738800005],[-122.16992995099997,47.274778066000067],[-122.16710552099994,47.27272126500003],[-122.16492886399999,47.271136041000034],[-122.16255659399997,47.268824120000033],[-122.16053361999997,47.265744250000068],[-122.15904591499998,47.262323967000043],[-122.15853475899996,47.26091686500007],[-122.15731458699997,47.257557706000057],[-122.15409410199999,47.255649189000053],[-122.14898989399995,47.254120225000065],[-122.14438574599995,47.252955371000041],[-122.14059553699997,47.252091429000075],[-122.13858614899999,47.251120492000041],[-122.13584128899998,47.249794073000032],[-122.13400599899995,47.247141225000064],[-122.13348418099997,47.245153817000073],[-122.13331171899995,47.242398527000034],[-122.13357276499994,47.239368088000049],[-122.11775053999997,47.239139297000065],[-122.11790091599994,47.250272761000076],[-122.11796506199994,47.255020627000079],[-122.12960057999999,47.254906038000058],[-122.13496581799996,47.254852859000039],[-122.13567845399996,47.266228812000065],[-122.13582882299994,47.268628594000063],[-122.14888322399997,47.26863196000005],[-122.15427543499999,47.268632978000028],[-122.15455808399997,47.280913252000062],[-122.17726983499995,47.281436073000066],[-122.17751737699996,47.293129785000076]]],[[[-118.44021784099999,45.781653615000039],[-118.44727219699996,45.785188872000049],[-118.45411355799996,45.799791436000078],[-118.45584918599997,45.801239280000061],[-118.46539263199998,45.809198651000031],[-118.47134295499995,45.81403100600005],[-118.47543679199998,45.81808796100006],[-118.48398013299999,45.821359106000045],[-118.50351887099998,45.821583676000046],[-118.51573918599996,45.81611348000007],[-118.52820141099994,45.809863416000042],[-118.53719602699999,45.802754821000065],[-118.54508194499999,45.796944858000074],[-118.55678633099996,45.788618240000062],[-118.56788971999998,45.784442220000074],[-118.57959615299995,45.777583242000048],[-118.58969336299998,45.770640692000029],[-118.59732750899997,45.765605970000081],[-118.60854163599998,45.760301823000077],[-118.61974563299998,45.753526631000057],[-118.63009416399996,45.748741687000063],[-118.63907745599994,45.743095083000071],[-118.65375631999996,45.740111471000034],[-118.66325748899999,45.738785323000059],[-118.67631873099998,45.73424753200004],[-118.68850739499999,45.728759985000067],[-118.69181497299996,45.724857549000035],[-118.69583698899999,45.71714748800008],[-118.70454808199997,45.709334775000059],[-118.71056061099995,45.704211667000038],[-118.71855491899998,45.700205548000042],[-118.72494323199999,45.696118152000054],[-118.73379560799998,45.69158903400006],[-118.74144206199998,45.690955600000052],[-118.75895840299995,45.690024820000076],[-118.76474729299997,45.688618734000045],[-118.76968902099998,45.688683271000059],[-118.78005067199996,45.688817978000031],[-118.79484898199996,45.687633707000032],[-118.80962146699994,45.683507282000051],[-118.81871886699997,45.679663077000043],[-118.82463192599994,45.678599697000038],[-118.84189059799996,45.676966873000026],[-118.85655840199996,45.675430135000056],[-118.85557638599994,45.662720496000077],[-118.85304529699999,45.655812646000072],[-118.84678739499998,45.645894186000078],[-118.84030524399998,45.638225129000034],[-118.83196842699999,45.629785309000056],[-118.82024959899996,45.614958376000061],[-118.81273858899999,45.601582647000043],[-118.80640447299999,45.581367094000029],[-118.79949584599996,45.550944228000048],[-118.79810230499999,45.516948883000055],[-118.79542364099996,45.490916643000048],[-118.76876106199995,45.479515955000068],[-118.76072868399996,45.474701655000047],[-118.75119004799996,45.465739112000051],[-118.74420212899997,45.452266541000029],[-118.74630635799997,45.437894074000042],[-118.75272458999996,45.425322079000068],[-118.76077260099999,45.417243174000077],[-118.74417611199999,45.416181225000059],[-118.73444111099997,45.412409482000044],[-118.72541685099998,45.404826627000034],[-118.71673927399996,45.393866624000054],[-118.70919169199999,45.386017494000043],[-118.69696018899998,45.375327639000034],[-118.67807714299994,45.360676760000047],[-118.66971032399999,45.357760793000068],[-118.65910518899994,45.350090879000049],[-118.58336198699999,45.348570853000069],[-118.51757064099996,45.348544903000061],[-118.48294543299994,45.416546389000075],[-118.40916329399994,45.552149691000068],[-118.39447858299997,45.579246215000069],[-118.34823927399998,45.664396203000081],[-118.29129762799994,45.767764549000049],[-118.30007049899996,45.768799917000081],[-118.31106568699994,45.767239801000073],[-118.32156347899996,45.762825467000027],[-118.32971815899998,45.763599715000055],[-118.33688314599999,45.763076972000079],[-118.35120659699999,45.757620286000076],[-118.36318189699995,45.752942049000069],[-118.37541677299998,45.756304362000037],[-118.38357688099995,45.760015253000063],[-118.39434441999998,45.769516432000046],[-118.40386190099997,45.77114930700003],[-118.41486199799999,45.772520339000039],[-118.42216280999997,45.776748483000063],[-118.44021784099999,45.781653615000039]]],[[[-116.88835680599999,47.704241455000044],[-116.89527153399996,47.705091899000081],[-116.91004801599996,47.707030649000046],[-116.91893739199998,47.707762028000047],[-116.93164706299996,47.70788824400006],[-116.93931736899998,47.708422680000069],[-116.94851077699997,47.710852801000044],[-116.95800867799994,47.714982914000075],[-116.96893807099997,47.715776585000071],[-116.98002863699998,47.715377938000074],[-116.99412071099999,47.711198350000075],[-117.00800185199995,47.703941030000067],[-117.01409908299996,47.701611692000029],[-117.07569165699999,47.681553990000054],[-117.08212265299994,47.497164410000039],[-117.09127827099996,47.23256142300005],[-117.09462024199996,47.13535904400004],[-117.07653027799995,47.148010275000047],[-117.06920024999999,47.152598065000063],[-117.06150820099998,47.154080021000027],[-117.05029615199999,47.154667850000067],[-117.03902348999998,47.154047794000064],[-117.03023304899995,47.147187956000039],[-117.02209783599994,47.132922435000069],[-117.02082331899999,47.125097187000051],[-117.02082056299997,47.116823994000072],[-117.01585138299998,47.108619102000034],[-117.00565916899995,47.096629950000079],[-116.99499372499997,47.091530039000077],[-116.98786407699998,47.090485163000039],[-116.97976077499999,47.091786286000058],[-116.97221250799998,47.094701102000045],[-116.95788627999997,47.103811952000058],[-116.90143946999996,47.149094078000076],[-116.74020840199995,47.271881218000033],[-116.65630578999998,47.335049611000045],[-116.51769048299997,47.439816131000043],[-116.42000291099998,47.512038601000029],[-116.39703453999999,47.530335770000079],[-116.42072626299995,47.540218080000045],[-116.48536926199995,47.567143165000061],[-116.59646078399999,47.612508845000036],[-116.62854885999997,47.625492010000073],[-116.70828328999994,47.656413020000059],[-116.73761986399995,47.671224313000039],[-116.75244457399998,47.673801234000052],[-116.76328021199998,47.677866101000063],[-116.78287656299995,47.67375497200004],[-116.79618039899998,47.671468402000073],[-116.80724557299999,47.671863873000063],[-116.81541908399998,47.67387941800007],[-116.82617504999996,47.681704108000076],[-116.83264087599997,47.687096040000029],[-116.83487388599997,47.691892088000031],[-116.83649339799996,47.698241679000034],[-116.84216121599997,47.702982002000056],[-116.85129613499998,47.707758390000038],[-116.85777458599995,47.709845074000043],[-116.86851036199994,47.710094294000044],[-116.87278466199996,47.707477146000031],[-116.87846924799999,47.705608516000041],[-116.88835680599999,47.704241455000044]]],[[[-122.52660076899997,48.462762618000056],[-122.52584092699999,48.463238661000048],[-122.53187535399996,48.46041157600007],[-122.53797461199997,48.458843877000049],[-122.54322976699996,48.45749285100004],[-122.54278273999995,48.457582255000034],[-122.54693709699995,48.453833296000028],[-122.54800587999995,48.449728724000067],[-122.55059337999995,48.444671682000035],[-122.55827789799997,48.441188169000043],[-122.55675164399997,48.43565712700007],[-122.55764148599997,48.432236387000046],[-122.55937736899995,48.426376295000068],[-122.55624238199999,48.420518666000078],[-122.55494203599994,48.41656351000006],[-122.55453521599998,48.412429381000038],[-122.55703353499996,48.409334751000074],[-122.55229469499994,48.406392479000033],[-122.54456423799996,48.404373411000051],[-122.53629726399998,48.401164305000066],[-122.53311938699994,48.393045035000057],[-122.53365116999998,48.387750109000081],[-122.53793552499997,48.384297988000071],[-122.53873524799997,48.379597726000043],[-122.52891285099997,48.38156445900006],[-122.52069577199995,48.380614912000055],[-122.51234486099997,48.379367425000055],[-122.50890794299994,48.37905667800004],[-122.508193474,48.383116240000049],[-122.50931167599998,48.387756461000038],[-122.50587428899996,48.392010655000036],[-122.50395477799998,48.395312663000027],[-122.50350909599996,48.398644173000037],[-122.50467159199997,48.402302622000036],[-122.50570011199994,48.405663595000078],[-122.50243997099994,48.409233319000066],[-122.50270909099999,48.413070227000048],[-122.50275530599998,48.418572726000036],[-122.50137130199994,48.42306405000005],[-122.50177456099999,48.427198193000038],[-122.50204371799998,48.431034878000048],[-122.50079353499996,48.435823412000047],[-122.49824674699994,48.439898201000062],[-122.49762175399997,48.443913257000077],[-122.49717536499998,48.447244217000048],[-122.49862309999997,48.451247531000035],[-122.49914351699999,48.452686453000069],[-122.50473313499998,48.456432974000052],[-122.50831090199995,48.458960266000076],[-122.51394833499995,48.461952321000069],[-122.51408020999997,48.46202230800003],[-122.51452731199998,48.461932998000066],[-122.52660076899997,48.462762618000056]]],[[[-122.19546763799997,48.121666597000058],[-122.19539802499997,48.125560150000069],[-122.36407644399998,48.124539637000055],[-122.36752999899994,48.123918592000052],[-122.36287782599999,48.12060024200008],[-122.36156442399999,48.119891393000046],[-122.35713389099999,48.117499992000035],[-122.35335771399997,48.113475350000044],[-122.35165770099997,48.108770254000035],[-122.35105000299995,48.103846821000047],[-122.35097482599997,48.102666379000027],[-122.35036704299995,48.101606550000042],[-122.34836285899996,48.101371003000054],[-122.34472927699994,48.10145037500007],[-122.34070471699999,48.101538173000051],[-122.33528255899995,48.098804953000069],[-122.33485393299998,48.098325295000052],[-122.33176885499995,48.094872638000027],[-122.329159963,48.093588520000026],[-122.32638482299996,48.09222245400008],[-122.32616755599997,48.091841569000053],[-122.32391882499996,48.08789906700008],[-122.31955855999996,48.084499099000027],[-122.31541076399998,48.080965766000077],[-122.31215066899995,48.07970872900006],[-122.30935562399998,48.078630899000075],[-122.30563277899995,48.074830840000061],[-122.30357962599999,48.070515735000072],[-122.30209117299995,48.068933146000063],[-122.29998215899997,48.06669056800007],[-122.29857534199999,48.067777324000076],[-122.29629237999995,48.069540774000075],[-122.29554118399994,48.070120994000035],[-122.29495466599997,48.074599357000068],[-122.29047575899995,48.077946072000032],[-122.28891393799995,48.078514805000054],[-122.28440683699995,48.080155887000046],[-122.28674818899998,48.075963829000045],[-122.28697860299997,48.075626750000026],[-122.28962442999995,48.071755770000038],[-122.28698693499996,48.067648055000063],[-122.28045671699999,48.066679072000056],[-122.27693201899996,48.06292889000008],[-122.28162499499996,48.060889164000059],[-122.28564874799997,48.064599985000029],[-122.29198146699997,48.062805534000063],[-122.28857680799996,48.058705797000073],[-122.28305901099998,48.05608961300004],[-122.27677496399997,48.05442260600006],[-122.27089425899999,48.051878453000029],[-122.26588906699999,48.048628577000045],[-122.26000937699996,48.046083906000035],[-122.25504463599998,48.042029249000052],[-122.25066049399999,48.038389754000036],[-122.24540182599998,48.035455427000045],[-122.24235492599996,48.033938676000048],[-122.23963230599998,48.03315372000003],[-122.23301674399994,48.033409672000062],[-122.22981136799996,48.035109973000033],[-122.22903293499996,48.038716120000061],[-122.23020997299994,48.044056574000081],[-122.226532126,48.045585225000082],[-122.22249026299994,48.047186186000033],[-122.21695289799999,48.049880930000029],[-122.21392220999996,48.052872974000081],[-122.20715998899999,48.06085401100006],[-122.20633983299996,48.065263989000073],[-122.20941535899999,48.068633844000033],[-122.21172325599997,48.072952595000061],[-122.21279141999997,48.078048683000077],[-122.21156739099996,48.08333504400008],[-122.20560647299999,48.082396707000044],[-122.19929417999998,48.078873875000056],[-122.19851082299999,48.075313791000042],[-122.19920858799998,48.066150922000077],[-122.19935401999999,48.058424701000035],[-122.20216983199998,48.054945095000051],[-122.205537247,48.050028422000025],[-122.20212674899994,48.048583207000036],[-122.19675044099995,48.049819726000067],[-122.19546763799997,48.121666597000058]]],[[[-120.87583995999995,46.533590910000044],[-120.89150720499998,46.523235185000033],[-120.89941520599996,46.519871459000058],[-120.91066154199996,46.514944136000054],[-120.92190611299998,46.510015789000079],[-120.93506805099997,46.506543429000033],[-120.94438995199999,46.500156028000049],[-120.95528336899997,46.494376816000056],[-120.96652074999997,46.489444398000046],[-120.97810246499995,46.485358716000064],[-120.98968267199996,46.481271972000059],[-121.00126137299998,46.477184166000029],[-121.01283856399999,46.473095297000043],[-121.02372098399997,46.46731002000007],[-121.03529489099998,46.463219071000026],[-121.04652040499997,46.458279427000036],[-121.05705016199994,46.45164352300003],[-121.06827189599994,46.446701875000031],[-121.07949186599996,46.441759207000075],[-121.08844213499998,46.434512948000076],[-121.09424415399997,46.426051203000043],[-121.09148595799996,46.412856881000039],[-121.09113872499995,46.412009264000062],[-121.08731978899999,46.402685299000041],[-121.08629926099997,46.393728433000035],[-121.09524191099996,46.386480823000056],[-121.10261052399994,46.378625119000048],[-121.11346833299996,46.37283102400005],[-121.12083307199998,46.364974025000038],[-121.12662431899997,46.356509359000029],[-121.13555703199995,46.349258322000026],[-121.14675433699995,46.344308690000048],[-121.15603068699994,46.337903668000081],[-121.16530514999999,46.331497886000079],[-121.17108733799995,46.323030544000062],[-121.17529690999999,46.313956186000041],[-121.17426530799997,46.304998002000048],[-121.17166343499997,46.29543295600007],[-121.16783964599995,46.286108596000076],[-121.16401698799996,46.276783907000038],[-121.15809801899997,46.268788415000074],[-121.14973597299996,46.261274135000065],[-121.13927853399997,46.255088451000063],[-121.12794782899999,46.249990319000062],[-121.11539684499996,46.245131644000026],[-121.10197214599998,46.241360038000039],[-121.09064692799996,46.23625850600007],[-121.08351915399999,46.228499112000065],[-121.07517133599998,46.220979322000062],[-121.06594961299999,46.21454702300008],[-121.05463211999995,46.209442035000052],[-121.04751180699998,46.201680167000063],[-121.03410041599994,46.197901198000068],[-121.02138081299995,46.195817349000038],[-121.00847526899997,46.19651667200003],[-120.99556943699997,46.19721472100008],[-120.98250667499997,46.194278757000063],[-120.96925661899996,46.194125847000066],[-120.95635084599996,46.194820033000042],[-120.94363443699996,46.192728610000074],[-120.93233076099995,46.187612778000073],[-120.92400637699996,46.180082600000048],[-120.91568397699996,46.172551751000071],[-120.90648559199997,46.166107458000056],[-120.90060963799999,46.158098173000042],[-120.89683421199999,46.148762773000044],[-120.89584481699995,46.139798771000073],[-120.89485570199997,46.130834564000054],[-120.89508743699997,46.121631647000072],[-120.89409871599997,46.112667036000062],[-120.89154718799995,46.103091927000037],[-120.887776385,46.093755010000052],[-120.88400669599997,46.084417771000062],[-120.87814117999994,46.076405880000038],[-120.86686359899994,46.071282934000067],[-120.85646530599996,46.06507180400007],[-120.85060507099996,46.057058301000041],[-120.84230759799999,46.049520523000069],[-120.83732804199997,46.040418998000064],[-120.84034763899996,46.03158716400003],[-120.83780751299997,46.022009124000078],[-120.83404946599995,46.012668825000048],[-120.83029252899996,46.003328207000038],[-120.82653669899997,45.993987272000027],[-120.81386492199999,45.991882212000064],[-120.80270399099999,45.996807674000081],[-120.79188228699996,46.002581388000067],[-120.77881731699995,46.00604376900003],[-120.76541026399997,46.008655495000028],[-120.75185915999998,46.007631170000082],[-120.73918713999996,46.005518920000043],[-120.72597722899997,46.005341295000051],[-120.71140777099998,46.001764451000042],[-120.70015699199996,45.99662618900004],[-120.68714937799996,45.99365930600004],[-120.67414298299997,45.990691105000053],[-120.66201751599999,45.986635543000034],[-120.64915073399999,45.987299760000042],[-120.63628368099995,45.987962706000076],[-120.62253596299996,45.989710158000037],[-120.60966814399995,45.990370473000041],[-120.59591916899996,45.992115108000064],[-120.58271247199997,45.991922964000025],[-120.56883001499995,45.990029746000062],[-120.55528610799996,45.988984951000077],[-120.54228686699997,45.986003565000033],[-120.53017075299999,45.981935699000076],[-120.51662921399998,45.980886867000038],[-120.50308812499998,45.979836625000075],[-120.48988427599994,45.979635073000054],[-120.47634389899997,45.978582050000057],[-120.46314039899994,45.978377786000067],[-120.45161835899995,45.982423159000064],[-120.44577120499997,45.990865578000069],[-120.44147864199999,45.999923409000075],[-120.43874121299996,46.009596768000051],[-120.43133331799999,46.017422134000071],[-120.42013822399997,46.022314506000043],[-120.40671303599999,46.024889236000035],[-120.39383585399997,46.025528193000071],[-120.38062283399995,46.025315595000052],[-120.34021791799995,46.029388452000035],[-120.33899705999994,46.02962182400006],[-120.32812759399997,46.035356524000065],[-120.31658656699994,46.039389406000055],[-120.30760406199994,46.046589912000059],[-120.29672883699999,46.05232176100003],[-120.28585164099997,46.058052624000027],[-120.27241342099995,46.060613308000029],[-120.26119841199994,46.065491524000038],[-120.25376202199999,46.073305736000066],[-120.24031926299995,46.075863023000068],[-120.22687541699997,46.07841890900005],[-120.21476503399998,46.084375766000051],[-120.20320784099999,46.088398139000049],[-120.19231596899999,46.09412070500008],[-120.18108884199995,46.098991640000065],[-120.17019314099997,46.104712213000028],[-120.15896242899998,46.109581122000066],[-120.14584100099995,46.112979127000074],[-120.13294329099995,46.113592198000049],[-120.11971279799997,46.113353227000061],[-120.10658847799999,46.116747258000032],[-120.09535072899996,46.121610555000075],[-120.08444337199995,46.127323659000069],[-120.07542194399997,46.134506625000029],[-120.06673042999995,46.142539687000067],[-120.05581687099999,46.148250110000049],[-120.04645743499998,46.154579863000038],[-120.04054025399995,46.16300050600006],[-120.03306509899994,46.170800270000029],[-120.02370003799996,46.177128043000039],[-120.01433310099998,46.183455048000042],[-120.00685228499998,46.191252920000068],[-120.00092638099994,46.199671010000031],[-119.99778141499996,46.208479424000075],[-119.99062691599994,46.21712675100008],[-119.99540246599997,46.256403480000074],[-120.01312170799997,46.256486012000039],[-120.02665310499998,46.261631419000025],[-120.03718387899994,46.267032034000067],[-120.04485762699994,46.259441336000066],[-120.04138968499996,46.250562082000044],[-120.03792271999998,46.241682539000067],[-120.05083185699999,46.239563133000047],[-120.06452366999997,46.239447393000034],[-120.07723634499996,46.241359523000028],[-120.08348659699999,46.24940755800003],[-120.07885618299997,46.257966441000065],[-120.07234865899994,46.266262966000056],[-120.06407536999996,46.274583266000036],[-120.06225491899994,46.283534192000047],[-120.06313679799996,46.292591746000028],[-120.07010461599998,46.300197701000059],[-120.08294789499996,46.299012237000056],[-120.08247616999995,46.289877244000081],[-120.08200458099998,46.280742040000064],[-120.08979951099997,46.288191736000044],[-120.09522978099994,46.296393748000071],[-120.10160001699995,46.304726161000076],[-120.10857382099999,46.312329839000029],[-120.11637580499996,46.31977736500005],[-120.12335306199998,46.327379970000038],[-120.13341375599998,46.333786546000056],[-120.14516916999997,46.337720860000047],[-120.15662525399995,46.342018292000034],[-120.16135467299995,46.350658595000027],[-120.16875422099997,46.358180240000081],[-120.17608007699999,46.366638024000054],[-120.18194189099995,46.374756827000056],[-120.19148980499995,46.380949978000046],[-120.20002447999997,46.387948945000062],[-120.20814743099999,46.395025329000077],[-120.21740026999998,46.401580550000062],[-120.22947429399994,46.405142345000058],[-120.24215093599997,46.407974310000043],[-120.25471561199998,46.410518897000031],[-120.26397558699995,46.41707057900004],[-120.27323749299995,46.423621500000081],[-120.28381655299995,46.429000079000048],[-120.29082618099994,46.436591664000048],[-120.29433961799998,46.445460120000064],[-120.29868185599997,46.454171552000048],[-120.30825334399998,46.460354958000039],[-120.32139192699998,46.460941339000044],[-120.33453075299997,46.461526406000075],[-120.34729652999999,46.463411261000033],[-120.35938979599996,46.466960552000046],[-120.36896920899994,46.473139335000042],[-120.37599405899999,46.480725519000032],[-120.38189236299996,46.488833017000047],[-120.38820626299997,46.496861444000047],[-120.39327942099999,46.505125369000041],[-120.39918225299999,46.513231584000039],[-120.40948702799994,46.518963409000037],[-120.42248264599999,46.518031294000025],[-120.43612028199999,46.517590908000045],[-120.45092856899998,46.517849105000039],[-120.46198139199998,46.520974360000025],[-120.46243841399996,46.522117854000044],[-120.47275042599995,46.527844593000054],[-120.48103658199994,46.535187395000037],[-120.48582521699996,46.543811695000045],[-120.48594326099999,46.553018180000038],[-120.49806164399996,46.556553901000029],[-120.51175099299996,46.557327963000034],[-120.52463843099997,46.55610005300008],[-120.53775468599997,46.55544244500004],[-120.55064122699997,46.554211985000052],[-120.56368691599999,46.554488248000041],[-120.57666301499995,46.555699688000061],[-120.58982402799995,46.556259110000042],[-120.60277902599995,46.55408707600003],[-120.61451394099998,46.549993069000038],[-120.62723667899996,46.547247151000079],[-120.64023488399999,46.546293613000046],[-120.65399226799997,46.546116392000044],[-120.66735697799999,46.543858483000065],[-120.68051630599996,46.544408860000033],[-120.69115056499999,46.54975293900003],[-120.70351068299999,46.553841080000041],[-120.71653719299997,46.556260912000027],[-120.72988251199996,46.556155429000057],[-120.74294821299998,46.554255228000045],[-120.75556232799994,46.556750941000075],[-120.76590675999995,46.562454181000078],[-120.77827425399994,46.566535171000055],[-120.79076149299999,46.563202448000027],[-120.80271756199994,46.559662896000077],[-120.81559971299998,46.558406536000064],[-120.82755346399995,46.55486468600003],[-120.83915778199997,46.550465153000061],[-120.85213830899994,46.551649464000036],[-120.86219295099994,46.557710807000035],[-120.86620850899999,46.548925725000061],[-120.86886554999995,46.540095250000036],[-120.87583995999995,46.533590910000044]]],[[[-98.149305258999959,43.151481931000035],[-98.145678110999938,43.160432487000037],[-98.13486035699998,43.177247439000041],[-98.122225389999983,43.198678958000073],[-98.132117630999971,43.201663038000049],[-98.14284954499999,43.206351941000037],[-98.162284614999976,43.21346883800004],[-98.19281628799996,43.224114149000059],[-98.234111066999958,43.239719080000043],[-98.277980726999942,43.254445202000056],[-98.312930743999971,43.26789447200008],[-98.463500030999967,43.322873189000063],[-98.638996624999947,43.385015759000055],[-98.737989938999988,43.421863167000026],[-98.735170945999982,43.304416487000026],[-98.733377392999955,43.24709948800006],[-98.732346856999982,43.214119340000025],[-98.732072408999954,43.205330415000049],[-98.731931634999967,43.187552322000045],[-98.731293469999969,43.146677472000079],[-98.732057917999953,43.117597360000048],[-98.732440147999966,43.103047009000079],[-98.718218681999986,43.094297615000073],[-98.702200861999984,43.08653180400006],[-98.68608513099997,43.08034080200008],[-98.67409992499995,43.07817727500003],[-98.659895922999965,43.078361807000078],[-98.65154643599999,43.07932339000007],[-98.643015170999945,43.081226272000038],[-98.630321254999956,43.083408143000042],[-98.610715632999984,43.08229321400006],[-98.593567894999978,43.077300168000079],[-98.581321704999937,43.070864490000076],[-98.571840544999986,43.061693655000056],[-98.563748524999937,43.047904801000072],[-98.553716674999976,43.024213246000045],[-98.545978519999949,43.005826639000077],[-98.53645333299994,42.995123851000074],[-98.526410742999985,42.984430797000073],[-98.509078883999962,42.973693670000046],[-98.498363615999949,42.965688705000048],[-98.489300756999967,42.953060538000045],[-98.479911381999955,42.943459238000059],[-98.458865861999982,42.933840927000062],[-98.424430957999959,42.920753681000065],[-98.385618134999959,42.904873228000042],[-98.367530426999963,42.900918716000035],[-98.352943443999948,42.896608143000037],[-98.33786820499995,42.889436852000074],[-98.319598419999977,42.88002911600006],[-98.280181978999963,42.867855717000054],[-98.260863952999955,42.861613767000051],[-98.246388770999943,42.860156928000038],[-98.227267149999989,42.85964277100004],[-98.216965098999992,42.854665225000076],[-98.189803913999981,42.834784846000048],[-98.18288307399996,42.850075335000042],[-98.170806851999942,42.862334882000027],[-98.16332887599998,42.872217983000041],[-98.159709500999952,42.880885811000041],[-98.157203144999983,42.887813117000064],[-98.152523354999971,42.89994071700005],[-98.156328487999986,42.909052151000026],[-98.161258265999948,42.916709712000056],[-98.159502975999942,42.922763177000036],[-98.155555069999991,42.93344352500003],[-98.150677836999989,42.939551087000041],[-98.148352852999949,42.952210188000038],[-98.145682798999985,42.966308894000065],[-98.136145983999938,42.973356597000077],[-98.133752887999947,42.984008534000054],[-98.135934247999955,42.991140175000055],[-98.140022429999988,42.996804927000028],[-98.139535740999975,43.005989837000072],[-98.140563223999948,43.008571792000055],[-98.142936160999966,43.014533890000052],[-98.149686609999947,43.017857997000078],[-98.151507908999974,43.025855593000074],[-98.149248947999979,43.064892615000076],[-98.153796830999966,43.084598498000048],[-98.149305258999959,43.151481931000035]]],[[[-96.619195599999955,45.928001481000081],[-96.728587481999966,45.936464071000046],[-96.875616247999972,45.95527878200005],[-97.056777815999965,45.977569401000039],[-97.177634832999956,45.992290660000037],[-97.574850079999976,46.040839572000039],[-97.54781302799995,45.967512412000076],[-97.483643163999943,45.767676302000041],[-97.418693975999986,45.579048928000077],[-97.364299344999949,45.400631486000066],[-97.313372998999967,45.23432020100006],[-97.267443637999975,45.086885389000031],[-97.245745482999951,45.019724308000036],[-97.232120889999976,44.97747454000006],[-97.084676824999974,45.238540469000043],[-97.003277193999963,45.381630224000048],[-96.881713156999979,45.59396190700005],[-96.877681182999936,45.620941636000055],[-96.874702496999987,45.640934211000058],[-96.863500180999949,45.654704197000058],[-96.852699906999987,45.66847010400005],[-96.83738451399995,45.679696311000043],[-96.81804839299997,45.695224986000028],[-96.806770055999948,45.704709663000074],[-96.793109252999955,45.719342436000034],[-96.781384134999939,45.726259771000059],[-96.760706063999976,45.734084464000034],[-96.758914045999973,45.734832662000031],[-96.745991784999944,45.740226637000035],[-96.74010803799996,45.748056951000081],[-96.733699318999982,45.757601222000062],[-96.724837050999952,45.766588219000027],[-96.708897047999983,45.774662503000059],[-96.695668393999938,45.782530018000045],[-96.686241389999964,45.790375995000034],[-96.677670070999966,45.80220952600007],[-96.671292706999964,45.816122254000049],[-96.66634010599995,45.836491021000029],[-96.662949232999949,45.850386856000057],[-96.663955276999957,45.879388860000063],[-96.659368016999963,45.88321417700007],[-96.65230504799996,45.884580464000067],[-96.64547336399994,45.881953157000055],[-96.638052057999971,45.874765946000025],[-96.633153485999969,45.874789878000058],[-96.630483035999987,45.879935568000064],[-96.630047398999977,45.89498887600007],[-96.629266556999937,45.921951381000042],[-96.619195599999955,45.928001481000081]]],[[[-98.521731110999951,47.788219291000075],[-98.55531609999997,47.833802450000064],[-98.587773551999987,47.879373548000046],[-98.631887138999957,47.939875640000025],[-98.629873763999967,47.92625484000007],[-98.63006028999996,47.914028638000048],[-98.632600210999954,47.906789212000035],[-98.638838074999967,47.906787365000071],[-98.646220485999947,47.912634666000031],[-98.651477381999939,47.918762865000076],[-98.657678086999965,47.926070491000075],[-98.658399226999961,47.934444166000048],[-98.662327814999969,47.942754507000075],[-98.671697971999947,47.944966122000039],[-98.673930609999957,47.947078772000054],[-98.681939391999947,47.950754424000081],[-98.688181386999986,47.951488591000043],[-98.69788734399998,47.949138534000042],[-98.707390174999944,47.950266644000067],[-98.708961708999936,47.957544176000056],[-98.711909011999978,47.967669525000076],[-98.716924335999977,47.972121826000034],[-98.74479183699998,47.97683109500008],[-98.758843410999987,47.97978024400004],[-98.768400030999942,47.978027481000026],[-98.773125128999936,47.972059809000029],[-98.787579222999966,47.960380005000047],[-98.807441520999987,47.946189424000067],[-98.815490236999949,47.938952206000067],[-98.821157045999939,47.941949635000071],[-98.821883799999966,47.946023848000038],[-98.821734331999949,47.952532670000039],[-98.814940600999989,47.956607864000034],[-98.80376757199997,47.96833786500008],[-98.794404919999977,47.980331611000054],[-98.792091102999962,47.988850910000053],[-98.802843234999955,47.997251262000077],[-98.819991679999987,48.017165011000031],[-98.843523108999989,48.033462851000081],[-98.858928273999936,48.034953649000045],[-98.870643869999981,48.034705858000052],[-98.890448538999976,48.033830894000062],[-98.897269929999936,48.025517018000073],[-98.894940459999987,48.015878264000037],[-98.884597676999988,48.002182109000046],[-98.87826815699998,47.997022228000048],[-98.877779087999954,47.991435368000054],[-98.881095692999963,47.985313592000068],[-98.891901207999979,47.985083093000071],[-98.898230643999966,47.990242527000078],[-98.901567239999963,47.998793900000067],[-98.915156490999948,48.000165945000049],[-98.922296653999979,47.998650483000063],[-98.929371038999989,48.000464165000039],[-98.930547735999937,48.006187176000026],[-98.937906698999939,48.009204424000075],[-98.94275165199997,48.006830079000054],[-98.947413574999985,48.000677593000034],[-98.954915429999971,47.997337165000033],[-98.970480436999992,47.997601571000075],[-98.976869699999952,47.994586840000068],[-98.981737082999985,47.978897189000065],[-98.989170616999957,47.969655599000077],[-99.00536494499994,47.973684323000043],[-99.009884519999957,47.987653888000068],[-99.014232275999973,48.007223924000073],[-99.018066431999955,48.01636637200005],[-99.029079766999985,48.024742995000054],[-99.04999755099999,48.023668382000039],[-99.071212769999988,48.019558266000047],[-99.088702383999987,48.008722138000053],[-99.099705680999989,48.007865501000026],[-99.116469412999948,48.009447290000026],[-99.127511911999989,48.000569320000068],[-99.145429441999966,47.993951189000029],[-99.156873459999986,47.997315726000068],[-99.163032754999961,48.003072240000051],[-99.166755495999951,48.009641848000058],[-99.168863313999964,48.015492631000029],[-99.174357775999965,48.021415212000079],[-99.185310681999965,48.023881047000032],[-99.195438204999959,48.023491150000041],[-99.202502634999973,48.020601171000067],[-99.213932990999979,48.01927134400006],[-99.21767816299996,48.026141406000079],[-99.220674875999975,48.035903310000037],[-99.217499520999979,48.048383226000055],[-99.213802477999991,48.055278082000029],[-99.20818768099997,48.064335770000071],[-99.21446435699994,48.067817325000078],[-99.220028934999959,48.062088488000029],[-99.225608468999951,48.056661475000055],[-99.232457180999972,48.058162201000073],[-99.242026643999964,48.059900044000074],[-99.242034395999951,48.068521950000047],[-99.236914097999943,48.074089740000034],[-99.242992139999956,48.078028448000055],[-99.252359780999939,48.071396184000037],[-99.251242715999979,48.063460889000055],[-99.261682687999951,48.064571399000044],[-99.26424812099998,48.057702588000041],[-99.271245298999986,48.062155091000079],[-99.281478360999984,48.063609430000042],[-99.275340885999981,48.043903511000053],[-99.244675233999942,47.93736080900004],[-99.224513587999979,47.875416486000063],[-99.212078701999985,47.846150770000065],[-99.194348475999959,47.84302404400006],[-99.160165731999939,47.840990869000052],[-99.146312852999984,47.844862164000062],[-99.137698453999974,47.854995666000036],[-99.125401908999947,47.861902718000067],[-99.112099832999945,47.862919515000044],[-99.096416011999963,47.858550459000071],[-99.082209735999982,47.855564777000041],[-99.065071232999969,47.857137504000036],[-99.053718084999957,47.860232652000036],[-99.035478449999971,47.867974894000042],[-99.018077517999984,47.871439174000045],[-99.003100333999953,47.867043697000042],[-98.992129473999967,47.858301206000078],[-98.980661100999953,47.846494335000045],[-98.962652687999991,47.830100023000057],[-98.950721612999985,47.82303005600005],[-98.93430088599996,47.810144021000042],[-98.91925589899995,47.796516301000054],[-98.906637996999962,47.782124586000066],[-98.893124117999946,47.763492757000051],[-98.881442203999939,47.753808352000078],[-98.868749779999973,47.752423434000036],[-98.856518512999969,47.75339298800003],[-98.847605415999965,47.757839431000036],[-98.837858583999946,47.767033434000041],[-98.824844879999944,47.773929678000059],[-98.809540464999941,47.776851370000031],[-98.793139753999981,47.77884791300005],[-98.78898057899994,47.787685151000062],[-98.793851321999966,47.794443115000036],[-98.789858803999948,47.799255928000036],[-98.778329046999943,47.800440017000028],[-98.76485321399997,47.797405974000071],[-98.749040805999982,47.79701979500004],[-98.73372700799996,47.799932676000026],[-98.711517877999938,47.797779638000065],[-98.67423116599997,47.79592286500008],[-98.64234318299998,47.801990929000056],[-98.627531813999951,47.80038842700003],[-98.614083665999942,47.797811914000079],[-98.594725224999991,47.788253076000046],[-98.567798515999982,47.782146715000067],[-98.536924737999982,47.782258322000075],[-98.521731110999951,47.788219291000075]]],[[[-96.470513690999951,42.00045779800007],[-96.176922068999943,41.999599228000079],[-96.177737884999942,42.004980076000038],[-96.180154313999992,42.009162533000051],[-96.180167030999939,42.013946498000053],[-96.179377820999946,42.018731621000029],[-96.178588497999954,42.023516714000039],[-96.176193421999983,42.027706122000041],[-96.17379804899997,42.031895464000058],[-96.169798109999988,42.036086984000065],[-96.163383906999968,42.037291712000069],[-96.159383003999949,42.041482866000081],[-96.164203449999945,42.044466355000054],[-96.169826591999936,42.047448530000054],[-96.175448677999952,42.04983246300003],[-96.181069563999984,42.051618163000057],[-96.185092599999962,42.055797917000064],[-96.189117803999977,42.060575482000047],[-96.193141867999941,42.06475492900006],[-96.196363905999988,42.068935518000046],[-96.200387146999958,42.072516731000064],[-96.203609999999969,42.076697094000053],[-96.205229734999989,42.081478013000037],[-96.207652426999971,42.086257520000061],[-96.21087638399996,42.090437628000075],[-96.214102630999946,42.09521557000005],[-96.217327412999964,42.099395465000043],[-96.220554542999992,42.10417319000004],[-96.226183129999981,42.106554636000055],[-96.227805172999979,42.111335096000062],[-96.222996864999971,42.114333636000026],[-96.218190058999937,42.117929903000061],[-96.218207413999949,42.123311213000079],[-96.222235043999945,42.126891490000048],[-96.227865579999957,42.129272798000045],[-96.234303921999981,42.13284813000007],[-96.238335078999967,42.137025750000078],[-96.242364590999955,42.140605308000033],[-96.247195759999954,42.143585187000042],[-96.25282856299998,42.145965299000068],[-96.259262937999949,42.147745537000048],[-96.265699998999992,42.150123335000046],[-96.270532875999947,42.153102259000036],[-96.276169736999975,42.15607916700003],[-96.280202386999974,42.159657399000025],[-96.285041626999941,42.163831505000076],[-96.285044146999951,42.164429397000049],[-96.295538714999964,42.175166568000066],[-96.296363468999971,42.179947690000063],[-96.298796133999986,42.184724859000028],[-96.300427845999991,42.19010180600003],[-96.302858482999966,42.194280968000044],[-96.302882600999965,42.199661799000069],[-96.302099910999971,42.204446722000057],[-96.299706080999954,42.208637708000026],[-96.29651034799997,42.213428438000051],[-96.290890973999979,42.21583339700004],[-96.286078029999942,42.218834067000046],[-96.27885164099996,42.221840065000038],[-96.272412103999955,42.220658864000029],[-96.265972793999936,42.219477322000046],[-96.259536003999983,42.218893295000044],[-96.253103805999956,42.219504642000061],[-96.254732721999972,42.224881986000071],[-96.259570465999957,42.227861090000033],[-96.265213080999956,42.230838250000033],[-96.270056494999949,42.235012610000069],[-96.274093533999974,42.238590721000037],[-96.279742641999974,42.242762852000055],[-96.284590327999979,42.247534414000029],[-96.287829297999963,42.252309557000046],[-96.290261394999959,42.256488668000031],[-96.287864984999942,42.26067917000006],[-96.286275662999969,42.265465547000076],[-96.389104818999954,42.265401237000049],[-96.776386154999955,42.264383297000052],[-96.777612411999939,42.144064473000071],[-96.691374171999939,42.143936583000027],[-96.676221726999984,42.126723194000078],[-96.653167796999981,42.106640488000039],[-96.640931939999973,42.096601088000057],[-96.629393851999964,42.084429516000057],[-96.601339375999942,42.060639151000032],[-96.576244136999946,42.046932749000064],[-96.572631671999943,42.041631419000055],[-96.550385208999955,42.025778675000026],[-96.528957739999953,42.022150639000074],[-96.51748493599996,42.014222170000039],[-96.506763679999949,42.011076122000077],[-96.488935499999968,42.011148964000029],[-96.479634719999979,42.006931111000029],[-96.470513690999951,42.00045779800007]]],[[[-95.347243909999975,38.611671183000055],[-95.391359639999962,38.612525043000062],[-95.392458394999949,38.546629081000049],[-95.356066166999938,38.546418262000032],[-95.347841212999981,38.546369029000061],[-95.347243909999975,38.611671183000055]]],[[[-95.70911444099994,39.351448381000068],[-95.706618832999936,39.419167369000036],[-95.837027314999943,39.42140534400005],[-95.895735037999941,39.421600312000066],[-95.898776805999944,39.268887882000058],[-95.840885768999954,39.268820036000079],[-95.710957693999944,39.268563393000079],[-95.70911444099994,39.351448381000068]]],[[[-95.696131395999942,39.740697471000033],[-95.696494178999956,39.656839121000075],[-95.600795837999954,39.655355105000069],[-95.599537697999949,39.740108988000031],[-95.696131395999942,39.740697471000033]]],[[[-90.823782793999953,46.872568422000029],[-90.849844594999979,46.872097828000051],[-90.848515178999946,46.842301961000032],[-90.808962640999937,46.842243177000057],[-90.80334499199995,46.844625410000049],[-90.794516931999965,46.846509307000076],[-90.78896036499998,46.848149694000028],[-90.790177842999981,46.853031325000075],[-90.796319738999955,46.857362980000062],[-90.800872567999988,46.861260040000047],[-90.797228304999976,46.865950316000067],[-90.792409765999935,46.871709660000079],[-90.78790063799994,46.873762985000042],[-90.779900175999956,46.878652905000081],[-90.774278132999939,46.881033671000068],[-90.77638946899998,46.888181023000072],[-90.779613520999987,46.895000273000051],[-90.785988908999968,46.903058707000071],[-90.794931868999981,46.906384598000045],[-90.802980110999954,46.907444154000075],[-90.81217182599994,46.907804481000028],[-90.81387123899998,46.913447369000039],[-90.815540073999955,46.919460686000036],[-90.825924490999967,46.925071019000029],[-90.833465600999943,46.925737017000074],[-90.842057866999937,46.926815235000049],[-90.843914126999948,46.930604784000082],[-90.844953210999961,46.937707984000042],[-90.850382128999968,46.944238221000035],[-90.856057470999986,46.94780398100005],[-90.861764090999941,46.950998947000073],[-90.870390911999948,46.951704738000046],[-90.88115182699994,46.952864077000072],[-90.886890678999976,46.95568740300007],[-90.900236728999971,46.958431567000048],[-90.908865014999947,46.959134843000072],[-90.915090736999957,46.956028586000059],[-90.917198963999965,46.950162402000046],[-90.915580089999935,46.943409797000072],[-90.916034589999981,46.937851701000056],[-90.922829042999979,46.934395105000078],[-90.931605268999988,46.933244209000065],[-90.937316505999945,46.929745447000073],[-90.940893659999972,46.925793257000066],[-90.948857429999975,46.921264819000044],[-90.959644569999966,46.922047323000072],[-90.964302355999962,46.924826383000038],[-90.969080463999944,46.926122995000071],[-90.976052374999938,46.927130912000052],[-90.982271541999978,46.924021234000065],[-90.988068664999957,46.919408471000054],[-90.995036003999985,46.913724511000055],[-91.003564820999941,46.908842480000033],[-90.926538010999991,46.908888552000064],[-90.926770143999988,46.925996700000042],[-90.858345326999938,46.92670478000008],[-90.85800947499996,46.911078779000036],[-90.825442669999973,46.91129761500008],[-90.823782793999953,46.872568422000029]]],[[[-93.607712467999988,47.817819626000073],[-93.509505351999962,47.81768222200003],[-93.51338710899995,47.903580796000028],[-93.635732447999942,47.903649389000066],[-93.635911455999974,47.890962728000034],[-93.636941534999949,47.817846718000055],[-93.607712467999988,47.817819626000073]]],[[[-89.143784911999944,46.963846770000032],[-89.142000684999971,46.947000407000075],[-89.082564998999942,46.94783082500004],[-89.08223161799998,46.974192989000073],[-89.143784911999944,46.963846770000032]]],[[[-93.370439709999971,48.185869902000036],[-93.364630251999984,48.002169336000065],[-93.085704418999967,48.002124198000047],[-93.084386682999991,48.18428375700006],[-93.370439709999971,48.185869902000036]]],[[[-92.355772099999967,47.855198564000034],[-92.362132654999982,47.853601772000047],[-92.364620248999984,47.852977165000027],[-92.369569367999986,47.853936877000081],[-92.379352090999987,47.855833271000051],[-92.388952316999962,47.855144338000059],[-92.389234817999977,47.854961708000076],[-92.396259805999989,47.850419626000075],[-92.400649463999969,47.850824279000051],[-92.404928031999987,47.85121854700003],[-92.412082079999948,47.853868968000029],[-92.416754671999968,47.849092624000036],[-92.416634329999965,47.845774418000076],[-92.416524590999984,47.84274828000008],[-92.416368990999956,47.838456893000057],[-92.406284257999971,47.824691840000071],[-92.402167219999967,47.824204292000047],[-92.399851615999978,47.827617405000069],[-92.385912977999965,47.830461840000055],[-92.358323688999974,47.835964949000072],[-92.344335712999964,47.838550137000027],[-92.333311898999966,47.840586314000063],[-92.330525347999981,47.844863165000049],[-92.342759598999976,47.851818743000081],[-92.355772099999967,47.855198564000034]]],[[[-90.616460458999939,46.862438602000054],[-90.617045983999958,46.843125647000079],[-90.607800788999953,46.843492860000026],[-90.607720624999956,46.82563927700005],[-90.599011630999939,46.832349769000075],[-90.59678101999998,46.839324436000027],[-90.594646399999988,46.845187256000031],[-90.596260099999938,46.851574981000056],[-90.601848194999945,46.85589359800008],[-90.608041453999988,46.85949284600008],[-90.616460458999939,46.862438602000054]]],[[[-90.015786891999937,46.071048769000072],[-90.014320829999974,45.989307161000056],[-89.979994719999979,45.988736908000078],[-89.979055916999982,45.901936865000039],[-89.782889633999957,45.900128788000075],[-89.782725769999956,45.877159454000036],[-89.746471497999948,45.87710760300007],[-89.749037774999977,45.988315425000053],[-89.755852498999957,45.98796733000006],[-89.757817005999982,46.071101757000065],[-90.015786891999937,46.071048769000072]]],[[[-93.843481098999973,46.269106326000042],[-93.843145507999964,46.093816292000042],[-93.76888742999995,46.093518998000036],[-93.590936515999942,46.09463381900008],[-93.592483821999963,46.152627758000051],[-93.598631968999939,46.152740840000035],[-93.605103696999947,46.15333465100008],[-93.611665337999966,46.151554331000057],[-93.617561421999937,46.149286461000031],[-93.622468224999977,46.146050138000078],[-93.625693733999981,46.142070434000061],[-93.632191322999972,46.141950756000028],[-93.638644506999981,46.143017698000051],[-93.643540886999972,46.140017926000041],[-93.639225622999959,46.136614331000033],[-93.634910824999963,46.133210566000059],[-93.635430025999938,46.128468841000029],[-93.637979865999966,46.124238906000073],[-93.643872456999986,46.121969697000054],[-93.64996472699994,46.123504776000061],[-93.654270857999961,46.127145523000081],[-93.658936532999974,46.13031742000004],[-93.663952922999954,46.133257835000052],[-93.668619535999937,46.136429339000074],[-93.672577371999978,46.140300669000055],[-93.676894684999979,46.143703131000052],[-93.682263225999975,46.146411427000032],[-93.688691644999949,46.148188053000069],[-93.695155084999953,46.149014801000078],[-93.701635974999988,46.149366451000049],[-93.708108319999951,46.149955168000076],[-93.714555011999948,46.151255730000059],[-93.71992580999995,46.153962429000046],[-93.724938362999978,46.157137718000058],[-93.730301570999984,46.160081336000076],[-93.734973497999988,46.163250263000066],[-93.739996042999962,46.166187520000051],[-93.746061010999938,46.168667475000063],[-93.755526361999955,46.171680577000075],[-93.761617720999936,46.173447643000031],[-93.768067911999935,46.174745491000067],[-93.774518366999985,46.17604301800003],[-93.781010816999981,46.176153332000069],[-93.787536571999965,46.175313808000055],[-93.793428546999962,46.173038143000042],[-93.797986495999965,46.169789663000074],[-93.800868764999962,46.165562738000062],[-93.802392388999976,46.161075356000026],[-93.80254937899997,46.156564949000028],[-93.807772360999991,46.153802263000046],[-93.811389971999972,46.157900883000025],[-93.813974926999947,46.16221962000003],[-93.816560235999987,46.166538260000038],[-93.819145896999942,46.170856803000049],[-93.816264611999941,46.175084076000076],[-93.80980515899995,46.174025986000061],[-93.803329401999974,46.173442338000029],[-93.797762888999955,46.176198959000033],[-93.796580303999974,46.180691877000072],[-93.795047499999953,46.185416349000036],[-93.794206332999977,46.189914903000044],[-93.792339622999975,46.194396104000077],[-93.788113107999948,46.197887336000065],[-93.781610063999949,46.19801474500008],[-93.775106993999941,46.198141832000033],[-93.768886964999979,46.199935974000027],[-93.768385600999977,46.204440030000058],[-93.76992708399996,46.209216364000042],[-93.774254357999951,46.212615034000066],[-93.779282661999957,46.21555042500006],[-93.783602533999954,46.219186085000047],[-93.787580940999987,46.222815791000073],[-93.790859212999976,46.226908501000025],[-93.794821923999962,46.23101261100004],[-93.796724679999954,46.235319386000072],[-93.796225022999977,46.239823153000032],[-93.798119849999978,46.244367154000031],[-93.802348925999979,46.240876001000061],[-93.805234150999979,46.236649721000049],[-93.810138109999968,46.233407062000026],[-93.815169741999966,46.236340924000046],[-93.82020184199996,46.239274571000067],[-93.82523440999995,46.24220800300003],[-93.828866400999971,46.246067906000064],[-93.831806447999952,46.250153683000065],[-93.832335594999961,46.254674408000028],[-93.829451362999976,46.258901096000045],[-93.827585113999987,46.263382031000049],[-93.829491085999962,46.267687985000066],[-93.835952315999975,46.268982184000038],[-93.836636749999968,46.268993487000046],[-93.843481098999973,46.269106326000042]]],[[[-92.768517734999989,46.673868948000063],[-92.460561255999949,46.669171695000045],[-92.458884329999989,46.680518438000036],[-92.463962162999962,46.691334008000069],[-92.472919021999985,46.697625153000047],[-92.47450417899995,46.706210629000054],[-92.474484124999947,46.706566054000064],[-92.47488569099994,46.714123043000029],[-92.476271955999948,46.718906040000036],[-92.479641295999954,46.722792646000073],[-92.485874196999987,46.724856985000031],[-92.491237961999957,46.727657256000043],[-92.496591574999968,46.730646838000041],[-92.502550140999972,46.732703036000032],[-92.50850909899998,46.734758955000075],[-92.513874728999951,46.737558233000073],[-92.518371424999941,46.741093664000061],[-92.522020315999953,46.744986225000048],[-92.524831854999945,46.749046435000025],[-92.524843848999978,46.753792212000064],[-92.523763222999946,46.758319380000046],[-92.520762313999967,46.762606143000028],[-92.519957071999954,46.767140434000055],[-92.51970341699996,46.771689191000064],[-92.519725595999944,46.776245154000037],[-92.517264749999981,46.780735681000067],[-92.513731676999953,46.784628446000056],[-92.509932839999976,46.788324273000057],[-92.505581672999938,46.792005373000052],[-92.500179333999938,46.794709504000025],[-92.493503250999936,46.795481661000053],[-92.486869695999985,46.79549541800003],[-92.483599177999963,46.799584068000058],[-92.482238774999985,46.804103006000048],[-92.486451790999979,46.807821063000063],[-92.492109393999954,46.810438502000068],[-92.498680695999951,46.811561536000056],[-92.505252232999965,46.812684239000077],[-92.510624417999963,46.815483067000059],[-92.515710436999939,46.818463895000036],[-92.518524876999948,46.822523441000044],[-92.521605203999968,46.826779643000066],[-92.527563221999969,46.829023688000063],[-92.534444836999967,46.829583629000069],[-92.54109251899996,46.829377986000054],[-92.547271904999945,46.827641572000061],[-92.553940287999978,46.82705627200005],[-92.560577182999964,46.827039154000033],[-92.567203637999967,46.827211209000041],[-92.572855968999988,46.830014565000056],[-92.578519209999968,46.83262815300003],[-92.583609871999954,46.835606233000078],[-92.589591698999982,46.837468429000069],[-92.592974502999937,46.841350913000042],[-92.593554436999966,46.845920226000032],[-92.594124099999988,46.85067897600004],[-92.597221327999989,46.854743601000052],[-92.60200744399998,46.858282176000046],[-92.606814743999962,46.86144155900007],[-92.611049367999954,46.86496558500005],[-92.616727676999972,46.867387804000032],[-92.621536424999988,46.870546576000038],[-92.625485916999935,46.87425249100005],[-92.630295639999986,46.877410887000053],[-92.63597582999995,46.879832199000077],[-92.642557031999957,46.880947880000065],[-92.649435212999947,46.881691251000063],[-92.656067722999978,46.88185883400007],[-92.664358408999988,46.882067846000041],[-92.671011254999939,46.881855710000082],[-92.677653947999943,46.881832726000027],[-92.684552818999975,46.882195300000035],[-92.690542131999962,46.88405270100003],[-92.696511698999984,46.886288794000052],[-92.703391113999942,46.887029354000049],[-92.710024334999957,46.887194234000049],[-92.716904008999961,46.887934091000034],[-92.723507452999968,46.888666756000077],[-92.730101101999935,46.889588575000062],[-92.735796210999979,46.891816044000052],[-92.742084220999971,46.893298906000041],[-92.74866874199995,46.894409276000033],[-92.755253497999945,46.895519315000058],[-92.76188775899999,46.895681596000031],[-92.772086176999949,46.89649958800004],[-92.77030023399999,46.794179851000081],[-92.768517734999989,46.673868948000063]]],[[[-90.835100569999952,46.605969100000038],[-90.834969206999972,46.58496738000008],[-90.81631340499996,46.585091229000057],[-90.815015314999982,46.413166088000025],[-90.562646116999986,46.414099961000034],[-90.564854221999951,46.538945307000063],[-90.494147414999986,46.537719131000074],[-90.495795781999959,46.575508324000054],[-90.504053251999949,46.580568118000031],[-90.51454455399994,46.581434340000044],[-90.532147617999954,46.579166495000038],[-90.543048670999951,46.575332843000069],[-90.553613956999982,46.575341846000072],[-90.566905076999944,46.579748497000026],[-90.585218411999961,46.590789028000074],[-90.604703714999971,46.602731567000035],[-90.62303043299994,46.613766184000042],[-90.645228840999948,46.623241005000068],[-90.659375111999964,46.632385473000056],[-90.677829207999991,46.64213056300008],[-90.694356212999935,46.652651992000074],[-90.702603702999966,46.65812532800004],[-90.716103397999973,46.660380931000077],[-90.723726192999948,46.658543919000067],[-90.741855721999968,46.657554413000071],[-90.755941095999958,46.660257700000045],[-90.766222341999935,46.656381746000079],[-90.764612163999971,46.653318635000062],[-90.745971749999967,46.653005473000064],[-90.735645101999978,46.650022686000057],[-90.733488454999986,46.64608030800008],[-90.746581889999959,46.645745887000032],[-90.759126708999986,46.644531426000071],[-90.769476628999939,46.639800961000049],[-90.773112297999944,46.633518123000044],[-90.780979653999964,46.628688232000059],[-90.792971591999958,46.626591805000032],[-90.804662142999973,46.620626112000025],[-90.814012921999961,46.612853340000072],[-90.823043304999942,46.60892367200006],[-90.835100569999952,46.605969100000038]]],[[[-89.701799892999986,48.033147942000028],[-89.712636875999976,48.032136612000045],[-89.724481156999957,48.032307754000044],[-89.752192692999984,48.034727047000047],[-89.773429766999982,48.034190814000056],[-89.77890236099995,48.027623332000076],[-89.789578947999985,48.022620610000047],[-89.803715262999958,48.019669885000042],[-89.818067618999976,48.020137261000059],[-89.828332563999936,48.021932029000027],[-89.836878838999951,48.021185208000077],[-89.83615486299999,48.015275091000035],[-89.834845985999948,48.010775742000078],[-89.83128241299994,48.006765431000076],[-89.833047143999977,48.002406126000039],[-89.833963495999967,47.997712063000051],[-89.834001819999969,47.992977885000073],[-89.833132489999969,47.988498230000062],[-89.832263284999954,47.984018506000041],[-89.830955364999966,47.979518683000038],[-89.829647634999958,47.975018784000042],[-89.826993910999988,47.970753333000062],[-89.827032758999962,47.966018761000043],[-89.829674047999958,47.961699039000052],[-89.828805479999971,47.957218923000028],[-89.828844178999987,47.952484152000068],[-89.82841442199998,47.948023946000035],[-89.829739072999985,47.943643846000043],[-89.834482589999936,47.94030796800007],[-89.838378286999955,47.936637179000058],[-89.83929324099995,47.931942126000081],[-89.838454166999952,47.927166962000058],[-89.837147007999988,47.922666408000055],[-89.835840038999947,47.918165780000038],[-89.837163510999972,47.913785204000078],[-89.840210413999955,47.909779312000069],[-89.844980462999956,47.90614800000003],[-89.846741311999949,47.901787162000062],[-89.847684818999937,47.896796821000066],[-89.848160238999981,47.892081148000045],[-89.848635585999943,47.887365406000072],[-89.849957471999971,47.88298429200006],[-89.851279170999987,47.878603105000082],[-89.851261050999938,47.878612848000046],[-89.837967254999967,47.882480657000031],[-89.837202123999987,47.88270321400006],[-89.827646654999967,47.88280138600004],[-89.823665870999946,47.88284208500005],[-89.800133887999948,47.895406793000063],[-89.794339998999988,47.894192910000072],[-89.769683981999947,47.903858178000064],[-89.758967173999963,47.903931431000046],[-89.74437211999998,47.91708906000008],[-89.725212272999954,47.933443599000043],[-89.70998078599996,47.933492793000028],[-89.697189188999971,47.931759266000029],[-89.668087076999939,47.947262403000082],[-89.652268718999949,47.955615253000076],[-89.642749552999987,47.957630868000081],[-89.637726528999963,47.962510480000049],[-89.635362796999971,47.974336462000053],[-89.630722009999943,47.98093893500004],[-89.610178473999952,47.99114807400008],[-89.600612748999936,47.993537573000026],[-89.600694259999955,47.97933073300004],[-89.594830401999957,47.973368411000081],[-89.583718359999978,47.971704225000053],[-89.568638574999966,47.972882092000077],[-89.559639100999959,47.980601362000073],[-89.549974529999986,47.986582871000053],[-89.540206312999942,47.98820061400005],[-89.528110692999974,47.990464172000031],[-89.516475521999951,47.993696188000058],[-89.504658129999939,47.998623826000028],[-89.490411525999946,48.002486078000061],[-89.481820006999953,48.008893432000036],[-89.484989320999944,48.010940994000066],[-89.491470920999973,48.011063701000069],[-89.501986264999971,48.010432646000027],[-89.506902884999988,48.009342532000062],[-89.520487900999967,48.006394274000058],[-89.533530103999965,48.004555578000065],[-89.548737001999939,47.999597902000062],[-89.557102381999982,47.997912664000069],[-89.563542884999947,47.998408974000029],[-89.569523408999942,48.000588347000075],[-89.573836437999944,47.999846094000077],[-89.58436885399999,47.999020094000059],[-89.590029577999985,48.001562278000051],[-89.596817811999983,48.006810107000035],[-89.60405394899999,48.015867829000058],[-89.609657680999987,48.018974618000072],[-89.621139081999956,48.01989560100003],[-89.62812940799995,48.023256373000038],[-89.632231247999982,48.027238538000063],[-89.640701853999985,48.027258184000061],[-89.64914717299996,48.024813321000067],[-89.658511886999975,48.029799382000078],[-89.663610171999949,48.029659430000038],[-89.673662798999942,48.028046138000036],[-89.689800194999975,48.027663332000031],[-89.701799892999986,48.033147942000028]]],[[[-111.48486170899997,33.076567473000068],[-111.50659022599996,33.077351824000061],[-111.50644420399999,33.090689481000027],[-111.52456483699996,33.091388790000053],[-111.52627624999997,33.103246840000054],[-111.54335241099994,33.104095141000073],[-111.54411444499999,33.113064773000076],[-111.56213307599995,33.114984224000068],[-111.56195722099994,33.122879909000062],[-111.58859393499995,33.123855282000079],[-111.59102673399997,33.136869047000062],[-111.61611822599997,33.143380151000031],[-111.66458277999999,33.158455261000029],[-111.73167061699996,33.17985935400003],[-111.74191164899997,33.204154450000033],[-111.75488312399995,33.206243094000058],[-111.81259259499996,33.221719145000066],[-111.86087394499998,33.237475157000063],[-111.94835257499994,33.262343657000031],[-112.04949298299999,33.327133608000054],[-112.13736108699999,33.385169513000051],[-112.18011602899998,33.416015727000058],[-112.27287094699994,33.413492296000072],[-112.27417696599997,33.36135551600006],[-112.18663802499998,33.300814941000056],[-112.12859204299997,33.262288878000049],[-112.12750898899998,33.240993246000073],[-112.10369387899999,33.240942941000071],[-112.10393866299995,33.199447233000058],[-111.96620428199998,33.19646010200006],[-111.96500619399995,33.184641487000079],[-111.92833639799994,33.185018934000027],[-111.92756117299996,33.180311576000065],[-111.92250514899996,33.178883227000028],[-111.90368858499994,33.173685507000073],[-111.87617119699996,33.166142039000079],[-111.84380377799994,33.156040021000024],[-111.81299677199996,33.14715269900006],[-111.78690212999999,33.140105951000066],[-111.74502451099994,33.127748163000035],[-111.72342566099996,33.121479416000057],[-111.71904088499997,33.108680513000024],[-111.70805524499997,33.107751995000058],[-111.68998196199999,33.103866418000052],[-111.66354879799997,33.095027422000044],[-111.62206197499995,33.08220886600003],[-111.57827736199994,33.068621978000067],[-111.56291366899995,33.067119350000041],[-111.56223116599995,33.05329602200004],[-111.54493772599994,33.053089315000079],[-111.54401042299997,33.059531100000072],[-111.53641626399997,33.059607993000043],[-111.52956129399996,33.059676943000056],[-111.52895538499996,33.048754950000045],[-111.51363659399999,33.047651132000055],[-111.51338373799996,33.053437908000035],[-111.50692127799999,33.053467996000052],[-111.50542441099998,33.053496580000058],[-111.50535783599997,33.053420373000051],[-111.50152279799994,33.049030102000074],[-111.50032091499997,33.048152153000046],[-111.48423871399996,33.047981080000056],[-111.48486170899997,33.076567473000068]]],[[[-114.30754815499995,33.65221280600008],[-114.28883553399999,33.747541973000068],[-114.28371967199996,33.78156535100004],[-114.26506425199995,33.830731417000038],[-114.24752628299996,33.879785068000047],[-114.22972165999994,33.932634862000043],[-114.20942737099995,33.994581721000031],[-114.19521895399998,34.034772941000028],[-114.18178382899998,34.071466856000029],[-114.17156838799997,34.100496620000058],[-114.15040102599994,34.161651128000074],[-114.17871146799996,34.261123730000065],[-114.18489269999998,34.295704680000028],[-114.19345257399999,34.321700753000073],[-114.19843541099999,34.333056509000073],[-114.20517249699998,34.360580741000035],[-114.23823900599996,34.324516955000036],[-114.23847562299994,34.324264780000078],[-114.31565534699996,34.241896705000045],[-114.34409935099995,34.211649118000025],[-114.40634691999998,34.145348108000064],[-114.49178681699999,34.055088210000065],[-114.48477090099999,34.038605382000071],[-114.48211841899996,34.021983670000054],[-114.47880818699997,34.011574169000028],[-114.47349336999997,33.996020295000051],[-114.47532735799996,33.982467578000069],[-114.47948379899998,33.961994640000057],[-114.47486861999994,33.941565628000035],[-114.47256023899996,33.925131581000073],[-114.47275660299999,33.909950588000072],[-114.47556449699999,33.901784667000072],[-114.47409876799998,33.885206835000076],[-114.47160598699998,33.866245111000069],[-114.46548973899996,33.846809535000034],[-114.46332351099994,33.838036169000077],[-114.46877489099995,33.822831524000037],[-114.47486946999999,33.815563999000062],[-114.46992096599996,33.806172419000063],[-114.46148677199994,33.79152760900007],[-114.45712233099999,33.780938467000055],[-114.45706259299999,33.780284522000045],[-114.45669273699997,33.776235477000057],[-114.45557644399997,33.764012248000029],[-114.46111058699995,33.749160447000065],[-114.46339461699995,33.738891330000058],[-114.47313729299998,33.725143165000077],[-114.48287644299995,33.71139439500007],[-114.48191908499996,33.695099540000058],[-114.47661630399995,33.687182269000061],[-114.47358105199999,33.682649692000041],[-114.47291509699994,33.681655133000049],[-114.46708783799994,33.675298256000076],[-114.46393957199996,33.67186330800007],[-114.45958166199995,33.661276049000037],[-114.45918455599997,33.655222699000035],[-114.44813040499997,33.65492236800003],[-114.43510116299996,33.649362594000024],[-114.42835723099995,33.645646494000061],[-114.41805881999994,33.64644181400007],[-114.40474845499995,33.649216170000045],[-114.39307170599994,33.644394945000045],[-114.37868607099995,33.635649516000058],[-114.36932350399996,33.623604207000028],[-114.36131136299997,33.612302365000062],[-114.35233763699995,33.608965089000037],[-114.34403829399997,33.605999221000047],[-114.33571413299995,33.59816242200003],[-114.33086040599994,33.590218924000055],[-114.32322494399995,33.585188643000038],[-114.31749597499999,33.580806832000064],[-114.31404583299997,33.607231121000041],[-114.30754815499995,33.65221280600008]]],[[[-114.81278732399994,47.85082548500003],[-114.79885654399999,47.837216715000068],[-114.78209792099995,47.820262642000046],[-114.76313026099996,47.812313294000035],[-114.75058913699996,47.811184027000081],[-114.73761741299995,47.808665316000031],[-114.72541527399994,47.801690134000069],[-114.72257506199998,47.794845038000062],[-114.73158455899994,47.789228726000033],[-114.73878817699995,47.782416960000035],[-114.73808771999995,47.770922459000076],[-114.73959027399997,47.759599944000058],[-114.75599863999997,47.752453348000074],[-114.77080875599995,47.749395006000043],[-114.77493821899998,47.739631674000066],[-114.77225166999995,47.724067348000062],[-114.76660118399997,47.712787011000046],[-114.76511309099999,47.694153044000075],[-114.76228745699996,47.678123484000025],[-114.75487401599997,47.668057830000066],[-114.74186921399996,47.660715160000052],[-114.73237447699995,47.648526571000048],[-114.72581723799999,47.629640204000054],[-114.72948519199997,47.61607368600005],[-114.72716372699995,47.606252973000039],[-114.72090920599999,47.599887792000061],[-114.71782335499995,47.594524453000076],[-114.72602666999995,47.581765276000056],[-114.72558607299999,47.56877770300008],[-114.71428123099997,47.552976320000027],[-114.70546250599995,47.538272654000082],[-114.71060967099999,47.522560098000042],[-114.72576119599995,47.48609196700005],[-114.72006946799996,47.458373650000055],[-114.70044870199996,47.443264162000048],[-114.68384995999997,47.41708787500005],[-114.68318625299997,47.384785431000068],[-114.67942680699997,47.356303866000076],[-114.68422272599997,47.334829179000053],[-114.68126338499997,47.315903467000055],[-114.65545247499995,47.291993940000054],[-114.64436183099997,47.26502903100004],[-114.62573863099999,47.23429225700005],[-114.60584005099997,47.22259770200003],[-114.58224844399996,47.222063546000072],[-114.56290679499995,47.223827381000035],[-114.51738930699997,47.225890389000028],[-114.48298011899999,47.220091076000074],[-114.45300228999997,47.205441920000055],[-114.41907628799999,47.189406459000054],[-114.39489713499995,47.190373932000057],[-114.35755067599996,47.188824683000064],[-114.31660449799995,47.177614756000025],[-114.27821673599999,47.158303623000052],[-114.25740106499995,47.136059555000031],[-114.22803650099996,47.115966627000034],[-114.18374277199996,47.100354243000027],[-114.15844561299997,47.103371634000041],[-114.14418082099996,47.11017679400004],[-114.12078793799998,47.114856291000081],[-114.09832147199995,47.110704416000033],[-114.07937951499997,47.099298090000048],[-114.06669139699994,47.082679646000031],[-114.06584466699996,47.067813839000053],[-114.07248434699994,47.056749850000074],[-114.08482601999998,47.043448835000049],[-114.08344446399997,47.033971919000066],[-114.07390666099997,47.023202310000045],[-114.06043392199996,47.013457636000055],[-114.04084946899997,47.002136311000072],[-114.01972060199995,46.998758820000035],[-113.98466889699995,46.992456024000035],[-113.95465139899994,46.993671333000066],[-113.91648070599996,47.000826689000064],[-113.87231173099997,47.018934097000056],[-113.84224199099998,47.044285024000033],[-113.82056607499999,47.076696761000051],[-113.80964208399996,47.097499243000073],[-113.79832193199996,47.109658921000062],[-113.78387535499996,47.11837616400004],[-113.74245796299999,47.131699851000064],[-113.70688428099999,47.143255384000042],[-113.68721601499999,47.158454900000038],[-113.67651161199996,47.177755970000078],[-113.67290753099996,47.192239406000056],[-113.66521041399994,47.207271137000077],[-113.65434542899999,47.228517895000039],[-113.65436894499999,47.253129453000042],[-113.64852524199995,47.335947526000041],[-113.64925162099996,47.385062466000079],[-113.65100029199999,47.420527511000046],[-113.65337898499996,47.438540329000034],[-113.69228497299997,47.49411976500005],[-113.71691539199998,47.537129021000055],[-113.77223046199998,47.604477730000042],[-113.83241217999995,47.707317979000038],[-113.85997704699997,47.749904926000056],[-113.88675091199997,47.796931125000071],[-113.89760261299995,47.826326340000037],[-113.89814107399997,47.845054110000035],[-113.98490364499997,47.845422772000063],[-114.18472273299994,47.851208495000037],[-114.38598558299998,47.851316668000038],[-114.54586580799997,47.851827330000049],[-114.81278732399994,47.85082548500003]]],[[[-112.72549240999996,33.025080540000033],[-112.72524096299998,33.045611629000064],[-112.79004559099997,33.044461544000058],[-112.82800154999995,33.043769852000025],[-112.82866297899994,32.952160658000025],[-112.72637446399995,32.952977443000066],[-112.72549240999996,33.025080540000033]]],[[[-114.63846771099998,36.662552185000038],[-114.63559874599997,36.679669217000026],[-114.66500233699998,36.704099366000037],[-114.67252614399996,36.709687903000031],[-114.69272372399996,36.721956698000042],[-114.68824880099999,36.695303497000054],[-114.63846771099998,36.662552185000038]]],[[[-112.69040194599995,36.079133335000051],[-112.68546794099996,36.073302006000063],[-112.68526924899999,36.064565052000034],[-112.67836799599996,36.052089985000066],[-112.67469184299995,36.043877451000071],[-112.67360708299998,36.031256459000076],[-112.66883888599995,36.02613081800007],[-112.66502131599998,36.021227128000078],[-112.65616438999996,36.01196890500006],[-112.64669851599996,36.007915435000029],[-112.63543067799998,36.007784750000042],[-112.62081393799997,36.010712847000036],[-112.62288931899997,36.015879332000054],[-112.62623656999995,36.02268083000007],[-112.63037347799997,36.028998409000053],[-112.63328722599999,36.03586511900005],[-112.63397924399999,36.040874453000072],[-112.63665225999995,36.04668170900004],[-112.63555690699997,36.049768359000041],[-112.62951669699999,36.052867731000049],[-112.62819497499999,36.05891022000003],[-112.63797251899996,36.060362630000043],[-112.64771841999999,36.063645296000061],[-112.65485547999998,36.067319877000045],[-112.65962536599994,36.072446270000057],[-112.66607277599996,36.080972768000038],[-112.69040194599995,36.079133335000051]]],[[[-113.69249686599994,44.93697583900007],[-113.93233782399994,44.938108120000038],[-113.93012908099996,44.765812832000051],[-113.55927678199998,44.761737523000079],[-113.54985616199997,44.773502904000054],[-113.54485004099996,44.798712173000069],[-113.55122727099996,44.829373171000043],[-113.56283834899995,44.841832037000074],[-113.58360924499999,44.849130903000059],[-113.61823034599996,44.858376625000062],[-113.63581816899995,44.86769036700008],[-113.65610526499995,44.884269829000061],[-113.67642817799998,44.910792826000034],[-113.68599828599997,44.925592466000069],[-113.69249686599994,44.93697583900007]]],[[[-111.22757943499994,32.12282416100004],[-111.22651379499996,32.023959498000067],[-110.97428875299994,32.025627464000024],[-110.97214169499995,32.142775445000041],[-111.00725576599996,32.144676477000075],[-111.00804199999999,32.165188568000076],[-111.04146310699997,32.166632500000048],[-111.03541875499997,32.123492751000072],[-111.22757943499994,32.12282416100004]]],[[[-111.88501434399996,33.605127671000048],[-111.88694736999997,33.461911121000071],[-111.87172594999998,33.463799762000065],[-111.85779044899999,33.467677975000072],[-111.84167269299996,33.47769437900007],[-111.83186464599999,33.48677757400003],[-111.82475163999999,33.498371492000047],[-111.81826092499995,33.502600577000067],[-111.79869391299997,33.506572156000061],[-111.78188048199996,33.50504483900005],[-111.75994104799997,33.503903865000041],[-111.74472918799995,33.507953162000035],[-111.72801959299994,33.517309445000024],[-111.71410742299997,33.525526353000032],[-111.70134288999998,33.528847124000038],[-111.68335546499998,33.530020467000043],[-111.66170366799997,33.530270884000061],[-111.65940096199995,33.565142853000054],[-111.65375959099998,33.604865147000055],[-111.88501434399996,33.605127671000048]]],[[[-111.95505947499998,43.112703941000063],[-111.95999291699997,43.113954411000066],[-111.96771218699996,43.116024849000041],[-111.98398010799997,43.122884853000073],[-112.00653751999994,43.143864897000071],[-112.01735701299998,43.151062640000077],[-112.02593642799997,43.16629940100006],[-112.03331531499998,43.18279915200003],[-112.04714383299995,43.200916205000055],[-112.06425023999998,43.215898564000042],[-112.07788061199994,43.220757728000081],[-112.09480819599997,43.227397757000062],[-112.10419636199998,43.227275470000052],[-112.13389810599995,43.227686555000048],[-112.16050281199995,43.223700786000052],[-112.18395688899994,43.217171576000055],[-112.20408529399998,43.206032291000042],[-112.21498380499997,43.196352956000055],[-112.23139441099994,43.189265613000032],[-112.23655457299998,43.182924790000072],[-112.25050978799999,43.171360462000052],[-112.27329564399997,43.155424899000025],[-112.30028499199994,43.139540489000069],[-112.31789858899998,43.135354595000081],[-112.33120585299997,43.138876135000032],[-112.34427792099996,43.144150527000079],[-112.36878326999994,43.146053953000035],[-112.38862921499998,43.144759762000035],[-112.41050784699996,43.136113818000069],[-112.42543658499994,43.131285954000077],[-112.44486409899997,43.120929742000044],[-112.45911593199997,43.112741137000057],[-112.47629794099998,43.108218929000031],[-112.48568681099999,43.102772108000067],[-112.49082348399997,43.093095206000044],[-112.50532242499997,43.081911597000044],[-112.51060554499998,43.073505928000031],[-112.52020528299994,43.066918761000068],[-112.53003832399997,43.059929714000077],[-112.54343774999995,43.051103784000077],[-112.56037990599998,43.043028295000056],[-112.56494605799998,43.035146369000074],[-112.58335488999995,43.02625260700006],[-112.59988697799997,43.021919704000027],[-112.61832756099994,43.01917250300005],[-112.64024631499996,43.015580283000077],[-112.65459007599998,43.008580762000065],[-112.65665795499996,42.99949360100004],[-112.65961045399996,42.987268337000046],[-112.66438866999999,42.97762683600007],[-112.67965086899994,42.967664568000032],[-112.69781490199995,42.957919473000061],[-112.70457198499997,42.947512087000064],[-112.71457932699997,42.930746765000038],[-112.73223428799997,42.91375406700007],[-112.73617288399998,42.887978306000036],[-112.73440056199996,42.793546302000038],[-112.73256484999996,42.692304602000036],[-112.73117766299998,42.587584548000052],[-112.73157739899995,42.526497400000039],[-112.70759920299997,42.523962100000062],[-112.67622930399995,42.51684517800004],[-112.63225204399998,42.506585843000039],[-112.58297548299998,42.497400910000067],[-112.55177334599995,42.48950330100007],[-112.50786542899999,42.480653075000077],[-112.47318579299997,42.473210378000033],[-112.44550572999998,42.467484287000048],[-112.41361278299996,42.460621052000079],[-112.38802239199998,42.455329769000059],[-112.37135838399996,42.450288058000069],[-112.34802657299997,42.432777545000079],[-112.32907793899994,42.407675514000061],[-112.31783137199994,42.388533943000027],[-112.31426299499998,42.368601725000076],[-112.27326371099997,42.330859356000076],[-112.23119984799996,42.336987221000072],[-112.20777105499997,42.333562906000054],[-112.17822208299998,42.34674341200008],[-112.15630199399999,42.329260232000081],[-112.07702887699998,42.331501415000048],[-112.02401182299997,42.366345592000073],[-112.00759529399994,42.364316990000077],[-111.96884304899999,42.373155817000054],[-111.95020916499999,42.404422928000031],[-111.91049228899999,42.470819897000069],[-111.94125081099997,42.505051925000032],[-111.94419238599994,42.684503987000028],[-111.94947127999995,42.850991960000044],[-111.95505947499998,43.112703941000063]]],[[[-113.85797887199999,35.995061297000063],[-113.85518326699997,35.937659362000034],[-113.85344115999999,35.901106552000044],[-113.84568587599995,35.873071243000027],[-113.83354032399996,35.834398199000077],[-113.80733244399994,35.787751983000078],[-113.76873541599997,35.734323201000052],[-113.73200364599995,35.694279495000046],[-113.69293845599998,35.657022231000042],[-113.61914373199994,35.603745693000064],[-113.59333706599995,35.591417610000065],[-113.53848351599999,35.581165715000054],[-113.45527354499995,35.573935658000039],[-113.38882164799998,35.574965072000055],[-113.33436563799995,35.573697087000028],[-113.29273611399998,35.56586640900008],[-113.25664624499996,35.591521064000062],[-112.87384224999994,35.860622296000031],[-112.87411592399997,36.229486045000044],[-112.88076568799994,36.299149452000051],[-112.88929786199998,36.298947690000034],[-112.89925065799997,36.302915025000061],[-112.91239620099998,36.308953770000073],[-112.92387497199996,36.30976256200006],[-112.93679452599997,36.307060506000028],[-112.94728581599998,36.303631065000047],[-112.95887086299996,36.302957763000052],[-112.96765040099996,36.303808955000079],[-112.98094473599997,36.298850693000077],[-112.98941773799999,36.296456879000061],[-112.99852693999998,36.298717434000025],[-113.01114790499997,36.298611014000073],[-113.01899579399998,36.297407454000052],[-113.03438253599995,36.291755546000047],[-113.04391253599999,36.28809807600004],[-113.07066388299995,36.288932657000032],[-113.08270264599997,36.286348007000072],[-113.09252051399994,36.280082059000051],[-113.09584198799996,36.271160153000039],[-113.09669418599998,36.257499759000041],[-113.10013879099995,36.245267812000066],[-113.11171248199997,36.236900133000063],[-113.12504784299995,36.234109314000079],[-113.14060306499999,36.234995897000033],[-113.15117732199997,36.230068957000071],[-113.16649497199995,36.220383530000049],[-113.17990856499995,36.217939016000059],[-113.19314525899995,36.224297304000061],[-113.20988569199994,36.228281720000041],[-113.23019925599999,36.222564875000046],[-113.25298666699996,36.221579296000073],[-113.26623016499997,36.218418992000068],[-113.27793018299997,36.203061329000036],[-113.27700738199997,36.189671735000047],[-113.28322914599994,36.174070091000033],[-113.28521525699995,36.155837372000065],[-113.27969232199996,36.142069142000025],[-113.28027426199998,36.125519205000046],[-113.27166139799999,36.108210729000064],[-113.27271344799999,36.09743992600005],[-113.28033369799999,36.089666360000024],[-113.28026442999999,36.07797336200008],[-113.27466466599998,36.063852982000071],[-113.26803138499997,36.049162785000078],[-113.26754651699997,36.035706752000067],[-113.27010075499999,36.021776002000024],[-113.27616063899995,36.013148661000059],[-113.28518983799995,36.001861975000054],[-113.28745664199994,35.990535524000052],[-113.28633317799995,35.972498411000061],[-113.28289273599995,35.959871128000032],[-113.28570812899994,35.945167651000077],[-113.28987450799997,35.934275301000071],[-113.29035299699996,35.919206282000061],[-113.28823075499997,35.904544901000065],[-113.28839468099994,35.895742417000065],[-113.29720896899994,35.887412537000046],[-113.30975349399995,35.877764986000045],[-113.31398063099999,35.86905588500008],[-113.32993132899998,35.854847610000036],[-113.34558090799999,35.845072365000078],[-113.35822199299997,35.843448587000069],[-113.36912495899998,35.842828637000025],[-113.37391571299997,35.838416263000056],[-113.38438870499999,35.825792540000066],[-113.39730408999998,35.821560103000024],[-113.40866776199999,35.816473773000041],[-113.42120578899994,35.816321304000041],[-113.43321444399999,35.817714319000061],[-113.44445431599996,35.817764619000059],[-113.45423956399998,35.815483561000065],[-113.46651301799994,35.816099496000049],[-113.47548184499999,35.819798994000053],[-113.48697501099997,35.82090239200005],[-113.49717027399998,35.822210750000067],[-113.51235833199996,35.827480992000062],[-113.53374653099996,35.837983107000071],[-113.54790551199994,35.842681436000078],[-113.55981740099998,35.847370387000069],[-113.56452310199995,35.857597668000039],[-113.57292089499998,35.873823066000057],[-113.59094317199998,35.88705006400005],[-113.60923501599996,35.899500377000038],[-113.62550653199997,35.899828814000045],[-113.63660368499995,35.89549291600008],[-113.64139656599997,35.887406810000073],[-113.64705428699995,35.879181960000039],[-113.65581216099997,35.87448598900005],[-113.66515196499995,35.875917708000031],[-113.68155739099996,35.88609780400003],[-113.69071005099994,35.892315892000056],[-113.69901007599998,35.895010146000061],[-113.70886607899996,35.898552102000053],[-113.71317374099999,35.905180907000044],[-113.72050285299997,35.914984705000052],[-113.73510139999996,35.926914360000069],[-113.74579632799998,35.943131670000071],[-113.75147689999994,35.957227018000026],[-113.75383211799999,35.98540280800006],[-113.76680173399996,35.997960112000044],[-113.78228359999997,36.013407259000076],[-113.78677275399997,36.022569600000054],[-113.78839412999997,36.03536705700003],[-113.79467664899994,36.045095083000035],[-113.80529687499995,36.055344572000024],[-113.81494148699994,36.062821635000034],[-113.81984483999997,36.070574734000047],[-113.82740303799994,36.083026008000047],[-113.83988605999997,36.092241255000033],[-113.85081017799996,36.101219177000075],[-113.85821183299998,36.105638724000073],[-113.86306992299995,36.108271721000051],[-113.86316394199997,36.095291716000077],[-113.86093974799996,36.052096705000054],[-113.86052742999999,36.044083864000072],[-113.86022176799997,36.038207659000079],[-113.85797887199999,35.995061297000063]]],[[[-100.62828627299996,46.029578800000081],[-100.62756814599999,46.026282330000072],[-100.62700092999995,46.023678334000067],[-100.61477887299998,46.019949356000041],[-100.60779548699998,46.017817982000054],[-100.59749370199995,46.016992579000032],[-100.58454297999998,46.007516131000045],[-100.58163432099997,46.003572403000078],[-100.57869469799999,45.998324065000077],[-100.57294547699996,45.989606418000051],[-100.56821988099995,45.983231106000062],[-100.56358416899997,45.977150171000062],[-100.55796356199994,45.97110262700005],[-100.55574998599997,45.964044045000037],[-100.55004965099994,45.955917867000039],[-100.54367061299996,45.950193798000043],[-100.54550577099997,46.03512444200004],[-100.54693084599995,46.209284771000057],[-100.57655843599997,46.209701824000035],[-100.61882972299998,46.209142609000025],[-100.62121748899995,46.206680877000053],[-100.62752593599998,46.199325550000026],[-100.63595793899998,46.185950672000047],[-100.64357665299997,46.173197986000048],[-100.65298612299995,46.161569439000061],[-100.65539276499999,46.147811729000068],[-100.65532730699994,46.135330543000066],[-100.65552420599994,46.126406491000068],[-100.65639875399995,46.115080114000079],[-100.65583040399997,46.107371916000034],[-100.65261771599995,46.098568839000052],[-100.64180369699994,46.07933457300004],[-100.63160461399997,46.068400712000027],[-100.62597193999994,46.061465935000058],[-100.62540777899994,46.053756602000078],[-100.62560864199997,46.044830825000076],[-100.62863351599998,46.034323292000067],[-100.62828627299996,46.029578800000081]]],[[[-100.36359765499998,45.553785621000031],[-100.36481275299997,45.601190663000068],[-100.38515195399998,45.601074091000044],[-100.38603970799994,45.679022020000048],[-100.39915856599998,45.674292982000054],[-100.41806434699998,45.670793317000062],[-100.42637044899999,45.669261212000038],[-100.43560723799999,45.668462609000073],[-100.44720510499997,45.666979043000026],[-100.45585892299994,45.665233798000031],[-100.46157179799997,45.660814345000063],[-100.46279604599994,45.656187398000043],[-100.46217188899999,45.647280554000076],[-100.46130342099997,45.63488288700006],[-100.46041000999998,45.622123750000071],[-100.46120923899997,45.613891140000078],[-100.46500247899996,45.604227729000058],[-100.47500122699995,45.594832079000071],[-100.48671791399994,45.587909891000038],[-100.49752396399998,45.580294072000072],[-100.50048369899997,45.57596742700008],[-100.50811893199995,45.571524714000077],[-100.51282655199998,45.56520581400008],[-100.51801406399994,45.55597345700005],[-100.51961831899996,45.549521103000075],[-100.51931208199994,45.54277339600003],[-100.51570756099994,45.537951232000069],[-100.50916596199994,45.532869411000036],[-100.50124515799996,45.530128403000049],[-100.49303331799996,45.528121174000034],[-100.48223364599994,45.528375648000065],[-100.47059429699999,45.528899652000064],[-100.45696648099994,45.530456708000031],[-100.44653403599995,45.531057566000072],[-100.43748018799994,45.531730916000072],[-100.42612402099996,45.531396365000035],[-100.41662731199995,45.530635217000054],[-100.41053333599996,45.524447155000075],[-100.40299250499999,45.514687495000032],[-100.39845620899996,45.506152539000027],[-100.38967123399999,45.495710071000076],[-100.37544219399996,45.48339971300004],[-100.36645516099998,45.477427943000066],[-100.36153775099996,45.473249188000068],[-100.36359765499998,45.553785621000031]]],[[[-100.59476993099997,44.760637449000058],[-100.64290620599996,44.785795823000058],[-100.66054327799998,44.800034389000075],[-100.68368634999996,44.816167029000042],[-100.69577620699994,44.823926481000058],[-100.71410594599996,44.828974148000043],[-100.73082287199998,44.830263278000075],[-100.74593795199996,44.827984806000075],[-100.75776070399996,44.821057451000058],[-100.75977644899996,44.808389569000042],[-100.75626337599999,44.797072485000058],[-100.75256680599995,44.790532124000038],[-100.73901492199997,44.781114595000076],[-100.71354609399998,44.769847136000067],[-100.69256192599994,44.764897179000059],[-100.67826671199998,44.763514644000054],[-100.66303357899994,44.760256768000033],[-100.65256863299999,44.756250679000061],[-100.64295477399997,44.74915978000007],[-100.63823936499995,44.739409315000046],[-100.59464566699995,44.740035008000063],[-100.59476993099997,44.760637449000058]]],[[[-108.55458054499996,35.313509251000028],[-108.69629767499998,35.310554192000041],[-108.69310508899997,35.231790506000038],[-108.71486338199998,35.229882380000049],[-108.71296294899997,35.205940145000056],[-108.73265016899995,35.204871059000027],[-108.73185450799997,35.19167402100004],[-108.74710710499994,35.19051118200008],[-108.74620719699999,35.176722189000031],[-108.76197387099995,35.174289208000062],[-108.76117335299995,35.161092781000036],[-108.77724242899995,35.160434329000054],[-108.77850688299998,35.142165328000033],[-108.81413844799994,35.139828683000076],[-108.85317602599997,35.118958251000038],[-109.04621608899998,35.029124768000031],[-109.04791551099999,34.854914998000027],[-109.04080144199997,34.854701970000065],[-109.03981126899998,34.85467228300007],[-108.59039641399994,35.060609915000043],[-108.55357451699996,35.059994906000043],[-108.55368736999998,35.088516285000026],[-108.55458054499996,35.313509251000028]]],[[[-105.69991015999994,33.309636429000079],[-105.72045882899994,33.298085474000061],[-105.72129366499996,33.394038616000046],[-105.93538898099996,33.394949619000045],[-105.93535150099996,33.325241124000058],[-105.93487114799996,33.216349889000071],[-105.83140499199999,33.215762895000069],[-105.83557445199995,33.009447996000063],[-105.30291414599998,33.01082099100006],[-105.30059444499994,33.309438951000061],[-105.69991015999994,33.309636429000079]]],[[[-99.679772938999974,49.002661654000065],[-100.20787898999998,49.003600291000055],[-100.20615042799994,48.707998209000039],[-100.17776869899996,48.707449567000026],[-100.17639386399998,48.538099129000045],[-100.14279980699996,48.537610036000046],[-100.00323154399996,48.53686112500003],[-99.783783412999981,48.535932800000069],[-99.648397244999956,48.535268430000031],[-99.64933905099997,48.652557669000032],[-99.649456070999975,48.706155764000073],[-99.681716393999977,48.70680380400006],[-99.681963215999986,48.795313465000049],[-99.808014826999965,48.795766144000027],[-99.807423306999965,48.87923627300006],[-99.942452928999955,48.87942199500003],[-99.942723322999939,48.970416041000078],[-99.806644848999952,48.969995414000039],[-99.807414448999964,48.880864250000059],[-99.681533061999971,48.880043374000081],[-99.679772938999974,49.002661654000065]]],[[[-108.53988988899994,42.89865902400004],[-108.13973652699997,42.903535162000026],[-108.14206772899996,43.345812458000069],[-108.14296984299995,43.694741505000025],[-108.14108750499997,43.700704268000038],[-108.13373012499994,43.70936765700003],[-108.13459154799995,43.719396919000076],[-108.14698907499996,43.721800313000074],[-108.15415760199994,43.717489063000073],[-108.16909496799997,43.71747521900005],[-108.19283628699998,43.716597960000058],[-108.20169324799997,43.71067338000006],[-108.22508598399997,43.702599095000039],[-108.24033525999994,43.698933292000049],[-108.25042857799997,43.694327904000033],[-108.27225277399998,43.688565468000036],[-108.28522823999998,43.688730553000028],[-108.29495861799995,43.692827752000028],[-108.30971217699994,43.697150236000027],[-108.32113411299997,43.699633164000034],[-108.33611026899996,43.69453690000006],[-108.34841870699995,43.691148539000039],[-108.36166248299998,43.692724437000038],[-108.37299173199995,43.68943074200007],[-108.38987767699996,43.689196194000033],[-108.40561418699997,43.693410087000075],[-108.41056188099998,43.703757153000026],[-108.42127999399997,43.70774695800003],[-108.43372112499998,43.705059563000077],[-108.45104931599997,43.701882069000078],[-108.46514035599995,43.702639960000056],[-108.47599665899997,43.707334314000036],[-108.48628237399998,43.714253338000049],[-108.49801502899999,43.713076038000054],[-108.51585513899994,43.71778876500008],[-108.52614666899996,43.724704398000029],[-108.53646788399999,43.726556803000051],[-108.54820183099997,43.725374828000042],[-108.55961185799998,43.732898183000032],[-108.57678064999999,43.734056635000059],[-108.58769725999997,43.728616517000034],[-108.60768431199995,43.723702755000033],[-108.62319040999995,43.721408609000036],[-108.63284999599995,43.714645483000027],[-108.64600652199999,43.705357261000074],[-108.66332450799996,43.702150410000058],[-108.67182858599995,43.704899622000028],[-108.69192396899996,43.705743784000049],[-108.70491830499998,43.700802836000037],[-108.72197010199994,43.691107278000061],[-108.73915473099999,43.682118203000073],[-108.75603735599998,43.681834281000079],[-108.77417310299995,43.682865607000053],[-108.78185809199999,43.676291190000029],[-108.79456303899997,43.669922866000036],[-108.81228660899995,43.663759112000037],[-108.83167235899998,43.666099305000046],[-108.85761394399998,43.671375047000026],[-108.87616771799998,43.669455304000053],[-108.88928092299994,43.660140879000039],[-108.90294796599994,43.648597189000043],[-108.91717061099996,43.644950077000033],[-108.92455743299996,43.636948889000053],[-108.94128060799994,43.625804870000024],[-108.96009431899995,43.620226925000054],[-108.97710038599996,43.620621946000028],[-108.99243635499994,43.622636202000081],[-109.00471423699997,43.629309428000056],[-109.01321400499995,43.626972609000063],[-109.02729523299996,43.627667331000055],[-109.04181099399995,43.635549624000078],[-109.05436632399994,43.638572104000048],[-109.05996373799996,43.646665739000071],[-109.06513864499999,43.652633146000028],[-109.08174362499994,43.655951000000073],[-109.09405202799996,43.66767795800007],[-109.10231792499997,43.679106489000048],[-109.11587759399998,43.687082403000034],[-109.13082514299998,43.692016552000041],[-109.14785071399996,43.692388316000063],[-109.16642270799997,43.695488257000079],[-109.17718484399995,43.699413302000039],[-109.19063770799994,43.711734903000036],[-109.20440526399994,43.730533902000047],[-109.21422300299997,43.739621444000079],[-109.22838165099995,43.750417762000041],[-109.24516291099997,43.754421729000057],[-109.25602740199997,43.748923722000029],[-109.27315394699997,43.73986237400004],[-109.28441522799994,43.731424394000044],[-109.29998086399996,43.719630209000059],[-109.30700983799994,43.705128434000073],[-109.32882132199995,43.689765515000033],[-109.34093279799998,43.685571499000048],[-109.34296031799994,43.67594493200005],[-109.34412136499998,43.662068425000029],[-109.34459503999994,43.649712985000065],[-109.35276146999996,43.640873577000036],[-109.35980612899999,43.631430093000063],[-109.38396467299998,43.617970921000051],[-109.41049742099995,43.606421092000062],[-109.42756578099994,43.597336559000041],[-109.43444998599995,43.587179932000026],[-109.43670954499999,43.573903404000077],[-109.44023241699995,43.561937632000081],[-109.44891350599994,43.550860256000078],[-109.45023782699997,43.542752101000076],[-109.45166434499998,43.530288300000052],[-109.45493472899994,43.521968571000059],[-109.46083364099997,43.511914928000067],[-109.45952672499999,43.505539919000057],[-109.45457519799999,43.495940071000064],[-109.45045293399994,43.485525893000045],[-109.45202322599994,43.473769355000059],[-109.44707516299997,43.464168734000054],[-109.44502237099999,43.434701309000047],[-109.43870320399998,43.147509371000069],[-109.43472240799997,42.973736594000059],[-109.40315705799998,42.959418290000031],[-109.38623542599998,42.942496659000028],[-109.35727340399995,42.938266251000073],[-109.34132801999999,42.925575028000026],[-109.31236599799996,42.865698487000031],[-109.17446643099998,42.864573047000079],[-108.85081032699998,42.865946329000053],[-108.83895195499997,42.873342080000043],[-108.82785028199999,42.879571211000041],[-108.80895702699996,42.886250315000041],[-108.78151778799997,42.889472210000065],[-108.76739004799998,42.887684398000033],[-108.75134350599996,42.881026732000066],[-108.73990360499994,42.880404669000029],[-108.72749611999996,42.882929675000071],[-108.71282830899997,42.88246410000005],[-108.70225530799996,42.877999568000064],[-108.69283372199999,42.868253312000036],[-108.68068524599994,42.861170691000041],[-108.66504772299999,42.85841780800007],[-108.64697718499997,42.859884298000054],[-108.63341510399994,42.868030686000054],[-108.60547983099997,42.877254821000065],[-108.57958139899995,42.885866088000057],[-108.56478538599998,42.896114544000056],[-108.53988988899994,42.89865902400004]]],[[[-107.02427895699998,46.193619710000064],[-107.02258334099997,46.258293431000027],[-107.02231882299998,46.268369711000048],[-107.03397268299994,46.268027179000057],[-107.08658149299998,46.26715198900007],[-107.11120535299995,46.274742569000068],[-107.15001694899996,46.292238584000074],[-107.18287870499995,46.299471092000033],[-107.21741551099996,46.298658441000043],[-107.24188795199996,46.293681074000062],[-107.25654738999998,46.285957868000025],[-107.26866104899995,46.266969599000049],[-107.28579796599996,46.244313847000058],[-107.30941451099994,46.22611574900003],[-107.33925821199995,46.216701503000081],[-107.36528019999997,46.211920475000056],[-107.38722668099996,46.207490370000073],[-107.40356748599999,46.200675606000061],[-107.41086440299995,46.18962569200005],[-107.41824982999998,46.159180519000074],[-107.43442789699998,46.143039019000071],[-107.45830018599997,46.132320328000048],[-107.48275367399998,46.127649330000054],[-107.51254904899997,46.12537315600008],[-107.54179114499999,46.128525770000067],[-107.56708239499994,46.128432476000057],[-107.59823528199996,46.118114595000065],[-107.60933353599995,46.113891303000059],[-107.62395686899998,46.103604904000065],[-107.73761784799996,46.051351971000031],[-107.76850905999999,46.03166738300007],[-107.79208404599996,46.019824907000043],[-107.80962343999994,46.015713746000074],[-107.83398157199997,46.008103041000027],[-107.85602385399994,46.004652061000058],[-107.88221367499995,45.990394526000046],[-107.90295131299996,45.977349907000075],[-107.92913787799995,45.971347583000068],[-107.97594897799996,45.96810774100004],[-108.02552310499999,45.968548643000076],[-108.08269582999998,45.968262284000048],[-108.12795385299995,45.973021829000061],[-108.15936674399995,45.975470729000051],[-108.19033157299998,45.972920342000066],[-108.21577706999994,45.96584858600005],[-108.23461846799995,45.954000997000037],[-108.25108883599995,45.936619811000071],[-108.26529189199999,45.92484483100003],[-108.27158716699995,45.901588568000079],[-108.28078986799994,45.890643844000067],[-108.30085926999999,45.879534963000026],[-108.30589454999995,45.876746677000028],[-108.32551933599996,45.861207283000056],[-108.33590381799996,45.857698416000062],[-108.34495453099998,45.853956218000064],[-108.35544624399995,45.841800629000033],[-108.37284758899995,45.830780882000056],[-108.40792901999998,45.807625517000076],[-108.42205541799996,45.798350653000057],[-108.43174042699997,45.784823184000061],[-108.43407771999995,45.770562841000071],[-108.43798197299998,45.74859291000007],[-108.45925623099998,45.723504422000076],[-108.49117466199999,45.708177179000074],[-108.58181716899998,45.66659633900008],[-108.60272723499997,45.655550004000077],[-108.61849146499998,45.652205546000062],[-108.65106057399998,45.635324953000065],[-108.66509518799995,45.631063577000077],[-108.68472720399996,45.629129900000066],[-108.70509637299995,45.620637570000042],[-108.71422628699997,45.620095813000034],[-108.72796293599998,45.616936695000049],[-108.75118788699996,45.612475585000027],[-108.76507361199998,45.604974940000034],[-108.79383323699994,45.594912711000063],[-108.83214145799997,45.58136840700007],[-108.83745349399999,45.580371540000044],[-108.85265221399999,45.577517930000056],[-108.86292363099994,45.577571307000028],[-108.89675508999994,45.587512120000042],[-108.91960253299999,45.593865224000069],[-108.93468938899997,45.592348251000033],[-108.94991546299997,45.586491574000036],[-108.96506374299997,45.577757897000026],[-108.97711960799995,45.568973836000055],[-108.99434663299996,45.562908554000046],[-109.01896835399998,45.557893328000034],[-109.05077857699996,45.557909318000043],[-109.07441029899996,45.560552187000042],[-109.09389367399996,45.567938841000057],[-109.13055752099996,45.587625218000028],[-109.14517476699996,45.596223054000063],[-109.17660820799995,45.604178298000079],[-109.19637509399996,45.605394729000068],[-109.22560844299994,45.602750934000028],[-109.26959444299996,45.604345988000034],[-109.29340049299998,45.607654288000049],[-109.30480519199995,45.615487060000078],[-109.33247056299996,45.656602424000027],[-109.34314472699998,45.660903174000055],[-109.35572183999994,45.659598226000071],[-109.36561547399998,45.655326262000074],[-109.37658833999996,45.651301658000079],[-109.38893893399995,45.648935170000073],[-109.40475457699995,45.648369540000033],[-109.42552755499997,45.660264144000053],[-109.43994453299996,45.672459389000039],[-109.46510664999994,45.686774395000043],[-109.48153261399995,45.689020886000037],[-109.51182309199999,45.688728980000064],[-109.55270271599994,45.682627600000046],[-109.57828366399997,45.679570240000032],[-109.59861231099995,45.683193383000059],[-109.61938046999995,45.693618973000071],[-109.64966961799996,45.705196250000029],[-109.68181293899994,45.708636049000063],[-109.69866614299997,45.71513879500003],[-109.72015022199997,45.728720080000073],[-109.75176164599998,45.755643808000059],[-109.77193575099994,45.763491035000072],[-109.78377895699998,45.768956943000035],[-109.80710204399998,45.787619043000063],[-109.82501760999997,45.800365714000066],[-109.84831621299998,45.809406529000057],[-109.87244833299997,45.815949523000029],[-109.90054343099996,45.819134769000073],[-109.90351022899995,45.809196342000064],[-109.90266677699998,45.801472054000044],[-109.89938102399998,45.79431162700007],[-109.89359698799996,45.781709096000043],[-109.89549544199997,45.764971120000041],[-109.91097747599997,45.749471491000065],[-109.92190723199997,45.738669980000054],[-109.92554855999998,45.733766526000068],[-109.93763970999998,45.728248968000059],[-109.95025847299996,45.707639133000043],[-109.95901959099996,45.700675349000051],[-109.98293512099997,45.696274257000027],[-109.98914830799998,45.691388897000081],[-110.01156066199997,45.680228584000076],[-110.01804075799998,45.666891487000044],[-110.03663324599995,45.654035893000071],[-110.05185619199995,45.637495427000033],[-110.05355967699995,45.635643824000056],[-110.05869075299995,45.632050744000026],[-110.07544483499998,45.620314113000063],[-110.09371102499995,45.604172924000068],[-110.09944662199996,45.593741298000054],[-110.10041172699999,45.584610199000053],[-110.05651160399998,45.58370857400007],[-110.05669299599998,45.561001415000078],[-110.05440973599997,45.527556985000047],[-110.05607938699995,45.359464994000064],[-110.05373683299996,45.223364534000041],[-109.82697292299997,45.222558062000076],[-109.45323277199998,45.22670159200004],[-109.07974049799998,45.227023986000063],[-109.07976905599998,45.07160192300006],[-109.08000639499994,45.002837322000062],[-109.08009284199994,44.977751573000035],[-108.85172860799997,44.979219249000039],[-108.71376901799999,44.979908517000069],[-108.30285165099997,44.984064893000038],[-108.23744143499994,44.984604800000056],[-107.84841375599996,44.987125445000061],[-107.29297224599998,44.987779972000055],[-107.00766202899996,44.986908300000039],[-107.00774686999995,44.993522284000051],[-107.00920134399996,45.106683259000079],[-107.01122593799994,45.22428926200007],[-107.01252271099997,45.342528008000045],[-107.01254292799996,45.344694234000031],[-107.01368985399995,45.467336919000047],[-107.01485082899995,45.594507523000061],[-107.01717153599998,45.67825087500006],[-107.01725797599994,45.681365578000054],[-107.01833777899998,45.720246126000063],[-107.01994518799995,45.84491248900008],[-107.02199218799996,45.967112265000026],[-107.02427895699998,46.193619710000064]]],[[[-101.83214067699998,48.509757175000061],[-101.83270481299996,48.542064053000047],[-101.88988045099995,48.542460646000052],[-102.08315166899996,48.543624371000078],[-102.41602988199998,48.54553370900004],[-102.71975735299998,48.544552288000034],[-102.71849814599994,48.525600449000081],[-102.72386395699999,48.516254679000042],[-102.73655383499994,48.505759115000046],[-102.74095705999997,48.498348510000028],[-102.74313396499997,48.49200668900005],[-102.74288409199994,48.481708210000079],[-102.74445417399994,48.47155921600006],[-102.74796334499996,48.46263285100008],[-102.75228951899999,48.456183673000055],[-102.75807342499996,48.446664182000063],[-102.76195322899997,48.441075772000033],[-102.76375957699997,48.433071779000045],[-102.76238579999995,48.424026167000079],[-102.75984066599995,48.418995850000044],[-102.75447027399997,48.407205862000069],[-102.74834022399995,48.398140367000053],[-102.74786344099999,48.386239044000035],[-102.74387002699996,48.373375732000056],[-102.73846661999994,48.363137240000071],[-102.73809860899996,48.340722462000031],[-102.73637292299998,48.329373105000059],[-102.73114229899994,48.320639177000032],[-102.72412279299999,48.311756684000045],[-102.71459634799999,48.30583751100005],[-102.70435238199997,48.303029706000075],[-102.69284276099995,48.298390135000034],[-102.68303179399999,48.296269453000036],[-102.67704991099998,48.293486726000026],[-102.67548773799996,48.285753326000076],[-102.67332441399998,48.278995972000075],[-102.66819525499994,48.274277489000042],[-102.65989332299995,48.269714331000046],[-102.65083574199997,48.264714287000061],[-102.64497857799995,48.259793811000065],[-102.64075601899998,48.25360969500008],[-102.63924240299997,48.243032423000045],[-102.64111560899994,48.22779171600007],[-102.64766341399996,48.219659662000026],[-102.64858032399997,48.205411340000069],[-102.64978078099995,48.193752575000076],[-102.65751520199996,48.183572085000037],[-102.66425292699995,48.174007894000056],[-102.66539802999995,48.161876844000062],[-102.66965821899998,48.149118510000051],[-102.68285710099997,48.134024628000077],[-102.68678245599995,48.127911185000073],[-102.69362755399999,48.11620679300006],[-102.69449450899998,48.098403113000074],[-102.70377101899999,48.085412227000063],[-102.75129407699995,48.120184927000025],[-102.76373949499998,48.128278802000068],[-102.77050208599996,48.138171085000067],[-102.78208136399996,48.145548638000037],[-102.80818935299999,48.146134103000065],[-102.84607761599995,48.145741133000058],[-102.87197303399995,48.144430568000075],[-102.90167917199994,48.141784222000069],[-102.94367921399999,48.137743923000073],[-102.95939522699996,48.136558699000034],[-102.98234031399994,48.134241363000058],[-102.99844372999996,48.131515699000033],[-103.02071942899994,48.132305397000039],[-103.04490223099998,48.139458556000079],[-103.07527938799996,48.149600260000057],[-103.09826090399997,48.158464897000044],[-103.12000660599995,48.162772037000082],[-103.14300205099994,48.162628092000034],[-103.15753462699996,48.156768915000043],[-103.16674116499996,48.149294705000045],[-103.17233080299997,48.141181999000025],[-103.19005160799998,48.132425457000068],[-103.19816494999998,48.12773048300005],[-103.20121748699995,48.11915827200005],[-103.20246069999996,48.104285330000039],[-103.20595849099999,48.081591426000045],[-103.21409529699997,48.072185475000026],[-103.22881708499995,48.066660819000049],[-103.25271738799995,48.065500126000074],[-103.26363408699996,48.06218941800006],[-103.26858557899999,48.057776629000045],[-103.28611616399996,48.053634376000048],[-103.30110006099994,48.056262441000058],[-103.31153373999996,48.059253417000036],[-103.31975553099994,48.055609595000078],[-103.32606984499995,48.049343245000045],[-103.33845111099998,48.043576746000042],[-103.35309311299994,48.04337380000004],[-103.36322855799995,48.048273079000069],[-103.36906616499999,48.052694894000069],[-103.37574809499995,48.053871074000028],[-103.37879638999999,48.046950529000071],[-103.38219910799995,48.038588374000028],[-103.41181272699998,48.033650039000065],[-103.44215617099997,48.034708701000056],[-103.45785329399996,48.031591947000038],[-103.49087755599999,48.014240011000027],[-103.50688647099997,48.013707181000029],[-103.52669044099997,48.025287529000082],[-103.54661798199999,48.043495076000056],[-103.55913890099998,48.051802862000045],[-103.58619013999999,48.057517475000054],[-103.59535020999999,48.06008474600003],[-103.60114903499999,48.066869859000064],[-103.60266225499998,48.074725149000074],[-103.59542399699995,48.083308823000039],[-103.58481549899994,48.08899961700007],[-103.57429351099995,48.096817529000077],[-103.57009344799997,48.102858921000063],[-103.57451678699994,48.108536290000075],[-103.58160429299994,48.11003547200005],[-103.60708246999997,48.110028157000045],[-103.61763932299999,48.109553022000057],[-103.62834895899994,48.114519447000077],[-103.63440452699996,48.120458532000043],[-103.63827829699994,48.12592791000003],[-103.64154939999997,48.129416721000041],[-103.64702738199998,48.129344494000065],[-103.64849883299996,48.124166038000055],[-103.64997601699997,48.113417609000066],[-103.65320373699996,48.108139544000039],[-103.65962271299998,48.102917739000077],[-103.66908196799994,48.103567177000059],[-103.68037230099998,48.111696539000036],[-103.68840398299994,48.115032819000078],[-103.69634374899994,48.116240764000054],[-103.70579843599995,48.114043843000047],[-103.71667291899996,48.111883792000071],[-103.73494085399994,48.099700858000062],[-103.74306327999994,48.09402158000006],[-103.74996850799994,48.092678122000052],[-103.75575588199996,48.085353700000041],[-103.76106020599997,48.078412079000032],[-103.76528998299995,48.069990829000062],[-103.76894007599998,48.037402778000057],[-103.77704858999999,48.02783215900007],[-103.78639428099996,48.021319098000049],[-103.79689221899997,48.013885060000064],[-103.80478144399996,48.012575935000029],[-103.81471688999994,48.013993356000071],[-103.81968882499996,48.019680924000056],[-103.82643962099996,48.022704469000075],[-103.83170979399995,48.024106317000076],[-103.83597689799996,48.021013588000073],[-103.84991250899998,48.00740010700008],[-103.85842257699994,48.004344296000056],[-103.86823081899996,48.001496816000042],[-103.88583232699995,47.99990114600007],[-103.91333158299994,47.999431003000041],[-103.92661306999997,47.997229236000067],[-103.93368712099999,47.989699157000075],[-103.93681053899996,47.984392914000068],[-103.93740950399996,47.979234928000039],[-103.93312387499998,47.972371768000073],[-103.92525407999995,47.964011233000065],[-103.92115462199996,47.958559655000045],[-103.91910121799998,47.949287774000027],[-103.91699149999994,47.936318731000028],[-103.91275477699998,47.906964290000076],[-103.91954279999999,47.894040431000064],[-103.93375615499997,47.876408231000028],[-103.94603939699999,47.853762191000044],[-103.96498547999994,47.840115079000043],[-103.98432967499997,47.829572829000028],[-104.00453131799998,47.822393169000065],[-104.01784530799995,47.820746358000065],[-104.03857118599996,47.814384082000061],[-104.04851875999998,47.803252569000051],[-104.05060529899998,47.788247236000075],[-104.01900887799997,47.788995661000058],[-103.96164773999999,47.789840321000042],[-103.87875770599999,47.789310698000065],[-103.81612535899995,47.788541703000078],[-103.77885961399994,47.789638904000071],[-103.74625196699998,47.790153886000041],[-103.72480478099999,47.788046569000073],[-103.70322602199997,47.784880544000032],[-103.69425127699998,47.781598126000063],[-103.67386691799999,47.777144484000075],[-103.65149439199996,47.774774940000043],[-103.62581884099995,47.766506013000026],[-103.60288348899996,47.763178358000062],[-103.55846138799996,47.753939156000058],[-103.51134779699998,47.745244285000069],[-103.42759926499997,47.728490019000049],[-103.37226365299995,47.71703812800007],[-103.26077135999998,47.694946725000079],[-103.21036253099999,47.685146584000051],[-103.12650686199999,47.667917824000028],[-103.04536827599998,47.650999106000029],[-103.00329035899995,47.642574394000064],[-102.95655278299995,47.632556820000048],[-102.89824077599997,47.621297429000037],[-102.80501073699998,47.601577508000048],[-102.75092078999995,47.591265667000073],[-102.67365622999995,47.578314427000066],[-102.67359892499996,47.576153196000064],[-102.67840056299997,47.569662164000079],[-102.68679984499994,47.563592496000069],[-102.69769082899995,47.555954756000062],[-102.70318878199998,47.547744075000026],[-102.70277894799995,47.539107178000052],[-102.69760861599997,47.529145010000036],[-102.68771782099998,47.521462497000073],[-102.67577372999995,47.517729559000031],[-102.66730483399999,47.511658102000069],[-102.66084902699998,47.507770698000058],[-102.65129082399994,47.506587668000066],[-102.64587192599998,47.508280183000068],[-102.64097947499994,47.511606954000058],[-102.64014722899998,47.516867237000042],[-102.64234785299999,47.521028136000041],[-102.64428582899995,47.529234724000048],[-102.64298644199994,47.536652845000049],[-102.63558442499999,47.542712731000051],[-102.62904815899998,47.547068782000053],[-102.62946370999998,47.554164227000058],[-102.63082312699999,47.56026405700004],[-102.62834830299994,47.566553449000025],[-102.62210671099996,47.570419765000054],[-102.61284646699994,47.572300024000072],[-102.60024492099996,47.572446729000035],[-102.58886649099998,47.574192371000038],[-102.58317273799997,47.579927077000036],[-102.57476912899995,47.589826079000034],[-102.56055933499994,47.601194029000055],[-102.54083768899994,47.613540101000069],[-102.52952530199997,47.615988238000057],[-102.51703992799997,47.617306682000049],[-102.50859088299995,47.61700541700003],[-102.50233301699996,47.610906284000066],[-102.49874221499999,47.603491932000054],[-102.50275200399994,47.598317638000026],[-102.50907900599998,47.595164987000032],[-102.51438409399998,47.592298772000049],[-102.52138231099997,47.588875665000046],[-102.52765462499997,47.58193009300004],[-102.52951563699997,47.573064464000026],[-102.52727061499996,47.568430460000059],[-102.52363150799994,47.563864232000071],[-102.52340355399997,47.558420354000077],[-102.52526690999997,47.552874570000029],[-102.52756370399999,47.54811396100007],[-102.52828321199996,47.544995516000029],[-102.52728276099998,47.538877400000047],[-102.51943906699995,47.53427836700007],[-102.50973105699995,47.53190421000005],[-102.50248769699999,47.529646937000052],[-102.48914695299999,47.522703807000028],[-102.47692887199997,47.516416646000039],[-102.47568837999995,47.464764223000032],[-102.46133563499995,47.464139205000038],[-102.40671283299997,47.464185204000046],[-102.40708286399996,47.474187447000077],[-102.32611197899996,47.475003680000043],[-102.32616195199995,47.486538347000078],[-102.31299830499995,47.486645751000026],[-102.22121833099999,47.487358663000066],[-102.06466201599994,47.486347673000068],[-102.06374222599999,47.478816511000048],[-102.02623757399999,47.47786590100003],[-102.02482897899995,47.468914057000063],[-102.00312849899996,47.468468150000035],[-101.96976447399999,47.467775710000069],[-101.96053361699995,47.463980159000073],[-101.93819472999996,47.462088550000033],[-101.88657378099998,47.489500234000047],[-101.85688050199997,47.504723598000055],[-101.84138754899999,47.512660770000025],[-101.84123677999997,47.538408099000037],[-101.84090695999998,47.594651364000072],[-101.84036716299994,47.686459508000041],[-101.83392531899995,48.08569903700004],[-101.83214067699998,48.509757175000061]]]]},"properties":{"OBJECTID":2,"type":"reservation","COUNT":155,"SHAPE_Length":235.70650933807173,"SHAPE_Area":58.849229254919585}}]}