{"type":"FeatureCollection","features":[{"type":"Feature","id":1,"geometry":{"type":"Polygon","coordinates":[[[-120.87583995999995,46.533590910000044],[-120.89150720499998,46.523235185000033],[-120.89941520599996,46.519871459000058],[-120.91066154199996,46.514944136000054],[-120.92190611299998,46.510015789000079],[-120.93506805099997,46.506543429000033],[-120.94438995199999,46.500156028000049],[-120.95528336899997,46.494376816000056],[-120.96652074999997,46.489444398000046],[-120.97810246499995,46.485358716000064],[-120.98968267199996,46.481271972000059],[-121.00126137299998,46.477184166000029],[-121.01283856399999,46.473095297000043],[-121.02372098399997,46.46731002000007],[-121.03529489099998,46.463219071000026],[-121.04652040499997,46.458279427000036],[-121.05705016199994,46.45164352300003],[-121.06827189599994,46.446701875000031],[-121.07949186599996,46.441759207000075],[-121.08844213499998,46.434512948000076],[-121.09424415399997,46.426051203000043],[-121.09148595799996,46.412856881000039],[-121.09113872499995,46.412009264000062],[-121.08731978899999,46.402685299000041],[-121.08629926099997,46.393728433000035],[-121.09524191099996,46.386480823000056],[-121.10261052399994,46.378625119000048],[-121.11346833299996,46.37283102400005],[-121.12083307199998,46.364974025000038],[-121.12662431899997,46.356509359000029],[-121.13555703199995,46.349258322000026],[-121.14675433699995,46.344308690000048],[-121.15603068699994,46.337903668000081],[-121.16530514999999,46.331497886000079],[-121.17108733799995,46.323030544000062],[-121.17529690999999,46.313956186000041],[-121.17426530799997,46.304998002000048],[-121.17166343499997,46.29543295600007],[-121.16783964599995,46.286108596000076],[-121.16401698799996,46.276783907000038],[-121.15809801899997,46.268788415000074],[-121.14973597299996,46.261274135000065],[-121.13927853399997,46.255088451000063],[-121.12794782899999,46.249990319000062],[-121.11539684499996,46.245131644000026],[-121.10197214599998,46.241360038000039],[-121.09064692799996,46.23625850600007],[-121.08351915399999,46.228499112000065],[-121.07517133599998,46.220979322000062],[-121.06594961299999,46.21454702300008],[-121.05463211999995,46.209442035000052],[-121.04751180699998,46.201680167000063],[-121.03410041599994,46.197901198000068],[-121.02138081299995,46.195817349000038],[-121.00847526899997,46.19651667200003],[-120.99556943699997,46.19721472100008],[-120.98250667499997,46.194278757000063],[-120.96925661899996,46.194125847000066],[-120.95635084599996,46.194820033000042],[-120.94363443699996,46.192728610000074],[-120.93233076099995,46.187612778000073],[-120.92400637699996,46.180082600000048],[-120.91568397699996,46.172551751000071],[-120.90648559199997,46.166107458000056],[-120.90060963799999,46.158098173000042],[-120.89683421199999,46.148762773000044],[-120.89584481699995,46.139798771000073],[-120.89485570199997,46.130834564000054],[-120.89508743699997,46.121631647000072],[-120.89409871599997,46.112667036000062],[-120.89154718799995,46.103091927000037],[-120.887776385,46.093755010000052],[-120.88400669599997,46.084417771000062],[-120.87814117999994,46.076405880000038],[-120.86686359899994,46.071282934000067],[-120.85646530599996,46.06507180400007],[-120.85060507099996,46.057058301000041],[-120.84230759799999,46.049520523000069],[-120.83732804199997,46.040418998000064],[-120.84034763899996,46.03158716400003],[-120.83780751299997,46.022009124000078],[-120.83404946599995,46.012668825000048],[-120.83029252899996,46.003328207000038],[-120.82653669899997,45.993987272000027],[-120.81386492199999,45.991882212000064],[-120.80270399099999,45.996807674000081],[-120.79188228699996,46.002581388000067],[-120.77881731699995,46.00604376900003],[-120.76541026399997,46.008655495000028],[-120.75185915999998,46.007631170000082],[-120.73918713999996,46.005518920000043],[-120.72597722899997,46.005341295000051],[-120.71140777099998,46.001764451000042],[-120.70015699199996,45.99662618900004],[-120.68714937799996,45.99365930600004],[-120.67414298299997,45.990691105000053],[-120.66201751599999,45.986635543000034],[-120.64915073399999,45.987299760000042],[-120.63628368099995,45.987962706000076],[-120.62253596299996,45.989710158000037],[-120.60966814399995,45.990370473000041],[-120.59591916899996,45.992115108000064],[-120.58271247199997,45.991922964000025],[-120.56883001499995,45.990029746000062],[-120.55528610799996,45.988984951000077],[-120.54228686699997,45.986003565000033],[-120.53017075299999,45.981935699000076],[-120.51662921399998,45.980886867000038],[-120.50308812499998,45.979836625000075],[-120.48988427599994,45.979635073000054],[-120.47634389899997,45.978582050000057],[-120.46314039899994,45.978377786000067],[-120.45161835899995,45.982423159000064],[-120.44577120499997,45.990865578000069],[-120.44147864199999,45.999923409000075],[-120.43874121299996,46.009596768000051],[-120.43133331799999,46.017422134000071],[-120.42013822399997,46.022314506000043],[-120.40671303599999,46.024889236000035],[-120.39383585399997,46.025528193000071],[-120.38062283399995,46.025315595000052],[-120.34021791799995,46.029388452000035],[-120.33899705999994,46.02962182400006],[-120.32812759399997,46.035356524000065],[-120.31658656699994,46.039389406000055],[-120.30760406199994,46.046589912000059],[-120.29672883699999,46.05232176100003],[-120.28585164099997,46.058052624000027],[-120.27241342099995,46.060613308000029],[-120.26119841199994,46.065491524000038],[-120.25376202199999,46.073305736000066],[-120.24031926299995,46.075863023000068],[-120.22687541699997,46.07841890900005],[-120.21476503399998,46.084375766000051],[-120.20320784099999,46.088398139000049],[-120.19231596899999,46.09412070500008],[-120.18108884199995,46.098991640000065],[-120.17019314099997,46.104712213000028],[-120.15896242899998,46.109581122000066],[-120.14584100099995,46.112979127000074],[-120.13294329099995,46.113592198000049],[-120.11971279799997,46.113353227000061],[-120.10658847799999,46.116747258000032],[-120.09535072899996,46.121610555000075],[-120.08444337199995,46.127323659000069],[-120.07542194399997,46.134506625000029],[-120.06673042999995,46.142539687000067],[-120.05581687099999,46.148250110000049],[-120.04645743499998,46.154579863000038],[-120.04054025399995,46.16300050600006],[-120.03306509899994,46.170800270000029],[-120.02370003799996,46.177128043000039],[-120.01433310099998,46.183455048000042],[-120.00685228499998,46.191252920000068],[-120.00092638099994,46.199671010000031],[-119.99778141499996,46.208479424000075],[-119.99062691599994,46.21712675100008],[-119.99540246599997,46.256403480000074],[-120.01312170799997,46.256486012000039],[-120.02665310499998,46.261631419000025],[-120.03718387899994,46.267032034000067],[-120.04485762699994,46.259441336000066],[-120.04138968499996,46.250562082000044],[-120.03792271999998,46.241682539000067],[-120.05083185699999,46.239563133000047],[-120.06452366999997,46.239447393000034],[-120.07723634499996,46.241359523000028],[-120.08348659699999,46.24940755800003],[-120.07885618299997,46.257966441000065],[-120.07234865899994,46.266262966000056],[-120.06407536999996,46.274583266000036],[-120.06225491899994,46.283534192000047],[-120.06313679799996,46.292591746000028],[-120.07010461599998,46.300197701000059],[-120.08294789499996,46.299012237000056],[-120.08247616999995,46.289877244000081],[-120.08200458099998,46.280742040000064],[-120.08979951099997,46.288191736000044],[-120.09522978099994,46.296393748000071],[-120.10160001699995,46.304726161000076],[-120.10857382099999,46.312329839000029],[-120.11637580499996,46.31977736500005],[-120.12335306199998,46.327379970000038],[-120.13341375599998,46.333786546000056],[-120.14516916999997,46.337720860000047],[-120.15662525399995,46.342018292000034],[-120.16135467299995,46.350658595000027],[-120.16875422099997,46.358180240000081],[-120.17608007699999,46.366638024000054],[-120.18194189099995,46.374756827000056],[-120.19148980499995,46.380949978000046],[-120.20002447999997,46.387948945000062],[-120.20814743099999,46.395025329000077],[-120.21740026999998,46.401580550000062],[-120.22947429399994,46.405142345000058],[-120.24215093599997,46.407974310000043],[-120.25471561199998,46.410518897000031],[-120.26397558699995,46.41707057900004],[-120.27323749299995,46.423621500000081],[-120.28381655299995,46.429000079000048],[-120.29082618099994,46.436591664000048],[-120.29433961799998,46.445460120000064],[-120.29868185599997,46.454171552000048],[-120.30825334399998,46.460354958000039],[-120.32139192699998,46.460941339000044],[-120.33453075299997,46.461526406000075],[-120.34729652999999,46.463411261000033],[-120.35938979599996,46.466960552000046],[-120.36896920899994,46.473139335000042],[-120.37599405899999,46.480725519000032],[-120.38189236299996,46.488833017000047],[-120.38820626299997,46.496861444000047],[-120.39327942099999,46.505125369000041],[-120.39918225299999,46.513231584000039],[-120.40948702799994,46.518963409000037],[-120.42248264599999,46.518031294000025],[-120.43612028199999,46.517590908000045],[-120.45092856899998,46.517849105000039],[-120.46198139199998,46.520974360000025],[-120.46243841399996,46.522117854000044],[-120.47275042599995,46.527844593000054],[-120.48103658199994,46.535187395000037],[-120.48582521699996,46.543811695000045],[-120.48594326099999,46.553018180000038],[-120.49806164399996,46.556553901000029],[-120.51175099299996,46.557327963000034],[-120.52463843099997,46.55610005300008],[-120.53775468599997,46.55544244500004],[-120.55064122699997,46.554211985000052],[-120.56368691599999,46.554488248000041],[-120.57666301499995,46.555699688000061],[-120.58982402799995,46.556259110000042],[-120.60277902599995,46.55408707600003],[-120.61451394099998,46.549993069000038],[-120.62723667899996,46.547247151000079],[-120.64023488399999,46.546293613000046],[-120.65399226799997,46.546116392000044],[-120.66735697799999,46.543858483000065],[-120.68051630599996,46.544408860000033],[-120.69115056499999,46.54975293900003],[-120.70351068299999,46.553841080000041],[-120.71653719299997,46.556260912000027],[-120.72988251199996,46.556155429000057],[-120.74294821299998,46.554255228000045],[-120.75556232799994,46.556750941000075],[-120.76590675999995,46.562454181000078],[-120.77827425399994,46.566535171000055],[-120.79076149299999,46.563202448000027],[-120.80271756199994,46.559662896000077],[-120.81559971299998,46.558406536000064],[-120.82755346399995,46.55486468600003],[-120.83915778199997,46.550465153000061],[-120.85213830899994,46.551649464000036],[-120.86219295099994,46.557710807000035],[-120.86620850899999,46.548925725000061],[-120.86886554999995,46.540095250000036],[-120.87583995999995,46.533590910000044]]]},"properties":{"OBJECTID":1,"type":"reservation","date_open":"1904-12-12","COUNT":1,"SHAPE_Length":3.0548280008174697,"SHAPE_Area":0.44605214606615928}},{"type":"Feature","id":2,"geometry":{"type":"Polygon","coordinates":[[[-114.81278732399994,47.85082548500003],[-114.79885654399999,47.837216715000068],[-114.78209792099995,47.820262642000046],[-114.76313026099996,47.812313294000035],[-114.75058913699996,47.811184027000081],[-114.73761741299995,47.808665316000031],[-114.72541527399994,47.801690134000069],[-114.72257506199998,47.794845038000062],[-114.73158455899994,47.789228726000033],[-114.73878817699995,47.782416960000035],[-114.73808771999995,47.770922459000076],[-114.73959027399997,47.759599944000058],[-114.75599863999997,47.752453348000074],[-114.77080875599995,47.749395006000043],[-114.77493821899998,47.739631674000066],[-114.77225166999995,47.724067348000062],[-114.76660118399997,47.712787011000046],[-114.76511309099999,47.694153044000075],[-114.76228745699996,47.678123484000025],[-114.75487401599997,47.668057830000066],[-114.74186921399996,47.660715160000052],[-114.73237447699995,47.648526571000048],[-114.72581723799999,47.629640204000054],[-114.72948519199997,47.61607368600005],[-114.72716372699995,47.606252973000039],[-114.72090920599999,47.599887792000061],[-114.71782335499995,47.594524453000076],[-114.72602666999995,47.581765276000056],[-114.72558607299999,47.56877770300008],[-114.71428123099997,47.552976320000027],[-114.70546250599995,47.538272654000082],[-114.71060967099999,47.522560098000042],[-114.72576119599995,47.48609196700005],[-114.72006946799996,47.458373650000055],[-114.70044870199996,47.443264162000048],[-114.68384995999997,47.41708787500005],[-114.68318625299997,47.384785431000068],[-114.67942680699997,47.356303866000076],[-114.68422272599997,47.334829179000053],[-114.68126338499997,47.315903467000055],[-114.65545247499995,47.291993940000054],[-114.64436183099997,47.26502903100004],[-114.62573863099999,47.23429225700005],[-114.60584005099997,47.22259770200003],[-114.58224844399996,47.222063546000072],[-114.56290679499995,47.223827381000035],[-114.51738930699997,47.225890389000028],[-114.48298011899999,47.220091076000074],[-114.45300228999997,47.205441920000055],[-114.41907628799999,47.189406459000054],[-114.39489713499995,47.190373932000057],[-114.35755067599996,47.188824683000064],[-114.31660449799995,47.177614756000025],[-114.27821673599999,47.158303623000052],[-114.25740106499995,47.136059555000031],[-114.22803650099996,47.115966627000034],[-114.18374277199996,47.100354243000027],[-114.15844561299997,47.103371634000041],[-114.14418082099996,47.11017679400004],[-114.12078793799998,47.114856291000081],[-114.09832147199995,47.110704416000033],[-114.07937951499997,47.099298090000048],[-114.06669139699994,47.082679646000031],[-114.06584466699996,47.067813839000053],[-114.07248434699994,47.056749850000074],[-114.08482601999998,47.043448835000049],[-114.08344446399997,47.033971919000066],[-114.07390666099997,47.023202310000045],[-114.06043392199996,47.013457636000055],[-114.04084946899997,47.002136311000072],[-114.01972060199995,46.998758820000035],[-113.98466889699995,46.992456024000035],[-113.95465139899994,46.993671333000066],[-113.91648070599996,47.000826689000064],[-113.87231173099997,47.018934097000056],[-113.84224199099998,47.044285024000033],[-113.82056607499999,47.076696761000051],[-113.80964208399996,47.097499243000073],[-113.79832193199996,47.109658921000062],[-113.78387535499996,47.11837616400004],[-113.74245796299999,47.131699851000064],[-113.70688428099999,47.143255384000042],[-113.68721601499999,47.158454900000038],[-113.67651161199996,47.177755970000078],[-113.67290753099996,47.192239406000056],[-113.66521041399994,47.207271137000077],[-113.65434542899999,47.228517895000039],[-113.65436894499999,47.253129453000042],[-113.64852524199995,47.335947526000041],[-113.64925162099996,47.385062466000079],[-113.65100029199999,47.420527511000046],[-113.65337898499996,47.438540329000034],[-113.69228497299997,47.49411976500005],[-113.71691539199998,47.537129021000055],[-113.77223046199998,47.604477730000042],[-113.83241217999995,47.707317979000038],[-113.85997704699997,47.749904926000056],[-113.88675091199997,47.796931125000071],[-113.89760261299995,47.826326340000037],[-113.89814107399997,47.845054110000035],[-113.98490364499997,47.845422772000063],[-114.18472273299994,47.851208495000037],[-114.38598558299998,47.851316668000038],[-114.54586580799997,47.851827330000049],[-114.81278732399994,47.85082548500003]]]},"properties":{"OBJECTID":2,"type":"reservation","date_open":"1904-04-23","COUNT":1,"SHAPE_Length":3.5849048258293279,"SHAPE_Area":0.70678833013929954}},{"type":"Feature","id":3,"geometry":{"type":"Polygon","coordinates":[[[-95.396134909999944,35.892934039000068],[-95.395972469999947,35.895959058000074],[-95.394620041999985,36.061152243000038],[-95.393729829999984,36.169496379000066],[-95.751383436999959,36.167831378000074],[-96.001659336999978,36.167029606000028],[-96.256815277999976,36.167085071000031],[-96.280971328999954,36.167060220000053],[-96.602462855999988,36.166233724000051],[-96.630629012999975,36.166117373000077],[-96.630318518999957,36.043553888000076],[-96.629584295999962,35.752146439000057],[-96.630396981999979,35.404854962000059],[-96.615052471999945,35.404941053000073],[-96.603356543999951,35.404406983000058],[-96.596011328999964,35.399660571000027],[-96.589440296999953,35.400293924000039],[-96.580700536999984,35.403929566000045],[-96.571187864999956,35.402184143000056],[-96.561666607999939,35.399241434000032],[-96.565292529999965,35.395633475000068],[-96.565169844999957,35.379481271000031],[-96.565897726999935,35.307091963000062],[-96.564779724999937,35.198139876000027],[-96.564998585999945,35.053876713000079],[-96.566043602999969,34.938831880000066],[-96.56618509599997,34.923228952000045],[-96.559124004999944,34.922347540000032],[-96.55386505499996,34.918068656000059],[-96.553192381999963,34.905634291000069],[-96.551946421999958,34.894159691000027],[-96.541975456999978,34.89024270200008],[-96.532961770999975,34.888133997000068],[-96.523406536999971,34.891528297000036],[-96.510694785999988,34.900437647000047],[-96.502572530999942,34.901431689000049],[-96.493598030999976,34.905299163000052],[-96.480021573999977,34.916122444000052],[-96.471017053999958,34.915682881000066],[-96.466178482999965,34.914024226000038],[-96.457922613999983,34.911193470000057],[-96.448605532999977,34.906926421000037],[-96.436410020999972,34.906736159000047],[-96.427436931999978,34.911554989000024],[-96.416204868999955,34.928101869000045],[-96.406403363999971,34.941533108000044],[-96.396028688999991,34.95711847900003],[-96.383340889999943,34.975820782000028],[-96.375602671999957,34.997375722000072],[-96.371585335999953,35.007914455000048],[-96.36256493999997,35.017334414000061],[-96.355758686999991,35.022978026000033],[-96.345450629999959,35.026240116000054],[-96.333957044999977,35.024720574000071],[-96.323756421999974,35.019488273000036],[-96.31107984099998,35.012826804000042],[-96.296222249999971,35.005452180000077],[-96.283422378999944,35.003332902000068],[-96.271352598999954,35.001927975000058],[-96.256969560999948,35.005863270000077],[-96.245806315999971,35.00604177200006],[-96.238354035999976,35.002996256000074],[-96.228106042999968,34.998118959000067],[-96.21730218099998,34.993548014000055],[-96.209293806999938,34.99034858400006],[-96.199992191999968,34.990212732000032],[-96.193854199999976,34.990529858000059],[-96.181596275999937,34.998664505000079],[-96.175653986999976,35.003419960000031],[-96.166167812999959,35.004659377000053],[-96.158352325999942,35.004211582000039],[-96.151841199999978,35.004680003000033],[-96.144782777999978,35.010813189000032],[-96.140337085999988,35.021535509000046],[-96.135888448999935,35.031339192000075],[-96.128829894999967,35.039614889000063],[-96.117490088999944,35.04927273100003],[-96.110425991999989,35.056322604000059],[-96.103926316999946,35.068500456000038],[-96.090528930999938,35.077086001000055],[-96.078611956999964,35.079391673000032],[-96.07042361799995,35.086286889000064],[-96.06279350799997,35.094252974000028],[-96.059262263999983,35.104513088000033],[-96.054425260999949,35.114161409000076],[-96.044927159999986,35.12228049600003],[-96.021080400999949,35.145177888000035],[-96.000388910999959,35.158960248000028],[-95.991812294999988,35.160337991000063],[-95.980811804999973,35.160489746000053],[-95.968692638999983,35.160486981000076],[-95.958997475999979,35.160177580000038],[-95.951541150999958,35.157724709000036],[-95.942781088999936,35.154198865000069],[-95.928239171999962,35.154343505000043],[-95.921340978999979,35.154491931000052],[-95.913318819999972,35.159232528000075],[-95.900620750999963,35.174074234000045],[-95.894084298999985,35.180805407000037],[-95.887548744999947,35.186158157000079],[-95.878760127999954,35.200006366000025],[-95.869799710999985,35.203518012000075],[-95.858045512999979,35.204116058000068],[-95.844986171999949,35.204251666000062],[-95.835094206999941,35.206227978000072],[-95.824815275999981,35.213868397000056],[-95.816972828999951,35.21630570800005],[-95.808018188999938,35.21567804600005],[-95.800376760999939,35.21244891300006],[-95.792376494999985,35.204318631000035],[-95.786040119999939,35.202009720000035],[-95.780826562999948,35.198630820000062],[-95.773555086999977,35.197391206000077],[-95.764603085999966,35.19676004300004],[-95.757880733999968,35.198889261000033],[-95.753571503999979,35.204545307000046],[-95.749989844999959,35.20753602800005],[-95.739507001999982,35.206395256000064],[-95.723072569999943,35.204632727000046],[-95.711170595999988,35.206899177000025],[-95.705900847999942,35.212627475000033],[-95.699173212999938,35.229021449000072],[-95.697061706999989,35.235572660000059],[-95.693882763999966,35.242741843000033],[-95.689291207999986,35.25277823700003],[-95.681222282999954,35.257062135000069],[-95.672813712999982,35.258760356000039],[-95.669336140999974,35.253581835000034],[-95.672514121999939,35.247274628000071],[-95.676402715999984,35.238385394000034],[-95.675783094999986,35.229911378000054],[-95.671553949999975,35.226886507000074],[-95.664211216999945,35.225716033000026],[-95.656442699999957,35.230643479000037],[-95.641058756999939,35.237989379000055],[-95.62741207199997,35.237657196000043],[-95.608360584999957,35.236515453000038],[-95.596972652999966,35.23640215000006],[-95.59030321299997,35.240110214000026],[-95.584581884999977,35.245854769000061],[-95.584244336999973,35.245987291000063],[-95.580794533999949,35.250698078000028],[-95.576566679999985,35.255563079000069],[-95.569810514999972,35.263040560000036],[-95.561832871999968,35.270283164000034],[-95.554788908999967,35.273615363000033],[-95.566418427999963,35.297973642000045],[-95.510799188999954,35.434140343000024],[-95.450510252999948,35.579967415000056],[-95.436854627999992,35.612848976000066],[-95.39807006999996,35.706076107000058],[-95.367541287999984,35.779994156000043],[-95.358068934999949,35.80517310700003],[-95.366823882999938,35.811815614000068],[-95.373497460999943,35.815372217000061],[-95.37323854999994,35.828354479000041],[-95.374198415999956,35.838188750000029],[-95.37515648599998,35.848265769000079],[-95.384156846999986,35.859236945000077],[-95.386640546999956,35.865317965000031],[-95.388658349999957,35.873702018000074],[-95.392459892999966,35.882823898000026],[-95.396253257999945,35.890729963000069],[-95.397141903999966,35.892581806000067],[-95.396134909999944,35.892934039000068]]]},"properties":{"OBJECTID":3,"type":"reservation","date_open":"1904-04-21","COUNT":1,"SHAPE_Length":4.8161140415321526,"SHAPE_Area":1.2441416105082621}},{"type":"Feature","id":4,"geometry":{"type":"Polygon","coordinates":[[[-109.94341343399998,40.778052851000041],[-109.96155721799994,40.78500161200003],[-109.97986716599996,40.781028266000078],[-110.00644477299994,40.78243444900005],[-110.02809694799998,40.788959629000033],[-110.05584551499999,40.790216802000032],[-110.08268361499995,40.787033232000056],[-110.11750339299999,40.781984872000066],[-110.14973411699998,40.781777814000066],[-110.16968271899998,40.78575625700006],[-110.19215060399995,40.790338849000079],[-110.21781588399995,40.787264558000061],[-110.25373264899997,40.78749646700004],[-110.28866816099998,40.788744691000034],[-110.31832891099998,40.793346547000056],[-110.34855078599998,40.800600368000062],[-110.38023097299998,40.797671835000074],[-110.41410139899995,40.788105140000027],[-110.50235293499998,40.747338163000052],[-110.52299014599998,40.737536184000078],[-110.54632739599998,40.729216816000076],[-110.57796640499998,40.726235752000036],[-110.62121859599995,40.727268992000063],[-110.65106431599997,40.732674526000039],[-110.67376264499995,40.732592565000061],[-110.69786453799998,40.722327290000067],[-110.73675591599999,40.697481478000043],[-110.75656251099997,40.689555589000065],[-110.78081014399999,40.685619531000043],[-110.81280171299994,40.684347855000055],[-110.84598113699997,40.672000797000067],[-110.86328386899999,40.647081860000071],[-110.90254118999997,40.569345381000062],[-110.90257433899995,40.547502069000075],[-110.89059755899996,40.536273925000046],[-110.88210696199997,40.524605444000031],[-110.87923034399995,40.511318924000079],[-110.88137955799999,40.499218431000031],[-110.88894503299997,40.484614197000042],[-110.90057087399998,40.466765920000057],[-110.91121568299997,40.455409917000054],[-110.92957552599995,40.452176208000026],[-110.96725029199996,40.45558978400004],[-111.01169212299999,40.462681360000033],[-111.04841094799997,40.467102429000079],[-111.08957786399998,40.470033200000046],[-111.12280917999999,40.463954169000033],[-111.15177718499996,40.454771479000044],[-111.18745236799998,40.427416778000065],[-111.20130818699994,40.409239878000051],[-111.20744307099994,40.39387888300007],[-111.21183079299999,40.376011135000056],[-111.21121202999996,40.362432347000038],[-111.20114093099994,40.34916443700007],[-111.19995357799996,40.338390899000046],[-111.20860710099998,40.329077148000067],[-111.22820279099994,40.304686495000055],[-111.23139940499999,40.297283816000061],[-111.22621956199998,40.225715843000046],[-111.21463637699998,40.216289011000072],[-111.20902528599999,40.206998633000069],[-111.21613269399995,40.201524401000029],[-111.22110833999994,40.191772573000037],[-111.22107490099995,40.180848633000039],[-111.21622980599994,40.169637954000052],[-111.20618560099996,40.156369109000025],[-111.20111949099999,40.133348048000073],[-111.19222231299995,40.114466103000041],[-111.18141282799996,40.097652938000067],[-111.16506344099997,40.093394590000059],[-111.11912483599997,40.094775405000064],[-110.99802193899995,40.104866104000052],[-110.98629772099997,40.094530631000055],[-110.96458765299997,40.076366390000032],[-110.94884459599996,40.058348756000044],[-110.93617952599999,40.043578669000055],[-110.93350353699998,40.031175934000032],[-110.93275086999995,40.016707437000036],[-110.94063560399997,40.003868038000064],[-110.95484998199998,39.99295029700005],[-110.96695135899995,39.977748646000066],[-110.97655110799997,39.967417033000061],[-110.98250310399999,39.956640958000037],[-110.98308347899996,39.942910772000062],[-110.98155167399995,39.935823799000048],[-110.98289780699997,39.92563700200003],[-110.98117706799997,39.912201414000037],[-110.97658031899999,39.901865458000032],[-110.97179090899999,39.896106099000065],[-110.97352013399995,39.887691055000062],[-110.97678128699994,39.880900430000054],[-110.95398608599999,39.868342634000044],[-110.92449205999998,39.85754754800007],[-110.89116937199998,39.850875342000052],[-110.86875715299999,39.85099869700008],[-110.85017297699994,39.852451765000069],[-110.81835820599997,39.858310713000037],[-110.80454381399994,39.865522251000073],[-110.79838320999994,39.875403563000077],[-110.79259871999994,39.887056907000044],[-110.78241636999996,39.894715275000067],[-110.76628974299996,39.902213090000032],[-110.72984194399999,39.908629089000044],[-110.70299516899996,39.910186862000046],[-110.67537120499998,39.913655676000076],[-110.65676641899995,39.915078221000044],[-110.63778677899995,39.914724966000051],[-110.61382907199999,39.913171016000035],[-110.60381000799998,39.92170033900004],[-110.59189097999996,39.926826376000065],[-110.57922480899998,39.928405120000036],[-110.57175700699997,39.926606082000035],[-110.56105614099994,39.920660423000072],[-110.55050733899998,39.921062951000067],[-110.54337652699996,39.926497839000035],[-110.53758206999998,39.932675822000078],[-110.53100633499997,39.940769681000063],[-110.51387581199998,39.949262394000073],[-110.49912487299997,39.946542249000061],[-110.47649644299997,39.945704397000043],[-110.46216010599994,39.939290463000077],[-110.44496876199997,39.930498913000065],[-110.42663004099995,39.921846802000061],[-110.40309003499999,39.916561048000062],[-110.38314347999994,39.917195380000067],[-110.34914027499997,39.924097405000055],[-110.31683149899999,39.933509513000047],[-110.29676830699998,39.94505416700008],[-110.27409617999996,39.96691413700006],[-110.27149309599997,39.977232817000072],[-110.27345470699998,40.009725759000048],[-110.27127286399997,40.016355910000073],[-110.24401659699998,40.050582435000081],[-110.22961892099994,40.066876146000027],[-110.22487843299996,40.078360390000057],[-110.20323949999994,40.088254353000025],[-110.16646199799999,40.09360866600008],[-110.13704059099996,40.094429260000027],[-110.08836744899997,40.098442358000057],[-110.06487286299995,40.10037215400007],[-110.00566230999999,40.100180821000038],[-109.95346813699996,40.093674158000056],[-109.92564148199995,40.090617805000079],[-109.87710620199999,40.084553627000048],[-109.85506390299997,40.080797535000045],[-109.83614173999996,40.06304226900005],[-109.81971608899994,40.045899419000079],[-109.77799014199996,40.026278869000066],[-109.75922135499997,40.04483314600003],[-109.75023468799998,40.053153684000051],[-109.73546900999997,40.062149723000061],[-109.71617828999996,40.066222321000055],[-109.70329204799998,40.066819119000058],[-109.67944697499996,40.077774755000064],[-109.67114743699995,40.089640484000029],[-109.68269968999999,40.108538703000079],[-109.82716510399996,40.343897122000044],[-109.80519822499997,40.364638881000076],[-109.78653726799996,40.372272378000048],[-109.77135400399999,40.379496333000077],[-109.75339345499998,40.390674783000065],[-109.74802123799998,40.399475081000048],[-109.74514688299996,40.408892134000041],[-109.74615029699999,40.413924094000038],[-109.74709392099999,40.418655528000045],[-109.75118729699994,40.427260603000036],[-109.76171922099996,40.432390357000031],[-109.77126852599997,40.438542236000046],[-109.77652778199996,40.447010796000029],[-109.77731843399994,40.456909059000054],[-109.77676973799998,40.466055346000076],[-109.77756063999999,40.475953494000066],[-109.77951412199997,40.485715970000058],[-109.78594044199997,40.494048256000042],[-109.79550038199994,40.500197964000051],[-109.80604665499999,40.50532357000003],[-109.81757901499998,40.509424821000039],[-109.82911273699995,40.513524946000075],[-109.84046934899999,40.516736556000069],[-109.85182700999997,40.51994707800003],[-109.86318572499994,40.523156510000035],[-109.87275652499994,40.529299902000048],[-109.87588796799997,40.538923948000047],[-109.88215346599998,40.558171618000074],[-109.88412399699996,40.567931879000071],[-109.88725876699999,40.577555393000068],[-109.88672362999995,40.586701504000075],[-109.89084427499995,40.59530088200006],[-109.89613004799997,40.603763332000028],[-109.90025287499998,40.612362291000068],[-109.90222749999998,40.622121915000037],[-109.90536723799994,40.631744621000053],[-109.90366936299995,40.641027314000041],[-109.89946169699999,40.649696274000064],[-109.90143727599997,40.65945567600005],[-109.91274175799998,40.679927397000029],[-109.92108743399996,40.69166315700005],[-109.92809014599999,40.702648148000037],[-109.92558785299997,40.713842045000035],[-109.92864978599994,40.728923402000078],[-109.93467141499997,40.740931899000032],[-109.94509682599994,40.756963910000024],[-109.94341343399998,40.778052851000041]]]},"properties":{"OBJECTID":4,"type":"reservation","date_open":"1902-05-27","COUNT":1,"SHAPE_Length":4.6692496149395035,"SHAPE_Area":0.96398270209112824}},{"type":"Feature","id":5,"geometry":{"type":"MultiPolygon","coordinates":[[[[-99.025912173999984,36.655553810000072],[-99.02596165999995,36.656750758000044],[-99.02567490499996,36.656257682000046],[-99.023262407999937,36.663413697000067],[-99.024203117999946,36.668181598000047],[-99.025143949999972,36.67294950400003],[-99.026827912999977,36.677697475000059],[-99.027769038999963,36.682465384000068],[-99.029453389999958,36.687213340000028],[-99.032599451999943,36.691322850000063],[-99.033541127999968,36.696090746000039],[-99.036687800999971,36.700200163000034],[-99.039091553999981,36.704329524000059],[-99.041495577999967,36.708458845000052],[-99.04682343099995,36.711310891000039],[-99.052970020999965,36.715938041000072],[-99.057580472999973,36.71940819200006],[-99.062884683999982,36.721661008000069],[-99.067521072999966,36.725729252000065],[-99.07210768799996,36.728600339000025],[-99.077438201999939,36.731450971000072],[-99.083487457999979,36.733682556000076],[-99.08881878599999,36.736532659000034],[-99.094894144999955,36.739362125000071],[-99.099482687999966,36.742232121000029],[-99.104071591999968,36.745101934000047],[-99.108660856999961,36.747971565000057],[-99.114737932999958,36.750799982000046],[-99.11932797299994,36.75366918900005],[-99.12391837399997,36.756538213000056],[-99.129227319999984,36.758787956000049],[-99.133100254999988,36.762275714000054],[-99.136255370999947,36.766382496000062],[-99.141616866999982,36.769828640000071],[-99.146209157999976,36.772696783000072],[-99.15082761299999,36.77616322800003],[-99.155420661999983,36.779031005000036],[-99.161502128999985,36.781856951000066],[-99.166840008999941,36.784703440000044],[-99.172152322999978,36.786951199000043],[-99.176028797999948,36.79043753600007],[-99.181315748999964,36.792086386000051],[-99.185910995999961,36.79495294700007],[-99.191916515999992,36.795981828000038],[-99.19786980899994,36.795813431000056],[-99.203796829999987,36.795046242000069],[-99.208900719999974,36.792504457000064],[-99.214827354999954,36.791736689000061],[-99.221577140999955,36.79274281000005],[-99.227530102999992,36.792572851000045],[-99.233536012999991,36.793599519000054],[-99.240286227999945,36.794604522000043],[-99.246319078999989,36.796228983000049],[-99.251608032999968,36.797874548000038],[-99.25623307699999,36.801336726000045],[-99.26226683799996,36.802960341000073],[-99.268247311999971,36.803386702000068],[-99.274201029999972,36.803214283000045],[-99.280181596999967,36.803640012000074],[-99.286243003999971,36.805860812000049],[-99.291533553999955,36.807504517000041],[-99.295443814999942,36.811585254000079],[-99.299327476999963,36.815067402000068],[-99.302494209999963,36.819169646000034],[-99.304916891999937,36.82329358700008],[-99.307366952999985,36.828015948000029],[-99.309790201999988,36.832139803000075],[-99.31224087399994,36.83686208000006],[-99.313202678999971,36.84162798400007],[-99.314164609999978,36.846393891000048],[-99.315153842999962,36.851758270000062],[-99.316887974999986,36.857100803000037],[-99.31859514599995,36.861844853000036],[-99.321047384999986,36.86656701000004],[-99.325016991999973,36.871843793000039],[-99.329622893999954,36.874704621000035],[-99.334229157999971,36.877565265000044],[-99.340325742999937,36.880381720000059],[-99.346395352999991,36.882599378000066],[-99.352465329999973,36.884816714000067],[-99.358535676999963,36.887033726000027],[-99.363861327999984,36.889272581000057],[-99.369214942999974,36.89210965500007],[-99.373823856999991,36.894968712000036],[-99.377743403999943,36.89904677800007],[-99.38238083799996,36.902503964000061],[-99.385556032999943,36.906604057000038],[-99.387986309999974,36.910726394000051],[-99.390416861999938,36.914848688000063],[-99.392875529999969,36.91956940700004],[-99.394589103999976,36.924312452000038],[-99.397765934999939,36.92841224600005],[-99.40019762899999,36.932534365000038],[-99.402629596999986,36.936656438000057],[-99.40652503199999,36.940135114000043],[-99.407494358999941,36.944900453000059],[-99.408463812999969,36.949665795000044],[-99.412360219999982,36.953144291000058],[-99.416974681999989,36.956001674000049],[-99.421589504999986,36.958858871000075],[-99.426894198999946,36.960496360000036],[-99.427639970999962,36.960473778000051],[-99.435871639999959,36.96082352600007],[-99.442696638999962,36.96301346000007],[-99.446680296999943,36.968286212000066],[-99.451467115999947,36.974733040000046],[-99.460520727999949,36.98231058500005],[-99.991341218999992,37.001603995000039],[-100.12713029099996,37.001132381000048],[-100.12714554599995,37.001876636000077],[-100.12797531299998,37.042335491000074],[-100.12811782799997,37.049280004000025],[-100.13099449799995,37.189176595000049],[-100.13136104799997,37.206844502000024],[-100.13662491199995,37.457238817000075],[-100.13698905399997,37.474497531000054],[-100.13929289899994,37.583501185000046],[-100.13727956499997,37.497834344000069],[-100.13793913099994,37.550762202000044],[-100.13847381399995,37.593612478000068],[-100.14061008199997,37.764315569000075],[-100.14891524599994,37.761615879000033],[-100.16760942099995,37.760936290000075],[-100.20049008199999,37.775565821000043],[-100.22726724599994,37.788972762000071],[-100.24211144299994,37.794660528000065],[-100.26861657799998,37.798112916000036],[-100.30599942299995,37.797612009000034],[-100.33945040999998,37.800846576000026],[-100.36715749099994,37.802791407000029],[-100.40022987599997,37.799725233000061],[-100.41783094599998,37.803245549000053],[-100.43869843499999,37.804537332000052],[-100.45499772699998,37.811401402000058],[-100.47378590799997,37.821764834000078],[-100.48624156399995,37.833573358000081],[-100.50877516499997,37.843184876000066],[-100.53048565099999,37.845626913000046],[-100.58903625099998,37.844494911000027],[-100.63176045799997,37.84427418000007],[-100.64936434099997,37.847459786000059],[-100.66450336599996,37.853442595000047],[-100.68163637099997,37.855142894000039],[-100.70942114599995,37.869300613000064],[-100.72657452299995,37.876992478000034],[-100.74348940099998,37.892490504000079],[-100.75745387999996,37.897610563000057],[-100.77517561799999,37.902272531000051],[-100.78459392599996,37.907278868000049],[-100.79192753499996,37.915071320000038],[-100.80550439399997,37.925601402000041],[-100.81876768599994,37.937043143000039],[-100.82530871899996,37.938567793000061],[-100.83245034799995,37.937171079000052],[-100.87797822899995,37.979399317000059],[-100.92103342799999,38.013078483000072],[-100.95188036499997,38.045158702000037],[-100.98005422099999,38.073315912000055],[-100.98648043799994,38.078413089000037],[-100.99037665699996,38.085539922000066],[-101.00500750999998,38.100263604000077],[-101.01665785999995,38.110507746000053],[-101.03154150999995,38.125217519000046],[-101.07109404099998,38.162073490000068],[-101.08891638799997,38.179064278000055],[-101.09294644899995,38.182904811000071],[-101.09900908499998,38.188681289000044],[-101.14452144099994,38.239100778000079],[-101.17360334899996,38.278302881000059],[-101.19085139999999,38.311431907000042],[-101.20416557299995,38.342636477000042],[-101.21103307599998,38.374131605000059],[-101.22252042999997,38.468728999000064],[-101.23013955899995,38.504990931000066],[-101.23484535199998,38.517080108000073],[-101.27982189499994,38.603552767000053],[-101.29491351799999,38.631669468000041],[-101.30389235099994,38.65976487000006],[-101.30785117799996,38.687189841000077],[-101.30886894199995,38.721351104000064],[-101.30640344499994,38.760172848000025],[-101.30598002099998,38.800701316000072],[-101.31014878799999,38.830817345000071],[-101.31404511199997,38.877749489000053],[-101.32953685699994,38.973601231000032],[-101.33284982399994,38.989977732000057],[-101.33777956999995,39.014331988000038],[-101.34145380999996,39.032472630000029],[-101.37373705699997,39.191457554000067],[-101.38148179199999,39.227672436000034],[-101.38307067899996,39.235097500000052],[-101.39318371699994,39.282319577000067],[-101.39659841399998,39.320869617000028],[-101.39885044699997,39.346270554000057],[-101.39538550599997,39.373195493000026],[-101.38896696799998,39.397945710000045],[-101.38426283799998,39.426682732000074],[-101.38250756299999,39.437399415000073],[-101.37851012499999,39.468637798000032],[-101.37829814399998,39.536756714000035],[-101.37755529599997,39.570094750000067],[-101.38579360799997,39.639624241000035],[-101.39375246699996,39.680062695000061],[-101.43687346699994,39.852940011000044],[-101.45123075699996,39.942889715000035],[-101.45294512799995,39.980565047000027],[-101.45025229399994,40.004168762000063],[-101.39491433599994,40.053388852000069],[-101.32014117099999,40.136325987000077],[-101.25841136899999,40.210520235000047],[-101.20713151399997,40.266991401000041],[-101.13620064399998,40.354173379000031],[-101.07228712199998,40.439988695000068],[-101.03916881699996,40.485967348000031],[-101.00115572199996,40.529100867000068],[-100.96109808099999,40.581419745000062],[-100.94616593799998,40.604829033000044],[-100.93586246899997,40.628044035000073],[-100.91727671499996,40.665777877000039],[-100.89465440099997,40.703166389000046],[-100.88033711899999,40.726538341000037],[-100.87536216999996,40.740919034000058],[-100.86914114399997,40.765982895000036],[-100.86133806899994,40.787566037000033],[-100.85027337799994,40.838645671000052],[-100.84566506599998,40.84895828100008],[-100.83133632399995,40.872826824000072],[-100.82326192099998,40.890872002000037],[-100.81756251799999,40.904770605000067],[-100.80441003799996,40.945798890000049],[-100.79982289799995,40.956613744000038],[-100.79197461899997,40.968571238000038],[-100.78223048099994,40.982122343000071],[-100.73618907499997,41.050768179000045],[-100.68971091999998,41.114344763000076],[-100.67847863599997,41.126492940000048],[-100.04005599499999,42.527418126000043],[-99.842956199999946,42.998335198000063],[-99.827744435999989,43.045846139000048],[-99.808438766999984,43.084505069000045],[-99.770719172999975,43.161443653000049],[-99.764195742999959,43.173116316000062],[-99.756907518999981,43.188636255000063],[-99.735473799999966,43.231592407000051],[-99.726168710999957,43.252188868000076],[-99.719995167999969,43.264563702000032],[-99.673569083999951,43.359390681000036],[-99.662852520999991,43.378824155000075],[-99.646570038999982,43.410366835000048],[-99.635915929999953,43.431227851000074],[-99.625386499999991,43.448499407000043],[-99.614140997999982,43.47678090800008],[-99.608125290999965,43.480777880000062],[-99.60191116499999,43.487169461000065],[-99.606927286999962,43.494908888000055],[-99.60281207099996,43.50250111400004],[-99.591844407999986,43.52101275900003],[-99.581364773999951,43.540884788000028],[-99.574536808999937,43.554535048000048],[-99.566998173999991,43.570651052000073],[-99.553508707999981,43.598630846000049],[-99.545634996999979,43.612613415000055],[-99.538655777999963,43.627639869000063],[-99.537312210999971,43.630175888000053],[-99.531583483999952,43.640986569000063],[-99.525777805999951,43.654449672000055],[-99.520462002999977,43.665299736000065],[-99.516122632999952,43.674746181000046],[-99.512799896999979,43.679578079000066],[-99.507000775999984,43.681422136000037],[-99.506405705999953,43.689172614000029],[-99.502806709999959,43.695769633000054],[-99.491945559999976,43.702328904000069],[-99.479583888999969,43.70979155200007],[-99.451403037999967,43.724900560000037],[-99.438628222999967,43.732511829000032],[-99.442190290999974,43.745214138000051],[-99.450348033999944,43.760082164000039],[-99.459442189999947,43.772631111000067],[-99.465021558999979,43.786688240000046],[-99.465217324999969,43.787181349000036],[-99.458802373999958,43.795572843000059],[-99.447504991999949,43.801423775000046],[-99.426932103999945,43.803214516000025],[-99.415472460999979,43.804210499000078],[-99.377408404999983,43.807724582000048],[-99.362777025999947,43.819483228000081],[-99.361919757999942,43.820704870000043],[-99.351709083999992,43.835251374000052],[-99.35051572499998,43.848080721000031],[-99.356722108999975,43.866251143000056],[-99.359846092999987,43.875717503000033],[-99.36885056899996,43.88139714600004],[-99.381226062999986,43.885839450000049],[-99.39200114199997,43.889941789000034],[-99.395462306999946,43.893540446000031],[-99.401491391999969,43.899807812000063],[-99.402683990999947,43.917728535000037],[-99.402960011999937,43.938347264000072],[-99.397088593999968,43.95103419700007],[-99.393493855999964,43.95819731000006],[-99.394478086999982,43.972111595000058],[-99.402214022999942,43.988707599000065],[-99.410178391999978,44.004532733000076],[-99.422628928999984,44.020044177000045],[-99.429404783999985,44.023105985000029],[-99.443204743999956,44.027200791000041],[-99.454177787999981,44.034538334000047],[-99.46642451699995,44.040885082000045],[-99.47916182199998,44.046453281000026],[-99.491545454999937,44.050311454000052],[-99.502293299999963,44.053259174000061],[-99.513570882999943,44.056191212000044],[-99.523863690999974,44.060486457000025],[-99.54013994099995,44.067668032000029],[-99.552319037999951,44.073039357000027],[-99.558047932999955,44.075565232000031],[-99.573948402999974,44.085426311000049],[-99.584413240999936,44.097540429000048],[-99.588479433999964,44.10888114800008],[-99.590817055999992,44.127335334000065],[-99.590978564999944,44.133211364000033],[-99.591288420999945,44.144481470000073],[-99.591832311999951,44.164253870000039],[-99.592336925999973,44.170742391000033],[-99.59355050399995,44.186341480000067],[-99.596609771999965,44.202221163000047],[-99.605457074999947,44.210194014000081],[-99.620015902999967,44.218002609000052],[-99.639959041999987,44.225775422000027],[-99.659664520999968,44.23222148900004],[-99.669013466999957,44.231842499000038],[-99.680645173999949,44.231369997000058],[-99.692687088999946,44.227147883000043],[-99.701186807999989,44.219915194000066],[-99.70013849299994,44.210782149000067],[-99.688621427999976,44.204246220000073],[-99.663218455999981,44.186657924000031],[-99.642765987999951,44.171976303000065],[-99.628116166999973,44.156551733000072],[-99.620365528999969,44.145891560000052],[-99.620385085999942,44.143649670000059],[-99.620473803999971,44.133477951000032],[-99.625038592999942,44.120172268000033],[-99.634442161999971,44.112833740000042],[-99.639772057999949,44.108673216000057],[-99.654015379999976,44.102723735000041],[-99.666289347999964,44.099503095000046],[-99.678408022999974,44.102968961000045],[-99.695802386999958,44.110670901000049],[-99.712498173999961,44.121373563000077],[-99.713474227999939,44.121799204000069],[-99.726792867999961,44.127605890000041],[-99.749817420999989,44.133698307000031],[-99.77912827099999,44.140929176000043],[-99.797960984999975,44.141210335000039],[-99.818670880999946,44.136229521000075],[-99.839113138999949,44.132463192000046],[-99.860323521999987,44.130363786000032],[-99.888845027999992,44.135415890000047],[-99.908802055999956,44.14326814900005],[-99.924219520999941,44.152024951000044],[-99.941085072999954,44.167825525000069],[-99.952569448999952,44.180068864000077],[-99.957770186999937,44.19365386000004],[-99.95851490199999,44.205946134000044],[-99.967381256999943,44.214260005000028],[-99.968650468999954,44.220009128000072],[-99.969579130999989,44.224214980000056],[-99.967715046999956,44.23286544900003],[-99.958451593999939,44.244325298000035],[-99.944273276999979,44.266819932000033],[-99.947766761999958,44.271865564000052],[-99.959909171999982,44.27492219700008],[-99.975909223999963,44.275851801000044],[-99.995109888999991,44.276964652000061],[-100.00755528599996,44.27840827600005],[-100.02727858099996,44.281504354000049],[-100.04490006899994,44.289246694000042],[-100.07169273199997,44.306115434000048],[-100.07519606999995,44.308320043000037],[-100.09565274899995,44.316536711000026],[-100.11153719499998,44.321748760000048],[-100.14280513199998,44.324165049000044],[-100.17986865699999,44.329818815000067],[-100.20906792499994,44.337155620000033],[-100.22754983199997,44.339116829000034],[-100.25844480899997,44.347817659000043],[-100.28696189099998,44.350577742000041],[-100.30632093799994,44.357177623000041],[-100.31064460299996,44.35865104800007],[-100.33683601399997,44.36233840400007],[-100.36729676099998,44.364154897000049],[-100.38486542799996,44.370134353000026],[-100.40670676799999,44.391999980000037],[-100.41451812299994,44.401178241000025],[-100.41855928899997,44.420828415000074],[-100.41858837999996,44.440872292000051],[-100.42564206399999,44.450552945000027],[-100.44051904599996,44.457668589000036],[-100.46996855099997,44.467323949000047],[-100.49458935299998,44.472562334000031],[-100.51126481999995,44.470824801000049],[-100.53044003999997,44.462886862000062],[-100.54227812599999,44.458455599000047],[-100.55355863399996,44.454231425000046],[-100.57653013399994,44.45493147500008],[-100.59239094699996,44.456839742000057],[-100.60220851899999,44.463738380000052],[-100.62534291699995,44.474160298000072],[-100.62819811899999,44.481183387000044],[-100.62872352499994,44.488561833000063],[-100.62627318999995,44.496287364000068],[-100.61904776899996,44.502516286000059],[-100.60872624699994,44.507425452000064],[-100.59604113199998,44.511942074000046],[-100.59412744899998,44.512939710000069],[-100.58767864799995,44.516301131000034],[-100.58605774299997,44.517625950000081],[-100.57790329199997,44.524289672000066],[-100.57404761099997,44.531109661000073],[-100.56506588199994,44.536205043000052],[-100.55618293699996,44.54272773100007],[-100.55090918999997,44.548404564000066],[-100.54831395999997,44.554223766000064],[-100.55715168499995,44.556531420000056],[-100.57199838199995,44.558860873000071],[-100.58712856699998,44.560462603000076],[-100.60193117499995,44.566846288000079],[-100.62440028099996,44.577721231000055],[-100.63589060199996,44.579688343000043],[-100.65007050999998,44.586566421000043],[-100.66322919499999,44.597774989000072],[-100.66899217399998,44.608251969000037],[-100.67037802199997,44.61822141500005],[-100.67538800599999,44.632113193000066],[-100.68026954799996,44.639567875000068],[-100.68139323099996,44.650500590000036],[-100.67850662899997,44.656809425000063],[-100.67342307499996,44.665107276000072],[-100.66825250099998,44.672215173000041],[-100.66504123999994,44.684260409000046],[-100.65934733699999,44.707368855000027],[-100.65660160699997,44.729652528000031],[-100.65752882299995,44.738442055000064],[-100.65765436799995,44.739631952000025],[-100.66385024799996,44.745495146000053],[-100.66663354499997,44.748128531000077],[-100.68336943099996,44.752761832000033],[-100.69587687799998,44.75444815600008],[-100.71154557999995,44.75816308900005],[-100.73176531999997,44.76456945800004],[-100.75075820599994,44.77244952500007],[-100.76585328599998,44.781903687000067],[-100.76664978499997,44.782768529000066],[-100.77604786199998,44.792970779000029],[-100.77961693599997,44.805000950000078],[-100.78109442699997,44.815916697000034],[-100.77741864099994,44.825117327000044],[-100.77045259599998,44.830624847000081],[-100.76116309399998,44.836457085000063],[-100.75596259599996,44.837360027000045],[-100.74891781999997,44.83858280100003],[-100.73579392999994,44.837878120000028],[-100.71934499699995,44.837533599000039],[-100.70261922099996,44.833381485000075],[-100.68756676999999,44.829165759000034],[-100.65063946599997,44.804999572000042],[-100.63094028299997,44.791884082000081],[-100.61502481399998,44.780059546000075],[-100.59798234099998,44.77113558700006],[-100.58642545899994,44.768690007000032],[-100.57584023499999,44.770501428000046],[-100.57014843099995,44.77523698300007],[-100.56718890199994,44.781189700000027],[-100.56604375599994,44.783492686000045],[-100.56402638399999,44.792865798000037],[-100.55480861699999,44.804642326000078],[-100.54802730099999,44.817761757000028],[-100.54164425399995,44.827050824000025],[-100.53357117799999,44.836160929000073],[-100.52343952799998,44.842036352000036],[-100.52262119099998,44.842510828000059],[-100.50063188599995,44.854018266000026],[-100.48649810599994,44.861632292000081],[-100.46948384099994,44.870011563000048],[-100.45795820099994,44.877128642000059],[-100.45094755199995,44.884392410000032],[-100.44838177299994,44.896994077000045],[-100.45217812099997,44.908458318000044],[-100.45813150599997,44.926255342000047],[-100.46052990799996,44.932240101000048],[-100.46410229399999,44.941152045000081],[-100.46754574199997,44.956746711000051],[-100.46602083899995,44.972473717000071],[-100.46844010899997,44.994968332000042],[-100.46793792599999,45.012529710000081],[-100.45629447299996,45.024529335000068],[-100.44420094799995,45.033187117000068],[-100.43193654799995,45.039408755000068],[-100.42608326399994,45.04815336200005],[-100.41652754599994,45.050008560000038],[-100.41239072399998,45.050906246000068],[-100.40232109599998,45.053090673000042],[-100.38083890299998,45.050471390000041],[-100.36141240799998,45.046405779000054],[-100.34599386599996,45.037930394000057],[-100.33085574999996,45.033562112000027],[-100.32042048299996,45.03513485600007],[-100.31555479699995,45.039569812000025],[-100.32256662599997,45.044671949000076],[-100.33193085699997,45.049541627000053],[-100.34315262199999,45.054917100000068],[-100.34990041099996,45.05952405000005],[-100.35443325199998,45.06261818400003],[-100.36641456699999,45.074260024000068],[-100.37228477199994,45.087786941000047],[-100.36728263299995,45.102904219000038],[-100.36100749399998,45.115166332000058],[-100.35757008699994,45.12701682900007],[-100.35251008999995,45.141771837000078],[-100.34314756999999,45.15867329200006],[-100.33301197499998,45.17617122200005],[-100.32577163099995,45.188709609000057],[-100.32044922099999,45.211760846000061],[-100.31939125999997,45.22609088300004],[-100.31523809599997,45.236522136000076],[-100.31171742499998,45.250362202000076],[-100.31408077299994,45.261431681000033],[-100.31689310799999,45.264972857000032],[-100.32159994599999,45.270898440000053],[-100.33545105699994,45.284153308000043],[-100.34821173699999,45.29915842500003],[-100.35705343999996,45.311560322000048],[-100.35716615099994,45.311718380000059],[-100.35543901699998,45.322066882000058],[-100.35140174599996,45.334208153000077],[-100.34299198299999,45.347639723000043],[-100.33344155999998,45.356249926000032],[-100.32105668199995,45.370956032000038],[-100.31891749599998,45.381316277000053],[-100.31641140599999,45.392260080000028],[-100.32051572199998,45.39898127500004],[-100.32496783599998,45.40483327700008],[-100.32905455699995,45.411268891000077],[-100.33239035499997,45.418586848000075],[-100.33576558099998,45.426474828000039],[-100.34105023599994,45.432583800000032],[-100.34739571699998,45.436370695000051],[-100.35297080999999,45.44075478700006],[-100.35860499099994,45.445993886000053],[-100.36696259999997,45.455426815000067],[-100.37387308799998,45.461479201000031],[-100.38142462699994,45.470938330000081],[-100.38922692799997,45.478102467000042],[-100.39683474499998,45.48241534400006],[-100.40154777099997,45.485969295000075],[-100.40510444599994,45.490419726000027],[-100.40831532999994,45.495739030000038],[-100.41655744099995,45.509172258000035],[-100.43861851899999,45.516701896000029],[-100.51054170699996,45.516495983000027],[-100.52588618899995,45.520816663000062],[-100.52986457399999,45.527726512000072],[-100.53330467999996,45.533700061000047],[-100.53573678199996,45.550757906000058],[-100.53212436099994,45.568598555000051],[-100.51154370299997,45.588174152000079],[-100.48963648499995,45.600649390000058],[-100.47832370899994,45.607611982000037],[-100.47458608199997,45.629737227000078],[-100.47707499699999,45.659358218000079],[-100.47210656599998,45.669812620000073],[-100.45590200299995,45.676940467000065],[-100.44892464199995,45.678352742000072],[-100.43380406799997,45.681411750000052],[-100.40633916799999,45.684919337000053],[-100.39337748699995,45.691632584000047],[-100.39217595699995,45.692254751000064],[-100.37578038599997,45.696807842000055],[-100.37207570599998,45.714068226000052],[-100.36903032299995,45.735017949000053],[-100.38838687199996,45.755496151000045],[-100.41360527799998,45.772059521000074],[-100.41873692099995,45.781307986000058],[-100.42031343799994,45.798101195000072],[-100.42625313399998,45.801325226000074],[-100.43198493899996,45.807411395000031],[-100.43797666099994,45.817200219000028],[-100.44030335699995,45.827113956000062],[-100.43757533899998,45.864037453000037],[-100.43678128699997,45.876055116000032],[-100.44315683299999,45.879548672000055],[-100.45026871199997,45.881874776000075],[-100.46170653099995,45.881768241000032],[-100.47200132199998,45.882841967000047],[-100.48043862199995,45.88654828500006],[-100.48812172899994,45.891136543000073],[-100.49429563699994,45.897489384000039],[-100.50012351799995,45.904710282000053],[-100.50205515399995,45.914634980000073],[-100.50680616599999,45.918181565000054],[-100.51663873699994,45.918411504000062],[-100.52775641299996,45.919452393000029],[-100.53695672899994,45.922272044000067],[-100.55034140399994,45.932081470000071],[-100.56007744099998,45.942302786000027],[-100.56700207899996,45.954353651000076],[-100.56832944899998,45.955951034000066],[-100.57506994099998,45.964061128000026],[-100.58371353099994,45.97603123500005],[-100.58833361899997,45.983289943000045],[-100.59185335799998,45.992299780000053],[-100.59815096099999,46.000069650000057],[-100.60636852699997,46.006058729000074],[-100.61715683599999,46.007960281000067],[-100.62782084499997,46.008152820000078],[-100.63892040199994,46.014711137000063],[-100.64533592999999,46.023045233000062],[-100.64767487599994,46.031643239000061],[-100.64669130499999,46.039170311000078],[-100.64305185699999,46.047743166000032],[-100.64218942399998,46.056930374000046],[-100.64708494199999,46.065436703000046],[-100.65985988699998,46.076515350000079],[-100.67092061899996,46.101328100000046],[-100.67535866299994,46.11971776300004],[-100.67654591399997,46.14036304900003],[-100.67232999599997,46.159655109000028],[-100.66367306699999,46.17446820400005],[-100.65664475799997,46.181257216000063],[-100.63465740199996,46.215085247000047],[-100.63258558699994,46.217991704000042],[-100.62161509199996,46.233376363000048],[-100.61534581799998,46.248336158000029],[-100.61534716799997,46.24836192500004],[-100.61577434099996,46.256522073000042],[-100.62084402099998,46.264900645000068],[-100.62190741899997,46.267275917000063],[-100.62555896799995,46.275430718000052],[-100.62660647399997,46.28502039500006],[-100.62564754399995,46.294841659000042],[-100.62562837699994,46.295037924000042],[-100.62200610899998,46.304078931000049],[-100.61428614599998,46.313382800000056],[-100.60936546199997,46.318784780000044],[-100.60476986899994,46.333325119000051],[-100.60386519199994,46.360805822000032],[-100.60891213999997,46.373461205000069],[-100.61425421599995,46.387769095000067],[-100.61880919799995,46.407688113000063],[-100.62401999199994,46.422474385000044],[-100.63160997099999,46.439195709000046],[-100.63275656899998,46.447508398000025],[-100.63604717999999,46.471351675000051],[-100.63500327899999,46.489800675000026],[-100.63182622399995,46.504998081000053],[-100.61835617399998,46.518299841000044],[-100.58638508199999,46.532839680000052],[-100.57972089499998,46.540554170000064],[-100.58009632299996,46.550398577000067],[-100.58689182899997,46.556218811000065],[-100.60373008399995,46.565131867000048],[-100.61456997399995,46.574371858000063],[-100.61922848599994,46.583827820000067],[-100.61813390099996,46.594672800000069],[-100.61225319699997,46.60604134700003],[-100.60971819299999,46.613729866000028],[-100.61401481199994,46.620585422000033],[-100.62126373599995,46.623062520000076],[-100.63720148199997,46.624165083000037],[-100.65293264399997,46.624798049000049],[-100.66155887099995,46.62722434300008],[-100.67440533299998,46.633062805000066],[-100.68196301099994,46.637306822000028],[-100.69642029699997,46.646173194000028],[-100.71075919399999,46.651123727000027],[-100.72597817699994,46.656278658000076],[-100.73968762099997,46.661961077000058],[-100.75168844199999,46.667822385000079],[-100.75949002299996,46.675140289000069],[-100.76798163299998,46.682432719000076],[-100.78337594599998,46.687455982000074],[-100.79572928399995,46.691044497000064],[-100.81036436299996,46.690630469000041],[-100.82450465999995,46.694982328000037],[-100.84559964199997,46.704420536000043],[-100.85859544399995,46.716172171000039],[-100.86640981799997,46.732268858000054],[-100.87054947099995,46.743276337000054],[-100.87939288499996,46.752566384000033],[-100.88700531299997,46.761545094000041],[-100.88813817199997,46.771594105000077],[-100.88428360799998,46.781945978000067],[-100.87345078799996,46.791486494000026],[-100.87127435399998,46.796848659000034],[-100.86955311799994,46.810928591000049],[-100.87763872299996,46.823051355000075],[-100.89301613399999,46.837068847000069],[-100.91940515099998,46.868450289000066],[-100.93655652999996,46.908759672000031],[-100.94002813199995,46.925263371000028],[-100.94976728599994,46.941076740000028],[-100.96465617599995,46.969226582000033],[-100.96948441099994,46.985904227000049],[-100.97100003199995,46.998604705000048],[-100.96324885399997,47.009943130000067],[-100.95316702999997,47.01715353000003],[-100.93565883099996,47.02315863900003],[-100.92268529799998,47.029676504000065],[-100.91965667599999,47.035597041000074],[-100.92257635199996,47.043005319000031],[-100.92929444299995,47.047880948000056],[-100.93417344699998,47.05476053700005],[-100.94701376199998,47.065329445000032],[-100.95894018699994,47.079005740000071],[-100.96092466199997,47.093393658000025],[-100.96185985999995,47.119662146000053],[-100.96955444399998,47.136567897000077],[-100.98089993999997,47.149009493000051],[-100.99482117699995,47.160214702000076],[-101.00893112499995,47.173688187000039],[-101.01207729799995,47.187800693000042],[-101.01336053299997,47.211886737000043],[-101.01281194099994,47.236040075000062],[-101.01936494899996,47.247176292000063],[-101.02708294799999,47.259861534000038],[-101.03992615299995,47.269734564000032],[-101.06096313899997,47.283620717000076],[-101.08021111299996,47.295978081000044],[-101.08989800099994,47.301868737000063],[-101.10566993899994,47.302404400000057],[-101.13260756299997,47.302395427000079],[-101.16051527499997,47.295969618000072],[-101.20198853199997,47.281838290000053],[-101.25216141699997,47.261658559000068],[-101.26576980999994,47.260438803000056],[-101.27967033399995,47.260685997000053],[-101.29087225099994,47.264567919000058],[-101.29877119799994,47.268921714000044],[-101.30521868699998,47.275837212000056],[-101.30894070999994,47.284113008000077],[-101.31345757999998,47.293836716000044],[-101.32044010799996,47.29720108500004],[-101.34052874499997,47.297309191000068],[-101.36134354299998,47.298068108000052],[-101.37729460599996,47.300613595000073],[-101.39134651999996,47.306307488000073],[-101.39960512699997,47.314624909000031],[-101.40110212599996,47.320255892000034],[-101.40380299499998,47.331984743000078],[-101.40050749099998,47.344069641000033],[-101.39300664799998,47.354047480000077],[-101.38938389899994,47.366258229000039],[-101.38686753599995,47.375806155000078],[-101.38900922999994,47.38880783500008],[-101.39472543699998,47.398592138000026],[-101.40616486299996,47.410534538000036],[-101.41896282399995,47.420713712000065],[-101.43386027399998,47.431830427000079],[-101.44647672999997,47.445541664000075],[-101.45467824699995,47.456700475000048],[-101.45905979199995,47.46448700600007],[-101.46039619199996,47.473876705000066],[-101.45586947399994,47.483391407000056],[-101.44573114099995,47.492109952000078],[-101.43227412899995,47.501303349000068],[-101.42131774699999,47.506525644000078],[-101.41384041199996,47.516953400000034],[-101.40823714299995,47.523891810000066],[-101.40450365899994,47.53109568900004],[-101.40324040199994,47.537744686000053],[-101.41371340899997,47.542213715000059],[-101.42903021399997,47.544438211000056],[-101.44837271599994,47.544677289000049],[-101.46872388099996,47.546806373000038],[-101.48458752299996,47.545703237000055],[-101.50547240699996,47.540637832000073],[-101.53175068399997,47.535801536000065],[-101.55483125899997,47.532799019000038],[-101.57674374599998,47.52620022800005],[-101.60289661899998,47.520102951000069],[-101.62622713199994,47.519921719000081],[-101.63756032499998,47.524451708000072],[-101.65022287299996,47.530631404000076],[-101.66164301599997,47.537886397000079],[-101.67366214299994,47.544318586000031],[-101.68399860599999,47.547066424000036],[-101.70358578699995,47.547713529000077],[-101.72142853399998,47.540808955000045],[-101.73897491099996,47.534369533000074],[-101.74964045899998,47.531636609000032],[-101.76456273499997,47.529516237000053],[-101.77674149099994,47.532177850000039],[-101.79296959799996,47.535004763000074],[-101.81203418099994,47.528717222000068],[-101.82684319199996,47.520108311000058],[-101.84138754899999,47.512660770000025],[-101.84123677999997,47.538408099000037],[-101.84090695999998,47.594651364000072],[-101.84036716299994,47.686459508000041],[-101.83392531899995,48.08569903700004],[-101.83214067699998,48.509757175000061],[-101.83270481299996,48.542064053000047],[-101.88988045099995,48.542460646000052],[-102.08315166899996,48.543624371000078],[-102.41602988199998,48.54553370900004],[-102.71975735299998,48.544552288000034],[-102.71849814599994,48.525600449000081],[-102.72386395699999,48.516254679000042],[-102.73655383499994,48.505759115000046],[-102.74095705999997,48.498348510000028],[-102.74313396499997,48.49200668900005],[-102.74288409199994,48.481708210000079],[-102.74445417399994,48.47155921600006],[-102.74796334499996,48.46263285100008],[-102.75228951899999,48.456183673000055],[-102.75807342499996,48.446664182000063],[-102.76195322899997,48.441075772000033],[-102.76375957699997,48.433071779000045],[-102.76238579999995,48.424026167000079],[-102.75984066599995,48.418995850000044],[-102.75447027399997,48.407205862000069],[-102.74834022399995,48.398140367000053],[-102.74786344099999,48.386239044000035],[-102.74387002699996,48.373375732000056],[-102.73846661999994,48.363137240000071],[-102.73809860899996,48.340722462000031],[-102.73637292299998,48.329373105000059],[-102.73114229899994,48.320639177000032],[-102.72412279299999,48.311756684000045],[-102.71459634799999,48.30583751100005],[-102.70435238199997,48.303029706000075],[-102.69284276099995,48.298390135000034],[-102.68303179399999,48.296269453000036],[-102.67704991099998,48.293486726000026],[-102.67548773799996,48.285753326000076],[-102.67332441399998,48.278995972000075],[-102.66819525499994,48.274277489000042],[-102.65989332299995,48.269714331000046],[-102.65083574199997,48.264714287000061],[-102.64497857799995,48.259793811000065],[-102.64075601899998,48.25360969500008],[-102.63924240299997,48.243032423000045],[-102.64111560899994,48.22779171600007],[-102.64766341399996,48.219659662000026],[-102.64858032399997,48.205411340000069],[-102.64978078099995,48.193752575000076],[-102.65751520199996,48.183572085000037],[-102.66425292699995,48.174007894000056],[-102.66539802999995,48.161876844000062],[-102.66965821899998,48.149118510000051],[-102.68285710099997,48.134024628000077],[-102.68678245599995,48.127911185000073],[-102.69362755399999,48.11620679300006],[-102.69449450899998,48.098403113000074],[-102.70377101899999,48.085412227000063],[-102.75129407699995,48.120184927000025],[-102.76373949499998,48.128278802000068],[-102.77050208599996,48.138171085000067],[-102.78208136399996,48.145548638000037],[-102.80818935299999,48.146134103000065],[-102.84607761599995,48.145741133000058],[-102.87197303399995,48.144430568000075],[-102.90167917199994,48.141784222000069],[-102.94367921399999,48.137743923000073],[-102.95939522699996,48.136558699000034],[-102.98234031399994,48.134241363000058],[-102.99844372999996,48.131515699000033],[-103.02071942899994,48.132305397000039],[-103.04490223099998,48.139458556000079],[-103.07527938799996,48.149600260000057],[-103.09826090399997,48.158464897000044],[-103.12000660599995,48.162772037000082],[-103.14300205099994,48.162628092000034],[-103.15753462699996,48.156768915000043],[-103.16674116499996,48.149294705000045],[-103.17233080299997,48.141181999000025],[-103.19005160799998,48.132425457000068],[-103.19816494999998,48.12773048300005],[-103.20121748699995,48.11915827200005],[-103.20246069999996,48.104285330000039],[-103.20595849099999,48.081591426000045],[-103.21409529699997,48.072185475000026],[-103.22881708499995,48.066660819000049],[-103.25271738799995,48.065500126000074],[-103.26363408699996,48.06218941800006],[-103.26858557899999,48.057776629000045],[-103.28611616399996,48.053634376000048],[-103.30110006099994,48.056262441000058],[-103.31153373999996,48.059253417000036],[-103.31975553099994,48.055609595000078],[-103.32606984499995,48.049343245000045],[-103.33845111099998,48.043576746000042],[-103.35309311299994,48.04337380000004],[-103.36322855799995,48.048273079000069],[-103.36906616499999,48.052694894000069],[-103.37574809499995,48.053871074000028],[-103.37879638999999,48.046950529000071],[-103.38219910799995,48.038588374000028],[-103.41181272699998,48.033650039000065],[-103.44215617099997,48.034708701000056],[-103.45785329399996,48.031591947000038],[-103.49087755599999,48.014240011000027],[-103.50688647099997,48.013707181000029],[-103.52669044099997,48.025287529000082],[-103.54661798199999,48.043495076000056],[-103.55913890099998,48.051802862000045],[-103.58619013999999,48.057517475000054],[-103.59535020999999,48.06008474600003],[-103.60114903499999,48.066869859000064],[-103.60266225499998,48.074725149000074],[-103.59542399699995,48.083308823000039],[-103.58481549899994,48.08899961700007],[-103.57429351099995,48.096817529000077],[-103.57009344799997,48.102858921000063],[-103.57451678699994,48.108536290000075],[-103.58160429299994,48.11003547200005],[-103.60708246999997,48.110028157000045],[-103.61763932299999,48.109553022000057],[-103.62834895899994,48.114519447000077],[-103.63440452699996,48.120458532000043],[-103.63827829699994,48.12592791000003],[-103.64154939999997,48.129416721000041],[-103.64702738199998,48.129344494000065],[-103.64849883299996,48.124166038000055],[-103.64997601699997,48.113417609000066],[-103.65320373699996,48.108139544000039],[-103.65962271299998,48.102917739000077],[-103.66908196799994,48.103567177000059],[-103.68037230099998,48.111696539000036],[-103.68840398299994,48.115032819000078],[-103.69634374899994,48.116240764000054],[-103.70579843599995,48.114043843000047],[-103.71667291899996,48.111883792000071],[-103.73494085399994,48.099700858000062],[-103.74306327999994,48.09402158000006],[-103.74996850799994,48.092678122000052],[-103.75575588199996,48.085353700000041],[-103.76106020599997,48.078412079000032],[-103.76528998299995,48.069990829000062],[-103.76894007599998,48.037402778000057],[-103.77704858999999,48.02783215900007],[-103.78639428099996,48.021319098000049],[-103.79689221899997,48.013885060000064],[-103.80478144399996,48.012575935000029],[-103.81471688999994,48.013993356000071],[-103.81968882499996,48.019680924000056],[-103.82643962099996,48.022704469000075],[-103.83170979399995,48.024106317000076],[-103.83597689799996,48.021013588000073],[-103.84991250899998,48.00740010700008],[-103.85842257699994,48.004344296000056],[-103.86823081899996,48.001496816000042],[-103.88583232699995,47.99990114600007],[-103.91333158299994,47.999431003000041],[-103.92661306999997,47.997229236000067],[-103.93368712099999,47.989699157000075],[-103.93681053899996,47.984392914000068],[-103.93740950399996,47.979234928000039],[-103.93312387499998,47.972371768000073],[-103.92525407999995,47.964011233000065],[-103.92115462199996,47.958559655000045],[-103.91910121799998,47.949287774000027],[-103.91699149999994,47.936318731000028],[-103.91275477699998,47.906964290000076],[-103.91954279999999,47.894040431000064],[-103.93375615499997,47.876408231000028],[-103.94603939699999,47.853762191000044],[-103.96498547999994,47.840115079000043],[-103.98432967499997,47.829572829000028],[-104.00453131799998,47.822393169000065],[-104.01784530799995,47.820746358000065],[-104.03857118599996,47.814384082000061],[-104.04851875999998,47.803252569000051],[-104.05060529899998,47.788247236000075],[-104.07473374899996,47.77654177900007],[-104.08815006899994,47.768335370000045],[-104.10279037499998,47.75926475600005],[-104.11504993199998,47.748199450000072],[-104.12568718899996,47.736874439000076],[-104.13080330199995,47.723745718000032],[-104.13810485999994,47.711195946000032],[-104.13684257399996,47.697739943000045],[-104.13976631399998,47.684029611000028],[-104.15433180899998,47.674597799000026],[-104.17259680299998,47.669212612000081],[-104.18895884799997,47.66144756500006],[-104.20175351399996,47.650692510000056],[-104.21345078699994,47.639646627000047],[-104.22067804599999,47.626735901000075],[-104.22253462599997,47.61308497300007],[-104.22814215599999,47.599915646000056],[-104.24267414799999,47.590471910000076],[-104.25102901699995,47.578200120000076],[-104.26384311499999,47.567789877000052],[-104.27608316599998,47.557056988000056],[-104.28385720199998,47.544460828000069],[-104.29551953299995,47.533404335000057],[-104.30006077099995,47.520293613000035],[-104.30184875399999,47.506283887000052],[-104.30420517599998,47.492594611000072],[-104.30603919799995,47.478937142000063],[-104.31825424399995,47.468197610000061],[-104.32657747699994,47.455916719000072],[-104.33992238999997,47.44581647900003],[-104.35558695499998,47.437351626000066],[-104.36441945599995,47.425034689000029],[-104.37106917799997,47.412140384000054],[-104.38496617599998,47.402355218000025],[-104.39824169599996,47.391894093000076],[-104.41099224099997,47.381464149000067],[-104.42094313499996,47.369782904000033],[-104.43482268899999,47.359991367000077],[-104.44419696099999,47.347987044000035],[-104.45351907099996,47.335628110000073],[-104.45441362899999,47.334501518000081],[-104.46506299799995,47.324196634000032],[-104.46909622699997,47.315381025000079],[-104.47814703099999,47.308742350000045],[-104.48776434399997,47.302423379000061],[-104.49510594499998,47.294821952000063],[-104.50296537499997,47.287186778000034],[-104.51252798599995,47.280512059000046],[-104.52270577099995,47.274510425000074],[-104.53288158299995,47.268507912000075],[-104.54243807799998,47.261830696000061],[-104.55359954099998,47.255406123000057],[-104.56604270999998,47.25068157700008],[-104.57964242099996,47.250518901000078],[-104.59254823899994,47.252896924000027],[-104.60508370599996,47.256367960000034],[-104.61757118299994,47.25948422700003],[-104.63137059299999,47.260730511000077],[-104.63982717299996,47.253759982000076],[-104.64605634199995,47.245863082000028],[-104.64845172299994,47.236787754000034],[-104.65302175299996,47.22828424100004],[-104.66322694399997,47.222624593000035],[-104.67281196499994,47.216290763000075],[-104.67903315599995,47.208391486000039],[-104.68250956699995,47.199600429000043],[-104.68479836799997,47.189816059000066],[-104.68506162599999,47.180520600000079],[-104.68480624799997,47.171258799000043],[-104.68615610199998,47.162248680000062],[-104.68698715499994,47.153272230000027],[-104.69258240899995,47.144697538000059],[-104.69822587499999,47.13647605500006],[-104.70552199999997,47.128859514000055],[-104.71570603799995,47.123194269000066],[-104.72645620799995,47.117847748000031],[-104.73038891899995,47.108665477000045],[-104.73933158699998,47.101651579000077],[-104.74879011599995,47.094602789000078],[-104.75834662299997,47.088260540000078],[-104.76557960299999,47.080286003000026],[-104.77012205699998,47.071774752000067],[-104.77007194099997,47.071421065000038],[-104.77608183199999,47.05852806200005],[-104.77875186099999,47.051567870000042],[-104.78142129099996,47.044607491000079],[-104.78300517899999,47.037361800000042],[-104.78567352099998,47.030401062000067],[-104.78673928199998,47.023189347000027],[-104.78827182999999,47.01558943100008],[-104.79305742099996,47.00884458400003],[-104.79624050199999,47.001848750000079],[-104.79890583799994,46.994887065000057],[-104.80157057899999,46.98792519400007],[-104.80366757999997,46.980643754000027],[-104.80736486999996,46.97361273100006],[-104.81106132199994,46.966581470000051],[-104.81739084699996,46.959731600000055],[-104.82438662999999,46.953908183000067],[-104.83133073899995,46.94773052100004],[-104.84125959499994,46.944210058000067],[-104.85123780099997,46.941042602000039],[-104.86131604599996,46.938581932000034],[-104.87072525799999,46.93509378400006],[-104.87884739499998,46.929905383000062],[-104.88645178299998,46.924751119000064],[-104.89235379699994,46.918639185000075],[-104.89717136699994,46.912242597000045],[-104.90420509499995,46.906768019000026],[-104.91355630199996,46.902922732000036],[-104.92172151199998,46.898085053000045],[-104.92993633499998,46.893600607000053],[-104.93933490699999,46.890107166000064],[-104.94579543799995,46.884311165000042],[-104.95338871899997,46.879152427000065],[-104.96211470499998,46.874630784000033],[-104.97027243599996,46.869789745000048],[-104.97848003499996,46.865301947000034],[-104.98663527399998,46.860459779000053],[-104.99484046599997,46.855970854000077],[-105.00417845499999,46.852118648000044],[-105.01289697099998,46.847593330000052],[-105.02228395499998,46.844093575000045],[-105.03233975699999,46.841619267000056],[-105.04167328099999,46.837764268000058],[-105.05224285499997,46.835253087000069],[-105.06312109599997,46.83486386900006],[-105.07399920399996,46.834473758000058],[-105.08492888699999,46.834436548000042],[-105.09549834199998,46.835495337000054],[-105.10596448999996,46.835845708000079],[-105.11705007799998,46.836867202000064],[-105.12787623799994,46.836118886000065],[-105.13803058299999,46.834344060000035],[-105.14813228099996,46.832214672000077],[-105.15756146899997,46.82905896300008],[-105.16755729499994,46.826220516000035],[-105.17626032199996,46.821684137000034],[-105.18325930899999,46.816193439000074],[-105.19082463399997,46.811020165000059],[-105.19725358599999,46.80521069100007],[-105.20533160199994,46.80000050600006],[-105.21464819599998,46.79613289100007],[-105.22164093899994,46.790639787000032],[-105.23038756899996,46.786453204000054],[-105.24115105899995,46.785341742000071],[-105.25160960099998,46.78568064600006],[-105.26253061199998,46.785628770000073],[-105.27314753099995,46.787027284000033],[-105.28371212799999,46.788071180000031],[-105.29473925399998,46.788724166000065],[-105.30571368599999,46.789022481000075],[-105.31622617699998,46.789710025000034],[-105.32673889899996,46.790396732000033],[-105.33766066799996,46.790338656000074],[-105.34847607799998,46.789572210000074],[-105.35934445099997,46.789158610000072],[-105.37031926399999,46.789451565000036],[-105.38118747099998,46.789036170000031],[-105.39241026299999,46.787522041000045],[-105.40249566299997,46.785372988000063],[-105.41106885899995,46.780113249000067],[-105.41417091099999,46.773098422000032],[-105.41411738499994,46.772744700000032],[-105.41345472899997,46.764925944000026],[-105.41639517699997,46.756849568000064],[-105.42488868499998,46.747660569000061],[-105.43483768799996,46.741227049000031],[-105.43401195699994,46.732346484000061],[-105.43157724199995,46.717170809000038],[-105.45721863199998,46.703410528000063],[-105.46235544499996,46.691596926000045],[-105.47683931099999,46.691995121000048],[-105.47620169599998,46.699193936000029],[-105.47114398899998,46.705816647000063],[-105.46513842299998,46.711911088000079],[-105.45818487299994,46.717477154000051],[-105.45174824999998,46.723601590000044],[-105.44801687499995,46.730425455000045],[-105.45166324799999,46.737315757000033],[-105.44750222799996,46.744170128000064],[-105.44058822999995,46.75002956700007],[-105.43504902999996,46.756385963000071],[-105.43487959299995,46.763847402000067],[-105.43423640699996,46.771044640000071],[-105.43187683599996,46.778364562000036],[-105.42495758399997,46.784222650000061],[-105.41652644599998,46.788698476000036],[-105.40658365599995,46.791791802000034],[-105.39542523599994,46.79258746000005],[-105.38431101199996,46.793676936000054],[-105.37367002999997,46.795029730000067],[-105.36298420599996,46.79608689500003],[-105.35178013799998,46.796584095000071],[-105.33615077399998,46.796500008000066],[-105.32524304799995,46.796080239000048],[-105.31395038299996,46.795984677000035],[-105.30274594299999,46.796477726000035],[-105.29201462899994,46.797234368000034],[-105.28141504199999,46.798874518000048],[-105.27050727299996,46.798450241000069],[-105.25925815699998,46.798644809000052],[-105.24864833899994,46.797304184000041],[-105.23804760299998,46.798940859000027],[-105.22749005399999,46.800871489000031],[-105.21744857999994,46.80336088100006],[-105.20848330499996,46.807263599000066],[-105.20097960499999,46.812255059000051],[-105.19351829699997,46.817540834000056],[-105.18652877599999,46.823091015000045],[-105.17953801099998,46.82864074500003],[-105.17061022899998,46.832835433000071],[-105.16107783099994,46.835880083000063],[-105.15120170799997,46.839543417000073],[-105.14136779099994,46.843500782000035],[-105.13131601799995,46.845983354000055],[-105.12070393599998,46.847610416000066],[-105.10953193699999,46.848381844000073],[-105.09900322899995,46.847619027000064],[-105.08843165899998,46.846560552000028],[-105.07760301899998,46.846710069000039],[-105.06686036199994,46.847448350000036],[-105.05607448399996,46.847890931000052],[-105.04541719999997,46.849217125000052],[-105.04498746799999,46.849246569000059],[-105.02659271399995,46.854078704000074],[-105.01709283499997,46.857407641000066],[-105.00707662299999,46.860175520000041],[-104.99912058099994,46.86518413400006],[-104.99112058299994,46.869897369000057],[-104.98268943799997,46.874639302000048],[-104.97425700999997,46.879380637000054],[-104.96625330999996,46.884092192000026],[-104.95824839999995,46.888803203000066],[-104.94925463399994,46.892687451000029],[-104.94077476399997,46.897131601000069],[-104.93375382299996,46.902667227000052],[-104.92574406799997,46.907376037000063],[-104.91541257899996,46.911050121000073],[-104.90795755299996,46.916613187000053],[-104.90097378099995,46.922441599000081],[-104.89626724199996,46.929009247000067],[-104.88971138299996,46.934807915000079],[-104.88074889499995,46.938981839000064],[-104.87273045699999,46.943686981000042],[-104.86162240899995,46.945026919000043],[-104.85158519899994,46.94778238400005],[-104.84407803199997,46.953046492000055],[-104.83562442899995,46.957777993000036],[-104.82807273999998,46.962746246000052],[-104.82150697199995,46.968541009000035],[-104.81541259799997,46.974601471000028],[-104.81249990399999,46.981640041000048],[-104.81096277499995,46.989181988000041],[-104.80804889599995,46.996220178000044],[-104.80470344399998,47.003286821000074],[-104.80290184199998,47.007091615000036],[-104.80135723299998,47.010353242000065],[-104.80020718599997,47.017571056000065],[-104.79823660999995,47.025140744000055],[-104.79579257799998,47.032444103000046],[-104.79511450299998,47.039927571000078],[-104.79396318399995,47.047144743000047],[-104.79061338699995,47.054210038000065],[-104.78678967199994,47.061008958000059],[-104.78434287999994,47.068311382000047],[-104.78008618899997,47.075138422000066],[-104.77716477499996,47.082174265000049],[-104.77251660899998,47.089324077000072],[-104.76868874699994,47.096121814000071],[-104.76119835299994,47.101673796000057],[-104.75319154699997,47.10666431900006],[-104.74681196399996,47.113926635000041],[-104.73927581299995,47.119182401000046],[-104.73173838499997,47.124437663000037],[-104.72415809499995,47.129397717000074],[-104.71803840999996,47.135451011000043],[-104.71191753199997,47.141503923000073],[-104.70579545599998,47.147556451000071],[-104.70061916999998,47.154141380000056],[-104.70036033799994,47.161593525000058],[-104.69876361699994,47.16883572200004],[-104.69850449999996,47.176287556000034],[-104.69958346699997,47.183949020000057],[-104.70062118599998,47.191315650000035],[-104.70079451599997,47.198738718000072],[-104.69919688899995,47.205980163000049],[-104.69496285499997,47.21309649300008],[-104.68973845799997,47.219385146000036],[-104.68451299799995,47.225673483000037],[-104.67794736299999,47.231751539000072],[-104.67414173299994,47.238838467000051],[-104.66559475799994,47.243260751000037],[-104.66312646799997,47.250557210000068],[-104.65836977099997,47.257110413000078],[-104.65369474499994,47.264252556000031],[-104.64708067499998,47.270033819000048],[-104.63702249199997,47.273065178000081],[-104.62646871499999,47.27256036700004],[-104.61575045599994,47.27087623400007],[-104.60530118599996,47.267984742000067],[-104.59721921899995,47.272668920000058],[-104.59016604599998,47.278475179000054],[-104.58057765699999,47.281768899000042],[-104.57039143999998,47.283911273000058],[-104.55933853199997,47.286108526000078],[-104.54863614299995,47.287687796000057],[-104.53793320699998,47.289266202000078],[-104.52842188499994,47.293145330000073],[-104.51775820199998,47.29501672400005],[-104.51018054199994,47.300256827000055],[-104.50678463499997,47.307309918000044],[-104.49873069799997,47.312282227000026],[-104.48921337499996,47.316158310000048],[-104.48348549799999,47.322170012000072],[-104.47874479699999,47.329010079000057],[-104.47486980499997,47.335794737000072],[-104.46827186299998,47.341860555000039],[-104.46068425799996,47.347097149000035],[-104.45692752899998,47.354764730000056],[-104.45028536399997,47.36053473700008],[-104.44273433999996,47.366064623000057],[-104.43415321299995,47.370470468000065],[-104.42892930399995,47.377040650000026],[-104.42232243799998,47.383103481000035],[-104.41614805499995,47.389138521000064],[-104.41044655399998,47.395440409000059],[-104.40521800899995,47.402009191000047],[-104.39765786999999,47.40753587100005],[-104.38906775499999,47.411938297000063],[-104.38051655199996,47.416634685000076],[-104.37800762699999,47.423922213000026],[-104.37901098599997,47.431286249000038],[-104.37559286899995,47.438333339000053],[-104.36854000199997,47.444419663000076],[-104.36144567599996,47.450210962000028],[-104.35430997899999,47.455707242000074],[-104.34958469999998,47.462834625000028],[-104.34663585499999,47.470147724000071],[-104.34412074599999,47.477433482000038],[-104.34022160399996,47.484211319000053],[-104.33493806899997,47.490481142000078],[-104.33285532599996,47.497739168000066],[-104.33077209199996,47.504997007000043],[-104.32872831899999,47.512549163000074],[-104.32620935699998,47.519833683000058],[-104.32234548699995,47.526904650000063],[-104.31978525899996,47.533894256000053],[-104.31453527999997,47.540456845000051],[-104.30928417999996,47.547019101000046],[-104.30494180099998,47.55382153000005],[-104.30241833199995,47.56110471900007],[-104.30210959799996,47.56854730200007],[-104.29728991799999,47.575081569000076],[-104.28775906999999,47.579234803000077],[-104.27814742299995,47.582798394000065],[-104.27649010999994,47.590026676000036],[-104.27028064699999,47.596051333000048],[-104.26165508399998,47.60044315600004],[-104.25203860799996,47.604004656000029],[-104.24721082499997,47.610536440000033],[-104.24467818599999,47.617817322000064],[-104.24388703299996,47.624990876000027],[-104.23620579799996,47.629915971000059],[-104.22951319299995,47.635670366000056],[-104.22899796999997,47.638373658000035],[-104.22428440899995,47.642521867000028],[-104.21913452699994,47.646696563000035],[-104.21723148999996,47.652156259000037],[-104.21441708499998,47.657374804000028],[-104.21021583499999,47.662084413000059],[-104.20458806699997,47.665990574000034],[-104.19852372499997,47.66992308600004],[-104.19289449399997,47.673828666000077],[-104.18579929299995,47.676636139000038],[-104.17826750799998,47.679469780000034],[-104.17117098599999,47.682276433000027],[-104.16411308899995,47.685377091000078],[-104.15943078699996,47.689816841000038],[-104.15613444299998,47.694765687000029],[-104.15331288799996,47.699982287000068],[-104.15140233999995,47.705440182000075],[-104.15028064299997,47.713520924000079],[-104.14888407799998,47.719540838000057],[-104.14740879899995,47.724971887000038],[-104.14728141399996,47.730617818000042],[-104.14624207799994,47.736022211000034],[-104.14341778299996,47.741237957000067],[-104.13972014999996,47.746506439000029],[-104.13411931299999,47.750703013000077],[-104.12855685799997,47.755193650000081],[-104.12386664699994,47.75963123300005],[-104.11822442099998,47.763532637000026],[-104.11163014499999,47.766897761000052],[-104.10598646999995,47.770798566000053],[-104.09557555799995,47.777766662000033],[-104.08958863299995,47.783798541000067],[-104.08543828599994,47.787979134000068],[-104.07783982399997,47.793081975000064],[-104.07308925299998,47.802349689000039],[-104.06549601399996,47.813461474000064],[-104.07102136199995,47.879168221000043],[-104.07415657299998,47.943322211000066],[-104.07373701599994,47.957200973000056],[-104.07160354299998,48.019947136000042],[-104.13483538399998,48.022487022000064],[-104.14248413899998,48.024160880000068],[-104.14970182199994,48.02657187300008],[-104.15706213799996,48.030041201000074],[-104.16289217899998,48.033958365000046],[-104.16776541099995,48.038644641000076],[-104.17110809199994,48.043779026000038],[-104.17344621199999,48.049329785000054],[-104.17525840999997,48.054912240000078],[-104.17754983799995,48.060109863000037],[-104.18189986099998,48.064827088000072],[-104.18821372299999,48.068358018000026],[-104.19682740099995,48.06925908900007],[-104.20506001999996,48.067336787000045],[-104.21032618899994,48.063103849000072],[-104.21391713599996,48.05826088200007],[-104.21640716799999,48.05312887000008],[-104.22047557299999,48.047900714000036],[-104.22459103299997,48.043025226000054],[-104.23037992299999,48.03875916100003],[-104.23506791699998,48.034204048000049],[-104.24209881499996,48.031284765000066],[-104.24970300899997,48.028685849000055],[-104.25740241899996,48.02679224700006],[-104.26586729399997,48.026630407000027],[-104.27390213199999,48.027206005000039],[-104.28198519799997,48.028133996000065],[-104.29064269799994,48.029382088000034],[-104.29882265999998,48.031014798000058],[-104.30647697299997,48.03267935000008],[-104.31417997299997,48.03469631300004],[-104.32150230799999,48.037803766000081],[-104.32734365199997,48.041713754000057],[-104.33414132499996,48.044852878000029],[-104.34046192999995,48.048376933000043],[-104.34726102199994,48.051515335000033],[-104.35539694699997,48.052791696000043],[-104.36338750899995,48.053009124000027],[-104.37180712299994,48.052487864000057],[-104.38022659199999,48.051966079000067],[-104.38917211899997,48.051411109000071],[-104.39764005499995,48.051241048000065],[-104.40582581099994,48.052867185000025],[-104.41305728399999,48.055263922000051],[-104.41938353199998,48.058784181000078],[-104.42780346099994,48.058259452000073],[-104.43612526099997,48.057028632000026],[-104.44387147799995,48.055477391000068],[-104.45156822099995,48.053572917000054],[-104.45998715399998,48.053046179000034],[-104.46898128699996,48.052838724000026],[-104.47669220199998,48.054846319000035],[-104.48211743499996,48.059487955000066],[-104.48601399999995,48.064581184000076],[-104.49048683999996,48.069993916000044],[-104.49681909099996,48.073510398000053],[-104.50119477299995,48.078217150000057],[-104.50404129899994,48.083375747000048],[-104.50989872299999,48.087277301000029],[-104.51794384099998,48.087838317000035],[-104.52631739499998,48.086954796000043],[-104.53334038599996,48.084020898000063],[-104.54103793599995,48.082111516000055],[-104.54988706899996,48.080840555000066],[-104.55835863399994,48.080660470000055],[-104.56660239099995,48.082629457000053],[-104.57294034999995,48.08614224400003],[-104.57927903799998,48.089654696000025],[-104.58692596699996,48.087390046000053],[-104.59447246299999,48.084419558000036],[-104.60264452199999,48.082120527000029],[-104.61028963599995,48.079854506000061],[-104.61808436799998,48.07864612000003],[-104.62703161499996,48.078075500000068],[-104.63507658799995,48.078629584000055],[-104.64337275999998,48.080946601000051],[-104.65029156999998,48.084774820000064],[-104.65721124899994,48.088602642000069],[-104.66207649399996,48.092917611000075],[-104.66441088099998,48.098106312000027],[-104.66358665499996,48.10349726000004],[-104.66170918099999,48.108955545000072],[-104.65983137099994,48.114413710000065],[-104.65742657599998,48.119905452000069],[-104.65717845999995,48.125614921000079],[-104.66204666299996,48.12992938900004],[-104.66906806299994,48.126988863000065],[-104.67315288499998,48.122101024000074],[-104.67502973699999,48.116642806000073],[-104.67585312699998,48.11125201200008],[-104.67504640299995,48.105609789000027],[-104.67912930899996,48.100721441000076],[-104.68321155999996,48.095832895000058],[-104.69348739799995,48.093393258000049],[-104.70128220899994,48.092180142000075],[-104.70932971899998,48.092729796000071],[-104.71805572299996,48.094302957000082],[-104.72572937099994,48.095943481000063],[-104.73345417999997,48.097936192000077],[-104.74075464899994,48.100667720000047],[-104.74710452299996,48.104172164000033],[-104.75303037799995,48.108415563000051],[-104.75943267699995,48.112271949000046],[-104.76626043599998,48.115388675000077],[-104.77414203899997,48.118436731000031],[-104.78097124599998,48.121552656000063],[-104.78827667899998,48.12428142400006],[-104.79600713299999,48.126270396000052],[-104.80448426299995,48.126074964000054],[-104.81343671599996,48.125492134000069],[-104.82113068499996,48.123567114000082],[-104.82751446899994,48.119947525000043],[-104.83578517999996,48.118339854000055],[-104.84352893799996,48.116766091000045],[-104.85132373999994,48.115544444000079],[-104.85911822899999,48.114322343000026],[-104.86749041399997,48.113417841000057],[-104.87591393599996,48.112865379000027],[-104.88396574199999,48.113404637000031],[-104.89164625899997,48.115035675000058],[-104.89937891199997,48.117018816000041],[-104.90809597699996,48.116445063000072],[-104.90832911799998,48.116429710000034],[-104.91412871299997,48.112488091000046],[-104.91708825199999,48.107309537000049],[-104.91952094099997,48.102165552000031],[-104.91979617899995,48.09680776700003],[-104.91896703999998,48.091166758000043],[-104.91713744499998,48.08594763800005],[-104.91846514399998,48.080520161000038],[-104.91926649199996,48.075127298000041],[-104.91954162899998,48.069769059000066],[-104.91981671899998,48.064410729000031],[-104.92277343899997,48.059231271000044],[-104.92851481199995,48.054935724000075],[-104.93546279499998,48.051628129000051],[-104.94319549299996,48.050048349000065],[-104.95166153299999,48.049843677000069],[-104.95970567699999,48.050378546000047],[-104.96701056999996,48.053098295000041],[-104.97336848099997,48.056592659000046],[-104.98162230799994,48.058536546000028],[-104.98982446099996,48.060127343000033],[-104.99802704299998,48.061717637000072],[-105.00570408999994,48.063342482000053],[-105.01422410899994,48.063486474000058],[-105.02258699099997,48.062572259000035],[-105.03037125099996,48.061340120000068],[-105.03810271699996,48.059754974000043],[-105.04583377799997,48.058169379000049],[-105.05356443899996,48.056583336000074],[-105.06176794399994,48.054609021000033],[-105.06876129599999,48.05164714700004],[-105.07575396999994,48.048684886000046],[-105.08342991699999,48.046744538000041],[-105.09178946099996,48.045826005000038],[-105.10025440299995,48.045612049000056],[-105.10893079099998,48.046807734000026],[-105.11587488699996,48.050612558000068],[-105.12224106899998,48.054099961000077],[-105.12718942799995,48.058751180000058],[-105.13166567699994,48.063790209000047],[-105.13556368099995,48.068512061000035],[-105.13951536699994,48.073586233000071],[-105.14546553399998,48.077812858000073],[-105.15136337399997,48.081686680000075],[-105.15910021799999,48.083655219000036],[-105.16725712599998,48.084882675000074],[-105.17494159499995,48.086497816000076],[-105.18262647199998,48.088112514000045],[-105.19073106399998,48.088986074000047],[-105.19883588699997,48.089859147000027],[-105.20694094199996,48.090731733000041],[-105.21509976199997,48.091956284000048],[-105.22147594599994,48.09543857400007],[-105.22538293999997,48.100157374000048],[-105.22776557899999,48.105336163000061],[-105.23067486299999,48.110478907000072],[-105.23705387799998,48.113960262000035],[-105.24558150199999,48.114089693000039],[-105.25363667899995,48.114607010000043],[-105.26163817099996,48.114771441000073],[-105.26969357499996,48.115287804000047],[-105.27785694699998,48.116508486000043],[-105.28602064699999,48.117728671000066],[-105.29329414699998,48.120077857000069],[-105.30056820899995,48.122426636000057],[-105.30831504899999,48.124386411000046],[-105.31695258399998,48.125216107000028],[-105.32156558199995,48.120624971000041],[-105.32396458799997,48.115474001000052],[-105.32636318899995,48.110322905000032],[-105.32928751699995,48.105135379000046],[-105.33005278699994,48.099740559000054],[-105.33245025099995,48.094589101000054],[-105.33822024199998,48.090629127000057],[-105.34600165399996,48.089378982000028],[-105.35369141699999,48.090983969000035],[-105.35913210499996,48.095237378000036],[-105.36357582299996,48.099915773000077],[-105.36996132599995,48.103390992000072],[-105.37768923499999,48.101786701000037],[-105.38229587399996,48.097193165000078],[-105.38632130299999,48.092283552000026],[-105.39034608099996,48.087373745000036],[-105.39268340799998,48.081868631000077],[-105.39560071999995,48.07667921400008],[-105.40014952399997,48.071732309000026],[-105.40417182999994,48.066821775000051],[-105.40708744199998,48.061631866000027],[-105.41168882799997,48.05703675400008],[-105.41231498899998,48.056714158000034],[-105.41808508399998,48.053741115000037],[-105.42448064599995,48.050445142000058],[-105.43214565299996,48.048485068000048],[-105.43975537499995,48.046172138000031],[-105.44810940099995,48.045231631000036],[-105.45610228899994,48.045384630000058],[-105.46426001199995,48.046594360000029],[-105.47241805899995,48.047803595000062],[-105.48104695699999,48.048623044000067],[-105.48909544999998,48.049126485000045],[-105.49808491899995,48.048850753000067],[-105.50643841199997,48.047906658000045],[-105.51462597199998,48.045904905000043],[-105.52308934599995,48.045664540000075],[-105.53124843399996,48.046870237000064],[-105.53508280999995,48.048101908000035],[-105.53852290499998,48.049206791000074],[-105.54585334299998,48.05189529900008],[-105.55312897399995,48.054231033000065],[-105.56040516299998,48.056566359000044],[-105.56856644799996,48.057769768000071],[-105.57703125699999,48.057526043000053],[-105.58474787299997,48.055909729000064],[-105.59315667199996,48.055312654000033],[-105.60162104099999,48.055067392000069],[-105.60931317699999,48.056658053000035],[-105.61736378199998,48.057153864000043],[-105.62560480699995,48.055497795000065],[-105.63193340499998,48.051839729000051],[-105.63709845999995,48.047551684000041],[-105.63731034299997,48.042191693000063],[-105.63683374099998,48.040877683000076],[-105.63542075099997,48.036981627000046],[-105.63452620999999,48.031344113000046],[-105.63578879399995,48.025908856000058],[-105.64031430099999,48.020953125000062],[-105.64733150599994,48.018313505000037],[-105.65579051899999,48.018064831000061],[-105.66389246599999,48.018910291000054],[-105.67028657299994,48.022372233000056],[-105.67574319899995,48.026613826000073],[-105.68260787799994,48.029685113000028],[-105.68806601799997,48.033926113000064],[-105.69302255999997,48.036854773000073],[-105.69451932699997,48.037739067000075],[-105.70350616499996,48.037449700000082],[-105.71074552199997,48.035580920000029],[-105.71116052699995,48.035473774000081],[-105.71753828899995,48.032163801000081],[-105.72524795799995,48.030539361000081],[-105.73365186999996,48.029933523000068],[-105.74258084299998,48.029289248000055],[-105.75098440999994,48.028682331000027],[-105.75916132599997,48.026665692000051],[-105.76547890699999,48.023001065000074],[-105.77179572899996,48.019336102000068],[-105.77578460799998,48.014413779000051],[-105.78035460399997,48.009805512000071],[-105.78661240599996,48.005787393000048],[-105.79489868099995,48.004473080000025],[-105.80288703699995,48.004605641000069],[-105.81093232499995,48.005090033000045],[-105.81892079699998,48.005221648000031],[-105.82690930199999,48.005352791000064],[-105.83577664299997,48.004350026000054],[-105.84406166399998,48.003032700000063],[-105.85228919099995,48.001362572000062],[-105.85993419199997,47.99937802200003],[-105.86763591499994,47.997745316000078],[-105.87539448699994,47.996464450000076],[-105.88367757899999,47.995144667000034],[-105.89207502699998,47.994528935000062],[-105.90006228599998,47.994655766000051],[-105.90880422399994,47.99615265400007],[-105.91666940299996,47.998782960000028],[-105.92401038699995,48.001451413000041],[-105.93129442099996,48.003767191000065],[-105.93905241999994,48.00248270000003],[-105.94669473499994,48.000493260000042],[-105.95445199299996,47.999207874000035],[-105.96255552999997,48.000035514000047],[-105.97060147199994,48.000510426000062],[-105.97824250899998,47.99851919300005],[-105.98582514599997,47.996175277000077],[-105.99340719999998,47.99383092000005],[-106.00087270499995,47.990781645000027],[-106.00723004199995,47.987457590000076],[-106.01358668599994,47.984133201000077],[-106.02203939499998,47.983861627000067],[-106.03008366399996,47.984333028000037],[-106.03818624899998,47.985156179000057],[-106.04599734099997,47.987426833000029],[-106.05287619599994,47.990479705000041],[-106.06086324699999,47.990597052000055],[-106.06850009199997,47.988600664000046],[-106.07543655999996,47.985586413000078],[-106.08313218399996,47.987150502000077],[-106.09141136499994,47.98902707700006],[-106.09910783299995,47.990590240000074],[-106.10552359899998,47.994031900000039],[-106.11100789699998,47.998256285000082],[-106.11789122599998,48.001305749000039],[-106.12564863599994,48.003219521000062],[-106.13234285599998,48.004576933000067],[-106.13334777199998,48.00478066900007],[-106.14139565399995,48.005245425000055],[-106.14973300099996,48.00426157000004],[-106.15748643799998,48.002964571000064],[-106.15898130499994,48.002572701000076],[-106.16512166499996,48.000962810000033],[-106.17287435599997,47.999664917000075],[-106.18121043199994,47.998679107000044],[-106.18896248999994,47.99738028400003],[-106.19665510099998,47.995728862000078],[-106.20405150299996,47.992316257000027],[-106.21214925699996,47.989919917000066],[-106.22048336599994,47.988931660000048],[-106.22934176699994,47.987903080000081],[-106.23732880199998,47.988010016000032],[-106.24549404299995,47.989172884000027],[-106.25278876999994,47.991471441000044],[-106.25382329499996,47.995393223000065],[-106.25426447899997,47.997065539000062],[-106.25620566399999,48.002267501000063],[-106.26071122799999,48.006917633000057],[-106.26667262799998,48.01074350600004],[-106.27442439499998,48.009439839000038],[-106.27954054799994,48.005126847000042],[-106.28524024799998,48.00112568600008],[-106.28860219099994,47.995875972000078],[-106.29494434499998,47.992538474000071],[-106.29621213799999,47.992162331000031],[-106.30303855699998,47.99013670000005],[-106.31143099099995,47.989494954000065],[-106.31947819699997,47.989949146000072],[-106.32082755499994,47.990279872000031],[-106.32724046799996,47.991851430000054],[-106.33413386299998,47.99488995400003],[-106.34015863899998,47.999064818000079],[-106.33895942999999,48.004506932000027],[-106.33501673599994,48.009445897000035],[-106.33165804099997,48.014696542000081],[-106.32882353799994,48.019906828000046],[-106.32867254399997,48.025268117000053],[-106.33516484799998,48.029050569000049],[-106.34291747799995,48.02774305500003],[-106.35048966699998,48.025378950000061],[-106.35806126899996,48.023014404000037],[-106.36498730199997,48.019985655000028],[-106.37191264599994,48.016956522000044],[-106.37996392499997,48.017407080000055],[-106.38599406499998,48.021579613000029],[-106.39097546599999,48.025832686000058],[-106.39828005499999,48.028123139000058],[-106.40603121099997,48.026812011000061],[-106.41301568499995,48.024132866000059],[-106.41870839399996,48.02012632800006],[-106.42498548799995,48.01643096500004],[-106.42892134399995,48.011489490000031],[-106.43110134999995,48.00561349700007],[-106.43176782599994,48.000211179000075],[-106.43027576399999,47.994619081000053],[-106.42622220199996,47.989581799000064],[-106.42170530899995,47.98493693100005],[-106.41567635099995,47.980765514000041],[-106.41162491499995,47.975727578000033],[-106.40757414799998,47.970689443000026],[-106.40358433199998,47.966003197000077],[-106.40255962799995,47.960017618000052],[-106.40316786399995,47.954262577000065],[-106.40546885899994,47.949090172000069],[-106.40940195399997,47.944148233000078],[-106.41281038899996,47.939246630000071],[-106.41732656399995,47.934615904000054],[-106.42184205499996,47.92998496000007],[-106.42408019299995,47.924459725000077],[-106.42917864899994,47.920139951000067],[-106.43691543699998,47.918826616000047],[-106.44386651399998,47.922212357000035],[-106.45029448099996,47.925638377000041],[-106.45678372099997,47.929416161000063],[-106.46321316999996,47.93284149200008],[-106.46871667699997,47.937052151000046],[-106.47940020799996,47.940502725000044],[-106.48707775599996,47.938834516000043],[-106.49404860699997,47.936150463000047],[-106.50172520699999,47.934481402000074],[-106.50804931999994,47.931133293000073],[-106.51489659499998,47.927743934000034],[-106.52121928699995,47.924395140000058],[-106.52671275499995,47.919326568000031],[-106.52900196999997,47.914151509000078],[-106.52913510499997,47.908788167000068],[-106.52815999999996,47.903154591000032],[-106.52718507299994,47.897520911000072],[-106.52667294999998,47.891494042000033],[-106.52622183699998,47.885819180000055],[-106.52629424899999,47.880103248000069],[-106.53319573699997,47.877064562000044],[-106.53874492799997,47.872346896000067],[-106.53416721199994,47.86735197400003],[-106.52866547199994,47.863143080000043],[-106.52368774999997,47.858892945000036],[-106.52120514699999,47.853733502000068],[-106.52186200699998,47.848328219000052],[-106.52694720799997,47.84400375000007],[-106.53467226199996,47.84268451500003],[-106.54310296899996,47.84238027300006],[-106.55113251199998,47.842820893000066],[-106.55879584099995,47.841148112000042],[-106.56510717799995,47.837796378000064],[-106.56628299199997,47.832349487000045],[-106.56530568399995,47.826714863000063],[-106.56334379599997,47.821514559000036],[-106.56184406399996,47.815920848000076],[-106.56750764799995,47.811905492000051],[-106.57547224999996,47.811992521000036],[-106.58275820499995,47.814274524000041],[-106.59010590999998,47.816908283000032],[-106.59653099599996,47.820328448000055],[-106.60468062299998,47.821470228000067],[-106.61028058499994,47.817100985000081],[-106.60982226799996,47.811425117000056],[-106.60884128699996,47.805790451000064],[-106.60530824799997,47.800714323000079],[-106.60432785299997,47.795079442000031],[-106.60276377099996,47.789133546000073],[-106.60614808799994,47.78422475800005],[-106.61355734099999,47.78113978500005],[-106.62151800599997,47.781224103000056],[-106.62880201499996,47.783503830000029],[-106.63627089599998,47.786839684000029],[-106.64229577399999,47.79100373600005],[-106.64970477499998,47.793986602000075],[-106.65779030999994,47.794773104000058],[-106.66538308699995,47.792741866000028],[-106.66550400999995,47.787376410000036],[-106.66301236099997,47.782218460000081],[-106.66150448899998,47.776625193000029],[-106.65849119299997,47.771508500000039],[-106.65600078099999,47.766350173000035],[-106.65298844999995,47.761233197000081],[-106.65357117499997,47.755473559000052],[-106.65986849899997,47.752116522000051],[-106.66794863899997,47.752902514000027],[-106.67529264499996,47.755532120000055],[-106.68125542099995,47.759342637000032],[-106.68814016499999,47.76236526200006],[-106.69542440699996,47.764641520000055],[-106.70270919299998,47.766917369000055],[-106.71066812799995,47.766996427000038],[-106.71819381399996,47.764609879000034],[-106.72267399699996,47.759966509000037],[-106.72494069599998,47.754785630000072],[-106.72505632899998,47.749419505000049],[-106.72531684199998,47.748195589000034],[-106.72621622799994,47.743969770000035],[-106.72574772199994,47.738293045000034],[-106.72527930099994,47.732616220000068],[-106.72330685299994,47.727416771000037],[-106.72133473999997,47.722217212000032],[-106.72086685099998,47.716540097000063],[-106.71987718499997,47.710904629000026],[-106.72610442199999,47.707191825000052],[-106.73174719999997,47.703168260000041],[-106.73861857699995,47.700117452000029],[-106.74632093299999,47.698785526000052],[-106.75402295299995,47.697453155000062],[-106.76166256599998,47.695768122000061],[-106.76930175899997,47.694082647000073],[-106.77687837499997,47.692044515000077],[-106.78445448799994,47.690005945000053],[-106.79215457799995,47.688671358000079],[-106.80108442399995,47.68830882900005],[-106.80949255599995,47.687987801000077],[-106.81777582499996,47.686961849000056],[-106.82605881799998,47.685935384000061],[-106.83363254099999,47.683894010000074],[-106.84101821699994,47.680795610000075],[-106.84846569999996,47.678048972000056],[-106.85591251699998,47.675301899000033],[-106.86271196599995,47.671892306000075],[-106.86834253799998,47.667862594000042],[-106.87222026399996,47.662903030000052],[-106.87661866899998,47.657900923000057],[-106.88283104099997,47.654180286000042],[-106.89110851999999,47.653149717000076],[-106.89938572199998,47.652118634000033],[-106.90766264699994,47.65108703900006],[-106.91529226299997,47.649393054000029],[-106.92298440699994,47.648050819000048],[-106.93048723999999,47.645651568000062],[-106.93734228999995,47.642590096000049],[-106.94361249099995,47.639218677000031],[-106.95123963999998,47.637522593000028],[-106.95886636799997,47.635826067000039],[-106.96655585999997,47.634481287000028],[-106.97449793699997,47.634544791000053],[-106.98250330799999,47.634960005000039],[-106.99057210999996,47.635726915000077],[-106.99864111599999,47.636493339000026],[-107.00631611399996,47.638006467000025],[-107.01399149199995,47.639519150000069],[-107.02173075399998,47.641383540000049],[-107.02940693299996,47.642895329000055],[-107.03806204399996,47.643968564000033],[-107.04606906899994,47.644379981000043],[-107.05440617499994,47.643691471000068],[-107.06274309399998,47.643002443000057],[-107.07107982399998,47.642312897000068],[-107.07941636699996,47.641622832000053],[-107.08775272399998,47.640932249000059],[-107.09608889299994,47.64024114700004],[-107.10403183999995,47.640297000000032],[-107.11138096899998,47.642903690000026],[-107.11827375499996,47.645905357000061],[-107.12608109899998,47.648115805000032],[-107.13376068299999,47.64962160500005],[-107.14150484999999,47.651479044000041],[-107.14977758899994,47.650432550000062],[-107.15857108599994,47.649342094000076],[-107.16619353299996,47.647633873000075],[-107.17446533399999,47.646585848000029],[-107.18253804299997,47.647341209000047],[-107.19048198299998,47.647391954000057],[-107.19881786699995,47.646694497000055],[-107.20643886499994,47.644983980000063],[-107.21470962199999,47.643933472000072],[-107.22239449599999,47.642574097000079],[-107.23072936099999,47.641874653000059],[-107.23880214299999,47.642626647000043],[-107.24570111999998,47.645621782000035],[-107.25344816199998,47.647472796000045],[-107.26119566999995,47.649323354000046],[-107.26926980299999,47.650073502000055],[-107.27793008699996,47.651131272000043],[-107.28522284799999,47.653376356000081],[-107.29342796799995,47.654829070000062],[-107.30163347699994,47.656281278000051],[-107.30899288999996,47.658877038000071],[-107.31680873299996,47.661076324000078],[-107.32495035799997,47.66217509300003],[-107.33270187499994,47.664021449000074],[-107.34045385699994,47.665867350000042],[-107.34846572199996,47.666260733000058],[-107.35660860099995,47.667357569000046],[-107.36429622099996,47.668850114000065],[-107.37211531299994,47.671046120000028],[-107.38025924899995,47.672141508000038],[-107.38879325599999,47.67248817400008],[-107.39732735999996,47.672834299000044],[-107.40547198199994,47.673928156000045],[-107.41348531299997,47.674317657000074],[-107.42169626099997,47.67576245500004],[-107.42970993399996,47.676150988000074],[-107.43798104199999,47.675086850000071],[-107.44559887499997,47.673362931000042],[-107.45308424799998,47.670934745000068],[-107.45971779799999,47.666791174000025],[-107.46354759799999,47.661814653000079],[-107.46678981899998,47.656530672000031],[-107.46951065099995,47.651291186000037],[-107.47112335599996,47.645788960000061],[-107.47117356199999,47.640420624000058],[-107.47330652399995,47.63487352900006],[-107.47771998699994,47.630203404000042],[-107.48271951799995,47.625840307000033],[-107.48954470899997,47.622750559000053],[-107.49780759099997,47.621682573000044],[-107.50620271199995,47.621317956000041],[-107.51427612599997,47.622053453000035],[-107.52196189399996,47.623537186000078],[-107.52984724799995,47.626076244000046],[-107.53630437299995,47.629453412000032],[-107.53990434999997,47.634507487000064],[-107.54636291399999,47.637884087000032],[-107.55327631699998,47.640863467000031],[-107.56096538199995,47.642344886000046],[-107.56910886199995,47.643428934000042],[-107.57718593399994,47.644160605000081],[-107.58512971099998,47.64418803500007],[-107.59280635399995,47.642807504000075],[-107.60073598799994,47.639973873000031],[-107.60762366999995,47.637230137000074],[-107.61385636199998,47.633827500000052],[-107.62218550499995,47.633103779000066],[-107.63032883899996,47.634184148000031],[-107.63731292799997,47.637511099000051],[-107.64092168699995,47.642562345000044],[-107.64550529099995,47.647170904000063],[-107.65249167999997,47.65049693900005],[-107.65937822899997,47.647750639000037],[-107.66156161899994,47.642552533000071],[-107.66374463899996,47.637354311000081],[-107.66481905299997,47.631894955000064],[-107.66921773299998,47.62721851200007],[-107.67479108199996,47.623154667000051],[-107.68160629999994,47.620055148000063],[-107.68927775299994,47.618669010000076],[-107.69760394899998,47.617940584000053],[-107.70513997899997,47.615849831000048],[-107.70842639899996,47.610911173000034],[-107.71053691199995,47.605359847000045],[-107.71271446899999,47.600160256000038],[-107.71326370999998,47.594745515000056],[-107.71544065899997,47.589545717000078],[-107.71761724099997,47.584345803000076],[-107.72259599999995,47.57997320700008],[-107.72768914999995,47.573443435000058],[-107.72927670499996,47.567936865000036],[-107.73601553699996,47.56448219300006],[-107.74361126999997,47.562740839000071],[-107.75186164399997,47.56165704700004],[-107.76017937899996,47.560924620000037],[-107.76849691599995,47.560191677000034],[-107.77688200199998,47.559810085000038],[-107.78454378899994,47.558418261000043],[-107.78886029899996,47.553385019000075],[-107.78888269999999,47.548015128000031],[-107.79502847899994,47.544251319000068],[-107.80262004199994,47.542506523000043],[-107.81204181499999,47.542030793000038],[-107.81997248299996,47.542044353000051],[-107.82797117599995,47.54240930800006],[-107.83635346799997,47.542023981000057],[-107.84401169399996,47.540628691000052],[-107.85160141999995,47.538881106000076],[-107.85957390199997,47.536383200000046],[-107.86702619299996,47.533931015000064],[-107.87323404899996,47.530515324000078],[-107.87760963299996,47.525830672000041],[-107.88250397499996,47.521099541000069],[-107.88518339799998,47.515849599000035],[-107.88571671399995,47.510432819000073],[-107.88624993599996,47.50501594900004],[-107.88678306599996,47.499598992000074],[-107.88569021799998,47.493968939000069],[-107.88294480199994,47.485264340000072],[-107.88103350899996,47.47541121200004],[-107.88208341199999,47.469209087000081],[-107.88977693699997,47.458976064000069],[-107.89884499099998,47.451304460000074],[-107.91162071899998,47.446880667000073],[-107.92320635399994,47.446264737000035],[-107.93415437299996,47.440559952000058],[-107.94004601799998,47.43242310200003],[-107.94886829699999,47.428050993000056],[-107.96739338399999,47.426088708000066],[-107.97783726899996,47.424403461000054],[-107.97915660999996,47.389518272000032],[-107.97689264299999,47.353545287000031],[-107.98095279799998,47.333837952000067],[-107.98966879699998,47.313709029000051],[-107.98674763699995,47.301435087000073],[-107.99203259999996,47.293435189000036],[-107.98856769799994,47.272970030000067],[-107.98193946599997,47.247057125000026],[-107.96748213099994,47.232239580000055],[-107.96091346599997,47.222800118000066],[-107.95982619699998,47.211791070000061],[-107.94672740899995,47.195773515000042],[-107.94340176899999,47.18675711000003],[-107.93860510999997,47.172856471000046],[-107.93297273099995,47.165480634000062],[-107.93161869799997,47.153060779000043],[-107.93230082199995,47.137590196000076],[-107.92700466499997,47.118357213000081],[-107.92829462799995,47.11455384900006],[-107.93402409499998,47.097654643000055],[-107.93120212399998,47.080347180000047],[-107.93566753699997,47.062739775000068],[-107.93356632599995,47.046441058000028],[-107.94505892799998,47.035366004000025],[-107.95010048599994,47.01806166800003],[-107.94290583299994,47.007957608000027],[-107.93060235299998,46.995805235000034],[-107.93015868699996,46.99475028300003],[-107.92479351899999,46.981989777000081],[-107.92423165399998,46.970926551000048],[-107.93381811099994,46.944603890000053],[-107.94803007999997,46.936863390000042],[-107.94509284699996,46.908084514000052],[-107.93873454999999,46.877820489000044],[-107.93050108799997,46.864938650000056],[-107.92079737199998,46.852547883000057],[-107.91760096499996,46.841360746000078],[-107.90920155099997,46.830285426000046],[-107.89184452999996,46.816073931000062],[-107.87307516499999,46.808084920000056],[-107.86875401199995,46.799149699000054],[-107.85931661799998,46.785295572000052],[-107.84878970299997,46.771180128000026],[-107.84509724699996,46.760035043000073],[-107.83801654199999,46.75027087400008],[-107.83140229499998,46.734725112000035],[-107.82309478699995,46.715743924000037],[-107.82150407699999,46.701896967000039],[-107.80319839699996,46.682378387000028],[-107.80029939199994,46.672594264000054],[-107.78902508499999,46.657104938000032],[-107.78588456499995,46.640525344000025],[-107.78644132899996,46.621460199000069],[-107.78871160799997,46.608698425000057],[-107.81525578399999,46.58944451900004],[-107.84705043299999,46.565042908000066],[-107.86697786599996,46.546730422000053],[-107.90403187399994,46.528292490000069],[-107.93513457799997,46.511461078000025],[-108.00407543099999,46.51305293300004],[-108.07691893099997,46.478343568000071],[-108.12591795099996,46.472372445000076],[-108.25548936199999,46.47573374600006],[-108.30716308199999,46.45040438500007],[-108.33647424099996,46.438300069000036],[-108.36420767799996,46.439270688000079],[-108.38781607999999,46.441704574000028],[-108.40705936899997,46.439159806000077],[-108.42800437399995,46.442558146000067],[-108.46036570899997,46.427617865000059],[-108.47416736399998,46.421269606000067],[-108.49185523799997,46.421375371000067],[-108.50702498299995,46.416689010000027],[-108.52853377799994,46.422892235000063],[-108.54238420399997,46.419406302000027],[-108.55650309899994,46.419846129000064],[-108.56864664599999,46.414299098000072],[-108.57009660599999,46.406013134000034],[-108.56690189499994,46.395298998000044],[-108.56997675899999,46.391648339000028],[-108.58812272599994,46.390617960000043],[-108.59319481099999,46.384856899000056],[-108.59484635399997,46.374153917000058],[-108.60093518699995,46.368293946000051],[-108.61916882299994,46.367729331000078],[-108.62238170399996,46.364782351000031],[-108.62018396399998,46.357326328000056],[-108.62080457799999,46.348399134000033],[-108.62796131899995,46.340995697000039],[-108.63360952099998,46.334696463000057],[-108.63794677599998,46.32876357400005],[-108.65563267899995,46.32896484500003],[-108.66892564299997,46.324557439000046],[-108.67487162199996,46.314631263000081],[-108.68130351899998,46.30369827100003],[-108.69705873099997,46.299526722000053],[-108.71106365299994,46.296962182000073],[-108.72510166999996,46.29966672200004],[-108.74278777399996,46.29649923900007],[-108.75303123199996,46.285667329000034],[-108.75552255799994,46.275833486000067],[-108.76585288899997,46.26714878100006],[-108.77825230299999,46.263534509000067],[-108.79652998599994,46.260779695000053],[-108.81477456099998,46.263780122000071],[-108.82334102199997,46.265094421000072],[-108.83564036599995,46.261004623000076],[-108.84227010999996,46.262988268000072],[-108.85068996099994,46.266952986000035],[-108.85872560999996,46.26735831600007],[-108.87184515899997,46.265581906000079],[-108.88239823199996,46.264777575000039],[-108.89721103399995,46.269545476000076],[-108.90945876699999,46.268571068000028],[-108.91923649799998,46.265682344000027],[-108.93453577999998,46.269438747000038],[-108.94600802599996,46.268058282000027],[-108.95607418399999,46.264898108000068],[-108.96638841699996,46.267948009000065],[-108.98292339099999,46.270136938000064],[-109.00296844899998,46.271733401000063],[-109.02233346799994,46.271715981000057],[-109.04668665899999,46.272395033000066],[-109.06629255899998,46.271867250000071],[-109.10482699099998,46.285743498000045],[-109.11982859199998,46.283032881000054],[-109.12929688599996,46.277040491000037],[-109.16033707199995,46.27822343400004],[-109.19016681599999,46.284320023000078],[-109.20429679799997,46.282407403000036],[-109.22626697399994,46.279936503000044],[-109.23888552699998,46.267616443000065],[-109.26840901599996,46.274686582000072],[-109.28367937899998,46.270009123000079],[-109.29966387599995,46.26381681600003],[-109.32048071299994,46.264086568000039],[-109.33189339099994,46.262437460000058],[-109.34798166599995,46.264867238000079],[-109.37709571199997,46.27075612200008],[-109.40927188899997,46.289283140000066],[-109.41293343599995,46.286985849000075],[-109.41040695799995,46.280046410000068],[-109.42466631499997,46.277135877000035],[-109.44053872199999,46.281737303000057],[-109.44970543199997,46.288950345000046],[-109.46607301799997,46.294217890000027],[-109.49689884899999,46.311905890000048],[-109.51395393599995,46.31709690200006],[-109.53600894999994,46.31816585100006],[-109.55151174099996,46.327354188000072],[-109.56369658899996,46.334006295000052],[-109.58457445899995,46.337590662000025],[-109.62379214999999,46.342615178000074],[-109.63796972999995,46.348812731000066],[-109.67217824699998,46.367311015000041],[-109.68643872499996,46.37541572300006],[-109.71416916399994,46.378501380000046],[-109.72051418299998,46.385275228000069],[-109.75130203599997,46.388031666000074],[-109.77474170699998,46.397559843000067],[-109.80089813299998,46.398153954000065],[-109.82895832599996,46.399501293000071],[-109.84016918399999,46.406234402000052],[-109.86982500799996,46.403802461000055],[-109.88252761899997,46.409413270000073],[-109.89911810599995,46.412207437000063],[-109.92095349699997,46.415160016000073],[-109.93807713199999,46.413330243000075],[-109.94681233699998,46.410474869000041],[-109.96958529599999,46.411398107000025],[-109.98038190899996,46.410000373000059],[-109.99496593199996,46.41155720200004],[-110.00717745999998,46.413367462000053],[-110.01630124699994,46.410705532000065],[-110.03646064899999,46.409256474000074],[-110.05749928199998,46.405547755000043],[-110.06399234799994,46.405087354000045],[-110.07646924699998,46.408063582000068],[-110.08909547899998,46.408620671000051],[-110.10407154599994,46.402677072000074],[-110.13897133899997,46.403458755000031],[-110.16297895299999,46.409019005000061],[-110.18121938699994,46.415923629000076],[-110.20410450699995,46.417275046000043],[-110.21883711499999,46.425518236000073],[-110.24053133299998,46.427714386000048],[-110.25985843499996,46.439295487000038],[-110.28236100499998,46.440435899000079],[-110.33064861299994,46.463007499000071],[-110.35711801199994,46.474512162000053],[-110.40922036899997,46.475734763000048],[-110.42522754699996,46.478771209000058],[-110.44020578699997,46.483361524000031],[-110.45374619299997,46.484745476000057],[-110.46706167799999,46.492641164000077],[-110.48302769899999,46.501443043000052],[-110.49777377299995,46.507975798000075],[-110.52198789699997,46.525228923000043],[-110.55571913599999,46.557037309000066],[-110.57428595999994,46.567996921000031],[-110.58216351799996,46.572644838000031],[-110.58471365199995,46.592785079000066],[-110.59645210299999,46.592675992000068],[-110.59936352399995,46.612474813000063],[-110.75116453099997,46.611974631000066],[-110.80887148999994,46.611738643000081],[-110.99749669799996,46.610462501000029],[-111.37600040599995,46.604343270000072],[-111.58654531299999,46.600514535000059],[-111.81352765399998,46.59600963500003],[-111.87010973099996,46.593721649000031],[-111.95118333599999,46.597018562000073],[-112.06808707499999,46.594960152000056],[-112.20465083399995,46.591801974000077],[-112.27543056999997,46.590845485000045],[-112.27406932099996,46.584885989000043],[-112.28088052799995,46.568221670000071],[-112.28089682899997,46.562127376000035],[-112.28095944999995,46.538703410000039],[-112.27979848699999,46.519367905000081],[-112.27545092799994,46.492135586000074],[-112.27309958599994,46.462915856000052],[-112.28164469899997,46.443326790000071],[-112.33055749299996,46.396866349000049],[-112.38724490299995,46.348426827000026],[-112.41050555999999,46.324062456000036],[-112.42418019399997,46.300904622000076],[-112.43856834299999,46.262013960000047],[-112.44503777299997,46.233775947000026],[-112.45374537899994,46.201388372000054],[-112.46569999699994,46.183453550000081],[-112.47655417799996,46.16874622000006],[-112.47994661299998,46.154215338000029],[-112.49171471899996,46.136684045000038],[-112.50449059299996,46.124043621000055],[-112.62712851399999,46.115084144000036],[-112.65815262399997,46.11108781300004],[-112.67602548899998,46.104144280000071],[-112.68303478599995,46.099181113000043],[-112.68725432699995,46.088973686000031],[-112.68464265399996,46.08022840600006],[-112.66886267299998,46.036658234000072],[-112.66279324199996,46.01386345700007],[-112.66558550699995,45.992048497000042],[-112.67754625599997,45.984896143000071],[-112.69791677499995,45.982258653000031],[-112.72333351399999,45.975676643000043],[-112.73474596099999,45.979994629000032],[-112.75082044499999,45.980999374000078],[-112.77082410599996,45.987870833000045],[-112.78890717099995,45.993249847000072],[-112.82959168899998,45.990843896000058],[-112.87682081799994,45.986987759000044],[-112.90026055799996,45.979274405000069],[-112.92818832299997,45.976381393000054],[-112.97423839199996,45.961037356000077],[-112.99868450499997,45.95607185700004],[-113.01683127599995,45.950386369000057],[-113.03884709599998,45.946700734000046],[-113.06293199299995,45.94196289000007],[-113.10390432799994,45.938653167000041],[-113.15040528199995,45.93356039300005],[-113.16960211999998,45.931452860000036],[-113.20685275199997,45.923186685000076],[-113.25326948499998,45.90845310800006],[-113.28521934799994,45.896613228000035],[-113.32875683599997,45.877587419000065],[-113.39189753199997,45.843884341000035],[-113.43672456699994,45.82173098700008],[-113.48472720699999,45.794668839000053],[-113.52648097799994,45.767660955000053],[-113.54760664199995,45.746171571000048],[-113.57874945899999,45.720976390000033],[-113.61541348799994,45.688419992000036],[-113.65859802599999,45.646222892000026],[-113.71415268299995,45.583865854000067],[-113.73056368899995,45.561229067000056],[-113.73823684099995,45.553182509000067],[-113.74731757499995,45.535436857000036],[-113.75881604299997,45.524334696000039],[-113.76400537499995,45.509454352000034],[-113.80336887199996,45.465171995000048],[-113.82270186699998,45.448696691000066],[-113.87473316099994,45.480600729000059],[-113.93302571899994,45.511026745000038],[-114.00187487999995,45.556436561000055],[-114.04999422999998,45.589420726000071],[-114.10346247199999,45.615812493000078],[-114.15590609499998,45.625060724000036],[-114.22905919999994,45.630754933000048],[-114.27935072299999,45.629587745000038],[-114.31027658899995,45.62651836200007],[-114.39203034599996,45.613220041000034],[-114.44334376699999,45.60892651100005],[-114.45685478199999,45.608702912000069],[-114.44422148899997,45.579447334000065],[-114.41166604699998,45.50218897700006],[-114.39886988799998,45.433491187000072],[-114.39511166699998,45.41328440400008],[-114.39000989499999,45.336116340000046],[-114.39417733999994,45.274694403000069],[-114.39592787199996,45.253259059000072],[-114.41085558799995,45.220387449000043],[-114.43614477999995,45.191056554000056],[-114.46874509799994,45.161427381000067],[-114.51154382699997,45.13107062000006],[-114.53644233499995,45.119454942000061],[-114.56679497099998,45.100226254000063],[-114.63205905899997,45.064371960000074],[-114.68277147999999,45.042685726000059],[-114.73439625099996,45.025118758000076],[-114.75327303299997,45.018425923000052],[-114.77009859999998,45.012229129000048],[-114.79891358999998,45.001131266000073],[-114.82509192499998,44.990418448000071],[-114.83951141399996,44.98632067300008],[-114.86671397899994,44.978169348000051],[-114.88144601199997,44.974213871000075],[-114.90063953399999,44.96958810600006],[-114.91134813899998,44.967788683000038],[-114.94194602099998,44.959109410000053],[-114.98325481199998,44.949588383000048],[-115.01360439299998,44.942873633000033],[-115.04149178899996,44.937106820000054],[-115.06454632099997,44.928947967000056],[-115.10686332499995,44.921955250000053],[-115.20105461999998,44.903349536000064],[-115.24741985399999,44.895298097000079],[-115.27562436499994,44.891568507000045],[-115.30953222299996,44.886762683000029],[-115.33940753499996,44.880422637000038],[-115.36056464599994,44.87697534800003],[-115.37676578099996,44.875261935000026],[-115.58713059699994,44.841553729000054],[-115.70260071299998,44.826631087000067],[-115.88432026599997,44.807345723000026],[-116.03162983299995,44.804864916000042],[-116.11000638199999,44.803585080000062],[-116.14132262199996,44.800596207000069],[-116.15838739999998,44.799732278000079],[-116.19838274799997,44.796428483000057],[-116.23313849499999,44.791142983000043],[-116.25773740699998,44.784986249000042],[-116.27498947499998,44.777822990000061],[-116.30163782899996,44.770543262000047],[-116.33050905499999,44.763365605000047],[-116.45602905299995,44.748267630000043],[-116.56112439099996,44.742020978000028],[-116.59729531599999,44.739835820000053],[-116.64272964199995,44.736427119000041],[-116.73479328499997,44.73327366400008],[-116.86303589199997,44.730271782000045],[-116.96033317099995,44.732862683000064],[-117.04734600199998,44.739557285000046],[-117.08099439999995,44.743686830000058],[-117.10403136199994,44.752044760000047],[-117.11264662499997,44.746848030000081],[-117.12730965499998,44.734739717000025],[-117.13366836699998,44.718155682000031],[-117.14198287399995,44.696225810000044],[-117.15852936999994,44.680579136000063],[-117.16515277499997,44.66747059100004],[-117.17145464799995,44.656799056000068],[-117.17268416699994,44.656255275000035],[-117.18064324899996,44.652335821000065],[-117.18992255099994,44.649293792000037],[-117.19917683899996,44.647724459000074],[-117.20854645299994,44.646502134000059],[-117.21162052499994,44.646094986000037],[-117.21840272799994,44.645196430000055],[-117.22823512199994,44.645363362000069],[-117.23806756699997,44.645529535000037],[-117.24776103599999,44.646820700000035],[-117.25682903399996,44.649319715000047],[-117.27936585299994,44.660547377000057],[-117.37023082699994,44.711920348000035],[-117.41178767899999,44.731271210000045],[-117.44388519699999,44.740841046000071],[-117.47081930899998,44.745777529000065],[-117.50579162499997,44.750062892000074],[-117.54542344599997,44.751331750000077],[-117.56137283299995,44.749687182000059],[-117.59814957299994,44.744814317000078],[-117.61960295599999,44.739637859000027],[-117.63792197599997,44.73132256100007],[-117.66276774999994,44.713415477000069],[-117.66971967099994,44.69750108900007],[-117.68332395899995,44.670868824000081],[-117.69641783599997,44.645791709000036],[-117.71690045899999,44.621264043000053],[-117.73279112799997,44.607461889000035],[-117.76980674299995,44.590706931000057],[-117.82109137999998,44.577328568000041],[-117.87692392199995,44.570488217000047],[-117.91547406399997,44.573286573000075],[-117.93750363299995,44.581926872000054],[-117.95708313199998,44.596885375000056],[-117.97604656499999,44.615999761000069],[-117.99284976599995,44.631812247000028],[-118.00994713399996,44.636527924000063],[-118.03533342599997,44.632415151000032],[-118.05779708299997,44.630286245000036],[-118.07320910699997,44.63161025200003],[-118.09589145599995,44.638272796000081],[-118.12742108899994,44.654778560000068],[-118.16733415299996,44.680469634000076],[-118.21857201799997,44.719237663000058],[-118.25928982999994,44.760235394000063],[-118.28508639299997,44.792468650000046],[-118.29897466499995,44.820193020000033],[-118.30111398899999,44.813327345000062],[-118.30261958499995,44.808494519000078],[-118.30377531699997,44.778662510000061],[-118.30405622699999,44.771407160000081],[-118.30745065599996,44.754594687000065],[-118.32774781199998,44.74176036800003],[-118.37136873999998,44.723271581000063],[-118.39238124099995,44.714715464000051],[-118.41764421699997,44.707233945000041],[-118.46480781199995,44.710547654000038],[-118.49251060399996,44.708507293000025],[-118.50548770699999,44.701376528000026],[-118.51114276499999,44.68671865500005],[-118.49358048399995,44.667770782000048],[-118.46995862799997,44.649176544000056],[-118.42717082899998,44.630343521000043],[-118.39229644299996,44.611921021000057],[-118.36120105599997,44.592445220000059],[-118.35378563399996,44.581615018000036],[-118.35299409399994,44.563467079000077],[-118.35290849499995,44.561503884000047],[-118.36996202899996,44.535222746000045],[-118.37513070499995,44.510336297000038],[-118.37845624999994,44.472878097000034],[-118.39522370999998,44.441473517000077],[-118.42287784199999,44.416208269000037],[-118.45062393999996,44.38833407900006],[-118.45997780199997,44.362303573000077],[-118.46268295999994,44.337842898000076],[-118.45957771999997,44.310007747000043],[-118.45397720599999,44.300690810000049],[-118.44598566999997,44.28739089000004],[-118.44665353899995,44.267353806000074],[-118.45770427599996,44.249121923000075],[-118.47104326299996,44.231578652000053],[-118.48002832699996,44.212609668000027],[-118.48283354999995,44.20521016400005],[-118.48588528999994,44.19715831700006],[-118.50380838499996,44.18541405600007],[-118.52656683199996,44.178688602000079],[-118.56634567599997,44.204277111000067],[-118.57882927899999,44.212021353000068],[-118.58473222599997,44.215682159000039],[-118.61270336599995,44.213525745000027],[-118.66648042999998,44.191504419000069],[-118.69928944899999,44.175519540000039],[-118.72328342599997,44.159297862000074],[-118.72694894099999,44.149394172000029],[-118.73145426399998,44.122351939000055],[-118.75331981799997,44.082877565000047],[-118.77281395899996,44.051215778000028],[-118.78533191199995,44.024412110000071],[-118.79113187999997,44.00708363900003],[-118.79182893499996,43.999668903000043],[-118.81755497999995,43.998839645000032],[-118.87763623599994,43.999722593000058],[-118.87787378199999,43.999740101000043],[-118.93450582199995,44.000531905000059],[-118.93450648599998,44.000531915000067],[-118.95815037699998,44.00085494800004],[-119.05900021799999,44.002715864000038],[-119.12496509899995,44.003911250000044],[-119.20817368199999,44.004528490000041],[-119.58915153199996,44.008090151000033],[-120.01425362299995,44.012026984000045],[-120.30540151699995,44.013894991000029],[-120.67563008499997,44.016311847000054],[-121.04834070999999,44.01515481000007],[-121.50648044099995,44.015004877000081],[-121.85099461699997,44.016519866000067],[-121.85815995099995,44.009899245000042],[-121.87016361099995,43.99916302400004],[-121.87784409199998,43.990084011000079],[-121.88128511899998,43.984137187000044],[-121.88303187399998,43.976559853000026],[-121.87825287699997,43.969865012000071],[-121.86835743799998,43.959032021000041],[-121.85244389199994,43.949470311000027],[-121.84862066099998,43.942573168000081],[-121.84770365399999,43.936056210000061],[-121.85524835199999,43.927502491000041],[-121.87327473499994,43.920210816000065],[-121.89278131199995,43.916579650000074],[-121.91529989999998,43.915289964000067],[-121.93463391299997,43.912931171000025],[-121.95717047199997,43.909143287000063],[-121.97890438899998,43.90253739700006],[-121.99510419599994,43.895860498000047],[-122.02305341499999,43.880461513000057],[-122.04440860999995,43.861982101000081],[-122.05827011299999,43.840159569000036],[-122.06450996899997,43.830330512000046],[-122.07066758499997,43.815084309000042],[-122.07512853299994,43.798209157000031],[-122.07917266399994,43.776943675000041],[-122.08753232999999,43.761222453000073],[-122.09390595399998,43.755379774000062],[-122.09983408899996,43.744655333000026],[-122.12409280799994,43.725024413000028],[-122.15896152299996,43.685186058000056],[-122.18288719399999,43.64718410200004],[-122.18841636399998,43.628816982000046],[-122.18980343199996,43.621298790000026],[-122.19340425499996,43.604092100000059],[-122.19042509799999,43.580833588000075],[-122.18253008899995,43.567348068000058],[-122.16914974199995,43.544587877000026],[-122.15477476199999,43.527767761000064],[-122.14116455299995,43.510284532000071],[-122.11310142799999,43.47823659800008],[-122.09941956799997,43.460518513000068],[-122.09031525299997,43.444802560000028],[-122.07507029199996,43.423188158000073],[-122.06191793999994,43.414316622000058],[-122.05967021799995,43.402851316000067],[-122.05422366099998,43.38563135000004],[-122.03928293799999,43.340815041000042],[-122.02567248599996,43.303912032000028],[-122.02093520299996,43.281592659000069],[-122.01954449899995,43.262287251000032],[-122.02403271699995,43.247006416000033],[-122.03840411899995,43.233019219000028],[-122.05947067299996,43.216651260000049],[-122.07716464899994,43.20038270100008],[-122.09053817999995,43.179750904000059],[-122.09423261799998,43.156227154000078],[-122.09543680899998,43.130749979000029],[-122.09565390099999,43.107041938000066],[-122.08528874399997,43.078151213000069],[-122.07082240199998,43.051704506000078],[-122.05927069999996,43.03458968700005],[-122.05420551499998,43.021986849000029],[-122.05149785399999,43.007664964000071],[-122.04844014499997,42.974701896000056],[-122.05590680899996,42.94767859600006],[-122.07190854799995,42.929264831000069],[-122.08211687399995,42.920075680000025],[-122.10252510399999,42.901694501000065],[-122.12103094099996,42.881976483000074],[-122.13398511799994,42.868693757000074],[-122.15067130099999,42.854595675000041],[-122.16389089699999,42.84199671500005],[-122.17471927899999,42.82094423500007],[-122.18384719299996,42.803250809000076],[-122.18972065699995,42.782527070000071],[-122.19282468199998,42.754928747000065],[-122.19461432599996,42.729111787000079],[-122.20610163399999,42.699676451000073],[-122.21720025499997,42.671817722000071],[-122.22894429799999,42.643065490000026],[-122.23288312299997,42.610036833000038],[-122.23458008699998,42.578994054000077],[-122.24248029199998,42.553320313000029],[-122.25662959799996,42.518040110000072],[-122.28020985499995,42.463659767000081],[-122.28016831599996,42.43878703200005],[-122.27939824699996,42.434212002000038],[-122.27862828299999,42.429636941000069],[-122.27785842399999,42.425061850000077],[-122.27610813599995,42.420702858000027],[-122.27602734799996,42.415185071000053],[-122.27525782999999,42.410609884000053],[-122.27350808599999,42.406250777000025],[-122.27273884199997,42.40167552500003],[-122.27167815699994,42.396373709000045],[-122.27188928199996,42.391582296000081],[-122.27112031499996,42.387006953000025],[-122.26937145199997,42.382647663000057],[-122.26762281299995,42.378288326000074],[-122.26685428899998,42.373712883000053],[-122.26608586899999,42.369137410000064],[-122.26433779399997,42.364777955000079],[-122.26356964599995,42.360202418000029],[-122.26182196599996,42.355842880000068],[-122.26007451199996,42.351483296000026],[-122.26224533099997,42.346259596000039],[-122.26343639599997,42.341251873000033],[-122.26658596199997,42.335811985000078],[-122.27031750399999,42.331825170000059],[-122.27404860599995,42.327838223000072],[-122.28169571199999,42.322986430000071],[-122.28727880499997,42.320962562000034],[-122.29431882099999,42.322571174000075],[-122.30204666699996,42.323236499000075],[-122.30879563799999,42.324117749000038],[-122.31496138799997,42.323545640000077],[-122.32083527599997,42.322246738000047],[-122.32768785899998,42.32073099400003],[-122.33297751599997,42.317978568000058],[-122.33797483499995,42.314499456000078],[-122.34424231999998,42.311529871000062],[-122.34796792799995,42.307540578000044],[-122.35325572299996,42.304787232000081],[-122.35698042599995,42.300797634000048],[-122.35943416099997,42.296298319000073],[-122.36501271099996,42.294270843000049],[-122.37029876999998,42.291516718000025],[-122.37470783599997,42.28658321000006],[-122.37940846499998,42.282375892000061],[-122.38410850699995,42.278168373000028],[-122.38910024299997,42.274687012000072],[-122.39282116599998,42.270696183000041],[-122.39624932399994,42.265978872000062],[-122.39996934399994,42.261987784000041],[-122.40339656199995,42.25727022500007],[-122.40457558199995,42.252260612000043],[-122.40575442899996,42.247250959000041],[-122.40820296699997,42.242750387000058],[-122.40840392199999,42.237957876000053],[-122.41055961399996,42.232730859000071],[-122.41300730499995,42.228230116000077],[-122.41418510699998,42.223220242000025],[-122.41507041799997,42.217483983000079],[-122.41527080999998,42.212691322000069],[-122.41322490399995,42.207606845000043],[-122.41147151599995,42.20324867100004],[-122.40874146099998,42.199107696000056],[-122.40405803799996,42.195401065000055],[-122.40230555799997,42.191042699000036],[-122.40055330299998,42.186684285000069],[-122.40075463399995,42.181891479000058],[-122.40095593499996,42.177098646000047],[-122.40213373999995,42.172088596000037],[-122.40135845399999,42.167512901000066],[-122.40253605999999,42.162502793000044],[-122.40439786199994,42.15654900800007],[-122.40459882999994,42.151756032000037],[-122.40284744599995,42.147397459000047],[-122.40148870699994,42.141368761000081],[-122.40393369599997,42.136867731000052],[-122.405110579,42.131857425000078],[-122.40726314399996,42.126629837000053],[-122.41068299499995,42.121911345000058],[-122.41351864399996,42.115739870000027],[-122.41596190699994,42.111238470000046],[-122.41967225599996,42.107246080000039],[-122.42309026199996,42.102527139000074],[-122.42962633399998,42.10027888500008],[-122.43547863599997,42.098974152000039],[-122.44133071199997,42.097669135000046],[-122.44718256199997,42.09636383600008],[-122.45430164099997,42.095566982000037],[-122.46015305899999,42.094261058000029],[-122.46658890799995,42.094407501000035],[-122.47302478399996,42.094553605000044],[-122.48276834599994,42.09765126800005],[-122.49311318399998,42.099565363000067],[-122.49847735999998,42.102324761000034],[-122.50413475699997,42.105810138000038],[-122.50589158799994,42.110167459000024],[-122.50764864599995,42.114524734000042],[-122.50843051199996,42.119100024000033],[-122.51018796499994,42.123457218000055],[-122.51194564399998,42.127814366000052],[-122.51467913899995,42.13195336800004],[-122.52102236599995,42.13449356700005],[-122.52707290399997,42.136307285000044],[-122.53244137899998,42.139065076000065],[-122.53878594199995,42.141604331000053],[-122.54513098099994,42.14414325000007],[-122.55157175699998,42.144285202000049],[-122.55830609499998,42.145152877000044],[-122.56542899299995,42.144349584000054],[-122.57313910499994,42.144997930000045],[-122.57996804399994,42.143467762000057],[-122.58582117299994,42.142155882000054],[-122.59079247199998,42.138665759000048],[-122.59703253399999,42.135682641000074],[-122.60288466099996,42.134369932000027],[-122.60844253499999,42.132330989000025],[-122.61400007399999,42.130291790000058],[-122.62053246899995,42.128033385000037],[-122.62550093799996,42.124541793000049],[-122.63076310599996,42.121775893000063],[-122.63661337399998,42.120461547000048],[-122.64305208399998,42.120598677000032],[-122.64919641399996,42.120009605000064],[-122.65534063499996,42.119420223000077],[-122.66119022099997,42.118104696000046],[-122.66733416499994,42.117514709000034],[-122.67347800199997,42.11692441200006],[-122.67932701899997,42.115608012000052],[-122.68576535299997,42.115742891000025],[-122.69220371399996,42.115877428000033],[-122.69864209799999,42.116011627000034],[-122.70508050999996,42.11614548600005],[-122.71092884399997,42.114827571000035],[-122.71648185399999,42.112783667000031],[-122.72232967599996,42.111465201000044],[-122.72885663299996,42.109200953000027],[-122.73440863899998,42.107156220000036],[-122.73936969599998,42.103659916000026],[-122.74619069299996,42.102120381000077],[-122.75203701499998,42.100800476000074],[-122.75788310899998,42.099480288000052],[-122.76470326399999,42.097939712000027],[-122.76995766699997,42.09516773200005],[-122.77521164199999,42.092395518000046],[-122.78076086899995,42.090348639000069],[-122.78630975799996,42.088301502000036],[-122.79215410399996,42.086979654000061],[-122.79799822099994,42.085657524000055],[-122.80295441699997,42.082158552000067],[-122.80664031599997,42.078154303000076],[-122.81159551699994,42.07465495100007],[-122.81256931199999,42.074434457000052],[-122.83012274399999,42.052025600000036],[-122.82745295699999,42.037155766000069],[-122.80355203599999,41.903730787000029],[-122.79590710899998,41.87828053000004],[-122.78864908599996,41.85409955700004],[-122.78658904599996,41.847232960000042],[-122.76526258499996,41.776060320000056],[-122.75026109999999,41.72868087900008],[-122.73835792799997,41.691037000000051],[-122.72357556799994,41.658166512000037],[-122.70838519399996,41.639114732000053],[-122.68090437199999,41.613101877000076],[-122.65068925399999,41.583957208000072],[-122.63255745899994,41.563695217000031],[-122.62043424199999,41.544695765000029],[-122.61711752699995,41.538521231000061],[-122.61253509299996,41.529988340000045],[-122.59772982699997,41.514220890000047],[-122.57849690499995,41.49983024900007],[-122.52820794099995,41.475067005000028],[-122.49871593799998,41.461113334000061],[-122.47865019399995,41.44952584300006],[-122.46156367299994,41.431642846000045],[-122.44407560399998,41.412725396000042],[-122.43398664799997,41.404881228000079],[-122.42596038599999,41.390950610000061],[-122.41419048399996,41.38011203800005],[-122.38946528899999,41.365445449000049],[-122.35457714499995,41.348940345000074],[-122.33496054199998,41.345856772000047],[-122.28840355299997,41.346490519000042],[-122.28699753899997,41.346509379000054],[-122.24795635099997,41.353385243000048],[-122.22305423899996,41.35893701100008],[-122.19076190399994,41.358976951000045],[-122.15976709799997,41.358094724000068],[-122.12869753699999,41.364397298000029],[-122.08517140899994,41.379076284000064],[-122.06471573399995,41.389237098000081],[-122.04855868199996,41.398750929000073],[-122.01432171199997,41.407591471000046],[-121.99647118999997,41.418094552000071],[-121.98072993499994,41.422145580000063],[-121.97915493899995,41.42255076500004],[-121.95847057899999,41.428995732000033],[-121.93825571399998,41.43631582200004],[-121.93196882599995,41.438591374000055],[-121.90609133799995,41.445547844000032],[-121.88579373099998,41.45407399000004],[-121.86374026399994,41.456601896000052],[-121.85921767899998,41.457119782000063],[-121.83657319299999,41.467086832000064],[-121.77097713999996,41.488339543000052],[-121.72846251399994,41.497336043000075],[-121.68093166199998,41.510525140000027],[-121.64185446099998,41.523095772000033],[-121.62193338399999,41.530548417000034],[-121.60084080299998,41.533891681000057],[-121.57963556199996,41.536943889000042],[-121.55997566599996,41.544015769000055],[-121.54317399799999,41.547508273000062],[-121.52581637999998,41.551113502000078],[-121.49766268099995,41.556588889000068],[-121.47031744599997,41.560342573000071],[-121.46616430199998,41.560912097000028],[-121.44286808999999,41.565011567000056],[-121.40367540999995,41.572845137000058],[-121.35438569199999,41.583769792000055],[-121.32160894799995,41.592370170000038],[-121.28904288999996,41.601536832000079],[-121.26561203999995,41.607492037000043],[-121.24168449799998,41.613237040000058],[-121.23100341799994,41.618943401000081],[-121.21128891799998,41.62160280900008],[-121.18538508399996,41.624335977000044],[-121.15734383999995,41.62689692400005],[-121.11366432899996,41.628613332000043],[-121.06701508999998,41.626219045000028],[-121.05156666499994,41.622651852000047],[-121.02998619599998,41.61766476400004],[-121.01253205099999,41.615689215000032],[-120.98066800899994,41.61207588700006],[-120.92469737799996,41.611229588000072],[-120.87514293599997,41.614225389000069],[-120.77839864899994,41.618539121000026],[-120.67278162099996,41.621645968000053],[-120.66066672999995,41.621673896000061],[-120.61324803299999,41.621771554000077],[-120.57022163899995,41.632962288000044],[-120.54334289199994,41.644879295000067],[-120.48939731999997,41.673093842000071],[-120.48789171599998,41.673880611000072],[-120.48630069499995,41.67446633600008],[-120.45552322099996,41.685790706000034],[-120.42677603399994,41.691357847000063],[-120.37953183199994,41.692540566000048],[-120.34536985999995,41.684686352000028],[-120.29608204599998,41.667779038000049],[-120.28974403699999,41.665602812000031],[-120.25567441699997,41.640219976000026],[-120.24215483199998,41.625288627000032],[-120.23504088999999,41.609382599000071],[-120.23055550499998,41.587976300000037],[-120.23104803499996,41.567533513000058],[-120.24014439399997,41.545324380000068],[-120.24318817099999,41.519195813000067],[-120.24070914399999,41.486956427000052],[-120.23193881399999,41.47734588000003],[-120.21725066499999,41.455057504000081],[-120.20385535799994,41.434488083000076],[-120.19782983899995,41.417863268000076],[-120.19927482599996,41.327260605000049],[-120.19543158299996,41.294804881000061],[-120.17673072699995,41.275824984000053],[-120.16567144199996,41.263411027000075],[-120.15488278299995,41.25173501900008],[-120.14738242199996,41.236406209000052],[-120.14601945799996,41.197984692000034],[-120.14601906799999,41.197398476000046],[-120.14599279999999,41.157798827000079],[-120.14107449599999,41.124076527000057],[-120.13059565299994,41.105888090000064],[-120.12061445299997,41.094543876000046],[-120.13876988699997,41.090312377000032],[-120.15209582299997,41.083598794000068],[-120.15848562199994,41.070372538000072],[-120.16176672299997,41.055801118000034],[-120.16549042799994,41.040641609000033],[-120.17852925399995,41.02405559500005],[-120.19610793499999,41.010995769000033],[-120.21113050599996,40.999949474000061],[-120.21473143499998,40.991759431000048],[-120.22265478199995,40.984660271000052],[-120.22375924599999,40.975000467000029],[-120.23411742199994,40.967395877000058],[-120.24314488799996,40.961554828000033],[-120.25748765499998,40.954114483000069],[-120.27270614299999,40.940035943000055],[-120.28873737699996,40.91734471400008],[-120.29811298399994,40.892556807000062],[-120.30283116299995,40.865755904000025],[-120.30749603399994,40.842440543000066],[-120.31477514499994,40.830000764000033],[-120.32596332199995,40.81028967900005],[-120.33384345499996,40.797721782000053],[-120.33468138799998,40.774702623000053],[-120.33847064999998,40.763482949000036],[-120.34447353799999,40.754780624000034],[-120.36691651099994,40.73916661100003],[-120.38845398299998,40.719265066000048],[-120.39713118199995,40.703540411000063],[-120.40856268099998,40.693322407000039],[-120.42707809299998,40.684970560000068],[-120.44362953799998,40.672555682000052],[-120.45112717399996,40.663529251000057],[-120.48078664699995,40.634528909000039],[-120.56467053799997,40.582679838000047],[-120.58645595099995,40.561920291000035],[-120.59330820299999,40.556121142000052],[-120.60465422699997,40.553719604000037],[-120.63855932399997,40.537213988000076],[-120.66492882299997,40.517945158000032],[-120.68679851499996,40.506461142000035],[-120.70659145599996,40.484846373000039],[-120.71611899699997,40.452980035000053],[-120.72067291099995,40.409737912000026],[-120.70512057599996,40.378241795000065],[-120.67063190199997,40.325917283000081],[-120.64285263299996,40.285216214000059],[-120.61590810899997,40.254778362000025],[-120.60404709399995,40.238159586000052],[-120.58672733099996,40.222360644000048],[-120.57112515899996,40.208120057000031],[-120.53415222199999,40.178439826000044],[-120.50097217799998,40.157394110000041],[-120.47396552199996,40.141745186000037],[-120.46779608599996,40.138412061000054],[-120.44423251399996,40.125675566000041],[-120.42794991599999,40.118186979000029],[-120.39847786099995,40.100067190000061],[-120.37156918499994,40.083638006000058],[-120.35266191299996,40.068747024000061],[-120.34544622399994,40.061601965000079],[-120.33715211199996,40.053386661000047],[-120.33366379399996,40.04267429500004],[-120.33044646399998,40.032791068000051],[-120.32896950399999,40.021665546000065],[-120.32640002999995,40.002301802000034],[-120.32451452099997,39.988085503000036],[-120.32444786099995,39.937173942000072],[-120.33302095099998,39.910520821000034],[-120.34069947799998,39.883652813000026],[-120.34077372799999,39.883392900000047],[-120.34353818799997,39.86218771700004],[-120.34479684799999,39.825896889000035],[-120.34759880399997,39.798471150000069],[-120.35101556199999,39.779113402000064],[-120.35909783899996,39.764729227000032],[-120.37993002799999,39.742768600000034],[-120.42005958399994,39.710883868000053],[-120.44737025499995,39.686431190000064],[-120.46382170699997,39.671243521000065],[-120.48250028099994,39.650605291000034],[-120.50776024999999,39.615131253000072],[-120.49234471799997,39.593567996000047],[-120.48532602999995,39.571204601000034],[-120.47787804999996,39.542221884000071],[-120.46988241499997,39.524293812000053],[-120.46402907699996,39.497954035000078],[-120.46244265899998,39.460163188000024],[-120.46557533799995,39.442839010000057],[-120.46239047199998,39.432086190000064],[-120.45613609999998,39.419007352000051],[-120.45174455799997,39.388627842000062],[-120.45021972899997,39.356392294000045],[-120.44236470099997,39.339680119000036],[-120.43658368399997,39.320684913000036],[-120.43343912899996,39.310918678000064],[-120.42279253499999,39.298035691000052],[-120.40653124799996,39.287347706000048],[-120.38611302199996,39.277546994000033],[-120.36746120299995,39.269106204000025],[-120.35567954599998,39.260190844000078],[-120.34080126699996,39.242493154000044],[-120.33088131699998,39.227961417000074],[-120.32485111299997,39.210860485000069],[-120.31930858299995,39.196041114000025],[-120.31315885399999,39.184929464000049],[-120.30778317799997,39.166944125000043],[-120.31200738299998,39.158091761000037],[-120.31255434499997,39.146048360000066],[-120.31146368899999,39.13932393400006],[-120.29194235799997,39.13280534900008],[-120.27084222299999,39.109975083000052],[-120.24942511599994,39.078019490000031],[-120.23843859199997,39.058498808000024],[-120.23137786999996,39.02015670000003],[-120.22616751399994,38.996177003000071],[-120.22322595099996,38.981402261000028],[-120.21379791999999,38.969003633000057],[-120.20386209799995,38.959693883000057],[-120.19274445299999,38.953367786000058],[-120.17694693599998,38.941827540000077],[-120.17427514799999,38.930523658000027],[-120.17100084099997,38.905637766000041],[-120.16576061099994,38.893341021000026],[-120.15823615799997,38.881778945000065],[-120.14912669599994,38.872044317000075],[-120.13506984599996,38.866341973000033],[-120.12036914599997,38.861520270000028],[-120.10801426599994,38.852473853000049],[-120.09786392099994,38.845193506000044],[-120.08495292699996,38.834525751000058],[-120.07450058899997,38.818121168000062],[-120.06048631899995,38.798747963000039],[-120.04723082499999,38.779710289000036],[-120.03901606299996,38.742223886000033],[-120.03697261899998,38.719815561000075],[-120.02925165999994,38.673635768000054],[-120.02715140899994,38.654716159000031],[-120.01080551199999,38.632117460000075],[-119.99405599799996,38.61382450800005],[-119.98207125499999,38.599237242000072],[-119.95293047599995,38.572448542000075],[-119.92062543799995,38.555708657000025],[-119.87254135299997,38.519962199000076],[-119.84540037199997,38.500630210000054],[-119.75644386999994,38.460696115000076],[-119.71567187099998,38.445560786000044],[-119.69431557599995,38.428565343000059],[-119.68976528599995,38.422700341000052],[-119.68164151899998,38.409895601000073],[-119.67746357499999,38.394774968000036],[-119.67534936399994,38.349459600000046],[-119.64505912199996,38.300387540000031],[-119.63380190899994,38.26145923100006],[-119.62152154199998,38.239039107000053],[-119.62080967899999,38.213151156000038],[-119.61001362999997,38.209092748000046],[-119.59344004999997,38.20326923500005],[-119.57182818699999,38.193664330000047],[-119.54698131199996,38.175808381000024],[-119.51057517399994,38.152928942000074],[-119.51007115299996,38.142994648000069],[-119.49469734599995,38.12637617200005],[-119.47910449799997,38.105093401000033],[-119.46710495599996,38.08045786100007],[-119.45621773399995,38.049270500000034],[-119.44373319299996,38.004811264000068],[-119.43791002299997,37.978888968000035],[-119.41870764699996,37.94237810900006],[-119.39483985899994,37.922824801000047],[-119.35592990099997,37.904544582000028],[-119.31153808199997,37.893712444000073],[-119.28447817799997,37.878525179000064],[-119.25855944899996,37.863914611000041],[-119.22922960499994,37.841759627000044],[-119.19511414899995,37.822077576000027],[-119.17086897199999,37.80814891600005],[-119.14391146999998,37.807034442000031],[-119.12068148399999,37.803287738000051],[-119.07051023999998,37.79728859100004],[-119.02523335099994,37.796204320000072],[-118.98797103799996,37.805338938000034],[-118.94359456699999,37.818514231000051],[-118.89209257299996,37.835721965000062],[-118.85145792499998,37.840297147000058],[-118.82458774799994,37.848365564000062],[-118.77721004499995,37.849460063000038],[-118.73424778099997,37.836655303000043],[-118.68717580199996,37.813911447000066],[-118.64907226599996,37.778216151000038],[-118.62589187499998,37.746698950000052],[-118.58785179399996,37.686138625000069],[-118.53470866399999,37.614532637000025],[-118.46123906299999,37.540424460000054],[-118.40211625199998,37.48958966400005],[-118.32466968099999,37.440225369000075],[-118.29839342999998,37.423449854000069],[-118.26275462299998,37.394272182000066],[-118.25413228799999,37.387207872000033],[-118.22329460299994,37.343963037000037],[-118.19840981099998,37.293976869000062],[-118.18445369499995,37.251693583000076],[-118.17867106799997,37.223216247000039],[-118.18014698199994,37.20317003200006],[-118.17470780199994,37.195611960000065],[-118.16329054699997,37.178751414000033],[-118.13563406499998,37.109577211000044],[-118.08869400699996,36.987844973000051],[-118.06570390699994,36.918375899000068],[-118.04611487099999,36.874765074000038],[-118.00674105999997,36.767641467000033],[-117.99445375599998,36.734145636000051],[-117.96205269099994,36.670886369000073],[-117.93356885599997,36.63028717800006],[-117.89737425799996,36.589366476000066],[-117.85541297599997,36.556982555000047],[-117.80210415799996,36.532379723000076],[-117.74681054899997,36.513696894000077],[-117.71012967599995,36.511054201000036],[-117.66460747599996,36.511983523000026],[-117.61257222299997,36.520946012000024],[-117.59400123599994,36.525194057000078],[-117.56354126099995,36.530527724000024],[-117.52322784699999,36.530996494000078],[-117.48833663199997,36.529164606000052],[-117.44709239199994,36.51623888000006],[-117.41956812499996,36.502284495000026],[-117.40756440699994,36.496195058000069],[-117.36401700899995,36.462512546000028],[-117.31506825499997,36.410412467000072],[-117.26944560599998,36.356433856000024],[-117.24150092799999,36.313200471000073],[-117.21855374399996,36.273928244000047],[-117.18691450699998,36.217870772000026],[-117.17681588899995,36.199561381000024],[-117.15778196399998,36.165025145000072],[-117.11488131199997,36.11421118100003],[-117.07538264399994,36.071229329000062],[-117.04206553199998,36.044156360000045],[-116.99287737699996,36.010274314000071],[-116.94547770399998,35.990794209000057],[-116.92662694199998,35.982091899000068],[-116.87018346899998,35.966768839000054],[-116.83885486899999,35.965096675000041],[-116.73833754299994,35.96888199600005],[-116.68069943299997,35.968197494000037],[-116.67195454499995,35.967525680000051],[-116.65165202999998,35.967320308000069],[-116.63229086899997,35.96088364600007],[-116.61743546099996,35.954335792000052],[-116.59029212999997,35.941737188000047],[-116.57496221799994,35.92814952100008],[-116.54389776699998,35.903749368000035],[-116.51281973299996,35.871732947000055],[-116.48152243699997,35.829193823000026],[-116.45170305199997,35.771398579000049],[-116.43369734099997,35.733011979000025],[-116.41878381799995,35.706131012000071],[-116.40024343799996,35.681841471000041],[-116.38009509099999,35.662515509000059],[-116.34712558699999,35.635998527000027],[-116.32240360699996,35.613099843000043],[-116.30255430199998,35.589294751000068],[-116.28383402799994,35.566261272000077],[-116.27269067799995,35.546681798000066],[-116.25370542599995,35.505292423000071],[-116.24239048199996,35.464447117000077],[-116.22103442399998,35.377474402000075],[-116.20478084999996,35.350064098000075],[-116.18096944199999,35.307127235000053],[-116.16093858799996,35.275658700000065],[-116.12939753999996,35.242491747000031],[-116.10350774499994,35.217843164000044],[-116.07710738199995,35.196719393000024],[-116.05505052499996,35.175037718000056],[-116.03569405699994,35.154230441000038],[-116.02454220499999,35.139611001000048],[-115.98736681899999,35.102809109000077],[-115.95863578599995,35.077199045000043],[-115.92626086599995,35.046861756000055],[-115.90340743499996,35.021884404000048],[-115.81056199399995,34.935795571000028],[-115.79590412599998,34.925533632000054],[-115.74849720099996,34.898697047000041],[-115.68721065199998,34.874708455000075],[-115.65284712999994,34.865630893000059],[-115.60053527999997,34.861623543000064],[-115.54330960599998,34.86704562400007],[-115.51557610899999,34.874482823000051],[-115.49042735699999,34.88328406200003],[-115.47338150799999,34.89184977900004],[-115.45522172699998,34.901835620000043],[-115.43767344399998,34.914155906000076],[-115.40765536199996,34.929924297000071],[-115.38740750799997,34.943328269000062],[-115.35801920299997,34.955908278000038],[-115.33449450399996,34.962542005000046],[-115.30474164199995,34.979452230000049],[-115.25184332999999,35.010238295000079],[-115.22220993899998,35.036274297000034],[-115.19570420399998,35.054408280000075],[-115.16451077599999,35.074582302000067],[-115.09244018299995,35.118795028000079],[-115.06373728399996,35.137273054000048],[-114.94724043399998,35.264605202000041],[-114.92829777599997,35.268624147000025],[-114.90972728399998,35.270618708000029],[-114.88418371499995,35.273326888000042],[-114.86618189399996,35.27521542900007],[-114.84926033799997,35.285961475000079],[-114.82373429099999,35.300387559000058],[-114.80179932999999,35.304408752000029],[-114.73723447499998,35.308115373000078],[-114.69117722299995,35.305246695000051],[-114.61425939899999,35.307619615000078],[-114.52909611599995,35.310358822000069],[-114.51595717099997,35.291645367000058],[-114.51971076099994,35.259246871000073],[-114.51582675099996,35.237916469000027],[-114.52277520999996,35.212306643000034],[-114.52582909799997,35.200794398000028],[-114.52568495899999,35.182495553000024],[-114.52583580399994,35.165368491000038],[-114.53936327399998,35.142304846000059],[-114.56183294999994,35.131154339000034],[-114.58203613599994,35.12282771200006],[-114.59338682599997,35.11478483500008],[-114.60040539299996,35.101371277000055],[-114.59395278699998,35.08170433500004],[-114.58043395499999,35.069350752000048],[-114.58454925999996,35.050325754000028],[-114.59701710199994,35.040869035000071],[-114.61045023899999,35.028098176000071],[-114.61737695399995,35.021510682000041],[-114.62717272199995,35.001511612000058],[-114.62149733699999,34.973164700000041],[-114.60396741299996,34.956618227000035],[-114.55314625999995,34.943309020000072],[-114.53528130299998,34.933599985000058],[-114.52873092999994,34.92641117200003],[-114.51649421799999,34.920190167000044],[-114.50345248699995,34.920210853000071],[-114.49027539699995,34.917322327000079],[-114.48657441799998,34.909647784000072],[-114.48924682199998,34.901378630000067],[-114.49818742299999,34.890920085000062],[-114.50154374999994,34.883022569000047],[-114.49983287799995,34.87501022400005],[-114.49399483099995,34.870630594000033],[-114.48310934899996,34.86857414800005],[-114.47596897799997,34.864903620000064],[-114.47436968699998,34.856140018000076],[-114.47051500699996,34.850201707000053],[-114.46382820199995,34.845965426000078],[-114.45961526999997,34.837401852000028],[-114.45885374899996,34.826054604000035],[-114.45555309199995,34.817580560000067],[-114.44699052499999,34.812930089000076],[-114.44099326899999,34.809064655000043],[-114.43527254399999,34.803931290000037],[-114.43270257299997,34.79362429300005],[-114.42861289699999,34.785528519000025],[-114.41932516299994,34.778656179000052],[-114.41383380899998,34.773239480000029],[-114.41206108799997,34.76255371600007],[-114.40932849799998,34.752763267000034],[-114.39967672399996,34.744878070000027],[-114.38957588099998,34.737556737000034],[-114.38681080599997,34.731189766000057],[-114.38903682999995,34.723489280000024],[-114.39325560699996,34.716671655000027],[-114.39475340599995,34.710803200000043],[-114.38765404499998,34.701265318000026],[-114.37827333399997,34.68967278100007],[-114.36811691099996,34.680896411000049],[-114.36718953899998,34.667628505000039],[-114.36639256999996,34.657267766000075],[-114.36201336799996,34.645561076000035],[-114.34964212799997,34.634963132000053],[-114.34155775499994,34.629741015000036],[-114.33214792699999,34.620349621000059],[-114.32147261299997,34.607023004000041],[-114.31964048099996,34.592446048000056],[-114.32082928699998,34.569793695000044],[-114.31996330299995,34.555542234000029],[-114.31447099399998,34.545245603000069],[-114.30514482199999,34.53852521400006],[-114.28663164999995,34.512469130000056],[-114.26446168199999,34.481076785000027],[-114.25042903399998,34.46953708500007],[-114.22309869199995,34.457796686000052],[-114.19583844099998,34.447502877000034],[-114.18106928399999,34.43047131600008],[-114.18030013299995,34.416502268000045],[-114.18217822199995,34.402527592000069],[-114.17551282099998,34.387306200000069],[-114.16949489299998,34.379537084000049],[-114.16783074899996,34.371524283000042],[-114.15848550799996,34.365777408000042],[-114.14808224999996,34.361382536000065],[-114.14703278199994,34.34985260600007],[-114.14894907099995,34.337824958000056],[-114.14384049699999,34.329537525000035],[-114.13331724799997,34.324353532000032],[-114.12727403799994,34.314028050000047],[-114.12953503899996,34.303406924000058],[-114.14321681999996,34.287210530000038],[-114.15379515099994,34.283604366000077],[-114.16884031299998,34.273027200000058],[-114.17871146799996,34.261123730000065],[-114.18349040799995,34.246418782000035],[-114.18801610699995,34.232487838000054],[-114.19592971799995,34.219814504000055],[-114.21307716599995,34.21070347400007],[-114.22979768599998,34.201661295000065],[-114.24187153399998,34.195230854000044],[-114.24919251599999,34.185578855000074],[-114.25389746999997,34.177832197000043],[-114.26638010099998,34.169499932000065],[-114.27868767599995,34.160463869000068],[-114.29398390799997,34.154650589000028],[-114.30613994499998,34.15039239400005],[-114.31676848199999,34.14529458800007],[-114.32942098599995,34.139485568000055],[-114.34934698999996,34.134632160000024],[-114.36302300799997,34.131205566000062],[-114.37185903999995,34.124211444000025],[-114.38381104699994,34.115587189000053],[-114.39100862599997,34.103747949000024],[-114.40467360199995,34.086046601000078],[-114.40867451699995,34.07731310500003],[-114.40541590799995,34.069454367000048],[-114.39762643299997,34.066394586000058],[-114.38607323399998,34.069465130000026],[-114.37021326299998,34.072903046000079],[-114.35982722899996,34.073576274000061],[-114.35691948099998,34.067120621000072],[-114.36876731299998,34.05632001400005],[-114.38282861699997,34.049164336000047],[-114.38817097299994,34.038739608000071],[-114.39998758999997,34.024281144000042],[-114.41227848299997,34.018886593000047],[-114.43258896099996,34.013946657000076],[-114.43885112399994,34.011813930000073],[-114.44555761499998,34.009529352000072],[-114.46284977999994,33.995952678000037],[-114.47532735799996,33.982467578000069],[-114.47948379899998,33.961994640000057],[-114.47486861999994,33.941565628000035],[-114.47256023899996,33.925131581000073],[-114.47275660299999,33.909950588000072],[-114.47556449699999,33.901784667000072],[-114.47409876799998,33.885206835000076],[-114.47160598699998,33.866245111000069],[-114.46548973899996,33.846809535000034],[-114.46332351099994,33.838036169000077],[-114.46877489099995,33.822831524000037],[-114.47486946999999,33.815563999000062],[-114.46992096599996,33.806172419000063],[-114.46148677199994,33.79152760900007],[-114.45712233099999,33.780938467000055],[-114.45706259299999,33.780284522000045],[-114.45669273699997,33.776235477000057],[-114.45557644399997,33.764012248000029],[-114.46111058699995,33.749160447000065],[-114.46339461699995,33.738891330000058],[-114.47313729299998,33.725143165000077],[-114.48287644299995,33.71139439500007],[-114.48191908499996,33.695099540000058],[-114.47661630399995,33.687182269000061],[-114.47358105199999,33.682649692000041],[-114.47291509699994,33.681655133000049],[-114.46708783799994,33.675298256000076],[-114.46393957199996,33.67186330800007],[-114.45958166199995,33.661276049000037],[-114.45918455599997,33.655222699000035],[-114.45889369699995,33.650788342000055],[-114.45973182599994,33.642354164000039],[-114.46989694699994,33.638651851000077],[-114.47992840999996,33.632045596000069],[-114.49049955699996,33.622906755000031],[-114.49185744199997,33.609505813000055],[-114.48997672399997,33.59715189700006],[-114.49067781599996,33.585815330000059],[-114.49497959899998,33.577270306000059],[-114.50625174899994,33.57337188300005],[-114.52886821099997,33.575311674000034],[-114.52451689999998,33.562410414000055],[-114.52781194499994,33.554525382000065],[-114.53834736499999,33.542947986000058],[-114.53813583999994,33.53030586400007],[-114.54175534299998,33.521388797000043],[-114.54104275799995,33.50200708400007],[-114.54119658899998,33.493203255000026],[-114.54754698599999,33.490639267000063],[-114.55659131699997,33.489557944000069],[-114.57502622499999,33.488795722000077],[-114.59188168699995,33.486354239000036],[-114.60234581599997,33.481608295000058],[-114.60765044199997,33.474833131000025],[-114.60698566099995,33.462757011000065],[-114.60039677799995,33.45024924300003],[-114.59750291399996,33.438561674000027],[-114.60399330299998,33.427191545000028],[-114.61769925199997,33.423829099000045],[-114.63323664099994,33.425509700000077],[-114.64835597199999,33.430187298000078],[-114.66219974899997,33.429721135000079],[-114.67009692999994,33.426390689000073],[-114.66886533099995,33.414413224000043],[-114.66317598999996,33.403214976000072],[-114.66185290299995,33.393204801000024],[-114.66742448499997,33.380526828000029],[-114.67615109499997,33.371198088000028],[-114.67886523799996,33.363408148000076],[-114.67120562899999,33.348947642000041],[-114.67134413099996,33.340145655000072],[-114.67948526299995,33.328480494000075],[-114.67651323599995,33.309495017000074],[-114.67062201299996,33.299798310000028],[-114.65763836799999,33.282565632000058],[-114.65318896699995,33.271641779000049],[-114.65175366899996,33.26116617200006],[-114.64341309099996,33.250923196000031],[-114.63702332099996,33.234488738000039],[-114.62934270399995,33.210480263000079],[-114.63368395499998,33.185833840000043],[-114.63582244699995,33.164010468000072],[-114.64228383299996,33.152642832000026],[-114.65482959499997,33.137771665000059],[-114.66130895099997,33.128836721000027],[-114.66464064999997,33.116553297000053],[-114.66436323499994,33.09905314100007],[-114.66378529999997,33.085018325000078],[-114.65719606299996,33.077107296000065],[-114.64404476499999,33.061377767000067],[-114.62881731399995,33.048935831000051],[-114.61515745099996,33.049864663000051],[-114.59916294499999,33.050712507000071],[-114.58597483099999,33.041808436000053],[-114.57562401099995,33.039717679000034],[-114.56255960899995,33.045409069000073],[-114.54092153399995,33.049181886000042],[-114.50839405399995,33.053382807000048],[-114.49134948599999,33.047575748000042],[-114.46526464299995,33.035540619000074],[-114.45529281499995,33.023142672000063],[-114.45596087399997,33.006950415000063],[-114.44724991699997,32.999692918000051],[-114.43759617899997,32.983830357000045],[-114.43481147399996,32.965315947000079],[-114.43242492299999,32.96140383200003],[-114.42325854099994,32.946374014000071],[-114.41751072199997,32.932271173000061],[-114.42377254499996,32.922418830000026],[-114.42089487199996,32.905871152000032],[-114.42811689199999,32.890494649000061],[-114.43826612099997,32.882401962000074],[-114.44851099799996,32.87234327300007],[-114.45040027399995,32.856429910000031],[-114.45840964599995,32.844323152000072],[-114.47410050199994,32.837697553000055],[-114.48292025399996,32.831291824000061],[-114.49424134499998,32.818604763000053],[-114.50914216399997,32.811136452000028],[-114.51362703399997,32.80353527300008],[-114.50837386199998,32.779709901000047],[-114.50517154399995,32.768851167000037],[-114.50952906399999,32.760530732000063],[-114.51808690699994,32.755951049000032],[-114.52953492499995,32.757963025000038],[-114.53831446399994,32.763989226000035],[-114.54748757799996,32.766397236000046],[-114.55640119599997,32.766998308000041],[-114.56665441399997,32.764123686000062],[-114.58032748199997,32.755093634000048],[-114.59973853399998,32.74617591100008],[-114.61065392799998,32.741337790000046],[-114.63413437099996,32.740136076000056],[-114.65274509899996,32.741978285000073],[-114.66491680399997,32.738739819000045],[-114.67099323399998,32.731823637000048],[-114.67744771599996,32.721186580000051],[-114.68113866199997,32.708113225000034],[-114.69150422199999,32.690574151000078],[-114.69719280799995,32.678609206000033],[-114.69618850599994,32.669286975000034],[-114.69133736299995,32.656625043000076],[-114.68936662999994,32.641628402000038],[-114.68882820699997,32.628936723000038],[-114.69566728699999,32.616403940000055],[-114.70207666299996,32.610887763000051],[-114.70916283099996,32.615115528000047],[-114.71956512999998,32.627525083000023],[-114.73378097399996,32.639625172000024],[-114.73809140299994,32.639593153000078],[-114.74112254699997,32.636133613000027],[-114.74044060099999,32.626389191000044],[-114.74046147299998,32.612501512000051],[-114.74308807399996,32.602171633000069],[-114.74756009099997,32.594072317000041],[-114.75612668299999,32.581593439000073],[-114.76102898799996,32.57524389200006],[-114.76095099599996,32.567950625000037],[-114.76319914899995,32.561340909000023],[-114.76419587299995,32.546184910000079],[-114.76575067499999,32.536775552000051],[-114.76873718399997,32.52966947300007],[-114.76770652099998,32.518527168000048],[-114.76617663799999,32.507108427000048],[-114.76836947799995,32.49941278600005],[-114.77545629199994,32.49669295700005],[-114.78849647799996,32.493645124000068],[-114.80009824999996,32.495235466000054],[-114.80783592799997,32.491666783000028],[-114.79640780999995,32.490777137000066],[-114.75822540999997,32.479295362000073],[-114.60976902599998,32.436153584000067],[-114.49476595199997,32.40231708400006],[-114.39871232599995,32.377667153000061],[-114.30869151099995,32.349525707000055],[-113.88717862699997,32.225988456000039],[-113.58744090199997,32.140149534000045],[-113.15105459399996,32.008770450000043],[-112.89179463799996,31.930342189000044],[-112.65585532299997,31.854762699000048],[-112.44589628499995,31.790949391000026],[-112.21398072799997,31.717593717000057],[-111.99114717599997,31.647263815000031],[-111.64893432999997,31.533518491000052],[-111.55191808599994,31.505428090000066],[-111.35788330199995,31.442260205000025],[-111.13443338299999,31.370495874000028],[-111.02122258499998,31.331782649000047],[-110.97731642899998,31.319736682000041],[-110.92211206099995,31.324711039000078],[-110.81461777799996,31.326446258000033],[-110.81618792599994,31.331336535000048],[-110.79152215899995,31.331507792000025],[-110.62596426499999,31.332329867000055],[-110.55737599399998,31.33237564600006],[-110.48878772399996,31.332837227000027],[-110.45610339099994,31.332844858000044],[-110.27607253199994,31.332947863000072],[-110.21981336599998,31.332976476000056],[-110.14586925799995,31.333140511000067],[-110.11586284399999,31.333094735000032],[-110.04285639499994,31.332910789000039],[-110.02637428099996,31.332862294000051],[-109.99155709299998,31.332751418000043],[-109.48569761499999,31.332078146000072],[-109.41816982999995,31.332360437000034],[-109.40210232199996,31.331988504000037],[-109.38441738199998,31.332030467000038],[-109.36780055699995,31.332095317000039],[-109.27883416899999,31.332246002000034],[-109.22683983499996,31.33233374200006],[-109.15268551599996,31.331179296000073],[-109.05157185599995,31.329521390000025],[-108.23327233499998,31.347415923000028],[-108.23387226099999,31.785563590000038],[-108.14487795499997,31.791297264000036],[-107.79846063999997,31.793801936000079],[-107.41523706399994,31.796233501000074],[-106.72394369699998,31.797758860000044],[-106.56073178499997,31.794623023000042],[-106.50962144299996,31.792734600000074],[-106.50513006199998,31.789387942000076],[-106.50143553799995,31.785962151000035],[-106.49703731199997,31.783295505000069],[-106.49263938699994,31.78062869300004],[-106.48753768499995,31.778720891000034],[-106.48234395999998,31.776132537000024],[-106.47667698599997,31.776003841000033],[-106.47122387699994,31.774474824000038],[-106.46546491899994,31.773665208000068],[-106.46005823199994,31.772475789000055],[-106.45460569899996,31.770945931000028],[-106.44840301199997,31.769834539000044],[-106.44269059499999,31.769363866000049],[-106.43716198299995,31.770253579000041],[-106.43140369399998,31.769442127000048],[-106.42635011999994,31.767871607000075],[-106.42135720799996,31.769741827000075],[-106.41592001099997,31.771310799000048],[-106.41051424899996,31.770118867000065],[-106.40492547899998,31.767565919000049],[-106.40017920499997,31.765274671000043],[-106.39508078499995,31.76336249600007],[-106.39081129699997,31.758611386000041],[-106.38787384199998,31.754763541000045],[-106.38524339899999,31.750196230000029],[-106.37869791799994,31.740498254000045],[-106.37606849799994,31.735930847000077],[-106.37105126399996,31.731597393000072],[-106.36696739999996,31.728206320000027],[-106.36274714499996,31.723794586000054],[-106.35786811399998,31.720481132000032],[-106.35347852799998,31.717808899000033],[-106.34864577999997,31.714835233000031],[-106.34385889599997,31.712201539000034],[-106.33827648499994,31.709645383000066],[-106.33424065199995,31.706593373000032],[-106.33081921199994,31.702102854000032],[-106.33000155199994,31.695979765000061],[-106.32927485099998,31.690537078000034],[-106.32854825199996,31.685094444000072],[-106.32667381999994,31.680108496000059],[-106.32409488399998,31.675880509000024],[-106.32270944399994,31.671536082000046],[-106.31968793099998,31.667006711000056],[-106.31433623699996,31.666150294000033],[-106.30924643399999,31.664234380000039],[-106.30547590899994,31.660122333000061],[-106.30563716399996,31.655282692000071],[-106.30584368799998,31.650783248000039],[-106.30560728599994,31.645982438000033],[-106.30492803899995,31.640880270000025],[-106.30155644699994,31.636729538000054],[-106.29593560799998,31.633831404000034],[-106.29181493899995,31.630097966000051],[-106.28708039099996,31.627802300000042],[-106.28415300899997,31.623952594000059],[-106.28272555699999,31.619267960000059],[-106.27987116599996,31.609898766000072],[-106.27729710299997,31.605670238000073],[-106.27432591399997,31.601480304000063],[-106.27214981599997,31.597213103000058],[-106.27355019999999,31.592598406000036],[-106.27756006999999,31.589452572000027],[-106.28249970899998,31.587249659000065],[-106.28606646499998,31.583802074000062],[-106.28627393199997,31.579303313000025],[-106.28224689999996,31.576250126000048],[-106.27843694199998,31.571797743000047],[-106.27339929499999,31.570220581000058],[-106.26836185399998,31.568643185000042],[-106.26235816899998,31.56888183500007],[-106.25675169499999,31.569081593000078],[-106.25166965899996,31.567163296000047],[-106.24676019699996,31.563505673000066],[-106.24573330499999,31.55878259900004],[-106.24545591899994,31.553642438000054],[-106.24478142199996,31.548540836000029],[-106.24176921799994,31.544010373000049],[-106.23743126899996,31.538575001000027],[-106.23265898899996,31.535937235000063],[-106.22823922799995,31.532920727000032],[-106.22285290099995,31.531719833000068],[-106.21768447199997,31.529119852000065],[-106.21286862899996,31.526141146000043],[-106.20884722699998,31.523085504000051],[-106.20702914199995,31.51843917900004],[-106.20521127399996,31.513792865000028],[-106.20414279299996,31.508729772000038],[-106.20351614899994,31.50396846700005],[-106.19966949199994,31.499173823000035],[-106.19490090699998,31.496534571000041],[-106.18885786799996,31.496428937000076],[-106.18343000999994,31.49488604000004],[-106.17791308799997,31.492662680000024],[-106.17354252099994,31.489984252000056],[-106.16947993099996,31.486587252000049],[-106.16537311599996,31.482850026000051],[-106.16280946899997,31.478619818000027],[-106.16178878499994,31.473896751000041],[-106.16142813399995,31.468077093000034],[-106.15807166799999,31.463923269000077],[-106.15282473299999,31.463739238000073],[-106.14748884499994,31.462874773000067],[-106.14131509699996,31.461746179000045],[-106.13602390999995,31.461221229000046],[-106.13068838099997,31.460355923000066],[-106.12544175299996,31.460170538000057],[-106.12015077999996,31.459644798000056],[-106.11503490699994,31.457380296000053],[-106.10983069199995,31.454435363000073],[-106.10497929399997,31.45111212200004],[-106.10039219099997,31.446730440000067],[-106.09492529999994,31.444843078000076],[-106.09020781799995,31.442539510000074],[-106.08421218699999,31.439669244000072],[-106.07874618299996,31.437781075000032],[-106.07345704699998,31.437253027000054],[-106.06821211099998,31.437064820000046],[-106.06230617199998,31.437972294000076],[-106.05728156599997,31.436385314000063],[-106.05221310499996,31.43445799400007],[-106.03528991299999,31.430903861000047],[-106.03026631299997,31.429315623000036],[-106.02484627499996,31.427764825000054],[-106.01867709099997,31.426629173000038],[-106.01175869199994,31.425908530000072],[-106.00625155899996,31.423676560000047],[-106.00047959399996,31.422502254000051],[-105.99268089999998,31.421175293000033],[-105.98792410699997,31.418527167000036],[-105.98572504499998,31.413915592000023],[-105.98467219299994,31.408851343000038],[-105.98401601499995,31.403749618000063],[-105.98340365899998,31.398988054000029],[-105.98239488899998,31.394264044000067],[-105.98094605299997,31.389237474000026],[-105.97954111499996,31.384551037000051],[-105.97694708699999,31.379977105000023],[-105.97325152699995,31.376195780000046],[-105.96858892299997,31.371128888000044],[-105.96515962999996,31.36628961100007],[-105.96115618899995,31.363225601000067],[-105.95746218799997,31.359443857000031],[-105.95306308899995,31.356416998000043],[-105.94936980299997,31.35263502600003],[-105.94435742699994,31.347944787000074],[-105.94062144399999,31.343822489000047],[-105.93640262399998,31.339057256000046],[-105.93350339499995,31.335200196000073],[-105.92937240299995,31.331114932000048],[-105.92480222399996,31.32672675200007],[-105.92005349399994,31.32407610000007],[-105.91601059199996,31.32067057200004],[-105.91090976999999,31.31839688000008],[-105.90647143699999,31.31502826600007],[-105.90278236899997,31.311244997000074],[-105.90023860099996,31.307009964000031],[-105.89963211699995,31.302248878000057],[-105.89942174499998,31.297450643000047],[-105.90145751599994,31.291409073000068],[-105.90168636099997,31.286913816000038],[-105.90103663199994,31.281812878000039],[-105.90194572799999,31.266930105000029],[-105.90019517199994,31.262621064000029],[-105.89369470199995,31.258758164000028],[-105.88807301199995,31.255500700000027],[-105.88293404299998,31.252885926000033],[-105.87792499999995,31.251291062000064],[-105.87322562499998,31.248978777000048],[-105.86839707399997,31.245646149000038],[-105.86405096999994,31.242956363000076],[-105.86072000999997,31.238795101000051],[-105.85743250099995,31.234973815000046],[-105.85682918599997,31.230213207000077],[-105.85609668699999,31.224432529000069],[-105.85509786999995,31.219709042000034],[-105.85247354099994,31.214793617000055],[-105.85112250299994,31.210447228000078],[-105.84823225899999,31.206588879000037],[-105.84565182799997,31.20201344700007],[-105.84201405099998,31.198568987000044],[-105.83718994899999,31.195235291000074],[-105.83350989299998,31.191450567000061],[-105.82916800399994,31.188759658000038],[-105.82253919099998,31.186970041000052],[-105.81753560899995,31.18537254000006],[-105.81253223099998,31.183774809000056],[-105.80713355999995,31.182213685000079],[-105.80094411899995,31.180725926000036],[-105.79423105199999,31.178254509000055],[-105.78799940899995,31.176425976000075],[-105.78295446999999,31.174486845000047],[-105.77759974599996,31.173264274000076],[-105.77176434999996,31.171398074000024],[-105.76676280399994,31.169798224000033],[-105.76136601299999,31.168234809000069],[-105.75702790099996,31.165541073000043],[-105.75366333599999,31.161037094000051],[-105.75254372899997,31.155293190000066],[-105.75115669099995,31.150606052000057],[-105.74823102099998,31.146405442000059],[-105.74317661599997,31.147561375000066],[-105.73759911799999,31.147733556000048],[-105.73123087499994,31.147978550000062],[-105.72477764899998,31.147543088000077],[-105.71850763799995,31.145370544000059],[-105.71381935099998,31.143051703000026],[-105.71050064899998,31.138886602000071],[-105.70705513899998,31.133701335000069],[-105.70329954599998,31.129232520000073],[-105.70156302199996,31.124921466000046],[-105.69753994199999,31.121509047000075],[-105.69316430399999,31.118472934000067],[-105.68861982099997,31.114076554000064],[-105.68534596899997,31.110250945000075],[-105.68242534799998,31.106048877000035],[-105.67985793899999,31.101470392000067],[-105.67733306799994,31.097231907000037],[-105.67406047499998,31.093406085000026],[-105.67114108699997,31.089203859000065],[-105.66980229599994,31.084856331000026],[-105.66881651099999,31.080132506000041],[-105.66770429199994,31.074388706000036],[-105.66597094899998,31.070077577000063],[-105.66191008799996,31.066324205000058],[-105.65784961599996,31.062570707000077],[-105.65387376399997,31.059497080000028],[-105.64906626199996,31.05615580500006],[-105.64399045599998,31.053870550000056],[-105.63847798499995,31.051281260000053],[-105.62707621499999,31.04304187300005],[-105.62195993399996,31.040415627000073],[-105.61759176499999,31.037376916000028],[-105.61349299599999,31.033281954000074],[-105.61018428899996,31.029114691000075],[-105.60643924599998,31.024643448000063],[-105.60356793099999,31.020779971000024],[-105.60293983099996,31.015680137000061],[-105.60318500399995,31.011188202000028],[-105.60106190599998,31.006912663000037],[-105.59819150599998,31.003049187000045],[-105.59563240199998,30.998469679000038],[-105.59087293899995,30.995466173000068],[-105.58607205799996,30.992122495000046],[-105.58100224299994,30.989834530000053],[-105.57699135999997,30.986418523000054],[-105.57156929099995,30.984506069000076],[-105.56610579199997,30.982253368000045],[-105.56174303599994,30.979212732000065],[-105.55671423799998,30.970732354000063],[-105.55376409199994,30.966188039000031],[-105.55046139799998,30.962019516000055],[-105.54755353999997,30.957815079000056],[-105.54323444399995,30.955113804000064],[-105.53856273999997,30.95278815100005],[-105.53420269399999,30.949746573000027],[-105.53059034099999,30.946293303000061],[-105.52548361799995,30.943662938000045],[-105.51935986799998,30.942499436000048],[-105.51429521499995,30.940208515000052],[-105.50852488999999,30.938668703000076],[-105.50346079999997,30.936377281000034],[-105.49835563499994,30.933745659000067],[-105.49395685799999,30.930362581000054],[-105.48964112299996,30.927659274000064],[-105.48493133799997,30.924991422000062],[-105.48092796599997,30.921572250000054],[-105.47727798799997,30.917777406000027],[-105.47437569899995,30.913571362000027],[-105.47182675499994,30.90898975500005],[-105.46857205999999,30.905159151000078],[-105.46461162399999,30.902079465000043],[-105.45896863699994,30.901556938000056],[-105.45280800899997,30.900049722000063],[-105.45104919599999,30.895396766000033],[-105.44846107099994,30.890474825000069],[-105.44481411299995,30.886679118000075],[-105.43853166399998,30.884151261000056],[-105.43303792799998,30.881552217000035],[-105.42766766799997,30.879972764000058],[-105.42300387499995,30.877642380000054],[-105.41821737599997,30.874291937000066],[-105.41426047799996,30.871210571000063],[-105.41022197999996,30.867449171000032],[-105.40661888199998,30.863992285000052],[-105.40364053099995,30.85910490200007],[-105.39929093299997,30.856058379000046],[-105.39521305099998,30.851956587000075],[-105.39125818499997,30.848874509000041],[-105.38647479899998,30.845522840000058],[-105.38212661999995,30.842475701000069],[-105.37777877999997,30.839428403000056],[-105.37681366699996,30.834704422000073],[-105.37207253299994,30.831692142000065],[-105.36703290899999,30.832829290000063],[-105.36207459599996,30.834646089000046],[-105.35703463699997,30.835782766000079],[-105.35108454999994,30.835969565000028],[-105.34611301899997,30.834351010000034],[-105.34070710799995,30.832427341000027],[-105.33596749999998,30.82941345100005],[-105.33126884799998,30.826739320000058],[-105.32661108799999,30.824404946000072],[-105.32147860499998,30.821425470000065],[-105.31678092699997,30.818750740000041],[-105.31247744599995,30.816040857000075],[-105.30765894799998,30.812345907000065],[-105.30260889299996,30.810045487000025],[-105.29709491999995,30.810534253000071],[-105.29158087899998,30.811022729000058],[-105.28658180899998,30.812495930000068],[-105.28138070299997,30.81226909600008],[-105.27511902699996,30.813166356000067],[-105.26960466399998,30.813653685000077],[-105.26377692899996,30.814855440000031],[-105.25546481799995,30.815245464000043],[-105.24947581699996,30.815086541000028],[-105.24662976799999,30.811215171000072],[-105.24492538599998,30.806899676000057],[-105.24436251199995,30.802140125000051],[-105.24206368099999,30.796159560000035],[-105.23996608799996,30.791878824000037],[-105.23826249299998,30.78756340800004],[-105.23392328799997,30.784510549000061],[-105.22927093299995,30.782172092000053],[-105.22426522499995,30.780208026000025],[-105.22063424399994,30.776405508000039],[-105.21526855599996,30.771381461000033],[-105.21167846399999,30.767918658000042],[-105.20804866199995,30.764115810000078],[-105.20285099299997,30.763885121000044],[-105.19761951299995,30.766748305000078],[-105.19325497699998,30.770222154000066],[-105.19137224799994,30.774508753000077],[-105.18952926699995,30.779135331000077],[-105.18607103799997,30.783559898000078],[-105.18106632099995,30.781593771000075],[-105.17747727299997,30.778129724000053],[-105.17274722099995,30.775108860000046],[-105.16730979699997,30.772836578000067],[-105.16301400299994,30.770120869000039],[-105.15828498999997,30.767099409000025],[-105.15430392399998,30.76366906100003],[-105.14988976299998,30.759932968000044],[-105.14594918099999,30.756842327000072],[-105.14420797099996,30.748751792000064],[-105.14136951899997,30.744878157000073],[-105.13739031899996,30.741447341000026],[-105.13262433599999,30.738084965000041],[-105.12935362399998,30.733905422000078],[-105.12565007999996,30.729420115000039],[-105.12234046499998,30.724900482000066],[-105.11985781899995,30.720652284000039],[-105.11737544399995,30.716404068000031],[-105.11568022399996,30.712087405000034],[-105.11174338799998,30.708995817000073],[-105.10780686399994,30.705904105000059],[-105.10265090299998,30.702574826000046],[-105.09859649899994,30.698462991000042],[-105.09454252099994,30.694351036000057],[-105.09284903099996,30.690034223000055],[-105.09001523599994,30.686159717000066],[-105.08674895399997,30.681979342000034],[-105.08246091399997,30.679260904000046],[-105.07671827999997,30.677698389000057],[-105.07101526399998,30.676475498000059],[-105.06417193799996,30.675694306000025],[-105.05886254099994,30.674436743000058],[-105.05347469399999,30.672499036000033],[-105.04844108899994,30.670187164000026],[-105.04380103399996,30.667841120000048],[-105.03876801199999,30.665528808000033],[-105.03448253199997,30.662808518000077],[-105.03161338799998,30.658592743000042],[-105.02988492899999,30.653935335000028],[-105.02819586299995,30.649617878000072],[-105.02536671399997,30.645741989000044],[-105.02285264999995,30.641152343000044],[-105.01923784699994,30.637344084000063],[-105.01566252199996,30.633875657000033],[-105.01244147999995,30.630033393000076],[-105.00847372499999,30.626598601000069],[-105.00482121299996,30.622450056000048],[-105.00085417599996,30.619015036000064],[-104.99610145899999,30.615647418000037],[-104.99288211999999,30.611804714000073],[-104.98966309599996,30.607961947000035],[-104.98962409399996,30.60762203400003],[-104.98507060499998,30.602520724000044],[-104.98149837099999,30.599051411000062],[-104.97749458799996,30.595275789000027],[-104.97274430799996,30.591907297000034],[-104.96693244899996,30.589659288000064],[-104.96182894999998,30.58666389900003],[-104.95790444799997,30.583567444000039],[-104.95421776899997,30.579077649000055],[-104.95135598299998,30.574860496000042],[-104.94767008599996,30.570370561000061],[-104.94410096199999,30.566900235000048],[-104.94124016299997,30.562682923000068],[-104.93802567299997,30.558839009000053],[-104.93438002499994,30.554688664000025],[-104.93073475999995,30.550538231000075],[-104.92822926299999,30.545947328000068],[-104.92537007499999,30.541729789000044],[-104.92200251699995,30.536526045000073],[-104.91824277799998,30.531355720000079],[-104.91577726299994,30.52710459900004],[-104.91327338299999,30.522513588000038],[-104.91120097499999,30.518229002000055],[-104.91022919199997,30.513164396000036],[-104.90968865499997,30.508406274000038],[-104.90914818199997,30.503648204000058],[-104.90727600199995,30.497631021000075],[-104.90591228999995,30.492600034000077],[-104.90419491199998,30.487942344000032],[-104.90173151499994,30.483691322000027],[-104.89993747699998,30.478353974000072],[-104.89743607199995,30.473763106000035],[-104.89493495899995,30.469172227000058],[-104.89321874299998,30.464514612000073],[-104.89260254699997,30.459077280000031],[-104.89234017799998,30.45326682700005],[-104.89219335399997,30.448475920000078],[-104.89247724999996,30.443991527000037],[-104.89233043599995,30.439200724000045],[-104.89175299299995,30.434103519000075],[-104.89078349799996,30.429039726000042],[-104.88871477399999,30.424755631000039],[-104.88586210199998,30.42053820700005],[-104.88261766899996,30.416354069000079],[-104.88015767599995,30.412103252000065],[-104.87918919699996,30.407039612000062],[-104.87892799199994,30.401229834000048],[-104.88008869999999,30.390496636000023],[-104.87994273899994,30.385706417000051],[-104.87850588599997,30.37999684600004],[-104.87722284999995,30.375646413000027],[-104.87547132499998,30.370649765000053],[-104.87191442499994,30.36717860300007],[-104.86694400199997,30.365199451000024],[-104.86444810999996,30.360609016000069],[-104.85983175799998,30.358256547000053],[-104.85521568299998,30.355903889000047],[-104.85087681599998,30.352498557000047],[-104.84759877999994,30.34797424900006],[-104.84620321099999,30.342604499000061],[-104.84413917699999,30.338320398000064],[-104.84317391999997,30.333257308000043],[-104.84385183399996,30.328741098000023],[-104.84370818899998,30.323951528000066],[-104.84516919499998,30.319369072000029],[-104.84655354999995,30.314107180000065],[-104.84683955599996,30.309624331000066],[-104.84552117999999,30.304934510000066],[-104.84193034799995,30.30112315100007],[-104.83873135699997,30.297278556000037],[-104.83467336799998,30.292820727000048],[-104.83076847599995,30.28972165700003],[-104.82651058699997,30.286995284000056],[-104.82221487099997,30.283929038000053],[-104.81745187199999,30.280216275000043],[-104.81205881099999,30.277928281000072],[-104.80709551499996,30.275946711000074],[-104.80045282599997,30.273077788000023],[-104.79655025699998,30.269977589000064],[-104.79292539699998,30.265825156000062],[-104.79004562099999,30.261267008000061],[-104.78759544899998,30.257015584000044],[-104.78553683599995,30.252731203000053],[-104.78279563399997,30.242332237000028],[-104.78468782399995,30.238058275000071],[-104.78615066599997,30.233477582000035],[-104.78636392999999,30.228316395000036],[-104.78356175199997,30.224437838000028],[-104.77927111099996,30.221370290000038],[-104.77423642799994,30.218708072000027],[-104.76877310699996,30.215738829000031],[-104.76354996599997,30.21137774400006],[-104.76000516499994,30.207904107000047],[-104.75744485899997,30.202633503000072],[-104.75538929999999,30.198349088000043],[-104.75329618499995,30.193725010000037],[-104.75230074399997,30.188323172000025],[-104.75204959399997,30.182516109000062],[-104.75176071599998,30.176369474000069],[-104.75123202599997,30.171614340000076],[-104.74992162999996,30.166924870000059],[-104.74786740899998,30.162640676000024],[-104.74421230999997,30.158147989000042],[-104.74020451099994,30.15402763000003],[-104.73631018899994,30.15092607400004],[-104.73336252399997,30.145688358000029],[-104.73170051899996,30.141371327000058],[-104.73184176999996,30.135532141000056],[-104.73170526399997,30.130744642000025],[-104.73262786299995,30.124840137000035],[-104.73288198699998,30.120020028000056],[-104.73235480999995,30.11526544700007],[-104.73139943599995,30.110204044000056],[-104.73087241299999,30.105449570000076],[-104.73019490499996,30.099336751000067],[-104.72920223199998,30.093935930000043],[-104.72867544999997,30.089181632000077],[-104.72443188599999,30.086452431000055],[-104.72089440699995,30.082978519000051],[-104.71661387599994,30.079909454000074],[-104.71307703399998,30.076435335000042],[-104.71063672999998,30.072184012000037],[-104.70933039099998,30.06749516800005],[-104.70919536599996,30.062708435000047],[-104.70902283199996,30.057582184000069],[-104.70931570399995,30.053102491000061],[-104.71120733499998,30.048831821000078],[-104.71348905599996,30.044528500000069],[-104.71655107199996,30.040159840000058],[-104.71968787199995,30.036470236000071],[-104.72263651799994,30.031082845000071],[-104.72448932499998,30.026472621000039],[-104.72517138399996,30.021960528000079],[-104.72620593999994,30.017076244000066],[-104.72766808199998,30.012498826000069],[-104.72749445899996,30.00737323900006],[-104.72774851799994,30.002554528000076],[-104.72761248999996,29.997768581000059],[-104.72775378699998,29.991931452000074],[-104.72804535499995,29.987452429000029],[-104.72677694999999,29.983104281000067],[-104.72550868399998,29.97875616400006],[-104.72424055799996,29.974408079000057],[-104.72258264899995,29.970092713000042],[-104.72240944899994,29.964967653000031],[-104.72344342999997,29.960084083000027],[-104.72008264399994,29.943919834000042],[-104.71447549499999,29.943019250000077],[-104.71168693599998,29.939141471000028],[-104.70999297699996,29.934486814000024],[-104.70751975599995,29.929897442000026],[-104.70469455599999,29.925680140000054],[-104.70186965599999,29.921462808000058],[-104.69982440199999,29.917180251000048],[-104.69852125999995,29.912493064000046],[-104.69827492799999,29.906689799000048],[-104.69884522399997,29.901160880000077],[-104.69871111599997,29.896376099000065],[-104.70017261799995,29.89180043500005],[-104.70202347399999,29.887192201000062],[-104.70188919799995,29.88240759200005],[-104.70058650599998,29.877720836000037],[-104.69850505799997,29.873099300000035],[-104.69486611499997,29.868608089000077],[-104.69391610999998,29.863549423000052],[-104.69331824799997,29.858118835000028],[-104.69318454699999,29.853334562000043],[-104.69297614599998,29.847871543000053],[-104.69093327199994,29.84358959900004],[-104.68885328399995,29.838968265000062],[-104.68677353799995,29.83434694400006],[-104.68473134899995,29.830065024000078],[-104.68378245199995,29.825006754000071],[-104.68435317099994,29.819479045000037],[-104.68375629599996,29.814049002000047],[-104.68132564199999,29.809799763000058],[-104.67889524799995,29.805550510000046],[-104.67466857799997,29.802821207000079],[-104.66962674699994,29.799817338000025],[-104.66482554199996,29.795423321000044],[-104.66013643899998,29.792047228000058],[-104.65479851399999,29.786327830000062],[-104.65053655399998,29.783258322000052],[-104.64655256299994,29.779138198000055],[-104.64412497299998,29.774888464000071],[-104.64356829899998,29.769798154000057],[-104.64258564699998,29.764400932000058],[-104.63112039699996,29.749260536000065],[-104.62943521999995,29.744606791000024],[-104.62517648399995,29.741536568000072],[-104.62060324399994,29.739177150000046],[-104.61397526799999,29.735960875000046],[-104.60862506699999,29.733665486000064],[-104.60401585099999,29.730966056000057],[-104.60014761499997,29.727862692000031],[-104.59768718799995,29.723273101000075],[-104.59452331699998,29.719426536000071],[-104.59245219999997,29.714804732000061],[-104.59119558099997,29.710457913000027],[-104.58990224899998,29.705771811000034],[-104.58938638399997,29.701021418000039],[-104.58964784499994,29.69620674500004],[-104.59174175799996,29.690213363000055],[-104.59355734999997,29.68527010400004],[-104.59187573599996,29.680616508000071],[-104.58906555199997,29.676398730000074],[-104.58396137399995,29.672713105000071],[-104.58072659699997,29.668188045000079],[-104.57865761899996,29.663566570000057],[-104.57620042899998,29.658977225000058],[-104.57331833299997,29.654080702000044],[-104.56884621799998,29.648973246000025],[-104.56561326999997,29.64444799100005],[-104.56238068999994,29.63992268800007],[-104.55974172999998,29.633636913000032],[-104.55584329599998,29.630193414000075],[-104.55046525899996,29.627556396000045],[-104.54590080299994,29.625194386000032],[-104.53830345199998,29.623766522000039],[-104.53307270299996,29.622485693000044],[-104.52579105899997,29.620346450000056],[-104.52045119799999,29.618047210000043],[-104.51553640499998,29.616055090000032],[-104.50690877099998,29.612313896000046],[-104.50164285399995,29.610692262000043],[-104.49637715199998,29.609070369000051],[-104.49118443099997,29.60812674500005],[-104.48482711599996,29.607278181000027],[-104.47967098099997,29.606673254000043],[-104.47409037799997,29.605760533000023],[-104.46882556699995,29.60413726400003],[-104.46387666599998,29.601803506000067],[-104.45853984699994,29.599501198000041],[-104.45429550199998,29.596425134000071],[-104.44881453999994,29.592765295000049],[-104.44457093099999,29.589688888000069],[-104.44036380699998,29.586951596000063],[-104.43453212899999,29.58366195800005],[-104.42990142799994,29.580616602000077],[-104.42667917999995,29.576087832000042],[-104.42240124799997,29.572671394000054],[-104.41886378499999,29.568852516000049],[-104.41490256499998,29.564725808000048],[-104.41104981399997,29.561616750000042],[-104.40617725499999,29.559959006000042],[-104.40267711999996,29.556478953000067],[-104.39801326699995,29.553093143000069],[-104.39412579799995,29.549644305000072],[-104.39136667199995,29.545761865000031],[-104.38892394099997,29.541169500000024],[-104.38609356099994,29.536608528000045],[-104.38294736499995,29.532757390000029],[-104.37980147399998,29.528906195000047],[-104.37588012599997,29.525117658000056],[-104.37023478699996,29.523521095000035],[-104.36501335199995,29.522232151000026],[-104.36007260299999,29.51989394900005],[-104.35368799499997,29.518698330000063],[-104.34769143599999,29.517471073000024],[-104.34219002699996,29.51722995700004],[-104.33707650899998,29.516957342000069],[-104.33072813999996,29.516099559000054],[-104.32550783199997,29.514808654000035],[-104.32032330499999,29.513856733000068],[-104.31506772599994,29.512226071000043],[-104.30942452699998,29.510626257000069],[-104.28741914599999,29.505889207000052],[-104.28188327999999,29.505305659000044],[-104.27599509199996,29.50509205000003],[-104.27042397099996,29.50416864400006],[-104.26488835099997,29.503584193000052],[-104.25931746499998,29.502660195000033],[-104.25378202999997,29.502075155000057],[-104.24831727199995,29.502168332000053],[-104.24345175899998,29.500503219000052],[-104.23809288299998,29.497850956000036],[-104.23425029299995,29.494735892000051],[-104.22998501399996,29.491312266000079],[-104.22681297599996,29.487117611000031],[-104.22328872099996,29.483292937000044],[-104.21909485399999,29.480547458000046],[-104.21437299499996,29.476475597000046],[-104.21120237099996,29.472280628000078],[-104.20841975099995,29.468054883000036],[-104.20598997499997,29.463459157000045],[-104.20472335499994,29.458771300000024],[-104.20190647199996,29.454206301000056],[-104.20067531099994,29.449857735000023],[-104.19979677899994,29.445139289000053],[-104.19515015399998,29.437983283000051],[-104.18997219899995,29.437025051000035],[-104.18578192099994,29.434278559000063],[-104.18113447299999,29.430884108000043],[-104.17683994299995,29.427119661000063],[-104.17321591899997,29.422276257000078],[-104.17159938199995,29.417958300000066],[-104.17037043699997,29.413609789000077],[-104.16984657599994,29.408521759000052],[-104.16925294699996,29.402755404000061],[-104.16679252199998,29.397820357000057],[-104.16225266199996,29.395442952000053],[-104.15457963499995,29.392970374000072],[-104.14894812499995,29.39136234700004],[-104.14127590399994,29.388888811000072],[-104.13673731699998,29.386510345000033],[-104.13174221299994,29.383483751000028],[-104.12636021799995,29.380487352000046],[-104.12182255399995,29.378108287000032],[-104.11612339999999,29.375820168000075],[-104.10841905399997,29.373005118000037],[-104.10374385999995,29.369268567000063],[-104.09843307599999,29.366949201000068],[-104.09424964699997,29.364199523000025],[-104.08932667599998,29.361849430000063],[-104.08440399499995,29.359499119000077],[-104.07951611999994,29.35748777200007],[-104.07427581199994,29.355845607000049],[-104.06935394599998,29.35349461800007],[-104.06443237199994,29.351143411000066],[-104.05895182699999,29.347126232000051],[-104.05392775499996,29.343757027000038],[-104.04935997099994,29.341035846000068],[-104.04507651899996,29.337266845000045],[-104.04015666499998,29.334914587000071],[-104.03594261299997,29.331823616000065],[-104.03208164699998,29.328363270000068],[-104.02786825499999,29.32527202700004],[-104.02362092999999,29.321841465000034],[-104.01838412099994,29.320196633000023],[-104.01321595899998,29.319229886000073],[-103.99532188299997,29.315829306000069],[-103.98969905199999,29.314212969000039],[-103.98375762599994,29.313304561000052],[-103.97796489599995,29.309991728000057],[-103.97378861999994,29.307237611000062],[-103.96922566999996,29.304513166000049],[-103.96427607999999,29.301818343000036],[-103.95904181299994,29.300170602000037],[-103.95264694199994,29.298611883000035],[-103.94706011699998,29.297332480000023],[-103.94108653899997,29.296082496000054],[-103.93595475599994,29.295451136000054],[-103.92987994299995,29.293182988000069],[-103.92468078299999,29.291872726000065],[-103.91670580299996,29.290091249000056],[-103.90831051799995,29.287999583000044],[-103.90317951799994,29.287366614000064],[-103.89801488699999,29.286394211000072],[-103.89288407199996,29.285760735000054],[-103.88768600399999,29.28444864100004],[-103.88055364699994,29.283283749000077],[-103.87296740199997,29.281469462000075],[-103.86689544899997,29.279197709000073],[-103.86099158999997,29.27862153600006],[-103.85614785899998,29.276939288000051],[-103.85056410499999,29.275654759000076],[-103.84472758699997,29.275756038000054],[-103.83699013399996,29.276342817000057],[-103.83186045299999,29.275706337000031],[-103.82508316999997,29.274169159000053],[-103.81960022799996,29.273900547000039],[-103.81369710299998,29.273321689000056],[-103.80853447899995,29.272344866000026],[-103.80295181599996,29.271057788000064],[-103.79691592899997,29.269121195000025],[-103.79158752899997,29.266447560000074],[-103.78635916599995,29.264791260000038],[-103.78081059499999,29.263842212000043],[-103.77657719299998,29.260402106000072],[-103.77347140299997,29.25653541500003],[-103.76955919299996,29.25238762500004],[-103.76574678699996,29.249257300000068],[-103.75880751999995,29.246019962000048],[-103.75464217999996,29.243257497000059],[-103.75009039699995,29.240523882000048],[-103.74557196599994,29.238129273000027],[-103.74510940399995,29.233380706000048],[-103.74545329099999,29.228913417000058],[-103.74499078999997,29.224164966000046],[-103.74684813799996,29.219242698000073],[-103.74835169299996,29.214688614000067],[-103.74418835299997,29.211925959000041],[-103.73600377499997,29.211855749000051],[-103.73078014799995,29.210196887000052],[-103.72500543999996,29.20687085000003],[-103.72229079699997,29.202974278000056],[-103.71951058999997,29.198399361000043],[-103.71631128399997,29.193514139000058],[-103.71285740399998,29.19001434300003],[-103.70824436599997,29.186600983000062],[-103.70553123299999,29.182704185000034],[-103.70088610499994,29.178951420000033],[-103.69707990399996,29.175819186000069],[-103.69398126299996,29.171950991000074],[-103.68866280799995,29.169272765000073],[-103.68411750699994,29.166536797000049],[-103.67893065699997,29.16521466100005],[-103.67367856599998,29.163213990000031],[-103.66845942099997,29.161552204000031],[-103.66500902499996,29.158051114000045],[-103.66014411199995,29.156021120000048],[-103.65499096399998,29.155036960000075],[-103.64954938999995,29.155098581000061],[-103.64471762799997,29.153407016000074],[-103.64017474099995,29.150669237000045],[-103.63627465499997,29.146517601000028],[-103.63118355699999,29.142112375000067],[-103.62628798299994,29.139741747000073],[-103.62075001899996,29.138784451000049],[-103.61563091899995,29.138137512000071],[-103.60960964299994,29.136190708000072],[-103.60477987399997,29.134497368000041],[-103.59921015499998,29.133199801000046],[-103.59351120999997,29.130545394000023],[-103.58932529299994,29.127438015000052],[-103.58443186299996,29.125065501000051],[-103.57986036699998,29.121986155000059],[-103.57425966199997,29.120348157000024],[-103.56975331799998,29.117946663000055],[-103.56524724599996,29.115544988000067],[-103.56035526199997,29.113171412000042],[-103.55552793099997,29.111475880000057],[-103.55173065899999,29.10833887900003],[-103.54751538899995,29.104890872000055],[-103.54294647299997,29.101810064000063],[-103.53718744399998,29.098474538000062],[-103.53261929299998,29.095393328000057],[-103.52843759099994,29.092283784000074],[-103.52422417599996,29.088834978000079],[-103.52152335099998,29.084934399000076],[-103.51991688399994,29.080271193000044],[-103.51905062499998,29.075212673000067],[-103.51747650199997,29.070888655000033],[-103.51361868199996,29.067072402000065],[-103.50921069999998,29.069783248000078],[-103.50480241899999,29.07249392500006],[-103.49936636299998,29.072547639000049],[-103.49319336899998,29.068898872000034],[-103.48850109399996,29.064459538000051],[-103.48503092599998,29.06061427700007],[-103.47979058499999,29.058604344000059],[-103.47558104699999,29.055153874000041],[-103.47072722899998,29.053115553000055],[-103.46548773799998,29.051104938000037],[-103.45979910299997,29.048443765000059],[-103.45626754599999,29.043919513000048],[-103.45247738599994,29.040779450000059],[-103.44894658299995,29.03625504300004],[-103.44493530699998,29.030741145000036],[-103.44101956899999,29.026244433000045],[-103.43607346999994,29.023187396000026],[-103.43115936499998,29.02046923100005],[-103.42659976899995,29.017383998000071],[-103.42123744199995,29.014015018000066],[-103.41703278299997,29.010562586000049],[-103.41250583099998,29.007815892000053],[-103.40812920699994,29.010861071000079],[-103.40455526899996,29.014189798000075],[-103.40101252199997,29.017857523000032],[-103.39705217699998,29.021213731000046],[-103.39389458999995,29.024853617000076],[-103.39198857999997,29.029427828000053],[-103.38927918299999,29.03371822500003],[-103.38656949499995,29.038008602000048],[-103.38149018199994,29.037689378000039],[-103.37631673499999,29.036352557000043],[-103.37047529799997,29.031991019000031],[-103.36633457999994,29.029214578000051],[-103.36325765599997,29.025338055000077],[-103.36275639199994,29.019912349000037],[-103.36119181999999,29.015586614000028],[-103.35962741799995,29.011260907000064],[-103.35767744199995,29.006962743000031],[-103.35418478799994,29.002774610000074],[-103.34867020099995,28.997706568000069],[-103.34283309999995,28.993343931000027],[-103.33750712699998,28.990309914000079],[-103.33298405699998,28.987559891000046],[-103.32917024799997,28.98407671700005],[-103.32722257499995,28.979778298000042],[-103.32678635599996,28.975031243000046],[-103.32483903099995,28.970732887000054],[-103.32025525299997,28.967304322000075],[-103.31495065299998,28.968704606000074],[-103.31003144499999,28.970077290000063],[-103.30511206999995,28.971449745000029],[-103.30016148299995,28.972482893000063],[-103.29658476699996,28.975807534000069],[-103.29223649399995,28.979186623000032],[-103.28785685799994,28.982226469000068],[-103.28210310399999,28.98297419000005],[-103.27696581199996,28.981971694000038],[-103.27105735899994,28.981023327000059],[-103.26581278799995,28.983099337000056],[-103.25967309999999,28.983872982000037],[-103.25427377999995,28.98425290800003],[-103.24842708099999,28.983981448000065],[-103.24219475299998,28.98373674100003],[-103.23554602099995,28.983179608000057],[-103.22909857899998,28.980560363000052],[-103.22496544299997,28.977778655000066],[-103.22080188699994,28.974657697000055],[-103.21663865599999,28.971536600000036],[-103.21212081199997,28.968781432000071],[-103.20724833099996,28.96639213900005],[-103.20192930799999,28.96335136600004],[-103.19735123099997,28.959917421000057],[-103.19315910099999,28.956456408000065],[-103.18763908099999,28.955476443000066],[-103.18194738899996,28.956896728000061],[-103.17711817499998,28.959280344000035],[-103.17083779599994,28.962788341000078],[-103.16853489099998,28.967384454000069],[-103.16658688499996,28.971614658000078],[-103.16544045799998,28.976130409000064],[-103.16352253799994,28.980699783000034],[-103.16202056599997,28.985581530000047],[-103.16096505499996,28.99111481500006],[-103.16403083799997,28.994996983000078],[-103.16857899999997,28.998093593000078],[-103.17244749499997,29.002261111000053],[-103.17213359099998,29.007401963000063],[-103.16938263999998,29.011347175000026],[-103.16493559999998,29.013703763000024],[-103.16013290799998,29.016426116000048],[-103.15557346699995,29.021861599000033],[-103.15484204599994,29.026690264000024],[-103.15295274699997,29.031599253000024],[-103.15299298599996,29.036374523000063],[-103.15264725299994,29.041176611000026],[-103.14873618399997,29.045201889000055],[-103.14646004999997,29.050137745000029],[-103.14492531199994,29.05468096900006],[-103.14139925699999,29.058679393000034],[-103.13697913799996,29.061374292000039],[-103.13208153399995,29.063078060000066],[-103.12670659599996,29.063790615000073],[-103.12228569899997,29.066484924000065],[-103.11956056099996,29.070768668000028],[-103.11959882199994,29.075544463000028],[-103.12411951299998,29.078304480000043],[-103.12763373999996,29.082840470000065],[-103.13147383299997,29.086671250000052],[-103.13582207599995,29.091832186000033],[-103.13969340399996,29.09600199700003],[-103.14124754099998,29.100332021000042],[-103.14009782999995,29.104849079000076],[-103.12848712599998,29.109747467000034],[-103.12046541999996,29.111324942000067],[-103.11535221499997,29.11065332000004],[-103.10904983999995,29.10972197500007],[-103.10355051299996,29.109076366000068],[-103.09721816799998,29.107805042000052],[-103.09103705399997,29.108229663000031],[-103.08702901699996,29.111235531000034],[-103.08227814299994,29.114633536000042],[-103.07752686399999,29.118031354000038],[-103.07274504599997,29.121089701000074],[-103.07043191999998,29.125685612000041],[-103.06767186099995,29.129629385000044],[-103.06324532199994,29.132321651000041],[-103.06006812399994,29.135952416000066],[-103.05573118199999,29.139662319000024],[-103.05534907599997,29.144126117000042],[-103.05880212299996,29.147986625000044],[-103.06383177899994,29.152080672000068],[-103.06502643899995,29.156778244000066],[-103.06309842099995,29.161348001000079],[-103.05866996799995,29.164040302000046],[-103.05334770699994,29.16542789600004],[-103.04817150899999,29.164074198000037],[-103.04400515499998,29.160944536000045],[-103.03888941599996,29.160269045000064],[-103.03490678699995,29.163612649000072],[-103.03172705299994,29.167242851000026],[-103.02938025599997,29.171499076000032],[-103.02634973999994,29.176825923000024],[-103.02438907099997,29.181055853000032],[-103.02162481799996,29.184998987000029],[-103.02011030699998,29.189881377000063],[-103.02055936899995,29.194971842000029],[-103.02023490899995,29.200114916000075],[-103.01872002499994,29.204997484000046],[-103.01390081899996,29.207714451000072],[-103.00902149399997,29.20975244400006],[-103.00280213799999,29.209832526000071],[-102.99732661499996,29.209520483000063],[-102.99214850699997,29.208163822000074],[-102.98723879399995,29.209861405000026],[-102.97738897799996,29.212916498000027],[-102.97462129599995,29.216858713000079],[-102.97146643199994,29.220826988000056],[-102.96744822599999,29.223829133000038],[-102.96191247999997,29.222836390000055],[-102.95664507899994,29.220459685000037],[-102.95250903199997,29.217665274000069],[-102.94834363499996,29.214531312000076],[-102.94343444399999,29.211788583000043],[-102.93754255599998,29.211159955000028],[-102.93477296399999,29.21510108800004],[-102.93328213699999,29.220322014000033],[-102.93101722999995,29.225594872000045],[-102.92783029299994,29.229222485000037],[-102.92508914199999,29.233502979000036],[-102.91984849899995,29.235902259000056],[-102.91475850899997,29.235559930000079],[-102.90934052799997,29.235922081000069],[-102.90490274199999,29.238608339000052],[-102.90135651199995,29.242600549000031],[-102.89905941799998,29.247533573000055],[-102.89828093599999,29.252023899000051],[-102.89714469899997,29.256879544000071],[-102.89520463199995,29.261447394000072],[-102.89603326999998,29.266513562000057],[-102.89683257299998,29.27124032200004],[-102.89801916999994,29.275941317000047],[-102.89917645099996,29.280302878000043],[-102.90045170499997,29.286022410000044],[-102.90277106799999,29.290306558000054],[-102.90625253899998,29.29451315700004],[-102.91003316199999,29.297675346000062],[-102.91199557599998,29.30232477900006],[-102.91613459699994,29.30512144100004],[-102.91848490599995,29.309744954000053],[-102.91889859699995,29.31449798400007],[-102.91850798099995,29.318963363000023],[-102.91737202199994,29.323820095000031],[-102.91581893299997,29.328363250000052],[-102.91307372099999,29.332644556000048],[-102.91199629599998,29.338180461000036],[-102.91249834899997,29.343952471000023],[-102.91174921699997,29.348783586000025],[-102.90942017699996,29.353378693000025],[-102.90494633799995,29.355726249000043],[-102.89981926599995,29.355043532000025],[-102.89469228099995,29.354360564000046],[-102.88929556299996,29.355061328000033],[-102.88359940499998,29.356806238000047],[-102.87998803499994,29.360119861000044],[-102.87726919299996,29.364740138000059],[-102.87455003599996,29.36936040300003],[-102.87141350899998,29.373666805000028],[-102.86747187699996,29.377685014000065],[-102.86299543499996,29.380030911000063],[-102.85807236599999,29.381723143000045],[-102.85412966199999,29.385740928000075],[-102.85054503999999,29.389393368000071],[-102.84743569899996,29.394038869000042],[-102.84393818199999,29.39870995900003],[-102.84160376499995,29.403304146000039],[-102.84314766399996,29.407642188000068],[-102.84728974299998,29.410442376000049],[-102.85113212699997,29.414286910000044],[-102.85566273199998,29.417061161000049],[-102.86085210599998,29.418425398000068],[-102.86391968599997,29.422320917000036],[-102.86170312599995,29.428274326000064],[-102.86515909799999,29.432144214000061],[-102.86360090999995,29.436687884000037],[-102.85923840499999,29.440392511000027],[-102.85442881199998,29.443443383000044],[-102.85039494099999,29.446442756000067],[-102.84761283399996,29.450384014000065],[-102.84527711299995,29.454978907000054],[-102.84210634599998,29.458945739000058],[-102.83810048299995,29.462284414000067],[-102.83373538399997,29.465988219000053],[-102.82925297699995,29.468333204000032],[-102.82479950999999,29.471017680000045],[-102.82165627899997,29.475323729000024],[-102.81967735199999,29.479553119000059],[-102.82050344899994,29.48462280800004],[-102.82165951499996,29.488987634000068],[-102.82206834599998,29.493743290000054],[-102.82170061099998,29.498550103000071],[-102.82052696799997,29.503068366000036],[-102.81818813299998,29.507663281000077],[-102.81507227399999,29.512309250000044],[-102.81061586499999,29.514993427000036],[-102.80538234299996,29.517728411000064],[-102.80134284999997,29.52072645800007],[-102.79816726699994,29.524692627000036],[-102.79585560699996,29.529627029000039],[-102.79668070399998,29.53469756800007],[-102.79711738999998,29.539793626000062],[-102.79800091299995,29.545543777000034],[-102.80142974599994,29.549077221000061],[-102.80300342799995,29.553757261000044],[-102.79812656399997,29.556126919000064],[-102.79533802199995,29.560067902000071],[-102.79377333199994,29.564612036000028],[-102.79179069699995,29.568841876000079],[-102.78777717699995,29.572179561000041],[-102.78579403399999,29.576409370000079],[-102.78381067999999,29.580639186000042],[-102.78185617999998,29.585208794000039],[-102.77781236699997,29.58820645000003],[-102.77293263599995,29.59057513700003],[-102.76849942399997,29.593597844000044],[-102.76570809599997,29.597538413000052],[-102.76372314399998,29.601768076000042],[-102.76173798099995,29.60599774800005],[-102.75975260699994,29.610227427000041],[-102.75710511199998,29.61586701300007],[-102.75517717299999,29.620776356000079],[-102.75283108599996,29.625371198000039],[-102.75003786399998,29.629311668000071],[-102.74506800299997,29.630659799000057],[-102.73923329899998,29.631038690000025],[-102.73429202499995,29.632726150000053],[-102.72940825899997,29.635093065000035],[-102.72449536399995,29.637119920000032],[-102.72044673999994,29.64011574500006],[-102.71723352799995,29.643740809000064],[-102.71402002199994,29.647365808000075],[-102.71122409899999,29.651305458000024],[-102.70842789899996,29.655245072000071],[-102.70613562499994,29.660519005000026],[-102.70770589499995,29.665201828000079],[-102.70849798599994,29.669934958000056],[-102.70812255199996,29.674743550000073],[-102.70532537099996,29.678683318000026],[-102.70261419799999,29.683642722000059],[-102.70143103399994,29.688161792000074],[-102.69944038799997,29.692391210000039],[-102.69786759399994,29.69693544200004],[-102.69668395999997,29.701454610000042],[-102.69750450299995,29.706528175000074],[-102.69793576099994,29.711626898000077],[-102.69343545599997,29.71396750200006],[-102.68851675499997,29.715993066000067],[-102.68317968599996,29.717703527000026],[-102.67867860099994,29.720043528000076],[-102.67417725199999,29.72238334900004],[-102.66922890399997,29.724068110000076],[-102.66428034599994,29.725752645000057],[-102.65891350699997,29.727121963000059],[-102.65334650999995,29.726111411000034],[-102.64730456299998,29.724105649000023],[-102.64093048499996,29.722804317000055],[-102.63547797399997,29.723152589000051],[-102.62974980399997,29.724885207000057],[-102.62324240699996,29.726667163000059],[-102.61745688799999,29.727719217000072],[-102.61342799499994,29.73105152200003],[-102.60903761399999,29.734748430000025],[-102.60548265599999,29.739075611000032],[-102.60348561599994,29.743303740000044],[-102.60109876499996,29.747556614000075],[-102.59718151499999,29.752248372000054],[-102.59518370099994,29.75647648100005],[-102.59519065099994,29.761261003000072],[-102.59244144599995,29.765878583000074],[-102.58882757499998,29.769525545000079],[-102.58339990599995,29.770211128000028],[-102.57755416599997,29.770581081000046],[-102.57176483599994,29.771630712000047],[-102.56692409199997,29.774670841000045],[-102.56492409899994,29.778898611000045],[-102.56414965099998,29.783732615000076],[-102.56376491999998,29.788542071000052],[-102.55973067899998,29.791872811000076],[-102.55488371699994,29.790127606000055],[-102.54922919799998,29.788091258000065],[-102.54338198099998,29.788459310000064],[-102.53800881199999,29.789822613000069],[-102.53444750699998,29.794147971000029],[-102.53289130799999,29.799030911000045],[-102.52832214199998,29.795899811000027],[-102.52467591099997,29.79920478300005],[-102.52428870999995,29.804014281000036],[-102.52398558499999,29.809843982000075],[-102.52479618899997,29.814920291000078],[-102.52521691999999,29.820021121000025],[-102.52410574199996,29.825559910000038],[-102.52132212599997,29.829836293000028],[-102.52135016299997,29.830176360000053],[-102.51307950299997,29.839240072000052],[-102.51154910099996,29.844463329000064],[-102.50709171599999,29.847476823000079],[-102.50171391899994,29.848838456000067],[-102.49628006299997,29.849519636000025],[-102.49126416599995,29.85051629000003],[-102.48722371999997,29.853844740000056],[-102.48223531399998,29.855181069000025],[-102.47674514599998,29.855181042000027],[-102.47125497699994,29.855180726000071],[-102.46565357999998,29.853819709000049],[-102.46222656399999,29.850272456000027],[-102.45768500599996,29.847477952000077],[-102.45283689299998,29.845727755000041],[-102.44726420599994,29.844705881000039],[-102.44177476299996,29.844704012000079],[-102.43656473299995,29.843317318000061],[-102.43138254099995,29.842270471000063],[-102.42461240999995,29.840979617000073],[-102.41912322699994,29.840976556000044],[-102.41399657799997,29.840609056000062],[-102.40886997699994,29.840241304000074],[-102.40285306999999,29.838560885000049],[-102.39792418499997,29.835787862000075],[-102.39257807799999,29.832698487000073],[-102.38706200799999,29.832353634000071],[-102.38173805899999,29.83438923600005],[-102.37808394699994,29.837689395000041],[-102.37487448199994,29.841645786000072],[-102.36960437699997,29.844361053000057],[-102.36416969899994,29.845035336000024],[-102.35862554999994,29.844348847000049],[-102.35447812499996,29.841526051000073],[-102.35367816399997,29.836448086000075],[-102.35365847499997,29.831322545000035],[-102.35366610599999,29.826537178000024],[-102.35400913999996,29.821047842000041],[-102.35557679099998,29.816167312000061],[-102.35251901799995,29.812252870000066],[-102.34748439499998,29.808117271000071],[-102.34255934199996,29.805341843000065],[-102.33738087599994,29.804290424000044],[-102.33212090099994,29.802218468000035],[-102.32833935999997,29.799031103000061],[-102.32455812499995,29.795843628000057],[-102.31966179499994,29.793407291000051],[-102.31482004299994,29.791650916000037],[-102.30995138899999,29.789554236000072],[-102.30435740699994,29.788184781000041],[-102.29876361899994,29.786815030000071],[-102.29355989999999,29.785421394000025],[-102.28832934399998,29.783687413000052],[-102.28307201899997,29.781613089000075],[-102.27789589399998,29.780558776000078],[-102.27305585199997,29.778800517000036],[-102.26740940799999,29.77674894200004],[-102.26184396999997,29.775717336000071],[-102.25638620199999,29.776045795000073],[-102.25185616299996,29.773242854000046],[-102.24732644399995,29.770439737000061],[-102.24248769699994,29.768680103000065],[-102.23720577099999,29.766263457000036],[-102.23192416399996,29.763846559000058],[-102.22700590999995,29.761065982000048],[-102.22245103399996,29.757921786000054],[-102.21722384899999,29.756184357000052],[-102.21176724199995,29.756510462000051],[-102.20727676699994,29.759170367000024],[-102.20765010599996,29.763931637000042],[-102.20919294999999,29.768623146000039],[-102.21031944999999,29.772997868000061],[-102.21071972299995,29.778099397000062],[-102.20992369099997,29.782930721000071],[-102.21068721399996,29.787668987000075],[-102.20866790499997,29.791890022000075],[-102.21132783199994,29.79583176400007],[-102.21055835199996,29.801003433000062],[-102.20515197199995,29.80200947700007],[-102.19927552699994,29.802018100000055],[-102.19396607399995,29.799258934000079],[-102.19089033199998,29.794999798000049],[-102.18563480999995,29.792920499000047],[-102.18079606099997,29.791157899000041],[-102.17593098899994,29.789054961000033],[-102.17075580599999,29.787995305000038],[-102.16563375499999,29.787615642000048],[-102.15978484399994,29.787962162000042],[-102.15429936599998,29.787945156000035],[-102.14936238299998,29.789945585000055],[-102.14406160199997,29.792308958000035],[-102.14045232899997,29.796280698000032],[-102.13762268699998,29.800206341000035],[-102.13479276499999,29.804131944000062],[-102.12990697899994,29.806811829000026],[-102.12442020299994,29.806793249000066],[-102.11893342999997,29.806774381000025],[-102.11583514299997,29.802172803000076],[-102.11569941699997,29.795346958000039],[-102.11566884299998,29.789881782000066],[-102.11454732599998,29.785505852000028],[-102.11113899699995,29.781947696000032],[-102.10630257699995,29.780181686000049],[-102.10136486699997,29.78217980200003],[-102.09853379199996,29.786104243000068],[-102.09770463499996,29.790594660000068],[-102.09609541999998,29.795130829000072],[-102.09204124299998,29.798443470000052],[-102.08710203599998,29.80044100300006],[-102.07893787299997,29.801260037000077],[-102.07378929899994,29.800535689000071],[-102.06996606599995,29.796658664000063],[-102.07038079299997,29.791851004000023],[-102.07079546899996,29.787043401000062],[-102.06850668199996,29.782735271000035],[-102.06434677199996,29.779561245000025],[-102.05984936999994,29.777090075000046],[-102.05441669999999,29.77774809400006],[-102.04950382899995,29.780083885000067],[-102.04750212399995,29.784641859000033],[-102.04248475199995,29.785616750000031],[-102.03733752899996,29.784890629000074],[-102.03172269199996,29.783166405000031],[-102.02681027299997,29.78037624500007],[-102.02340610399995,29.776815266000028],[-102.01883254799998,29.773321901000031],[-102.01498747099998,29.769102980000071],[-102.00940005599995,29.767717766000032],[-102.00454097599999,29.765606953000031],[-102.00131581799997,29.769551093000075],[-101.99663378699995,29.774945716000047],[-101.99421347899994,29.779184925000038],[-101.99342999699996,29.784354759000053],[-101.99342638299998,29.789479721000077],[-101.99147271799995,29.794717072000026],[-101.98749139799997,29.799046170000054],[-101.98210804999997,29.800380813000061],[-101.97664745199995,29.800694633000035],[-101.97118680999995,29.801008168000067],[-101.96606488599997,29.80061868100006],[-101.96086614899997,29.799208387000078],[-101.95465105199997,29.799905930000079],[-101.95461933199994,29.804690900000026],[-101.95261154899998,29.809247331000051],[-101.94855065699994,29.812554503000058],[-101.94340254799994,29.811823691000029],[-101.93844040799996,29.808348770000066],[-101.93345319899998,29.804533444000072],[-101.92924658399994,29.800673465000045],[-101.92470126999996,29.797515948000068],[-101.91942714399994,29.795083025000054],[-101.91673091299998,29.790453483000078],[-101.91559495199999,29.785735230000057],[-101.91076266699997,29.783960129000036],[-101.90556600699995,29.782547136000062],[-101.90070878599994,29.780431401000044],[-101.89502124499995,29.77767928600008],[-101.88943532799999,29.776287607000029],[-101.88379903999999,29.774215269000024],[-101.87857823899998,29.772460783000042],[-101.87518107199998,29.76889503600006],[-101.87139431099996,29.765351222000049],[-101.86652724099997,29.768358665000051],[-101.86124468299994,29.771047691000035],[-101.85430135999997,29.772463511000069],[-101.84884218299999,29.772770612000045],[-101.84384824299997,29.774076095000055],[-101.83802404799997,29.77474472800003],[-101.83263984199999,29.776071566000041],[-101.82744509199995,29.774654703000067],[-101.82181054299997,29.772579020000023],[-101.81622627299998,29.771183434000079],[-101.81100716699996,29.769425575000071],[-101.80539836499997,29.767689226000073],[-101.79857020899999,29.765337410000029],[-101.79371690199997,29.76321678000005],[-101.78554577599999,29.758547943000053],[-101.78178835499995,29.755341153000074],[-101.77798159499997,29.751453879000053],[-101.77493007999999,29.747183024000037],[-101.77095052599998,29.740914308000072],[-101.76860503899997,29.735579587000075],[-101.76552987799994,29.730968456000028],[-101.76070429499998,29.729186645000027],[-101.75454236899998,29.730552476000071],[-101.75001339299996,29.732852280000031],[-101.74677692399996,29.736788196000077],[-101.74312564899998,29.740405392000071],[-101.73766825399997,29.740706641000031],[-101.73203846999996,29.738626283000031],[-101.72752917199995,29.735800854000047],[-101.72336081499998,29.732273428000042],[-101.71921738999998,29.729086049000045],[-101.71402774899997,29.72766370100004],[-101.70844853999995,29.72626249800004],[-101.70296749399995,29.726221735000024],[-101.69804750399999,29.728540630000055],[-101.69441884499997,29.732496233000063],[-101.69035113599995,29.73579268900005],[-101.68518598999998,29.734709074000079],[-101.68106837199997,29.731860350000034],[-101.67695105199999,29.729011484000068],[-101.67137240299996,29.727608289000045],[-101.66316288799999,29.727714207000076],[-101.65821734099995,29.729691032000062],[-101.65368562299994,29.731986640000059],[-101.64881235899998,29.734983648000025],[-101.64513245499995,29.738257182000041],[-101.64228040899997,29.742168740000068],[-101.63903821399998,29.746101397000075],[-101.63460182599994,29.749757146000036],[-101.62972674799994,29.75275339600006],[-101.62648349699998,29.756685768000068],[-101.62362986899996,29.760596996000061],[-101.61909538399999,29.762891280000076],[-101.61363597399998,29.763186045000054],[-101.60766608999995,29.761800359000063],[-101.60391571699995,29.758587134000038],[-101.59875027099997,29.757499168000038],[-101.59356093399998,29.756070714000032],[-101.58720201299997,29.754704848000074],[-101.58434651799996,29.758614981000051],[-101.58431646399998,29.763739544000032],[-101.58465240499999,29.768502989000069],[-101.58462236699995,29.773627680000061],[-101.58495836699996,29.778391245000023],[-101.58605052999997,29.782772723000051],[-101.58638665499996,29.78753639100006],[-101.58596660999996,29.792682274000072],[-101.58310968699999,29.796592747000034],[-101.57859594999996,29.799225750000062],[-101.57371571299996,29.802219752000042],[-101.57207629499999,29.806747886000039],[-101.57085084799996,29.811595446000069],[-101.56884478499995,29.816484814000034],[-101.56561983599994,29.820756219000032],[-101.56015624199995,29.821048224000037],[-101.55567227899996,29.818555065000055],[-101.55114086399999,29.815381135000052],[-101.54739024799994,29.812165439000069],[-101.54361610399997,29.808609342000068],[-101.54174557099998,29.804268691000061],[-101.54177839299996,29.799143617000027],[-101.54302925099995,29.794636830000059],[-101.54427996799996,29.790130079000051],[-101.54584912199999,29.784581759000048],[-101.54870744999994,29.780672426000024],[-101.55195553899995,29.776742239000043],[-101.55437552399997,29.772173122000027],[-101.55326139599998,29.76745117400003],[-101.55061135399995,29.763152769000044],[-101.54613096699995,29.760659563000047],[-101.54101379399998,29.760249227000031],[-101.53587288899996,29.759498390000033],[-101.52220038099995,29.759883600000023],[-101.51717820199997,29.760833115000025],[-101.51225063899994,29.763143429000024],[-101.50773645499999,29.765773139000032],[-101.50283195799994,29.768423301000041],[-101.49829353199999,29.770712368000034],[-101.49382567099997,29.774022070000058],[-101.49057481299997,29.777950417000056],[-101.48688638399994,29.781218709000029],[-101.48485233799994,29.785765799000046],[-101.48125754899996,29.790395113000045],[-101.47756815599996,29.793663178000031],[-101.47181004199996,29.795332249000069],[-101.46630086299996,29.794938721000051],[-101.46072131899996,29.79352400700003],[-101.45504818399996,29.790747811000074],[-101.45318292399998,29.786405768000066],[-101.45285480899997,29.781641688000036],[-101.45330686899996,29.776836777000028],[-101.45336883199997,29.772052368000061],[-101.45384424299999,29.767587849000051],[-101.45470960099999,29.76310292900007],[-101.45477146699994,29.758318685000063],[-101.45678308999999,29.753432235000048],[-101.45684482399997,29.748648107000065],[-101.45690655099997,29.743864038000027],[-101.45274982599994,29.74032572200008],[-101.44724456199998,29.739931241000079],[-101.44275292499998,29.74289823600003],[-101.43989073699998,29.746804286000042],[-101.43863477199994,29.751309287000026],[-101.43657536899997,29.75551482000003],[-101.43534243199997,29.760360155000058],[-101.43449935999996,29.765185161000034],[-101.43168264299999,29.769771773000059],[-101.42881893899994,29.773677785000075],[-101.42473808899996,29.776964194000072],[-101.42107029199997,29.780570442000055],[-101.41652881199997,29.78285601500005],[-101.41109054499998,29.783480477000069],[-101.40565219299998,29.784104656000068],[-101.40046460599996,29.782666487000029],[-101.39481754499997,29.780227387000025],[-101.39217567299994,29.775924816000042],[-101.39029103999997,29.771241518000068],[-101.39035679999995,29.766457216000049],[-101.39120257199994,29.761632550000058],[-101.39365452899995,29.757407632000024],[-101.39773565999997,29.754122604000031],[-101.40138008999998,29.750177144000077],[-101.40589691099996,29.747552150000047],[-101.40915071599994,29.743626750000033],[-101.41199105499999,29.739381313000024],[-101.41363821599998,29.734856477000051],[-101.41292283999996,29.73011318500005],[-101.40773865399996,29.728675576000057],[-101.40289808199998,29.72653695300005],[-101.39734766299995,29.725459343000068],[-101.39234933399996,29.726743011000053],[-101.38696099599997,29.728046637000034],[-101.38150314099994,29.728329209000037],[-101.37602215599998,29.728271234000033],[-101.37191600099999,29.725410348000025],[-101.36852061999997,29.721488303000058],[-101.36590517199994,29.717525961000035],[-101.36404651199996,29.713183131000051],[-101.36331126699997,29.708099515000072],[-101.36106323799999,29.703776840000046],[-101.35805903299996,29.699834573000032],[-101.35468841999995,29.69625257000007],[-101.35218938299994,29.693991313000026],[-101.34932377499996,29.692090294000025],[-101.33964870899996,29.687999081000044],[-101.33815897499994,29.682286708000049],[-101.33673418699999,29.677535865000038],[-101.33414390399997,29.671880109000028],[-101.33265486799996,29.666167891000043],[-101.33103674299997,29.658532877000027],[-101.33064887199998,29.652764354000055],[-101.33026105899995,29.646995917000027],[-101.32993792299999,29.642188949000058],[-101.32961482799999,29.637382040000034],[-101.32929176999994,29.632575188000033],[-101.32566770699998,29.627937662000079],[-101.32003694899998,29.626296826000043],[-101.31343492699995,29.626634686000045],[-101.30929099099995,29.630705162000027],[-101.30624709099999,29.634719324000059],[-101.30443201899999,29.640600056000039],[-101.30481792499995,29.646368496000036],[-101.30513955599997,29.651175592000072],[-101.29970036199995,29.652417832000026],[-101.29413260199999,29.65173691900003],[-101.28727189699998,29.648227422000048],[-101.28034777399995,29.64375608000006],[-101.27355230799998,29.641207165000026],[-101.26559289499994,29.637752182000042],[-101.25983514499995,29.634185225000067],[-101.25517834999994,29.630562329000043],[-101.25485982699996,29.625755333000029],[-101.26127068899996,29.622537037000029],[-101.26651692099995,29.618412787000068],[-101.27072629199995,29.615305500000034],[-101.27487140099998,29.611236720000079],[-101.27785202399997,29.606262388000061],[-101.27863224399994,29.60139986400003],[-101.27831241799998,29.596593300000052],[-101.27909251499995,29.591730894000079],[-101.27877270099998,29.586924451000073],[-101.27838897399994,29.581156797000062],[-101.27806924599997,29.576350484000045],[-101.27445073899997,29.571711844000049],[-101.26986077499998,29.569051430000059],[-101.26436288199994,29.569330313000023],[-101.25886495099996,29.569608906000042],[-101.25343061799998,29.57084846500004],[-101.24922292699995,29.573954697000033],[-101.24514199499998,29.57898334500004],[-101.24435994599997,29.583845337000071],[-101.24357779999997,29.588707383000042],[-101.24725886299996,29.594308618000071],[-101.25100407699995,29.600871138000059],[-101.25358612199994,29.606527931000073],[-101.25506835299996,29.612240404000033],[-101.24956741799997,29.612518536000039],[-101.24406644299995,29.612796378000041],[-101.23856543099998,29.613073929000052],[-101.23306438099996,29.61335118900007],[-101.22834666199998,29.608765919000064],[-101.22582967299996,29.604069824000078],[-101.22324968499998,29.598412377000045],[-101.22067006499998,29.592754950000028],[-101.22035378199996,29.587948316000052],[-101.21783792499997,29.583252279000078],[-101.21642210899995,29.578501001000063],[-101.21384362099997,29.572843694000028],[-101.21022902299995,29.568202864000057],[-101.20881392999996,29.563451668000027],[-101.20849848099999,29.55864536200005],[-101.20708366299999,29.55389426000005],[-101.21006637799996,29.548922607000065],[-101.21311184899997,29.544912152000052],[-101.21603068699994,29.538979239000071],[-101.21894908999997,29.533046338000077],[-101.22083123599998,29.528129901000057],[-101.22155096099999,29.522307631000047],[-101.22227058099998,29.516485442000032],[-101.22085568899996,29.511735048000048],[-101.21620784499999,29.508111554000038],[-101.21071397799994,29.508387556000059],[-101.20522007399995,29.508663268000078],[-101.19985201599997,29.510860969000078],[-101.19467230899994,29.515941865000059],[-101.19162701699997,29.519951479000042],[-101.18509606299995,29.521242273000041],[-101.17850220099996,29.521571478000055],[-101.17178305899995,29.519977897000047],[-101.16719952199998,29.517313307000052],[-101.15925713999997,29.513851298000077],[-101.15235192599994,29.509372995000035],[-101.13989138899996,29.504205381000077],[-101.13524767699994,29.500578339000072],[-101.13164095199994,29.495935647000067],[-101.13023184199994,29.491184275000023],[-101.12772436999995,29.486487238000052],[-101.12411872399997,29.481844456000033],[-101.11953898399997,29.479178029000025],[-101.11386114699997,29.476565567000023],[-101.10922023499995,29.472937622000074],[-101.10128481099997,29.46947158200004],[-101.09566991599996,29.46781928200005],[-101.08785869999997,29.466274442000042],[-101.08126899699994,29.466597431000025],[-101.07467924099996,29.466920000000073],[-101.06918773599995,29.467188489000023],[-101.06363493199996,29.466495575000067],[-101.05802103099995,29.464841253000031],[-101.05338335099998,29.461210924000056],[-101.04417028099999,29.45491084300005],[-101.03617857299997,29.450478908000036],[-101.03148186999994,29.445886662000078],[-101.02794449499999,29.442202104000046],[-101.02764045199996,29.43739677700006],[-101.02727564999998,29.431630461000054],[-101.02697168799995,29.426825264000058],[-101.02557005299997,29.422073334000061],[-101.02081493099996,29.416519936000043],[-101.01727935699995,29.41283530100003],[-101.01136726299995,29.40637372100008],[-101.00673511999997,29.402741868000078],[-101.00216386899996,29.400070820000053],[-100.99862988799998,29.396385708000025],[-100.99613316899996,29.391686666000055],[-100.99363674699998,29.386987625000074],[-100.99010374199997,29.383302349000076],[-100.98645053699994,29.377695120000055],[-100.98188140399998,29.375023355000053],[-100.97725243099995,29.371390484000074],[-100.97158695799999,29.368770989000041],[-100.96586185099994,29.365190287000075],[-100.96025712799997,29.36353112200004],[-100.95568968799995,29.360858304000033],[-100.95002567299997,29.358237703000043],[-100.94448150899996,29.357538619000024],[-100.93778091399997,29.355930603000047],[-100.93217742899998,29.354269962000046],[-100.92852963499996,29.348661123000056],[-100.92390462899999,29.34502612700004],[-100.92251058399995,29.340273833000026],[-100.91898294599997,29.33658659200006],[-100.91643341999998,29.330925525000055],[-100.91278780499994,29.325316479000037],[-100.90816487299998,29.321681006000063],[-100.90001658799997,29.314357693000034],[-100.89429861199994,29.310773561000076],[-100.89077358599997,29.307085649000044],[-100.88828602899997,29.302385127000036],[-100.88360658499994,29.297787994000032],[-100.87667673999994,29.292333168000027],[-100.87309451799996,29.287684069000079],[-100.86853435099994,29.285007953000047],[-100.86281989799994,29.281422364000036],[-100.85704733399996,29.276875743000062],[-100.85035528899999,29.275262425000051],[-100.84579659799999,29.272585398000047],[-100.84025930999996,29.271880903000067],[-100.83466376999996,29.270215367000048],[-100.82918503099995,29.270471031000056],[-100.82456909699994,29.266832364000038],[-100.81897423999999,29.265166003000047],[-100.81435907999997,29.261526932000038],[-100.80859072099997,29.25697785400007],[-100.80403447999998,29.254299121000031],[-100.80264916899995,29.24954636700005],[-100.80126402299999,29.244793657000059],[-100.79982113399996,29.239080300000069],[-100.79953161199995,29.234276904000069],[-100.79601435299998,29.23058652800006],[-100.79572509199994,29.225783230000047],[-100.79428294399997,29.220070089000046],[-100.79284100299998,29.214357014000029],[-100.79255199199997,29.209553917000051],[-100.79220522399999,29.203790282000057],[-100.79191628899997,29.198987319000025],[-100.78350283499998,29.186854453000024],[-100.78886049999994,29.184680155000024],[-100.79076089999995,29.179776083000036],[-100.79047213899997,29.174973427000054],[-100.78793689799994,29.169311653000079],[-100.78327104499999,29.164711632000035],[-100.77969999599998,29.16006089900003],[-100.77722356799995,29.155359569000041],[-100.77267418299999,29.152680188000033],[-100.76801018199995,29.148079688000053],[-100.76449818099996,29.144389096000054],[-100.75994984699997,29.141709236000054],[-100.75540181999997,29.139029196000024],[-100.74987460199998,29.138320128000032],[-100.74532710599999,29.135639669000057],[-100.74181670199994,29.131948432000058],[-100.73721276599997,29.128307231000065],[-100.73053560699998,29.126686826000025],[-100.72495253999995,29.125016020000032],[-100.71936970699994,29.123344920000079],[-100.71384389699995,29.122633958000051],[-100.71033552099999,29.118941783000025],[-100.70682746899996,29.115249528000049],[-100.70216945399994,29.110646527000029],[-100.69860555199995,29.10599368000004],[-100.69400508299998,29.102350814000033],[-100.69147899299998,29.096687793000058],[-100.68889679399996,29.090064436000034],[-100.68855802799999,29.084302318000027],[-100.68701323399995,29.076669214000049],[-100.68650539199996,29.068026377000024],[-100.68496111099995,29.060393580000039],[-100.68467914299998,29.055592187000059],[-100.68428444599999,29.048870339000075],[-100.68372070799995,29.03926791300006],[-100.68234628399995,29.034516319000033],[-100.67987947799998,29.029814266000074],[-100.67632047999996,29.025161676000039],[-100.67281811999999,29.021469211000067],[-100.66931608299996,29.017776664000053],[-100.66794288499995,29.013025157000072],[-100.66760595599999,29.007264183000075],[-100.66617690999999,29.001552648000029],[-100.66463585399998,28.993920936000052],[-100.66648321199995,28.988061586000072],[-100.66925373899994,28.979272672000036],[-100.67104425099996,28.97245341100006],[-100.67185512999998,28.967603743000041],[-100.67260973099997,28.961794099000031],[-100.67227268199997,28.956033950000062],[-100.66871741199998,28.951382042000034],[-100.66619788199995,28.945720743000038],[-100.66373476699994,28.941019452000035],[-100.66012464999994,28.935407471000076],[-100.65657100299995,28.930755408000039],[-100.65520005699994,28.926004870000043],[-100.65382927299999,28.921254375000046],[-100.64798288499998,28.914780738000047],[-100.64770365099997,28.909981165000033],[-100.64420765499995,28.906288902000028],[-100.64283786199996,28.901538521000077],[-100.64146823199997,28.896788183000069],[-100.64009876499995,28.892037892000076],[-100.63982008299996,28.887238600000046],[-100.64063199099996,28.882390319000024],[-100.64035331099996,28.877591156000051],[-100.63467818299995,28.873996987000055],[-100.63118436299999,28.870304651000026],[-100.62769086399999,28.866612235000048],[-100.62408663299999,28.861000152000031],[-100.62059386699997,28.857307592000041],[-100.61813615399996,28.852606366000032],[-100.61671339899999,28.846896590000028],[-100.61425623199995,28.842195409000055],[-100.61288931399997,28.837445476000028],[-100.61043266199994,28.832744328000047],[-100.60906613199995,28.827994471000068],[-100.60345118099997,28.825358784000059],[-100.59783659899995,28.822722812000052],[-100.59331212199999,28.82003800800004],[-100.58775330799995,28.818361218000064],[-100.58230471399997,28.818603530000075],[-100.57772605199995,28.814958383000032],[-100.57636176799997,28.810208329000034],[-100.57499764599999,28.805458320000071],[-100.57472316799999,28.800660011000048],[-100.57335930499994,28.795910107000054],[-100.57303009199995,28.790152293000062],[-100.57161166399999,28.784442892000072],[-100.57024826199995,28.779693163000047],[-100.56883021799996,28.773983891000057],[-100.56637809899996,28.769282530000055],[-100.56169355799994,28.763718049000033],[-100.56033109699996,28.758968465000066],[-100.55679107599997,28.754315261000045],[-100.55330606599995,28.750621527000078],[-100.54982137799999,28.746927713000048],[-100.54737120299995,28.742226257000027],[-100.54486682599997,28.736565305000056],[-100.54138313699997,28.732871353000064],[-100.53996797899998,28.727162437000061],[-100.53855302199997,28.721453592000046],[-100.53828101499994,28.716656319000037],[-100.53795464799998,28.710899675000064],[-100.53762832899997,28.705143126000053],[-100.53730205599999,28.699386667000056],[-100.53703019799997,28.694589690000043],[-100.53561602599996,28.688881331000061],[-100.53104689799994,28.685235444000057],[-100.52859971099997,28.680534360000024],[-100.52408558099995,28.677847597000039],[-100.51842980999999,28.674249057000054],[-100.51272048599998,28.669690909000053],[-100.50815349499999,28.666044204000059],[-100.50467456299998,28.662349749000043],[-100.50010835599994,28.658702764000054],[-100.49559640999996,28.656014919000029],[-100.49010479299994,28.655292948000067],[-100.48352572399995,28.654618060000075],[-100.47792704499994,28.651976835000028],[-100.47445011699995,28.648281507000036],[-100.47097351099995,28.644586099000037],[-100.46749722499999,28.640890613000067],[-100.46614242999999,28.636141438000038],[-100.46364709899996,28.630480214000045],[-100.46120553499998,28.625778264000076],[-100.45876425699998,28.621076317000075],[-100.45311542299999,28.617474774000073],[-100.44860737199997,28.614785189000031],[-100.44306581299998,28.613101580000034],[-100.43855834399994,28.610411587000044],[-100.43296423199996,28.607768251000039],[-100.42949129499999,28.604071871000031],[-100.42379202199999,28.599509707000038],[-100.42135373599996,28.594807227000047],[-100.41891573699996,28.590104752000059],[-100.41441037299995,28.587413878000064],[-100.41093916899996,28.583717087000025],[-100.40850211799994,28.57901451400005],[-100.40823836699997,28.574218844000029],[-100.40797464799999,28.569423239000059],[-100.40988371199995,28.564534564000041],[-100.41179254299999,28.559645921000026],[-100.41152865899994,28.554850526000052],[-100.41235098399994,28.550008598000034],[-100.41208709899996,28.545213336000074],[-100.41182324399995,28.540418139000053],[-100.41047343999998,28.535669595000059],[-100.40912379399998,28.530921098000078],[-100.40560259399996,28.526265729000045],[-100.40316759899997,28.521563805000028],[-100.39654765199998,28.519924641000046],[-100.38992797399999,28.51828505800006],[-100.38330856799996,28.516645057000062],[-100.37668942999994,28.51500463900004],[-100.37012281699998,28.514322782000079],[-100.36319113099995,28.506927688000076],[-100.36293032399999,28.502132894000056],[-100.36933917399995,28.499938346000079],[-100.37124893699996,28.495051363000073],[-100.37424385599996,28.49011822600005],[-100.37506776599997,28.485277499000063],[-100.37480631999995,28.480483035000077],[-100.37030858199995,28.477791080000031],[-100.36472595699996,28.475145045000033],[-100.36120977499996,28.470488906000071],[-100.35774607499997,28.466791564000061],[-100.35640070499994,28.462043319000031],[-100.35283357199995,28.456428240000037],[-100.35143667699998,28.450721257000055],[-100.34998801399996,28.444055549000041],[-100.34864348299999,28.439307516000042],[-100.34838376299996,28.434513622000054],[-100.34920866099998,28.429673881000042],[-100.35111797799999,28.424788265000075],[-100.35302706299996,28.419902683000032],[-100.35385153099998,28.415063109000073],[-100.35689656399995,28.411090322000064],[-100.35880497299996,28.406204829000046],[-100.35962895199998,28.401365401000078],[-100.35616830299995,28.397668747000068],[-100.35167582499997,28.394976624000037],[-100.34924796299998,28.390275211000073],[-100.34475612899996,28.387582842000029],[-100.34232889399999,28.382881368000028],[-100.34098583899998,28.378134078000073],[-100.33752704799997,28.374437047000072],[-100.33618441799996,28.369689812000047],[-100.33375822499994,28.364988380000057],[-100.33030033199998,28.361291247000054],[-100.32782309099997,28.355631229000039],[-100.32436587399997,28.35193399800005],[-100.32090897599994,28.348236691000068],[-100.31729785799996,28.341663710000034],[-100.31280980899999,28.338970328000073],[-100.30718732699995,28.335363725000036],[-100.30171930299997,28.334632390000024],[-100.29614887099996,28.331983736000041],[-100.29161087699998,28.328331001000038],[-100.28815649799998,28.324632848000078],[-100.28465132999997,28.319976132000079],[-100.28222964899999,28.31527416800003],[-100.28197428699997,28.310481843000048],[-100.28166789299996,28.304731140000058],[-100.28244440399999,28.29893534200005],[-100.28548856699996,28.294966019000071],[-100.28523307499995,28.290173988000049],[-100.28389493699996,28.285427241000036],[-100.27936012299995,28.281774465000069],[-100.27384504099996,28.280083384000079],[-100.27034264199995,28.275426792000076],[-100.27003721299997,28.26967664700004],[-100.26978272199995,28.264884934000065],[-100.26947737199998,28.259134967000023],[-100.26814067899994,28.254388450000079],[-100.26675329399995,28.248683688000028],[-100.26541693499996,28.243937282000047],[-100.26083452699999,28.239325866000058],[-100.25300660299996,28.234849001000043],[-100.24739407199996,28.231240231000072],[-100.24090223199994,28.231508950000034],[-100.23446080199994,28.232735519000073],[-100.22817031499994,28.236836507000078],[-100.22276002199999,28.237059458000033],[-100.21858256999997,28.240112474000057],[-100.21327244199995,28.242251516000067],[-100.20771131799995,28.239598787000034],[-100.19983627999994,28.234159582000075],[-100.19309423299995,28.229633891000049],[-100.18964861699999,28.225933501000043],[-100.18831718299998,28.221186412000066],[-100.18693602599996,28.215481134000072],[-100.18560492499995,28.210734156000058],[-100.18535564499996,28.205943070000046],[-100.18618799399997,28.201107886000045],[-100.18702024299995,28.19627276500006],[-100.18785239199997,28.191437706000045],[-100.18435882199998,28.18677940200007],[-100.17870296099994,28.182209245000024],[-100.17324650599994,28.181471403000046],[-100.16980386399996,28.177770876000068],[-100.16419904199995,28.174158169000066],[-100.15972545199998,28.171459435000031],[-100.15407206499998,28.166888128000039],[-100.14856748399995,28.165190897000059],[-100.14291516899999,28.160619060000045],[-100.13844304499997,28.157919506000042],[-100.13397122099997,28.15521977800006],[-100.12738686899996,28.153565078000042],[-100.12090089399999,28.153826145000039],[-100.11544689299996,28.153085290000035],[-100.10896091899997,28.153345601000069],[-100.10355590699999,28.153562212000054],[-100.09815086699996,28.153778539000029],[-100.09274579899994,28.153994581000063],[-100.08729204599996,28.153252229000032],[-100.08061166899995,28.149678334000043],[-100.07614224099996,28.146976152000036],[-100.06494579299999,28.13974089900006],[-100.05826752599995,28.136165692000077],[-100.05370311399997,28.131546517000061],[-100.05017170199994,28.125926431000039],[-100.04772137299994,28.120263624000074],[-100.04630375799997,28.113600157000064],[-100.04385407599995,28.107937466000067],[-100.04032438699994,28.102317437000067],[-100.03679519099995,28.09669738100007],[-100.03331445999999,28.092035255000042],[-100.03091428899995,28.087330562000034],[-100.02738640399997,28.081710435000048],[-100.02390686699994,28.077048199000046],[-100.01939556699995,28.073386221000078],[-100.01596460599995,28.06968173000007],[-100.01464597699999,28.064934606000065],[-100.01121559399996,28.061230051000052],[-100.00773787499998,28.056567552000047],[-100.00308567799999,28.05003152200004],[-99.999656458999937,28.046326745000044],[-99.995100487999991,28.041706204000036],[-99.989512957999978,28.038085430000024],[-99.985005400999967,28.034422366000058],[-99.98260976399996,28.029717356000049],[-99.979182349999974,28.026012121000065],[-99.975708000999987,28.021349030000067],[-99.972186849999957,28.015728118000027],[-99.968760508999992,28.012022690000038],[-99.966366483999991,28.007317618000059],[-99.962940768999943,28.003612089000057],[-99.958436344999939,27.999948238000059],[-99.95397930699994,27.997241948000067],[-99.950554587999989,27.993536118000065],[-99.945066126999961,27.991828854000062],[-99.937513648999982,27.992119794000075],[-99.929914427999961,27.991452460000062],[-99.924519791999955,27.991659532000028],[-99.918139288999953,27.993823094000049],[-99.912697979999962,27.993071817000043],[-99.909228893999966,27.988406935000057],[-99.90369528299999,27.985739771000055],[-99.900227032999965,27.981074688000035],[-99.895680443999936,27.976450637000028],[-99.89329173699997,27.971744365000063],[-99.890857097999969,27.966080443000067],[-99.890626062999957,27.961292179000054],[-99.890348857999982,27.955546352000056],[-99.892274682999982,27.950676179000027],[-99.892043608999984,27.945888142000058],[-99.891766354999959,27.940142587000025],[-99.89045714599996,27.93539572800006],[-99.886005951999948,27.932687010000052],[-99.882587094999963,27.928979632000051],[-99.879122502999962,27.924314637000066],[-99.875704313999961,27.920607123000025],[-99.872240479999959,27.915942014000052],[-99.867469657999948,27.906530117000045],[-99.864052756999968,27.90282241500006],[-99.859558444999948,27.899155337000025],[-99.857174128999986,27.894449327000075],[-99.85474435399999,27.888785877000032],[-99.853438153999946,27.884039286000075],[-99.853209572999958,27.879252133000023],[-99.854058418999955,27.874424425000029],[-99.855984495999962,27.869556138000064],[-99.859033384999975,27.865604594000047],[-99.858804523999936,27.860817723000025],[-99.857498537999959,27.856071589000067],[-99.85403852099995,27.851406783000073],[-99.849547524999991,27.847739840000031],[-99.846133933999965,27.844032207000055],[-99.840748928999972,27.844234774000029],[-99.838321815999961,27.838571803000036],[-99.83383224499994,27.834904314000028],[-99.830419917999961,27.831196302000023],[-99.825976477999973,27.828485835000038],[-99.821488029999955,27.824817918000065],[-99.820184816999983,27.820071833000043],[-99.818881757999975,27.81532579900005],[-99.816502283999966,27.810620049000079],[-99.816276097999946,27.805833891000077],[-99.814928280999936,27.800130804000048],[-99.813625851999973,27.795384995000063],[-99.812323574999937,27.790639239000029],[-99.812097692999942,27.785853365000037],[-99.807612240999958,27.782185319000064],[-99.800213954999947,27.78533744200007],[-99.794967659999941,27.788409089000027],[-99.788689536999982,27.792477629000075],[-99.781289570999945,27.795628482000041],[-99.77483123899998,27.795867393000037],[-99.770346923999966,27.792197599000076],[-99.767970956999989,27.787491055000032],[-99.767747708999991,27.782705129000078],[-99.767479846999947,27.776962112000035],[-99.767256656999962,27.772176341000034],[-99.763359574999981,27.757938477000039],[-99.763314993999984,27.756981371000052],[-99.760940470999969,27.752275176000069],[-99.757490467999958,27.747608594000042],[-99.753009615999986,27.743938585000024],[-99.748573566999937,27.74122548400004],[-99.744137814999988,27.738512214000025],[-99.739702361999946,27.735798773000056],[-99.735267204999957,27.733085161000076],[-99.729800973999943,27.731367730000045],[-99.726397786999939,27.727657432000058],[-99.720799929999941,27.723068475000048],[-99.715202708999982,27.718479278000075],[-99.704010172999972,27.70930015700003],[-99.700609096999983,27.705589253000028],[-99.695057973999951,27.701956167000048],[-99.690582482999957,27.698283939000078],[-99.687182485999983,27.694572715000049],[-99.681589144999975,27.68998208000005],[-99.681371275999936,27.685197412000036],[-99.677885194999988,27.679572202000031],[-99.675474417999965,27.673908255000072],[-99.673107442999992,27.669201232000034],[-99.666615498999988,27.668476331000079],[-99.660123669999962,27.667751019000036],[-99.652600441999937,27.668020670000033],[-99.644990898999936,27.666375988000027],[-99.638456380999969,27.664692420000051],[-99.634028519999958,27.661975015000053],[-99.629558011999961,27.658300571000041],[-99.625087907999955,27.654625972000076],[-99.618469131999973,27.651027484000053],[-99.610733731999971,27.646509809000065],[-99.605190696999955,27.64287250600006],[-99.597499371999959,27.639310764000072],[-99.593031774999986,27.635634979000031],[-99.587575148999974,27.633910460000038],[-99.582161123999981,27.633142469000063],[-99.576831815999981,27.634287826000048],[-99.572661232999963,27.637308932000053],[-99.56728931899994,27.637496973000054],[-99.561959514999955,27.638641568000025],[-99.55633507999994,27.633088053000051],[-99.552943978999963,27.629373116000068],[-99.54847895499995,27.625695496000048],[-99.542033512999978,27.625919575000069],[-99.536578627999972,27.624192381000057],[-99.531123976999936,27.622464905000072],[-99.526702031999946,27.619743203000041],[-99.521122967999986,27.615144857000075],[-99.516701758999943,27.612422784000046],[-99.513271799999984,27.607750002000046],[-99.510916190999978,27.603040198000031],[-99.509593252999991,27.597336708000057],[-99.508311977999938,27.59259002400006],[-99.504841910999971,27.586960543000032],[-99.502487397999971,27.582250851000026],[-99.501206778999972,27.577504301000033],[-99.497779191999939,27.572831510000071],[-99.496498996999946,27.568085043000053],[-99.496292386999983,27.563301811000031],[-99.498191200999941,27.557488364000051],[-99.499016461999986,27.551711844000067],[-99.498768404999964,27.545972277000033],[-99.494269150999969,27.541336673000046],[-99.491875324999967,27.535670853000056],[-99.489481832999957,27.530005076000066],[-99.489275732999943,27.525222403000043],[-99.485851046999983,27.520549980000055],[-99.485645185999942,27.515767442000026],[-99.484366603999945,27.511021675000052],[-99.484160854999971,27.506239278000066],[-99.48395512999997,27.501456953000059],[-99.483749429999989,27.496674701000074],[-99.483543753999982,27.491892519000032],[-99.483338101999948,27.487110410000071],[-99.485236059999977,27.481298600000059],[-99.486061468999992,27.475523574000078],[-99.485814561999973,27.469785354000066],[-99.484495563999985,27.46408393300004],[-99.482145799999955,27.45937559500004],[-99.480827230999978,27.453674315000058],[-99.480621834999965,27.448892778000072],[-99.480416464999962,27.444111314000054],[-99.480211118999989,27.439329923000059],[-99.484087186999943,27.429620727000042],[-99.487137617999963,27.425685706000024],[-99.49018775199994,27.421750643000053],[-99.489981886999942,27.41696961100007],[-99.489776044999985,27.412188651000065],[-99.488498853999943,27.407444492000025],[-99.487221811999973,27.402700390000064],[-99.485944919999952,27.397956344000079],[-99.487881736999952,27.393102257000066],[-99.489777169999968,27.387292098000046],[-99.492784546999985,27.382401342000037],[-99.49690376999996,27.378429850000032],[-99.502134813999987,27.375377449000041],[-99.507448171999954,27.374236929000062],[-99.511607663999939,27.371220995000044],[-99.516796226999986,27.367211872000041],[-99.518688984999983,27.361401655000066],[-99.516298760999973,27.35573964200006],[-99.511850445999983,27.352063600000065],[-99.51057291099994,27.347320629000023],[-99.507154503999971,27.342651562000071],[-99.505877390999956,27.337908675000051],[-99.502500926999971,27.334195531000034],[-99.500112632999958,27.328533631000028],[-99.49566654299997,27.324857201000043],[-99.492291088999991,27.321143874000029],[-99.492085353999983,27.316364383000064],[-99.491838504999976,27.310629090000077],[-99.490562790999945,27.305886498000064],[-99.48607730599997,27.301254070000027],[-99.47961645099997,27.300518133000026],[-99.474225671999989,27.299745233000067],[-99.467805894999969,27.299964397000053],[-99.462456051999936,27.300146723000069],[-99.458053953999979,27.297424829000079],[-99.453570792999983,27.292791094000052],[-99.45019859699994,27.289076753000074],[-99.448925653999936,27.284333969000045],[-99.445554020999964,27.28061957400007],[-99.442182697999954,27.276905113000055],[-99.438730694999947,27.271279031000063],[-99.436348696999971,27.265616780000073],[-99.435076930999969,27.260874181000077],[-99.433805310999958,27.256131638000056],[-99.432533840999952,27.251389152000058],[-99.430193239999937,27.246682820000046],[-99.427852908999967,27.241976505000025],[-99.42448399899996,27.23826192000007],[-99.421115396999937,27.234547268000028],[-99.418735703999971,27.228885277000074],[-99.415367753999988,27.225170546000072],[-99.414097843999969,27.220428304000052],[-99.412828083999955,27.215686119000054],[-99.411558470999978,27.210943990000032],[-99.411357762999955,27.20616603600007],[-99.414403326999945,27.20223601400005],[-99.41527111299996,27.197422277000044],[-99.418235731999971,27.191581173000031],[-99.419103177999943,27.18676756900004],[-99.418902085999946,27.181990004000056],[-99.417632644999969,27.177248470000052],[-99.414186571999949,27.171623368000041],[-99.411849328999949,27.166917829000056],[-99.411648712999977,27.162140558000033],[-99.410380004999979,27.157399240000075],[-99.408043391999968,27.152693831000079],[-99.407843033999939,27.147916774000066],[-99.406574769999963,27.143175626000072],[-99.407402328999979,27.137407506000045],[-99.40822977199997,27.131639489000065],[-99.409097168999949,27.126826908000055],[-99.409924383999964,27.121059076000051],[-99.412966829999959,27.117130185000065],[-99.41596883599999,27.112245962000031],[-99.421306421999986,27.112066190000064],[-99.427590646999988,27.108984255000053],[-99.432806964999941,27.105938071000026],[-99.439171108999972,27.104765995000037],[-99.443319353999982,27.101755475000061],[-99.445251663999954,27.096906840000031],[-99.445049257999983,27.092130725000061],[-99.446981234999953,27.087282209000023],[-99.44998009599999,27.08239745700007],[-99.449736922999989,27.076666413000055],[-99.449493783999969,27.070935474000066],[-99.449250678999988,27.065204643000072],[-99.449007608999977,27.059473920000073],[-99.444538067999986,27.054843368000036],[-99.439042726999958,27.051203944000065],[-99.435681201999955,27.04749203700004],[-99.431253369999979,27.043816149000065],[-99.426866175999976,27.041095173000031],[-99.42247927599999,27.038374032000036],[-99.418092668999975,27.035652725000034],[-99.412679944999979,27.033922185000051],[-99.40722744499999,27.031236325000066],[-99.400708876999943,27.028585958000065],[-99.395296990999952,27.026854532000073],[-99.389885337999942,27.025122826000029],[-99.385500534999949,27.022400229000027],[-99.384235526999987,27.01766075200004],[-99.382970666999938,27.012921332000076],[-99.382772123999985,27.008146411000041],[-99.382573604999948,27.003371566000055],[-99.382375107999962,26.998596794000036],[-99.382136943999967,26.992867167000043],[-99.381898812999964,26.987137647000054],[-99.379568727999981,26.982434211000054],[-99.376212754999983,26.978721175000032],[-99.370804704999955,26.976988727000048],[-99.364291664999939,26.974336494000056],[-99.358884160999992,26.972603436000043],[-99.354503222999938,26.969879972000058],[-99.350122577999969,26.967156343000056],[-99.34463737599998,26.963512862000073],[-99.339152662999936,26.959869129000026],[-99.33374665499997,26.958134813000072],[-99.33035470599998,26.953465734000076],[-99.324910308999961,26.950776166000026],[-99.318089511999972,26.940482815000053],[-99.314738069999976,26.936768263000033],[-99.314543710999942,26.931994411000062],[-99.314349375999939,26.927220635000026],[-99.31849318899998,26.924216975000036],[-99.320428710999977,26.919373551000035],[-99.321299031999956,26.91456508300007],[-99.321104341999956,26.909791596000048],[-99.318702169999938,26.903178622000041],[-99.316300386999956,26.896565738000049],[-99.311886139999956,26.892886480000072],[-99.308536936999985,26.889172310000049],[-99.305188040999951,26.885458074000042],[-99.300774898999975,26.88177846800005],[-99.295452127999965,26.881951774000072],[-99.289064773999939,26.882159371000057],[-99.282754333999947,26.884275806000062],[-99.278611235999961,26.887277608000034],[-99.274506212999938,26.891233917000079],[-99.269221087999938,26.892360500000052],[-99.265077080999959,26.895361828000034],[-99.259829769999953,26.897442608000063],[-99.254582189999951,26.899523131000024],[-99.249334343999976,26.901603397000031],[-99.244086227999958,26.903683405000038],[-99.238837845999967,26.905763154000056],[-99.23358919399999,26.907842649000031],[-99.22837812399996,26.910876611000049],[-99.224231670999984,26.913876454000047],[-99.21901986599994,26.916909997000062],[-99.212780257999952,26.920931840000037],[-99.207605187999945,26.924919644000056],[-99.20239205699994,26.927952443000038],[-99.197141046999946,26.930030201000079],[-99.193029911999986,26.933983770000054],[-99.187778273999982,26.936061086000052],[-99.183629042999939,26.939059518000079],[-99.17947950599995,26.942057810000051],[-99.175404152999988,26.946965680000062],[-99.170114042999955,26.948087303000023],[-99.165963547999979,26.95108513100007],[-99.16071011799994,26.953161163000061],[-99.155456417999972,26.955236935000073],[-99.151341986999967,26.95918914300006],[-99.148366708999959,26.965017998000064],[-99.145354099999963,26.969891930000074],[-99.052968952999947,27.038691825000058],[-99.011856203999969,27.081999276000033],[-98.991881147999948,27.119891634000055],[-98.981432023999957,27.155591753000067],[-98.966983126999992,27.287098524000044],[-98.942316523999978,27.374915496000028],[-98.904282594999984,27.450683970000057],[-98.862459549999983,27.542842462000067],[-98.774404039999979,27.669808002000025],[-98.703788603999953,27.746443747000058],[-98.636847860999978,27.807614503000025],[-98.552802120999957,27.876848012000039],[-98.423670795999953,27.959566445000064],[-98.32837230399997,28.02506889600005],[-98.283504866999976,28.081706915000041],[-98.243501471999991,28.120959709000033],[-98.167449106999982,28.189751526000066],[-98.12575245499994,28.251074890000041],[-98.086771066999972,28.294100578000041],[-98.06664875499996,28.312742963000062],[-98.03984135099995,28.324796547000062],[-98.049965490999966,28.338992335000057],[-98.051049819999946,28.338970685000049],[-98.052256607999936,28.343745851000051],[-98.052379081999959,28.348542745000032],[-98.050332527999956,28.353383030000032],[-98.053684146999956,28.357155646000024],[-98.055976000999976,28.361909329000071],[-98.056123271999979,28.367665911000074],[-98.056270563999988,28.373422589000029],[-98.058587614999965,28.379135910000059],[-98.058710521999956,28.383933292000052],[-98.061003435999964,28.388687236000067],[-98.065442073999975,28.392438086000027],[-98.070990955999946,28.397126435000075],[-98.074345368999957,28.400898858000062],[-98.074469250999982,28.405696526000042],[-98.073507857999971,28.410516164000057],[-98.071485742999982,28.416317314000025],[-98.068328470999973,28.420221201000061],[-98.066281050999976,28.425062815000047],[-98.065318936999972,28.429882649000035],[-98.063271088999954,28.434724337000034],[-98.06339436199994,28.439522491000048],[-98.064628065999955,28.44525856000007],[-98.070180548999986,28.449947674000043],[-98.074598207999941,28.452739121000036],[-98.080077207999977,28.454548760000023],[-98.086642359999985,28.456336083000053],[-98.094243666999944,28.456181522000065],[-98.099673154999948,28.456070778000026],[-98.105178107999961,28.458838778000029],[-98.111769408999976,28.461584206000055],[-98.114067682999973,28.466338035000035],[-98.117452323999942,28.471069519000025],[-98.119751203999954,28.475823352000077],[-98.123161961999983,28.481514516000061],[-98.125461480999945,28.486268365000058],[-98.126674911999942,28.491044698000053],[-98.126827489999982,28.496803335000038],[-98.12698009199994,28.502562066000053],[-98.130392498999981,28.508253430000025],[-98.132693212999982,28.513007483000024],[-98.136055369999951,28.516779155000052],[-98.13726989099996,28.521555784000043],[-98.13848455699997,28.526332463000074],[-98.140786267999943,28.531086583000047],[-98.140939935999938,28.536845862000064],[-98.143267736999974,28.542559973000039],[-98.146631630999991,28.546331620000046],[-98.148934396999948,28.551085830000034],[-98.151237437999953,28.555840054000043],[-98.151391903999979,28.561599727000043],[-98.153721166999958,28.56731400700005],[-98.154963297999984,28.573051101000033],[-98.157293148999941,28.578765487000055],[-98.161902082999973,28.588274328000068],[-98.164232869999978,28.593988806000027],[-98.165476165999962,28.599726211000075],[-98.168869469999947,28.604457815000046],[-98.175448873999983,28.60624023500003],[-98.178816949999941,28.610011515000053],[-98.18539702999999,28.611793328000033],[-98.190915632999975,28.614557974000036],[-98.196382012999948,28.615402160000031],[-98.202936542999964,28.616222786000037],[-98.20842960799996,28.618026432000079],[-98.214984476999973,28.618846295000026],[-98.221592688999976,28.621585941000035],[-98.228147982999985,28.622404976000041],[-98.233642037999971,28.624207308000052],[-98.238074986999948,28.626993122000044],[-98.242535104999945,28.630738884000039],[-98.246968723999942,28.633524368000053],[-98.251429618999964,28.637269815000025],[-98.254829584999982,28.641999088000034],[-98.258257006999941,28.647688475000052],[-98.259480793999955,28.652465444000029],[-98.26070472899994,28.657242463000046],[-98.26301744999995,28.661995621000074],[-98.265330444999961,28.666748791000032],[-98.265466178999986,28.671549884000058],[-98.265601928999956,28.676351042000078],[-98.265737693999938,28.681152263000058],[-98.266962440999976,28.68592959700004],[-98.271481641999969,28.691595285000062],[-98.275946915999953,28.695340288000068],[-98.276083333999964,28.700141754000072],[-98.277308986999969,28.704919221000068],[-98.27747280799997,28.710681143000045],[-98.273251889999983,28.715579021000053],[-98.26903045499995,28.720476794000035],[-98.268077001999984,28.725302590000069],[-98.264944303999982,28.730176349000033],[-98.261784099999943,28.734089684000025],[-98.258623586999988,28.738002964000032],[-98.256606623999971,28.743813185000079],[-98.254589368999973,28.749623461000056],[-98.257994291999978,28.754354133000049],[-98.262435294999989,28.757139924000057],[-98.264751003999947,28.761894384000072],[-98.264886863999948,28.766696767000042],[-98.266140057999962,28.772435759000075],[-98.266303213999947,28.778198794000048],[-98.267529477999972,28.782977428000038],[-98.268783116999941,28.788716649000037],[-98.27003693599994,28.794455949000053],[-98.270200415999966,28.80021933300003],[-98.270363920999955,28.805982810000046],[-98.269409529999962,28.810809778000078],[-98.268455023999991,28.815636803000075],[-98.268591196999978,28.820439902000032],[-98.269818245999943,28.825219073000028],[-98.271045440999956,28.829998294000063],[-98.273363771999982,28.834753531000047],[-98.277837123999973,28.838499958000057],[-98.281219808999992,28.842270357000075],[-98.281356793999976,28.847073797000064],[-98.279311356999983,28.851925528000038],[-98.277265672999988,28.856777283000042],[-98.275219739999955,28.861629064000056],[-98.272054843999967,28.865544154000077],[-98.271127127999989,28.871332700000039],[-98.271290843999964,28.87709731800004],[-98.272546227999953,28.882838002000028],[-98.27271006999996,28.888602802000037],[-98.273938410999961,28.893382831000054],[-98.275194241999941,28.899123742000029],[-98.279643883999938,28.901909918000058],[-98.285158312999954,28.903710915000033],[-98.289636076999955,28.907457548000025],[-98.29304979799997,28.912189147000049],[-98.293187613999976,28.916993504000061],[-98.29441761399994,28.921773665000046],[-98.298896823999939,28.925520085000073],[-98.304413313999987,28.927320171000076],[-98.310966750999967,28.927173731000039],[-98.31522436399996,28.923232300000052],[-98.32180535599997,28.924046063000048],[-98.323037176999946,28.928825975000052],[-98.326425816999972,28.932595838000054],[-98.327658045999954,28.93737580800007],[-98.32779798599995,28.942180454000038],[-98.325752933999979,28.947034384000062],[-98.324800204999974,28.951863754000044],[-98.324939997999991,28.956668595000053],[-98.329394578999938,28.959453069000062],[-98.334857936999981,28.95932973400005],[-98.340293129999964,28.958245132000059],[-98.345728176999955,28.957160249000026],[-98.351134800999944,28.95511411800004],[-98.356569486999945,28.954028674000028],[-98.36545241999994,28.95863371300004],[-98.368872814999975,28.963363471000036],[-98.374422050999954,28.966120993000061],[-98.374564852999981,28.970925955000041],[-98.37795770799994,28.974694563000071],[-98.381350882999982,28.978463099000066],[-98.384773068999948,28.983192590000044],[-98.388195657999972,28.987922028000071],[-98.390554305999956,28.993637761000059],[-98.390698126999951,28.998443064000071],[-98.391935218999947,29.003223133000063],[-98.392079138999975,29.008028560000071],[-98.395474397999976,29.011796977000074],[-98.397805413999947,29.016551805000063],[-98.399043210999992,29.021332025000049],[-98.403503981999961,29.02411379800003],[-98.404742236999937,29.028894050000076],[-98.408196956999973,29.034584575000054],[-98.413723441999991,29.036379362000048],[-98.420285623999973,29.036225940000065],[-98.426818566999941,29.035110948000067],[-98.433292743999971,29.032073254000068],[-98.437549906999948,29.028125646000035],[-98.440713125999991,29.024203730000067],[-98.447244799999964,29.02308748400003],[-98.453746757999966,29.021009719000062],[-98.460307599999965,29.020853764000037],[-98.465774948999979,29.02072348400003],[-98.470238008999956,29.023502372000053],[-98.475794918999952,29.026254903000051],[-98.479194899999982,29.030020756000056],[-98.484662845999992,29.029889474000072],[-98.490220697999973,29.032641277000039],[-98.495748889999959,29.034431669000071],[-98.501247217999946,29.035260641000036],[-98.506715485999962,29.035128191000069],[-98.51218373599994,29.034995452000032],[-98.517621659999975,29.033901298000046],[-98.524153049999939,29.03278016400003],[-98.530684255999972,29.031658621000076],[-98.537245820999942,29.031497779000063],[-98.542744377999952,29.032324538000069],[-98.549336659999938,29.033124042000054],[-98.555929071999969,29.033923128000026],[-98.560426826999958,29.03765934300003],[-98.564894123999977,29.040434271000038],[-98.570424526999943,29.042220708000059],[-98.576862788999961,29.038212850000036],[-98.581144247999987,29.035220375000051],[-98.584300691999943,29.031293996000045],[-98.587394537999955,29.025445395000077],[-98.588332260999948,29.020612646000075],[-98.590332053999987,29.014791502000037],[-98.596798355999965,29.011743745000047],[-98.603295492999962,29.009656644000074],[-98.608761833999949,29.009518807000063],[-98.614259617999949,29.01034171200007],[-98.619789039999944,29.012125362000063],[-98.624288551999939,29.015858575000038],[-98.627695087999939,29.019619434000049],[-98.633225453999955,29.021402411000054],[-98.639849506999951,29.023157181000045],[-98.645380388999968,29.024939525000036],[-98.651941163999936,29.024771408000049],[-98.655381343999977,29.029492516000062],[-98.655573130999983,29.035258987000077],[-98.658981966999988,29.039019014000075],[-98.660267768999972,29.044757491000041],[-98.661521710999978,29.049534917000074],[-98.662807864999991,29.055273528000043],[-98.662968184999954,29.060079241000039],[-98.663128523999944,29.064885016000062],[-98.665477022999937,29.069634476000033],[-98.665637531999948,29.074440372000026],[-98.66692438299998,29.08017932100006],[-98.669273559999965,29.08492889200005],[-98.671623014999966,29.08967847100007],[-98.672878342999979,29.094456346000072],[-98.675260522999963,29.100167215000056],[-98.677610782999977,29.104916855000056],[-98.68105593599995,29.109638141000062],[-98.684501496999985,29.114359372000024],[-98.687915075999967,29.118119255000067],[-98.692423752999957,29.121850579000068],[-98.697995161999984,29.124591893000058],[-98.700347495999949,29.129341332000024],[-98.702732683999955,29.135052108000025],[-98.702928148999945,29.140820146000067],[-98.70312364199998,29.146588274000067],[-98.702223971999956,29.152385092000031],[-98.701356738999948,29.159143387000029],[-98.700424238999972,29.163978979000035],[-98.698396206999973,29.168843186000061],[-98.698558899999966,29.173650323000061],[-98.699817163999967,29.178428956000062],[-98.701075577999973,29.183207635000031],[-98.703429823999954,29.18795775600006],[-98.705816986999992,29.193669364000073],[-98.707108654999956,29.19940966300004],[-98.709463737999954,29.204159852000032],[-98.710723136999945,29.208938745000069],[-98.713078717999963,29.213688975000025],[-98.717626767999946,29.218381706000059],[-98.72104636399996,29.22214155000006],[-98.723435811999991,29.227853277000065],[-98.726856088999966,29.231613025000058],[-98.730276687999947,29.235372699000038],[-98.731537827999944,29.240151737000076],[-98.733895571999938,29.24490189100004],[-98.736253596999973,29.249652050000066],[-98.738611901999946,29.254402217000063],[-98.743163778999985,29.259094339000058],[-98.744426066999949,29.263873523000029],[-98.746053186999973,29.279231205000031],[-98.746252142999992,29.285001393000073],[-98.747548206999966,29.290742590000036],[-98.75103876899999,29.296425636000038],[-98.752335363999975,29.302166947000046],[-98.752501585999937,29.306975715000078],[-98.752667827999971,29.311784544000034],[-98.752834090999954,29.316593435000073],[-98.753033631999983,29.322364184000037],[-98.752135609999982,29.328164165000032],[-98.750106555999992,29.333031520000077],[-98.746946333999972,29.336966150000023],[-98.747112302999938,29.34177537100004],[-98.747311492999984,29.347546517000069],[-98.749673358999985,29.352297668000062],[-98.752068768999948,29.358010714000045],[-98.755495990999975,29.361770819000071],[-98.757858767999949,29.366521963000025],[-98.761286630999962,29.370281960000057],[-98.764815086999988,29.376927673000068],[-98.766113986999983,29.382670037000025],[-98.767379614999982,29.387450511000054],[-98.767546923999987,29.392260340000064],[-98.767747722999957,29.398032215000057],[-98.767948549999971,29.40380417800003],[-98.770346822999954,29.409517578000077],[-98.771613130999981,29.414298338000037],[-98.772913132999975,29.420041181000045],[-98.774213320999991,29.42578409500004],[-98.775480121999976,29.430565011000056],[-98.776780666999969,29.436308051000026],[-98.778081401999941,29.442051162000041],[-98.777150251999956,29.446891082000036],[-98.777318277999939,29.45170164600006],[-98.778585677999956,29.456482849000054],[-98.779853229999958,29.461264097000026],[-98.782220417999952,29.466015928000047],[-98.783488341999941,29.470797251000079],[-98.784756415999937,29.475578618000043],[-98.787158061999946,29.481292704000055],[-98.790659824999977,29.486977268000032],[-98.793062239999983,29.492691387000036],[-98.795431153999971,29.497443308000072],[-98.795600392999972,29.502254477000065],[-98.798003625999968,29.507968710000057],[-98.800373290999971,29.512720706000039],[-98.801676979999968,29.518464666000057],[-98.801948448999951,29.526162971000076],[-98.805385283999954,29.529923084000075],[-98.80668961799995,29.535667237000041],[-98.810195173999944,29.541351947000067],[-98.811465982999948,29.546133865000058],[-98.813837590999981,29.550886025000068],[-98.816209483999955,29.555638190000025],[-98.820749031999981,29.559368241000072],[-98.823121589999971,29.564120352000032],[-98.824393541999939,29.56890239300003],[-98.825665644999958,29.573684478000075],[-98.825836877999961,29.578496551000057],[-98.828210312999943,29.583248780000076],[-98.831685184999969,29.587971020000055],[-98.855618318999973,29.671139616000062],[-98.875362510999992,29.75925658500006],[-98.888959431999979,29.829245093000054],[-98.894053665999991,29.908158686000036],[-98.877184489999991,29.96165867600007],[-98.83835776799998,30.05241129500007],[-98.784630761999949,30.163824495000028],[-98.721792644999937,30.266814400000044],[-98.614413452999941,30.426241892000064],[-98.521962504999976,30.551047156000038],[-98.417704891999961,30.658967037000025],[-98.321932139999944,30.765666078000038],[-98.121268894999957,30.997112896000033],[-97.903483626999957,31.210505760000046],[-97.754222204999962,31.365315192000025],[-97.547229063999964,31.552223741000034],[-97.42939395999997,31.672875971000053],[-97.386163077999981,31.745813836000025],[-97.368683626999939,31.828891707000025],[-97.364671896999937,31.981348462000028],[-97.371114591999969,32.092740340000034],[-97.39183583199997,32.186815277000051],[-97.424265132999949,32.304578830000025],[-97.473128650999968,32.453599566000037],[-97.497819972999991,32.56673779700003],[-97.497572217999959,32.669751362000056],[-97.493677061999961,32.759477280000056],[-97.49177160399995,32.777630507000026],[-97.484163341999988,32.793000822000067],[-97.484181786999955,32.793954646000032],[-97.48427401899994,32.798723795000058],[-97.485495689999937,32.803477394000026],[-97.488957994999964,32.807245933000047],[-97.490180090999957,32.811999546000038],[-97.488013475999992,32.816800097000055],[-97.48356875799999,32.820677946000046],[-97.477975478999952,32.823617283000033],[-97.474659641999949,32.827479287000074],[-97.473639793999951,32.833218076000037],[-97.473749744999964,32.838941444000056],[-97.478343078999956,32.842695070000048],[-97.481806800999948,32.846464086000026],[-97.486382492999951,32.849263501000053],[-97.492107215999965,32.85300099400007],[-97.497757981999939,32.852922524000064],[-97.503408733999947,32.852843758000063],[-97.510264757999948,32.856564519000074],[-97.515934620999985,32.857439017000047],[-97.520512212999961,32.860237032000043],[-97.518346133999955,32.865038580000032],[-97.516179782999984,32.869840121000038],[-97.515143629999955,32.874625757000047],[-97.512976808999952,32.879427311000029],[-97.51866728899995,32.881255657000054],[-97.526638214999991,32.88400563600004],[-97.533459990999972,32.88581718100005],[-97.539151432999972,32.887644463000072],[-97.542620175999957,32.89141180200005],[-97.543846941999959,32.896165469000039],[-97.54733555699994,32.900886692000029],[-97.550805300999968,32.904653849000056],[-97.555406343999948,32.908404594000046],[-97.557765202999974,32.913141899000038],[-97.560143772999936,32.918833200000051],[-97.561372063999954,32.923586882000052],[-97.560338006999984,32.928373375000035],[-97.558172497999976,32.933176262000075],[-97.554855962999966,32.937041434000037],[-97.550407654999958,32.940922814000032],[-97.544808162999971,32.943866208000031],[-97.539246574999936,32.948717443000078],[-97.534777685999984,32.951644185000077],[-97.530308453999965,32.954570756000066],[-97.525857884999937,32.958451233000062],[-97.52595291099999,32.963221641000075],[-97.530537189999961,32.966019717000052],[-97.53512180499996,32.968817610000031],[-97.540838648999966,32.971599148000053],[-97.54542397299997,32.974396629000069],[-97.546652240999947,32.979150909000055],[-97.550125497999943,32.982918570000038],[-97.553599095999971,32.986686143000043],[-97.558205204999979,32.990437270000029],[-97.561679541999979,32.994204627000045],[-97.565173722999987,32.998926029000074],[-97.565290755999968,33.004650857000058],[-97.565388295999981,33.009421589000056],[-97.56548584899997,33.01419235700007],[-97.565583413999946,33.018963161000045],[-97.563415670999973,33.023766860000023],[-97.563513118999936,33.028537741000036],[-97.564743380999971,33.033292232000065],[-97.564840923999952,33.038063183000077],[-97.568337303999954,33.042784816000051],[-97.572927897999989,33.045581449000053],[-97.579765171999952,33.04739053600008],[-97.58435646099997,33.050186702000076],[-97.590100999999947,33.053920207000033],[-97.592466491999971,33.058657871000037],[-97.595965517999957,33.063378764000049],[-97.599464973999943,33.06809958100007],[-97.602964862999954,33.072820319000073],[-97.608691943999986,33.075598723000041],[-97.613285981999979,33.07839378400007],[-97.618973461999985,33.079263170000047],[-97.624701606999963,33.082040754000047],[-97.627090409999937,33.087732129000074],[-97.62721221299995,33.093457706000038],[-97.62958122699996,33.098194854000042],[-97.634177385999976,33.100989127000048],[-97.638773880999963,33.103783218000046],[-97.644504579999989,33.106559859000072],[-97.64910178699995,33.109353534000036],[-97.654812626999956,33.11117536200004],[-97.660730993999948,33.122539870000026],[-97.663102984999966,33.12727650100004],[-97.667702117999966,33.130069475000028],[-97.673435836999943,33.132844697000053],[-97.679128049999974,33.133710987000029],[-97.684841425999991,33.135531298000046],[-97.690555073999974,33.137351312000078],[-97.696226640999953,33.137262385000042],[-97.703053764999936,33.138109599000074],[-97.708725373999982,33.138020017000031],[-97.715552704999936,33.138866442000051],[-97.721224354999947,33.138776203000077],[-97.728073464999966,33.140576158000044],[-97.73492289699999,33.142375683000068],[-97.74297233599998,33.147019449000027],[-97.750957166999967,33.148799663000034],[-97.760098838999966,33.151515140000072],[-97.765793422999991,33.152376888000049],[-97.770243083999958,33.14848530900008],[-97.775893211999971,33.147437876000026],[-97.782677608999961,33.146371434000059],[-97.79059622699998,33.14528576500004],[-97.797380228999941,33.144218402000035],[-97.804141516999948,33.142196308000052],[-97.810902448999968,33.140173798000035],[-97.818820022999944,33.139086072000055],[-97.82446878799999,33.138036114000045],[-97.830163090999974,33.138894451000056],[-97.835857522999959,33.139752488000056],[-97.840463707999959,33.142538155000068],[-97.845070228999987,33.145323640000072],[-97.84745434499996,33.150056383000049],[-97.848704220999991,33.154808531000072],[-97.848819646999971,33.159580126000037],[-97.851227556999959,33.165267221000079],[-97.85585901799999,33.169006680000052],[-97.860490930999958,33.172745962000079],[-97.865100002999952,33.175530724000055],[-97.869709410999974,33.178315301000055],[-97.875454072999958,33.181080001000055],[-97.881152155999985,33.181935707000036],[-97.887985306999951,33.182771290000062],[-97.894842276999952,33.18456079200007],[-97.900517096999977,33.184461131000035],[-97.906191900999943,33.18436117300007],[-97.911818927999946,33.18235222800007],[-97.915080184999965,33.176565907000054],[-97.920754383999963,33.17646518500004],[-97.926452628999982,33.177318497000044],[-97.93333415699999,33.18005987600003],[-97.939081250999948,33.182821200000035],[-97.945915113999945,33.183653121000077],[-97.950527954999984,33.186434285000075],[-97.957386714999984,33.188219828000058],[-97.963110769999957,33.190025565000042],[-97.96997014599998,33.191810319000069],[-97.97571944699996,33.19456974600007],[-97.981469164999965,33.197328879000054],[-97.987169642999959,33.198179017000029],[-97.992920044999948,33.200937556000042],[-97.998670860999937,33.203695803000073],[-98.004397050999955,33.20549939600005],[-98.010123508999982,33.207302692000042],[-98.016985534999947,33.209084509000036],[-98.021627757999966,33.212817113000028],[-98.025160337999978,33.217525184000067],[-98.02531219399998,33.223251426000047],[-98.028820125999971,33.227005070000075],[-98.033438602999979,33.229782882000052],[-98.038082888999952,33.233514898000067],[-98.041617439999982,33.238222582000049],[-98.042880842999978,33.242973128000074],[-98.044144399999936,33.247723694000058],[-98.047679981999977,33.252431285000057],[-98.047807992999992,33.257203380000078],[-98.049072093999939,33.261953992000031],[-98.051472495999974,33.266683082000043],[-98.052736981999942,33.271433721000051],[-98.055137908999939,33.276162796000051],[-98.056402779999985,33.280913461000068],[-98.058804231999943,33.285642526000061],[-98.061231765999992,33.291326040000058],[-98.06477042299997,33.296033388000069],[-98.068283641999983,33.29978617200004],[-98.06841301999998,33.304558592000035],[-98.084113219999949,33.379705503000025],[-98.074381965999976,33.524126899000066],[-98.038266261999979,33.964382718000024],[-98.038012942999956,34.035480397000072],[-98.02330944199997,34.033125071000029],[-98.010800532999951,34.026903552000078],[-97.998211666999964,34.017575346000058],[-97.989748231999954,34.012233391000052],[-97.987347438999961,34.011532248000037],[-97.99381492599997,35.086348239000074],[-97.99517855299996,35.357119806000071],[-97.993149403999951,35.558572827000035],[-97.990926093999974,35.97016427300008],[-97.99404829599996,35.97669410900005],[-98.00085231199995,35.983158065000055],[-98.008377559999985,35.98901001400003],[-98.012893280999947,35.992520953000053],[-98.016673052999977,35.996045003000063],[-98.019733144999975,36.000180640000053],[-98.023513635999961,36.003704480000067],[-98.027310919999991,36.007826603000069],[-98.031108630999938,36.011948612000026],[-98.034170188999951,36.016083903000037],[-98.03649547599997,36.020232538000073],[-98.040277794999952,36.023755863000076],[-98.045500670999957,36.026055316000054],[-98.050707246999991,36.027756120000049],[-98.055210686999942,36.030667040000026],[-98.060434516999976,36.032965807000039],[-98.066378677999978,36.034652318000042],[-98.07228950199999,36.035141696000039],[-98.078217255999959,36.03622917000007],[-98.084128282999984,36.036717923000026],[-98.09005633999999,36.037804771000026],[-98.096721357999968,36.038877500000069],[-98.101930017999962,36.040575935000049],[-98.107138916999986,36.042274131000056],[-98.113119166999979,36.045154985000067],[-98.116923587999963,36.049274191000052],[-98.119254571999988,36.053421207000042],[-98.122322790999988,36.057554210000035],[-98.124654340999939,36.061701138000046],[-98.127723205999985,36.065834018000032],[-98.130055320999986,36.069980858000065],[-98.132387696999956,36.07412766300007],[-98.134720336999976,36.078274432000057],[-98.137790456999937,36.082407086000046],[-98.140860919999966,36.086539669000047],[-98.14465162099998,36.090059634000056],[-98.147002876999977,36.094804618000069],[-98.150811751999981,36.098922822000077],[-98.156095891999939,36.103012515000046],[-98.160608084999978,36.105919351000068],[-98.163680804999956,36.110051378000037],[-98.16749139999996,36.114169060000052],[-98.172022355999957,36.117673889000059],[-98.175113864999958,36.122404068000037],[-98.17892573499995,36.126521396000044],[-98.182000341999981,36.130652982000072],[-98.185795274999975,36.134171665000054],[-98.18887058599995,36.138303084000029],[-98.191226226999959,36.143047304000049],[-98.19504006599999,36.147164143000055],[-98.198836471999982,36.15068242600006],[-98.202669021999952,36.155397471000072],[-98.207204186999945,36.158900979000066],[-98.211001778999957,36.162418879000029],[-98.214799733999939,36.165936659000067],[-98.222396834999984,36.173012647000064],[-98.232336664999991,36.184151622000059],[-98.238478833999977,36.191813669000055],[-98.246044255999948,36.197650486000043],[-98.249918840999953,36.203560976000063],[-98.253720777999945,36.207077537000032],[-98.257523074999938,36.21059397700003],[-98.262064247999945,36.214095400000076],[-98.266624276999949,36.218195104000074],[-98.271923405999985,36.222279671000024],[-98.275745858999983,36.226393990000076],[-98.278848594999943,36.231121663000067],[-98.284130760999972,36.234607228000073],[-98.286477030999947,36.238751297000078],[-98.291021317999991,36.242251615000043],[-98.294845875999954,36.246365337000043],[-98.29865216799999,36.249880477000033],[-98.301018454999962,36.254622751000056],[-98.304844216999982,36.258736168000041],[-98.307931411999959,36.262864672000035],[-98.313217233999978,36.266348942000036],[-98.318446975999962,36.268037565000043],[-98.323676959999943,36.269725946000051],[-98.328926128999967,36.272012554000071],[-98.334156633999953,36.273700451000025],[-98.340145527999937,36.275971162000076],[-98.344675589999952,36.278870924000046],[-98.350646105999942,36.28054261300008],[-98.35657854599998,36.281017052000038],[-98.36249184199994,36.280892712000025],[-98.367723749999982,36.282579054000053],[-98.37367577599997,36.283651056000053],[-98.37890813599995,36.285336880000045],[-98.383440302999986,36.288235095000061],[-98.388692646999971,36.290518936000069],[-98.392525174999946,36.294629460000067],[-98.394879463999985,36.298771425000041],[-98.396514146999948,36.30352761000006],[-98.398888469999974,36.308267987000079],[-98.401243553999961,36.312409857000034],[-98.403598903999978,36.31655168900005],[-98.405974102999949,36.321291957000028],[-98.411229508999952,36.323574792000045],[-98.416504913999972,36.326455859000077],[-98.421100226999954,36.331148060000032],[-98.425636879999956,36.334044659000028],[-98.429493522999962,36.338752517000046],[-98.431851307999978,36.342893826000079],[-98.432749546999958,36.34766563800008],[-98.433647901999962,36.352437458000054],[-98.43528628699994,36.357193245000076],[-98.43838494299996,36.361318423000057],[-98.44220404899994,36.364828954000075],[-98.446023520999972,36.368339364000065],[-98.449143198999991,36.373062763000064],[-98.452963430999944,36.376572956000075],[-98.456804040999941,36.380681515000049],[-98.460625032999985,36.384191464000025],[-98.465186603999939,36.387685055000077],[-98.470468726999968,36.39056370600008],[-98.475010994999991,36.393458421000048],[-98.480273706999981,36.395738130000041],[-98.486236537999957,36.396804241000041],[-98.491479537999965,36.398484941000049],[-98.497402052999973,36.398353482000061],[-98.503304151999941,36.397623225000075],[-98.50924702399999,36.398089630000072],[-98.515909780999948,36.397940665000078],[-98.521811660999958,36.397209436000026],[-98.526931954999952,36.395297583000058],[-98.532833511999968,36.394565777000025],[-98.538734950999981,36.393833662000077],[-98.544615539999938,36.392502759000024],[-98.550516697999967,36.391770026000074],[-98.555635863999953,36.389856872000053],[-98.560754765999945,36.387943488000076],[-98.566634482999973,36.386611438000045],[-98.572534946999951,36.385877552000068],[-98.579175453999937,36.385126369000034],[-98.585054612999954,36.383793359000038],[-98.591694803999985,36.383041436000042],[-98.598313690999987,36.381690658000025],[-98.604995999999971,36.382134877000055],[-98.611657112999978,36.38198023800004],[-98.617578078999941,36.381842450000079],[-98.623541768999985,36.382901266000033],[-98.633967909999967,36.384454207000033],[-98.640650685999958,36.38489630600003],[-98.646614955999951,36.38595390100005],[-98.651904050999974,36.388824017000047],[-98.65715025999998,36.390496978000044],[-98.662418401999957,36.392768151000041],[-98.666990088999967,36.396253561000037],[-98.672237171999939,36.397925825000073],[-98.677484493999941,36.399597846000063],[-98.682732054999974,36.401269625000054],[-98.688698259999967,36.40232499800004],[-98.694730512999968,36.405175413000052],[-98.699282507999953,36.408061082000074],[-98.703834859999972,36.410946573000047],[-98.709172149999972,36.415010948000031],[-98.713006975999974,36.418512379000049],[-98.717560514999946,36.421397333000073],[-98.721396072999937,36.424898492000068],[-98.72523199699998,36.428399529000046],[-98.727609326999982,36.432534845000077],[-98.731445944999962,36.436035686000025],[-98.734564552999984,36.440152879000038],[-98.739860987999975,36.443018952000045],[-98.745135453999978,36.445286321000026],[-98.751128561999963,36.446936867000034],[-98.757076978999976,36.447390183000039],[-98.763070526999968,36.449040095000043],[-98.769019186999969,36.449492779000025],[-98.775013175999959,36.451142057000027],[-98.78026663899999,36.452809334000051],[-98.786261151999952,36.454458016000046],[-98.792233163999981,36.455507928000031],[-98.79894617399998,36.456539087000067],[-98.804918536999992,36.457588326000064],[-98.808783056999971,36.461685035000073],[-98.811930024999981,36.466398599000058],[-98.814359379999985,36.47172908500005],[-98.817484151999963,36.475844069000061],[-98.819891219999988,36.48057600900006],[-98.822275573999946,36.484709455000029],[-98.824660196999957,36.488842860000034],[-98.827068152999971,36.493574684000066],[-98.828735176999942,36.498325109000064],[-98.83186189099996,36.502439758000037],[-98.83721292599995,36.506498281000063],[-98.841776807999963,36.50937835700006],[-98.847059190999971,36.51164103800005],[-98.852341901999978,36.513903472000038],[-98.856930154999986,36.517381410000041],[-98.862931664999962,36.519026071000042],[-98.868191986999989,36.52068931000008],[-98.873475998999936,36.522950767000054],[-98.879384326999968,36.522200712000028],[-98.885268983999936,36.520851890000074],[-98.891965675999984,36.521279082000035],[-98.898686103999978,36.522304329000065],[-98.903947470999981,36.523965901000054],[-98.907797282999979,36.527460914000073],[-98.910188114999983,36.531592611000065],[-98.913344597999981,36.536303536000048],[-98.915736030999938,36.540435137000031],[-98.916668170999969,36.545203595000032],[-98.917600431999972,36.549972060000073],[-98.917049234999979,36.554778974000044],[-98.917981641999972,36.559547462000069],[-98.920374093999953,36.563679022000031],[-98.924274539999942,36.568370486000049],[-98.928127653999979,36.571864895000033],[-98.932699175999971,36.574741394000057],[-98.937295049999989,36.578216181000073],[-98.941891357999964,36.581690785000035],[-98.946464031999938,36.584566743000039],[-98.951803292999955,36.588021543000025],[-98.956376750999937,36.590897109000025],[-98.962459118999959,36.594331938000039],[-98.967751349999958,36.596589065000046],[-98.97376183099999,36.598227893000058],[-98.978336788999968,36.601102584000046],[-98.984372260999976,36.603339317000064],[-98.988947953999968,36.606213586000024],[-98.993524005999973,36.609087675000069],[-98.997407057999965,36.61317826100003],[-99.001290544999961,36.617268725000031],[-99.005174463999992,36.621359063000057],[-99.009083410999949,36.62604774600004],[-99.013686124999992,36.629519516000073],[-99.016110915999946,36.63424767500004],[-99.018536019999942,36.638975795000079],[-99.020218771999964,36.643723775000069],[-99.022619740999971,36.647853359000067],[-99.023560209999971,36.652621224000029],[-99.02567490499996,36.656257682000046],[-99.025912173999984,36.655553810000072]],[[-111.94564176399996,36.099701115000073],[-111.96211642199995,36.105840704000059],[-111.97223388099997,36.114414484000065],[-111.99245078099995,36.116059226000061],[-112.00796251199995,36.115036029000066],[-112.02642561899995,36.125744551000025],[-112.03573664399994,36.132302593000077],[-112.04899368099996,36.134640571000034],[-112.06387371699998,36.144343024000079],[-112.07518756399998,36.146351788000061],[-112.08673861499994,36.156230633000064],[-112.09663298399994,36.168781831000047],[-112.10531894299999,36.174149584000077],[-112.11514717499995,36.177891314000078],[-112.13212373199997,36.176639664000049],[-112.14259630499998,36.174811748000025],[-112.16861053499997,36.177104277000069],[-112.18300626399997,36.177741625000067],[-112.19911087699995,36.182689550000077],[-112.21176843099994,36.195742979000045],[-112.22062897199999,36.210263435000059],[-112.22841287499995,36.218249809000042],[-112.23904595599998,36.222169006000058],[-112.25814200299999,36.223630955000033],[-112.27102774299999,36.224175528000046],[-112.27806006899999,36.23044460300008],[-112.28036428999997,36.240753328000039],[-112.28465337199998,36.249858373000052],[-112.29658269999999,36.25449573800006],[-112.30177535499996,36.260912589000043],[-112.30676355199995,36.268089512000074],[-112.31072750199996,36.275721093000072],[-112.32084388499999,36.280623137000077],[-112.33321083999999,36.282151087000045],[-112.34088244599997,36.286194336000051],[-112.34723206499996,36.291040319000047],[-112.35963477699994,36.294385964000071],[-112.37428633299999,36.29435619800006],[-112.38410837299995,36.292907353000032],[-112.39055562999994,36.289825918000076],[-112.39984836499997,36.289366534000067],[-112.41016577399995,36.288450633000025],[-112.41634583499996,36.284189856000069],[-112.41987802699998,36.27819031000007],[-112.42046554299998,36.270800521000069],[-112.42081870199996,36.260706858000049],[-112.42497501599996,36.252484676000051],[-112.42896622799998,36.245199552000031],[-112.43189747899999,36.236549761000049],[-112.44064259599998,36.227038371000049],[-112.45873001999996,36.214010047000045],[-112.46737756299996,36.209074816000054],[-112.47673225599999,36.212250005000044],[-112.48309075099996,36.220434570000066],[-112.48416974499997,36.231838228000072],[-112.47979105099995,36.240705306000052],[-112.47650779599996,36.252756936000026],[-112.47672581799998,36.263680015000034],[-112.48064668999996,36.274357768000073],[-112.48442891199994,36.281099957000038],[-112.49501792899997,36.284700611000062],[-112.50980108499999,36.285241993000056],[-112.52323427899995,36.288112879000039],[-112.52929928299994,36.293297089000077],[-112.53071253399997,36.302826159000062],[-112.52613455099998,36.310812263000059],[-112.50555522999997,36.324525246000064],[-112.49598239999995,36.33538214500004],[-112.47969159999997,36.34814760200004],[-112.46045203299997,36.362868443000025],[-112.45537031599997,36.373663843000031],[-112.44981572299997,36.379050975000041],[-112.43529296399998,36.389720190000048],[-112.43113003999997,36.39794349400006],[-112.42696618499997,36.406166684000027],[-112.41972539299996,36.41910438900004],[-112.42136163099997,36.431339802000025],[-112.42908891999997,36.437198151000075],[-112.43694651499999,36.440297948000079],[-112.45832817699994,36.453205772000047],[-112.47690538699999,36.462021550000031],[-112.49449027499998,36.469764583000028],[-112.50842541699996,36.474698753000041],[-112.51956367099996,36.473958959000072],[-112.53182462099994,36.47152926900003],[-112.54481381399995,36.468989842000042],[-112.56182155499994,36.469199193000065],[-112.57262232999994,36.466982091000034],[-112.58309705399995,36.466639002000079],[-112.58401527399997,36.483854453000049],[-112.58618561699996,36.488401871000065],[-112.59063371399998,36.499611771000048],[-112.58954531899997,36.511342554000066],[-112.58051642299995,36.519689633000041],[-112.57715929599999,36.52810475800004],[-112.57789259499998,36.539564059000043],[-112.58418427599997,36.545629370000029],[-112.59496261599998,36.553157233000036],[-112.60236346799996,36.562405697000031],[-112.60986063999997,36.572065885000029],[-112.61130195099997,36.584942862000048],[-112.61095801699997,36.599912895000045],[-112.61142729099998,36.610194827000043],[-112.61968892499999,36.616575081000065],[-112.62509770499997,36.623684940000032],[-112.62635284099997,36.639026269000055],[-112.62475126399994,36.663319247000061],[-112.62480090399998,36.684930430000065],[-112.62753387099997,36.695180355000048],[-112.63342298699996,36.704351013000064],[-112.63701125899996,36.711733123000045],[-112.62854610399995,36.716039641000066],[-112.61749231499999,36.722253250000051],[-112.60479860499998,36.726273585000058],[-112.59217104299995,36.730586939000034],[-112.57997531199999,36.735139012000047],[-112.56927006799998,36.737946066000063],[-112.55599318899999,36.737784307000027],[-112.54532492499999,36.742410113000062],[-112.53771732999996,36.747190395000075],[-112.52291603999998,36.750294606000068],[-112.51172037399999,36.744339670000045],[-112.50205731999995,36.738461853000047],[-112.49070739799998,36.736789988000055],[-112.48029108099996,36.735892499000045],[-112.46635558899999,36.739470281000024],[-112.45271770199997,36.742697913000029],[-112.44378646499996,36.747665948000076],[-112.44213699299996,36.768363681000039],[-112.43662110699995,36.786708091000037],[-112.43471716699997,36.791907045000073],[-112.42634415599997,36.814761634000035],[-112.41594430499998,36.834308749000058],[-112.41014675699995,36.848796022000045],[-112.39963505799994,36.877098826000065],[-112.39408918799995,36.898731097000052],[-112.39386207799998,36.917757790000053],[-112.39571478599998,36.933923271000026],[-112.40254826899996,36.967988526000056],[-112.39009840299997,37.000496269000053],[-112.38302835499996,37.035751943000037],[-112.38889381999996,37.05518366900003],[-112.38890560499999,37.074311675000047],[-112.38859620999995,37.088849193000044],[-112.39830129299997,37.12511233400005],[-112.40278151499996,37.151125013000069],[-112.41242296999997,37.171166588000062],[-112.42384967299995,37.186309243000039],[-112.43362198399996,37.200533964000044],[-112.43593044299996,37.210632306000036],[-112.43422673099997,37.225375930000041],[-112.42613905299999,37.237573821000069],[-112.41333106699994,37.254518278000035],[-112.39585871699995,37.273300062000033],[-112.38935773999998,37.289320761000056],[-112.39027805099994,37.304257317000065],[-112.40009719299997,37.320872627000028],[-112.41111276299995,37.336110326000039],[-112.42544211299997,37.346051745000068],[-112.43116577399996,37.364467107000053],[-112.42826382499999,37.378125276000048],[-112.42124969599996,37.393585937000068],[-112.41661858199996,37.406292347000033],[-112.42287824599998,37.427037133000056],[-112.42914149299997,37.447781715000076],[-112.44787683799996,37.457082150000076],[-112.47099874699995,37.465739554000038],[-112.49278593699995,37.468571530000077],[-112.50804682899997,37.462728089000052],[-112.52741739899994,37.455076396000038],[-112.54586149899995,37.449963786000069],[-112.57121921599997,37.448645703000068],[-112.59192693599999,37.446802870000056],[-112.61355357099995,37.44241338300003],[-112.63755614399997,37.435261254000068],[-112.65544641899999,37.427803356000027],[-112.67203925799998,37.427756800000054],[-112.69911716599995,37.427358048000031],[-112.74160024999998,37.428276374000063],[-112.77330845699998,37.44764028000003],[-112.78395671699997,37.473748255000032],[-112.78931722699997,37.503052228000058],[-112.79376733199996,37.534900630000038],[-112.78707424799995,37.570815953000078],[-112.78585499299999,37.610733219000053],[-112.77119046699994,37.651443036000046],[-112.74424888899995,37.691559740000059],[-112.71390413699999,37.723741032000078],[-112.68949995099996,37.749014934000058],[-112.66763284199999,37.77872325800007],[-112.63667396899996,37.808557017000055],[-112.62129095899996,37.833687430000055],[-112.62362436899997,37.850198180000064],[-112.62878561499997,37.872313330000054],[-112.63596266099995,37.896540749000053],[-112.64624697799997,37.92753577700006],[-112.64624978399996,37.960039889000029],[-112.64608856899997,37.985344947000044],[-112.63295913099995,38.013753916000041],[-112.61594807499995,38.045135321000032],[-112.58709621399998,38.064999206000039],[-112.54683302799998,38.08170020700004],[-112.49515588099996,38.095226320000052],[-112.45028839099996,38.105334999000036],[-112.39884501699999,38.119982284000059],[-112.36306337699995,38.129946380000035],[-112.34081196999995,38.139159379000034],[-112.32981545699994,38.157581513000025],[-112.33101775099999,38.182675066000058],[-112.33946669999995,38.212745535000067],[-112.34658047099998,38.25022711500003],[-112.36500034999995,38.33662372100008],[-112.37133148499998,38.370610161000059],[-112.37834599799999,38.414125408000075],[-112.41592387699995,38.478409703000068],[-112.42995031799995,38.49869655100008],[-112.45737999999994,38.525070543000027],[-112.48490870399996,38.55177518000005],[-112.52976041699998,38.578416130000051],[-112.56531708999995,38.59558415500004],[-112.60028875899997,38.60829698200007],[-112.63913959799999,38.620437587000026],[-112.71932020399998,38.662454257000036],[-112.75493538699999,38.681311660000063],[-112.81098618899995,38.71111509800005],[-112.85224131999996,38.729122765000056],[-112.89093628599994,38.747495842000035],[-112.92270476599998,38.759207035000031],[-112.94947459399998,38.766766045000054],[-112.96908828299996,38.770494540000072],[-112.98148369899997,38.768311612000048],[-113.00016834499996,38.764497665000079],[-113.02293024299996,38.75728433900008],[-113.04732609199999,38.749474090000035],[-113.07657037499996,38.737795665000078],[-113.09468973599996,38.729861530000051],[-113.11272314599995,38.721587845000045],[-113.13648014499995,38.707569554000031],[-113.17464370499999,38.685104391000039],[-113.26281720899999,38.63066025300003],[-113.28126725699997,38.618800024000052],[-113.34853903599998,38.597447938000073],[-113.40328638899996,38.584940828000072],[-113.43583088499997,38.585221054000044],[-113.47965421399999,38.58970533400003],[-113.50215314099995,38.594296353000061],[-113.52675814799994,38.60554581100007],[-113.54042878599995,38.612181655000029],[-113.55647889399995,38.622991709000075],[-113.57414750799995,38.636695301000032],[-113.59189851599996,38.652480396000044],[-113.60211103799998,38.668375580000031],[-113.61574537299998,38.687237304000064],[-113.62331617799998,38.701442568000061],[-113.63052994199995,38.71954541100007],[-113.63999361299994,38.734157894000077],[-113.65022859599998,38.750048766000077],[-113.66582572999994,38.75707777100007],[-113.68356745599999,38.765521106000051],[-113.69617601699997,38.769514319000052],[-113.70562645599995,38.768054697000025],[-113.71689034699995,38.763169331000029],[-113.72540611399995,38.758008972000027],[-113.73806975599996,38.74277154300006],[-113.75253619599999,38.692309934000036],[-113.76196379199996,38.660796255000037],[-113.76764471699994,38.651527735000059],[-113.77579966499997,38.646766488000026],[-113.78479968699997,38.647114871000042],[-113.79446605699997,38.657143745000042],[-113.80283529999997,38.674363339000024],[-113.80529748699996,38.687609441000063],[-113.81161584699998,38.70375040600004],[-113.82061170599997,38.711087346000056],[-113.83192833399994,38.717014017000054],[-113.84394135799994,38.716889947000027],[-113.85467111599996,38.713469717000066],[-113.86995181899999,38.705143873000054],[-113.88540519299994,38.690496985000038],[-113.90170984599996,38.675713851000069],[-113.92589907499996,38.641165470000033],[-113.93498589699999,38.617368527000053],[-113.94415189799997,38.588663444000076],[-113.95194096099999,38.561571184000059],[-113.96896805099999,38.535820795000063],[-113.98470418799997,38.51726147800008],[-114.01360701799996,38.499767771000052],[-114.04395806199994,38.487979632000076],[-114.06208383799998,38.484062580000057],[-114.42573602399995,38.458845885000073],[-114.46250694499997,38.460235884000042],[-114.49019598999996,38.469694847000028],[-114.52539787799998,38.475725318000059],[-114.55207952499995,38.470651721000024],[-114.58166221999994,38.469503817000032],[-114.62011624499996,38.477179334000027],[-114.66134007099998,38.474108779000062],[-114.68674276699994,38.46774302700004],[-114.71646528299999,38.458100997000031],[-114.71350576099996,38.49384118200004],[-114.71783463799994,38.561680674000058],[-114.71098171899996,38.59218287300007],[-114.71427715499999,38.674881372000073],[-114.71790290299998,38.721293229000025],[-114.71552401399998,38.745185239000079],[-114.72228481899998,38.770519768000042],[-114.75046411299996,38.819770017000053],[-114.76556184199995,38.857451384000058],[-114.76917322899999,38.898973388000059],[-114.76435551099996,38.960482977000026],[-114.76671196399997,38.997313553000026],[-114.75843982399999,39.031963278000035],[-114.75606417499995,39.055855287000043],[-114.74831222999995,39.073768839000024],[-114.74047204899995,39.094176438000034],[-114.73914824199994,39.147763191000024],[-114.74606558599999,39.224979199000074],[-114.75564716099996,39.248880979000035],[-114.75539804999994,39.290051729000027],[-114.75931682499998,39.304593130000057],[-114.76142910299995,39.34048324400004],[-114.76654177799998,39.394492010000079],[-114.75607398399995,39.463271830000053],[-114.75116310499999,39.48952866500008],[-114.71640510199995,39.487345664000031],[-114.69193531699995,39.49032511300004],[-114.67109651499999,39.49271288500006],[-114.65610940399995,39.498068843000055],[-114.63622639599998,39.499316702000044],[-114.62068434999998,39.497904387000062],[-114.60181242599998,39.503510877000053],[-114.58322576599994,39.510780982000028],[-114.56565196599996,39.512990974000047],[-114.54162674099996,39.523572873000035],[-114.50473946299996,39.539264249000041],[-114.48642216699994,39.544637859000034],[-114.45653298499997,39.545126111000059],[-114.41275170399996,39.555766969000047],[-114.35175668299996,39.558112335000033],[-114.32034449699995,39.558806195000045],[-114.25991973199996,39.554288229000065],[-114.22942086699999,39.555425170000035],[-114.15547159099998,39.578476333000026],[-114.05863131899997,39.597221541000067],[-113.92445465199995,39.599942445000067],[-113.83456388499997,39.617728793000026],[-113.77233246999998,39.628188368000053],[-113.77196681199996,39.628249719000053],[-113.69770033499998,39.640684602000078],[-113.66039380399997,39.64380609300008],[-113.50525623599998,39.678824590000033],[-113.39249749099997,39.701520819000052],[-113.29490453399995,39.715444417000072],[-113.21998774199994,39.72400609500005],[-113.11452360899995,39.72294555700006],[-113.01066158499998,39.72155667100003],[-112.94647594099996,39.71302371400003],[-112.84318188999998,39.717160010000043],[-112.72036347499994,39.732958328000052],[-112.57710681999998,39.770698765000077],[-112.52305089599997,39.79051749000007],[-112.48573871699995,39.81815933300004],[-112.46353805099994,39.832794142000068],[-112.43104288999996,39.842487771000037],[-112.35916974599996,39.853869805000045],[-112.26131935899997,39.860528657000032],[-112.23047764799998,39.859716300000059],[-112.19008911599997,39.857029448000048],[-112.14511589499995,39.852410563000035],[-112.12041000699998,39.849444277000032],[-112.09768222099996,39.844285436000064],[-112.07679553799994,39.854186057000049],[-112.06799896699999,39.866247182000052],[-112.06754340099997,39.889284881000037],[-112.07058695199999,39.913117193000062],[-112.07348897799994,39.936330759000043],[-112.07070940099999,39.956496734000041],[-112.07909650999994,39.97831754200007],[-112.09429370299995,39.997286477000046],[-112.11480291599997,40.003396461000079],[-112.14123309399997,40.009962682000037],[-112.16224690399997,40.021740287000057],[-112.16885336399997,40.039337169000078],[-112.17069920599994,40.061421646000042],[-112.16088802099995,40.094051484000033],[-112.16466016399994,40.135016828000062],[-112.17030986599997,40.159128641000052],[-112.18313714999999,40.185441027000024],[-112.18265313399996,40.204655187000071],[-112.18000651299997,40.239484950000076],[-112.17474376299998,40.263186375000032],[-112.16993052899994,40.281719275000057],[-112.17238140299997,40.299251276000064],[-112.18027689299998,40.311565940000037],[-112.18374914099996,40.333424647000072],[-112.17935300099998,40.360834036000028],[-112.17681376199994,40.37841432700003],[-112.17992921899997,40.386436433000029],[-112.15925080499994,40.413548596000055],[-112.15019992999999,40.42663460700004],[-112.13610691599996,40.438351234000038],[-112.11310122599997,40.452315623000061],[-112.07725594999994,40.469057766000049],[-112.04790551399998,40.476150311000026],[-112.03021969799994,40.475470382000026],[-112.01267761399998,40.469620722000059],[-111.99471758299995,40.464855121000028],[-111.97941621899997,40.462814726000033],[-111.96215588399997,40.461038063000046],[-111.94274644499995,40.46160879200005],[-111.92760387599998,40.463143284000068],[-111.90938932999995,40.471781370000031],[-111.89497611899998,40.479388476000054],[-111.88144420699996,40.487903818000063],[-111.87183141799994,40.495889260000069],[-111.86102405799994,40.504548981000028],[-111.84202124599994,40.512765460000026],[-111.82031887399995,40.523913366000045],[-111.80065176599999,40.532210922000047],[-111.78106034599995,40.537921888000028],[-111.76817062299995,40.537588301000028],[-111.74847619699995,40.534046536000062],[-111.72914511399995,40.52325085800004],[-111.71359898699995,40.508347127000036],[-111.69827911699997,40.482608696000057],[-111.68726428299999,40.460926068000049],[-111.67281617499998,40.433012445000031],[-111.65769938899996,40.413932357000078],[-111.64176702599997,40.400103786000045],[-111.62447629899998,40.392112581000049],[-111.58547471999998,40.380310253000061],[-111.55531315799999,40.368871307000063],[-111.53036124199997,40.353652344000068],[-111.51140711999994,40.338152799000056],[-111.49086210699994,40.327489408000076],[-111.47612562199998,40.321715778000055],[-111.45322461599994,40.315471283000079],[-111.42672948099994,40.308151887000065],[-111.39252150799996,40.302351667000039],[-111.35616995299995,40.301964000000055],[-111.31415385999998,40.300246770000058],[-111.24721773899995,40.298150947000067],[-111.23139940499999,40.297283816000061],[-111.22820279099994,40.304686495000055],[-111.20860710099998,40.329077148000067],[-111.19995357799996,40.338390899000046],[-111.20114093099994,40.34916443700007],[-111.21121202999996,40.362432347000038],[-111.21183079299999,40.376011135000056],[-111.20744307099994,40.39387888300007],[-111.20130818699994,40.409239878000051],[-111.18745236799998,40.427416778000065],[-111.15177718499996,40.454771479000044],[-111.12280917999999,40.463954169000033],[-111.08957786399998,40.470033200000046],[-111.04841094799997,40.467102429000079],[-111.01169212299999,40.462681360000033],[-110.96725029199996,40.45558978400004],[-110.92957552599995,40.452176208000026],[-110.91121568299997,40.455409917000054],[-110.90057087399998,40.466765920000057],[-110.88894503299997,40.484614197000042],[-110.88137955799999,40.499218431000031],[-110.87923034399995,40.511318924000079],[-110.88210696199997,40.524605444000031],[-110.89059755899996,40.536273925000046],[-110.90257433899995,40.547502069000075],[-110.90254118999997,40.569345381000062],[-110.86328386899999,40.647081860000071],[-110.84598113699997,40.672000797000067],[-110.81280171299994,40.684347855000055],[-110.78081014399999,40.685619531000043],[-110.75656251099997,40.689555589000065],[-110.73675591599999,40.697481478000043],[-110.69786453799998,40.722327290000067],[-110.67376264499995,40.732592565000061],[-110.65106431599997,40.732674526000039],[-110.62121859599995,40.727268992000063],[-110.57796640499998,40.726235752000036],[-110.54632739599998,40.729216816000076],[-110.52299014599998,40.737536184000078],[-110.50235293499998,40.747338163000052],[-110.41410139899995,40.788105140000027],[-110.38023097299998,40.797671835000074],[-110.34855078599998,40.800600368000062],[-110.31832891099998,40.793346547000056],[-110.28866816099998,40.788744691000034],[-110.25373264899997,40.78749646700004],[-110.21781588399995,40.787264558000061],[-110.19215060399995,40.790338849000079],[-110.16968271899998,40.78575625700006],[-110.14973411699998,40.781777814000066],[-110.11750339299999,40.781984872000066],[-110.08268361499995,40.787033232000056],[-110.05584551499999,40.790216802000032],[-110.02809694799998,40.788959629000033],[-110.00644477299994,40.78243444900005],[-109.97986716599996,40.781028266000078],[-109.96155721799994,40.78500161200003],[-109.94341343399998,40.778052851000041],[-109.92472246699998,40.770728224000038],[-109.85801053699998,40.76919366900006],[-109.83676315199995,40.76139186000006],[-109.81949168299997,40.754992999000081],[-109.78790352399994,40.750724975000026],[-109.75877204399995,40.743360009000071],[-109.74677336899998,40.738676518000034],[-109.64141005399995,40.734023799000056],[-109.61524701399998,40.729088140000044],[-109.59145668299999,40.720604709000042],[-109.56701324899996,40.714995069000054],[-109.53359748399998,40.70433239700003],[-109.50823651099995,40.690875019000032],[-109.47583511299996,40.675878527000066],[-109.43931093499998,40.658539818000065],[-109.41796647199999,40.649749105000069],[-109.38029640199994,40.648405531000037],[-109.33882909399995,40.643274551000047],[-109.32356239799998,40.64359175900006],[-109.30526490499994,40.653587739000045],[-109.28049963099994,40.65870148700003],[-109.26274012099998,40.658822913000051],[-109.24256313199999,40.655943170000057],[-109.21748288799995,40.649871757000028],[-109.19600802399998,40.643393973000059],[-109.07311392999998,40.643216108000047],[-109.06614415199999,40.643984966000062],[-109.05792318699997,40.642181169000025],[-109.03812754399996,40.632940290000079],[-109.02039256799998,40.619792281000059],[-109.01663826799995,40.608009905000074],[-109.02341539099996,40.60087678900004],[-109.03968565999998,40.595615334000058],[-109.05484575899999,40.589651675000027],[-109.07278941199996,40.583531719000064],[-109.08646886099996,40.574234683000043],[-109.08434540099995,40.557490273000042],[-109.08205721099995,40.534295629000042],[-109.08569391199995,40.517903703000059],[-109.09492343799997,40.511746154000036],[-109.10673153199997,40.509503995000046],[-109.11604513799995,40.503802037000071],[-109.12604330399995,40.498490073000028],[-109.13819693899995,40.49807376800004],[-109.15061228099995,40.499027912000031],[-109.15697577099996,40.50672479900004],[-109.15563994499996,40.515745324000079],[-109.15798615399996,40.524823047000041],[-109.16913370799995,40.528718542000036],[-109.17913139799998,40.523402200000078],[-109.18698010599996,40.51645667400004],[-109.19079538299997,40.507625687000029],[-109.18553839599997,40.49933979900004],[-109.17372144499996,40.498322549000079],[-109.16257851899996,40.494427411000061],[-109.16708189099995,40.485987596000029],[-109.17888326499997,40.483738248000066],[-109.19112152899999,40.483773748000033],[-109.20327219099994,40.483350796000025],[-109.21524732199998,40.482012229000077],[-109.22454831399995,40.47630169200005],[-109.22707163599995,40.467146150000076],[-109.22899576899999,40.45805753500008],[-109.24070256099998,40.455344834000073],[-109.25293584799999,40.455373980000047],[-109.26291655199998,40.450050370000042],[-109.26055915199998,40.440974312000037],[-109.25359192099995,40.433349821000036],[-109.24833306499994,40.425066338000079],[-109.25282151799996,40.416622935000078],[-109.25662294099999,40.407789317000038],[-109.25247382199996,40.398914372000036],[-109.25439274299998,40.389824984000029],[-109.25690899499995,40.38066834600005],[-109.26886539499998,40.379324304000079],[-109.27978362599998,40.375760511000067],[-109.28906509499996,40.370044578000034],[-109.29543210299994,40.37773463700006],[-109.29292103299997,40.386892105000072],[-109.29229118199999,40.396304591000046],[-109.29465121199996,40.405380256000058],[-109.30425770599999,40.410836889000052],[-109.31623820599998,40.412755495000056],[-109.32707092599998,40.408730294000065],[-109.33489187399999,40.401774552000063],[-109.33491814799999,40.392429436000043],[-109.33613996599996,40.382949136000036],[-109.34098953599994,40.379598155000053],[-109.34796416699999,40.374605116000055],[-109.34765630499999,40.366698841000073],[-109.34555584099996,40.358995402000062],[-109.34321181599995,40.353188006000039],[-109.34044740599995,40.348362398000063],[-109.33929901399995,40.342419695000046],[-109.34480074199996,40.336247482000033],[-109.34531921099995,40.335665757000072],[-109.35843904199999,40.330909894000058],[-109.36781877599998,40.328912326000079],[-109.37350340599994,40.323595987000033],[-109.37686434999995,40.315740054000059],[-109.37918470599999,40.305666230000043],[-109.38537500499996,40.299824351000041],[-109.39857399799996,40.295521069000074],[-109.40610897199997,40.287188897000078],[-109.41273904199994,40.28363101900004],[-109.42297407299998,40.28293235600006],[-109.43094899299996,40.276883981000026],[-109.43984924799997,40.269327636000071],[-109.44110589999997,40.266380886000036],[-109.45885395299996,40.266689949000067],[-109.46595149099994,40.268681991000051],[-109.47137557499997,40.274603047000028],[-109.47733553299997,40.283266100000048],[-109.48622565699998,40.285052045000043],[-109.49329774799997,40.283774848000064],[-109.49998392599997,40.277401526000062],[-109.50249232399995,40.271506761000069],[-109.50876434399999,40.247423649000041],[-109.51309139699998,40.235244927000053],[-109.52230551999997,40.226242673000058],[-109.52910269699998,40.223592229000076],[-109.53959620699999,40.22425454200004],[-109.54678127299997,40.226698803000033],[-109.55220895799994,40.232616291000056],[-109.55397002599994,40.238488601000029],[-109.55576240999994,40.247628503000044],[-109.56265442399996,40.254779054000039],[-109.57145888199994,40.265447496000036],[-109.57915605399995,40.267364007000026],[-109.59126646999999,40.266901386000029],[-109.59767228599998,40.259151617000043],[-109.60234425899995,40.248797565000075],[-109.60126508599996,40.243314058000067],[-109.59547288799996,40.235570986000027],[-109.58989424599997,40.232009199000061],[-109.58610478699995,40.228240656000025],[-109.58323873799998,40.222963413000059],[-109.58600749999999,40.21843765400007],[-109.59110304199999,40.216447111000036],[-109.60028090099996,40.213517112000034],[-109.60459982399999,40.21068094900005],[-109.60539892299994,40.205447541000069],[-109.60312829499998,40.200101785000072],[-109.59957636099995,40.194436809000081],[-109.60115120999995,40.190048429000058],[-109.60698646799995,40.185634483000058],[-109.61633949099996,40.183617134000031],[-109.62253316999994,40.181030261000046],[-109.62544345399999,40.174149666000062],[-109.62477930999995,40.167683209000074],[-109.62030589699998,40.163527702000067],[-109.61247291199999,40.163967580000076],[-109.60547170099994,40.162441174000037],[-109.59980859599995,40.158422743000074],[-109.59691147499996,40.149877860000061],[-109.60229461599994,40.143179124000028],[-109.60866490499996,40.141506889000027],[-109.62143861499999,40.14142918400006],[-109.63426765399998,40.138539269000034],[-109.63991643299994,40.133209666000027],[-109.64686459699999,40.122119783000073],[-109.64571353699995,40.110100666000051],[-109.64605820599996,40.102581928000063],[-109.64932309299996,40.097528317000069],[-109.65633752199994,40.092973420000078],[-109.67114743699995,40.089640484000029],[-109.67944697499996,40.077774755000064],[-109.70329204799998,40.066819119000058],[-109.71617828999996,40.066222321000055],[-109.73546900999997,40.062149723000061],[-109.75023468799998,40.053153684000051],[-109.75922135499997,40.04483314600003],[-109.77799014199996,40.026278869000066],[-109.78003468499998,40.016290084000048],[-109.77991280199996,40.01567680900007],[-109.77888230899998,40.00638394200007],[-109.78459685499996,39.998181067000075],[-109.79619161899996,39.99493446200006],[-109.79926744899996,39.985785752000027],[-109.79062911499994,39.979270884000073],[-109.78064178799997,39.974169390000043],[-109.78463759499999,39.965540539000074],[-109.79647081499996,39.963520429000027],[-109.80309865999999,39.955835945000047],[-109.81248157299996,39.949709062000068],[-109.82479993899994,39.950139137000065],[-109.83711845799996,39.950567927000066],[-109.84269930699998,39.941748805000032],[-109.84245813399997,39.932362045000048],[-109.83823467899998,39.923445875000027],[-109.83480867699996,39.914435433000051],[-109.84406100399997,39.90769268400004],[-109.85551566599997,39.903826890000062],[-109.86733640199998,39.901799625000081],[-109.87927900499994,39.900384378000069],[-109.88981178699999,39.895996424000032],[-109.89734167399996,39.888825162000046],[-109.89629746199995,39.879532813000026],[-109.88766321199995,39.873024747000045],[-109.88184609599995,39.864298802000064],[-109.89133243499998,39.858778629000028],[-109.90314452999996,39.85674773900007],[-109.91458759699998,39.852876128000048],[-109.91513255899997,39.843394537000052],[-109.91170058199998,39.834386032000054],[-109.91304104599999,39.824809764000065],[-109.92098775099998,39.815702595000062],[-109.92178288799994,39.815607917000079],[-109.92312161499996,39.806031464000057],[-109.91449392799996,39.799525171000028],[-109.90372828499994,39.794528335000052],[-109.89724336099994,39.786510639000028],[-109.89779015399995,39.777028880000046],[-109.90922050399996,39.773157667000078],[-109.91581799699998,39.765466261000029],[-109.91886815499998,39.756313576000025],[-109.92546300699996,39.748621580000076],[-109.93480750799995,39.742484466000064],[-109.94415037399995,39.736346596000033],[-109.94798966899998,39.727098219000027],[-109.94217714899997,39.71837475600006],[-109.94442792299998,39.709316068000078],[-109.94918230699994,39.700585904000036],[-109.95668516799998,39.693410309000058],[-109.96809865499995,39.689533263000044],[-109.97559840099996,39.682356434000042],[-109.97216653899994,39.673349143000053],[-109.96647836799997,39.665239875000054],[-109.96384178699998,39.656137296000054],[-109.97029940099998,39.647829338000065],[-109.97109257199998,39.647734322000076],[-109.98286686999995,39.645695282000077],[-109.99427116099997,39.641815631000043],[-110.00255611899996,39.634541785000067],[-110.00479642299996,39.625481678000028],[-110.00532745199996,39.615998876000049],[-110.00585833699995,39.606516041000077],[-110.01334537099996,39.599336601000061],[-110.02486374899996,39.596067056000038],[-110.03521846399997,39.591052501000036],[-110.03530113399995,39.590717348000055],[-110.03745317399995,39.581991641000059],[-110.03322604399995,39.573081295000065],[-110.02595461799996,39.565165504000049],[-110.02989707699999,39.556527043000074],[-110.04024561499995,39.551511983000069],[-110.04772328499996,39.544330225000067],[-110.04349711799995,39.535420143000067],[-110.03848030799998,39.526605363000044],[-110.03821444499994,39.517217588000051],[-110.03253128199998,39.509111104000056],[-110.02259316399994,39.504029194000054],[-110.01691286399995,39.495921921000047],[-110.01506740199994,39.486724663000075],[-110.01484704999996,39.478846960000055],[-110.01480481099998,39.477336722000075],[-110.01703853899994,39.468275934000076],[-110.01202982299998,39.459459848000051],[-110.01334951299998,39.44988121800003],[-110.01466884399997,39.440302548000034],[-110.01616385199998,39.427562701000056],[-110.01695448099997,39.427467369000055],[-110.01997687699998,39.418311059000075],[-110.01734262399998,39.409208987000056],[-110.01312839599996,39.400297463000072],[-110.00970546799999,39.391290481000055],[-110.01102419799997,39.381711698000061],[-110.01325538299994,39.372650744000055],[-110.01062370399995,39.363548409000032],[-110.00799270299996,39.354445996000038],[-110.01454026999994,39.346748041000069],[-110.01847192499997,39.338109429000042],[-110.02592919899996,39.330928630000074],[-110.03450985999996,39.337427733000027],[-110.04509198499994,39.341800198000044],[-110.05681309199997,39.339753564000034],[-110.06335396899999,39.332052852000061],[-110.06636625799996,39.322895119000066],[-110.06451887599997,39.313698212000077],[-110.05527215899997,39.307910010000057],[-110.04360784499994,39.306182078000063],[-110.03569644799995,39.298974970000074],[-110.04041191899995,39.290240054000037],[-110.05212460199999,39.28819386300006],[-110.05441960499996,39.283519518000048],[-110.05331266999997,39.278001215000074],[-110.04473749899995,39.271503399000039],[-110.03483193199997,39.266422205000026],[-110.02771461499998,39.259119029000033],[-110.02587393299996,39.249921376000032],[-110.03526651899995,39.244388555000057],[-110.04383752799998,39.250887105000061],[-110.05374156499994,39.255967554000051],[-110.06204764199998,39.253076355000076],[-110.06118658499997,39.248784370000067],[-110.05934181499998,39.239587223000058],[-110.05986262399995,39.23010316500006],[-110.06548176099994,39.221884618000047],[-110.07474445899999,39.215735450000068],[-110.08309432099998,39.20906820700003],[-110.08282372699995,39.199679770000046],[-110.09220518299998,39.194142316000068],[-110.09611886499994,39.185500800000057],[-110.09427120299995,39.176304083000048],[-110.09557447499998,39.166723876000049],[-110.09857555399998,39.157564982000054],[-110.10795019099999,39.152026217000071],[-110.11094904499998,39.14286697700004],[-110.11067501099996,39.133478482000044],[-110.11040104899996,39.124089970000057],[-110.11691616799999,39.116385907000051],[-110.12421679399995,39.108585407000078],[-110.12981881599995,39.10036357000007],[-110.13723975699997,39.093175320000057],[-110.14751297399994,39.088150236000047],[-110.15402075099996,39.080444052000075],[-110.15792060899997,39.071800284000062],[-110.15867402899994,39.063541609000026],[-110.15842698799997,39.062315487000035],[-110.15131744099995,39.055019554000069],[-110.15691208399994,39.046796341000061],[-110.16432466699996,39.039606304000074],[-110.16247195899996,39.030410430000074],[-110.15747609999994,39.021599718000061],[-110.15967722999994,39.012535314000047],[-110.16799517099997,39.005861760000073],[-110.17098008599999,38.996700755000063],[-110.16834211699995,38.987601295000047],[-110.16256311299998,38.978887110000073],[-110.15612352099998,38.970881983000027],[-110.15584417299999,38.961493334000068],[-110.15882879099996,38.952332584000033],[-110.15619402999994,38.94323279300005],[-110.14831166299996,38.936032830000045],[-110.14724860999996,38.926740347000077],[-110.15192562399994,38.918000358000029],[-110.14404649399995,38.910800084000073],[-110.15041521999996,38.902480814000057],[-110.15975213899998,38.896937670000057],[-110.15415011299996,38.885061286000052],[-110.15402693999994,38.884448206000059],[-110.15540738299995,38.86731738800006],[-110.15619159099998,38.867221107000034],[-110.15434443099997,38.858024896000074],[-110.14581070799994,38.851534045000051],[-110.13793956499995,38.844333304000031],[-110.12808687799998,38.839259660000039],[-110.11571377799999,38.83763487300007],[-110.11073726499995,38.828821948000041],[-110.10510086599999,38.820717881000064],[-110.10886976999996,38.811462327000072],[-110.11679847299996,38.807571319000033],[-110.11910428899995,38.806439559000069],[-110.12208713299998,38.797279598000046],[-110.12041600799995,38.784921133000068],[-110.12029329899997,38.784308011000064],[-110.11531994899997,38.775495242000034],[-110.11191414699999,38.766490290000036],[-110.11085837999997,38.757197319000056],[-110.12120761299997,38.752787478000073],[-110.13052716599998,38.747246602000075],[-110.13791121599996,38.740058000000033],[-110.14010613099998,38.730993690000048],[-110.13290883999997,38.723083254000073],[-110.12092363499994,38.723298340000042],[-110.10881585399994,38.72289905000008],[-110.09724609799997,38.721176311000079],[-110.08792736799995,38.726714523000055],[-110.07606364499998,38.727538132000063],[-110.08073630899997,38.718800849000047],[-110.08631268399995,38.710580725000057],[-110.08682603199998,38.701095862000045],[-110.07567628699996,38.697435668000026],[-110.07009971499997,38.705655288000059],[-110.05884951099995,38.709543027000052],[-110.05936651099995,38.700058286000058],[-110.06765735099998,38.693391691000045],[-110.06985976699997,38.684328688000051],[-110.06069431599997,38.678540385000076],[-110.05330885499995,38.685724096000058],[-110.05110428699999,38.69478678400003],[-110.04362568899995,38.689419169000075],[-110.04193901499997,38.688997002000065],[-110.04299668599998,38.678190390000054],[-110.05436475199997,38.674917377000043],[-110.05735041199995,38.665759003000062],[-110.04884855699999,38.659260944000039],[-110.04236788299994,38.666961601000025],[-110.03305198099997,38.672495420000075],[-110.02203113799999,38.669443281000042],[-110.02502072599998,38.660285738000027],[-110.02891323399996,38.651645912000049],[-110.03449032999998,38.643428253000025],[-110.03344648099994,38.634134518000053],[-110.03318460999998,38.624745318000066],[-110.02468984899997,38.618245477000073],[-110.01537894199998,38.623777885000038],[-110.00709130999996,38.630440761000045],[-109.99789884299997,38.636585008000054],[-109.98580649299998,38.636172878000025],[-109.97587222099997,38.630472993000069],[-109.97026684299999,38.622362292000048],[-109.97157665099996,38.612782877000029],[-109.98191352499998,38.608385430000055],[-109.99327326499997,38.605118402000073],[-110.00523897999994,38.604916505000062],[-110.01684010299999,38.602873663000025],[-110.01658053299997,38.593484415000034],[-110.02047041899999,38.584844856000075],[-110.02435936299997,38.576205164000044],[-110.02409889999996,38.566815930000075],[-110.02071457199997,38.557808223000052],[-110.01025020499998,38.553433115000075],[-109.99829313599997,38.553635530000065],[-109.98796520199994,38.558034443000054],[-109.97775709599995,38.563045713000065],[-109.96591932299998,38.563858062000065],[-109.95953926499999,38.55584182900003],[-109.96175116499995,38.546780848000026],[-109.95195209899998,38.541692197000032],[-109.94072131799999,38.545568493000076],[-109.93368552199996,38.538258982000059],[-109.93445925299994,38.530001406000054],[-109.93590015899997,38.52919849400007],[-109.94328123699995,38.522022240000069],[-109.95348589999998,38.517014010000025],[-109.95737925199995,38.508376566000038],[-109.95478654599998,38.499271985000064],[-109.96036027099996,38.49105787600007],[-109.97242790299998,38.49147266600005],[-109.97799899199998,38.483257708000053],[-109.98970220099994,38.48183085900007],[-110.00188961599997,38.48285584000007],[-110.00007225899998,38.473657029000037],[-109.99159847599998,38.467154755000024],[-109.98180820499999,38.462068634000047],[-109.97333745799995,38.455565021000041],[-109.96696623399998,38.447549202000062],[-109.96437451399999,38.43844484400006],[-109.96256311499997,38.429245453000078],[-109.96555027399995,38.42008942800004],[-109.96685700699999,38.410510068000065],[-109.97879022999996,38.410310903000038],[-109.98791466199998,38.416105693000077],[-109.99943240899995,38.417839345000061],[-109.99995517899998,38.408354839000026],[-109.99280587299995,38.400435683000069],[-109.98356217899999,38.394028013000025],[-109.97509932999998,38.387524542000051],[-109.97484602099996,38.378135221000036],[-109.98040800499996,38.369920173000025],[-109.98866794299994,38.363259218000053],[-109.99512689099998,38.355561572000056],[-109.99564977799997,38.346077110000067],[-109.99006443299999,38.337967391000063],[-109.97963407999998,38.333589534000055],[-109.96735177699998,38.331948929000077],[-109.95705392899998,38.336345060000042],[-109.94573519799997,38.339608526000063],[-109.93417472299996,38.341644239000061],[-109.93548422199996,38.332065268000065],[-109.94194607299994,38.324370613000042],[-109.94169733399997,38.314981249000027],[-109.93755692399998,38.306066008000073],[-109.92976669799998,38.298851116000037],[-109.91994649099996,38.297534494000047],[-109.91797205599994,38.299658552000039],[-109.91576224899995,38.308718634000059],[-109.90929899599996,38.316411816000027],[-109.90103708199996,38.323067071000025],[-109.89073644299998,38.327457279000043],[-109.88294860799999,38.320239217000051],[-109.88683976899995,38.311604204000048],[-109.89072999199999,38.302969064000024],[-109.89899054599999,38.296314556000027],[-109.90545309299995,38.288621963000026],[-109.91011792799998,38.279891588000055],[-109.90831750599995,38.270691421000038],[-109.89855999699995,38.265598295000075],[-109.89077809799994,38.258380791000036],[-109.88586948799997,38.249558224000054],[-109.89322677499996,38.242385245000037],[-109.89866770799995,38.23356085100005],[-109.88957373299996,38.227759078000076],[-109.88132020399996,38.234412876000079],[-109.87115073999996,38.239414679000049],[-109.86140013299996,38.234318421000069],[-109.86875830299999,38.227147015000071],[-109.86540953199994,38.218134898000073],[-109.85763612099998,38.210915186000079],[-109.86881897499995,38.207047014000068],[-109.88053959399997,38.21001926200006],[-109.89214140799999,38.21237695800005],[-109.90140839499998,38.206854536000037],[-109.89650200399996,38.198032460000036],[-109.88502205499998,38.196288572000071],[-109.87802619999997,38.188975793000054],[-109.87752962299999,38.188212694000072],[-109.87234683599996,38.180247110000039],[-109.86559280299997,38.17416034300004],[-109.86601134999995,38.172225866000076],[-109.86732685799996,38.162647803000027],[-109.87031506899996,38.153494414000079],[-109.87587160599998,38.145284551000032],[-109.88501158799994,38.139150114000074],[-109.89056533299998,38.130939555000054],[-109.89611780799999,38.122728736000056],[-109.90626900199999,38.117724791000057],[-109.90847412999995,38.108665055000074],[-109.91145484899994,38.099510656000064],[-109.91969008099994,38.09285479600004],[-109.92995530199994,38.088462102000051],[-109.93048484999997,38.078978167000059],[-109.93513303199995,38.070246969000038],[-109.94527409299997,38.065239614000063],[-109.95673455999997,38.06697747000004],[-109.96372654399994,38.074285359000044],[-109.97250075399995,38.074466743000073],[-109.97488240999996,38.070406951000052],[-109.98131650799996,38.062710285000037],[-109.98864513099994,38.055531366000025],[-109.98916669099998,38.046047207000072],[-109.98581126099998,38.037038789000064],[-109.97882065499999,38.029732283000044],[-109.98178914299996,38.020576163000044],[-109.99204024899996,38.016177971000047],[-109.99745193399997,38.007349153000064],[-110.00298265899994,37.999133322000034],[-110.01400429099999,37.994637932000046],[-110.02424972899996,37.99023688300008],[-110.03437329899998,37.985221730000035],[-110.03822815599995,37.976581946000067],[-110.03641894299994,37.967384122000055],[-110.03693356599996,37.957899876000056],[-110.03589934499996,37.948606594000069],[-110.03808297099994,37.939544608000062],[-110.04856038899999,37.936367797000059],[-110.04933459499995,37.936272239000061],[-110.06118895699996,37.936064567000074],[-110.07304325099994,37.93585567000008],[-110.08226073999998,37.930318911000029],[-110.09411402599994,37.930107838000026],[-110.10253383599996,37.93660225900004],[-110.11463052299996,37.937615298000026],[-110.12103780099994,37.929910980000045],[-110.13126747299998,37.925500433000025],[-110.14299838399995,37.924671223000075],[-110.15272693499998,37.929743419000033],[-110.16417080599996,37.931460552000033],[-110.17626749199997,37.932467089000056],[-110.18824268199995,37.932859328000063],[-110.20009606699995,37.932637305000071],[-110.21219345099996,37.933640056000058],[-110.22416903199996,37.934028545000047],[-110.23614473899994,37.934415784000066],[-110.24824292599999,37.935414734000062],[-110.25972920099997,37.933347665000042],[-110.26893198999994,37.927795923000076],[-110.26709453299998,37.918601843000033],[-110.26293665199995,37.909698773000059],[-110.25800625399995,37.900892538000051],[-110.25617087799998,37.891698328000075],[-110.25832505899996,37.88263227200008],[-110.26752147499997,37.877080695000075],[-110.27843144499997,37.880109309000034],[-110.28966282499999,37.876813421000065],[-110.30089317799997,37.873516434000067],[-110.31249085799999,37.872057005000045],[-110.31797523599994,37.863826248000066],[-110.31536018099996,37.854730421000056],[-110.30900407799999,37.846734050000066],[-110.31115026799995,37.837667083000042],[-110.31085511899994,37.828279205000058],[-110.29942414899995,37.826576741000054],[-110.29560864099994,37.835225021000042],[-110.28654224499996,37.841391713000064],[-110.27519381699994,37.844074352000064],[-110.27103923599998,37.83517170500005],[-110.27652553999997,37.826942993000046],[-110.28188815399994,37.818101121000041],[-110.28647692799996,37.809356175000062],[-110.29464433399994,37.80267384900003],[-110.30460012599997,37.797022174000062],[-110.31186952399997,37.789823031000026],[-110.32104998199998,37.784267267000075],[-110.32652670899995,37.77603625200004],[-110.33570428499996,37.770479330000057],[-110.34475756599994,37.764308844000027],[-110.35291447199995,37.757622431000073],[-110.36017507899999,37.750420285000075],[-110.36595795499994,37.735863975000029],[-110.36583494499996,37.735251165000079],[-110.36874220499999,37.726085652000052],[-110.37254318199996,37.717435151000075],[-110.37800896699997,37.709201803000042],[-110.38794533999999,37.703543006000075],[-110.39902101799998,37.699623752000036],[-110.41046545499995,37.697541698000066],[-110.42190922999998,37.695458501000076],[-110.42817781799994,37.693965075000051],[-110.43322883499997,37.69276142800004],[-110.44340578899994,37.688323298000057],[-110.44886129099996,37.680086625000058],[-110.45265024999998,37.671433566000076],[-110.46396494299995,37.668733467000038],[-110.47552643299997,37.667257613000061],[-110.48353638999998,37.659949375000053],[-110.48399013099998,37.650463865000063],[-110.48444375299999,37.640978374000042],[-110.48822640199995,37.632324224000058],[-110.49200814499994,37.623669968000058],[-110.49911749499995,37.61584660300008],[-110.50927957199997,37.611402700000042],[-110.51931630799999,37.606345274000034],[-110.52947580799997,37.601899586000059],[-110.53963405799999,37.597452998000051],[-110.55056091599994,37.592906584000048],[-110.55689114099994,37.585178621000068],[-110.56500821299994,37.578477418000034],[-110.56545075999998,37.56899179800007],[-110.55509666199998,37.564666618000047],[-110.54305630799996,37.563700115000074],[-110.53126450699995,37.563957549000065],[-110.52026765099998,37.56034062100008],[-110.51326925399997,37.553067516000056],[-110.52138675999998,37.546369475000063],[-110.53357278699997,37.544176452000045],[-110.54498875299998,37.542081026000062],[-110.55652834799997,37.540597031000061],[-110.56739962499995,37.543597885000054],[-110.57839629099999,37.547210255000039],[-110.58926946699995,37.550209032000055],[-110.60118350299996,37.550558132000049],[-110.61270268799996,37.552842879000025],[-110.62449238099998,37.552577032000045],[-110.63451289599999,37.54750957300007],[-110.63737857199999,37.53833773000008],[-110.63627327499995,37.529050971000061],[-110.63067934099996,37.520973629000025],[-110.62020342599999,37.516041930000029],[-110.60817029099996,37.515082308000046],[-110.59651123399999,37.515958989000069],[-110.58616286699998,37.51163669400006],[-110.58057586899997,37.503556940000067],[-110.57870962099997,37.494368852000036],[-110.58247334399999,37.485711951000042],[-110.59248754699996,37.48064828300005],[-110.60401637899997,37.47915951400006],[-110.61307330299996,37.484903855000027],[-110.62445764299997,37.486574870000027],[-110.63623650499994,37.486307816000078],[-110.63691888399995,37.478047128000071],[-110.63513214799997,37.477021193000041],[-110.62607445999998,37.471278618000042],[-110.61701820799999,37.465535335000027],[-110.60860715999996,37.459079523000071],[-110.60520197999995,37.450090628000055],[-110.60806751199999,37.44091979600006],[-110.61718101499997,37.435340848000067],[-110.62870213099995,37.433849605000034],[-110.63570059699998,37.441115361000072],[-110.64656022099996,37.44410858100008],[-110.65845708399996,37.444451690000051],[-110.66983611299997,37.446118153000043],[-110.68018010999998,37.450432767000052],[-110.68654235599996,37.458407661000024],[-110.69213768699996,37.466482107000047],[-110.69773426499995,37.474556299000028],[-110.70744101899999,37.479580804000079],[-110.71934399499997,37.479917563000072],[-110.72934781499998,37.47484189000005],[-110.73309251599994,37.46618008300004],[-110.72967155899994,37.457194893000064],[-110.72266211999994,37.449934874000064],[-110.71924322399997,37.440949420000038],[-110.71736100799995,37.431763793000073],[-110.71471144899999,37.422678201000053],[-110.72100929799996,37.414941554000052],[-110.72730580299998,37.407204580000041],[-110.72772607199994,37.397718849000057],[-110.72661134799995,37.388433385000042],[-110.72767347599995,37.378235245000042],[-110.73052068199996,37.369061564000049],[-110.73502691799996,37.360299855000051],[-110.73621293499997,37.350714074000052],[-110.73829105099998,37.341640459000075],[-110.74827448099995,37.336563360000071],[-110.75902330999998,37.331385068000031],[-110.76912959799995,37.326918465000062],[-110.77923464299994,37.32245097200007],[-110.78207314399998,37.313276182000038],[-110.78567739699997,37.304000847000054],[-110.79106515499996,37.295748883000044],[-110.80103858299998,37.290667241000051],[-110.80769369099994,37.284762918000069],[-110.80731578299998,37.282926185000065],[-110.80542652399998,37.273742524000056],[-110.81157581999997,37.265389040000059],[-110.82065164599999,37.259794179000039],[-110.83163619699997,37.255833620000033],[-110.83204196699995,37.246348025000032],[-110.83244763099998,37.23686246300008],[-110.83871683599995,37.229119831000048],[-110.84765983799997,37.222910696000042],[-110.85774558999998,37.21843640600008],[-110.86311882299998,37.210181300000045],[-110.86594235099994,37.201004811000075],[-110.86876516599995,37.191828285000042],[-110.87324375399999,37.183061696000038],[-110.88230455699994,37.177462092000042],[-110.88104795199996,37.163818007000032],[-110.89453550999997,37.159245448000036],[-110.90430683199997,37.155960027000049],[-110.91173893499996,37.150992148000057],[-110.91674558899996,37.148735180000074],[-110.93054672099998,37.14809937800004],[-110.94031491799996,37.14481087300004],[-110.94604763399997,37.141261002000078],[-110.95024490199995,37.139906556000028],[-110.98946319199996,37.13707714800006],[-110.99809738399995,37.135527757000034],[-111.00818356199994,37.129003354000076],[-111.02205996199996,37.123963502000038],[-111.03045026099994,37.123639123000032],[-111.08507026599995,37.125488505000078],[-111.09320863599999,37.11682602500008],[-111.09997762399996,37.11113578100003],[-111.10457298799997,37.109323110000048],[-111.10949292699996,37.109060398000054],[-111.11635184999994,37.110927484000058],[-111.12006770599999,37.114412353000034],[-111.12273479599997,37.117639767000071],[-111.12507692999998,37.119317016000025],[-111.13257972899999,37.119502815000033],[-111.13685362099994,37.118529005000028],[-111.13821969699995,37.115555763000032],[-111.14224029699994,37.108638696000071],[-111.14247557899995,37.10502073400005],[-111.15609377199996,37.098802015000047],[-111.16011174999994,37.091884365000055],[-111.16122193199999,37.082967936000045],[-111.16000030199996,37.077155515000072],[-111.16265254099994,37.07321128600006],[-111.17054743299997,37.070551605000048],[-111.17321515599997,37.073777771000039],[-111.18105093799994,37.080290738000031],[-111.18670873899998,37.085902227000076],[-111.19219810999999,37.08834827000004],[-111.19993655999997,37.087301806000028],[-111.20726629999996,37.084317506000048],[-111.21208903699994,37.078882447000069],[-111.21497688999995,37.073709148000034],[-111.21736018799999,37.061430677000033],[-111.21298207999996,37.05245926200007],[-111.20877496199995,37.046652803000029],[-111.20095299699994,37.04492220800006],[-111.18782030699998,37.046300426000073],[-111.18048225899997,37.04450305000006],[-111.17241680899997,37.041608065000048],[-111.17087454399996,37.03663612500003],[-111.17239519899999,37.032047365000039],[-111.17946478599998,37.023122173000047],[-111.19056704799999,37.016838695000047],[-111.19844856099996,37.011786991000065],[-111.20004853099999,37.007585365000068],[-111.20737679799998,37.006991302000074],[-111.21125497099996,37.011247923000042],[-111.21514720199997,37.020284725000067],[-111.21759754699997,37.03190808800008],[-111.22255412999999,37.045981534000077],[-111.22579553299994,37.051918542000067],[-111.23121653399994,37.058755603000066],[-111.23865426099997,37.065717540000037],[-111.24697067799997,37.069770135000056],[-111.25600920599999,37.07252853500006],[-111.26495798299999,37.072508592000077],[-111.27196414999997,37.070360663000031],[-111.27516677499995,37.06434530100006],[-111.27650854299998,37.05659008300006],[-111.27864370799995,37.04553837800006],[-111.25825427699999,37.045520667000062],[-111.25018562699995,37.042631215000029],[-111.24646721099998,37.039150719000077],[-111.24693479999996,37.034304759000065],[-111.25441296299999,37.02970216500006],[-111.26214428899999,37.028651483000033],[-111.26987539099997,37.027600276000044],[-111.27583756099995,37.027586330000076],[-111.28187276499995,37.025569311000027],[-111.27996934499998,37.021608565000065],[-111.26645566399998,37.011680367000054],[-111.26693742499998,36.99854080700004],[-111.37016482199999,36.999170206000031],[-111.37064692499996,36.99526079900005],[-111.37527762299999,36.988550546000056],[-111.38410862699999,36.987340024000048],[-111.39354935599994,36.985437514000068],[-111.40322169799998,36.981071901000064],[-111.40975814499996,36.986858057000063],[-111.41479778099995,36.99941321600005],[-111.41623081999995,37.002982505000034],[-111.42460000899996,37.006693559000041],[-111.43074068599998,37.00706464700005],[-111.43721723899995,37.001920286000029],[-111.43823463699999,36.999533780000036],[-111.44024416599996,36.994819559000064],[-111.44760308799999,36.993806616000029],[-111.45708790799995,36.999184763000073],[-111.46350123799999,36.999060684000028],[-111.46495020799995,36.99521485300005],[-111.46462307299998,36.987644627000066],[-111.46460562699997,36.98724089600006],[-111.46161254299994,36.979632069000047],[-111.46577178199999,36.973589548000064],[-111.47723363899996,36.969820818000073],[-111.49583143699999,36.965429638000046],[-111.50190415799995,36.959850158000052],[-111.49963878499995,36.951412183000059],[-111.49101295299994,36.949322606000067],[-111.48331745799999,36.94309319100006],[-111.47849786199998,36.93756025700003],[-111.47979305799998,36.933006076000026],[-111.49170341699994,36.931360754000025],[-111.50177287099996,36.929604076000032],[-111.50843523199995,36.924671576000037],[-111.50706717299994,36.918297534000033],[-111.50282551699996,36.91122721000005],[-111.50439286499994,36.903717886000038],[-111.50842225899999,36.901337155000078],[-111.52277487299995,36.902631447000033],[-111.53259807799998,36.908198385000048],[-111.54187749199997,36.919674547000056],[-111.54951553499995,36.927731529000027],[-111.56696132799999,36.928591886000049],[-111.57946272299995,36.927584227000068],[-111.58546682199994,36.923831998000026],[-111.58963004899999,36.919970784000043],[-111.58889026399999,36.910227210000073],[-111.59044873399995,36.902716702000077],[-111.60675999299997,36.90044576300005],[-111.61388969099994,36.899817047000056],[-111.62113558799996,36.895524623000028],[-111.62485717499999,36.883335055000032],[-111.62409460799995,36.871406252000043],[-111.62727649999999,36.86512704300003],[-111.63781298099997,36.859279613000069],[-111.64179761399998,36.852522961000034],[-111.65049197399998,36.829789796000057],[-111.66222665799995,36.819030311000063],[-111.67623567299995,36.808315287000028],[-111.68333148399995,36.797108460000061],[-111.68346061999995,36.787242697000067],[-111.68423545199994,36.767803584000035],[-111.68893722499996,36.760214242000075],[-111.69826690199994,36.753069091000043],[-111.71008003099996,36.744844497000031],[-111.71637859199996,36.738366471000063],[-111.71837855599995,36.730182526000078],[-111.73270667299994,36.719655734000071],[-111.74276322799994,36.710336445000053],[-111.75144343199997,36.698170357000038],[-111.75942580799995,36.689749344000063],[-111.76224269499994,36.678409022000039],[-111.75795623899995,36.665639457000054],[-111.75831985999997,36.653429655000025],[-111.76680969199998,36.647367615000064],[-111.77332103999998,36.639152591000027],[-111.77690382499998,36.631351018000032],[-111.78956178599998,36.627129255000057],[-111.79972690399995,36.618395147000058],[-111.80266331199999,36.607644032000053],[-111.80697285399998,36.599738037000066],[-111.81515514799997,36.588850926000077],[-111.82918439599996,36.577133254000046],[-111.84131496499998,36.570546946000036],[-111.85172370699996,36.562987832000033],[-111.85740049999998,36.557924614000058],[-111.85499466799996,36.550362732000053],[-111.84136984499997,36.543179762000079],[-111.83505515899998,36.534957322000025],[-111.83407267599995,36.523545500000068],[-111.84086871699998,36.509812354000076],[-111.85243028799999,36.497224485000061],[-111.86566328699996,36.481964951000066],[-111.86871337699995,36.471802622000041],[-111.86927298499995,36.446795555000051],[-111.86553880499997,36.44003206900004],[-111.85467896699998,36.438539418000062],[-111.83712325799996,36.437390606000065],[-111.82562244899998,36.432946858000037],[-111.82794641199996,36.422889681000072],[-111.84318536099994,36.413426317000074],[-111.86005004099997,36.407984345000045],[-111.86544696599998,36.402514478000057],[-111.87051973999996,36.397372183000073],[-111.86798916699996,36.389221715000076],[-111.86168473299995,36.38100154600005],[-111.86117211199996,36.368307861000062],[-111.86653348699997,36.358423994000077],[-111.86687755999998,36.346216106000043],[-111.86447768099998,36.338655415000062],[-111.85659217499995,36.330053601000031],[-111.85085254199998,36.317498117000071],[-111.84965548499997,36.30855026100005],[-111.84366213699997,36.29481540300003],[-111.84388143899997,36.282018504000064],[-111.84388555399994,36.27168391400005],[-111.84089063899995,36.264816525000072],[-111.83348749699996,36.254930510000065],[-111.82748087399995,36.240449560000059],[-111.82304730999999,36.213120880000076],[-111.82245840099995,36.198313039000027],[-111.82816229199994,36.176225769000041],[-111.83208319899995,36.163205952000055],[-111.84345890699996,36.151734930000032],[-111.85953684699996,36.146397817000036],[-111.87982368599995,36.143190858000025],[-111.88717542599994,36.133931549000067],[-111.89230186199995,36.121343309000054],[-111.89866658299997,36.111008602000027],[-111.91584361599996,36.107327740000073],[-111.92673541299996,36.100595980000037],[-111.94564176399996,36.099701115000073]],[[-111.69890776999995,36.111659694000025],[-111.70511302499995,36.126579904000039],[-111.70841273799999,36.141911810000067],[-111.69890776999995,36.111659694000025]],[[-110.85694427499999,45.135937760000047],[-110.86785068199998,45.154203562000077],[-110.87069984799996,45.17956074500006],[-110.85621100899999,45.200789238000027],[-110.83414900699995,45.224704571000075],[-110.80577991299998,45.267793118000043],[-110.77184841699994,45.298129384000049],[-110.70788519199999,45.34059158000008],[-110.68549721999995,45.359076411000046],[-110.67577485899994,45.372486093000077],[-110.64940405699997,45.384910870000056],[-110.62859051999999,45.399223557000028],[-110.62921432899998,45.406381991000046],[-110.63348836899996,45.416014629000074],[-110.63184320999994,45.426685651000071],[-110.62163836199994,45.433635725000045],[-110.62196578999999,45.448417952000057],[-110.61726067399997,45.45473848000006],[-110.58783709199997,45.48086375400004],[-110.57506378999994,45.483402226000067],[-110.56309877599995,45.489461200000051],[-110.55761075799995,45.499119281000048],[-110.56370661999995,45.509990185000049],[-110.56387974199998,45.533097073000079],[-110.56586578399998,45.559610126000052],[-110.55900441799997,45.585680728000057],[-110.55012755199999,45.600777734000076],[-110.52590169799998,45.634227831000032],[-110.50756562899994,45.659779197000034],[-110.47513171099996,45.689079930000048],[-110.45577024499994,45.694669117000046],[-110.44073238499999,45.700271075000046],[-110.41334624799998,45.706352589000062],[-110.38816874399998,45.707065233000037],[-110.35197520199995,45.70087853800004],[-110.30674814599996,45.692678981000029],[-110.28160125399995,45.684943856000075],[-110.26577287899994,45.679480249000051],[-110.25585596899998,45.681181881000043],[-110.24673425099996,45.692120815000067],[-110.23540491999995,45.706611923000025],[-110.21708043699999,45.716760298000054],[-110.18489685899999,45.730238204000045],[-110.16149162699998,45.733116332000066],[-110.14128157899995,45.736842037000031],[-110.10793065299998,45.747117501000048],[-110.06930014699998,45.759764086000075],[-110.04813915999995,45.774702803000025],[-110.02929000999995,45.788482817000045],[-110.01105778999994,45.796797477000041],[-110.00158205799994,45.801116879000062],[-109.97789520599997,45.810601993000034],[-109.95170718799994,45.814641003000077],[-109.93116885499995,45.818965853000066],[-109.90122836799998,45.825503228000059],[-109.87040953899998,45.826116335000052],[-109.84405308799995,45.815724077000027],[-109.81237921199994,45.80259095200006],[-109.77625248099997,45.774900169000034],[-109.76299207299996,45.771207894000042],[-109.74131981899995,45.762401073000035],[-109.71912507299999,45.74523183000008],[-109.69395342299998,45.724168496000061],[-109.64992142799997,45.712014529000044],[-109.61941565799998,45.703825834000043],[-109.58459578799994,45.692479999000057],[-109.57297767799997,45.688296745000059],[-109.55157259299995,45.688448967000056],[-109.52739980499996,45.693696207000073],[-109.49223635399994,45.697687210000026],[-109.47160409899999,45.697444434000033],[-109.45783304899999,45.693176453000035],[-109.43707713999999,45.678219900000045],[-109.40772588899995,45.65904908300007],[-109.39163905399994,45.65591764900006],[-109.37125424299995,45.662844699000061],[-109.34436580299996,45.670442549000029],[-109.32785990999997,45.667346761000033],[-109.31291574699998,45.655376046000072],[-109.28757656099998,45.618343265000078],[-109.27478367499998,45.612454989000071],[-109.23903455199996,45.61343763900004],[-109.20412240099995,45.614324353000029],[-109.16343804899998,45.610085897000033],[-109.13315806599996,45.600267596000037],[-109.08659186499995,45.576785007000069],[-109.06586226899998,45.569584010000028],[-109.02982279399998,45.564834566000059],[-109.00254470599998,45.571501807000061],[-108.98429981099997,45.578451501000075],[-108.96563427299998,45.587542474000031],[-108.94714376599995,45.59751318800005],[-108.93044073799996,45.601596040000061],[-108.90624883399994,45.598321899000041],[-108.88044367199996,45.591302079000059],[-108.85820384999994,45.588124168000036],[-108.84515209499995,45.58912863200004],[-108.81119710599995,45.596719198000073],[-108.78171215199995,45.61166030000004],[-108.75132476899995,45.622180008000043],[-108.73076339999994,45.628418117000081],[-108.71173043699997,45.630048220000049],[-108.70805378799997,45.630362779000052],[-108.68700707299996,45.636340960000041],[-108.66236442199994,45.641468670000052],[-108.62835846999997,45.65651232700003],[-108.57746719399995,45.682496022000066],[-108.51850658699999,45.706838277000031],[-108.47212338099996,45.727832422000063],[-108.45258682199994,45.750415976000056],[-108.44697218599998,45.780649127000061],[-108.44171890499996,45.793151422000051],[-108.42403417799994,45.808948753000038],[-108.39800012099994,45.827043120000042],[-108.36948228699998,45.845667677000051],[-108.34159922899994,45.865422142000057],[-108.31898523099994,45.879270352000049],[-108.29636136399995,45.89311417600004],[-108.28662414499996,45.90483030300004],[-108.27822204099999,45.92121400700006],[-108.26590498899998,45.937367705000042],[-108.25200852499995,45.954267849000075],[-108.22857390799999,45.969668543000068],[-108.20381028599996,45.98159277700006],[-108.18034176899994,45.984699989000035],[-108.13105385199998,45.985428457000069],[-108.10723644699999,45.982262983000055],[-108.09738557599997,45.980594445000065],[-108.07303422899997,45.976466219000031],[-108.05412056699998,45.97642959500007],[-107.99111562199994,45.978380866000066],[-107.95367835699994,45.980341815000031],[-107.92223011899995,45.984436720000076],[-107.90927262499997,45.98862312600005],[-107.86458207799996,46.013685237000061],[-107.84790171899999,46.016408055000056],[-107.83103871099996,46.022738748000052],[-107.81066115399994,46.026392433000069],[-107.77065924999994,46.04350202300003],[-107.74447393599996,46.057551010000054],[-107.66698089199997,46.094173853000029],[-107.62817347499998,46.112319580000076],[-107.62223946799998,46.117409603000056],[-107.61219950599997,46.126018974000033],[-107.57866900799996,46.135593958000072],[-107.55188227199994,46.138575264000053],[-107.53603897899995,46.136690189000035],[-107.50536407899995,46.133722692000049],[-107.47306465599996,46.135978411000053],[-107.45391254199996,46.144249556000034],[-107.43370365699997,46.156200496000054],[-107.42670827899997,46.181647023000039],[-107.41535040399998,46.202088987000081],[-107.40094692999998,46.212923577000026],[-107.36675151199995,46.219203236000055],[-107.33377206599994,46.231050305000053],[-107.31817904999997,46.235396870000045],[-107.29897626799999,46.250820936000025],[-107.28024009599994,46.271284159000061],[-107.26170487599995,46.290529174000028],[-107.23705854099995,46.302223194000078],[-107.20879975199995,46.308242161000067],[-107.17794722099995,46.307002423000029],[-107.12975184499999,46.297968426000068],[-107.09163401699999,46.279989295000064],[-107.06143030499999,46.279864036000049],[-107.02198421099996,46.281111103000057],[-107.02231882299998,46.268369711000048],[-107.03397268299994,46.268027179000057],[-107.08658149299998,46.26715198900007],[-107.11120535299995,46.274742569000068],[-107.15001694899996,46.292238584000074],[-107.18287870499995,46.299471092000033],[-107.21741551099996,46.298658441000043],[-107.24188795199996,46.293681074000062],[-107.25654738999998,46.285957868000025],[-107.26866104899995,46.266969599000049],[-107.28579796599996,46.244313847000058],[-107.30941451099994,46.22611574900003],[-107.33925821199995,46.216701503000081],[-107.36528019999997,46.211920475000056],[-107.38722668099996,46.207490370000073],[-107.40356748599999,46.200675606000061],[-107.41086440299995,46.18962569200005],[-107.41824982999998,46.159180519000074],[-107.43442789699998,46.143039019000071],[-107.45830018599997,46.132320328000048],[-107.48275367399998,46.127649330000054],[-107.51254904899997,46.12537315600008],[-107.54179114499999,46.128525770000067],[-107.56708239499994,46.128432476000057],[-107.59823528199996,46.118114595000065],[-107.60933353599995,46.113891303000059],[-107.62395686899998,46.103604904000065],[-107.73761784799996,46.051351971000031],[-107.76850905999999,46.03166738300007],[-107.79208404599996,46.019824907000043],[-107.80962343999994,46.015713746000074],[-107.83398157199997,46.008103041000027],[-107.85602385399994,46.004652061000058],[-107.88221367499995,45.990394526000046],[-107.90295131299996,45.977349907000075],[-107.92913787799995,45.971347583000068],[-107.97594897799996,45.96810774100004],[-108.02552310499999,45.968548643000076],[-108.08269582999998,45.968262284000048],[-108.12795385299995,45.973021829000061],[-108.15936674399995,45.975470729000051],[-108.19033157299998,45.972920342000066],[-108.21577706999994,45.96584858600005],[-108.23461846799995,45.954000997000037],[-108.25108883599995,45.936619811000071],[-108.26529189199999,45.92484483100003],[-108.27158716699995,45.901588568000079],[-108.28078986799994,45.890643844000067],[-108.30085926999999,45.879534963000026],[-108.30589454999995,45.876746677000028],[-108.32551933599996,45.861207283000056],[-108.33590381799996,45.857698416000062],[-108.34495453099998,45.853956218000064],[-108.35544624399995,45.841800629000033],[-108.37284758899995,45.830780882000056],[-108.40792901999998,45.807625517000076],[-108.42205541799996,45.798350653000057],[-108.43174042699997,45.784823184000061],[-108.43407771999995,45.770562841000071],[-108.43798197299998,45.74859291000007],[-108.45925623099998,45.723504422000076],[-108.49117466199999,45.708177179000074],[-108.58181716899998,45.66659633900008],[-108.60272723499997,45.655550004000077],[-108.61849146499998,45.652205546000062],[-108.65106057399998,45.635324953000065],[-108.66509518799995,45.631063577000077],[-108.68472720399996,45.629129900000066],[-108.70509637299995,45.620637570000042],[-108.71422628699997,45.620095813000034],[-108.72796293599998,45.616936695000049],[-108.75118788699996,45.612475585000027],[-108.76507361199998,45.604974940000034],[-108.79383323699994,45.594912711000063],[-108.83214145799997,45.58136840700007],[-108.83745349399999,45.580371540000044],[-108.85265221399999,45.577517930000056],[-108.86292363099994,45.577571307000028],[-108.89675508999994,45.587512120000042],[-108.91960253299999,45.593865224000069],[-108.93468938899997,45.592348251000033],[-108.94991546299997,45.586491574000036],[-108.96506374299997,45.577757897000026],[-108.97711960799995,45.568973836000055],[-108.99434663299996,45.562908554000046],[-109.01896835399998,45.557893328000034],[-109.05077857699996,45.557909318000043],[-109.07441029899996,45.560552187000042],[-109.09389367399996,45.567938841000057],[-109.13055752099996,45.587625218000028],[-109.14517476699996,45.596223054000063],[-109.17660820799995,45.604178298000079],[-109.19637509399996,45.605394729000068],[-109.22560844299994,45.602750934000028],[-109.26959444299996,45.604345988000034],[-109.29340049299998,45.607654288000049],[-109.30480519199995,45.615487060000078],[-109.33247056299996,45.656602424000027],[-109.34314472699998,45.660903174000055],[-109.35572183999994,45.659598226000071],[-109.36561547399998,45.655326262000074],[-109.37658833999996,45.651301658000079],[-109.38893893399995,45.648935170000073],[-109.40475457699995,45.648369540000033],[-109.42552755499997,45.660264144000053],[-109.43994453299996,45.672459389000039],[-109.46510664999994,45.686774395000043],[-109.48153261399995,45.689020886000037],[-109.51182309199999,45.688728980000064],[-109.55270271599994,45.682627600000046],[-109.57828366399997,45.679570240000032],[-109.59861231099995,45.683193383000059],[-109.61938046999995,45.693618973000071],[-109.64966961799996,45.705196250000029],[-109.68181293899994,45.708636049000063],[-109.69866614299997,45.71513879500003],[-109.72015022199997,45.728720080000073],[-109.75176164599998,45.755643808000059],[-109.77193575099994,45.763491035000072],[-109.78377895699998,45.768956943000035],[-109.80710204399998,45.787619043000063],[-109.82501760999997,45.800365714000066],[-109.84831621299998,45.809406529000057],[-109.87244833299997,45.815949523000029],[-109.90054343099996,45.819134769000073],[-109.92301952299999,45.811900442000081],[-109.94355612799995,45.807576809000068],[-109.96974175499997,45.80353937600006],[-109.99342718999998,45.794055592000063],[-110.01153303199999,45.787144971000032],[-110.02413589499997,45.78139698800004],[-110.04298406199996,45.767617496000071],[-110.06414390199996,45.752679374000081],[-110.10277113199999,45.74003411700005],[-110.13611917899999,45.729759811000065],[-110.15576444399994,45.726397529000053],[-110.17910154099997,45.72322686800004],[-110.20781967999994,45.713441579000062],[-110.22859217699994,45.697007174000078],[-110.23626245499997,45.679612193000025],[-110.24904286199995,45.671577647000049],[-110.25895845899998,45.669876499000054],[-110.27478386299998,45.675341058000072],[-110.29992613599995,45.68307767500005],[-110.34514549699998,45.691279794000081],[-110.34724506799995,45.691639172000066],[-110.38133292099997,45.697468532000073],[-110.40650670599996,45.696757200000036],[-110.43615958399994,45.694033430000047],[-110.45119637299996,45.688431922000063],[-110.47055634599997,45.682843339000044],[-110.50298919299996,45.653543333000073],[-110.51023428399998,45.635125912000035],[-110.53106495699996,45.624943787000063],[-110.54021233499998,45.596813415000042],[-110.54768941399999,45.583080185000028],[-110.55455512099996,45.557010030000072],[-110.55257385599998,45.530496649000042],[-110.55240482999994,45.507389612000054],[-110.54631113699998,45.496518112000047],[-110.55180063999995,45.486860454000066],[-110.56376623799997,45.480802493000056],[-110.57623014499995,45.474686363000046],[-110.58863289199996,45.469057525000039],[-110.59636883899998,45.454321359000062],[-110.60596647099999,45.45214227200006],[-110.61067251199995,45.44582211900007],[-110.61034770699996,45.431039779000059],[-110.62055336699996,45.424090558000046],[-110.61358633799995,45.410186870000075],[-110.61142366099995,45.400794587000064],[-110.62858033399999,45.386180692000039],[-110.64218990699999,45.379199956000036],[-110.66855975699997,45.366776500000071],[-110.67828276199998,45.353367195000033],[-110.70067081999997,45.334883387000048],[-110.75914388299998,45.300598784000044],[-110.79308269099994,45.270266028000037],[-110.82146139899999,45.227180510000039],[-110.84352897399998,45.203267480000079],[-110.85802256099998,45.182040529000062],[-110.86043055499999,45.157276241000034],[-110.85694427499999,45.135937760000047]],[[-110.05651160399998,45.58370857400007],[-110.10041172699999,45.584610199000053],[-110.09944662199996,45.593741298000054],[-110.09371102499995,45.604172924000068],[-110.07544483499998,45.620314113000063],[-110.05869075299995,45.632050744000026],[-110.05651160399998,45.58370857400007]]],[[[-117.60573023199998,48.992325578000077],[-118.25353577399994,48.997368239000082],[-118.55397286499999,48.99867527300006],[-119.39829602099996,48.998849172000064],[-120.12051004699998,48.997293445000025],[-120.31474803699996,48.996230533000073],[-120.58412172599998,48.994304224000075],[-120.63687392999998,48.882395596000038],[-120.65154937099999,48.811500828000078],[-120.64569605899999,48.798833064000064],[-120.63152337899999,48.768135038000025],[-120.57870576899995,48.714318322000054],[-120.55216684599998,48.672138109000059],[-120.54488694399998,48.633478865000029],[-120.56788380799998,48.616314874000068],[-120.57459716099999,48.611554326000032],[-120.59251485299995,48.598842937000029],[-120.68079735699996,48.576679281000054],[-120.73526554699998,48.550118528000041],[-120.83490808099998,48.466823548000036],[-120.95178056699996,48.349498716000028],[-120.98410556299996,48.292705132000037],[-121.01260423499997,48.242530836000071],[-121.02508464999994,48.217761944000074],[-121.03165869899999,48.208262004000062],[-121.00045116999996,48.207590768000046],[-120.98050379299997,48.217683624000074],[-120.96232292699995,48.234473019000063],[-120.92910431399997,48.273071274000074],[-120.91370575299999,48.291966503000026],[-120.90271231199995,48.305447344000072],[-120.85748381899998,48.33571134400006],[-120.82003023399994,48.34692850700003],[-120.78494936899995,48.356284710000068],[-120.70912130099998,48.351427687000069],[-120.47596200199996,48.287107762000062],[-120.37617029199998,48.261926534000054],[-120.31050903799996,48.240267495000069],[-120.21538281999995,48.179746684000065],[-120.14022337299997,48.123968430000048],[-120.05477260499998,48.055296222000038],[-119.97883683399999,47.978548648000071],[-119.92766440299999,47.942206503000079],[-119.92262911299997,47.929185202000042],[-119.19479590099996,47.928997360000039],[-119.20013179299997,47.002177020000033],[-117.79613599999999,46.997085422000055],[-117.81085228199998,46.979370520000032],[-117.82522653699999,46.967640862000053],[-117.84302946199995,46.965502382000068],[-117.85627124999996,46.947177406000037],[-117.87558429799998,46.935456330000079],[-117.89055000799999,46.918529061000072],[-117.92619530499996,46.900655062000055],[-117.95019563099999,46.877951626000026],[-117.97061914199998,46.869412079000028],[-117.98611824499994,46.854069760000073],[-118.00698041799996,46.840989960000059],[-117.99378259199995,46.841395054000031],[-117.98079146199996,46.842374186000029],[-117.96738642599996,46.842201293000073],[-117.95398146499997,46.842027045000066],[-117.94098957999995,46.843002269000067],[-117.92758452099997,46.842825349000066],[-117.91312094999995,46.844656482000062],[-117.90532443699999,46.852684382000064],[-117.89356618599999,46.857107626000072],[-117.87993725999996,46.858793674000026],[-117.86695621999996,46.857318349000082],[-117.85354829899995,46.857133943000065],[-117.84199118699996,46.862128077000079],[-117.83002110399997,46.865970035000032],[-117.81661143299999,46.865781894000065],[-117.80361246399997,46.866743581000037],[-117.79184434899997,46.871157628000049],[-117.78048482699995,46.876721801000031],[-117.76830311699996,46.879982425000037],[-117.75468571399995,46.87921239800005],[-117.74106864699996,46.878440970000042],[-117.72806587799994,46.879395212000077],[-117.71381402699996,46.879337004000035],[-117.70081065299996,46.880288570000062],[-117.68780688099997,46.881238858000074],[-117.67459854199996,46.881612100000041],[-117.66161764499998,46.88011675100006],[-117.64800154199997,46.879335764000075],[-117.63502175699995,46.877837800000066],[-117.62204259799995,46.876338559000033],[-117.60883490699996,46.876705253000068],[-117.59628957699999,46.873912148000045],[-117.58290557999999,46.871257250000042],[-117.56926523899995,46.872911265000027],[-117.55603027999996,46.875715787000047],[-117.54435556199996,46.870335406000038],[-117.53563644999997,46.863245461000076],[-117.52289441299996,46.859869292000042],[-117.51015375599997,46.856491866000056],[-117.50080324799995,46.850114395000048],[-117.49356876799999,46.842167381000081],[-117.48949183699995,46.833088364000048],[-117.48625546299996,46.823870183000054],[-117.47986515599996,46.81578303200007],[-117.47263732399995,46.807834141000058],[-117.45991001499999,46.80445141000007],[-117.44651479599997,46.804225777000056],[-117.43291798699994,46.803422529000045],[-117.41952308799995,46.803194162000068],[-117.40612828599996,46.80296443900005],[-117.39317024599995,46.801442480000048],[-117.38575390199998,46.792912207000029],[-117.37790273599995,46.785672215000034],[-117.37320838099998,46.77730278100006],[-117.36452171699995,46.770199813000033],[-117.35372213399995,46.764663044000031],[-117.34077332099997,46.763135798000064],[-117.32933881799994,46.758311323000044],[-117.32002149699997,46.751919419000046],[-117.30795226599997,46.747807261000048],[-117.29716157099995,46.74226554300003],[-117.29835133799997,46.732928776000051],[-117.29702542299998,46.724004763000039],[-117.29298476699995,46.714916849000076],[-117.28579238399999,46.706955632000074],[-117.28111627499999,46.698581183000044],[-117.27791760199995,46.689354625000078],[-117.27471987099995,46.680127767000045],[-117.26605789699994,46.673016503000042],[-117.25823564399997,46.665767107000079],[-117.25504202299999,46.656539200000054],[-117.25101182099996,46.647448385000075],[-117.24383253399998,46.639483468000037],[-117.23517969099998,46.632369418000053],[-117.22270013299999,46.629539126000054],[-117.21022170199996,46.626707632000034],[-117.18572652899996,46.621991809000065],[-117.10568464599999,46.571039001000031],[-117.07844858399994,46.573041071000034],[-117.05765460999999,46.578376150000054],[-117.04239165099995,46.582320820000064],[-117.02507887099995,46.588545886000077],[-117.00780283199998,46.601097682000045],[-116.99714203899998,46.612329740000064],[-116.98704806399996,46.628341097000032],[-116.98036129699994,46.640875039000036],[-116.96558860799996,46.684679362000054],[-116.94908936499996,46.738007333000041],[-116.93370194199997,46.785297855000067],[-116.92939721599998,46.79086135600005],[-116.91505434499999,46.800779394000074],[-116.88474673499996,46.808086593000041],[-116.86380448599999,46.81297033900006],[-116.84019628599998,46.815234532000034],[-116.80761929699997,46.815886823000028],[-116.78964023099996,46.81906629100007],[-116.77369293299995,46.820397354000079],[-116.75654252299995,46.819484605000071],[-116.74012764599996,46.814193468000042],[-116.71626313199999,46.817002899000045],[-116.64227221199997,46.819640134000053],[-116.54552783499997,46.823093035000056],[-116.46273024699997,46.821849603000032],[-116.48155185399997,46.826488883000081],[-116.49500225199995,46.832275758000037],[-116.50980794099996,46.842104236000068],[-116.52362832299997,46.858501515000057],[-116.53429746099999,46.870500093000032],[-116.55667749899999,46.902843161000078],[-116.56480236299996,46.912505310000029],[-116.56896630499995,46.93677548200003],[-116.57233305599999,46.944147846000078],[-116.57819474999997,46.956294048000075],[-116.57744250499996,46.968571331000078],[-116.56975034499999,46.977382980000073],[-116.55339234599995,46.988166357000068],[-116.53148586799995,46.99434893800003],[-116.50791521599996,47.003523421000068],[-116.48625427699994,47.011785150000037],[-116.47742620999998,47.011954213000081],[-116.42138129799997,47.010399100000029],[-116.36150246399995,47.010633511000037],[-116.33903013999998,47.013830554000037],[-116.31334080899995,47.020712633000073],[-116.29456595099998,47.029703906000066],[-116.27841300199998,47.045269154000039],[-116.27172733099997,47.050557266000055],[-116.25387259399997,47.066380668000079],[-116.24325908099996,47.075917899000046],[-116.22548549299995,47.092025160000048],[-116.21247655099995,47.103749462000053],[-116.19813853199997,47.114158664000058],[-116.18083375399999,47.125022529000034],[-116.16557188399997,47.131319260000055],[-116.14439325799998,47.141255092000051],[-116.11792581099996,47.148660354000071],[-116.06774642899995,47.158458472000063],[-116.05010569299998,47.162978772000031],[-116.02610170999998,47.165738174000069],[-115.99574115699994,47.169462603000056],[-115.95582093899998,47.175241464000067],[-115.92724104999996,47.178981150000027],[-115.89988265799997,47.183741878000035],[-115.86620875899996,47.188239969000051],[-115.83403611899996,47.194624264000026],[-115.81180032699996,47.197377407000033],[-115.77896080299996,47.201725236000073],[-115.73937414199997,47.208594809000033],[-115.71778375799994,47.213355473000036],[-115.67831014499995,47.22473362900007],[-115.64761047299999,47.230239741000048],[-115.63099528699996,47.236663730000032],[-115.60292575599999,47.242067794000036],[-115.56869416499995,47.260856187000059],[-115.58094833499996,47.266522702000032],[-115.59977956199998,47.280778910000038],[-115.63443346599996,47.301203143000066],[-115.69377682099997,47.32645887700005],[-115.75124139799999,47.355854197000042],[-115.78712823199999,47.393322685000044],[-115.79894124399999,47.42955506100003],[-115.81065842299995,47.456710542000053],[-115.81106711099994,47.47560388900007],[-115.80554987199997,47.497535097000025],[-115.80254452999998,47.505014754000058],[-115.77870225199996,47.503461620000053],[-115.76198705499996,47.502370179000081],[-115.72486333399996,47.490478160000066],[-115.70810082499997,47.471903146000045],[-115.71052634299997,47.456275436000055],[-115.73269663599996,47.442054924000047],[-115.76608266199997,47.432690814000068],[-115.70614368599996,47.439483694000046],[-115.64594310799998,47.452101323000079],[-115.62285198899997,47.463533458000029],[-115.61646558299998,47.470297269000071],[-115.56862003799995,47.478128354000035],[-115.52152506999994,47.491641665000031],[-115.47868473299997,47.511771520000082],[-115.45211244099994,47.509150477000048],[-115.44232023399996,47.51204507500006],[-115.41961332399995,47.524827326000036],[-115.37457393199998,47.541575667000075],[-115.31478605399997,47.56847616400006],[-115.23712832899997,47.608221380000032],[-115.16031262499996,47.660780254000031],[-115.12963620399995,47.687580211000068],[-115.12758320199998,47.794255656000075],[-115.13681204199997,47.821934020000072],[-115.19304799699995,47.870330856000066],[-115.27057191999995,47.934363830000052],[-115.34999021999994,48.013496898000028],[-115.45294302199994,48.085240628000065],[-115.56150351299999,48.122868143000062],[-115.63370350699995,48.137966124000059],[-115.76221949699999,48.158620496000026],[-115.86471169899994,48.178800933000048],[-116.01461915899995,48.236279595000042],[-116.04987084499999,48.25700983400003],[-116.07112495199999,48.269580414000075],[-116.14178828899998,48.30872240900004],[-116.15810949699994,48.331520046000037],[-116.16911809599998,48.345287036000059],[-116.18783385799998,48.363034169000059],[-116.20499839799999,48.376174602000049],[-116.22011821199999,48.38327111600006],[-116.23051520099995,48.38714716000004],[-116.25378962299999,48.391498743000056],[-116.27553936199996,48.390028421000068],[-116.29289226299994,48.384985183000026],[-116.34798917499995,48.361512602000062],[-116.37296716199995,48.345617228000037],[-116.40430295099998,48.328443771000082],[-116.42204649499996,48.327253283000061],[-116.43905101699994,48.329199392000078],[-116.47265015399995,48.339806503000034],[-116.54196702299998,48.367031565000048],[-116.58223824899994,48.386279702000081],[-116.59874831299999,48.397213945000033],[-116.62175846599996,48.424249006000082],[-116.63734874599999,48.456053618000055],[-116.64341314699999,48.486596097000074],[-116.64534247799998,48.517014837000033],[-116.64259366599998,48.539223052000068],[-116.63890640199998,48.552194092000036],[-116.62822681399996,48.56472369200003],[-116.62077452999995,48.589159866000045],[-116.61671371799997,48.607628958000078],[-116.61971567099999,48.631972335000057],[-116.62661839799995,48.647853567000027],[-116.63934233999998,48.662087002000078],[-116.66978236099999,48.69432275500003],[-116.67487178299996,48.699955615000079],[-116.68394625799999,48.709995696000078],[-116.69099659099999,48.717080503000034],[-116.69929265699994,48.730324968000048],[-116.70668676799994,48.740985468000076],[-116.71097631999999,48.750609713000074],[-116.71078895499994,48.768329053000059],[-116.71331986499996,48.783362827000076],[-116.71598408099999,48.797468446000039],[-116.72212477999994,48.811040727000034],[-116.73328031299997,48.823239054000055],[-116.74762285599996,48.837971363000065],[-116.76343817899999,48.850360064000029],[-116.77921892899997,48.860031571000036],[-116.79945343699995,48.869319688000076],[-116.82246128399998,48.885133273000065],[-116.83489788499998,48.899547375000054],[-116.84235221799997,48.914122612000028],[-116.84899725399998,48.926403115000028],[-116.85236686799999,48.939791901000035],[-116.85173458999998,48.957423592000055],[-116.84285707299995,48.975112478000028],[-116.82916740699994,48.988938075000078],[-116.81848484799997,48.999720864000039],[-116.81390439999996,49.004342721000057],[-117.37358506099997,48.990333404000069],[-117.60573023199998,48.992325578000077]]],[[[-123.53121050599998,47.353064877000065],[-123.52968380799996,47.358075984000038],[-123.53046974699998,47.363116566000031],[-123.52985926999997,47.368453635000037],[-123.52994702299998,47.373642345000064],[-123.52981649899999,47.378356599000028],[-123.52850736099998,47.383841698000026],[-123.52767819599995,47.388704073000042],[-123.52824602699997,47.393269863000057],[-123.52872683599998,47.40097821300003],[-123.52719874999997,47.405988599000068],[-123.52776670499998,47.410554163000029],[-123.53043115299999,47.414674895000076],[-123.53239711699996,47.418943798000043],[-123.53248515599995,47.424131749000026],[-123.53165576099997,47.428993582000032],[-123.53152524999996,47.433707084000048],[-123.53209378099996,47.438272262000055],[-123.53126416399999,47.443133893000038],[-123.53183276399994,47.447698948000038],[-123.53240144599999,47.45226394000008],[-123.53388808099999,47.457154873000036],[-123.53445700299994,47.461719731000073],[-123.53200987199995,47.466403297000056],[-123.53677526599995,47.47007848100003],[-123.53769335199996,47.470404447000078],[-123.57907237499995,47.448606934000054],[-123.65934766699996,47.40808480700008],[-123.71364595899996,47.38450842900005],[-123.78868335399994,47.352803871000049],[-123.83540033099996,47.332865940000033],[-123.90422991899999,47.304486632000078],[-123.96593743699998,47.282291630000032],[-124.02412135899999,47.260821293000049],[-124.13074607199997,47.226684353000053],[-124.17089479699996,47.214274543000045],[-124.19906039699998,47.211304475000077],[-124.19965159599997,47.211175293000053],[-124.20642790699998,47.211027237000053],[-124.20660076899998,47.206546568000078],[-124.20677360799999,47.202065843000071],[-124.20655609999994,47.197448243000053],[-124.20476631399998,47.192952195000032],[-124.20395801699999,47.188463685000045],[-124.20187321299994,47.184032089000027],[-124.19840619699994,47.180124830000068],[-124.19868551699994,47.175176295000028],[-124.19423824099999,47.171261169000047],[-124.18988622299997,47.167547309000042],[-124.19104098499997,47.16307383000003],[-124.19219558099996,47.158600285000034],[-124.19138864199999,47.154111266000029],[-124.18901057399995,47.149743627000078],[-124.18445971699998,47.146295413000075],[-124.18463398599999,47.141813958000057],[-124.18334329899994,47.136986297000078],[-124.18096645399999,47.132618304000061],[-124.17986544299998,47.128193454000041],[-124.17630835299997,47.124083520000056],[-124.17746328499999,47.119609615000059],[-124.18086193499994,47.11575571700007],[-124.18103637799999,47.11127388400007],[-124.17856611899998,47.106704038000032],[-124.17698153099997,47.101940407000029],[-124.17667205099997,47.097119959000054],[-124.17518238399998,47.092557687000067],[-124.17300833899998,47.087922939000066],[-124.17249872599996,47.08336836400008],[-124.17032520399999,47.078733456000066],[-124.16981586299994,47.074178754000059],[-124.17097033499999,47.069704284000068],[-124.17046102099999,47.065149471000041],[-124.17063607499995,47.060667021000029],[-124.17130641999995,47.055853870000078],[-124.17266084999994,47.051113065000038],[-124.17342538999998,47.046501313000078],[-124.17262126499998,47.042010781000045],[-124.17309089699995,47.037463476000028],[-124.17228691199995,47.032972829000073],[-124.17168338099998,47.02821601200003],[-124.17215297699994,47.023668539000028],[-124.17193866699995,47.019048586000054],[-124.17104060699995,47.014356149000037],[-124.17112108199996,47.009671511000079],[-124.17110716199994,47.004785254000069],[-124.17226025199994,47.00030991400007],[-124.17145680799996,46.995818803000077],[-124.16967536799996,46.991319759000078],[-124.16907244099997,46.98656238600006],[-124.16915302899997,46.981877391000069],[-124.17060035199995,46.977337219000049],[-124.17038631899999,46.972716676000061],[-124.17115006399996,46.968103940000049],[-124.16936943899998,46.963604553000039],[-124.16650562899997,46.959564932000035],[-124.16433687899996,46.954928343000063],[-124.16275724899998,46.950162548000037],[-124.16097774299999,46.945662827000035],[-124.15831541799997,46.941356674000076],[-124.15457031599999,46.937510195000073],[-124.14864769199994,46.93525242000004],[-124.14191307399994,46.93472827800008],[-124.13553148699998,46.936349034000045],[-124.12963223899999,46.93830824500003],[-124.12459182199996,46.941412485000058],[-124.12081066299999,46.945129636000047],[-124.12385913399999,46.949573651000037],[-124.12938298399996,46.946808270000076],[-124.13384669099997,46.943163526000035],[-124.14032320699999,46.941744499000038],[-124.14696435999997,46.942067098000052],[-124.15259319199998,46.944389443000034],[-124.15545539899995,46.948429531000045],[-124.15664575199997,46.953058379000026],[-124.15822498799997,46.957824210000069],[-124.15239454699997,46.955768324000076],[-124.14973238399995,46.951462118000052],[-124.14450341399998,46.948607444000061],[-124.13763766299996,46.949889536000057],[-124.13746054499995,46.954373308000072],[-124.14120560399999,46.958220093000079],[-124.14524559699998,46.962002215000041],[-124.14741317099998,46.966639026000053],[-124.14830876199994,46.971332238000059],[-124.14822661599999,46.976017355000067],[-124.14746107399998,46.980629857000054],[-124.14698999699999,46.985177782000051],[-124.14779153699999,46.989669172000049],[-124.14702579299995,46.994281499000067],[-124.14694352199996,46.998966320000079],[-124.14822851599996,47.003796182000031],[-124.15010308299998,47.008496931000082],[-124.15197793399994,47.013197593000029],[-124.15513799299998,47.017172404000064],[-124.15691912299997,47.021671322000032],[-124.15488023499995,47.026339846000042],[-124.15002264599997,47.029847418000031],[-124.14468101299997,47.033016155000041],[-124.13877287699995,47.034975253000027],[-124.13228660699997,47.036393842000052],[-124.12561146699994,47.037408959000061],[-124.11904243799995,47.037956137000037],[-124.11256753699996,47.038704572000029],[-124.10602266099994,47.037912744000039],[-124.09927727699994,47.037386587000071],[-124.09223712599999,47.036924472000067],[-124.08569269699996,47.036131640000065],[-124.07902931799998,47.036475238000037],[-124.07311878299998,47.038431398000057],[-124.06607870799996,47.03796789900008],[-124.06055139799997,47.035174925000035],[-124.05522543399996,47.03211576700005],[-124.04889567099997,47.030385992000049],[-124.04366469599995,47.027527965000047],[-124.038233306,47.024935621000054],[-124.03199870799995,47.023406651000073],[-124.02805555899999,47.01982337700008],[-124.02569411599995,47.015451197000061],[-124.02539680199999,47.010629250000079],[-124.02519344499996,47.00600890100003],[-124.01835831999995,47.005276927000068],[-124.01130919499997,47.005479717000071],[-124.00475582499996,47.005352062000043],[-124.00893623599995,47.001776305000078],[-124.01484530399995,46.99982280200004],[-124.01941340499997,46.996384116000058],[-124.02349848199998,46.992606138000042],[-124.02320144599997,46.987783882000031],[-124.01995745499994,46.983603936000065],[-124.01403533399997,46.981340440000054],[-124.00751100499997,46.979874358000075],[-124.00096034199998,46.979746508000062],[-123.99391405299997,46.979948390000061],[-123.98705521999995,46.980553305000058],[-123.98020979699999,46.980488592000029],[-123.97325706399999,46.980891086000042],[-123.96649161099998,46.98169665100005],[-123.95981964799995,46.982703593000053],[-123.95297401799996,46.982637477000026],[-123.94654461299996,46.981370133000041],[-123.93932475599996,46.980496383000059],[-123.93260107799995,46.979292412000063],[-123.92589178999998,46.97741882400004],[-123.91849984699996,46.975471153000058],[-123.91187061299996,46.974467873000037],[-123.90514811899999,46.97326249300005],[-123.89813111199999,46.972120735000033],[-123.89147356899997,46.972454989000028],[-123.88442775799996,46.972651064000047],[-123.87769134499996,46.972113567000065],[-123.87166743299997,46.970311146000029],[-123.86511806299995,46.970176590000051],[-123.85847540299994,46.969839911000065],[-123.85153800699999,46.969566762000056],[-123.84501875199999,46.968092651000063],[-123.83890292799998,46.966086912000037],[-123.83226084599994,46.965748917000042],[-123.82577484299998,46.967152807000048],[-123.81930381799998,46.967887096000027],[-123.82116433699997,46.963488632000065],[-123.82254343199997,46.958750225000074],[-123.82760029399998,46.955657623000036],[-123.834286599,46.953987946000041],[-123.84058457399999,46.952179944000079],[-123.84621446199998,46.949628207000046],[-123.85260491399998,46.948021434000054],[-123.85947629799995,46.946754089000081],[-123.86701531599999,46.946229716000062],[-123.87377819899996,46.945429141000034],[-123.87931277099995,46.942674150000073],[-123.88455221799995,46.939982848000056],[-123.891206324,46.939648911000063],[-123.89824837999998,46.939452459000051],[-123.90329990999999,46.936356811000053],[-123.90864551899995,46.933196949000035],[-123.91512611299999,46.931788879000067],[-123.92218135999997,46.930921795000074],[-123.92884838199996,46.929916604000027],[-123.93550117299998,46.929580436000037],[-123.94192500399998,46.930848493000042],[-123.94840460099999,46.929438789000073],[-123.95326570599997,46.925937632000057],[-123.95860788299996,46.922775666000064],[-123.96423027099996,46.920218722000072],[-123.97118991499997,46.919147249000048],[-123.97782776999998,46.919478335000065],[-123.98533552999999,46.920285969000076],[-123.99095659499994,46.917727875000026],[-123.99280348599996,46.913326409000035],[-123.99171973199998,46.908897338000031],[-123.99511837299997,46.905045956000038],[-124.00053750999996,46.90764091300008],[-124.005355098,46.91103346500006],[-124.01037386899998,46.91415986100003],[-124.01719889899999,46.91489242800003],[-124.02098440399999,46.91117792600005],[-124.02282897799995,46.906775965000065],[-124.01889374099994,46.903191274000051],[-124.02489994399997,46.900769101000037],[-124.03191122899995,46.90190437900003],[-124.03854756799996,46.902232440000034],[-124.04502199699999,46.900817908000079],[-124.05026352799996,46.897450328000048],[-124.05549177499995,46.894751949000067],[-124.05888569899997,46.890898786000037],[-124.06004474499997,46.886423032000039],[-124.05954504399995,46.881865510000068],[-124.06099803099994,46.877325299000063],[-124.06516662299998,46.873746523000079],[-124.06962885099995,46.870103218000054],[-124.07176286499998,46.865635721000046],[-124.06773357799995,46.861850372000049],[-124.06108873599999,46.862193233000028],[-124.05469975799997,46.864479913000025],[-124.04889855299996,46.866637634000028],[-124.04319071099997,46.868996813000081],[-124.03729493799995,46.870952275000036],[-124.04166483899996,46.867108153000061],[-124.04756011099994,46.865152476000048],[-124.04930767299999,46.860547871000051],[-124.04360935399995,46.857349382000052],[-124.03938197299999,46.853829130000065],[-124.03466066399994,46.850639032000061],[-124.02855027099997,46.848641397000051],[-124.02284104699999,46.846111435000068],[-124.01911002899999,46.842260143000033],[-124.02424133799997,46.839360835000036],[-124.03079027099994,46.838818050000043],[-124.03725829099994,46.837403653000081],[-124.03961379999998,46.841777748000027],[-124.04583041799998,46.843307118000041],[-124.05234135599994,46.844771860000037],[-124.05934684399995,46.845905858000037],[-124.06590875199998,46.844691819000047],[-124.07209512699995,46.842670571000042],[-124.07901934799997,46.842932284000028],[-124.08463669699995,46.845258135000051],[-124.08611382199996,46.849824510000076],[-124.08311171099996,46.853816108000046],[-124.08039081899994,46.858412712000074],[-124.08216201199997,46.862914578000073],[-124.08918242899995,46.863377447000062],[-124.09573331699994,46.862831486000061],[-124.09838796299999,46.867139811000072],[-124.10320774299998,46.870529177000037],[-124.10635745399998,46.874506697000072],[-124.10431959399995,46.879176320000056],[-124.10355198899998,46.883789786000079],[-124.10054935899996,46.887781412000038],[-124.10036974599996,46.892265893000058],[-124.10460317999997,46.895783833000053],[-124.11123924699996,46.896108261000052],[-124.10862475399995,46.900237146000052],[-124.10186982099998,46.901049786000044],[-124.10110176699999,46.905662964000044],[-124.10832735599996,46.905858673000068],[-124.11478849399998,46.905110172000036],[-124.12090718699994,46.907103523000046],[-124.12673203399999,46.909161065000035],[-124.13234627999998,46.906596903000036],[-124.13281783299999,46.902048056000069],[-124.13133604599994,46.897482847000049],[-124.13093702899999,46.892457934000049],[-124.13013795699999,46.887965251000026],[-124.12904488299995,46.883537002000025],[-124.12658746999995,46.87896333100008],[-124.12549480499996,46.87453494600004],[-124.12528446999994,46.86991303700006],[-124.12350996299995,46.865411833000053],[-124.12241775399997,46.860983259000079],[-124.12093770599995,46.856417426000064],[-124.12004582899999,46.851722565000046],[-124.12022390699997,46.847237566000047],[-124.12030798799998,46.842550828000071],[-124.11941635599999,46.837855786000034],[-124.11734929299996,46.833418591000054],[-124.11528252299996,46.828981310000074],[-124.11350990099999,46.824479474000043],[-124.11252512499999,46.819582455000045],[-124.11172831199997,46.815088778000074],[-124.11025013499994,46.810522263000053],[-124.10974737299995,46.805963999000028],[-124.10852692099996,46.803341716000034],[-124.10833916699994,46.802938285000039],[-124.10559270799996,46.798427695000044],[-124.10567781999998,46.793740351000054],[-124.10458813199995,46.789310778000072],[-124.10311108699995,46.784743868000078],[-124.10319636799994,46.780056354000067],[-124.10366908799995,46.775506061000044],[-124.10257986099998,46.771076255000025],[-124.10257136199999,46.766186831000027],[-124.10100122099999,46.761417873000028],[-124.09991242899997,46.756987878000075],[-124.09911732099999,46.752493374000039],[-124.09754778899998,46.74772420100004],[-124.09695271099997,46.742963368000062],[-124.09771907199996,46.73834819800004],[-124.09771095599996,46.733458348000056],[-124.09770284199999,46.728568435000057],[-124.09690825499996,46.72407357700007],[-124.09484655399996,46.719634682000049],[-124.09502606599995,46.71514813400006],[-124.09481851999999,46.710524206000059],[-124.09275741299996,46.706085118000033],[-124.08815052899996,46.702427663000037],[-124.08354418299996,46.698770012000068],[-124.07844542699996,46.695442789000026],[-124.07344081099995,46.692317139000068],[-124.06783762099997,46.68998986400004],[-124.06134243999998,46.688525280000079],[-124.05514082999997,46.686996007000062],[-124.04934336899998,46.689824575000046],[-124.05316068499997,46.69387839500007],[-124.05977504999998,46.694205576000058],[-124.06676379999999,46.695339637000075],[-124.07286042699997,46.697336325000038],[-124.07394626299998,46.701767245000042],[-124.06714384299994,46.70103718200005],[-124.06135296999997,46.698306083000034],[-124.05249782799996,46.698025872000073],[-124.04752401099995,46.698450035000064],[-124.04436526299997,46.700699175000068],[-124.03955248299997,46.70286623100003],[-124.03707048299998,46.704724590000069],[-124.03619334699999,46.705381291000037],[-124.03663507499999,46.707729929000038],[-124.04023632099995,46.707829643000025],[-124.04296165199997,46.706567943000039],[-124.04662258799999,46.704872927000054],[-124.05687719999997,46.703290348000053],[-124.06416025199997,46.704360156000064],[-124.07141853799999,46.706769114000053],[-124.07339703199995,46.707724424000048],[-124.07427359899998,46.708147653000026],[-124.07933287399999,46.710590163000063],[-124.07726693199999,46.711710807000031],[-124.07513873599999,46.711676982000029],[-124.06782307799995,46.711560449000046],[-124.06486418099996,46.71354382100003],[-124.06014471199995,46.715913347000026],[-124.05243527699997,46.716715178000072],[-124.04902060899997,46.717019407000066],[-124.04908866499994,46.718560720000028],[-124.05146597199996,46.721596499000043],[-124.05356276799995,46.724026821000052],[-124.05675260999999,46.725328122000064],[-124.05719524999995,46.72767656700006],[-124.05638312399998,46.729410913000038],[-124.03817071999998,46.729179719000058],[-124.03774165599998,46.72616148000003],[-124.03507138199996,46.723189804000071],[-124.03004379699996,46.721679464000033],[-124.02751913499998,46.720843251000076],[-124.02501051799999,46.719614468000032],[-124.02260850399995,46.717917704000058],[-124.01848519299995,46.714597296000079],[-124.01510199499995,46.713043585000037],[-124.01394920999996,46.712478690000069],[-124.00883986399998,46.709818667000036],[-123.99754220499995,46.704956753000033],[-123.99019363399998,46.702341872000034],[-123.98456577099995,46.701350685000079],[-123.97983180299997,46.699496897000074],[-123.97447067599995,46.699780641000075],[-123.97257621499995,46.701973186000032],[-123.97329540499999,46.704927649000069],[-123.97696265199994,46.706570488000068],[-123.98056373399999,46.706671829000072],[-123.98520493299998,46.70832370200003],[-123.99061997399997,46.710250672000029],[-123.99772923699999,46.710250663000068],[-124.00234465699998,46.713241436000033],[-124.00992137799994,46.714249963000043],[-124.01184786799996,46.715454420000071],[-124.01492457399996,46.717377839000051],[-124.01856748899996,46.72035896400007],[-124.01872826299996,46.722102102000065],[-124.01607389699996,46.723350307000032],[-124.01035029399998,46.722158450000052],[-124.00738802499995,46.719250442000032],[-124.00302565199996,46.718204904000061],[-124.00175130899999,46.717521029000068],[-123.99743606799996,46.71520504800003],[-123.99268731499996,46.714021546000026],[-123.98881911599995,46.712645236000071],[-123.98377726299998,46.711525617000063],[-123.98034906099997,46.712497835000079],[-123.98447020799995,46.715819452000062],[-123.98948564199998,46.718278530000077],[-123.99584888199996,46.721553927000059],[-123.99930431999996,46.724131875000069],[-124.00434746699995,46.725250864000031],[-124.00525528799994,46.728608629000064],[-124.00349418399998,46.72899409200005],[-123.99863756799999,46.728278749000026],[-123.99455489499996,46.727838457000075],[-123.98952510299995,46.726049368000076],[-123.98512224499996,46.727012461000072],[-123.98517529899999,46.729223495000042],[-123.98638912299998,46.731847431000062],[-123.98811019399994,46.733471368000039],[-123.98766961199999,46.736012612000081],[-123.98704221799994,46.738150163000057],[-123.98446646999997,46.740269226000066],[-123.98083647399994,46.741507415000058],[-123.97715354899998,46.74053454400007],[-123.97553946199997,46.73844262800003],[-123.97413928099996,46.735414945000059],[-123.97045681999998,46.734441871000058],[-123.96638758299997,46.733330998000042],[-123.96440082899994,46.730431486000043],[-123.96278743099998,46.728339359000074],[-123.95961310399997,46.726366072000076],[-123.95330319799996,46.725300041000025],[-123.94639254599997,46.725031671000067],[-123.93929552799995,46.724359186000072],[-123.93238504099997,46.724090084000068],[-123.92643443799994,46.724500026000044],[-123.92369905899994,46.724874753000051],[-123.923255918,46.72741583800007],[-123.92241185799998,46.730488801000035],[-123.92224813299998,46.733635499000059],[-123.92415394399995,46.735664027000041],[-123.92655396399999,46.737362500000074],[-123.92669814699997,46.739775373000043],[-123.92439985699997,46.742498886000078],[-123.92075440899998,46.744405113000028],[-123.91632083999997,46.746705250000048],[-123.90819038599994,46.748700137000071],[-123.90327605499999,46.750660064000044],[-123.89983009699995,46.752299770000036],[-123.89571775099995,46.753195809000033],[-123.88908353599999,46.753530141000056],[-123.88640466799995,46.751225361000081],[-123.88599729099997,46.747537125000065],[-123.88877731199995,46.745154139000078],[-123.88844842899999,46.742337452000072],[-123.88748259599998,46.737437698000065],[-123.88738953199999,46.737235792000035],[-123.88631630999998,46.732803765000028],[-123.88210622799994,46.729277323000076],[-123.87610560499996,46.727473923000048],[-123.87001730499998,46.729688554000063],[-123.86441835399995,46.727352886000062],[-123.85942190099996,46.724219398000059],[-123.85413231399997,46.721149608000076],[-123.84793255599999,46.719610742000043],[-123.84074433199999,46.718731009000066],[-123.83673852899994,46.714937157000065],[-123.83655008999995,46.710312839000039],[-123.83205073999994,46.706848467000043],[-123.826455254,46.704511049000075],[-123.81936186199999,46.703832085000045],[-123.81308830399996,46.705640288000041],[-123.80891599899996,46.703896561000079],[-123.80749363399997,46.703302059000066],[-123.80672023799997,46.698805178000043],[-123.80639999699997,46.695760737000057],[-123.80624051199999,46.694244431000072],[-123.80104878799995,46.691374261000078],[-123.79525499399995,46.689301217000036],[-123.79204175199999,46.685112353000079],[-123.79282990199999,46.680498270000044],[-123.78998081499998,46.68010686100007],[-123.78594046099994,46.679551683000057],[-123.77929784699995,46.680550362000076],[-123.77321226099997,46.678540044000044],[-123.76703249499997,46.680548197000064],[-123.76113005299999,46.68316212600007],[-123.75468766799997,46.683893823000062],[-123.74946409599994,46.686581840000031],[-123.74490379799994,46.69001409100008],[-123.73812261899997,46.688597292000054],[-123.73735439399996,46.684099832000072],[-123.74152860599997,46.680529417000059],[-123.74800273299996,46.678458775000081],[-123.75475406399994,46.676993902000049],[-123.76045523699997,46.674645957000052],[-123.76578568699995,46.67148964200004],[-123.77130076999998,46.668737137000051],[-123.77783400799996,46.668206621000081],[-123.78427450699996,46.667473765000068],[-123.79082300699997,46.666272787000025],[-123.79814344899995,46.665347909000047],[-123.80473808199997,46.666357705000053],[-123.81122492899999,46.667834991000063],[-123.81621446299999,46.670970767000028],[-123.82050965799999,46.674701839000079],[-123.82137651099998,46.679400909000037],[-123.82277860299996,46.681729254000061],[-123.82409722699998,46.683918804000029],[-123.82780677099998,46.687777211000025],[-123.83201099599995,46.691305769000053],[-123.83621569399997,46.694834161000074],[-123.84201135699999,46.696905378000054],[-123.84680408799994,46.70030560400005],[-123.85360383599999,46.70104701300005],[-123.86032558999995,46.700916361000054],[-123.86703262099996,46.701455133000081],[-123.87347549599997,46.700717990000044],[-123.87860193499995,46.697823235000044],[-123.87945045899994,46.697301156000037],[-123.88363491299998,46.694726328000058],[-123.88999833999998,46.693116652000072],[-123.89626841699999,46.691304737000053],[-123.90148606499997,46.688610949000065],[-123.90594461299997,46.684971362000056],[-123.91117553599997,46.681607343000053],[-123.91753692099996,46.679996285000072],[-123.92341842899998,46.678045159000078],[-123.92902025199999,46.675488031000043],[-123.92935845099998,46.675425134000079],[-123.935860134,46.67421580000007],[-123.93322488299998,46.669902006000029],[-123.93045210899999,46.668017715000076],[-123.92852287699998,46.666706562000059],[-123.92884369299998,46.663693570000078],[-123.92900744799999,46.662155533000032],[-123.93239654199999,46.658303219000061],[-123.92848212499996,46.654713465000043],[-123.92574249799998,46.653735954000069],[-123.92268750899996,46.652645815000028],[-123.92581135199998,46.649961131000055],[-123.92684903999998,46.649069252000061],[-123.93339286899999,46.647861146000025],[-123.93984334799995,46.646450793000042],[-123.94032693799994,46.641899480000063],[-123.93423994699998,46.639896383000064],[-123.92773906499997,46.639094919000058],[-123.92194592099997,46.637027151000041],[-123.91635332099997,46.634693112000036],[-123.91359156599998,46.632943476000037],[-123.91008493199996,46.628857695000079],[-123.91440661199999,46.625300676000052],[-123.91450179699996,46.620800981000059],[-123.91345655199996,46.61617725900004],[-123.91241146399994,46.611553472000026],[-123.91299884999995,46.606946045000029],[-123.92033246199998,46.607582188000038],[-123.92350263199995,46.61211465000008],[-123.92602494799996,46.61641549400008],[-123.93036001999997,46.619946617000039],[-123.93469557999998,46.62347756500003],[-123.93688318999995,46.628224810000063],[-123.93940707199999,46.632525216000033],[-123.94325176099994,46.636163429000078],[-123.94890962899996,46.639031656000043],[-123.95557563999995,46.640559300000064],[-123.96231080599995,46.638711958000044],[-123.96126173099998,46.634088832000032],[-123.95576012299995,46.63156015800007],[-123.95307879999996,46.626920987000062],[-123.95153847299997,46.622405358000037],[-123.95261517799997,46.617690171000049],[-123.95156717199995,46.61306671300008],[-123.95002729499998,46.608550903000037],[-123.94750364799995,46.604250431000025],[-123.94448837899995,46.600057554000045],[-123.94230117699999,46.59531008600004],[-123.93879477699994,46.591224669000042],[-123.93676447799999,46.586816120000037],[-123.93473446599995,46.582407490000037],[-123.93073745899994,46.578429381000035],[-123.92772455599999,46.574235839000039],[-123.92339279499998,46.570704208000052],[-123.91973297999999,46.566278866000061],[-123.91622967599994,46.56219253900008],[-123.91207917099996,46.557874483000035],[-123.90857683399997,46.553787864000071],[-123.90704151099999,46.549270855000032],[-123.90599801099995,46.544646212000032],[-123.90966664499996,46.540856934000033],[-123.91618905099995,46.540922604000059],[-123.91791446699995,46.536438286000077],[-123.91785333699994,46.531598355000028],[-123.92408645799998,46.52986005300005],[-123.93063120699998,46.528799810000066],[-123.93715238099998,46.528864443000032],[-123.94226910699996,46.525876249000078],[-123.94626974999994,46.521638888000041],[-123.94783643299996,46.516814783000029],[-123.94679046399995,46.512190076000081],[-123.94313241399999,46.507764713000029],[-123.94094853099995,46.503016087000049],[-123.93662094299998,46.499484242000051],[-123.93557608999998,46.49485923800006],[-123.93665180399995,46.490142623000054],[-123.93348684699998,46.485609045000047],[-123.93146033799997,46.481199210000057],[-123.92992514299999,46.476681623000047],[-123.92774333999995,46.471932398000035],[-123.92571767699997,46.467522321000047],[-123.92074667199995,46.463758046000066],[-123.91593200299997,46.460332805000064],[-123.91160876199996,46.456799749000027],[-123.90762121499995,46.452819650000038],[-123.90412502899994,46.448731806000069],[-123.89882157999995,46.445413391000045],[-123.89269261899994,46.442649122000034],[-123.88788109599994,46.43922266900006],[-123.88487773099996,46.435026644000061],[-123.88187476499996,46.430830505000074],[-123.87657400399996,46.427511041000059],[-123.87142921199995,46.424530676000074],[-123.86793695299997,46.420441575000041],[-123.86591714599996,46.416029997000066],[-123.86389762199997,46.411618339000029],[-123.86904100199996,46.414599096000074],[-123.87534601899995,46.416578493000031],[-123.88183118799998,46.417771400000049],[-123.88798143999998,46.419410842000048],[-123.89379687799999,46.421496860000047],[-123.89927759599999,46.424029491000056],[-123.90475875299995,46.42656187800003],[-123.90874445399999,46.430542331000026],[-123.90978626099997,46.435168307000026],[-123.91279129799995,46.439363762000028],[-123.91711340499995,46.442896936000068],[-123.92362564599995,46.442962255000054],[-123.92889177599994,46.440313187000072],[-123.92882989499998,46.435472067000035],[-123.92867414899996,46.435132802000055],[-123.92615893099997,46.430829996000057],[-123.92315340999994,46.426634757000045],[-123.92681411899997,46.422843851000039],[-123.92982809899996,46.418821219000051],[-123.92780400099997,46.41441057600008],[-123.92397377499998,46.41076982800007],[-123.92081372799998,46.406235026000047],[-123.92416211099999,46.401765393000062],[-123.92942476599995,46.399116027000048],[-123.93533305699998,46.396698008000044],[-123.93689746399997,46.391872490000026],[-123.93699068499996,46.387370073000056],[-123.93594766899997,46.382743749000042],[-123.93474916799994,46.377778057000057],[-123.93306064499996,46.372920005000026],[-123.93299850999995,46.368078058000037],[-123.93536372499995,46.363823133000039],[-123.94081786299995,46.367480070000056],[-123.94676281099999,46.371028984000077],[-123.95108212999997,46.374561655000036],[-123.95359680099995,46.378864599000053],[-123.95905330499994,46.382520641000042],[-123.96602678599999,46.383601686000077],[-123.97224390299999,46.381860445000029],[-123.97460697999998,46.377604962000078],[-123.97696973899997,46.373349390000044],[-123.98256202599998,46.37025056400006],[-123.98766368799994,46.36725939400003],[-123.99356674699999,46.364838561000056],[-123.99946934899998,46.362417448000031],[-124.00381313699995,46.36482277600004],[-124.00731113699999,46.368908838000038],[-124.01145570799997,46.373225980000029],[-124.01495467299998,46.377311751000036],[-124.01796395899999,46.381505415000049],[-124.01738637399995,46.386115980000056],[-124.02171069499997,46.389646191000054],[-124.02226991199996,46.394379791000063],[-124.02218278799995,46.398882187000027],[-124.02160535199999,46.403492566000068],[-124.02368307599994,46.413868850000028],[-124.02463234399994,46.44055701800005],[-124.02445431199999,46.441343344000074],[-124.02599544199995,46.445860234000065],[-124.02753679399996,46.450377054000057],[-124.02760629699998,46.455217941000058],[-124.02751946999996,46.459719643000028],[-124.02857051099994,46.464344329000028],[-124.02848374099995,46.468845925000039],[-124.02904417199994,46.473578542000041],[-124.02705910399999,46.47513607500008],[-124.02965736899995,46.492493439000043],[-124.03281307399999,46.506366091000075],[-124.03209389599999,46.535283340000035],[-124.03243871799998,46.551266837000071],[-124.03608953399998,46.56502927300005],[-124.03714862499999,46.577867277000053],[-124.04011049399998,46.593647759000078],[-124.04117089399995,46.606484773000034],[-124.04829188499997,46.618363558000055],[-124.05388908299994,46.624602254000081],[-124.05715471699995,46.624631552000039],[-124.06290128099999,46.622995207000031],[-124.06200196599997,46.618711640000072],[-124.06112223999997,46.569981677000044],[-124.05991024999997,46.565019515000074],[-124.05623297999995,46.552382895000051],[-124.05299821899996,46.533672617000036],[-124.05014254999998,46.512263658000052],[-124.04849838999996,46.495816684000033],[-124.05205524899998,46.480091346000052],[-124.05120130099999,46.473555359000045],[-124.04908132399999,46.44787223700007],[-124.04820685899995,46.416682587000025],[-124.05306014299998,46.409634262000054],[-124.05612893699998,46.402231853000046],[-124.05614199399997,46.392887893000079],[-124.05555101799996,46.381061430000045],[-124.05253160099994,46.368649748000053],[-124.05169282299994,46.352767000000028],[-124.05452344399998,46.331962503000057],[-124.05611129799996,46.316663219000077],[-124.05736504699996,46.301810749000026],[-124.06022120499995,46.288098243000036],[-124.05821327699999,46.282562233000078],[-124.03859542599997,46.255130974000053],[-124.01148964699996,46.254767203000029],[-124.02572616299994,46.265823815000033],[-124.02853171699996,46.271931032000055],[-124.02859300699998,46.302561786000069],[-124.02488031399997,46.309734230000061],[-124.02205533599999,46.312973572000033],[-124.01569048299996,46.314378210000029],[-124.01181738799994,46.312990784000078],[-124.00654173299995,46.308549731000028],[-124.00200167899999,46.308056564000026],[-123.99697210299996,46.30767121000008],[-123.99027337499996,46.309521893000067],[-123.95677869199994,46.310549964000074],[-123.95048173299995,46.308573945000035],[-123.94549867799998,46.305934936000028],[-123.94133986299994,46.302740834000076],[-123.93898452999997,46.298776200000077],[-123.94067848399999,46.295414692000065],[-123.94572984999996,46.294676344000038],[-123.95614330899997,46.293877766000037],[-123.96312972799996,46.293833329000051],[-123.96273141699999,46.289437629000076],[-123.95648221899995,46.285209992000034],[-123.94847756599995,46.279500746000053],[-123.93157909099995,46.27201324400005],[-123.91942328199997,46.263107176000062],[-123.89456065699994,46.248776669000051],[-123.87618463199999,46.242730270000038],[-123.86920381699997,46.242770078000035],[-123.86346234499996,46.245525559000043],[-123.78532328099999,46.283198403000029],[-123.77954837799996,46.287075796000067],[-123.76931461099997,46.287074075000078],[-123.76109301399998,46.284391466000045],[-123.75413404999995,46.283299267000075],[-123.74485386999999,46.284207367000079],[-123.74010971799999,46.285617224000077],[-123.73064772999999,46.287310556000079],[-123.71997830699996,46.285160247000078],[-123.71224894699998,46.28236761900007],[-123.70853870099995,46.281310783000038],[-123.70410226999996,46.283398656000031],[-123.69602673099996,46.288146403000042],[-123.69354931099997,46.289806471000077],[-123.69390122399994,46.295328792000078],[-123.69118635199999,46.300026574000071],[-123.68641205699998,46.30256023700008],[-123.68408791899998,46.304559729000061],[-123.68268823899996,46.308597158000055],[-123.68149817599999,46.31072264200003],[-123.67515395599997,46.310984974000064],[-123.67049034899998,46.309014886000057],[-123.66404855699994,46.306685436000066],[-123.66075849299995,46.301803513000038],[-123.65811297299996,46.297154445000047],[-123.65268136799995,46.293485131000068],[-123.64624182299997,46.291154716000051],[-123.64179151099995,46.287271563000047],[-123.64045321299994,46.275993250000056],[-123.63272850399994,46.273195869000062],[-123.62693542299996,46.271097522000048],[-123.61621430999998,46.27119044300008],[-123.60962477899994,46.268518325000059],[-123.60156597699995,46.266165373000035],[-123.58922226699997,46.266235790000053],[-123.57455225699999,46.268302775000052],[-123.56230155199995,46.270962221000048],[-123.55026346099999,46.271708638000064],[-123.52885133499996,46.270755202000032],[-123.52045829999997,46.268843384000036],[-123.51644585499997,46.267101300000036],[-123.50168230299994,46.266568504000077],[-123.49267875499999,46.263295231000029],[-123.48869869599997,46.26042639700006],[-123.48147272299997,46.257513912000036],[-123.47648192699995,46.255982664000044],[-123.45360594299996,46.255335000000059],[-123.42760458599997,46.256104375000064],[-123.42524156499996,46.259225369000035],[-123.41981689699998,46.261515409000026],[-123.41041531199994,46.260934004000035],[-123.400959925,46.25663430700007],[-123.39478471399997,46.251253744000053],[-123.39216094199998,46.24659874200006],[-123.39134562999999,46.241180694000036],[-123.39445091799996,46.234916738000038],[-123.39529086199997,46.228395461000048],[-123.39383321599996,46.222742852000067],[-123.38242491099999,46.218864347000078],[-123.37199787999998,46.214773500000035],[-123.37067601599995,46.204616454000075],[-123.37280195099999,46.198563754000077],[-123.37342491699997,46.193953978000081],[-123.36616001799996,46.187316388000056],[-123.36112601099995,46.182062161000033],[-123.358659639,46.177745841000046],[-123.34884885299999,46.175013355000033],[-123.33758618699994,46.177441229000067],[-123.32868759499996,46.176748298000064],[-123.31639542199997,46.17566695000005],[-123.30424171999999,46.170080143000064],[-123.29613760799998,46.169960013000036],[-123.25120948199998,46.170298853000077],[-123.23753045799998,46.172118136000051],[-123.22253234999999,46.174591626000051],[-123.21262618399999,46.180071522000048],[-123.20237952799999,46.185995951000052],[-123.18760583499994,46.19139799800007],[-123.17863341099996,46.192946865000067],[-123.16400416899995,46.193842251000035],[-123.12271603999994,46.191491103000033],[-123.11215862399996,46.191883208000036],[-123.09771756599997,46.191985645000045],[-123.08648368299998,46.188421520000077],[-123.07653252599999,46.185328233000064],[-123.06420425399995,46.185349195000072],[-123.05115726499997,46.187384889000043],[-123.03909001599999,46.189210442000046],[-123.04845021299997,46.181255816000032],[-123.05238311699998,46.170731136000029],[-123.05194334199996,46.160020357000064],[-123.04656496699999,46.151480005000053],[-123.03334903599995,46.14461000700004],[-122.98471072699999,46.126653245000057],[-122.96017096499997,46.119579371000043],[-122.95313529899994,46.11697743600007],[-122.93973188699999,46.115728090000061],[-122.93248051699999,46.110191360000044],[-122.92278129799996,46.10517419100006],[-122.91410464799998,46.09882213700007],[-122.90699009599996,46.098469923000039],[-122.90092131399996,46.10050254600003],[-122.89864582099995,46.105082069000048],[-122.89295846899995,46.105543494000074],[-122.88532988599997,46.101574808000066],[-122.87544438199996,46.097339415000079],[-122.87426974999994,46.089767725000058],[-122.86872997099999,46.082004016000042],[-122.86894104399994,46.076372994000053],[-122.86814481999994,46.050099102000047],[-122.86307653299997,46.038510830000064],[-122.85430761499998,46.02212047900008],[-122.83933253499998,46.007418223000059],[-122.82914709599999,45.998776446000079],[-122.81941436499994,45.982589546000042],[-122.80922187999994,45.961657955000078],[-122.78874605199996,45.947746448000032],[-122.77870826599997,45.935719814000038],[-122.77288022399995,45.923546314000077],[-122.76664817699998,45.896932774000049],[-122.76376768999995,45.875567769000043],[-122.76044925899998,45.865469215000076],[-122.75702789299999,45.853902455000025],[-122.76166889799998,45.842489155000067],[-122.75958052299995,45.833991929000035],[-122.75650096799995,45.821979707000025],[-122.75810884299995,45.809718323000027],[-122.76092734399998,45.79533692800004],[-122.75970781799998,45.772870484000066],[-122.75550848999995,45.760722293000072],[-122.75232954499995,45.74723967400007],[-122.75197174699997,45.731667564000077],[-122.75022777399994,45.722723320000057],[-122.74731830799999,45.714771659000064],[-122.74223954099995,45.70057395300006],[-122.74284322899996,45.681070373000068],[-122.74029034499995,45.664099768000028],[-122.73927245899995,45.65313726800008],[-122.73381694699998,45.64050928100005],[-122.72827479599999,45.630135401000075],[-122.71188551499995,45.621693399000037],[-122.68845327799994,45.616608124000038],[-122.66989997399997,45.614210417000038],[-122.64637279799996,45.607648656000038],[-122.62422541499996,45.606751863000056],[-122.60221170499995,45.598745554000061],[-122.58045501599997,45.596269456000073],[-122.56682369999999,45.591700963000051],[-122.54847243399996,45.58477612300004],[-122.52536144699997,45.584067816000072],[-122.50205467399996,45.576693568000053],[-122.47568760999997,45.577035814000055],[-122.42981431799996,45.575145074000034],[-122.40806332699998,45.580087525000067],[-122.38894391199995,45.580006290000028],[-122.37323131499994,45.579207810000071],[-122.35207896099996,45.574336445000029],[-122.33209963299998,45.568472202000066],[-122.31279720399999,45.565441359000033],[-122.29723405699997,45.564975465000032],[-122.23493068199997,45.564220491000071],[-122.21581627799998,45.564113673000065],[-122.19046334899997,45.56679143100007],[-122.15049960399995,45.572501940000052],[-122.13067618699995,45.576992844000074],[-122.07560628399995,45.592135108000036],[-122.05081098199997,45.59615364900003],[-122.02649994399997,45.600066648000052],[-121.99467320999997,45.606269763000057],[-121.97718045799996,45.60876434100004],[-121.94953187399994,45.614835975000062],[-121.92635183099998,45.621467599000027],[-121.90729627699994,45.629104131000076],[-121.88263189399999,45.642348053000035],[-121.86196814899995,45.658851270000071],[-121.84778361199994,45.674392131000047],[-121.84087276199995,45.683238607000078],[-121.82879061299997,45.692399996000063],[-121.80668934699997,45.699151316000041],[-121.78167303999999,45.700179156000047],[-121.74985862099999,45.69887538200004],[-121.73989112299995,45.692631004000077],[-121.74375470199999,45.701931635000051],[-121.74341778899998,45.73082421600003],[-121.73503642299994,45.735414840000033],[-121.73051836899998,45.749304883000036],[-121.74733362299997,45.784786631000031],[-121.75293624199998,45.808141696000064],[-121.74286107099999,45.843332130000078],[-121.75922865399997,45.887546272000066],[-121.81147427899998,45.987845493000066],[-121.82799164899996,46.007533236000029],[-121.85366764799994,46.044082824000043],[-121.85695859999998,46.076545232000058],[-121.80230572299996,46.168299206000029],[-121.78136993599998,46.217173406000029],[-121.78471162299996,46.259684575000051],[-121.80105982699996,46.318274518000067],[-121.82142295299997,46.361655631000076],[-121.81816683599999,46.398294607000025],[-121.79388965599998,46.449242881000032],[-121.76101550999999,46.49470922900008],[-121.73801698999995,46.543922501000054],[-121.71925059199998,46.573575542000071],[-121.67060869899996,46.671016024000039],[-121.61280799399998,46.736961510000071],[-122.48223282499998,46.735326629000042],[-122.48511393299998,46.737431370000081],[-122.48911183699994,46.741194989000064],[-122.49509104799995,46.743200324000043],[-122.50056651599999,46.745849208000038],[-122.50679858099994,46.747532077000074],[-122.51227492599998,46.750180446000059],[-122.51713951999994,46.753224875000058],[-122.52114036399996,46.756987366000033],[-122.52600591999999,46.760031414000025],[-122.53252747099998,46.760573984000075],[-122.53876186699995,46.762255279000044],[-122.54154021399995,46.766809840000064],[-122.54712806599997,46.769704172000047],[-122.55422781999999,46.770666289000076],[-122.56060726899995,46.771776984000041],[-122.56461192099999,46.775537974000031],[-122.56739274499995,46.780091829000071],[-122.57373849999999,46.782018902000061],[-122.58112665899995,46.781840483000053],[-122.58761625599999,46.78319734400003],[-122.59209213499997,46.787130330000025],[-122.59804447099998,46.789947791000031],[-122.60442666899996,46.791056315000048],[-122.61120381999996,46.791272887000048],[-122.61679709199996,46.79416408700007],[-122.62303710999998,46.795841257000063],[-122.62941414799997,46.794250030000057],[-122.63499563199997,46.791743361000044],[-122.64184097399999,46.790324291000047],[-122.64879478699999,46.789152303000037],[-122.65532043999997,46.789688774000069],[-122.661913691,46.788590830000032],[-122.66886693199996,46.787417781000045],[-122.67564390999996,46.78763105400003],[-122.68227854799994,46.788413619000039],[-122.68908906499996,46.787809148000065],[-122.69557255799998,46.78646210900007],[-122.70234952299995,46.786674014000027],[-122.70923555099995,46.787132966000058],[-122.71561943099999,46.788236135000034],[-122.72200353499994,46.789338992000069],[-122.72863893699997,46.790119229000027],[-122.73490356999997,46.788275516000056],[-122.74149526899998,46.787173601000063],[-122.74802150799997,46.787705503000041],[-122.75401346699999,46.789698872000031],[-122.75936228699999,46.792906409000068],[-122.76399133399997,46.796263761000034],[-122.77020318299998,46.798751034000077],[-122.77641552699998,46.80123799900008],[-122.78240968999995,46.80323000900006],[-122.78915668599996,46.804254504000028],[-122.79615468199995,46.804956227000048],[-122.80307531499994,46.804593227000055],[-122.80971334899999,46.805369365000047],[-122.81556775899998,46.807929598000044],[-122.82234745699998,46.808135345000039],[-122.82904923199999,46.807276414000057],[-122.83520306999998,46.805180755000038],[-122.84179477699996,46.804073894000055],[-122.84642908799998,46.807428261000041],[-122.85267658599997,46.809094538000068],[-122.85767102399996,46.806159326000056],[-122.86186630799995,46.80231016700003],[-122.86779921299996,46.799718445000053],[-122.87438976499999,46.798609944000077],[-122.88130923699998,46.79824284700004],[-122.88811888199996,46.797628148000058],[-122.89470885099996,46.796518629000047],[-122.89901098199999,46.79291543000005],[-122.89977429899994,46.788431890000027],[-122.90002447599994,46.788109254000062],[-122.90482598899996,46.783860504000074],[-122.90955865799998,46.783375393000028],[-122.92796006199995,46.792377338000051],[-122.97559911499997,46.818488690000038],[-123.03238946899995,46.852064187000053],[-123.07925123199999,46.884253090000072],[-123.11723220399995,46.909399228000041],[-123.13681925699996,46.930502713000067],[-123.14052870399996,46.950005651000026],[-123.14104372899999,46.980075484000054],[-123.14389737699997,47.012123773000042],[-123.15305631599995,47.038885185000026],[-123.16999783299997,47.055597801000033],[-123.18740568699997,47.071716479000031],[-123.20970431899997,47.085813599000062],[-123.23552403899998,47.099660328000027],[-123.27245666899995,47.115609410000047],[-123.32220151899998,47.135768383000027],[-123.34923052499994,47.147365695000076],[-123.37188869699997,47.158895819000065],[-123.38545793799994,47.168394222000074],[-123.39378484599996,47.159858470000074],[-123.39448109299997,47.159710813000061],[-123.40057729199998,47.156334492000042],[-123.40484744999998,47.152303534000055],[-123.40729178999999,47.147618091000027],[-123.40995230699997,47.14340743300005],[-123.41261246099998,47.139196671000036],[-123.41709722899998,47.135640024000054],[-123.42271056199996,47.132885142000077],[-123.42606522299997,47.128526167000075],[-123.43054844799997,47.124968960000047],[-123.43594354599998,47.121738553000057],[-123.44020902399996,47.117706072000033],[-123.44560298699997,47.114475208000044],[-123.44917177499997,47.110590303000038],[-123.45252336999999,47.106230390000064],[-123.45926149999997,47.10427549800005],[-123.46508694499994,47.10199345400008],[-123.47139048899999,47.099088207000079],[-123.47699810299997,47.096330757000032],[-123.48282214999995,47.094047886000055],[-123.48407932899994,47.098469530000045],[-123.48950898499999,47.102002095000046],[-123.49028841299997,47.107046569000033],[-123.48511442899996,47.110754120000081],[-123.48246041699997,47.114966662000029],[-123.48232682399998,47.119684329000052],[-123.48010627099995,47.124846313000035],[-123.47471320399995,47.128078481000045],[-123.46931957299995,47.131310399000029],[-123.46757636999996,47.13584914300003],[-123.46883330899999,47.140270416000078],[-123.47078632499995,47.144543558000066],[-123.47295665599995,47.149291402000074],[-123.47121321399999,47.153829965000057],[-123.47247077699996,47.158250980000048],[-123.47651285699999,47.162079611000081],[-123.48146871999995,47.166234712000062],[-123.48364062999997,47.170982093000077],[-123.48581287299999,47.17572937400007],[-123.48707192199998,47.180149980000067],[-123.48785213499997,47.185193364000042],[-123.48911152199997,47.189613832000077],[-123.48897827499997,47.194330518000072],[-123.48562447899997,47.198690271000032],[-123.48409789699997,47.203703060000066],[-123.48326765599995,47.20856765800005],[-123.48661706799999,47.21254354000007],[-123.49205686999994,47.216074872000036],[-123.49797647699995,47.218983128000048],[-123.49392525399998,47.22349095800007],[-123.49239873399995,47.228503491000026],[-123.49248314699997,47.233694298000046],[-123.49235006099997,47.238410400000078],[-123.49243448399994,47.243601062000039],[-123.49369538599996,47.248020757000063],[-123.49587110499999,47.252766842000028],[-123.49804715799996,47.257512828000074],[-123.50231497399994,47.261814192000031],[-123.50797772899995,47.265818958000068],[-123.51368506299997,47.268251544000066],[-123.51939284599996,47.270683869000038],[-123.52558039999997,47.272493109000038],[-123.53080975899996,47.275547736000078],[-123.53673687999998,47.278453782000042],[-123.54148806699999,47.282130787000028],[-123.54414789499998,47.286252766000075],[-123.54493410099997,47.29129430100005],[-123.54410746799999,47.296158068000068],[-123.54467566399995,47.300725000000057],[-123.54454641499996,47.305440255000065],[-123.54302197599998,47.310452198000064],[-123.54311075199996,47.315641762000041],[-123.54437674799999,47.320060073000036],[-123.54263373299995,47.324597374000064],[-123.54089045999996,47.329134594000038],[-123.53844906899997,47.333820072000037],[-123.53692343499995,47.338831538000079],[-123.53561576799996,47.34431733100007],[-123.53295516399999,47.348528096000052],[-123.53121050599998,47.353064877000065]]],[[[-93.988194254999939,46.951991366000073],[-93.700749127999984,46.953084149000063],[-93.70285189699996,47.132000312000059],[-93.70588300899999,47.275247346000072],[-93.706166887999984,47.313304468000069],[-93.695701295999982,47.329867609000075],[-93.677112231999956,47.342569455000046],[-93.654916576999938,47.358283336000056],[-93.635487611999963,47.397007998000049],[-93.634730957999977,47.40764845700005],[-93.642203912999946,47.421984885000029],[-93.64982465199995,47.432535170000051],[-93.666014053999959,47.438026347000061],[-93.679228271999989,47.439202907000038],[-93.815601208999965,47.543978267000057],[-93.950911790999953,47.647139718000062],[-93.953204417999984,47.648887320000028],[-93.982956121999962,47.671552788000042],[-94.040625149999983,47.715415567000036],[-94.098154776999991,47.758808617000057],[-94.683758705999992,47.676045651000038],[-94.942725819999964,47.638554108000051],[-95.26499974799998,47.433376152000051],[-95.337578278999956,47.386855002000061],[-95.33715239299994,47.375748142000077],[-95.279992820999951,47.345422836000068],[-95.200515078999956,47.310408387000052],[-94.977625419999981,47.201387715000067],[-94.792425465999941,47.111727527000028],[-94.648730257999944,47.041877358000079],[-94.506115791999946,47.01239036000004],[-94.386349836999955,46.988239712000052],[-94.199336570999947,46.952180338000062],[-94.185323581999967,46.95198944100008],[-93.988194254999939,46.951991366000073]]],[[[-97.239141808999989,44.976216204000025],[-97.235073574999944,44.97694539400004],[-97.232120889999976,44.97747454000006],[-97.084676824999974,45.238540469000043],[-97.003277193999963,45.381630224000048],[-96.881713156999979,45.59396190700005],[-96.874702496999987,45.640934211000058],[-96.852699906999987,45.66847010400005],[-96.806770055999948,45.704709663000074],[-96.793109252999955,45.719342436000034],[-96.781384134999939,45.726259771000059],[-96.758914045999973,45.734832662000031],[-96.745991784999944,45.740226637000035],[-96.74010803799996,45.748056951000081],[-96.733699318999982,45.757601222000062],[-96.724837050999952,45.766588219000027],[-96.708897047999983,45.774662503000059],[-96.695668393999938,45.782530018000045],[-96.686241389999964,45.790375995000034],[-96.677670070999966,45.80220952600007],[-96.671292706999964,45.816122254000049],[-96.66634010599995,45.836491021000029],[-96.662949232999949,45.850386856000057],[-96.663955276999957,45.879388860000063],[-96.659368016999963,45.88321417700007],[-96.65230504799996,45.884580464000067],[-96.64547336399994,45.881953157000055],[-96.638052057999971,45.874765946000025],[-96.633153485999969,45.874789878000058],[-96.630483035999987,45.879935568000064],[-96.629266556999937,45.921951381000042],[-96.619195599999955,45.928001481000081],[-96.620423870999957,45.949141264000048],[-96.622670368999991,45.96979996400006],[-96.621210810999969,45.975223573000051],[-96.61436796199996,45.986374157000057],[-96.598188247999985,46.005264032000071],[-96.601322463999963,46.03018006800005],[-96.604916480999975,46.049403660000053],[-96.602610088999938,46.057965244000059],[-96.598574545999952,46.064159361000065],[-96.590146524999966,46.075123468000072],[-96.587181053999984,46.086537294000038],[-96.58708207899997,46.091475598000045],[-96.586947759999987,46.098175982000043],[-96.595299693999948,46.115000315000032],[-96.598492138999973,46.127572505000046],[-96.600361361999944,46.144563381000069],[-96.608335528999987,46.15663746000007],[-96.611537274999989,46.169682945000034],[-96.616479680999987,46.185806598000056],[-96.622103813999956,46.201451317000078],[-96.622475804999965,46.209172649000038],[-96.622533832999977,46.21037691500004],[-96.623869232999937,46.220912523000038],[-96.630584597999984,46.23569562800003],[-96.636524966999957,46.254755012000032],[-96.636186169999974,46.261878859000035],[-96.633480055999939,46.278699862000053],[-96.639318381999942,46.287217632000079],[-96.643540714999972,46.298306655000033],[-96.641564264999943,46.306007480000062],[-96.631757218999951,46.311752137000042],[-96.627720584999963,46.319177549000074],[-96.62615268899998,46.326875770000072],[-96.63439279499994,46.328545209000026],[-96.64674206899997,46.329909095000062],[-96.64801953999995,46.334175326000036],[-96.642315172999986,46.339330360000076],[-96.637438159999988,46.345050709000077],[-96.644085405999988,46.351569202000064],[-96.654850468999939,46.358351594000055],[-96.664335552999944,46.360582459000057],[-96.682042684999942,46.362200535000056],[-96.689858775999937,46.362159689000066],[-96.69367417999996,46.372392796000042],[-96.695841646999952,46.382349476000059],[-96.699225509999962,46.390590637000059],[-96.71077167499999,46.392522215000042],[-96.723559852999983,46.395015522000051],[-96.726131327999951,46.403829794000046],[-96.727096244999984,46.416070062000074],[-96.729227554999966,46.422323298000038],[-96.73958870599995,46.427960807000034],[-96.745829949999973,46.433336108000049],[-96.746862358999977,46.44049676800006],[-96.758486313999981,46.450256030000048],[-96.758652741999981,46.450395729000036],[-96.762143227999957,46.455121398000074],[-96.760481236999965,46.459639530000061],[-96.758512899999971,46.467244058000063],[-96.76029876399997,46.47292851900005],[-96.757625896999969,46.479113185000074],[-96.75736545999996,46.485995647000038],[-96.767378726999937,46.490208506000045],[-96.779460413999971,46.494882866000069],[-96.788135134999948,46.501711896000074],[-96.787449780999964,46.529237594000051],[-96.790286235999986,46.536100696000062],[-96.794818232999944,46.541055483000036],[-96.794229818999952,46.548887860000036],[-96.787750725999956,46.553196970000045],[-96.779595614999948,46.561074058000031],[-96.780724802999941,46.568895783000073],[-96.780472438999936,46.576251095000032],[-96.78261925999999,46.582880402000058],[-96.789900391999936,46.58734400000003],[-96.792715733999955,46.592308497000033],[-96.793137879999961,46.598473317000071],[-96.794577466999954,46.603445905000058],[-96.80183754799998,46.606011158000058],[-96.809798802999978,46.609520485000075],[-96.811596449999968,46.615439332000051],[-96.811365964999936,46.624216831000069],[-96.813053772999979,46.627996696000025],[-96.831753550999963,46.636134120000065],[-96.835957439999959,46.641515256000048],[-96.838099671999942,46.647193909000066],[-96.844463401999974,46.659391380000045],[-96.850389130999986,46.669598841000038],[-96.850903160999962,46.67699489000006],[-96.846849704999954,46.682997253000053],[-96.836183010999946,46.689326011000048],[-96.83253332299995,46.694756019000067],[-96.829834818999984,46.709570568000061],[-96.830403454999953,46.721233898000037],[-96.829073158999961,46.745713117000037],[-96.83245633599995,46.751097998000034],[-96.834594404999962,46.756206054000074],[-96.834309665999967,46.765881676000049],[-96.83315489599994,46.772432870000046],[-96.826206066999987,46.779304766000052],[-96.82639923499994,46.781918018000056],[-96.826710600999945,46.786129796000068],[-96.838855047999971,46.796010903000081],[-96.849350051999977,46.80618574500005],[-96.852339475999941,46.812709749000078],[-96.851308224999968,46.819800795000049],[-96.843251279999947,46.83692075600004],[-96.82958290299996,46.848148518000073],[-96.825534474999984,46.855522227000051],[-96.826709336999954,46.865944658000046],[-96.827510629999949,46.874235846000033],[-96.823469657999965,46.882319992000077],[-96.822729968999965,46.904841373000068],[-96.816084306999983,46.92550185500005],[-96.799165282999979,46.927974841000037],[-96.793011154999988,46.93369963300006],[-96.794279082999992,46.940489042000081],[-96.794868015999953,46.943642062000038],[-96.797748467999952,46.952393151000081],[-96.81045418399998,46.947537686000032],[-96.827361162999978,46.94107355500006],[-96.841127188999963,46.935536218000038],[-96.847377072999961,46.937155388000065],[-96.848899926999991,46.947336139000072],[-96.852780906999953,46.95276186600006],[-96.861174807999987,46.959106109000061],[-96.860208609999972,46.964325840000072],[-96.85024234399998,46.969603439000025],[-96.852044499999977,46.974805196000034],[-96.867009459999963,46.980395486000077],[-96.88165438499999,46.987644867000029],[-96.880736448999983,46.996181396000054],[-96.889805894999938,47.002041332000033],[-96.885206932999949,47.019605948000049],[-96.886354344999972,47.027180258000044],[-96.872618631999956,47.036037590000035],[-96.87100228099996,47.044340563000048],[-96.880415296999956,47.048211447000028],[-96.887670353999965,47.051385303000075],[-96.888303527999938,47.056877530000065],[-96.88233467699996,47.066204189000075],[-96.878222669999957,47.069642865000048],[-96.876686917999962,47.07875006200004],[-96.87926678599996,47.084608102000061],[-96.883808239999951,47.091779578000057],[-96.879748345999985,47.099007904000075],[-96.873715448999974,47.104164358000048],[-96.870467616999974,47.110060286000078],[-96.876950286999943,47.117029286000047],[-96.88648810899997,47.12397753700003],[-96.884418546999939,47.134602925000081],[-96.884796230999939,47.141611494000074],[-96.891545181999959,47.147440532000076],[-96.893021080999972,47.153494076000072],[-96.893166021999946,47.163270791000059],[-96.894620576999955,47.167808414000035],[-96.897183900999948,47.172149034000029],[-96.896198645999959,47.180871212000056],[-96.893749802999992,47.184487492000073],[-96.89327052799996,47.189795662000051],[-96.899158735999947,47.193355823000047],[-96.904783523999981,47.197864769000034],[-96.904049252999982,47.20469014400004],[-96.900493491999953,47.208692706000079],[-96.898043797999946,47.212308782000036],[-96.897828969999978,47.216667537000035],[-96.901231428999949,47.221191290000036],[-96.904067190999967,47.224960975000045],[-96.905268074999981,47.231014945000027],[-96.900898620999953,47.236538224000071],[-96.896779073999937,47.240165249000029],[-96.893209868999975,47.243409558000053],[-96.888252215999955,47.246852420000039],[-96.887780137999982,47.252727862000029],[-96.892018464999978,47.257245834000059],[-96.89539257399997,47.259685761000071],[-96.897921268999937,47.261373587000037],[-96.899444575999951,47.270455521000031],[-96.900987648999944,47.28086296400005],[-96.899491333999947,47.292805841000074],[-96.895682009999973,47.298892382000076],[-96.891023021999956,47.304037374000075],[-96.893318779999959,47.308757008000043],[-96.895620378999979,47.313855293000074],[-96.900406633999978,47.317421608000075],[-96.84985100199998,47.315753360000031],[-96.834062490999941,47.322102735000044],[-96.799547999999959,47.32382879000005],[-96.71338676299996,47.339656386000058],[-96.60700310499999,47.357982585000059],[-96.473749810999948,47.381279637000034],[-96.436244891999991,47.387809352000033],[-96.300996952999981,47.411281385000052],[-96.14779410999995,47.436718491000079],[-96.097516713999937,47.445668433000037],[-95.98525264899996,47.465574419000063],[-95.806078383999989,47.495154215000071],[-95.745819280999967,47.505896595000081],[-95.665643863999946,47.520141162000073],[-95.633205592999957,47.505777293000051],[-95.459271873999967,47.505484552000041],[-95.506263419999982,47.546246775000043],[-95.423110767999958,47.559867410000038],[-95.343926585999952,47.573330764000048],[-95.274058953999941,47.585165968000069],[-95.204694243999938,47.596418813000071],[-94.942725819999964,47.638554108000051],[-94.867631732999939,47.71362255400004],[-94.744994361999943,47.831344202000025],[-94.631973792999986,47.940152449000038],[-94.505285901999969,48.059905209000078],[-94.493536722999977,48.07188203000004],[-94.376948915999947,48.181251742000029],[-94.246066565999968,48.303879222000035],[-94.202849262999962,48.344329892000076],[-94.153577710999969,48.39045542100007],[-94.132310700999938,48.410335201000066],[-94.121713055999976,48.420234979000043],[-94.070955009999977,48.469375141000057],[-94.063446906999957,48.468384126000046],[-94.040461661999984,48.465991837000047],[-94.021901327999956,48.46395472100005],[-94.003766026999983,48.462511155000072],[-93.989640473999941,48.460534332000066],[-93.977574153999967,48.463305716000036],[-93.965969858999983,48.46549301400006],[-93.951904799999966,48.461743504000026],[-93.946142522999992,48.461656994000066],[-93.93321769299996,48.463526725000065],[-93.92298212299994,48.464551296000081],[-93.908970955999962,48.459323354000048],[-93.898950928999966,48.454155297000057],[-93.885046988999989,48.45866009100007],[-93.87299995099994,48.448149279000063],[-93.859402899999964,48.456490875000043],[-93.847182259999954,48.450989425000046],[-93.838034321999942,48.458809004000045],[-93.835891956999944,48.469098582000072],[-93.840357250999944,48.480672139000035],[-93.839249059999986,48.486848316000078],[-93.836810236999952,48.493003311000052],[-93.836546243999976,48.50037227100006],[-93.830927497999937,48.508540957000037],[-93.827687740999977,48.512206634000052],[-93.823986931999968,48.51639328300007],[-93.827597818999948,48.527067157000033],[-93.833354890999942,48.539838737000025],[-93.832498157999964,48.551325422000048],[-93.826884736999943,48.559197873000073],[-93.82643866799998,48.571574888000043],[-93.828319258999954,48.581039887000031],[-93.848677520999956,48.595808162000026],[-93.86052523099994,48.600121279000064],[-93.866667577999976,48.614957828000058],[-93.873569506999957,48.620961196000053],[-93.883232767999971,48.624353583000072],[-93.89436442799996,48.623935464000056],[-93.910343863999969,48.624769627000035],[-93.925808261999975,48.627657667000051],[-93.940071668999963,48.626693614000033],[-93.952042198999948,48.627757367000072],[-93.965237104999972,48.63208088600004],[-93.980918394999946,48.63526057100006],[-94.01939079999994,48.628452321000054],[-94.049324281999986,48.624165054000059],[-94.065230183999972,48.62733834200003],[-94.085573478999947,48.630866550000064],[-94.103770681999947,48.632003810000072],[-94.119013293999956,48.628086968000048],[-94.134689266999942,48.624469084000054],[-94.146753418999936,48.622569284000065],[-94.159660686999985,48.622153648000051],[-94.17342094299994,48.622927286000049],[-94.182319079999957,48.622750807000045],[-94.19385742299994,48.623492901000077],[-94.207059930999947,48.628087847000074],[-94.214956204999964,48.631728132000035],[-94.223350143999937,48.633605773000056],[-94.241183642999943,48.632067152000047],[-94.25016853599999,48.628939712000033],[-94.262161919999983,48.629387057000031],[-94.270950780999954,48.633035368000037],[-94.275413112999956,48.632502054000042],[-94.288396972999976,48.629422389000069],[-94.30672177799994,48.626112796000029],[-94.320855381999991,48.62952907500005],[-94.325540355999976,48.63695535200003],[-94.324874482999974,48.644905501000039],[-94.320642645999953,48.653106555000079],[-94.313716344999989,48.662158365000039],[-94.316598977999945,48.670446120000065],[-94.331411952999986,48.67696391000004],[-94.353183937999972,48.689177476000054],[-94.363705503999938,48.700506477000033],[-94.382353079999973,48.703565543000082],[-94.399360595999951,48.700478743000076],[-94.413065420999942,48.69421483800005],[-94.425226502999976,48.695101773000033],[-94.445178842999951,48.700109129000055],[-94.462581981999961,48.703441892000058],[-94.476652638999951,48.70031264000005],[-94.489950712999985,48.691945414000031],[-94.510998234999988,48.68933727600006],[-94.526259024999945,48.692638824000028],[-94.541150009999967,48.692648535000046],[-94.560358933999964,48.691357647000075],[-94.576183026999956,48.699588651000056],[-94.594670096999948,48.709935908000034],[-94.608033079999984,48.712760519000028],[-94.629855999999961,48.715817822000076],[-94.650572902999954,48.717964604000031],[-94.665095313999984,48.724678116000064],[-94.685456955999939,48.732939393000038],[-94.699702983999941,48.742334369000048],[-94.711511350999956,48.749763296000026],[-94.721115337999947,48.754781138000055],[-94.725774942999976,48.758707123000079],[-94.73021109199999,48.773233184000048],[-94.728825767999979,48.785315566000065],[-94.721758940999962,48.798837899000034],[-94.709777413999973,48.809476432000054],[-94.700875383999971,48.834326144000045],[-94.706075796999983,48.834375128000033],[-94.717881138999985,48.832246156000053],[-94.727946553999971,48.826815531000079],[-94.738562793999961,48.827361142000029],[-94.750736936999942,48.829114464000043],[-94.761706198999946,48.82354024600005],[-94.775169067999968,48.81753937700006],[-94.786715442999991,48.816745854000033],[-94.790015769999968,48.821253967000075],[-94.781638224999938,48.832974578000062],[-94.773150337999937,48.838870926000027],[-94.757448846999978,48.843507414000044],[-94.740837162999981,48.848283026000047],[-94.726930609999954,48.853380189000063],[-94.731846545999986,48.856261962000076],[-94.740787273999956,48.856045440000059],[-94.757645836999984,48.850376450000056],[-94.775161361999949,48.84560689500006],[-94.799065585999983,48.837905115000069],[-94.814465489999975,48.836844270000029],[-94.828452770999945,48.83860622800006],[-94.843745876999947,48.843064925000078],[-94.856593336999936,48.845411538000064],[-94.871711839999989,48.847327698000072],[-94.883617733999984,48.851753992000056],[-94.898237617999939,48.862470631000065],[-94.90100608399996,48.871897068000067],[-94.905653955999981,48.889995467000062],[-94.92232748899994,48.906843818000027],[-94.940227164999953,48.918922646000055],[-94.959310544999937,48.928470422000032],[-94.969625390999965,48.934517498000048],[-94.974660918999973,48.944703095000079],[-94.981948622999937,48.955800142000044],[-94.994999640999936,48.961267958000064],[-95.003452179999954,48.964015286000063],[-95.010710922999976,48.963619840000035],[-95.03131734599998,48.964661351000075],[-95.038952505999987,48.96904214400007],[-95.045675076999942,48.973863786000038],[-95.054958007999971,48.974524520000045],[-95.057051909999984,48.971106830000053],[-95.057390433999956,48.949620859000049],[-95.062528819999955,48.939806547000046],[-95.070956167999952,48.936878856000078],[-95.08340015899995,48.937857523000048],[-95.096064306999949,48.93928420900005],[-95.113534569999956,48.937457536000068],[-95.121059681999952,48.934073269000066],[-95.120223875999955,48.929292326000052],[-95.114184093999938,48.924179486000071],[-95.112904940999954,48.918798505000041],[-95.116600559999938,48.913897119000069],[-95.121590503999983,48.913332012000069],[-95.131317721999949,48.913990633000026],[-95.136544706999985,48.912680243000068],[-95.140789016999975,48.908826303000069],[-95.148829620999948,48.900667361000046],[-95.162719447999962,48.894931504000056],[-95.168376053999964,48.89511501000004],[-95.174454546999982,48.897539638000069],[-95.179874861999963,48.898467523000079],[-95.183306892999951,48.895801318000053],[-95.193567005999967,48.890339241000049],[-95.200827493999952,48.889038213000049],[-95.217126858999961,48.88883325900008],[-95.234095546999981,48.889376390000052],[-95.240436503999945,48.889112970000042],[-95.251715574999992,48.892159819000028],[-95.264105546999986,48.897002691000068],[-95.274496290999991,48.898848815000065],[-95.284893017999991,48.900246416000073],[-95.286164103999965,48.907566245000055],[-95.287628200999961,48.917722498000046],[-95.291161091999982,48.925351979000027],[-95.297423314999946,48.932099686000072],[-95.300932298999953,48.936138263000032],[-95.309774516999937,48.944426288000045],[-95.318205734999935,48.949767474000055],[-95.322161738999966,48.955674918000057],[-95.323589797999944,48.96495129300007],[-95.292010076999986,48.987722698000027],[-95.589354000999947,48.98786745600006],[-95.82255629499997,48.988364060000038],[-95.845760584999937,48.988391928000055],[-97.238025036999943,48.983697784000071],[-97.438432272999989,48.984940935000054],[-97.66922419399998,48.986865428000044],[-97.723644010999976,48.98770410700007],[-98.105247274999954,48.991193390000035],[-98.105592515999945,48.944075602000055],[-98.099721444999943,48.738296547000061],[-98.098904214999948,48.69040142800003],[-98.097564198999976,48.595171747000052],[-98.095568416999981,48.52072047200005],[-98.094520201999956,48.439334104000068],[-98.09273651999996,48.35501049700008],[-98.09093465899997,48.292426421000073],[-98.090084865999984,48.243139471000063],[-98.090249418999974,48.198646947000043],[-98.213169403999984,48.104564412000059],[-98.213160816999959,48.104328312000064],[-98.344341898999971,48.00353554600008],[-98.682816141999979,48.07681610700007],[-99.008541802999957,48.144944370000076],[-99.261480047999953,48.126711752000062],[-99.432780599999944,48.006641063000075],[-99.667003162999947,47.84553234200007],[-99.765313764999974,47.774544605000074],[-99.853273294999951,47.719352141000059],[-99.86613910799997,47.706259810000063],[-99.855395440999985,47.713838592000059],[-99.834014266999986,47.720053625000048],[-99.81630628299996,47.724040502000037],[-99.802254306999941,47.721863379000069],[-99.789298764999955,47.720721156000081],[-99.764593640999976,47.720467825000071],[-99.755897466999954,47.725065144000041],[-99.750353257999961,47.726166323000029],[-99.739766805999977,47.727407443000061],[-99.733861361999971,47.72719274800005],[-99.724311869999951,47.71780209800005],[-99.711462147999953,47.709448276000046],[-99.66152436699997,47.709301775000029],[-99.647578450999958,47.71062710700005],[-99.532803891999947,47.709713565000072],[-99.508406545999947,47.71175269500003],[-99.499151859999984,47.718657110000038],[-99.490110372999936,47.729341075000036],[-99.47529011599994,47.737144670000077],[-99.464985765999984,47.741498828000033],[-99.447432334999974,47.740737943000056],[-99.423238783999977,47.741658013000063],[-99.41061762399994,47.740766868000037],[-99.399123738999947,47.73590902400008],[-99.384667754999953,47.730216103000032],[-99.371551328999942,47.728425221000066],[-99.341087221999942,47.725399020000054],[-99.321599463999974,47.721944152000049],[-99.287094893999949,47.720257894000042],[-99.272545494999974,47.715691015000061],[-99.259308294999983,47.70938719600008],[-99.238882523999962,47.699658711000041],[-99.209529745999987,47.696008362000043],[-99.177045481999983,47.696779313000036],[-99.156495335999978,47.695180806000053],[-99.136380631999941,47.691108279000048],[-99.121733915999982,47.684255906000033],[-99.105035060999967,47.675556310000047],[-99.089953764999962,47.665492268000037],[-99.076523002999977,47.649873451000076],[-99.064838518999977,47.640296219000049],[-99.048719188999939,47.631575732000044],[-99.027010058999963,47.622979236000049],[-99.007581500999947,47.615085407000038],[-98.995204533999981,47.608167604000073],[-98.986112317999982,47.599660953000068],[-98.985148785999968,47.591351742000029],[-98.983291803999975,47.581926144000079],[-98.977614076999942,47.574478519000081],[-98.963415521999991,47.567834292000043],[-98.948032961999957,47.567936342000053],[-98.937541228999976,47.567929683000045],[-98.925550844999975,47.565824752000026],[-98.907024663999948,47.565990597000052],[-98.900030306999952,47.558568088000072],[-98.888968710999961,47.553836281000031],[-98.871938460999957,47.548521351000034],[-98.866523441999959,47.544850110000027],[-98.86559036899996,47.532325190000051],[-98.854525167999952,47.527353712000036],[-98.843101727999965,47.522152177000066],[-98.833872649999989,47.519033639000043],[-98.829312819999984,47.51865650700006],[-98.823814313999947,47.520666042000073],[-98.817628064999951,47.522926486000074],[-98.805463174999943,47.524365011000043],[-98.80162288799994,47.524445287000049],[-98.797905908999951,47.519552152000074],[-98.798796789999983,47.50840833400008],[-98.804310043999976,47.49906126500008],[-98.814090415999942,47.476130559000069],[-98.816432443999986,47.450986564000061],[-98.817997319999961,47.431894576000047],[-98.836092691999966,47.400494608000031],[-98.842287369999951,47.391128273000049],[-98.846257575999971,47.363811311000063],[-98.852153535999946,47.355633880000028],[-98.865116689999979,47.342094433000057],[-98.866212483999959,47.335676455000055],[-98.866795313999944,47.325716747000058],[-98.855712332999985,47.319559337000044],[-98.848441244999947,47.308409021000045],[-98.849178147999964,47.294181900000069],[-98.850245265999945,47.28108411900007],[-98.855503002999967,47.274339308000037],[-98.861403453999969,47.269475396000075],[-98.869261534999964,47.270822721000059],[-98.875174615999981,47.260272618000045],[-98.881692637999947,47.246619716000055],[-98.886507016999985,47.23647107100004],[-98.884984458999952,47.221720936000054],[-98.821441130999972,47.17038851600006],[-98.819449354999961,47.157161682000037],[-98.799568894999936,47.135401941000055],[-98.798218996999992,47.116573838000079],[-98.785678849999954,47.099546814000064],[-98.782761645999983,47.07412621900005],[-98.775956209999947,47.065925887000049],[-98.776397096999972,47.041039492000039],[-98.774943243999985,47.033333313000071],[-98.769806634999952,47.028851588000066],[-98.748481805999972,47.013213999000072],[-98.749788373999991,46.981590342000061],[-98.749043794999977,46.974778353000033],[-98.747239061999949,46.96905025500007],[-98.743401735999953,46.96245373000005],[-98.740229411999962,46.955843258000073],[-98.736340299999938,46.948033537000072],[-98.731471903999989,46.94312668200007],[-98.729932790999953,46.933295534000081],[-98.73214762899994,46.928242537000074],[-98.737982622999937,46.924935628000071],[-98.739338123999971,46.920507093000026],[-98.738755498999978,46.917332498000064],[-98.736135049999973,46.91313772500007],[-98.731174537999948,46.911115556000027],[-98.723143633999939,46.909763295000062],[-98.706726106999952,46.909037298000044],[-98.698689429999945,46.907531935000065],[-98.693255345999944,46.904759254000055],[-98.686792982999975,46.898668701000076],[-98.67872551399995,46.896403995000071],[-98.666265359999954,46.89407549200007],[-98.649695046999966,46.888337775000025],[-98.635022703999937,46.88161176300008],[-98.624411643999963,46.872717014000045],[-98.623696247999987,46.862297701000045],[-98.619840841999974,46.856113794000066],[-98.613191545999939,46.849226018000081],[-98.601602792999984,46.84319380200003],[-98.600749755999971,46.836001482000029],[-98.59651943099999,46.827357567000035],[-98.590594005999947,46.817797916000075],[-98.584915075999959,46.807474064000075],[-98.585500877999948,46.794940354000062],[-98.598087766999981,46.775435113000071],[-98.607121872999983,46.766908403000059],[-98.615546151999979,46.757064615000047],[-98.62054640599996,46.744631256000048],[-98.621243818999972,46.734939435000058],[-98.624827597999968,46.715131988000053],[-98.623917903999939,46.706609999000079],[-98.628584536999938,46.699495211000055],[-98.628880558999981,46.693416142000046],[-98.625003204999985,46.686471065000035],[-98.622520283999961,46.679877657000077],[-98.622291991999987,46.662926826000046],[-98.615551945999982,46.653380534000064],[-98.610018310999976,46.646277382000051],[-98.605877431999943,46.632882468000048],[-98.605797387999985,46.624342185000046],[-98.598419328999967,46.619172758000047],[-98.59013827199999,46.612122355000054],[-98.572374428999979,46.58874127100006],[-98.560892088999992,46.584029139000052],[-98.546567954999944,46.577092850000042],[-98.531566574999943,46.566940600000066],[-98.501398888999972,46.549119395000048],[-98.483331710999948,46.537614456000028],[-98.47188749999998,46.532058149000079],[-98.467078111999967,46.52728795400003],[-98.467225298999949,46.519842566000079],[-98.471751488999985,46.511859170000037],[-98.472360141999957,46.499392128000068],[-98.467790918999981,46.495072794000066],[-98.457264641999984,46.490257070000041],[-98.447381488999952,46.484972795000033],[-98.432701085999952,46.480687997000075],[-98.423515842999961,46.476300396000056],[-98.41572965499995,46.468240617000049],[-98.41327006299997,46.461449792000053],[-98.410360045999937,46.454363242000056],[-98.397784565999984,46.445946679000031],[-98.384781574999977,46.43630852900003],[-98.378672415999972,46.427303921000032],[-98.374962945999982,46.416356397000072],[-98.354398363999962,46.402483167000071],[-98.352070501999947,46.384292572000049],[-98.332912413999964,46.348737315000051],[-98.331670147999944,46.335570205000067],[-98.324819575999982,46.326431824000053],[-98.324846565999962,46.317883479000045],[-98.32247764899995,46.300116831000025],[-98.319327894999958,46.289012132000039],[-98.315671258999942,46.273404141000071],[-98.31100741299997,46.258288202000074],[-98.303003201999957,46.245367729000066],[-98.295910989999982,46.238605162000056],[-98.288897843999962,46.233978161000039],[-98.279842360999965,46.229623828000058],[-98.273677927999984,46.229493542000057],[-98.266162609999981,46.22986134100006],[-98.256629195999949,46.231213470000057],[-98.244692838999981,46.232368626000039],[-98.238127224999971,46.230581120000068],[-98.228467270999943,46.228371013000071],[-98.215071229999978,46.226935935000029],[-98.198893457999986,46.217669426000043],[-98.179537348999986,46.202080831000046],[-98.163787563999961,46.191654525000047],[-98.163657268999941,46.177881015000025],[-98.168470054999943,46.153219766000063],[-98.180829647999985,46.124839659000031],[-98.18903678199996,46.111818525000047],[-98.19469576399996,46.100284241000054],[-98.19550366499999,46.087571166000032],[-98.19988783499997,46.044010215000071],[-98.203952019999974,46.02903936000007],[-98.210140435999961,46.026828517000069],[-98.223655987999962,46.020059806000063],[-98.229560854999988,46.014180251000028],[-98.231229423999991,46.00578759900003],[-98.232089539999947,45.999233543000059],[-98.234123780999937,45.988857209000059],[-98.237099178999983,45.980441541000062],[-98.241580701999965,45.977626977000057],[-98.244172468999977,45.970738393000033],[-98.249190326999951,45.958484508000026],[-98.253836485999955,45.937262538000027],[-98.240393715999971,45.926999376000026],[-98.234956743999987,45.921160683000039],[-98.233632067999963,45.914490651000051],[-98.236568539999951,45.911245913000073],[-98.244774167999992,45.909127202000036],[-98.259969325999975,45.907495224000058],[-98.270133494999982,45.905340848000037],[-98.276426117999961,45.898537833000034],[-98.27679582799999,45.882154693000075],[-98.276522344999989,45.865045300000077],[-98.285115040999983,45.858001175000027],[-98.291777601999968,45.854080594000038],[-98.295250998999961,45.846650279000073],[-98.299622806999992,45.835875775000034],[-98.30231990599998,45.825843684000063],[-98.307290943999988,45.812918142000058],[-98.313601365999943,45.799492651000037],[-98.314386764999938,45.793059612000036],[-98.311689542999943,45.784311026000069],[-98.303758335999987,45.781123483000044],[-98.301181446999976,45.770162794000044],[-98.301777957999946,45.75660941700005],[-98.30502239499998,45.750160700000038],[-98.314537322999968,45.742839230000072],[-98.33100512599998,45.735544344000061],[-98.351600537999957,45.728324603000033],[-98.362849451999978,45.721119801000043],[-98.363319177999983,45.693200440000055],[-98.369492135999963,45.683444651000059],[-98.373108180999964,45.674337875000049],[-98.378482519999977,45.647776705000069],[-98.377788876999944,45.63500360900008],[-98.373750037999969,45.631424541000058],[-98.36887835899995,45.628773865000028],[-98.36404657199995,45.627187786000036],[-98.358803949999981,45.626217877000045],[-98.349892797999985,45.625771034000081],[-98.338185740999961,45.625982961000034],[-98.326511916999948,45.627106523000066],[-98.320619474999944,45.626146753000057],[-98.317064218999974,45.621219010000061],[-98.315607353999951,45.610970336000037],[-98.31034933899997,45.608019876000071],[-98.30910038899998,45.603475513000035],[-98.308616090999976,45.597585494000043],[-98.31114572499996,45.592593021000027],[-98.315369002999944,45.589472988000068],[-98.318370326999968,45.582568955000056],[-98.316621141999974,45.579175099000054],[-98.312122933999945,45.574688614000081],[-98.309520697999972,45.570168103000071],[-98.308856393999974,45.542072898000072],[-98.316915042999938,45.532794013000057],[-98.324554828999965,45.526947549000056],[-98.327822769999955,45.520037459000037],[-98.329175561999989,45.512590746000058],[-98.326886713999954,45.50920624500003],[-98.322316658999966,45.502627245000042],[-98.31425926999998,45.496871818000045],[-98.30944846899996,45.491057839000064],[-98.308417314999986,45.484985797000036],[-98.308135664999952,45.477187291000064],[-98.306376181999951,45.473412074000066],[-98.30266973099998,45.468148859000053],[-98.300849207999988,45.462661554000078],[-98.302043222999941,45.458262482000066],[-98.309279192999952,45.456420188000038],[-98.314510922999943,45.45899126300003],[-98.321413229999962,45.462864463000074],[-98.327561041999957,45.460850384000025],[-98.327304855999955,45.453812375000041],[-98.326411373999974,45.444120898000051],[-98.334842377999962,45.437300103000041],[-98.335714779999989,45.431573775000061],[-98.331627258999958,45.423272119000046],[-98.329202972999951,45.416082334000066],[-98.333358227999952,45.411438604000068],[-98.336293704999946,45.403009505000057],[-98.33873007599999,45.395731430000069],[-98.349749749999944,45.386774074000073],[-98.353179884999975,45.377192802000081],[-97.483424319999983,45.06600264900004],[-97.357773902999952,45.019252522000045],[-97.257365393999976,44.98175326300003],[-97.239141808999989,44.976216204000025]]]]},"properties":{"OBJECTID":5,"type":"unceded land","date_open":"","COUNT":42,"SHAPE_Length":189.0922374233902,"SHAPE_Area":309.20859458351583}},{"type":"Feature","id":6,"geometry":{"type":"Polygon","coordinates":[[[-96.470513690999951,42.00045779800007],[-96.176922068999943,41.999599228000079],[-96.177737884999942,42.004980076000038],[-96.180154313999992,42.009162533000051],[-96.180167030999939,42.013946498000053],[-96.179377820999946,42.018731621000029],[-96.178588497999954,42.023516714000039],[-96.176193421999983,42.027706122000041],[-96.17379804899997,42.031895464000058],[-96.169798109999988,42.036086984000065],[-96.163383906999968,42.037291712000069],[-96.159383003999949,42.041482866000081],[-96.164203449999945,42.044466355000054],[-96.169826591999936,42.047448530000054],[-96.175448677999952,42.04983246300003],[-96.181069563999984,42.051618163000057],[-96.185092599999962,42.055797917000064],[-96.189117803999977,42.060575482000047],[-96.193141867999941,42.06475492900006],[-96.196363905999988,42.068935518000046],[-96.200387146999958,42.072516731000064],[-96.203609999999969,42.076697094000053],[-96.205229734999989,42.081478013000037],[-96.207652426999971,42.086257520000061],[-96.21087638399996,42.090437628000075],[-96.214102630999946,42.09521557000005],[-96.217327412999964,42.099395465000043],[-96.220554542999992,42.10417319000004],[-96.226183129999981,42.106554636000055],[-96.227805172999979,42.111335096000062],[-96.222996864999971,42.114333636000026],[-96.218190058999937,42.117929903000061],[-96.218207413999949,42.123311213000079],[-96.222235043999945,42.126891490000048],[-96.227865579999957,42.129272798000045],[-96.234303921999981,42.13284813000007],[-96.238335078999967,42.137025750000078],[-96.242364590999955,42.140605308000033],[-96.247195759999954,42.143585187000042],[-96.25282856299998,42.145965299000068],[-96.259262937999949,42.147745537000048],[-96.265699998999992,42.150123335000046],[-96.270532875999947,42.153102259000036],[-96.276169736999975,42.15607916700003],[-96.280202386999974,42.159657399000025],[-96.285041626999941,42.163831505000076],[-96.285044146999951,42.164429397000049],[-96.295538714999964,42.175166568000066],[-96.512287545999982,42.175760913000033],[-96.512042981999969,42.143475625000065],[-96.691374171999939,42.143936583000027],[-96.676221726999984,42.126723194000078],[-96.653167796999981,42.106640488000039],[-96.640931939999973,42.096601088000057],[-96.629393851999964,42.084429516000057],[-96.601339375999942,42.060639151000032],[-96.576244136999946,42.046932749000064],[-96.572631671999943,42.041631419000055],[-96.550385208999955,42.025778675000026],[-96.528957739999953,42.022150639000074],[-96.51748493599996,42.014222170000039],[-96.506763679999949,42.011076122000077],[-96.488935499999968,42.011148964000029],[-96.479634719999979,42.006931111000029],[-96.470513690999951,42.00045779800007]]]},"properties":{"OBJECTID":6,"type":"reservation","date_open":"1882-08-07","COUNT":1,"SHAPE_Length":1.2591504196630428,"SHAPE_Area":0.065666137163435986}},{"type":"Feature","id":7,"geometry":{"type":"Polygon","coordinates":[[[-94.525478034999992,33.652795153000056],[-94.517674786999976,33.65459968600004],[-94.513237698999944,33.65950693800005],[-94.511230600999966,33.668651016000069],[-94.509522714999946,33.67416881500003],[-94.505788214999939,33.678130165000027],[-94.50028567399994,33.679009767000025],[-94.49186950099994,33.676982525000028],[-94.483766127999957,33.670755289000056],[-94.477933226999937,33.665323612000066],[-94.476888223999936,33.678439703000038],[-94.473835296999937,33.716733164000061],[-94.461102499999981,33.876048919000027],[-94.458389736999948,33.921405961000062],[-94.455043854999985,34.032768334000025],[-94.452984632999971,34.080832665000059],[-94.449732869999991,34.186901682000041],[-94.447868786999948,34.225118480000049],[-94.440562611999951,34.456903604000047],[-94.438637571999948,34.497523326000078],[-94.434827973999973,34.611231628000041],[-94.432933294999941,34.650065507000079],[-94.430526634999978,34.747908463000044],[-94.429932239999971,34.776302557000065],[-94.427294108999945,34.884800849000044],[-94.42347663399994,34.911000215000058],[-94.42198037999998,34.999194842000065],[-94.419926917999987,35.02757577400007],[-94.416186835999952,35.066819539000051],[-94.41420484799994,35.143057570000053],[-94.409526879999987,35.260063316000071],[-94.409102430999951,35.297870770000031],[-94.408964246999972,35.310171496000066],[-94.408717293999985,35.332144602000028],[-94.408455803999971,35.361458052000046],[-94.413230354999939,35.408030819000032],[-94.416000217999965,35.426298603000077],[-94.419629697999937,35.445155930000055],[-94.562526053999989,36.180205300000068],[-94.626773464999985,36.510639126000058],[-94.626676155999974,36.619004690000054],[-94.62654330099997,36.766451369000038],[-94.626503003999971,36.811060145000056],[-94.626486435999936,36.829384842000024],[-94.626449639999976,36.870049662000042],[-94.626410684999939,36.913054601000056],[-94.626309295999988,37.02474647400004],[-94.935976453999956,37.016247589000045],[-94.964031441999964,37.015435711000066],[-95.021001182999953,37.013765647000071],[-95.04425908799999,37.013075588000049],[-95.560327314999938,37.015534323000054],[-95.755074085999979,37.008288439000069],[-95.881125292999968,37.003419277000035],[-96.001938258999985,37.002974313000038],[-96.00277435299995,36.945018840000046],[-96.004059715999972,36.855744431000062],[-96.002036425999961,36.455204106000053],[-96.001659336999978,36.167029606000028],[-95.751383436999959,36.167831378000074],[-95.393729829999984,36.169496379000066],[-95.394620041999985,36.061152243000038],[-95.395972469999947,35.895959058000074],[-95.396134909999944,35.892934039000068],[-95.397141903999966,35.892581806000067],[-95.396253257999945,35.890729963000069],[-95.392459892999966,35.882823898000026],[-95.388658349999957,35.873702018000074],[-95.386640546999956,35.865317965000031],[-95.384156846999986,35.859236945000077],[-95.37515648599998,35.848265769000079],[-95.374198415999956,35.838188750000029],[-95.37323854999994,35.828354479000041],[-95.373497460999943,35.815372217000061],[-95.366823882999938,35.811815614000068],[-95.358068934999949,35.80517310700003],[-95.367541287999984,35.779994156000043],[-95.39807006999996,35.706076107000058],[-95.436854627999992,35.612848976000066],[-95.450510252999948,35.579967415000056],[-95.510799188999954,35.434140343000024],[-95.566418427999963,35.297973642000045],[-95.554788908999967,35.273615363000033],[-95.561832871999968,35.270283164000034],[-95.569810514999972,35.263040560000036],[-95.576566679999985,35.255563079000069],[-95.580794533999949,35.250698078000028],[-95.584244336999973,35.245987291000063],[-95.584581884999977,35.245854769000061],[-95.59030321299997,35.240110214000026],[-95.596972652999966,35.23640215000006],[-95.608360584999957,35.236515453000038],[-95.62741207199997,35.237657196000043],[-95.641058756999939,35.237989379000055],[-95.656442699999957,35.230643479000037],[-95.664211216999945,35.225716033000026],[-95.671553949999975,35.226886507000074],[-95.675783094999986,35.229911378000054],[-95.676402715999984,35.238385394000034],[-95.672514121999939,35.247274628000071],[-95.669336140999974,35.253581835000034],[-95.672813712999982,35.258760356000039],[-95.681222282999954,35.257062135000069],[-95.689291207999986,35.25277823700003],[-95.693882763999966,35.242741843000033],[-95.697061706999989,35.235572660000059],[-95.699173212999938,35.229021449000072],[-95.705900847999942,35.212627475000033],[-95.711170595999988,35.206899177000025],[-95.723072569999943,35.204632727000046],[-95.739507001999982,35.206395256000064],[-95.749989844999959,35.20753602800005],[-95.753571503999979,35.204545307000046],[-95.757880733999968,35.198889261000033],[-95.764603085999966,35.19676004300004],[-95.773555086999977,35.197391206000077],[-95.780826562999948,35.198630820000062],[-95.786040119999939,35.202009720000035],[-95.792376494999985,35.204318631000035],[-95.800376760999939,35.21244891300006],[-95.808018188999938,35.21567804600005],[-95.816972828999951,35.21630570800005],[-95.824815275999981,35.213868397000056],[-95.835094206999941,35.206227978000072],[-95.844986171999949,35.204251666000062],[-95.858045512999979,35.204116058000068],[-95.869799710999985,35.203518012000075],[-95.878760127999954,35.200006366000025],[-95.887548744999947,35.186158157000079],[-95.894084298999985,35.180805407000037],[-95.900620750999963,35.174074234000045],[-95.913318819999972,35.159232528000075],[-95.921340978999979,35.154491931000052],[-95.928239171999962,35.154343505000043],[-95.942781088999936,35.154198865000069],[-95.951541150999958,35.157724709000036],[-95.958997475999979,35.160177580000038],[-95.968692638999983,35.160486981000076],[-95.980811804999973,35.160489746000053],[-95.991812294999988,35.160337991000063],[-96.000388910999959,35.158960248000028],[-96.021080400999949,35.145177888000035],[-96.044927159999986,35.12228049600003],[-96.054425260999949,35.114161409000076],[-96.059262263999983,35.104513088000033],[-96.06279350799997,35.094252974000028],[-96.07042361799995,35.086286889000064],[-96.078611956999964,35.079391673000032],[-96.090528930999938,35.077086001000055],[-96.103926316999946,35.068500456000038],[-96.110425991999989,35.056322604000059],[-96.117490088999944,35.04927273100003],[-96.128829894999967,35.039614889000063],[-96.135888448999935,35.031339192000075],[-96.140337085999988,35.021535509000046],[-96.144782777999978,35.010813189000032],[-96.151841199999978,35.004680003000033],[-96.158352325999942,35.004211582000039],[-96.166167812999959,35.004659377000053],[-96.175653986999976,35.003419960000031],[-96.181596275999937,34.998664505000079],[-96.193854199999976,34.990529858000059],[-96.199992191999968,34.990212732000032],[-96.209293806999938,34.99034858400006],[-96.21730218099998,34.993548014000055],[-96.228106042999968,34.998118959000067],[-96.238354035999976,35.002996256000074],[-96.245806315999971,35.00604177200006],[-96.256969560999948,35.005863270000077],[-96.271352598999954,35.001927975000058],[-96.283422378999944,35.003332902000068],[-96.296222249999971,35.005452180000077],[-96.31107984099998,35.012826804000042],[-96.323756421999974,35.019488273000036],[-96.333957044999977,35.024720574000071],[-96.345450629999959,35.026240116000054],[-96.355758686999991,35.022978026000033],[-96.36256493999997,35.017334414000061],[-96.371585335999953,35.007914455000048],[-96.375602671999957,34.997375722000072],[-96.383340889999943,34.975820782000028],[-96.396028688999991,34.95711847900003],[-96.406403363999971,34.941533108000044],[-96.416204868999955,34.928101869000045],[-96.427436931999978,34.911554989000024],[-96.436410020999972,34.906736159000047],[-96.448605532999977,34.906926421000037],[-96.457922613999983,34.911193470000057],[-96.466178482999965,34.914024226000038],[-96.471017053999958,34.915682881000066],[-96.480021573999977,34.916122444000052],[-96.493598030999976,34.905299163000052],[-96.502572530999942,34.901431689000049],[-96.510694785999988,34.900437647000047],[-96.523406536999971,34.891528297000036],[-96.532961770999975,34.888133997000068],[-96.541975456999978,34.89024270200008],[-96.551946421999958,34.894159691000027],[-96.553192381999963,34.905634291000069],[-96.55386505499996,34.918068656000059],[-96.559124004999944,34.922347540000032],[-96.56618509599997,34.923228952000045],[-96.570169892999957,34.923726152000029],[-96.580032329999938,34.922239602000047],[-96.593899059999956,34.91307663200007],[-96.608416901999988,34.912997519000044],[-96.628745846999948,34.913361907000024],[-96.642707634999965,34.916151725000077],[-96.661358784999948,34.923695611000028],[-96.674196557999949,34.930315323000059],[-96.687023428999964,34.935498495000047],[-96.703842047999956,34.932522153000036],[-96.724711284999955,34.928081549000069],[-96.732767886999966,34.920374137000067],[-96.733222128999955,34.907454796000025],[-96.72787987199996,34.895530781000048],[-96.72722496199998,34.887881170000071],[-96.736400254999978,34.876339496000071],[-96.745030449999945,34.868627739000033],[-96.751481625999986,34.875281021000035],[-96.757972681999945,34.885760650000066],[-96.766758464999953,34.893353854000054],[-96.776474535999967,34.899364708000064],[-96.778523447999987,34.900632042000041],[-96.794939256999953,34.904533339000068],[-96.807906843999945,34.911614862000079],[-96.816350185999966,34.919015537000064],[-96.823756065999987,34.926997459000063],[-96.838153275999957,34.936648313000035],[-96.856286704999945,34.93737021000004],[-96.869806104999952,34.930949608000049],[-96.882710863999989,34.93170824300006],[-96.89392133399997,34.936497673000076],[-96.91323745599999,34.948395320000031],[-96.928354695999985,34.95860288700004],[-96.945078020999972,34.957599818000062],[-96.959294316999944,34.951449160000038],[-96.972406625999952,34.941000743000075],[-96.997257064999985,34.922408232000066],[-97.005453656999975,34.91800672100004],[-97.012480498999992,34.914232478000031],[-97.019444977999967,34.913881300000071],[-97.033381668999937,34.913751628000057],[-97.045271900999978,34.916797040000063],[-97.058589349999977,34.922123837000072],[-97.072199608999938,34.923427622000077],[-97.08378604699999,34.929342342000041],[-97.098128731999964,34.932932129000051],[-97.110666300999981,34.932232547000069],[-97.12486845899997,34.926347741000029],[-97.139508585999977,34.926484555000059],[-97.154483954999989,34.925754779000044],[-97.16777941099997,34.929059430000052],[-97.180066756999963,34.934669693000046],[-97.19125551999997,34.936845877000053],[-97.201311807999957,34.933579286000054],[-97.213476743999991,34.931436812000072],[-97.225720894999938,34.934171994000053],[-97.234561285999973,34.94182389100007],[-97.240247299999965,34.948362428000053],[-97.251836453999942,34.953398632000074],[-97.260241297999983,34.955599461000077],[-97.272771361999958,34.954307434000043],[-97.283268543999952,34.95648237100005],[-97.290035523999961,34.964728318000027],[-97.296759211999984,34.970390846000043],[-97.304469930999971,34.972596534000047],[-97.309654856999941,34.969951538000032],[-97.317972228999963,34.966981880000048],[-97.325965740999948,34.965450817000033],[-97.335399577999965,34.966485357000067],[-97.343149684999958,34.970840881000072],[-97.349950465999939,34.980518321000034],[-97.355004023999982,34.989929842000038],[-97.356451162999974,35.012017110000045],[-97.351633420999974,35.035042967000038],[-97.345127036999941,35.042012515000067],[-97.340374897999936,35.049534634000054],[-97.338178381999967,35.063341769000033],[-97.340047433999985,35.070209454000064],[-97.34964507899997,35.07956697000003],[-97.36344883299995,35.089589738000029],[-97.375724386999991,35.092308720000062],[-97.389891287999944,35.102754535000031],[-97.396720880999965,35.113004499000056],[-97.395505973999946,35.122781736000036],[-97.38980173899995,35.135486742000069],[-97.392386987999942,35.142919367000047],[-97.39848391299995,35.151169032000041],[-97.405920872999957,35.156243035000045],[-97.414304130999938,35.155849065000041],[-97.422283066999967,35.152588394000077],[-97.430693341999984,35.153628463000075],[-97.43429883899995,35.159324334000075],[-97.441478206999989,35.168993464000039],[-97.452466264999941,35.176602382000056],[-97.469304610999984,35.179251463000071],[-97.481667183999946,35.185403670000028],[-97.491349061999983,35.197333538000066],[-97.497929329999977,35.211458347000075],[-97.515500082999949,35.215239302000043],[-97.533060813999953,35.218443346000072],[-97.546454891999986,35.223138667000057],[-97.551839818999952,35.229667864000078],[-97.552560314999937,35.247461502000078],[-97.550391312999977,35.260988464000036],[-97.541012209999963,35.264565282000035],[-97.539475554999967,35.274924586000054],[-97.542798629999936,35.283206232000055],[-97.55696523499995,35.290761703000044],[-97.56824861299998,35.294335857000078],[-97.581381498999974,35.302477328000066],[-97.593005762999951,35.305469824000056],[-97.604569112999968,35.305590218000077],[-97.621460752999951,35.30907774800005],[-97.640862632999983,35.315110257000072],[-97.655401922999943,35.322935278000045],[-97.669484510999951,35.325883174000069],[-97.682121529999961,35.326840923000077],[-97.697495952999986,35.324883467000063],[-97.711409021999941,35.320361737000042],[-97.722578100999954,35.318465623000066],[-97.735274745999959,35.322001084000078],[-97.74554404099996,35.326578536000056],[-97.754821122999942,35.333611939000036],[-97.768964223999944,35.338843939000071],[-97.780134606999979,35.336941993000039],[-97.79403106999996,35.331835676000026],[-97.804519996999943,35.330803876000061],[-97.818616968999947,35.334019933000036],[-97.831628793999982,35.335816156000078],[-97.842581769999981,35.33936830600004],[-97.855101821999938,35.349498905000075],[-97.866086716999973,35.354197127000077],[-97.878702057999988,35.353984150000031],[-97.891266266999992,35.351760148000039],[-97.901151145999961,35.354463233000047],[-97.91644851999996,35.363103526000032],[-97.932897944999979,35.361956454000051],[-97.944440536999991,35.360893064000038],[-97.961362983999948,35.351117041000066],[-97.971867498999984,35.350643553000054],[-97.982752864999952,35.351311116000034],[-97.993231016999971,35.356209532000037],[-97.99517855299996,35.357119806000071],[-97.99381492599997,35.086348239000074],[-97.987347438999961,34.011532248000037],[-97.96900471899994,34.006173170000068],[-97.958407212999987,33.995848921000061],[-97.953325506999988,33.976822257000038],[-97.957125897999958,33.957397859000025],[-97.959328563999975,33.942781686000046],[-97.961610794999956,33.931270715000039],[-97.957222785999988,33.916773498000055],[-97.948595341999976,33.904502819000072],[-97.924798072999977,33.892739703000075],[-97.909260622999966,33.890145813000061],[-97.89078269099997,33.895963644000062],[-97.872600156999965,33.902251142000068],[-97.855425892999961,33.903022809000049],[-97.841671134999956,33.903017206000072],[-97.824101767999991,33.911197737000066],[-97.819341111999961,33.927764412000045],[-97.817965897999954,33.942124256000056],[-97.813047522999966,33.95224214600006],[-97.801174035999964,33.95936860900008],[-97.777212867999992,33.964779825000051],[-97.76298479899998,33.969550937000065],[-97.753778451999949,33.980691442000079],[-97.752632371999937,33.993135868000024],[-97.750261241999965,34.002254606000065],[-97.739521380999975,34.009356419000028],[-97.722971320999989,34.013442511000051],[-97.700681900999939,34.017615688000035],[-97.683198164999965,34.018603686000063],[-97.671409516999972,34.017590053000049],[-97.653106324999953,34.007354418000034],[-97.635381693999989,33.99710725400007],[-97.617989480999938,33.988764136000043],[-97.604445219999945,33.985857783000029],[-97.599715627999956,33.979236569000079],[-97.601470116999963,33.967263327000069],[-97.610242939999978,33.94825746500004],[-97.611984878999976,33.935806826000032],[-97.603175277999981,33.925901408000072],[-97.595388450999963,33.923626316000025],[-97.581308595999985,33.921920028000045],[-97.564650350999955,33.934107116000064],[-97.555958032999968,33.943550064000078],[-97.549458930999947,33.948182460000055],[-97.528181146999941,33.94513763100008],[-97.505381840999974,33.937569944000074],[-97.493828831999963,33.933189136000067],[-97.470070302999943,33.920132084000045],[-97.45754758299995,33.909787572000027],[-97.454813275999982,33.901700769000058],[-97.454270087999987,33.888328603000048],[-97.460590339999953,33.874387051000042],[-97.464465403999952,33.867406616000039],[-97.46254007899995,33.85668163400004],[-97.45388286299999,33.853213966000055],[-97.442977286999962,33.851925580000056],[-97.424964908999982,33.853357260000053],[-97.412690771999962,33.855428386000028],[-97.400755212999968,33.86036062200003],[-97.388153608999971,33.860283051000067],[-97.374467453999955,33.863562371000057],[-97.367451796999944,33.871534559000054],[-97.363601969999991,33.880422424000074],[-97.353954722999958,33.885559858000079],[-97.345178141999952,33.891402451000033],[-97.340743330999942,33.899819093000076],[-97.337428172999978,33.90678839900005],[-97.330358473999979,33.912131123000052],[-97.322597969999947,33.910792066000056],[-97.312790920999987,33.907087966000063],[-97.306094793999989,33.900956628000074],[-97.30092214299998,33.900062846000026],[-97.288899145999949,33.900683541000035],[-97.280802638999944,33.903639222000038],[-97.273324569999943,33.911617799000055],[-97.260145121999983,33.928973132000067],[-97.246869172999936,33.940833019000024],[-97.233712262999973,33.942655167000055],[-97.222430002999943,33.93633131100006],[-97.217882150999969,33.932739494000032],[-97.200658841999939,33.919132163000029],[-97.195207312999969,33.900556859000062],[-97.198998538999945,33.886658554000064],[-97.211837184999979,33.865493086000072],[-97.218173223999941,33.849894118000066],[-97.22163108999996,33.833491304000063],[-97.221048749999966,33.81510361800008],[-97.210683187999962,33.79324252300006],[-97.195401854999943,33.767613420000032],[-97.18803227899997,33.753601183000058],[-97.175850280999953,33.742507165000063],[-97.153087255999992,33.730927559000065],[-97.138281712999969,33.734905170000047],[-97.122423005999963,33.74510188000005],[-97.117442432999951,33.756379486000071],[-97.117758962999972,33.777873948000035],[-97.124705132999964,33.80264500100003],[-97.129069482999967,33.826726662000056],[-97.127179784999953,33.834390556000074],[-97.118718443999967,33.842958313000054],[-97.11129002499996,33.843989925000074],[-97.090369607999946,33.842529183000067],[-97.078960528999971,33.84550947200006],[-97.075337413999989,33.85247309600004],[-97.080882374999987,33.859823852000034],[-97.09701258399997,33.866351638000026],[-97.108256493999988,33.87149355300005],[-97.111221592999982,33.878391414000077],[-97.10853246299996,33.890363904000026],[-97.096588957999984,33.896457369000075],[-97.082781324999985,33.892534069000078],[-97.061194916999966,33.885340475000078],[-97.04429675199998,33.88550374700003],[-97.02186997199999,33.900528317000067],[-97.013158740999984,33.913271688000066],[-97.013589071999945,33.924018641000032],[-97.020608042999982,33.934465353000064],[-97.029675997999959,33.947878941000056],[-97.028157200999942,33.96270645900006],[-97.021434240999952,33.97447702900007],[-97.011458703999949,33.979109637000079],[-96.993099401999984,33.978800478000039],[-96.975289157999953,33.976571898000032],[-96.961536927999987,33.977649707000069],[-96.94259276799994,33.976381498000023],[-96.93360899999999,33.968813157000056],[-96.923986574999958,33.955754410000054],[-96.91039430699999,33.922181888000068],[-96.898172115999955,33.90651551600007],[-96.889470708999966,33.897508630000061],[-96.881394231999991,33.89279627600007],[-96.866761016999988,33.890763580000055],[-96.862788986999988,33.894139668000037],[-96.866068234999943,33.905341953000061],[-96.864433771999984,33.912760920000039],[-96.84895903499995,33.912643648000028],[-96.835447831999943,33.908686705000036],[-96.818714377999981,33.898063191000062],[-96.810823899999946,33.88354954700003],[-96.808671198999946,33.869709866000051],[-96.804575979999981,33.861618018000058],[-96.794783232999976,33.856195558000024],[-96.777653761999943,33.861096892000035],[-96.755718496999975,33.872478957000055],[-96.740603882999949,33.87903276600008],[-96.732369970999969,33.886494058000039],[-96.726199117999954,33.900152355000046],[-96.723775994999983,33.916413638000051],[-96.714473464999969,33.932720520000032],[-96.704529155999978,33.942102670000054],[-96.691963056999953,33.947200266000038],[-96.67762178299995,33.946334689000025],[-96.661519213999952,33.940699739000024],[-96.637918906999971,33.929372866000051],[-96.602267944999937,33.915241550000076],[-96.59877099299996,33.907854975000078],[-96.60098915399999,33.898525844000062],[-96.613839747999975,33.893437457000061],[-96.630123824999941,33.888088887000038],[-96.64297677199994,33.883713772000078],[-96.647800908999955,33.878429637000067],[-96.645475164999937,33.874382352000055],[-96.637694672999942,33.868694914000059],[-96.619063783999991,33.866652423000062],[-96.562629311999956,33.863853041000027],[-96.550304465999943,33.862243831000058],[-96.538523957999985,33.856569584000056],[-96.532445919999986,33.847283239000035],[-96.518485056999964,33.815262313000062],[-96.51006588599995,33.811559873000078],[-96.501487834999978,33.81255518100005],[-96.493242308999982,33.820714275000057],[-96.485253708999949,33.82457204800005],[-96.471778763999964,33.820809396000072],[-96.451949704999947,33.807039403000033],[-96.426065219999941,33.78349690500005],[-96.401612654999951,33.75731651500007],[-96.394100638999987,33.742416368000079],[-96.380604090999952,33.730522567000037],[-96.369420223999953,33.723157278000031],[-96.356268269999987,33.722245830000077],[-96.347132135999971,33.724424868000028],[-96.336270990999992,33.724458993000042],[-96.324269614999992,33.725211939000076],[-96.314294482999969,33.732167408000066],[-96.31090732499996,33.742685965000078],[-96.312666920999959,33.75342874200004],[-96.324435944999948,33.764142267000068],[-96.326188713999954,33.772735533000059],[-96.323371440999949,33.782775661000073],[-96.315679172999978,33.790202699000076],[-96.300242852999986,33.793112634000067],[-96.281075562999945,33.793163819000029],[-96.274760195999988,33.787208590000034],[-96.278430728999979,33.774062455000035],[-96.278972891999956,33.765940252000064],[-96.276665924999975,33.760691547000079],[-96.267229345999965,33.760715134000066],[-96.252368310999941,33.763377910000031],[-96.226120505999972,33.783976583000026],[-96.205586083999947,33.806469716000038],[-96.195347523999942,33.830613739000057],[-96.193093027999964,33.844472180000025],[-96.193121317999953,33.855579742000032],[-96.186836504999974,33.861323731000027],[-96.168225112999949,33.861592941000026],[-96.156489185999988,33.863521452000043],[-96.146200549999946,33.873807555000042],[-96.137040130999992,33.875969393000048],[-96.119278510999948,33.872645952000028],[-96.103528571999959,33.873378699000057],[-96.093514592999952,33.881031976000031],[-96.083491222999953,33.881995650000079],[-96.070598062999977,33.877227115000039],[-96.056563144999984,33.875324252000041],[-96.047688494999989,33.880822786000067],[-96.04024205099995,33.881303557000024],[-96.025633280999955,33.876291445000049],[-96.015036028999987,33.872949089000031],[-96.005872129999943,33.877010946000041],[-96.003581381999936,33.886088607000033],[-95.99699334799999,33.888955245000034],[-95.986681346999944,33.889432244000034],[-95.978086853999969,33.893491923000056],[-95.96519454099996,33.897071883000024],[-95.956312369999978,33.89969646000003],[-95.945985539999981,33.918564313000047],[-95.94054532499996,33.913066911000044],[-95.927654294999968,33.909953508000058],[-95.915620129999979,33.910183748000065],[-95.904167700999949,33.903485317000047],[-95.895875377999971,33.891772169000035],[-95.881569547999959,33.881007737000061],[-95.860389157999975,33.873338430000047],[-95.836343843999941,33.868288481000036],[-95.814864833999991,33.868970734000072],[-95.796523948999948,33.873954511000079],[-95.782196479999982,33.876793391000035],[-95.769600170999979,33.875095306000048],[-95.757854415999986,33.876264244000026],[-95.746385904999954,33.88006027800003],[-95.748647060999986,33.889143152000031],[-95.758644376999939,33.898004608000065],[-95.761764061999941,33.908044894000057],[-95.759729682999989,33.917118405000053],[-95.747978849999981,33.917808556000068],[-95.729070823999962,33.916568720000043],[-95.714737269999944,33.918204422000031],[-95.70411808099999,33.922476260000053],[-95.694659433999959,33.922927972000025],[-95.688095889999943,33.916220275000057],[-95.678660220999973,33.911414963000027],[-95.668341132999956,33.91233962900003],[-95.662865198999953,33.919489709000061],[-95.655090132999987,33.92782683400003],[-95.630698810999945,33.93419726500008],[-95.617206375999956,33.938450981000074],[-95.56564508799994,33.960319617000039],[-95.551290008999956,33.954660324000031],[-95.537785214999985,33.950207988000045],[-95.530958400999964,33.941578178000043],[-95.528045255999984,33.930671580000023],[-95.522140726999964,33.921663182000032],[-95.50819125999999,33.916249804000074],[-95.496966467999982,33.91505187000007],[-95.486230288999991,33.90945938200008],[-95.468397357999947,33.902875909000045],[-95.446407533999945,33.901046387000065],[-95.428744381999991,33.903057502000024],[-95.419788343999983,33.905303584000023],[-95.405594543999939,33.903124813000034],[-95.393503993999957,33.895986925000045],[-95.38439619899998,33.888673532000041],[-95.372746060999987,33.884211505000053],[-95.36563971399994,33.88455258700003],[-95.35300631399997,33.88810944100004],[-95.329922851999982,33.907081521000066],[-95.318909126999984,33.908351080000045],[-95.305223376999948,33.901002206000044],[-95.299354730999937,33.891217716000028],[-95.293423463999943,33.888312700000029],[-95.286080031999973,33.889411518000031],[-95.280733451999936,33.897403213000075],[-95.273906180999973,33.916278739000063],[-95.268079450999949,33.926178168000035],[-95.255128214999957,33.93755800100007],[-95.246354231999987,33.94361381300007],[-95.235545749999972,33.946596643000078],[-95.220183298999984,33.946296725000025],[-95.216029842999944,33.948751640000069],[-95.216213674999949,33.953148989000056],[-95.222325374999969,33.961029205000045],[-95.222009609999986,33.969436901000051],[-95.215297909999947,33.975122932000033],[-95.200346166999964,33.978837113000054],[-95.189819589999956,33.976274627000066],[-95.182757433999939,33.971634627000071],[-95.176630293999949,33.965472164000062],[-95.170030771999961,33.960643751000077],[-95.156519774999936,33.958628737000026],[-95.144621410999946,33.956051308000042],[-95.13144865999999,33.944670332000044],[-95.119196976999945,33.933295354000052],[-95.110147142999949,33.922900961000039],[-95.100146619999975,33.915556087000027],[-95.090968538999959,33.916244428000027],[-95.080143938999981,33.920358382000074],[-95.071189646999983,33.921429210000042],[-95.065283645999955,33.916982817000076],[-95.063520704999974,33.911233930000037],[-95.067719365999949,33.90534509400004],[-95.070128542999953,33.895809601000053],[-95.068143631999988,33.889485703000048],[-95.063385946999972,33.885049193000043],[-95.053371083999991,33.879611363000038],[-95.041230526999982,33.879314083000054],[-95.026537942999937,33.881477200000063],[-95.007052946999977,33.882065834000059],[-94.999245238999947,33.88333222600005],[-94.989449024999942,33.879037204000042],[-94.989767282999992,33.872351067000068],[-94.984809218999942,33.866189287000054],[-94.95235992399995,33.843617464000033],[-94.935956051999938,33.853778418000047],[-94.92591656999997,33.851004302000035],[-94.91731194099998,33.844039101000078],[-94.919514548999985,33.834123313000077],[-94.928789500999983,33.825997378000068],[-94.925951192999946,33.816223112000046],[-94.912658712999985,33.801185278000048],[-94.895269318999965,33.784957997000049],[-94.887756828999954,33.766632099000049],[-94.879134226999952,33.76176636100007],[-94.868428459999961,33.758598109000047],[-94.858314948999976,33.761740968000026],[-94.846902942999975,33.774997055000028],[-94.834515958999987,33.77696712200003],[-94.820179028999974,33.771844166000051],[-94.818993668999951,33.759792503000028],[-94.817701559999989,33.754619043000048],[-94.810186460999944,33.752435128000059],[-94.802785999999969,33.757513355000071],[-94.798758376999956,33.766259171000058],[-94.790940862999946,33.768656792000058],[-94.782086291999974,33.764353984000024],[-94.780854928999986,33.755549979000079],[-94.784371566999937,33.750238823000075],[-94.784920745999955,33.744512315000065],[-94.77927398099996,33.740054091000047],[-94.770200924999983,33.735365820000027],[-94.763239787999964,33.727452423000045],[-94.758791812999959,33.719758450000029],[-94.750909478999972,33.712407126000073],[-94.742270171999962,33.709441343000037],[-94.735866470999952,33.70955815800005],[-94.726133236999942,33.703712192000069],[-94.717956236999953,33.700558830000034],[-94.704876069999955,33.703461044000051],[-94.695628251999949,33.70946503600004],[-94.685441396999977,33.716794540000024],[-94.676823035999973,33.725862053000071],[-94.670082133999983,33.732085681000058],[-94.662277548999953,33.733709753000028],[-94.647950227999956,33.729137561000073],[-94.643759522999972,33.720486498000071],[-94.64455110199998,33.714572756000052],[-94.652438851999989,33.708173996000028],[-94.661457992999942,33.702361913000061],[-94.662951136999936,33.695463239000048],[-94.653860122999959,33.692484881000041],[-94.644742553999947,33.691034051000031],[-94.637955133999981,33.68712768100005],[-94.626536096999985,33.686601841000027],[-94.620726046999948,33.69187843800006],[-94.620369130999961,33.698943833000044],[-94.61455422399996,33.704411230000062],[-94.606322192999983,33.704497097000058],[-94.599285847999965,33.701731525000071],[-94.596402807999937,33.696917318000033],[-94.595569865999948,33.692511729000046],[-94.600741902999971,33.684744236000029],[-94.602661354999952,33.679800951000061],[-94.598137265999981,33.67725871600004],[-94.59060425499996,33.676779141000054],[-94.584874309999975,33.677660060000051],[-94.580379500999982,33.673588869000071],[-94.57536735299999,33.67275898500003],[-94.566156313999954,33.676459354000031],[-94.56001258699996,33.675040597000077],[-94.553934535999986,33.670183019000035],[-94.559540843999969,33.663760981000053],[-94.558481967999967,33.659352287000047],[-94.553717607999943,33.657569337000041],[-94.546861148999938,33.657668931000046],[-94.539975307999953,33.659296270000027],[-94.532735581999987,33.655568392000077],[-94.525478034999992,33.652795153000056]],[[-94.42631012399994,35.407922327000051],[-94.424418094999965,35.411357419000069],[-94.422406230999968,35.414551024000048],[-94.42631012399994,35.407922327000051]]]},"properties":{"OBJECTID":7,"type":"reservation","date_open":"1906-04-26","COUNT":10,"SHAPE_Length":17.148662663258801,"SHAPE_Area":6.5711257910038681}},{"type":"Feature","id":8,"geometry":{"type":"Polygon","coordinates":[[[-123.75514097499996,45.072367457000041],[-123.76918733399998,45.080881718000057],[-123.79240723199996,45.083178363000059],[-123.88671982999995,45.082064993000074],[-123.90178099799999,45.081880770000055],[-124.02591798299994,45.081686398000045],[-124.03918045399996,45.081658529000038],[-124.04399799999999,45.05749105700005],[-124.04361704999997,45.035089567000057],[-124.04336905099996,45.019841001000032],[-124.04181730899995,45.010509120000052],[-124.04312116599999,45.004591954000034],[-124.04840369499999,44.998711748000062],[-124.04984552699995,44.985266057000047],[-124.05290188199996,44.970517223000058],[-124.05003037999995,44.968043369000043],[-124.04193155499996,44.968626769000025],[-124.03212502399998,44.968346453000038],[-124.03330163799995,44.962145298000053],[-124.03157266399995,44.955351920000055],[-124.02459935899998,44.952556261000041],[-124.02551862699994,44.938916315000029],[-124.02222955899998,44.930601564000028],[-124.03970778999997,44.931331382000053],[-124.04653478899996,44.934783904000028],[-124.04946260799994,44.941306117000067],[-124.05133774099994,44.947441896000043],[-124.05393640199998,44.950289817000055],[-124.05711370099999,44.950507452000068],[-124.06177805799996,44.949138528000049],[-124.06505803799996,44.943709228000046],[-124.06449925899994,44.930714184000067],[-124.06479025499999,44.914714311000068],[-124.06596275499999,44.90851217800008],[-124.06565867899997,44.896083371000032],[-124.06984376599996,44.891697218000047],[-124.07440166899994,44.881289343000049],[-124.07782136099996,44.875201292000042],[-124.08424325799996,44.864056517000051],[-124.08377495199994,44.853225659000032],[-124.08726926299994,44.850244538000027],[-124.08810684099996,44.840366648000042],[-124.08371269999998,44.834489771000051],[-124.08293977399995,44.82591513300008],[-124.08354008799995,44.814528194000047],[-124.07918186899997,44.806768079000051],[-124.07740957199997,44.794982522000055],[-124.06853716299997,44.781060233000062],[-124.06475948599996,44.770667883000044],[-124.06515964499999,44.755888015000039],[-124.06782852899994,44.747155214000031],[-124.07377373499997,44.739864699000066],[-124.07720794299996,44.732061285000043],[-124.04791015999996,44.732094016000076],[-123.75676283599995,44.732053373000042],[-123.75600416899999,44.765192444000036],[-123.75345142799995,44.950148028000058],[-123.75322708899995,45.038687409000033],[-123.75366605799996,45.046415594000052],[-123.75514097499996,45.072367457000041]]]},"properties":{"OBJECTID":8,"type":"reservation","date_open":"1894-08-15","COUNT":1,"SHAPE_Length":1.4117640783368286,"SHAPE_Area":0.107103541406144}},{"type":"Feature","id":9,"geometry":{"type":"MultiPolygon","coordinates":[[[[-86.15090721699994,43.489286962000051],[-86.45924991399994,43.493219846000045],[-86.455673927999953,43.480342492000034],[-86.449472941999943,43.471944281000049],[-86.44479193799998,43.463302282000029],[-86.437592019999954,43.451585227000066],[-86.436466234999955,43.43889454300006],[-86.43119728399995,43.430926271000033],[-86.428217761999974,43.424214416000041],[-86.428146664999986,43.414485329000058],[-86.427432150999948,43.405786921000072],[-86.424815745999979,43.396581575000027],[-86.419678188999967,43.391143140000054],[-86.417523236999955,43.38557449800004],[-86.416270462999989,43.377194115000066],[-86.413811814999974,43.366919607000057],[-86.407368140999949,43.36029873800004],[-86.405347848999952,43.350417718000074],[-86.396621793999941,43.342538817000047],[-86.389568863999955,43.333347917000026],[-86.380441392999955,43.321473982000043],[-86.377440886999977,43.31553784700003],[-86.147293855999976,43.314873754000075],[-86.148372882999979,43.401428201000044],[-86.028313651999952,43.400248770000076],[-86.031503320999946,43.488175396000031],[-86.15090721699994,43.489286962000051]]],[[[-97.987347438999961,34.011532248000037],[-97.99381492599997,35.086348239000074],[-97.99517855299996,35.357119806000071],[-97.993231016999971,35.356209532000037],[-97.982752864999952,35.351311116000034],[-97.971867498999984,35.350643553000054],[-97.961362983999948,35.351117041000066],[-97.944440536999991,35.360893064000038],[-97.932897944999979,35.361956454000051],[-97.91644851999996,35.363103526000032],[-97.901151145999961,35.354463233000047],[-97.891266266999992,35.351760148000039],[-97.878702057999988,35.353984150000031],[-97.866086716999973,35.354197127000077],[-97.855101821999938,35.349498905000075],[-97.842581769999981,35.33936830600004],[-97.831628793999982,35.335816156000078],[-97.818616968999947,35.334019933000036],[-97.804519996999943,35.330803876000061],[-97.79403106999996,35.331835676000026],[-97.780134606999979,35.336941993000039],[-97.768964223999944,35.338843939000071],[-97.754821122999942,35.333611939000036],[-97.74554404099996,35.326578536000056],[-97.735274745999959,35.322001084000078],[-97.722578100999954,35.318465623000066],[-97.711409021999941,35.320361737000042],[-97.697495952999986,35.324883467000063],[-97.682121529999961,35.326840923000077],[-97.669484510999951,35.325883174000069],[-97.655401922999943,35.322935278000045],[-97.640862632999983,35.315110257000072],[-97.621460752999951,35.30907774800005],[-97.604569112999968,35.305590218000077],[-97.593005762999951,35.305469824000056],[-97.581381498999974,35.302477328000066],[-97.56824861299998,35.294335857000078],[-97.55696523499995,35.290761703000044],[-97.542798629999936,35.283206232000055],[-97.539475554999967,35.274924586000054],[-97.541012209999963,35.264565282000035],[-97.550391312999977,35.260988464000036],[-97.552560314999937,35.247461502000078],[-97.551839818999952,35.229667864000078],[-97.546454891999986,35.223138667000057],[-97.533060813999953,35.218443346000072],[-97.515500082999949,35.215239302000043],[-97.497929329999977,35.211458347000075],[-97.491349061999983,35.197333538000066],[-97.481667183999946,35.185403670000028],[-97.469304610999984,35.179251463000071],[-97.452466264999941,35.176602382000056],[-97.441478206999989,35.168993464000039],[-97.43429883899995,35.159324334000075],[-97.430693341999984,35.153628463000075],[-97.422283066999967,35.152588394000077],[-97.414304130999938,35.155849065000041],[-97.405920872999957,35.156243035000045],[-97.39848391299995,35.151169032000041],[-97.392386987999942,35.142919367000047],[-97.38980173899995,35.135486742000069],[-97.395505973999946,35.122781736000036],[-97.396720880999965,35.113004499000056],[-97.389891287999944,35.102754535000031],[-97.375724386999991,35.092308720000062],[-97.36344883299995,35.089589738000029],[-97.34964507899997,35.07956697000003],[-97.340047433999985,35.070209454000064],[-97.338178381999967,35.063341769000033],[-97.340374897999936,35.049534634000054],[-97.345127036999941,35.042012515000067],[-97.351633420999974,35.035042967000038],[-97.356451162999974,35.012017110000045],[-97.355004023999982,34.989929842000038],[-97.349950465999939,34.980518321000034],[-97.343149684999958,34.970840881000072],[-97.335399577999965,34.966485357000067],[-97.325965740999948,34.965450817000033],[-97.317972228999963,34.966981880000048],[-97.309654856999941,34.969951538000032],[-97.304469930999971,34.972596534000047],[-97.296759211999984,34.970390846000043],[-97.290035523999961,34.964728318000027],[-97.283268543999952,34.95648237100005],[-97.272771361999958,34.954307434000043],[-97.260241297999983,34.955599461000077],[-97.251836453999942,34.953398632000074],[-97.240247299999965,34.948362428000053],[-97.234561285999973,34.94182389100007],[-97.225720894999938,34.934171994000053],[-97.213476743999991,34.931436812000072],[-97.201311807999957,34.933579286000054],[-97.19125551999997,34.936845877000053],[-97.180066756999963,34.934669693000046],[-97.16777941099997,34.929059430000052],[-97.154483954999989,34.925754779000044],[-97.139508585999977,34.926484555000059],[-97.12486845899997,34.926347741000029],[-97.110666300999981,34.932232547000069],[-97.098128731999964,34.932932129000051],[-97.08378604699999,34.929342342000041],[-97.072199608999938,34.923427622000077],[-97.058589349999977,34.922123837000072],[-97.045271900999978,34.916797040000063],[-97.033381668999937,34.913751628000057],[-97.019444977999967,34.913881300000071],[-97.012480498999992,34.914232478000031],[-97.005453656999975,34.91800672100004],[-96.997257064999985,34.922408232000066],[-96.972406625999952,34.941000743000075],[-96.959294316999944,34.951449160000038],[-96.945078020999972,34.957599818000062],[-96.928354695999985,34.95860288700004],[-96.91323745599999,34.948395320000031],[-96.89392133399997,34.936497673000076],[-96.882710863999989,34.93170824300006],[-96.869806104999952,34.930949608000049],[-96.856286704999945,34.93737021000004],[-96.838153275999957,34.936648313000035],[-96.823756065999987,34.926997459000063],[-96.816350185999966,34.919015537000064],[-96.807906843999945,34.911614862000079],[-96.794939256999953,34.904533339000068],[-96.778523447999987,34.900632042000041],[-96.776474535999967,34.899364708000064],[-96.766758464999953,34.893353854000054],[-96.757972681999945,34.885760650000066],[-96.751481625999986,34.875281021000035],[-96.745030449999945,34.868627739000033],[-96.736400254999978,34.876339496000071],[-96.72722496199998,34.887881170000071],[-96.72787987199996,34.895530781000048],[-96.733222128999955,34.907454796000025],[-96.732767886999966,34.920374137000067],[-96.724711284999955,34.928081549000069],[-96.703842047999956,34.932522153000036],[-96.687023428999964,34.935498495000047],[-96.674196557999949,34.930315323000059],[-96.661358784999948,34.923695611000028],[-96.642707634999965,34.916151725000077],[-96.628745846999948,34.913361907000024],[-96.608416901999988,34.912997519000044],[-96.593899059999956,34.91307663200007],[-96.580032329999938,34.922239602000047],[-96.570169892999957,34.923726152000029],[-96.56618509599997,34.923228952000045],[-96.566043602999969,34.938831880000066],[-96.564998585999945,35.053876713000079],[-96.564779724999937,35.198139876000027],[-96.565897726999935,35.307091963000062],[-96.565169844999957,35.379481271000031],[-96.565292529999965,35.395633475000068],[-96.561666607999939,35.399241434000032],[-96.571187864999956,35.402184143000056],[-96.580700536999984,35.403929566000045],[-96.589440296999953,35.400293924000039],[-96.596011328999964,35.399660571000027],[-96.603356543999951,35.404406983000058],[-96.615052471999945,35.404941053000073],[-96.630396981999979,35.404854962000059],[-96.629584295999962,35.752146439000057],[-96.630318518999957,36.043553888000076],[-96.630629012999975,36.166117373000077],[-96.602462855999988,36.166233724000051],[-96.280971328999954,36.167060220000053],[-96.256815277999976,36.167085071000031],[-96.001659336999978,36.167029606000028],[-96.002036425999961,36.455204106000053],[-96.004059715999972,36.855744431000062],[-96.00277435299995,36.945018840000046],[-96.001938258999985,37.002974313000038],[-95.881125292999968,37.003419277000035],[-95.755074085999979,37.008288439000069],[-95.560327314999938,37.015534323000054],[-95.04425908799999,37.013075588000049],[-95.021001182999953,37.013765647000071],[-94.964031441999964,37.015435711000066],[-94.935976453999956,37.016247589000045],[-94.626309295999988,37.02474647400004],[-94.625880010999936,37.03482084400008],[-95.044528636999985,37.034700299000065],[-95.044656354999972,37.044942029000026],[-94.887689820999981,37.043980068000053],[-94.665021058999969,37.043732797000075],[-94.625586763999991,37.043566249000037],[-94.601317733999963,37.760222507000037],[-95.045210883999971,37.761393576000046],[-95.559336196999936,37.764992285000062],[-95.559527129999935,37.732895409000037],[-95.559483690999969,37.740838269000051],[-95.559336196999936,37.764992285000062],[-96.207563161999985,37.768911225000068],[-96.585081599999967,37.768898246000049],[-96.877397345999952,37.770841224000037],[-96.962847715999942,37.771767566000051],[-97.024443659999974,37.771992108000063],[-97.104125401999966,37.772769699000037],[-97.296316933999947,37.773273875000029],[-97.417516080999974,37.774540255000034],[-97.623120411999992,37.774349813000072],[-97.952325721999955,37.773622729000067],[-98.171999129999961,37.771517465000045],[-98.490424276999988,37.771574139000052],[-98.710464953999974,37.770026554000026],[-98.945415967999963,37.767593057000056],[-99.237690863999944,37.765451018000078],[-99.671218014999965,37.765551072000051],[-99.980915747999973,37.765986565000048],[-100.07610735699996,37.766232344000059],[-100.12301796699995,37.767549623000036],[-100.14061008199997,37.764315569000075],[-100.13847381399995,37.593612478000068],[-100.13793913099994,37.550762202000044],[-100.13727956499997,37.497834344000069],[-100.13929289899994,37.583501185000046],[-100.13698905399997,37.474497531000054],[-100.13662491199995,37.457238817000075],[-100.13136104799997,37.206844502000024],[-100.13099449799995,37.189176595000049],[-100.12811782799997,37.049280004000025],[-100.12797531299998,37.042335491000074],[-100.12714554599995,37.001876636000077],[-100.12713029099996,37.001132381000048],[-99.991341218999992,37.001603995000039],[-99.986551218999978,36.642089587000044],[-99.985733402999983,36.495972404000042],[-99.998123947999943,36.496683372000064],[-99.99951828199994,36.426441674000046],[-100.00185541199994,36.166881408000052],[-100.00357699699998,35.974536554000053],[-100.00306414299996,35.884618308000029],[-100.00283320299997,35.765395117000025],[-100.00155315499995,35.602518830000065],[-100.00254557599999,35.307844655000054],[-100.00245508599994,35.297968532000027],[-100.00015280999997,35.045844270000032],[-99.998793477999982,34.880712401000039],[-99.999251922999974,34.552289600000051],[-99.985277875999941,34.553499851000026],[-99.977978253999936,34.555487715000027],[-99.969956291999949,34.56133028000005],[-99.964926024999954,34.566872795000052],[-99.954300258999979,34.571659485000055],[-99.941483544999983,34.574417797000024],[-99.923705765999955,34.570842600000049],[-99.914457054999957,34.566577926000036],[-99.906687235999982,34.559579641000028],[-99.897351665999963,34.553593747000036],[-99.890155491999963,34.548680011000044],[-99.879604682999968,34.545990359000029],[-99.867914491999954,34.539128202000029],[-99.860883821999948,34.532866852000041],[-99.854351012999985,34.522758948000046],[-99.849140521999971,34.515858807000029],[-99.844428647999962,34.509043134000024],[-99.834577653999986,34.502927144000068],[-99.82530526499994,34.496790195000074],[-99.816107115999955,34.492085661000033],[-99.808411091999972,34.482781999000053],[-99.801570142999992,34.473209055000041],[-99.796870139999953,34.465954449000037],[-99.787965622999991,34.455495326000062],[-99.772468376999939,34.445980547000033],[-99.759557622999978,34.436135885000056],[-99.746359114999962,34.432041888000072],[-99.732119620999981,34.424393036000026],[-99.723536211999942,34.420139217000042],[-99.713383123999961,34.413306261000059],[-99.697086415999991,34.40476599200008],[-99.66534771399995,34.393152636000025],[-99.648375904999966,34.388336344000038],[-99.637358475999974,34.387267292000047],[-99.623701702999938,34.391308305000052],[-99.606409926999959,34.403840391000074],[-99.599191452999946,34.409819307000078],[-99.585816759999943,34.413846245000059],[-99.57250212799994,34.413084918000038],[-99.546038110999973,34.408920587000068],[-99.532181978999972,34.408889609000028],[-99.512639783999987,34.41071385500004],[-99.495535344999951,34.40910774200006],[-99.480250285999944,34.403135262000035],[-99.468137468999942,34.397060414000066],[-99.459218122999971,34.391361986000049],[-99.449490467999965,34.386884423000026],[-99.439519496999992,34.38337053500004],[-99.428049169999952,34.38492608200005],[-99.413571355999977,34.390162286000077],[-99.404217154999969,34.400260908000064],[-99.39973867599997,34.409729208000044],[-99.39970466699998,34.428149894000057],[-99.400373800999944,34.442960830000061],[-99.399010575999966,34.451136719000033],[-99.395037920999982,34.452695146000053],[-99.38755059999994,34.45316593900003],[-99.378802340999982,34.451282842000069],[-99.370482003999939,34.452495803000033],[-99.363699488999941,34.455813969000076],[-99.358219833999954,34.455981919000067],[-99.35026271299995,34.452397776000055],[-99.335786849999977,34.432027271000038],[-99.330129169999964,34.428132670000025],[-99.318931427999985,34.422970439000039],[-99.299501211999939,34.420925750000038],[-99.28414952299994,34.419712347000029],[-99.273820950999948,34.414519647000077],[-99.269175518999987,34.407243073000075],[-99.26362323099994,34.392339125000035],[-99.260420867999983,34.385019453000041],[-99.260044325999957,34.384461722000026],[-99.25456414699994,34.376343516000077],[-99.243183847999944,34.366635143000053],[-99.235797238999965,34.362548267000079],[-99.22257897999998,34.356958403000078],[-99.209599816999969,34.35016414200004],[-99.208786572999941,34.349124983000024],[-99.201366587999985,34.33964222000003],[-99.198541087999956,34.330319278000047],[-99.197343224999941,34.326366162000056],[-99.196007589999965,34.308467651000058],[-99.194337978999954,34.275871168000037],[-99.190879788999951,34.269036632000052],[-99.184595824999974,34.263480100000038],[-99.179483592999986,34.258367521000025],[-99.176244786999973,34.249852344000033],[-99.175080259999959,34.242711844000041],[-99.16782656099997,34.234552241000074],[-99.155913700999974,34.225092026000027],[-99.147990536999941,34.221494243000052],[-99.135953856999947,34.222796613000071],[-99.122746814999971,34.223652811000079],[-99.111522756999989,34.223733612000046],[-99.10022016299996,34.221902449000027],[-99.08883990399994,34.218159312000068],[-99.080642904999991,34.214803656000072],[-99.07229526399999,34.214799391000042],[-99.061695953999958,34.216053179000028],[-99.048087862999978,34.221215824000069],[-99.034055886999965,34.22304077900003],[-99.018528106999952,34.223470478000024],[-98.996616984999946,34.222638342000039],[-98.982423004999987,34.220396048000055],[-98.967495113999973,34.214106890000039],[-98.949271862999979,34.204437632000065],[-98.941907752999953,34.200092942000026],[-98.93141957499995,34.196788044000073],[-98.919272279999973,34.195200232000047],[-98.908555691999936,34.185921737000058],[-98.891308826999989,34.171316088000026],[-98.878820427999983,34.160647456000049],[-98.864182166999967,34.153859414000067],[-98.85204319199994,34.152264221000053],[-98.833646970999951,34.152503738000064],[-98.820386429999985,34.151651386000026],[-98.802979908999987,34.147556720000068],[-98.794560215999979,34.145381581000038],[-98.774998818999961,34.145162902000038],[-98.764604260999988,34.143991936000077],[-98.751894438999955,34.142400179000049],[-98.741352047999953,34.145055948000049],[-98.731435329999954,34.149129506000065],[-98.720813838999959,34.149633572000027],[-98.711315923999962,34.148605506000024],[-98.704647871999953,34.147883238000077],[-98.692260007999948,34.147232873000064],[-98.684562440999969,34.149095766000073],[-98.677583071999948,34.155004756000039],[-98.671633664999945,34.165669659000059],[-98.657085514999949,34.177260940000053],[-98.647053490999951,34.181579430000056],[-98.64178244499999,34.183847904000061],[-98.632830074999958,34.186175325000079],[-98.632659324999963,34.186219708000067],[-98.617991062999977,34.18633288500007],[-98.604998018999936,34.184969723000052],[-98.588564314999985,34.183925633000058],[-98.582412674999944,34.18407112500006],[-98.575916706999976,34.184224384000061],[-98.566195472999937,34.177519895000046],[-98.561871672999985,34.168775711000023],[-98.564190497999959,34.160832093000067],[-98.565416317999961,34.154587611000068],[-98.561429822999969,34.147270153000079],[-98.556982737999988,34.143310262000057],[-98.551257928999974,34.135555125000053],[-98.550473724999961,34.129357951000031],[-98.546230968999964,34.122882913000069],[-98.540334046999988,34.118478202000063],[-98.53070441999995,34.114159761000053],[-98.521123705999969,34.111273681000057],[-98.508767237999962,34.111319144000049],[-98.498908455999981,34.108676585000069],[-98.489459437999983,34.101003908000052],[-98.479409578999991,34.101232527000036],[-98.470873458999961,34.103816405000032],[-98.463135954999984,34.104469264000045],[-98.450710854999954,34.102358366000033],[-98.443214141999988,34.10157016900007],[-98.432651285999953,34.103718272000037],[-98.424484747999941,34.108919701000048],[-98.416711230999965,34.117458425000052],[-98.406236684999953,34.122470517000068],[-98.396259480999959,34.125080258000025],[-98.388965009999936,34.130738029000042],[-98.387792951999984,34.139130266000052],[-98.386575348999941,34.14608927200004],[-98.382696058999954,34.150715879000074],[-98.370672893999938,34.152411666000035],[-98.362067510999964,34.153076104000036],[-98.353174626999987,34.153746053000077],[-98.344444716999988,34.159670880000078],[-98.336781711999947,34.162942652000027],[-98.325639819999992,34.165331757000047],[-98.312154088999989,34.166335020000076],[-98.296001449999949,34.164763121000078],[-98.280079174999969,34.161271670000076],[-98.26520755599995,34.154409552000061],[-98.255135680999956,34.154139761000067],[-98.243886051999937,34.15293706500006],[-98.231810020999944,34.15294530400007],[-98.218843841999956,34.15201412600004],[-98.206894773999977,34.146519152000053],[-98.197035064999966,34.143610350000074],[-98.188359969999965,34.141872141000078],[-98.178604918999952,34.142545136000024],[-98.168371045999947,34.146573246000059],[-98.15685621099999,34.15612352900007],[-98.148445617999982,34.163699371000064],[-98.137338249999971,34.167502722000052],[-98.12414380499996,34.168716080000024],[-98.111971712999946,34.165366365000068],[-98.108610061999968,34.15826018000007],[-98.109760041999948,34.147959540000045],[-98.112519991999989,34.133564423000053],[-98.111992288999943,34.124969673000066],[-98.112493403999963,34.112052735000077],[-98.10625558199996,34.104763581000043],[-98.101275431999966,34.090996571000062],[-98.101383261999956,34.084541149000074],[-98.107353318999969,34.071997565000061],[-98.11169272099994,34.062831452000069],[-98.108002046999957,34.054059627000072],[-98.101268514999958,34.049409420000075],[-98.087589518999948,34.042740919000039],[-98.075980405999985,34.038182415000051],[-98.069237187999988,34.033052590000068],[-98.059160732999942,34.031976519000068],[-98.048877234999964,34.033843018000027],[-98.038012942999956,34.035480397000072],[-98.02330944199997,34.033125071000029],[-98.010800532999951,34.026903552000078],[-97.998211666999964,34.017575346000058],[-97.989748231999954,34.012233391000052],[-97.987347438999961,34.011532248000037]]],[[[-110.16210352299998,47.986250205000033],[-110.17086322899996,47.985624905000066],[-110.17932492199998,47.985628404000067],[-110.18623356899997,47.982805880000058],[-110.18574263699998,47.98489068400005],[-110.19201112599995,47.981238563000034],[-110.19821042299998,47.977294380000046],[-110.20347155099995,47.973150077000071],[-110.20772616999994,47.968514023000068],[-110.21298589499997,47.964369238000074],[-110.22039346299999,47.961790520000079],[-110.22850900599997,47.960332258000051],[-110.23605263199994,47.958336121000059],[-110.24181246699999,47.954435740000065],[-110.24864603899999,47.951318024000045],[-110.25598183099999,47.948445520000064],[-110.26352308899999,47.946447778000049],[-110.27170431699994,47.945278586000029],[-110.27995402899995,47.944400617000042],[-110.28834117199995,47.944105578000062],[-110.29679710799996,47.944101731000046],[-110.30497738499997,47.942930518000026],[-110.31230951899994,47.940054886000041],[-110.31964096199994,47.93717883000005],[-110.32388425099998,47.932538611000041],[-110.32394460099999,47.92714869100007],[-110.32400494199999,47.921758683000064],[-110.32301576099997,47.91687253300006],[-110.33281932599999,47.930376599000056],[-110.33275975599997,47.935766468000054],[-110.33270017599995,47.941156248000027],[-110.32845695599997,47.945796621000056],[-110.32112489499997,47.94867307800007],[-110.31379214099996,47.951549112000066],[-110.30561087799998,47.952720827000064],[-110.29715374799997,47.952725225000052],[-110.28876546299995,47.953020802000026],[-110.28051471399999,47.953899285000034],[-110.27233249799997,47.955068980000078],[-110.26479046299994,47.957067159000076],[-110.25745405099997,47.959940065000069],[-110.25061996299996,47.963058142000079],[-110.24485987699995,47.96695879400005],[-110.23731547299997,47.968955369000071],[-110.22919899399994,47.970414120000044],[-110.22179075199995,47.972993251000048],[-110.21653088099998,47.977138268000033],[-110.21227632999995,47.981774475000066],[-110.20701505599999,47.985919009000042],[-110.20081545199997,47.98986349200004],[-110.19454660399998,47.993515921000039],[-110.18770554099996,47.99663049600008],[-110.18079539699994,47.999452974000064],[-110.17233178599997,47.999449567000056],[-110.16357010999997,48.000074935000043],[-110.15547283099994,47.999732903000051],[-110.14056548299999,47.995025874000078],[-110.13286127599997,47.992548715000055],[-110.12088970099995,47.985139366000055],[-110.11002063299998,47.976716442000054],[-110.10279309499998,47.966714462000027],[-110.09932948799997,47.961398594000059],[-110.09506558499999,47.956465611000056],[-110.09167113499996,47.951441187000057],[-110.08665418599998,47.944896981000056],[-110.07760196499999,47.936579810000069],[-110.07217436499997,47.932366116000026],[-110.04977534599999,47.912787321000053],[-110.04595294299997,47.907806563000065],[-110.03837759699996,47.898136377000071],[-110.03665949999998,47.892635957000039],[-110.03494171199998,47.887135422000028],[-110.03452601699996,47.881498450000038],[-110.03650057299996,47.870827267000038],[-110.03788762799996,47.865300121000075],[-110.04083143899999,47.843463297000028],[-110.04315224899995,47.838136631000054],[-110.04410439099996,47.832654347000073],[-110.04282115299998,47.82710742200004],[-110.04023765599999,47.82169680700008],[-110.03635422899998,47.81642243400006],[-110.03173953599998,47.811822684000049],[-110.02755894199998,47.807177283000044],[-110.02251223099995,47.802622520000057],[-110.01753365199994,47.798359488000074],[-110.01175646599995,47.79447897600005],[-110.00561402399995,47.79093553000007],[-109.99977101099995,47.786762417000034],[-109.99319677599999,47.783263668000075],[-109.98632447199998,47.780393895000032],[-109.97945281399996,47.777523747000032],[-109.97251465899996,47.774361196000029],[-109.96601041599996,47.771153021000032],[-109.95950685499997,47.767944500000056],[-109.95257081499994,47.764780832000042],[-109.94563549099996,47.76161677500005],[-109.93840167699994,47.759081601000048],[-109.93073534299998,47.756591147000051],[-109.90137170399998,47.738715176000028],[-109.89414242499998,47.736177450000071],[-109.88917817499998,47.731908829000076],[-109.88414794799996,47.727347857000041],[-109.87795297999998,47.723505764000038],[-109.87372345799997,47.718562237000071],[-109.86949461899997,47.713618504000067],[-109.86410107599994,47.709393605000059],[-109.85797569499999,47.705842528000062],[-109.85045224699996,47.70393140200008],[-109.84189662399996,47.703323017000059],[-109.83370757999995,47.70237710400005],[-109.82478588799995,47.702104610000049],[-109.81629708999998,47.701786760000061],[-109.80847518299998,47.700502371000027],[-109.80065360399999,47.699217523000073],[-109.79283235199995,47.697932217000073],[-109.78460894099999,47.69878109900003],[-109.77625305599997,47.699045095000031],[-109.76819776499997,47.698679570000081],[-109.76024517299999,47.696807973000034],[-109.75302667799997,47.69426235800006],[-109.74514108899996,47.692682052000066],[-109.73725590699996,47.691101278000076],[-109.72859983399997,47.691991269000027],[-109.72007520799997,47.69346514800003],[-109.71287656699997,47.696895194000035],[-109.70611000699995,47.700280409000072],[-109.69921117999996,47.70308079800003],[-109.69393920899995,47.70720883000007],[-109.68584459399995,47.708636102000071],[-109.67755260999996,47.709186189000036],[-109.66926047699997,47.709735766000051],[-109.66113883899999,47.709071612000059],[-109.65314846899997,47.708991452000078],[-109.64455416299995,47.710168231000068],[-109.63626160199999,47.71071577400005],[-109.62777260899998,47.710386045000064],[-109.62092562999999,47.707497036000063],[-109.61289097599996,47.706924810000032],[-109.60817656799998,47.711589841000034],[-109.60183567599995,47.714925568000069],[-109.59419481799995,47.718393118000051],[-109.58659475899998,47.720062585000051],[-109.57903857099996,47.722221284000057],[-109.57074379699998,47.722764771000072],[-109.56231861999999,47.722723199000029],[-109.55441269899995,47.722732059000066],[-109.54616048899999,47.721476438000082],[-109.53834176199996,47.720176436000031],[-109.53082656199996,47.718247541000039],[-109.52300857499995,47.716946638000081],[-109.51579758199995,47.714388463000034],[-109.50748437699997,47.709147936000079],[-109.47834663999998,47.69953759200007],[-109.46529675799997,47.694577225000046],[-109.45694012399997,47.694821402000059],[-109.44933925999999,47.696483239000031],[-109.44199609999998,47.69931405300008],[-109.43564745099997,47.702642070000081],[-109.43091990099998,47.707300946000032],[-109.42513190699998,47.711169558000051],[-109.41884555299998,47.71478901200004],[-109.41305608999994,47.718657018000044],[-109.40676825499997,47.722275826000043],[-109.39892240899997,47.724855170000069],[-109.39069001299998,47.725679913000079],[-109.38245739699994,47.726504151000029],[-109.37485058899995,47.728161624000052],[-109.36730757599997,47.730111021000027],[-109.35995660499998,47.732937074000063],[-109.35303834299998,47.735719431000064],[-109.34624768199996,47.739086137000072],[-109.33884571999994,47.743708376000029],[-109.33304848099999,47.747572604000027],[-109.32774806599997,47.75168571200004],[-109.32138779399997,47.755007815000056],[-109.31608595299997,47.759120372000041],[-109.31034978999998,47.763275801000077],[-109.30554408899997,47.767637066000077],[-109.29974248499997,47.771499582000047],[-109.29350643899994,47.775404879000064],[-109.28664423699996,47.778475824000054],[-109.27915606399995,47.780712344000051],[-109.27291776899995,47.784616580000034],[-109.26499453199995,47.786895278000031],[-109.25681574399999,47.788004045000037],[-109.24801172199994,47.788278139000056],[-109.24001164399999,47.78817348900003],[-109.23151413099998,47.787818861000062],[-109.22301671799994,47.787463699000057],[-109.21482617299995,47.78648041200006],[-109.20694273599997,47.784869052000033],[-109.19868933899994,47.783592386000066],[-109.19111368799997,47.781352523000066],[-109.18323153599994,47.779739751000079],[-109.17498888299997,47.780551173000049],[-109.16680931599996,47.781654502000038],[-109.15869271999998,47.783049743000049],[-109.15107285899995,47.78469429300003],[-109.14320828399997,47.787258246000079],[-109.13584013699995,47.79007157500007],[-109.12840817899996,47.792592058000025],[-109.12091251299995,47.794819691000043],[-109.11266700799996,47.795627266000054],[-109.10429524399996,47.795849479000026],[-109.09591655699995,47.793981708000047],[-109.08834338399998,47.791736142000047],[-109.08070786699994,47.789197692000073],[-109.07344406299995,47.786323974000027],[-109.06550155299999,47.784411892000037],[-109.05800460199998,47.786636083000076],[-109.05007313099998,47.788902133000079],[-109.04244963099995,47.790540513000053],[-109.02720140799994,47.79381595600006],[-109.01932198099996,47.79219366500007],[-109.01181441299997,47.790236263000054],[-109.00461625499997,47.787651326000059],[-108.99971005699996,47.783350797000026],[-108.99598140699999,47.778338699000074],[-108.99436041199999,47.772823376000076],[-108.99540533999999,47.767347771000061],[-108.99601625999998,47.76191418600007],[-108.99799088699996,47.75664665000005],[-109.00281758699998,47.752296231000059],[-109.00243531199999,47.746361616000058],[-108.99747011799997,47.741767946000039],[-108.97920122299996,47.732597057000078],[-108.97545171799999,47.725691024000071],[-108.97742694499999,47.720423215000039],[-108.97803899099995,47.714988944000027],[-108.97221121799998,47.71047804300008],[-108.96397274799995,47.709186725000052],[-108.95648131499996,47.711405772000035],[-108.94836925299995,47.712788642000078],[-108.94087681599996,47.715006797000058],[-108.93263839799994,47.713713579000057],[-108.92582399299994,47.710789334000026],[-108.92012455799994,47.706861303000039],[-108.91405440899996,47.703267444000062],[-108.90909932399995,47.698669924000058],[-108.90501178899996,47.693988491000027],[-108.89925331499995,47.689766764000069],[-108.89238126299995,47.686547997000048],[-108.88557179399999,47.683621476000042],[-108.87876297399998,47.680694586000072],[-108.87152149099995,47.677809055000068],[-108.86269419699994,47.675477904000047],[-108.85737364599999,47.671212450000041],[-108.85531147099999,47.665932686000076],[-108.85327288699995,47.660455487000036],[-108.85166783099999,47.654936501000066],[-108.85092931499997,47.649334076000059],[-108.85111875999996,47.643940899000029],[-108.85130817299995,47.638547635000066],[-108.84927085399994,47.633069930000033],[-108.84642956799996,47.62796811100003],[-108.84074289699998,47.62403574800004],[-108.83251879399995,47.62273605200005],[-108.82441565899995,47.624111816000038],[-108.81705252199998,47.62690907700005],[-108.80944293799996,47.628535069000066],[-108.80201717999995,47.631038760000081],[-108.79446806299995,47.632956595000053],[-108.78611737799997,47.633159154000055],[-108.77832626099996,47.631814718000044],[-108.77078474699999,47.629550230000063],[-108.76392617299996,47.626324328000067],[-108.75750131899997,47.623056676000033],[-108.75182079799998,47.61912049600005],[-108.74576917599995,47.615518114000054],[-108.74046193899994,47.611247277000075],[-108.73478359999996,47.607310238000025],[-108.72693585599995,47.605669954000064],[-108.71889958799994,47.60524154400008],[-108.71070425499994,47.603736995000077],[-108.70247908599998,47.604519930000038],[-108.66167748299995,47.60361907600003],[-108.65352058799999,47.602601152000034],[-108.64558262599996,47.60295128000007],[-108.63773782499999,47.601305767000042],[-108.63057760099997,47.598699410000052],[-108.62379036199997,47.595758886000056],[-108.61651039799995,47.592566083000065],[-108.61078127099995,47.588330757000051],[-108.60262724899997,47.58730969700008],[-108.59409079699998,47.588712588000078],[-108.58660075499995,47.59091182700007],[-108.57867726499995,47.593151430000034],[-108.57345754599999,47.593288220000034],[-108.56989838099997,47.593381376000082],[-108.56180459799998,47.59265070500004],[-108.55402354499995,47.591293110000038],[-108.54612253599998,47.589349330000061],[-108.53828213499997,47.58769794400007],[-108.52975657599995,47.587005995000027],[-108.52172414099999,47.58656577000005],[-108.51337889599995,47.586751413000059],[-108.50515350599994,47.587522306000039],[-108.49649497799999,47.588333227000078],[-108.48777634899994,47.588850697000055],[-108.48025084999995,47.586569633000067],[-108.47421837199994,47.582954690000065],[-108.47184342399999,47.577803776000053],[-108.47336440599997,47.572288665000031],[-108.47821368299998,47.567954726000039],[-108.48448023899999,47.564084904000026],[-108.48883550199997,47.559498056000052],[-108.48137336499997,47.557509774000039],[-108.47334512799995,47.557066615000053],[-108.46506347399998,47.557542196000043],[-108.45678169199999,47.558017268000071],[-108.44894768899997,47.556360514000062],[-108.44366619199997,47.552077230000066],[-108.43881811799997,47.54775333300006],[-108.43067234399996,47.546721714000057],[-108.42588093099994,47.551347156000077],[-108.42201382999997,47.556184726000026],[-108.41716151999998,47.560516783000025],[-108.41027983999999,47.563544921000073],[-108.40156400499995,47.564056833000052],[-108.39353549199996,47.563608911000074],[-108.38538837899995,47.562574592000033],[-108.37824338699994,47.559954497000035],[-108.37035197399996,47.558000201000027],[-108.36224713499996,47.559348345000046],[-108.35481161499996,47.561827812000047],[-108.34731631699998,47.564013874000068],[-108.33877730699999,47.565400630000056],[-108.33074907999998,47.564948955000034],[-108.32246527199999,47.565415729000051],[-108.31485033399997,47.567013990000078],[-108.30668410299995,47.568065758000046],[-108.29871471299998,47.567905161000056],[-108.29062754099999,47.56715809800005],[-108.28285573599999,47.565784698000073],[-108.27523972299997,47.567380711000055],[-108.26779972899999,47.569855299000039],[-108.26085088299999,47.572582689000058],[-108.25390141999998,47.57530969700008],[-108.24701005599997,47.578329330000031],[-108.23878248799997,47.579083928000045],[-108.23043744799998,47.57925199400006],[-108.22073462399999,47.579245466000032],[-108.21227241099996,47.578826370000058],[-108.20430187799997,47.578660175000039],[-108.19674071099996,47.58054469700005],[-108.18923752299997,47.582721812000045],[-108.18289210299997,47.586284594000062],[-108.17648755899995,47.589554012000065],[-108.17014069399994,47.593116120000047],[-108.16324322199995,47.596131295000077],[-108.15573694599999,47.598306437000076],[-108.14738907299994,47.598469335000061],[-108.14100005799997,47.595172019000074],[-108.13697806199997,47.590465979000044],[-108.13587233799996,47.584898100000032],[-108.13612430899997,47.579505066000081],[-108.13909101199994,47.574461799000062],[-108.14347273899995,47.569886327000063],[-108.13708690399994,47.566588547000038],[-108.12909213199998,47.568508702000031],[-108.12115497099995,47.570721438000078],[-108.11292688599997,47.57146834100007],[-108.10495757999996,47.571296247000078],[-108.09819861099999,47.568328980000047],[-108.09106522099995,47.565693659000033],[-108.08272160399997,47.56585255300007],[-108.07460946899994,47.567183294000074],[-108.06632344999997,47.567634260000034],[-108.05786389999997,47.56720542000005],[-108.05003954999995,47.565525450000052],[-108.04328386599997,47.562555368000062],[-108.03759712199997,47.558295302000033],[-108.03277714599994,47.553956861000074],[-108.02677423499995,47.550321517000043],[-108.01087167899999,47.547875698000041],[-108.00342650099998,47.545860808000043],[-107.99774405899996,47.541598844000077],[-107.99206240399997,47.537336586000038],[-107.98718984699997,47.532703086000026],[-107.98523305099997,47.527210817000025],[-107.98290121199994,47.522050485000079],[-107.97808792999996,47.517709620000062],[-107.96609634799995,47.51043295900007],[-107.94244982199996,47.506586330000061],[-107.93501187999999,47.504567400000042],[-107.92864400099995,47.501259079000079],[-107.92421172799999,47.496584091000045],[-107.92021275199994,47.491870209000069],[-107.91912839999998,47.486298946000034],[-107.91798718799998,47.480434353000078],[-107.91869031599998,47.475001409000072],[-107.91717392999999,47.469468538000058],[-107.91355267099999,47.464422159000037],[-107.90756552199997,47.460780532000058],[-107.90713310799998,47.460819178000065],[-107.90023760199995,47.463822002000029],[-107.89584536699999,47.468390942000042],[-107.89557281299994,47.473785264000071],[-107.89708736599994,47.479318308000074],[-107.89860219099995,47.484851247000051],[-107.90092555799998,47.490013604000069],[-107.90119999299998,47.495955429000048],[-107.90185018899996,47.501565303000064],[-107.90114527199995,47.506997737000063],[-107.90136279699999,47.512646053000026],[-107.90065771099995,47.518078309000032],[-107.89957664699995,47.52384229300003],[-107.89659276499998,47.528881003000038],[-107.89219561699997,47.533448952000072],[-107.88632803299998,47.537252826000042],[-107.88094965199997,47.541311044000054],[-107.87459068799996,47.544859675000055],[-107.86762729999998,47.547566891000031],[-107.86005969399997,47.549432617000036],[-107.85200173699997,47.551043165000067],[-107.84377305399994,47.551773615000059],[-107.83543071899999,47.55191714800003],[-107.82714503199998,47.552353371000038],[-107.81912239199994,47.551871094000035],[-107.81109987699995,47.551388336000059],[-107.80358666599994,47.553544071000033],[-107.79967058099999,47.558363568000061],[-107.79379490299999,47.562163116000079],[-107.78742875699999,47.56570739700004],[-107.77980001299994,47.56727528600004],[-107.77151186499998,47.567708055000026],[-107.76327999899996,47.568433535000054],[-107.75455831099998,47.568903426000077],[-107.74704097899996,47.571055886000067],[-107.74165045799998,47.575108113000056],[-107.73723850299996,47.579670358000044],[-107.73293843099998,47.584818838000047],[-107.73221763799995,47.590249045000064],[-107.73106324499997,47.595717225000044],[-107.72953140099997,47.601516572000037],[-107.72794300199996,47.607022597000025],[-107.72407383199999,47.612132326000051],[-107.72014777899994,47.616948667000031],[-107.71524133899999,47.621254453000063],[-107.70880834999997,47.624501193000071],[-107.70188480299998,47.62749236500008],[-107.69435845999999,47.629641502000027],[-107.68688768299995,47.632083403000081],[-107.68099798099996,47.635877182000058],[-107.67848062599995,47.641164657000047],[-107.67688662499995,47.646669431000078],[-107.67387851699999,47.651701345000049],[-107.66945602499999,47.656260326000051],[-107.66149106099999,47.658445295000035],[-107.65324573899994,47.659163836000062],[-107.64547673599998,47.657753962000072],[-107.63797440399998,47.655426283000054],[-107.63085073699995,47.652767232000031],[-107.62297144799999,47.650769620000062],[-107.61547082299995,47.648440637000078],[-107.60782742699996,47.649998370000048],[-107.59997247599995,47.65276616400007],[-107.59172719799994,47.653480945000069],[-107.58337048999999,47.653608775000066],[-107.57506932599995,47.654029311000045],[-107.56730277099996,47.65261490000006],[-107.55974853099997,47.649989590000075],[-107.55219493699997,47.647363835000078],[-107.54469741499997,47.645030882000071],[-107.53644338199996,47.643358859000045],[-107.52970407899994,47.640363672000035],[-107.52209764299994,47.637442892000081],[-107.51644019799994,47.633161769000026],[-107.50926913799998,47.630202833000055],[-107.50173573999996,47.632341164000081],[-107.49442252399996,47.635652163000032],[-107.48998787499994,47.640205451000043],[-107.48745390199997,47.645489270000041],[-107.48627668099999,47.65095443000007],[-107.48325274999996,47.655982005000055],[-107.48028345499995,47.661302697000053],[-107.47774777599994,47.666586000000052],[-107.47477749099994,47.671906401000058],[-107.46995965799999,47.67678901000005],[-107.46307366599996,47.680060654000044],[-107.45564260799995,47.682782579000047],[-107.44799089099996,47.684331067000073],[-107.43979457399996,47.685329718000048],[-107.43175766999997,47.684824492000075],[-107.42377578199995,47.684612049000066],[-107.41579394799999,47.684399131000077],[-107.40781216999994,47.684185740000032],[-107.39966614399998,47.683092059000046],[-107.39162986399998,47.682584434000034],[-107.38386393899998,47.681159555000079],[-107.37571874199995,47.680064414000071],[-107.36757383499997,47.67896877700008],[-107.35969978399999,47.676955906000046],[-107.35144651699994,47.675272691000032],[-107.34362795899995,47.673552158000064],[-107.33543003999995,47.672161249000055],[-107.32766673999998,47.670733083000073],[-107.31990380199994,47.66930446300006],[-107.31170698699998,47.667912090000073],[-107.30383618899998,47.665895885000054],[-107.29591165299996,47.663585874000034],[-107.28880190599995,47.660908790000065],[-107.28044360299998,47.661017794000031],[-107.27262885499994,47.659293063000064],[-107.26443444999995,47.657897769000044],[-107.25667460899996,47.656465445000038],[-107.24848094399994,47.655069167000079],[-107.24034163199997,47.653965747000029],[-107.23258284999997,47.652532018000045],[-107.22389920899997,47.653260690000081],[-107.21570341999995,47.654245782000032],[-107.20756119399999,47.65552374400005],[-107.19936484099998,47.656507834000081],[-107.19116822799998,47.657491420000042],[-107.18291764099996,47.65818112200003],[-107.17412527499994,47.658319807000055],[-107.16592801599995,47.659301850000077],[-107.15767690199999,47.65999000000005],[-107.14942560299994,47.660677643000042],[-107.14101358399995,47.660484590000067],[-107.13303590899994,47.660254885000029],[-107.12517197399995,47.658228185000041],[-107.11845117199999,47.655212550000044],[-107.11102261999997,47.653148910000027],[-107.10288604199997,47.65203716700006],[-107.09469647799995,47.650631504000046],[-107.08672025699997,47.650399046000075],[-107.07841625099996,47.650788926000075],[-107.07021846999999,47.651765158000046],[-107.06147990099998,47.652189913000029],[-107.05312240799998,47.652284793000035],[-107.04481793499997,47.652672597000048],[-107.03646035299994,47.652766442000029],[-107.02848407699997,47.652530532000071],[-107.02804977899996,47.652566320000062],[-107.01774330699999,47.651628344000073],[-107.00917433099994,47.650546680000048],[-107.00142140399998,47.649099604000071],[-106.99361604699999,47.647358608000047],[-106.98613988899996,47.644994557000075],[-106.97866430699997,47.642630073000078],[-106.97041335299997,47.643306769000048],[-106.96226750299996,47.644569918000059],[-106.95584510299994,47.648073770000053],[-106.94990889499996,47.651835221000056],[-106.94235350899999,47.653942031000042],[-106.93485012899998,47.656341884000028],[-106.92724118499996,47.658154337000042],[-106.91973669699996,47.660553317000051],[-106.91110067299996,47.661555257000032],[-106.90894865499996,47.661577327000032],[-106.90274168499997,47.661640790000035],[-106.89427800999994,47.66113881800004],[-106.88833676799999,47.664897405000033],[-106.88434194399997,47.669688375000078],[-106.88034649599996,47.674479158000054],[-106.87537675899995,47.678753372000074],[-106.86845899699995,47.681994498000051],[-106.86100149199996,47.684683513000039],[-106.85343901399995,47.686785121000071],[-106.84549347999996,47.689214972000059],[-106.83782573599996,47.690728702000058],[-106.83020966599997,47.69253548000006],[-106.82259314799995,47.694341816000076],[-106.81497618099996,47.696147711000037],[-106.80730681799997,47.697659672000043],[-106.79871565099995,47.698947779000036],[-106.79055889299997,47.700200317000053],[-106.78229813999997,47.70086535400003],[-106.77414079199997,47.70211689100006],[-106.76587960599994,47.702780916000052],[-106.75772166899998,47.704031450000059],[-106.75728684999996,47.704066358000034],[-106.74665303999996,47.70878910700003],[-106.74015997899994,47.71198847200003],[-106.73620214199997,47.717067865000047],[-106.73592982399998,47.723042425000074],[-106.73691083499995,47.728618869000059],[-106.73914549799997,47.733797194000033],[-106.74099712999998,47.739303736000068],[-106.74323252799996,47.744481827000072],[-106.74421454599997,47.750057859000037],[-106.74432636199998,47.755703513000071],[-106.74264557399994,47.76119503700005],[-106.73868476399997,47.766273752000075],[-106.73418466899994,47.770800183000063],[-106.72768438499998,47.773998348000077],[-106.72069646599999,47.776937494000038],[-106.71316936199997,47.779324092000081],[-106.70451324199996,47.780312413000047],[-106.69641871899995,47.779469987000027],[-106.68970579199998,47.776434067000025],[-106.68414532099996,47.772413372000074],[-106.67858557999995,47.768392400000039],[-106.67059569299994,47.768135356000073],[-106.67282619299999,47.773314162000077],[-106.67592785499994,47.778423580000037],[-106.67946546099995,47.783498199000064],[-106.68213273099997,47.788641963000032],[-106.68229032299996,47.794580468000049],[-106.67783539399994,47.799398081000049],[-106.67132913299997,47.802593252000065],[-106.66369425099998,47.804389998000033],[-106.65531545299996,47.804460126000038],[-106.64698790599999,47.80482319500004],[-106.63922406699999,47.803355932000045],[-106.63246016099998,47.800023915000054],[-106.62690130699997,47.796001147000027],[-106.62039275199999,47.799193893000052],[-106.62223568099995,47.80470097500006],[-106.62364329199994,47.810242404000064],[-106.62417978599996,47.815852660000076],[-106.62248656899999,47.821341681000035],[-106.61802498499998,47.826156927000056],[-106.61151275799995,47.829348953000078],[-106.60387278299999,47.831142167000053],[-106.59587502199997,47.830880744000069],[-106.58828986099996,47.827908996000076],[-106.58000969699998,47.828561367000077],[-106.57831216699998,47.83404962000003],[-106.57748609599997,47.839469138000027],[-106.57622395699997,47.844922869000072],[-106.56980942599995,47.848699598000053],[-106.56329228399994,47.851889077000067],[-106.55490686999997,47.851952959000073],[-106.54613627499998,47.85234398800003],[-106.53849151399999,47.85413337500006],[-106.54284336099994,47.858848580000029],[-106.54955803699994,47.861891046000039],[-106.55593906999997,47.865554272000054],[-106.55985696499994,47.87030300400005],[-106.55533598699998,47.874822026000061],[-106.54779039299996,47.877198680000049],[-106.54131989199999,47.880680251000058],[-106.54005367699995,47.886132958000076],[-106.54189198899996,47.891639676000068],[-106.54624676799995,47.896354230000043],[-106.54634056999998,47.90199752400008],[-106.54463797599999,47.907484121000039],[-106.54293507499995,47.912970605000055],[-106.54123186999999,47.918456975000026],[-106.53768063999996,47.923493152000049],[-106.53364145299997,47.928269927000031],[-106.53052560499998,47.933271602000048],[-106.52453557599995,47.937011007000081],[-106.51746848899995,47.939644767000061],[-106.50991341199995,47.942018833000077],[-106.50240844299998,47.944685849000052],[-106.49533951399997,47.947318392000057],[-106.48778262699994,47.949691165000047],[-106.48017455999997,47.951770106000026],[-106.47177534499997,47.951828807000027],[-106.46366132499998,47.950972858000057],[-106.45655488899996,47.948254271000053],[-106.45022161899999,47.944880690000048],[-106.44461118099997,47.940558789000079],[-106.43817861399998,47.936597727000049],[-106.43001675199997,47.935446297000055],[-106.42348306199995,47.938628176000066],[-106.41948423699995,47.943694736000054],[-106.41650910199996,47.949573795000049],[-106.41523031199995,47.955024172000037],[-106.41744597699994,47.960204224000051],[-106.42179603299996,47.964921789000073],[-106.42697020299994,47.969278125000073],[-106.43170818899995,47.97366803400007],[-106.43727034999995,47.977696643000058],[-106.44244670699999,47.982052216000056],[-106.44806080699999,47.986373653000044],[-106.45280163999996,47.990762590000031],[-106.45332401399997,47.996370408000075],[-106.45292175699996,48.001752558000078],[-106.44935838799995,48.006785119000028],[-106.44384381099997,48.010779566000053],[-106.44164127899995,48.01600353300006],[-106.44429865699999,48.021148311000047],[-106.43829471099997,48.024882877000039],[-106.43234045299994,48.028910473000053],[-106.42682275899995,48.032903952000026],[-106.41974033799994,48.035531823000042],[-106.41055542399994,48.036240949000046],[-106.40214450699995,48.036295313000039],[-106.39407046999997,48.03572876000004],[-106.38594637599999,48.034868373000052],[-106.37849659499994,48.032766777000063],[-106.37293329299996,48.028736441000035],[-106.36526134899998,48.030515051000066],[-106.35817655199997,48.033139723000033],[-106.35109114699998,48.035764004000043],[-106.34288024799997,48.036988142000041],[-106.33446916799994,48.037038304000077],[-106.32557072099996,48.036828053000079],[-106.31812278499996,48.034723149000058],[-106.31178819999997,48.031343998000068],[-106.30914156299997,48.026196789000039],[-106.30863219499997,48.020588942000074],[-106.30992188499994,48.015140683000027],[-106.31544562599998,48.011151748000032],[-106.31809600399998,48.005896302000053],[-106.31501275999995,48.000782258000072],[-106.30631885599996,48.00174435200006],[-106.29933439799998,48.004952999000068],[-106.29483390799999,48.009754819000079],[-106.28843437199998,48.013809656000035],[-106.28344534399997,48.018350922000081],[-106.27592109799997,48.021004736000066],[-106.26785026699997,48.020430635000025],[-106.25973000199997,48.019562640000061],[-106.25165951499997,48.018987571000025],[-106.24566854099999,48.014985083000056],[-106.24259091199997,48.009869535000064],[-106.24038829799997,48.004687427000079],[-106.23406114399995,48.001304325000035],[-106.22594390599994,48.000434253000037],[-106.21768588699996,48.001357496000026],[-106.21724864899994,48.00139062900007],[-106.20583756299999,48.004632265000055],[-106.19816378999997,48.00640154000007],[-106.19005226999997,48.008203416000072],[-106.18296253799997,48.010819104000063],[-106.17592137799994,48.013727847000041],[-106.16775908499994,48.015234900000053],[-106.15944908099999,48.015861100000052],[-106.15094266199998,48.015312968000046],[-106.14292279199998,48.015024869000058],[-106.13490299699998,48.01473629700007],[-106.12683433399997,48.01415378300004],[-106.11973559999996,48.011418054000046],[-106.11263750099994,48.008681931000069],[-106.10554003999994,48.005945413000063],[-106.09917143999996,48.00226254200004],[-106.09280360999998,47.998579329000052],[-106.08502858499998,47.997081085000048],[-106.07657414499994,47.99682174700007],[-106.06855705899994,47.996529229000032],[-106.06019998399995,47.996855872000026],[-106.05193995599996,47.997769014000028],[-106.04353408999998,47.997801122000055],[-106.03571188599994,47.996006531000035],[-106.02900817899996,47.992939829000079],[-106.02065138299997,47.993264035000038],[-106.01302206499997,47.995316398000057],[-106.00597460199998,47.998216441000068],[-105.99907142199999,48.001996659000042],[-105.99202252499998,48.004895915000077],[-105.98502121199999,48.008088300000054],[-105.97690319199995,48.009877395000046],[-105.96859197799995,48.010491893000051],[-105.96057361999999,48.010192993000032],[-105.95280037199996,48.008687212000041],[-105.94434489399998,48.00841962700008],[-105.93598553099997,48.008738592000043],[-105.92762607899999,48.009057040000073],[-105.91956016999995,48.00846216900004],[-105.91105696999995,48.007898959000045],[-105.90362695499999,48.00577110200004],[-105.89537042599994,48.004000569000027],[-105.88730550099996,48.003403768000055],[-105.87908975699997,48.004599905000077],[-105.87208257099996,48.007786451000072],[-105.86449412499996,48.010123910000061],[-105.85627702799997,48.011318639000081],[-105.84796440899999,48.011925731000076],[-105.83960406499995,48.012238742000079],[-105.83114859999995,48.011964092000028],[-105.82278816499996,48.012276067000073],[-105.81087994599994,48.012548541000058],[-105.80247194699996,48.012565681000069],[-105.79497493199995,48.01548636900003],[-105.78994908499999,48.020009368000046],[-105.78439025399996,48.023976695000044],[-105.77931563999999,48.028205605000039],[-105.77375536699998,48.032172393000053],[-105.76717723199994,48.035321540000041],[-105.75904921499995,48.037097420000066],[-105.75093410399995,48.036198983000077],[-105.74271127299994,48.037386723000054],[-105.73502003399994,48.039129554000056],[-105.72843914499998,48.042276751000031],[-105.72074687999998,48.044018745000074],[-105.71305417699995,48.045760292000068],[-105.70482931699996,48.046945699000048],[-105.69651034199995,48.04754342800004],[-105.68844162199997,48.046934866000072],[-105.68135883199994,48.04417647300005],[-105.67584075699995,48.040117776000045],[-105.66915035699998,48.037033703000077],[-105.66324270999996,48.033299369000076],[-105.65616264499994,48.030539543000032],[-105.65010970999998,48.034238927000047],[-105.64876066799997,48.039680436000026],[-105.64969398299996,48.045552594000071],[-105.65058079899995,48.051131038000051],[-105.64549464299995,48.055354574000035],[-105.63948522799996,48.059346791000053],[-105.63391301599995,48.063307451000071],[-105.62679312799997,48.065893531000029],[-105.61837773299999,48.065899241000068],[-105.60991584199996,48.065610828000047],[-105.60184559599998,48.064997145000063],[-105.59352315199999,48.065588519000073],[-105.58520054399997,48.06617938200003],[-105.57683144199996,48.066476121000051],[-105.56880771199997,48.066154085000051],[-105.56064529899999,48.064950721000059],[-105.55282880799996,48.06312863900007],[-105.54501278499998,48.061306096000067],[-105.53724336799996,48.059776721000048],[-105.52903633399995,48.058277799000052],[-105.52101393799995,48.057952927000031],[-105.51255361699998,48.057658429000071],[-105.50370133899997,48.057687872000031],[-105.49494091999998,48.058304028000066],[-105.48652656899998,48.058301554000082],[-105.47850439799998,48.057974164000029],[-105.47029905399995,48.056471679000026],[-105.46200256999998,48.054381367000076],[-105.45358876399996,48.054376848000061],[-105.44584145299996,48.055809502000045],[-105.43823075799997,48.058122704000027],[-105.43110318599997,48.060698543000058],[-105.42353691399995,48.063304548000076],[-105.41795031399994,48.067256271000076],[-105.41473601099995,48.072229714000059],[-105.41108297999995,48.077233525000054],[-105.40835136399994,48.08246979200004],[-105.40561927799996,48.08770591800004],[-105.40201008099996,48.093002886000079],[-105.40019920699996,48.098471389000053],[-105.39258144499996,48.100781719000054],[-105.38940875999998,48.10604767600006],[-105.38429991399994,48.11026066800008],[-105.37615079299997,48.112013153000078],[-105.36791047699995,48.113177863000033],[-105.36013890399994,48.111638592000077],[-105.35586091399995,48.106889391000038],[-105.34917942699997,48.103790185000037],[-105.34151383399995,48.105803958000081],[-105.33877495299998,48.111038353000026],[-105.33831865099995,48.116708507000055],[-105.33693991099994,48.122145474000035],[-105.33327748699998,48.12714640300004],[-105.32965965199998,48.132440788000054],[-105.32260910199994,48.135597582000059],[-105.31427432599997,48.136171684000033],[-105.30619774699994,48.135540546000072],[-105.29842488099996,48.133997850000071],[-105.29100105899994,48.13183728000007],[-105.28348782799998,48.129088987000046],[-105.27641390099996,48.126310175000071],[-105.26815946199997,48.124502122000081],[-105.25955660099999,48.123310915000047],[-105.25069468699996,48.12332383200004],[-105.24231615099995,48.123599871000067],[-105.23371392299998,48.122407023000051],[-105.22743086899999,48.118978355000081],[-105.22105921299999,48.114961989000051],[-105.21850135299997,48.109795197000039],[-105.21467305199997,48.105011625000031],[-105.20874217399995,48.100964619000081],[-105.20132556599998,48.098798922000071],[-105.19321061499994,48.09786728000006],[-105.18479085799999,48.097846078000032],[-105.17637110399994,48.097824354000068],[-105.16821227899999,48.096597497000062],[-105.16040354399996,48.094752989000028],[-105.15329492199999,48.09167373400004],[-105.14741370299998,48.08791761100008],[-105.14192734699998,48.083837800000026],[-105.13565344499995,48.08040446900003],[-105.12938024999994,48.076970810000034],[-105.12306360999997,48.073243069000057],[-105.11924510399996,48.068456259000072],[-105.11455069299996,48.063728401000049],[-105.10863048999994,48.059676496000066],[-105.10275511599997,48.055918061000057],[-105.09473539399994,48.055567961000065],[-105.08614567499995,48.054365505000078],[-105.07847764099995,48.056364717000065],[-105.07243108499995,48.060331707000046],[-105.06533171199999,48.063182058000052],[-105.05726742099995,48.06550320100007],[-105.05012293899995,48.068058927000038],[-105.04297785699998,48.070614254000077],[-105.03526263199996,48.072317139000063],[-105.02706491599997,48.073755068000025],[-105.01877951199998,48.07460492000007],[-105.01036304599995,48.07457289000007],[-105.00225426299994,48.073629756000059],[-104.99519964799998,48.070835814000077],[-104.98805868199997,48.067453871000055],[-104.98056710899999,48.064688268000054],[-104.97281158399994,48.063126590000081],[-104.96540799899998,48.060947744000032],[-104.95704167699995,48.058238946000074],[-104.94875740799995,48.059084560000031],[-104.94099774799997,48.060488316000033],[-104.93489859999994,48.064155293000056],[-104.93072508199998,48.06888138100004],[-104.93154635999997,48.074463947000027],[-104.93535047999995,48.079255944000067],[-104.93481359699996,48.084631444000081],[-104.93383808999994,48.090035830000033],[-104.93330097799998,48.095411143000035],[-104.93368424199997,48.101022207000028],[-104.93314701999998,48.106397334000064],[-104.93217101699997,48.111801338000078],[-104.92891470799998,48.11676250000005],[-104.92329116599996,48.120693122000034],[-104.91613458599994,48.123241343000075],[-104.90744526199995,48.124406952000072],[-104.89928833099998,48.123164031000044],[-104.89152744199998,48.121597991000044],[-104.88293244199997,48.120382912000025],[-104.87323637799994,48.120722590000071],[-104.86498538299998,48.121856711000078],[-104.85782622499994,48.124401847000058],[-104.85123393999999,48.127799260000074],[-104.84363464399996,48.130372304000048],[-104.83594908899994,48.132357318000061],[-104.82721416199996,48.133223964000081],[-104.81887516199998,48.13376764700007],[-104.81045063799996,48.133723219000046],[-104.80211141799998,48.134265872000071],[-104.79320532099996,48.133955115000049],[-104.78536066399994,48.131795446000069],[-104.77791292399996,48.129313025000044],[-104.76958804999998,48.126887063000027],[-104.76293436999998,48.123759249000045],[-104.75544611899994,48.120981705000077],[-104.74712328099997,48.118554303000053],[-104.74086813199995,48.115103116000057],[-104.73346655199998,48.112911968000049],[-104.72800574699994,48.108815776000029],[-104.72016664699999,48.10665216700005],[-104.71241248699994,48.105075807000048],[-104.70438861099996,48.104702673000077],[-104.69722476499999,48.107239471000071],[-104.69158715799995,48.111160598000026],[-104.68923103499998,48.116353468000057],[-104.69003079699996,48.121936647000041],[-104.68995287799999,48.127576096000041],[-104.68855807999995,48.133299991000058],[-104.68247851099994,48.137248597000053],[-104.67539399699996,48.140371651000066],[-104.66765969799997,48.142053236000038],[-104.66129449199997,48.142235523000068],[-104.65927611099994,48.142293263000056],[-104.65183224099997,48.139804010000034],[-104.64518320799999,48.136670553000044],[-104.64012332799996,48.132249240000078],[-104.63805306399996,48.127043868000044],[-104.63813579199996,48.121404440000049],[-104.63734079799997,48.115820948000078],[-104.63742357699999,48.110181322000074],[-104.63798694499997,48.104807458000039],[-104.64034699299998,48.099615290000031],[-104.64042947199994,48.093975374000081],[-104.63537348399996,48.089553290000026],[-104.62718504599997,48.087999985000067],[-104.61916394499997,48.08762179200005],[-104.61139310199997,48.089006548000043],[-104.60422723299996,48.091538559000071],[-104.59662205399997,48.094098060000078],[-104.58949656499999,48.096923152000045],[-104.58289230499997,48.10030781100005],[-104.57463871299996,48.101424346000044],[-104.56716181699994,48.098636224000074],[-104.56012435199995,48.095819899000048],[-104.55308753999998,48.093003183000064],[-104.54494211499997,48.09173885000007],[-104.53664765099995,48.092559184000038],[-104.52835296499995,48.093379009000046],[-104.52126565999998,48.096494446000065],[-104.51313513199995,48.098489021000034],[-104.50471576399997,48.098425612000028],[-104.50427697399999,48.098453200000051],[-104.49836690299998,48.097342065000078],[-104.49248457599998,48.093263776000072],[-104.48787812899997,48.088808639000035],[-104.48410867199999,48.084004292000031],[-104.48033980999998,48.07919976800008],[-104.47696913599998,48.074073609000038],[-104.47276285999999,48.069296226000063],[-104.46533554999996,48.066796178000061],[-104.45755215799994,48.064911090000066],[-104.44917838399999,48.065138199000046],[-104.44084540399996,48.065658768000048],[-104.43207369099997,48.066206181000041],[-104.42330182199998,48.066753026000072],[-104.41528480599999,48.066362749000064],[-104.40825810199999,48.063538262000066],[-104.40087480499994,48.061328631000038],[-104.39277740699998,48.060349029000065],[-104.38436344199994,48.060278142000072],[-104.37771122499998,48.063359195000032],[-104.37727263099998,48.063386374000061],[-104.36618618399996,48.063183412000058],[-104.36759859199998,48.163937691000058],[-104.36759932299998,48.163989738000055],[-104.36814149499997,48.202568586000041],[-104.07556777499997,48.20253247200003],[-104.07721440499995,48.504765991000056],[-104.07724410399999,48.510186946000033],[-104.08240158399997,48.700552053000081],[-104.08482389599999,48.789505332000033],[-104.08700720899998,48.99599485300007],[-104.08701306399996,48.996546461000037],[-104.11286792799996,48.996444512000039],[-105.22836312799996,48.998583687000064],[-106.31414867399997,48.99536043300003],[-106.87439827999998,48.994570909000061],[-106.92524056699995,48.994386769000073],[-107.29959607199999,48.990826389000063],[-107.53361171999995,48.988084954000044],[-108.13126928699995,48.985739288000048],[-108.70867601999998,48.977683935000073],[-109.27638118399994,48.973135551000041],[-109.89953976899994,48.976350859000036],[-110.08184284199996,48.976683491000074],[-110.55961458499996,48.976413010000044],[-110.69702097899994,48.976803679000056],[-111.17273649599997,48.977099802000055],[-111.77594038799998,48.986965946000055],[-112.31133481299997,48.99299600900008],[-112.34499865699996,48.993283466000037],[-112.86640574899997,48.99668762500005],[-113.02053172499996,48.996966426000029],[-113.35843361599996,49.001153402000057],[-113.89644560999994,49.003722362000076],[-113.89483035499995,48.95646871100007],[-113.89380757899994,48.916975798000067],[-113.88638440699998,48.889429150000069],[-113.87668917299999,48.864881620000062],[-113.86533510999999,48.843853619000072],[-113.86518563399994,48.843636566000043],[-113.81867297799994,48.776004103000048],[-113.80549932799994,48.756815338000081],[-113.78450092699995,48.725124039000036],[-113.75244640099999,48.676669314000037],[-113.71584500999995,48.616277181000044],[-113.68367455399999,48.556506732000059],[-113.66225309499998,48.516630582000062],[-113.63908208899994,48.485704554000051],[-113.63541777099999,48.479378964000034],[-113.61094441399996,48.43709154700008],[-113.60530224099995,48.404168076000076],[-113.60905638799994,48.384741953000059],[-113.61325863199994,48.362249595000037],[-113.61847075599997,48.361567725000043],[-113.64373883699994,48.306547456000033],[-113.66598490599995,48.258219638000071],[-113.68475928299995,48.211731274000044],[-113.71173101299996,48.144803540000055],[-113.72458873799997,48.111719698000059],[-113.73981918199996,48.072478046000072],[-113.70479651899996,48.035883935000072],[-113.66835740199997,47.997362494000072],[-113.63647528299998,47.935956483000041],[-113.57835761599995,47.836454368000034],[-113.54565669399994,47.78235429700004],[-113.51480744299994,47.742154119000077],[-113.48315570799997,47.71138790100008],[-113.46934779699995,47.697544128000061],[-113.44507848899997,47.682964758000026],[-113.42635531999997,47.673677183000052],[-113.37390206399999,47.64610824600004],[-113.32233622199999,47.608328192000045],[-113.28032732799994,47.564855254000065],[-113.25453130899996,47.54219650400006],[-113.24366396099998,47.535491593000074],[-113.22590180799995,47.52452741500008],[-113.19058723999996,47.508298996000065],[-113.17819750699999,47.503504668000062],[-113.14956291399994,47.492416741000056],[-113.11680758799997,47.476033677000032],[-113.09886367599995,47.458695737000028],[-113.07902602299998,47.436589709000032],[-113.05994221099996,47.420165408000059],[-113.03592255099994,47.405338242000028],[-113.00636894499996,47.391990177000025],[-112.98490498099994,47.376056152000046],[-112.94870735799998,47.33714997800007],[-112.91324278799999,47.301225154000065],[-112.87462779899994,47.274753352000062],[-112.84230007099995,47.257106046000047],[-112.80047292299997,47.240855304000036],[-112.75275079099998,47.217441746000077],[-112.69247848599997,47.188281708000034],[-112.66318414599999,47.176188140000079],[-112.55824316299999,47.132387177000055],[-112.53369953499998,47.121984353000073],[-112.44565855499997,47.088894284000048],[-112.36175433399995,47.055047483000067],[-112.29089943699995,47.015301573000045],[-112.26338874299995,46.993281602000081],[-112.25110324099995,46.973419449000062],[-112.26364080699994,46.951639414000056],[-112.31288607999994,46.916626696000037],[-112.33407296099995,46.903199054000027],[-112.37745791599997,46.876009658000044],[-112.41550299399995,46.849468518000037],[-112.43425560599997,46.829536528000062],[-112.43914819999998,46.824333525000043],[-112.44991751699996,46.806786051000074],[-112.45635786699995,46.788816524000026],[-112.45909246899998,46.771697321000033],[-112.44028006299999,46.741090072000077],[-112.42426491399999,46.723048572000039],[-112.40035635799995,46.702004979000037],[-112.39244119699998,46.695033959000057],[-112.35665267799999,46.666738544000054],[-112.27968148899998,46.609447861000035],[-112.27664695599998,46.596169726000028],[-112.27543056999997,46.590845485000045],[-112.20465083399995,46.591801974000077],[-112.06808707499999,46.594960152000056],[-111.95118333599999,46.597018562000073],[-111.87010973099996,46.593721649000031],[-111.81352765399998,46.59600963500003],[-111.58654531299999,46.600514535000059],[-111.37600040599995,46.604343270000072],[-110.99749669799996,46.610462501000029],[-110.80887148999994,46.611738643000081],[-110.75116453099997,46.611974631000066],[-110.59936352399995,46.612474813000063],[-110.59645210299999,46.592675992000068],[-110.58471365199995,46.592785079000066],[-110.58216351799996,46.572644838000031],[-110.57428595999994,46.567996921000031],[-110.55571913599999,46.557037309000066],[-110.52198789699997,46.525228923000043],[-110.49777377299995,46.507975798000075],[-110.48302769899999,46.501443043000052],[-110.46706167799999,46.492641164000077],[-110.45374619299997,46.484745476000057],[-110.44020578699997,46.483361524000031],[-110.42522754699996,46.478771209000058],[-110.40922036899997,46.475734763000048],[-110.35711801199994,46.474512162000053],[-110.33064861299994,46.463007499000071],[-110.28236100499998,46.440435899000079],[-110.25985843499996,46.439295487000038],[-110.24053133299998,46.427714386000048],[-110.21883711499999,46.425518236000073],[-110.20410450699995,46.417275046000043],[-110.18121938699994,46.415923629000076],[-110.16297895299999,46.409019005000061],[-110.13897133899997,46.403458755000031],[-110.10407154599994,46.402677072000074],[-110.08909547899998,46.408620671000051],[-110.07646924699998,46.408063582000068],[-110.06399234799994,46.405087354000045],[-110.05749928199998,46.405547755000043],[-110.03646064899999,46.409256474000074],[-110.01630124699994,46.410705532000065],[-110.00717745999998,46.413367462000053],[-109.99496593199996,46.41155720200004],[-109.98038190899996,46.410000373000059],[-109.96958529599999,46.411398107000025],[-109.94681233699998,46.410474869000041],[-109.93807713199999,46.413330243000075],[-109.92095349699997,46.415160016000073],[-109.89911810599995,46.412207437000063],[-109.88252761899997,46.409413270000073],[-109.86982500799996,46.403802461000055],[-109.84016918399999,46.406234402000052],[-109.82895832599996,46.399501293000071],[-109.80089813299998,46.398153954000065],[-109.77474170699998,46.397559843000067],[-109.75130203599997,46.388031666000074],[-109.72051418299998,46.385275228000069],[-109.71416916399994,46.378501380000046],[-109.68643872499996,46.37541572300006],[-109.67217824699998,46.367311015000041],[-109.63796972999995,46.348812731000066],[-109.62379214999999,46.342615178000074],[-109.58457445899995,46.337590662000025],[-109.56369658899996,46.334006295000052],[-109.55151174099996,46.327354188000072],[-109.53600894999994,46.31816585100006],[-109.51395393599995,46.31709690200006],[-109.49689884899999,46.311905890000048],[-109.46607301799997,46.294217890000027],[-109.44970543199997,46.288950345000046],[-109.44053872199999,46.281737303000057],[-109.42466631499997,46.277135877000035],[-109.41040695799995,46.280046410000068],[-109.41293343599995,46.286985849000075],[-109.40927188899997,46.289283140000066],[-109.37709571199997,46.27075612200008],[-109.34798166599995,46.264867238000079],[-109.33189339099994,46.262437460000058],[-109.32048071299994,46.264086568000039],[-109.29966387599995,46.26381681600003],[-109.28367937899998,46.270009123000079],[-109.26840901599996,46.274686582000072],[-109.23888552699998,46.267616443000065],[-109.22626697399994,46.279936503000044],[-109.20429679799997,46.282407403000036],[-109.19016681599999,46.284320023000078],[-109.16033707199995,46.27822343400004],[-109.12929688599996,46.277040491000037],[-109.11982859199998,46.283032881000054],[-109.10482699099998,46.285743498000045],[-109.06629255899998,46.271867250000071],[-109.04668665899999,46.272395033000066],[-109.02233346799994,46.271715981000057],[-109.00296844899998,46.271733401000063],[-108.98292339099999,46.270136938000064],[-108.96638841699996,46.267948009000065],[-108.95607418399999,46.264898108000068],[-108.94600802599996,46.268058282000027],[-108.93453577999998,46.269438747000038],[-108.91923649799998,46.265682344000027],[-108.90945876699999,46.268571068000028],[-108.89721103399995,46.269545476000076],[-108.88239823199996,46.264777575000039],[-108.87184515899997,46.265581906000079],[-108.85872560999996,46.26735831600007],[-108.85068996099994,46.266952986000035],[-108.84227010999996,46.262988268000072],[-108.83564036599995,46.261004623000076],[-108.82334102199997,46.265094421000072],[-108.81477456099998,46.263780122000071],[-108.79652998599994,46.260779695000053],[-108.77825230299999,46.263534509000067],[-108.76585288899997,46.26714878100006],[-108.75552255799994,46.275833486000067],[-108.75303123199996,46.285667329000034],[-108.74278777399996,46.29649923900007],[-108.72510166999996,46.29966672200004],[-108.71106365299994,46.296962182000073],[-108.69705873099997,46.299526722000053],[-108.68130351899998,46.30369827100003],[-108.67487162199996,46.314631263000081],[-108.66892564299997,46.324557439000046],[-108.65563267899995,46.32896484500003],[-108.63794677599998,46.32876357400005],[-108.63360952099998,46.334696463000057],[-108.62796131899995,46.340995697000039],[-108.62080457799999,46.348399134000033],[-108.62018396399998,46.357326328000056],[-108.62238170399996,46.364782351000031],[-108.61916882299994,46.367729331000078],[-108.60093518699995,46.368293946000051],[-108.59484635399997,46.374153917000058],[-108.59319481099999,46.384856899000056],[-108.58812272599994,46.390617960000043],[-108.56997675899999,46.391648339000028],[-108.56690189499994,46.395298998000044],[-108.57009660599999,46.406013134000034],[-108.56864664599999,46.414299098000072],[-108.55650309899994,46.419846129000064],[-108.54238420399997,46.419406302000027],[-108.52853377799994,46.422892235000063],[-108.50702498299995,46.416689010000027],[-108.49185523799997,46.421375371000067],[-108.47416736399998,46.421269606000067],[-108.46036570899997,46.427617865000059],[-108.42800437399995,46.442558146000067],[-108.40705936899997,46.439159806000077],[-108.38781607999999,46.441704574000028],[-108.36420767799996,46.439270688000079],[-108.33647424099996,46.438300069000036],[-108.30716308199999,46.45040438500007],[-108.25548936199999,46.47573374600006],[-108.12591795099996,46.472372445000076],[-108.07691893099997,46.478343568000071],[-108.00407543099999,46.51305293300004],[-107.93513457799997,46.511461078000025],[-107.90403187399994,46.528292490000069],[-107.86697786599996,46.546730422000053],[-107.84705043299999,46.565042908000066],[-107.81525578399999,46.58944451900004],[-107.78871160799997,46.608698425000057],[-107.78644132899996,46.621460199000069],[-107.78588456499995,46.640525344000025],[-107.78902508499999,46.657104938000032],[-107.80029939199994,46.672594264000054],[-107.80319839699996,46.682378387000028],[-107.82150407699999,46.701896967000039],[-107.82309478699995,46.715743924000037],[-107.83140229499998,46.734725112000035],[-107.83801654199999,46.75027087400008],[-107.84509724699996,46.760035043000073],[-107.84878970299997,46.771180128000026],[-107.85931661799998,46.785295572000052],[-107.86875401199995,46.799149699000054],[-107.87307516499999,46.808084920000056],[-107.89184452999996,46.816073931000062],[-107.90920155099997,46.830285426000046],[-107.91760096499996,46.841360746000078],[-107.92079737199998,46.852547883000057],[-107.93050108799997,46.864938650000056],[-107.93873454999999,46.877820489000044],[-107.94509284699996,46.908084514000052],[-107.94803007999997,46.936863390000042],[-107.93381811099994,46.944603890000053],[-107.92423165399998,46.970926551000048],[-107.92479351899999,46.981989777000081],[-107.93015868699996,46.99475028300003],[-107.93060235299998,46.995805235000034],[-107.94290583299994,47.007957608000027],[-107.95010048599994,47.01806166800003],[-107.94505892799998,47.035366004000025],[-107.93356632599995,47.046441058000028],[-107.93566753699997,47.062739775000068],[-107.93120212399998,47.080347180000047],[-107.93402409499998,47.097654643000055],[-107.92829462799995,47.11455384900006],[-107.92700466499997,47.118357213000081],[-107.93230082199995,47.137590196000076],[-107.93161869799997,47.153060779000043],[-107.93297273099995,47.165480634000062],[-107.93860510999997,47.172856471000046],[-107.94340176899999,47.18675711000003],[-107.94672740899995,47.195773515000042],[-107.95982619699998,47.211791070000061],[-107.96091346599997,47.222800118000066],[-107.96748213099994,47.232239580000055],[-107.98193946599997,47.247057125000026],[-107.98856769799994,47.272970030000067],[-107.99203259999996,47.293435189000036],[-107.98674763699995,47.301435087000073],[-107.98966879699998,47.313709029000051],[-107.98095279799998,47.333837952000067],[-107.97689264299999,47.353545287000031],[-107.97915660999996,47.389518272000032],[-107.97783726899996,47.424403461000054],[-107.96739338399999,47.426088708000066],[-107.94886829699999,47.428050993000056],[-107.94004601799998,47.43242310200003],[-107.93415437299996,47.440559952000058],[-107.92320635399994,47.446264737000035],[-107.92919301599994,47.449905819000037],[-107.93281470299996,47.454951989000051],[-107.93433213499998,47.460484916000041],[-107.93208833799997,47.473813383000049],[-107.93323076899998,47.479677970000068],[-107.93431627999996,47.485249226000064],[-107.93831590599996,47.489962779000052],[-107.93992429099995,47.493697065000049],[-107.94629199299999,47.497004923000077],[-107.95372939199996,47.499023272000045],[-107.98236253899995,47.503613107000035],[-107.99435471499999,47.510888459000057],[-107.99916860999997,47.515228827000044],[-108.00150155499995,47.520388980000064],[-108.00345958599996,47.525881121000054],[-108.00334151099997,47.529770038000038],[-108.00902324899994,47.534031913000035],[-108.01470577399999,47.538293495000062],[-108.02215040399994,47.540307804000065],[-108.03326104699994,47.540797821000069],[-108.03968201299995,47.543201877000058],[-108.04450163299998,47.547540207000054],[-108.05018786199997,47.551800116000038],[-108.05694269799994,47.554769945000032],[-108.06476586899998,47.556449566000026],[-108.07322398799994,47.556877985000028],[-108.08150850599998,47.55642657900006],[-108.08719508499996,47.556209984000077],[-108.09553738299996,47.556050807000076],[-108.10266984599997,47.558685966000041],[-108.10942796999996,47.561653093000075],[-108.11739603899997,47.561824926000043],[-108.12562277999996,47.561077728000043],[-108.13863088999994,47.553331177000075],[-108.14662339099999,47.551410368000063],[-108.15300816199999,47.554707842000028],[-108.15582160099996,47.562209202000076],[-108.14960798699997,47.575306057000034],[-108.14935721499995,47.580699183000036],[-108.15632804799998,47.586926640000058],[-108.16700618799996,47.582970484000043],[-108.17390199899995,47.579955000000041],[-108.17908923499999,47.575006409000025],[-108.18549212599999,47.57173672700003],[-108.19299410599996,47.569559752000032],[-108.20049555399999,47.56738234200003],[-108.20872202599998,47.566630066000073],[-108.21605930799996,47.568047382000032],[-108.22452006199995,47.568466253000054],[-108.23422118699995,47.56847250800007],[-108.24256475399994,47.568304201000046],[-108.25079083199995,47.567549348000057],[-108.25768080299997,47.564529424000057],[-108.26462888099996,47.56180213500005],[-108.28133669599998,47.556087465000076],[-108.28910724199994,47.557460992000074],[-108.29719311999997,47.558208168000078],[-108.30516125099996,47.55836886000003],[-108.31332621999996,47.557317155000078],[-108.32093999699998,47.555718935000073],[-108.32922250999997,47.555252241000062],[-108.33724946199999,47.555704020000064],[-108.34578715999999,47.554317322000031],[-108.35328133099995,47.552131282000062],[-108.36071573999999,47.549651830000073],[-108.36881933599994,47.548303740000051],[-108.38792612299994,47.553395716000068],[-108.39595326199998,47.553843986000061],[-108.40466769699998,47.553332424000075],[-108.41154851099998,47.550304482000058],[-108.41790937099995,47.542548521000072],[-108.42177593699995,47.537710876000062],[-108.43617140399999,47.536966224000025],[-108.44431597899995,47.53799753900006],[-108.45354405699999,47.544289587000037],[-108.45882557199997,47.54857258100003],[-108.47325921899994,47.550219713000047],[-108.49465300899999,47.547023186000047],[-108.50372508799995,47.548262722000061],[-108.50988886199997,47.550371562000066],[-108.50972972599999,47.556058625000048],[-108.50277986399999,47.560889556000063],[-108.49793287499995,47.565224471000079],[-108.48941562199997,47.573186278000037],[-108.48777633399999,47.578115756000045],[-108.49455511399998,47.581063302000075],[-108.50327258099998,47.580545380000046],[-108.51583853799997,47.57727789300003],[-108.52418248899994,47.577092093000033],[-108.53221370499995,47.577532184000063],[-108.53668614499998,47.578903231000027],[-108.54452538199996,47.580554753000058],[-108.55242520999997,47.582498677000046],[-108.56020511399998,47.583856400000059],[-108.56829772099996,47.584587188000057],[-108.57707535499998,47.584357340000054],[-108.58499776999997,47.58211777300005],[-108.59702638299996,47.574116158000038],[-108.60556074199997,47.572713019000048],[-108.61371287699995,47.573733945000072],[-108.61944084499999,47.577969329000041],[-108.63034522499999,47.585894513000028],[-108.63713168799995,47.588834790000078],[-108.63940988799999,47.589664149000043],[-108.64429103999998,47.591440874000057],[-108.65213475899998,47.593086054000025],[-108.66007140899995,47.592735527000059],[-108.66822710299999,47.59375308400007],[-108.70739544499997,47.593509013000073],[-108.71561907899996,47.592725751000046],[-108.72381306399996,47.594230049000032],[-108.73184792699999,47.594658180000067],[-108.73969439599995,47.596298230000059],[-108.74537203199998,47.600235190000035],[-108.75067865899996,47.604505972000027],[-108.75911547499999,47.616045837000058],[-108.76597264999998,47.619272083000055],[-108.77351272499999,47.621536910000032],[-108.78130243299995,47.622881666000069],[-108.78965173799998,47.622679400000038],[-108.79719974199998,47.620761777000041],[-108.80462445399996,47.618258276000063],[-108.81477167199995,47.61399988900007],[-108.82417474499999,47.610409295000068],[-108.83443828599997,47.610916045000067],[-108.84537956799994,47.61464180300004],[-108.85557967399996,47.619035398000051],[-108.86126683099997,47.622967192000033],[-108.86410911699994,47.628068772000063],[-108.86614759299994,47.633546334000073],[-108.86868209599999,47.63718427200007],[-108.86824636099999,47.643497321000041],[-108.86762531099998,47.648932251000076],[-108.86731380899994,47.653740045000063],[-108.86669161699996,47.661265122000032],[-108.86875461499994,47.666544786000031],[-108.87145279499998,47.67125757000008],[-108.87918860299999,47.674394047000078],[-108.89014407399998,47.676025244000073],[-108.89695291699996,47.678951600000062],[-108.90376241199999,47.681877585000052],[-108.91063453699996,47.685095816000057],[-108.91639335699995,47.689317115000051],[-108.92048144799998,47.69399826800003],[-108.92605770399996,47.701521387000071],[-108.93287109099998,47.704445702000044],[-108.94110826899998,47.705738942000039],[-108.94859956599998,47.703520712000056],[-108.96320938399998,47.69941755800005],[-108.97559638099995,47.701500757000076],[-108.98575477999998,47.703500727000062],[-108.99233495399994,47.713611800000081],[-108.99172418899997,47.719046158000026],[-108.98975023499997,47.724314199000048],[-108.99350126599995,47.731219863000035],[-109.01438552099995,47.739776328000062],[-109.01935182199998,47.744369402000075],[-109.01973572099996,47.750304004000043],[-109.01491037899996,47.754655055000057],[-109.01293727099994,47.759922871000072],[-109.01232787099997,47.765356564000058],[-109.01121816899996,47.775078483000073],[-109.01607941399999,47.781652187000077],[-109.02395739799999,47.783274720000065],[-109.03132706699995,47.779213709000032],[-109.03975060999994,47.775527244000045],[-109.04886730799996,47.771772553000062],[-109.06205621699996,47.770486338000069],[-109.06999681299999,47.772398703000079],[-109.07745489499996,47.778657597000063],[-109.08508896299998,47.781196313000066],[-109.09266071399998,47.783442132000062],[-109.10103785899997,47.785310166000045],[-109.10940819399997,47.785088148000057],[-109.11765232299996,47.784280746000036],[-109.12514681899995,47.782053224000038],[-109.13257763099995,47.779532840000059],[-109.13994465999997,47.776719600000035],[-109.14780801899997,47.774155755000038],[-109.15542665599997,47.772511338000072],[-109.16354193099994,47.771116248000055],[-109.16785465599997,47.770534569000063],[-109.17172014999994,47.770013083000038],[-109.17996142799996,47.769201835000047],[-109.18784213899994,47.770814849000033],[-109.19541636699995,47.773054968000054],[-109.20366827699996,47.77433187400004],[-109.21155027099996,47.775943478000045],[-109.21973935299997,47.776926995000053],[-109.22933633799994,47.779085054000063],[-109.23783262699999,47.779439828000079],[-109.24583155999994,47.779544611000063],[-109.25463433699997,47.779270652000037],[-109.26281199799996,47.778161988000079],[-109.27073418599997,47.775883358000044],[-109.27697173199999,47.771979120000026],[-109.28348891699994,47.767329819000054],[-109.29035002899997,47.764258931000029],[-109.29508260599994,47.759965255000054],[-109.30062076299998,47.758089537000046],[-109.30542606499995,47.753728322000029],[-109.31116166899994,47.749572983000064],[-109.31646301399996,47.745460501000025],[-109.32282256199994,47.742138536000027],[-109.32812248199997,47.738025503000074],[-109.33391912899998,47.734161375000042],[-109.34132030999996,47.729539275000036],[-109.34811018299996,47.726172720000079],[-109.35502759199994,47.723390537000057],[-109.36237764699996,47.720564671000034],[-109.36991964199996,47.718615495000051],[-109.37752539899998,47.71695825300003],[-109.38575679999997,47.716134293000039],[-109.39398798099995,47.715309828000045],[-109.40183281299994,47.71273069800003],[-109.40811996099995,47.709112015000073],[-109.41390883399998,47.70524411100007],[-109.42019450099997,47.701624784000046],[-109.42598190599995,47.697756273000039],[-109.43070909599999,47.693097438000052],[-109.43705702399996,47.68976955800008],[-109.44439926999996,47.686938933000079],[-109.45199908599994,47.685277327000051],[-109.46035443999995,47.685033451000038],[-109.47618277499998,47.687812148000035],[-109.50531460499997,47.697423300000025],[-109.52865200699995,47.706523602000061],[-109.54171451799999,47.711791966000078],[-109.54996533299999,47.713047897000081],[-109.55787000599997,47.71303929700008],[-109.56629384999997,47.713081149000061],[-109.57458735399996,47.712537920000045],[-109.58163151799994,47.710524002000056],[-109.58923052999995,47.708854767000048],[-109.59687048099994,47.705387399000074],[-109.60321065699998,47.702051811000047],[-109.60792470899997,47.697386820000077],[-109.61689417899998,47.683585657000037],[-109.62373829999996,47.686475079000047],[-109.63129139499995,47.701178755000058],[-109.63958271099995,47.700631503000068],[-109.64817577699995,47.69945500700004],[-109.65616489799999,47.699535465000054],[-109.66428521999995,47.700199937000036],[-109.67257610899998,47.699650652000059],[-109.68086684699995,47.69910085500004],[-109.68896032099997,47.697673841000039],[-109.69423180799998,47.693545887000028],[-109.70112978899999,47.690745672000048],[-109.70789557299997,47.687360612000077],[-109.71509337299995,47.683930734000057],[-109.72361679499994,47.682457129000056],[-109.73227159499999,47.681567433000055],[-109.74015542399997,47.683148545000051],[-109.74803965899997,47.684729188000063],[-109.75739240399997,47.686587714000041],[-109.76534358399999,47.688459537000028],[-109.78706099799996,47.688981298000044],[-109.79328023999994,47.689404651000075],[-109.80150227399997,47.688555215000065],[-109.80932251199994,47.689840054000058],[-109.81714307799996,47.691124433000027],[-109.82496397099999,47.692408354000065],[-109.83345151499998,47.692725667000047],[-109.84237188099996,47.692997595000065],[-109.85055980599998,47.69394300600004],[-109.85911420799994,47.69455085900006],[-109.86663677599995,47.696461555000042],[-109.87276172199995,47.700012337000032],[-109.87815503599995,47.704237008000064],[-109.88238392599999,47.709180609000043],[-109.88661349899996,47.714124003000052],[-109.89280806199997,47.717965805000063],[-109.89783816299996,47.722526583000047],[-109.90280225599997,47.726795006000032],[-109.91003078799997,47.729332337000073],[-109.93939245699994,47.747206927000036],[-109.94705796799997,47.749696959000062],[-110.00651248099996,47.782180027000038],[-110.01308736099998,47.785678138000037],[-110.01893117799995,47.789850689000048],[-110.02507428099995,47.793393540000068],[-110.03085220799994,47.797273493000034],[-110.03583162699999,47.80153604800006],[-110.04087923999998,47.806090327000049],[-110.04506076899997,47.810735331000046],[-110.04967638099998,47.81533464000006],[-110.05356088799999,47.820608648000075],[-110.05614551599996,47.826019025000051],[-110.05742993899997,47.831565841000042],[-110.05647900899999,47.837048238000079],[-110.05415940099999,47.842375151000056],[-110.05122040099997,47.864212337000026],[-110.04983457599997,47.869739638000055],[-110.04786238199995,47.880411052000056],[-110.04827929999999,47.886048002000052],[-110.04999825699997,47.891548386000068],[-110.05171752399997,47.897048654000059],[-110.05929484699999,47.906718124000065],[-110.06311826899997,47.911698522000052],[-110.08552116599998,47.931275171000038],[-110.09094958999998,47.935488343000031],[-110.10000346599998,47.943804650000061],[-110.10502175699997,47.950348382000072],[-110.10841724499994,47.95537248800008],[-110.11268215099994,47.960305068000025],[-110.11614685899997,47.965620611000077],[-110.13140182899997,47.978723330000037],[-110.13910422999999,47.98120067900004],[-110.15400808799996,47.98590807000005],[-110.16210352299998,47.986250205000033]]],[[[-77.951230358999965,42.788856044000056],[-77.950340987999937,42.771122762000061],[-77.902570181999977,42.77107032400005],[-77.902915796999935,42.780275477000032],[-77.89278614899996,42.789331245000028],[-77.895321401999979,42.804494961000046],[-77.945508860999951,42.802792821000025],[-77.951582758999962,42.798060842000041],[-77.951230358999965,42.788856044000056]]],[[[-78.318950047999977,42.249732251000069],[-78.318215844999941,42.216712985000072],[-78.276711227999954,42.215797810000026],[-78.276455043999988,42.250085589000037],[-78.318950047999977,42.249732251000069]]],[[[-78.220673923999982,42.409022801000049],[-78.185365974999968,42.388342976000047],[-78.075586960999942,42.474939322000068],[-78.108894089999978,42.496055578000039],[-78.220673923999982,42.409022801000049]]],[[[-77.946270511999955,42.681096582000066],[-78.072142429999985,42.677901260000056],[-78.073597598999982,42.605604580000033],[-77.94713556499994,42.604468505000057],[-77.946270511999955,42.681096582000066]]],[[[-77.979218480999975,42.745831996000049],[-77.978137811999943,42.72877464100003],[-77.93773988099997,42.729823556000042],[-77.936056028999985,42.746472356000027],[-77.979218480999975,42.745831996000049]]],[[[-77.833759244999953,42.906585073000031],[-77.877339734999964,42.925740423000036],[-77.891934795999987,42.907490763000055],[-77.851855259999979,42.889564152000048],[-77.848887017999971,42.896867544000031],[-77.833759244999953,42.906585073000031]]],[[[-76.747745839999936,43.002737839000076],[-76.770172773999946,42.979194857000039],[-76.77150600899995,42.96800230000008],[-76.775490601999934,42.954377141000066],[-76.78033266999995,42.944450588000052],[-76.781265373999986,42.934619977000068],[-76.781799729999989,42.926151835000042],[-76.82557518599998,42.922360411000057],[-76.827096536999989,42.910484989000054],[-76.837755530999971,42.907174120000036],[-76.851567628999987,42.729747932000066],[-76.642773070999965,42.72943478600007],[-76.675779000999967,42.890839140000026],[-76.747745839999936,43.002737839000076]]],[[[-74.766620831999944,44.975145726000051],[-74.76758231499997,44.970082385000069],[-74.764762134999955,44.967515563000063],[-74.756568104999985,44.965608099000065],[-74.736796058999971,44.967490262000069],[-74.701261779999982,44.972448329000031],[-74.70172942499994,44.968868903000043],[-74.712083351999979,44.964351420000071],[-74.722167523999985,44.965014116000077],[-74.752488291999953,44.960214877000055],[-74.753386516999967,44.929009208000025],[-74.532434060999947,44.931682422000051],[-74.532189487999972,44.95412669600006],[-74.520549180999978,44.953705188000072],[-74.518933140999934,44.978006325000081],[-74.766620831999944,44.975145726000051]]],[[[-78.772827698999947,42.196910151000054],[-78.783861600999955,42.193316958000025],[-78.796087268999941,42.187544188000061],[-78.80737765899994,42.185394887000029],[-78.810890320999988,42.18401626800005],[-78.819679004999955,42.18667634500008],[-78.839200476999963,42.159862960000055],[-78.841687319999949,42.132974581000042],[-78.861667126999976,42.126421117000064],[-78.874018396999986,42.122539305000032],[-78.882860520999941,42.120037116000049],[-78.891759700999955,42.122239006000029],[-78.891583709999964,42.157437308000056],[-78.903737502999945,42.166673454000033],[-78.917222747999972,42.155903239000054],[-78.914424937999968,42.107605402000047],[-79.003657515999976,42.031933852000066],[-79.002685745999941,41.993974435000041],[-78.957773374999988,41.994394563000071],[-78.959732292999945,42.023849507000079],[-78.92153069799997,42.045209556000032],[-78.904942141999982,42.068219236000061],[-78.876322977999962,42.071671283000057],[-78.854618435999953,42.085025373000065],[-78.829380521999951,42.08753940400004],[-78.806276440999966,42.096459626000069],[-78.792795829999989,42.119433421000053],[-78.788103761999935,42.135205190000079],[-78.778722197999969,42.14467055800003],[-78.77036499999997,42.147705153000061],[-78.723162995999985,42.13249789200006],[-78.722232829999939,42.09947698700006],[-78.68853689599996,42.068799320000039],[-78.652589958999954,42.068797760000052],[-78.645728124999948,42.075798216000067],[-78.634548626999958,42.075127335000047],[-78.625056064999967,42.07281891000008],[-78.622427737999942,42.078079172000059],[-78.613737632999971,42.084814673000039],[-78.594379658999969,42.079200181000033],[-78.586376167999958,42.080863585000031],[-78.571790685999986,42.095674296000027],[-78.588728995999986,42.11786092400007],[-78.59440294999996,42.113040793000039],[-78.59958575099995,42.107679642000051],[-78.658282792999955,42.122245887000076],[-78.662466319999965,42.128016138000078],[-78.68467727999996,42.164096327000038],[-78.772827698999947,42.196910151000054]]],[[[-85.619846256999949,45.114419611000073],[-85.617705587999978,45.119276993000028],[-85.608182424999939,45.130003000000045],[-85.59904015699999,45.13836351100008],[-85.587400222999975,45.141249248000065],[-85.582915204999949,45.139685943000075],[-85.579932827999983,45.135130324000045],[-85.57980149499997,45.125536018000048],[-85.577449497999964,45.121271129000036],[-85.571065230999977,45.120989880000025],[-85.565169512999944,45.126019357000075],[-85.562218451999968,45.134435757000062],[-85.557489923999981,45.142674883000041],[-85.547722888999942,45.148585274000027],[-85.542964568999935,45.161133980000045],[-85.540646519999939,45.175319376000061],[-85.543239925999956,45.188468460000081],[-85.547826258999976,45.192883949000077],[-85.557226768999953,45.193411937000064],[-85.56539251099997,45.189047268000081],[-85.567924932999972,45.181827239000029],[-85.572693527999945,45.173351982000042],[-85.586047200999985,45.164138415000025],[-85.597138205999954,45.160489238000025],[-85.602474030999986,45.16307927400004],[-85.603891897999972,45.168944089000036],[-85.605014148999942,45.174545213000044],[-85.608460878999949,45.176262609000048],[-85.619569289999959,45.176685381000027],[-85.629466139999977,45.174134345000027],[-85.641168722999964,45.166698255000028],[-85.648638473999938,45.158199995000075],[-85.653642686999945,45.152376520000075],[-85.660832359999972,45.147687820000044],[-85.664583814999958,45.139127477000045],[-85.666511275999937,45.131377763000046],[-85.672933335999971,45.123032914000078],[-85.681615554999951,45.115349381000044],[-85.683143946999962,45.103494316000081],[-85.690353530999971,45.096529760000067],[-85.698607869999989,45.092523969000069],[-85.701763436999954,45.082356901000026],[-85.708581825999943,45.074641084000064],[-85.738470446999941,45.055843863000064],[-85.752582037999957,45.04368075800005],[-85.758672563999937,45.034107149000079],[-85.762807386999953,45.027251360000037],[-85.768168260999971,45.019056207000062],[-85.766702936999991,45.006000684000071],[-85.761558565999962,44.996962274000055],[-85.759142330999964,44.986704861000078],[-85.761660909999989,44.980437685000027],[-85.771913158999951,44.970118713000033],[-85.784484144999965,44.964297853000062],[-85.791941528999985,44.958785240000054],[-85.806895012999973,44.953872011000044],[-85.932037969999953,44.965974441000071],[-85.927839891999952,44.87004586300003],[-85.806405740999935,44.87080110200003],[-85.64581136999999,44.869698718000052],[-85.637292138999953,44.888061074000063],[-85.633423360999984,44.896374926000078],[-85.630526447999955,44.898655721000068],[-85.626812020999978,44.90913905900004],[-85.620500766999953,44.916893866000066],[-85.60907847499999,44.924950507000062],[-85.599628584999948,44.927055370000062],[-85.591676589999963,44.929281993000075],[-85.586857829999985,44.937157269000068],[-85.590319326999975,44.943911575000072],[-85.590460638999957,44.958663182000066],[-85.585294350999959,44.968666756000061],[-85.581913905999954,44.977018522000037],[-85.58305009299994,44.982503816000076],[-85.593663369999945,44.982651623000038],[-85.601236879999988,44.979674739000075],[-85.607999026999948,44.97231744100003],[-85.615972214999942,44.96685593400008],[-85.623084275999986,44.966716207000047],[-85.62583798299994,44.971613674000025],[-85.622020057999976,44.979570952000074],[-85.612086762999979,44.98774891100004],[-85.60838795899997,45.004342707000035],[-85.602548186999968,45.015369626000052],[-85.598845340999958,45.031962201000056],[-85.592478785999958,45.036834831000078],[-85.584473446999937,45.036181659000079],[-85.576756465999949,45.033754238000029],[-85.576316067999983,45.04270465500008],[-85.577722773999938,45.049649080000052],[-85.581977986999959,45.054669234000073],[-85.589582492999966,45.05780571400004],[-85.597808747999977,45.069618542000057],[-85.597969435999971,45.081133014000045],[-85.596259721999957,45.088541390000046],[-85.601848648999976,45.094746979000035],[-85.610287975999938,45.099027639000042],[-85.616552499999955,45.104209042000036],[-85.619311594999942,45.109105255000031],[-85.619846256999949,45.114419611000073]]],[[[-84.873393343999965,45.755174568000029],[-84.878750994999962,45.757104767000044],[-84.881499564999956,45.760933519000048],[-84.894508326999983,45.762351826000042],[-84.900812948999942,45.75810425800006],[-84.905417549999981,45.754355137000061],[-84.916651084999955,45.755572781000069],[-84.927191908999987,45.758871382000052],[-84.928000166999936,45.76402918000008],[-84.941104558999939,45.762457680000068],[-84.950416258999951,45.760560577000035],[-84.959901344999935,45.76256872600004],[-84.979859595999983,45.763374724000073],[-84.961321826999949,45.749520239000049],[-84.953392029999975,45.741059818000053],[-84.945721762999938,45.73112409600003],[-84.944309266999937,45.71962811800006],[-84.946798394999973,45.710262087000046],[-84.959183911999958,45.702940328000068],[-84.974348709999958,45.694358245000046],[-84.98446981799998,45.687738875000036],[-84.997728268999936,45.677794151000057],[-85.002567533999979,45.667130612000051],[-85.003118933999986,45.661489758000073],[-85.012618490999955,45.658407741000076],[-85.019860496999968,45.656030958000031],[-85.034304471999974,45.653967088000059],[-85.042220691999944,45.650149704000057],[-85.056662608999943,45.648083314000075],[-85.076899300999969,45.639621451000039],[-85.091800770999953,45.627412500000048],[-85.093865212999958,45.61291877900004],[-85.105596813999966,45.59924247500004],[-85.121962295999936,45.588351479000039],[-85.13233799599999,45.577552044000072],[-85.137870097999951,45.565145802000075],[-85.137871167999947,45.557661449000079],[-85.134008689999973,45.545360062000043],[-85.122216614999957,45.539573655000027],[-85.118020295999941,45.53173382600005],[-85.114513131999956,45.524850180000044],[-85.11216511799995,45.518663212000035],[-85.102478886999961,45.513052302000062],[-85.101811461999944,45.507007226000042],[-85.09708397899999,45.497324121000077],[-85.090491661999977,45.491075634000026],[-85.08016070299999,45.481814047000057],[-85.07931524199995,45.471860129000049],[-85.06778139499994,45.462195060000056],[-85.06411763899996,45.453797482000027],[-85.051763935999986,45.446456246000025],[-85.015648133999946,45.421508954000046],[-84.988977263999971,45.418326123000043],[-84.974625815999957,45.417693694000036],[-84.961675536999962,45.41388511100007],[-84.942399309999985,45.41222635500003],[-84.932547689999979,45.410179216000074],[-84.921782377999989,45.401162338000063],[-84.922553418999939,45.382055968000031],[-84.938526962999958,45.37085161300007],[-84.952196805999961,45.360645426000076],[-84.977615820999972,45.35863815700003],[-84.996163497999987,45.364424584000062],[-85.015555663999976,45.360394919000044],[-85.036074466999935,45.36215031200004],[-85.078291986999943,45.369944864000047],[-85.09697375199994,45.370036136000067],[-85.105921027999955,45.369897578000064],[-85.118990749999966,45.368011478000028],[-85.13867707299994,45.369679465000047],[-85.153722638999966,45.366160166000043],[-85.162769628999968,45.365427150000073],[-85.170978700999967,45.364622797000038],[-85.189071642999977,45.363153704000069],[-85.21219003899995,45.362104791000036],[-85.231787238999971,45.359258935000071],[-85.244660842999963,45.353450944000031],[-85.247999623999988,45.346243958000059],[-85.251167726999938,45.33752512600006],[-85.260465869999962,45.33021812000004],[-85.267356621999966,45.317018768000025],[-85.277607906999947,45.31158733500007],[-85.293460411999945,45.307162208000079],[-85.299178067999947,45.301410373000067],[-85.306665925999937,45.297243544000025],[-85.316435596999952,45.295662440000058],[-85.329868551999937,45.292469007000079],[-85.336330053999973,45.286298486000078],[-85.344246607999935,45.28360286800006],[-85.355588533999935,45.280712245000075],[-85.367511457999967,45.272693951000065],[-84.863338010999939,45.274929073000067],[-84.741124311999954,45.274731632000055],[-84.621352396999953,45.275099741000076],[-84.622484290999978,45.35940017300004],[-84.624780334999969,45.529677389000028],[-84.625951083999951,45.606473573000073],[-84.629836594999972,45.70386105700004],[-84.629154179999944,45.714507439000045],[-84.629384034999987,45.720978962000061],[-84.655450085999973,45.724562916000025],[-84.661339864999945,45.726942374000032],[-84.661180056999967,45.727052162000064],[-84.662121876999947,45.730813756000032],[-84.664183726999966,45.73267177200006],[-84.667214846999968,45.732937906000075],[-84.671929973999966,45.733351751000043],[-84.677991725999959,45.735799979000035],[-84.680811635999987,45.73916145000004],[-84.68308415499996,45.743672581000055],[-84.685820362999948,45.747505587000035],[-84.691462821999949,45.75039528800005],[-84.698032297999987,45.753844891000028],[-84.702749377999965,45.758090193000044],[-84.704813627999954,45.763779993000071],[-84.709447725999951,45.768496649000042],[-84.71627345099995,45.77436255300006],[-84.723985519999985,45.781023808000043],[-84.732456463999938,45.785355437000078],[-84.74518395399997,45.78885961800006],[-84.761661539999977,45.790533075000042],[-84.763970092999955,45.790539903000081],[-84.766959524999947,45.790548683000054],[-84.778770071999986,45.790582700000073],[-84.781994604999966,45.789955165000038],[-84.78727988299994,45.788926381000067],[-84.794142483999963,45.784971312000039],[-84.796201188999987,45.781078473000036],[-84.795032835999962,45.774944559000062],[-84.791972711999961,45.773002861000066],[-84.780924786999947,45.76599111400003],[-84.774055291999957,45.760095270000079],[-84.769323367999959,45.756033134000063],[-84.768755282999962,45.752732055000081],[-84.769700463999982,45.748613093000074],[-84.773436068999956,45.747287438000058],[-84.778306215999976,45.746348953000052],[-84.789096069999971,45.745789150000064],[-84.798778814999935,45.744234273000075],[-84.805244452999943,45.739106570000047],[-84.809659916999976,45.735896636000064],[-84.824237595999989,45.735662304000073],[-84.832290580999938,45.736059694000062],[-84.83182743399999,45.74110908800003],[-84.829154284999959,45.746566031000043],[-84.829434047999939,45.754673281000066],[-84.837338655999986,45.758350310000026],[-84.845233188999941,45.757236125000077],[-84.849699839999971,45.753730088000054],[-84.856329891999962,45.752506116000063],[-84.86165023999996,45.75386310600004],[-84.873393343999965,45.755174568000029]]],[[[-84.659260355999947,30.579234522000036],[-84.657150754999975,30.546102896000036],[-84.620232939999937,30.548069343000066],[-84.620370606999984,30.58039050900004],[-84.659260355999947,30.579234522000036]]],[[[-85.417958732999978,44.945267373000036],[-85.416785995999987,44.862215707000075],[-85.329733890999989,44.862615766000033],[-85.330285768999943,44.944666466000058],[-85.417958732999978,44.945267373000036]]],[[[-85.878040569999939,46.229167578000045],[-85.875394282999935,46.144143961000054],[-85.757781107999961,46.143308068000067],[-85.759515180999983,46.227677645000028],[-85.878040569999939,46.229167578000045]]],[[[-83.565300848999982,44.965025675000049],[-83.565788743999974,44.933707378000065],[-83.529374799999971,44.933025090000058],[-83.529436395999937,44.964038359000028],[-83.565300848999982,44.965025675000049]]],[[[-85.723120033999976,40.605995689000054],[-85.722661700999936,40.645085139000059],[-85.825817109999946,40.698041290000049],[-85.824773934999939,40.654791685000077],[-85.821084989999974,40.652050788000054],[-85.816535659999943,40.648576254000034],[-85.812501070999986,40.647939052000027],[-85.805778438999937,40.648210720000066],[-85.801166624999951,40.648586111000043],[-85.796018064999942,40.650534743000037],[-85.790666166999983,40.653853866000077],[-85.785355574999983,40.65347455400007],[-85.777090681999937,40.652532360000066],[-85.770219684999972,40.649704424000049],[-85.762564020999946,40.641255554000054],[-85.757422321999968,40.636339141000065],[-85.750274576999971,40.634025827000073],[-85.741628067999955,40.631582601000048],[-85.735816729999954,40.628458231000025],[-85.730706331999954,40.61791278100003],[-85.726733189999948,40.609933426000055],[-85.72447082299999,40.607467891000056],[-85.723120033999976,40.605995689000054]]],[[[-84.952632859999937,43.555595545000074],[-84.844283963999942,43.554629118000037],[-84.843664628999989,43.59726411500003],[-84.729804232999982,43.595419288000073],[-84.611774796999953,43.593689969000025],[-84.611280867999938,43.811331497000026],[-84.73153924799999,43.812024176000079],[-84.732008076999989,43.727300309000043],[-84.869042525999987,43.728318907000073],[-84.965489604999959,43.728945947000057],[-84.96397759499996,43.555691300000035],[-84.952632859999937,43.555595545000074]]],[[[-83.846301237999967,43.991177849000053],[-84.185608316999947,43.994795278000026],[-84.179887139999948,43.816689864000068],[-83.941356146999965,43.816008584000031],[-83.94327046899997,43.827266721000058],[-83.938780722999979,43.840794421000055],[-83.937819091999984,43.853218512000069],[-83.933066836999956,43.860943378000059],[-83.930057729999987,43.866429510000046],[-83.930401804999974,43.878979384000047],[-83.929438029999972,43.891402611000046],[-83.922107736999976,43.90224756300006],[-83.907135938999943,43.92198064300004],[-83.88438184499995,43.947697566000045],[-83.876638207999974,43.964276596000047],[-83.866105188999938,43.974326753000071],[-83.857582826999987,43.980720371000075],[-83.853730949999942,43.987085644000047],[-83.846301237999967,43.991177849000053]]],[[[-85.715317198999969,45.73443573000003],[-85.714750374999937,45.725299771000039],[-85.70667332499994,45.720350181000072],[-85.704682596999987,45.711578778000046],[-85.704573705999962,45.70068427700005],[-85.702449635999983,45.692739138000036],[-85.690941442999986,45.690026326000066],[-85.680136028999982,45.69873358500007],[-85.675973609999971,45.708569358000034],[-85.675735912999983,45.72051299900005],[-85.677665225999988,45.72963892000007],[-85.690578050999989,45.734258504000081],[-85.703321208999967,45.73467652100004],[-85.715317198999969,45.73443573000003]]],[[[-85.552879254999937,45.828589024000053],[-85.552701450999962,45.796517096000059],[-85.549119029999986,45.793356723000045],[-85.540784844999962,45.794118499000035],[-85.533125477999988,45.794934369000032],[-85.526609792999977,45.792971374000047],[-85.52544445999996,45.787613358000044],[-85.531781103999947,45.782384285000035],[-85.533677391999959,45.779188161000036],[-85.530927882999947,45.775137376000032],[-85.524492425999938,45.772701979000033],[-85.515691471999958,45.776295379000032],[-85.501960721999978,45.776616816000057],[-85.471203462999938,45.776508453000076],[-85.465629614999955,45.78945402100004],[-85.464765068999952,45.794647617000066],[-85.471279013999947,45.796613704000038],[-85.482439970999962,45.799435921000054],[-85.502944672999945,45.807800783000062],[-85.515870772999961,45.816504902000077],[-85.525736500999983,45.823045696000065],[-85.539059302999988,45.82938650300008],[-85.552879254999937,45.828589024000053]]],[[[-84.925096807999978,46.456481522000047],[-84.925639768999986,46.441705784000078],[-84.978943276999985,46.441426623000041],[-84.977727811999955,46.416940594000039],[-84.859415424999952,46.417432332000033],[-84.859725758999957,46.43897720700005],[-84.866035708999959,46.442383523000046],[-84.87736773599994,46.444782111000052],[-84.886237516999984,46.449361193000072],[-84.89527598799998,46.452997566000079],[-84.90378876799997,46.451807341000062],[-84.916904708999937,46.451962882000032],[-84.925096807999978,46.456481522000047]]],[[[-84.714727855999968,46.471978343000046],[-84.714890429999969,46.440428018000034],[-84.690026870999986,46.440193147000059],[-84.688752316999967,46.424299200000064],[-84.654190664999987,46.424174133000065],[-84.654334183999936,46.461494293000044],[-84.663529664999942,46.468030715000054],[-84.684911438999961,46.468446825000058],[-84.695048370999984,46.473627251000039],[-84.706208775999983,46.473156264000067],[-84.714727855999968,46.471978343000046]]],[[[-84.605974838999941,46.425421723000056],[-84.609686702999966,46.419287358000076],[-84.605674362999935,46.412838451000027],[-84.585905779999962,46.40178476400007],[-84.577162846999954,46.401379545000054],[-84.576447596999969,46.408134243000063],[-84.585493016999976,46.41825314600004],[-84.594679786999961,46.421925317000046],[-84.605974838999941,46.425421723000056]]],[[[-84.250446248999936,46.27263928900004],[-84.253148858999964,46.298736172000076],[-84.272918730999947,46.308615631000066],[-84.276519059999941,46.31041411700005],[-84.308803202999968,46.311397510000063],[-84.308449263999989,46.272589584000059],[-84.274474692999945,46.27336719200008],[-84.270240686999955,46.259101674000078],[-84.26421946399995,46.258080641000049],[-84.255069151999976,46.255340858000068],[-84.252700157999982,46.242199435000032],[-84.242520903999946,46.24128089900006],[-84.24009463699997,46.224781429000075],[-84.237497277999978,46.220237154000074],[-84.227852017999965,46.216492162000065],[-84.218591712999967,46.218048748000058],[-84.21549517699998,46.223514877000071],[-84.22611534899994,46.233095026000058],[-84.228920466999966,46.243883029000074],[-84.235766567999974,46.249721562000047],[-84.24022484599999,46.253522878000069],[-84.241763907999939,46.263716686000066],[-84.250446248999936,46.27263928900004]]],[[[-84.223202265999987,46.508097539000062],[-84.223940786999947,46.495004645000051],[-84.25611792899997,46.494307677000052],[-84.256200462999971,46.452443341000048],[-84.226043604999973,46.456311532000029],[-84.223119016999988,46.448869409000054],[-84.205432224999981,46.450864404000072],[-84.19228997099998,46.47001836000004],[-84.178033385999981,46.481293279000056],[-84.174507766999966,46.495331763000081],[-84.181353145999935,46.504923122000037],[-84.202758676999963,46.50625632200007],[-84.223202265999987,46.508097539000062]]],[[[-83.489243487999943,44.979370975000052],[-83.489506138999957,44.973688089000063],[-83.485615928999948,44.967596639000078],[-83.479695633999938,44.958901308000065],[-83.474734479999938,44.951802278000059],[-83.465843132999964,44.951827641000079],[-83.444266330999938,44.951802438000072],[-83.448808933999942,44.958861675000037],[-83.452049084999942,44.966092547000073],[-83.454724373999966,44.978375530000051],[-83.489243487999943,44.979370975000052]]],[[[-84.511867376999987,46.141928298000039],[-84.510784787999967,46.057442563000052],[-84.641542490999939,46.05889168300007],[-84.641204559999949,46.012179454000034],[-84.627945390999969,46.014250055000048],[-84.617673363999984,46.011194537000051],[-84.603023800999949,46.009549295000056],[-84.595231054999942,46.00419557400005],[-84.583194701999957,45.996671946000049],[-84.565826939999965,45.99298692900004],[-84.55244752699997,45.992884145000062],[-84.546368348999977,45.98947392000008],[-84.547217477999936,45.97913244700004],[-84.552693428999987,45.96884020400006],[-84.552770923999958,45.962740618000055],[-84.544674003999944,45.956277884000031],[-84.534729373999937,45.954320826000071],[-84.529702061999956,45.96213801500005],[-84.530564301999959,45.971553826000047],[-84.525100326999961,45.976099204000036],[-84.518509035999955,45.975515632000054],[-84.510276522999959,45.972630970000068],[-84.503334379999956,45.962675630000035],[-84.49290186099995,45.954924288000029],[-84.487953068999957,45.956640217000029],[-84.490339272999961,45.963318447000063],[-84.495915174999936,45.983570766000071],[-84.493932832999974,45.988783071000057],[-84.483089918999951,45.988898130000052],[-84.471113772999956,45.986756196000044],[-84.464219617999959,45.982191483000065],[-84.452363728999956,45.982213757000068],[-84.445082535999973,45.979768811000042],[-84.440154015999951,45.975736959000074],[-84.431211294999969,45.976735458000064],[-84.426688823999939,45.981720591000055],[-84.418876263999948,45.984974728000054],[-84.40696806599999,45.982473430000027],[-84.394451296999989,45.974886665000042],[-84.38380604699995,45.973933131000081],[-84.386909395999965,46.141601012000081],[-84.511867376999987,46.141928298000039]]],[[[-88.28906357599999,43.939017805000049],[-88.126205175999985,43.936466407000069],[-88.12338706099996,43.996172203000071],[-88.125474417999953,44.12392684200006],[-88.225727565999989,44.122361612000077],[-88.30162790299994,44.12112355000005],[-88.303527143999986,44.118243376000066],[-88.315449193999939,44.100156967000032],[-88.317677482999954,44.081207540000037],[-88.315991041999951,44.063381642000081],[-88.30308084699999,44.028507496000032],[-88.29018438199995,43.993629916000032],[-88.28906357599999,43.939017805000049]]],[[[-90.823782793999953,46.872568422000029],[-90.849844594999979,46.872097828000051],[-90.848515178999946,46.842301961000032],[-90.808962640999937,46.842243177000057],[-90.80334499199995,46.844625410000049],[-90.794516931999965,46.846509307000076],[-90.78896036499998,46.848149694000028],[-90.790177842999981,46.853031325000075],[-90.796319738999955,46.857362980000062],[-90.800872567999988,46.861260040000047],[-90.797228304999976,46.865950316000067],[-90.792409765999935,46.871709660000079],[-90.78790063799994,46.873762985000042],[-90.779900175999956,46.878652905000081],[-90.774278132999939,46.881033671000068],[-90.77638946899998,46.888181023000072],[-90.779613520999987,46.895000273000051],[-90.785988908999968,46.903058707000071],[-90.794931868999981,46.906384598000045],[-90.802980110999954,46.907444154000075],[-90.81217182599994,46.907804481000028],[-90.81387123899998,46.913447369000039],[-90.815540073999955,46.919460686000036],[-90.825924490999967,46.925071019000029],[-90.833465600999943,46.925737017000074],[-90.842057866999937,46.926815235000049],[-90.843914126999948,46.930604784000082],[-90.844953210999961,46.937707984000042],[-90.850382128999968,46.944238221000035],[-90.856057470999986,46.94780398100005],[-90.861764090999941,46.950998947000073],[-90.870390911999948,46.951704738000046],[-90.88115182699994,46.952864077000072],[-90.886890678999976,46.95568740300007],[-90.900236728999971,46.958431567000048],[-90.908865014999947,46.959134843000072],[-90.915090736999957,46.956028586000059],[-90.917198963999965,46.950162402000046],[-90.915580089999935,46.943409797000072],[-90.916034589999981,46.937851701000056],[-90.922829042999979,46.934395105000078],[-90.931605268999988,46.933244209000065],[-90.937316505999945,46.929745447000073],[-90.940893659999972,46.925793257000066],[-90.948857429999975,46.921264819000044],[-90.959644569999966,46.922047323000072],[-90.964302355999962,46.924826383000038],[-90.969080463999944,46.926122995000071],[-90.976052374999938,46.927130912000052],[-90.982271541999978,46.924021234000065],[-90.988068664999957,46.919408471000054],[-90.995036003999985,46.913724511000055],[-91.003564820999941,46.908842480000033],[-90.926538010999991,46.908888552000064],[-90.926770143999988,46.925996700000042],[-90.858345326999938,46.92670478000008],[-90.85800947499996,46.911078779000036],[-90.825442669999973,46.91129761500008],[-90.823782793999953,46.872568422000029]]],[[[-88.074009521999983,44.530390431000058],[-88.036368848999984,44.513647096000057],[-88.020483018999983,44.52818641500005],[-88.020165184999939,44.539154087000043],[-88.021762765999938,44.546501391000049],[-88.026631078999969,44.550744160000079],[-88.033840945999941,44.563803963000055],[-88.036934489999965,44.574503438000079],[-88.032735662999983,44.584744683000054],[-88.106004753999969,44.640037624000058],[-88.18880384199997,44.702351435000026],[-88.295250703999955,44.782196682000063],[-88.354825452999989,44.826753386000064],[-88.474039093999977,44.915635645000066],[-88.474882018999949,45.11210198100008],[-88.514426747999948,45.11195828700005],[-88.641809973999955,45.111412568000048],[-88.967636286999948,45.109441309000033],[-88.96545985399996,44.938948284000048],[-88.965822665999951,44.864610470000059],[-88.965908744999979,44.846946629000058],[-88.716632739999966,44.847720674000072],[-88.659778200999938,44.847738608000043],[-88.708134982999979,44.816417300000069],[-88.691258152999978,44.804408555000066],[-88.636082176999935,44.765099234000047],[-88.565362758999981,44.714606874000026],[-88.551720448999959,44.70485235700005],[-88.474571801999957,44.649603225000078],[-88.43316004899998,44.619886037000072],[-88.445117418999985,44.610217722000073],[-88.471153234999974,44.589151581000067],[-88.513182417999985,44.555102933000057],[-88.538460206999957,44.534599945000025],[-88.616851954999959,44.470896363000065],[-88.686711384999967,44.413973761000079],[-88.69103200099994,44.410448517000077],[-88.622022698999956,44.374140902000079],[-88.581640625999967,44.352857469000071],[-88.46174558499996,44.28950370900003],[-88.377574626999944,44.31185808400005],[-88.275617667999938,44.338839489000065],[-88.189982790999977,44.361419841000043],[-88.185519628999941,44.362594653000031],[-88.161339842999951,44.387284026000032],[-88.157014545999971,44.391697902000033],[-88.172766415999945,44.398208240000031],[-88.103118417999951,44.465541724000047],[-88.100385261999975,44.468180264000068],[-88.094422025999961,44.465558535000071],[-88.09180207199995,44.464406516000054],[-88.08491354399996,44.473226837000027],[-88.113923587999977,44.486211271000059],[-88.114933852999968,44.48666323100008],[-88.11015741999995,44.490882658000032],[-88.096834401999956,44.502647989000025],[-88.126703587999941,44.517457878000073],[-88.114859109999941,44.528209534000041],[-88.111444501999983,44.531308188000025],[-88.086826468999959,44.521336567000048],[-88.083104772999945,44.519828383000061],[-88.074009521999983,44.530390431000058]]],[[[-89.143784911999944,46.963846770000032],[-89.142000684999971,46.947000407000075],[-89.082564998999942,46.94783082500004],[-89.08223161799998,46.974192989000073],[-89.143784911999944,46.963846770000032]]],[[[-86.280167734999964,44.001221883000028],[-86.276186380999945,43.661591540000074],[-86.152745720999974,43.660065898000028],[-86.159230288999936,44.000907098000027],[-86.280167734999964,44.001221883000028]]],[[[-88.110267353999973,31.742902636000053],[-88.107642107999936,31.741605660000062],[-88.109459158999982,31.735803648000058],[-88.110394246999988,31.730634568000028],[-88.107538268999974,31.726580431000059],[-88.105458285999987,31.722933234000038],[-88.10503577299994,31.719060184000057],[-88.105742048999957,31.712128122000024],[-88.104438089999974,31.708887976000028],[-88.102023957999961,31.704517459000044],[-88.097107089999952,31.700658829000076],[-88.09553970799999,31.696002079000039],[-88.094959940999956,31.689672893000079],[-88.093974969999977,31.683313557000076],[-88.051994957999966,31.682532626000068],[-88.065926293999951,31.749718499000039],[-88.110267353999973,31.742902636000053]]],[[[-88.137608225999941,31.75640388000005],[-88.153995548999944,31.796384745000069],[-88.191179585999976,31.796682093000072],[-88.190696167999988,31.789312128000063],[-88.188680542999975,31.784972752000044],[-88.185307675999979,31.781930424000052],[-88.182886719999942,31.777561116000072],[-88.182264224999983,31.771578055000077],[-88.179948775999947,31.766168778000065],[-88.175870636999946,31.762026470000023],[-88.170806292999941,31.75955743600008],[-88.16172026199996,31.756441855000048],[-88.155033970999966,31.753852188000053],[-88.148578112999985,31.753025351000076],[-88.137608225999941,31.75640388000005]]],[[[-90.96801553499995,43.026329815000054],[-90.970693179999955,43.040066136000064],[-90.972809069999983,43.03830447100006],[-90.98486496999999,43.028264331000059],[-90.99428280799998,43.023335570000029],[-91.016351358999941,43.010508664000042],[-91.033438455999942,42.999690574000056],[-91.048990262999951,42.993233883000073],[-91.072626654999965,42.991522807000081],[-91.088984598999957,42.990403449000041],[-91.093166623999991,42.990383453000049],[-91.107570350999936,42.990313502000049],[-91.108883353999943,42.99030704200004],[-91.11530182499996,42.989955190000046],[-91.127644492999991,42.989277634000075],[-91.138623957999982,42.987497253000072],[-91.148400833999972,42.98566874200003],[-91.159916059999944,42.984792509000044],[-91.159098614999948,42.979450605000068],[-91.159386985999959,42.975479439000026],[-91.162054313999988,42.963636361000056],[-91.162534505999986,42.957017582000049],[-91.15700773399999,42.950163504000045],[-91.156727496999963,42.945727384000065],[-91.162044789999982,42.938855406000073],[-91.158545305999951,42.928982861000065],[-91.155743368999936,42.917809803000068],[-91.147206098999959,42.912204814000063],[-90.967174844999988,42.914540424000052],[-90.96801553499995,43.026329815000054]]],[[[-90.616460458999939,46.862438602000054],[-90.617045983999958,46.843125647000079],[-90.607800788999953,46.843492860000026],[-90.607720624999956,46.82563927700005],[-90.599011630999939,46.832349769000075],[-90.59678101999998,46.839324436000027],[-90.594646399999988,46.845187256000031],[-90.596260099999938,46.851574981000056],[-90.601848194999945,46.85589359800008],[-90.608041453999988,46.85949284600008],[-90.616460458999939,46.862438602000054]]],[[[-90.015786891999937,46.071048769000072],[-90.014320829999974,45.989307161000056],[-89.979994719999979,45.988736908000078],[-89.979055916999982,45.901936865000039],[-89.782889633999957,45.900128788000075],[-89.782725769999956,45.877159454000036],[-89.746471497999948,45.87710760300007],[-89.749037774999977,45.988315425000053],[-89.755852498999957,45.98796733000006],[-89.757817005999982,46.071101757000065],[-90.015786891999937,46.071048769000072]]],[[[-88.437652352999976,46.760061314000041],[-88.433113581999976,46.669143154000039],[-88.302221822999968,46.670839349000062],[-88.298961727999938,46.761127216000034],[-88.301288924999938,46.820745019000071],[-88.295886694999979,46.825188168000068],[-88.278841464999971,46.828475189000073],[-88.266478805999952,46.838695729000051],[-88.253600103999986,46.847457407000036],[-88.555908818999967,46.848134994000077],[-88.552830894999943,46.760903246000055],[-88.437652352999976,46.760061314000041]]],[[[-92.768517734999989,46.673868948000063],[-92.460561255999949,46.669171695000045],[-92.458884329999989,46.680518438000036],[-92.463962162999962,46.691334008000069],[-92.472919021999985,46.697625153000047],[-92.47450417899995,46.706210629000054],[-92.474484124999947,46.706566054000064],[-92.47488569099994,46.714123043000029],[-92.476271955999948,46.718906040000036],[-92.479641295999954,46.722792646000073],[-92.485874196999987,46.724856985000031],[-92.491237961999957,46.727657256000043],[-92.496591574999968,46.730646838000041],[-92.502550140999972,46.732703036000032],[-92.50850909899998,46.734758955000075],[-92.513874728999951,46.737558233000073],[-92.518371424999941,46.741093664000061],[-92.522020315999953,46.744986225000048],[-92.524831854999945,46.749046435000025],[-92.524843848999978,46.753792212000064],[-92.523763222999946,46.758319380000046],[-92.520762313999967,46.762606143000028],[-92.519957071999954,46.767140434000055],[-92.51970341699996,46.771689191000064],[-92.519725595999944,46.776245154000037],[-92.517264749999981,46.780735681000067],[-92.513731676999953,46.784628446000056],[-92.509932839999976,46.788324273000057],[-92.505581672999938,46.792005373000052],[-92.500179333999938,46.794709504000025],[-92.493503250999936,46.795481661000053],[-92.486869695999985,46.79549541800003],[-92.483599177999963,46.799584068000058],[-92.482238774999985,46.804103006000048],[-92.486451790999979,46.807821063000063],[-92.492109393999954,46.810438502000068],[-92.498680695999951,46.811561536000056],[-92.505252232999965,46.812684239000077],[-92.510624417999963,46.815483067000059],[-92.515710436999939,46.818463895000036],[-92.518524876999948,46.822523441000044],[-92.521605203999968,46.826779643000066],[-92.527563221999969,46.829023688000063],[-92.534444836999967,46.829583629000069],[-92.54109251899996,46.829377986000054],[-92.547271904999945,46.827641572000061],[-92.553940287999978,46.82705627200005],[-92.560577182999964,46.827039154000033],[-92.567203637999967,46.827211209000041],[-92.572855968999988,46.830014565000056],[-92.578519209999968,46.83262815300003],[-92.583609871999954,46.835606233000078],[-92.589591698999982,46.837468429000069],[-92.592974502999937,46.841350913000042],[-92.593554436999966,46.845920226000032],[-92.594124099999988,46.85067897600004],[-92.597221327999989,46.854743601000052],[-92.60200744399998,46.858282176000046],[-92.606814743999962,46.86144155900007],[-92.611049367999954,46.86496558500005],[-92.616727676999972,46.867387804000032],[-92.621536424999988,46.870546576000038],[-92.625485916999935,46.87425249100005],[-92.630295639999986,46.877410887000053],[-92.63597582999995,46.879832199000077],[-92.642557031999957,46.880947880000065],[-92.649435212999947,46.881691251000063],[-92.656067722999978,46.88185883400007],[-92.664358408999988,46.882067846000041],[-92.671011254999939,46.881855710000082],[-92.677653947999943,46.881832726000027],[-92.684552818999975,46.882195300000035],[-92.690542131999962,46.88405270100003],[-92.696511698999984,46.886288794000052],[-92.703391113999942,46.887029354000049],[-92.710024334999957,46.887194234000049],[-92.716904008999961,46.887934091000034],[-92.723507452999968,46.888666756000077],[-92.730101101999935,46.889588575000062],[-92.735796210999979,46.891816044000052],[-92.742084220999971,46.893298906000041],[-92.74866874199995,46.894409276000033],[-92.755253497999945,46.895519315000058],[-92.76188775899999,46.895681596000031],[-92.772086176999949,46.89649958800004],[-92.77030023399999,46.794179851000081],[-92.768517734999989,46.673868948000063]]],[[[-91.375138763999985,40.432941924000033],[-91.375477844999978,40.437271948000046],[-91.376453289999972,40.446183344000076],[-91.377742120999983,40.455106863000026],[-91.380846621999979,40.465060149000067],[-91.380968148999955,40.48209191400008],[-91.381859842999972,40.496995084000048],[-91.387855836999961,40.501304570000059],[-91.394947114999979,40.508054228000049],[-91.405574919999935,40.523093472000028],[-91.415520058999959,40.534268295000061],[-91.421281530999977,40.54695982800007],[-91.41799657599995,40.555274420000046],[-91.411548651999965,40.56006188300006],[-91.405451264999954,40.566661049000061],[-91.402717782999957,40.572310745000038],[-91.400924943999939,40.577996708000057],[-91.397720061999962,40.583628075000036],[-91.391714827999976,40.588791339000068],[-91.382509896999977,40.592391520000035],[-91.363928930999975,40.60210108900003],[-91.339464533999944,40.60798085600004],[-91.361709495999946,40.607050505000075],[-91.479068206999955,40.602210101000026],[-91.650815985999941,40.594937126000048],[-91.719746717999953,40.591288134000081],[-91.743589916999952,40.590016576000039],[-91.740564356999982,40.583986492000065],[-91.732225023999945,40.581530167000039],[-91.720405394999943,40.579427741000075],[-91.713917417999937,40.572481166000046],[-91.711671705999947,40.563049643000056],[-91.710036586999991,40.548844735000046],[-91.697056410999949,40.540224203000037],[-91.681317297999954,40.530542928000045],[-91.666044248999981,40.528549068000075],[-91.660357117999979,40.524025893000044],[-91.655284181999946,40.514729324000029],[-91.651854697999966,40.504293630000063],[-91.643187000999944,40.497262674000069],[-91.630818022999961,40.494171377000043],[-91.620956877999959,40.491171111000028],[-91.61323387799996,40.484172526000066],[-91.60476973599998,40.474028717000067],[-91.602137804999984,40.466018361000067],[-91.594465085999957,40.458300764000057],[-91.583327449999956,40.455729339000072],[-91.570968540999957,40.452631747000055],[-91.570819835999941,40.452463823000073],[-91.565698718999954,40.446680151000066],[-91.566928576999942,40.44216988200003],[-91.573641315999964,40.440261913000029],[-91.581705884999963,40.441760986000077],[-91.584323034999954,40.441720486000065],[-91.590816593999989,40.441619753000055],[-91.591822836999938,40.435662210000032],[-91.585148070999935,40.432057273000055],[-91.570510295999952,40.430313535000039],[-91.555638651999971,40.428383147000034],[-91.554949437999937,40.428293637000024],[-91.549415842999963,40.421611837000057],[-91.550296411999966,40.412772102000076],[-91.552231683999935,40.405677016000027],[-91.552756769999974,40.403751680000028],[-91.549728584999968,40.397163510000041],[-91.54249536399999,40.392575720000025],[-91.531857367999976,40.392175946000066],[-91.524101500999961,40.395720836000066],[-91.51574992999997,40.398763131000067],[-91.509424430999957,40.398356678000027],[-91.505969492999952,40.396429984000065],[-91.503980443999978,40.391603423000049],[-91.500520549999976,40.386915923000061],[-91.494012793999957,40.385709892000079],[-91.486411239999939,40.386860082000055],[-91.479732417999969,40.388284740000074],[-91.462869334999937,40.377569202000075],[-91.449496561999979,40.38065473000006],[-91.432179843999961,40.386465012000031],[-91.419647852999958,40.391018566000071],[-91.403221101999975,40.392782075000071],[-91.390856005999979,40.399497595000071],[-91.381803286999968,40.408259351000027],[-91.378481913999963,40.425157804000037],[-91.375138763999985,40.432941924000033]]],[[[-91.420725588999971,45.991318720000038],[-91.420679181999958,45.976555771000051],[-91.430238861999953,45.975337729000046],[-91.437187068999947,45.971696745000031],[-91.437050256999953,45.965864957000065],[-91.43174527299999,45.962182690000077],[-91.424522145999958,45.961929045000034],[-91.420273349999945,45.959060314000055],[-91.418359356999986,45.954719675000035],[-91.412438890999965,45.959561438000037],[-91.40410495499998,45.959267498000031],[-91.401636508999957,45.954907000000048],[-91.405918932999953,45.949619366000036],[-91.408421892999968,45.945822765000059],[-91.410369109999976,45.942006493000065],[-91.414537738999968,45.938268457000049],[-91.419149177999941,45.936099865000074],[-91.419406331999937,45.924842256000034],[-91.441702090999968,45.924459777000038],[-91.441425582999955,45.92056500800004],[-91.436625481999954,45.778190683000048],[-91.296786217999966,45.778909107000061],[-91.297290807999957,45.820336289000068],[-91.222286664999956,45.819740059000026],[-91.223547486999962,45.864048621000052],[-91.175521439999955,45.864059223000027],[-91.175573185999951,45.903680125000051],[-91.070933561999937,45.90154052500003],[-91.07112280399997,45.912255609000056],[-91.108961017999945,45.91225637000008],[-91.108784150999952,45.921172570000067],[-91.099013257999957,45.921875543000056],[-91.100874922999935,45.930868357000065],[-91.118242174999978,45.931164261000049],[-91.117178483999965,45.925057000000038],[-91.130437232999952,45.925553971000056],[-91.129780682999979,45.934094959000049],[-91.123095595999985,45.934558352000067],[-91.123085065999987,45.941338925000025],[-91.109313001999965,45.940822056000059],[-91.109563808999951,45.95082437800005],[-91.119794351999985,45.950851503000081],[-91.119717717999947,45.965123697000081],[-91.098231504999944,45.96503021500007],[-91.098937209999974,45.988966731000062],[-91.118417134999959,45.988627755000039],[-91.11757205899994,45.979674706000026],[-91.127296871999988,45.979682102000027],[-91.126395869999953,45.971440597000026],[-91.136711759999969,45.970398875000058],[-91.135973687999979,45.960022157000026],[-91.146260282999947,45.959335500000066],[-91.146241062999991,45.952911075000031],[-91.155424364999988,45.953253204000077],[-91.154770894999956,45.961793754000041],[-91.170616081999981,45.96202567000006],[-91.170681253999987,45.947753342000055],[-91.158947963999935,45.947317430000055],[-91.158070510999949,45.93871963600003],[-91.178017657999987,45.938746563000052],[-91.177408647999982,45.926589865000039],[-91.18865526899998,45.926649387000055],[-91.189303812999981,45.91810795300006],[-91.201568777999967,45.918204073000027],[-91.20159999599997,45.904286154000033],[-91.212842685999988,45.904343589000064],[-91.213617018999969,45.934707717000038],[-91.242797508999956,45.934350339000048],[-91.243458535999991,45.905110067000066],[-91.298653395999963,45.905332600000065],[-91.299940352999954,45.991379363000078],[-91.420725588999971,45.991318720000038]]],[[[-90.835100569999952,46.605969100000038],[-90.834969206999972,46.58496738000008],[-90.81631340499996,46.585091229000057],[-90.815015314999982,46.413166088000025],[-90.562646116999986,46.414099961000034],[-90.564854221999951,46.538945307000063],[-90.494147414999986,46.537719131000074],[-90.495795781999959,46.575508324000054],[-90.504053251999949,46.580568118000031],[-90.51454455399994,46.581434340000044],[-90.532147617999954,46.579166495000038],[-90.543048670999951,46.575332843000069],[-90.553613956999982,46.575341846000072],[-90.566905076999944,46.579748497000026],[-90.585218411999961,46.590789028000074],[-90.604703714999971,46.602731567000035],[-90.62303043299994,46.613766184000042],[-90.645228840999948,46.623241005000068],[-90.659375111999964,46.632385473000056],[-90.677829207999991,46.64213056300008],[-90.694356212999935,46.652651992000074],[-90.702603702999966,46.65812532800004],[-90.716103397999973,46.660380931000077],[-90.723726192999948,46.658543919000067],[-90.741855721999968,46.657554413000071],[-90.755941095999958,46.660257700000045],[-90.766222341999935,46.656381746000079],[-90.764612163999971,46.653318635000062],[-90.745971749999967,46.653005473000064],[-90.735645101999978,46.650022686000057],[-90.733488454999986,46.64608030800008],[-90.746581889999959,46.645745887000032],[-90.759126708999986,46.644531426000071],[-90.769476628999939,46.639800961000049],[-90.773112297999944,46.633518123000044],[-90.780979653999964,46.628688232000059],[-90.792971591999958,46.626591805000032],[-90.804662142999973,46.620626112000025],[-90.814012921999961,46.612853340000072],[-90.823043304999942,46.60892367200006],[-90.835100569999952,46.605969100000038]]],[[[-89.701799892999986,48.033147942000028],[-89.712636875999976,48.032136612000045],[-89.724481156999957,48.032307754000044],[-89.752192692999984,48.034727047000047],[-89.773429766999982,48.034190814000056],[-89.77890236099995,48.027623332000076],[-89.789578947999985,48.022620610000047],[-89.803715262999958,48.019669885000042],[-89.818067618999976,48.020137261000059],[-89.828332563999936,48.021932029000027],[-89.836878838999951,48.021185208000077],[-89.83615486299999,48.015275091000035],[-89.834845985999948,48.010775742000078],[-89.83128241299994,48.006765431000076],[-89.833047143999977,48.002406126000039],[-89.833963495999967,47.997712063000051],[-89.834001819999969,47.992977885000073],[-89.833132489999969,47.988498230000062],[-89.832263284999954,47.984018506000041],[-89.830955364999966,47.979518683000038],[-89.829647634999958,47.975018784000042],[-89.826993910999988,47.970753333000062],[-89.827032758999962,47.966018761000043],[-89.829674047999958,47.961699039000052],[-89.828805479999971,47.957218923000028],[-89.828844178999987,47.952484152000068],[-89.82841442199998,47.948023946000035],[-89.829739072999985,47.943643846000043],[-89.834482589999936,47.94030796800007],[-89.838378286999955,47.936637179000058],[-89.83929324099995,47.931942126000081],[-89.838454166999952,47.927166962000058],[-89.837147007999988,47.922666408000055],[-89.835840038999947,47.918165780000038],[-89.837163510999972,47.913785204000078],[-89.840210413999955,47.909779312000069],[-89.844980462999956,47.90614800000003],[-89.846741311999949,47.901787162000062],[-89.847684818999937,47.896796821000066],[-89.848160238999981,47.892081148000045],[-89.848635585999943,47.887365406000072],[-89.849957471999971,47.88298429200006],[-89.851279170999987,47.878603105000082],[-89.851261050999938,47.878612848000046],[-89.837967254999967,47.882480657000031],[-89.837202123999987,47.88270321400006],[-89.827646654999967,47.88280138600004],[-89.823665870999946,47.88284208500005],[-89.800133887999948,47.895406793000063],[-89.794339998999988,47.894192910000072],[-89.769683981999947,47.903858178000064],[-89.758967173999963,47.903931431000046],[-89.74437211999998,47.91708906000008],[-89.725212272999954,47.933443599000043],[-89.70998078599996,47.933492793000028],[-89.697189188999971,47.931759266000029],[-89.668087076999939,47.947262403000082],[-89.652268718999949,47.955615253000076],[-89.642749552999987,47.957630868000081],[-89.637726528999963,47.962510480000049],[-89.635362796999971,47.974336462000053],[-89.630722009999943,47.98093893500004],[-89.610178473999952,47.99114807400008],[-89.600612748999936,47.993537573000026],[-89.600694259999955,47.97933073300004],[-89.594830401999957,47.973368411000081],[-89.583718359999978,47.971704225000053],[-89.568638574999966,47.972882092000077],[-89.559639100999959,47.980601362000073],[-89.549974529999986,47.986582871000053],[-89.540206312999942,47.98820061400005],[-89.528110692999974,47.990464172000031],[-89.516475521999951,47.993696188000058],[-89.504658129999939,47.998623826000028],[-89.490411525999946,48.002486078000061],[-89.481820006999953,48.008893432000036],[-89.484989320999944,48.010940994000066],[-89.491470920999973,48.011063701000069],[-89.501986264999971,48.010432646000027],[-89.506902884999988,48.009342532000062],[-89.520487900999967,48.006394274000058],[-89.533530103999965,48.004555578000065],[-89.548737001999939,47.999597902000062],[-89.557102381999982,47.997912664000069],[-89.563542884999947,47.998408974000029],[-89.569523408999942,48.000588347000075],[-89.573836437999944,47.999846094000077],[-89.58436885399999,47.999020094000059],[-89.590029577999985,48.001562278000051],[-89.596817811999983,48.006810107000035],[-89.60405394899999,48.015867829000058],[-89.609657680999987,48.018974618000072],[-89.621139081999956,48.01989560100003],[-89.62812940799995,48.023256373000038],[-89.632231247999982,48.027238538000063],[-89.640701853999985,48.027258184000061],[-89.64914717299996,48.024813321000067],[-89.658511886999975,48.029799382000078],[-89.663610171999949,48.029659430000038],[-89.673662798999942,48.028046138000036],[-89.689800194999975,48.027663332000031],[-89.701799892999986,48.033147942000028]]],[[[-95.470100593999973,39.998042156000054],[-95.44880225199995,39.998060073000033],[-95.40682985899997,39.998082641000053],[-95.311518045999946,39.99826605100003],[-95.286077407999983,39.998265551000031],[-95.286282434999976,39.998341766000067],[-95.293369713999937,40.000976011000034],[-95.305402137999977,40.010372850000067],[-95.317443869999977,40.019146762000048],[-95.342347282999981,40.030461095000078],[-95.345189914999992,40.036885543000039],[-95.349326966999968,40.041081391000034],[-95.355117299999961,40.047212110000032],[-95.358375964999937,40.05621779300003],[-95.357887418999951,40.063919073000079],[-95.357819518999975,40.071301614000049],[-95.354367301999957,40.083159622000039],[-95.354293071999962,40.091184045000034],[-95.357574366999984,40.097942738000029],[-95.360876875999963,40.102454494000028],[-95.366264041999955,40.10761930700005],[-95.375371328999961,40.117618374000074],[-95.379492141999947,40.12438078100007],[-95.382353598999941,40.13177842500005],[-95.383096241999965,40.142374790000076],[-95.388036081999985,40.151387946000057],[-95.395927779999965,40.15784809400003],[-95.399629077999975,40.165249462000077],[-95.399956277999991,40.175843422000071],[-95.401150893999954,40.182910969000034],[-95.407392449999975,40.187115045000041],[-95.41820364199998,40.19551397500004],[-95.423612870999989,40.199392096000054],[-95.428159176999941,40.20647552500003],[-95.432269443999985,40.215803458000039],[-95.435150670999974,40.221915655000032],[-95.440105466999967,40.230605316000037],[-95.440009986999939,40.242480646000047],[-95.440757429999962,40.253717951000056],[-95.445733075999954,40.260160577000079],[-95.454465312999957,40.268546072000049],[-95.470766703999971,40.27375528400006],[-95.479139837999981,40.274755218000053],[-95.491701164999938,40.276093536000076],[-95.501322796999943,40.278381080000031],[-95.507583502999978,40.281937769000081],[-95.513826911999956,40.288061703000039],[-95.519244225999955,40.292577161000054],[-95.52844554699999,40.295502679000037],[-95.545209434999947,40.295889059000046],[-95.55988382399994,40.295302476000074],[-95.569919594999988,40.29919072000007],[-95.582029330999944,40.306936853000025],[-95.592479738999941,40.312108417000047],[-95.59663502799998,40.318541621000065],[-95.595736760999955,40.32880893500004],[-95.601184648999947,40.329469255000049],[-95.610397890999991,40.331746475000045],[-95.622951140999987,40.336922148000042],[-95.650565513999936,40.350165348000075],[-95.670659586999989,40.358888211000078],[-95.68613019999998,40.370483952000029],[-95.704117191999956,40.383688564000067],[-95.72171310899995,40.391433533000054],[-95.737643528999968,40.396604719000038],[-95.747685211999965,40.405612587000064],[-95.759831077999991,40.413981963000026],[-95.777316346999953,40.42266328200003],[-95.522874181999953,40.040926920000061],[-95.531982153999991,40.029274321000059],[-95.534802111999966,40.023934240000074],[-95.534878112999991,40.012518578000027],[-95.529375674999983,40.002864528000032],[-95.526049174999969,39.998202674000026],[-95.470100593999973,39.998042156000054]]],[[[-94.589434829999959,39.110247173000062],[-94.594976893999956,39.117473308000058],[-94.622912156999973,39.094437769000081],[-94.639078021999978,39.093429250000042],[-94.659431515999984,39.094563752000056],[-94.679022521999968,39.095386484000073],[-94.693321289999972,39.091353534000064],[-94.718547390999959,39.078152648000071],[-94.728007940999987,39.073303008000039],[-94.725122907999946,39.150615640000069],[-94.723960534999947,39.172878354000034],[-94.730117096999948,39.17294548600006],[-94.736252265999951,39.174210337000034],[-94.742366349999941,39.176672909000047],[-94.747711219999985,39.179126907000068],[-94.753847238999981,39.180390832000057],[-94.75919278799995,39.182844302000035],[-94.763748054999951,39.186487422000027],[-94.846795403999977,39.188270048000049],[-94.847430025999984,39.149332990000062],[-94.874347054999987,39.150194851000037],[-94.874699564999958,39.128030469000066],[-94.919302985999991,39.128751725000029],[-94.920212760999959,39.08424485200004],[-95.028852555999947,39.085644648000027],[-95.030377281999961,39.04165757100003],[-95.057662998999945,39.041881427000078],[-95.057898098999942,39.024197116000039],[-95.084255587999962,39.024407289000067],[-95.085254477999968,39.004140702000029],[-95.112706591999938,39.004640668000036],[-95.112501825999971,38.991554197000028],[-95.169797204999952,38.992120586000055],[-95.170703469999978,38.97534309100007],[-95.164817807999952,38.977707603000056],[-95.157100147999984,38.981246730000066],[-95.159842148999985,38.911767797000039],[-95.161683847999939,38.840831023000078],[-95.161977880999984,38.829492563000031],[-95.163259933999939,38.780011769000055],[-95.164751814999988,38.721693133000031],[-95.165042430999961,38.710321597000075],[-95.032319118999965,38.70823598100003],[-94.616619440999955,38.70071985800007],[-94.595783216999962,38.700215710000066],[-94.595532765999963,38.709832425000059],[-94.594444197999962,38.77541754300006],[-94.593107875999976,38.855764134000026],[-94.592919142999961,38.867097047000073],[-94.590673004999985,39.00169362400004],[-94.589434829999959,39.110247173000062]]],[[[-95.729468254999972,38.715550750000034],[-95.73009373299999,38.688210045000062],[-95.733167350999963,38.55355084100006],[-95.518942384999946,38.55094140500006],[-95.518450138999981,38.713478482000028],[-95.719477751999989,38.715474130000075],[-95.729468254999972,38.715550750000034]]],[[[-95.347243909999975,38.611671183000055],[-95.391359639999962,38.612525043000062],[-95.392458394999949,38.546629081000049],[-95.356066166999938,38.546418262000032],[-95.347841212999981,38.546369029000061],[-95.347243909999975,38.611671183000055]]],[[[-95.696131395999942,39.740697471000033],[-95.696494178999956,39.656839121000075],[-95.600795837999954,39.655355105000069],[-95.599537697999949,39.740108988000031],[-95.696131395999942,39.740697471000033]]],[[[-93.288663489999976,46.809573303000036],[-93.344559453999977,46.811062597000046],[-93.353571640999974,46.806262705000051],[-93.370804638999971,46.803048792000027],[-93.369157901999984,46.706951384000035],[-93.287968380999985,46.706376594000062],[-93.288663489999976,46.809573303000036]]],[[[-94.597916951999991,37.972530205000055],[-94.597806037999987,38.02177514400006],[-94.59775870499999,38.042770462000078],[-94.648125775999972,38.042765995000025],[-94.648439683999982,38.022866453000063],[-94.761271876999956,38.02413862700007],[-94.761725933999969,37.997780908000038],[-94.782175106999944,37.997400455000047],[-94.784094274999973,37.973454956000069],[-94.597916951999991,37.972530205000055]]],[[[-94.624602134999975,47.433340607000048],[-94.557168783999941,47.389730006000036],[-94.551972898999963,47.425474462000068],[-94.469940400999974,47.481067260000032],[-94.550638118999984,47.482259945000067],[-94.557071216999987,47.468426088000058],[-94.577557612999954,47.450303855000072],[-94.604362911999942,47.441414855000062],[-94.624602134999975,47.433340607000048]]],[[[-93.985275100999957,47.483493784000075],[-94.064501481999969,47.523236058000066],[-94.104078229999971,47.542577853000068],[-94.216761795999957,47.597511786000041],[-94.219933645999959,47.597154814000078],[-94.339519755999959,47.583638162000057],[-94.363403400999971,47.580925093000076],[-94.353768075999938,47.575129186000026],[-94.347578528999975,47.571267678000027],[-94.338936546999946,47.566042630000027],[-94.335195365999937,47.563780192000081],[-94.319955375999939,47.558621685000048],[-94.313582336999957,47.548840847000065],[-94.312703235999948,47.541216538000072],[-94.311042010999984,47.526803330000064],[-94.286259380999979,47.513474233000068],[-94.221209331999944,47.486122421000061],[-94.08157846499995,47.429285346000029],[-93.985275100999957,47.483493784000075]]],[[[-93.70588300899999,47.275247346000072],[-93.70285189699996,47.132000312000059],[-93.508046298999943,47.132761324000057],[-93.509898470999985,47.216308252000033],[-93.530627172999971,47.232683092000059],[-93.559117868999977,47.250972427000079],[-93.575678184999958,47.254471913000032],[-93.591169752999974,47.258660546000044],[-93.603739408999957,47.270966046000069],[-93.617795204999936,47.271928159000026],[-93.649114081999983,47.285627723000061],[-93.657983453999975,47.285783590000051],[-93.672230602999946,47.28176979300008],[-93.685847937999938,47.280585532000032],[-93.689725282999973,47.274613447000036],[-93.70588300899999,47.275247346000072]]],[[[-94.621579553999936,38.309731893000048],[-94.621351159999961,38.321592993000024],[-94.605831919999957,38.321765964000065],[-94.605677899999989,38.329673348000028],[-94.644006825999952,38.330130264000047],[-94.644211220999978,38.343434501000047],[-94.631425609999951,38.34364306100008],[-94.632001706999972,38.361265888000048],[-94.625168068999983,38.360465659000056],[-94.625445020999962,38.369816237000066],[-94.630916763999949,38.370240781000064],[-94.630737890999967,38.379585932000055],[-94.626171751999948,38.379531680000071],[-94.626040571999965,38.386360828000079],[-94.637000359999945,38.386490742000035],[-94.636719459999938,38.401227353000024],[-94.644920585999955,38.402402416000029],[-94.645173038999985,38.413190683000039],[-94.692683705999968,38.413738256000045],[-94.692989408999949,38.422010389000036],[-94.737771259999988,38.422148931000038],[-94.738418627999977,38.43725521600004],[-94.752585359999955,38.437409047000074],[-94.752340645999936,38.451427077000062],[-94.763767715999961,38.451549893000049],[-94.763574912999957,38.462692452000056],[-94.775918116999947,38.46282384400007],[-94.775708698999949,38.475044740000044],[-94.847026444999983,38.476497092000045],[-94.84924340799995,38.452432715000043],[-94.833256861999985,38.451553407000063],[-94.833438769999987,38.440410739000072],[-94.80513388199995,38.438323972000035],[-94.80364882899994,38.417817015000026],[-94.818292483999983,38.416529762000039],[-94.818482575999951,38.405027688000075],[-94.828063390999944,38.405844316000071],[-94.827756963999946,38.424535215000049],[-94.895854612999983,38.424127722000037],[-94.895703094999988,38.40435394900004],[-94.855505757999936,38.403962555000078],[-94.855649569999969,38.394976516000042],[-94.838750672999936,38.394807796000066],[-94.839188257999979,38.36784976000007],[-94.826410670999962,38.367361045000052],[-94.824154156999953,38.310177712000041],[-94.621579553999936,38.309731893000048]]],[[[-94.36017918999994,46.302043008000055],[-94.353592597999977,46.308088077000036],[-94.341842396999937,46.311975973000074],[-94.329704161999985,46.31751969700008],[-94.316885035999974,46.32281610900003],[-94.304038176999939,46.329060469000069],[-94.290613114999985,46.331260202000067],[-94.28188638599994,46.33708114500007],[-94.273151530999939,46.343138729000032],[-94.25934033499999,46.34675450800006],[-94.248529208999969,46.350092379000046],[-94.239234089999968,46.363736414000073],[-94.233283331999985,46.380272913000056],[-94.224827092999988,46.388229466000041],[-94.208259889999965,46.391802343000052],[-94.197795604999953,46.397830667000051],[-94.190608853999947,46.409125193000079],[-94.184832921999941,46.419014426000047],[-94.177147913999988,46.423655050000036],[-94.162613419999957,46.42772489400005],[-94.156914901999983,46.434765478000031],[-94.157294993999983,46.445213811000031],[-94.148862348999955,46.451740741000037],[-94.163992630999985,46.451003590000028],[-94.180275518999963,46.457875260000037],[-94.194529379999949,46.463767602000075],[-94.199872674999938,46.469061960000033],[-94.207331265999983,46.472486323000055],[-94.214871622999965,46.473063527000079],[-94.225872575999972,46.472737756000072],[-94.394845382999961,46.554161387000079],[-94.420266483999967,46.49072011700008],[-94.455317543999968,46.420653233000053],[-94.45560299899995,46.343686862000027],[-94.452074385999936,46.340710217000037],[-94.443932848999964,46.337290477000067],[-94.438911059999953,46.332483006000075],[-94.437646662999953,46.328194876000055],[-94.427434347999963,46.325461483000026],[-94.412036722999972,46.324563774000069],[-94.409560038999984,46.314088118000029],[-94.404170169999986,46.310461553000039],[-94.392837854999982,46.311510178000049],[-94.384703311999942,46.308086512000045],[-94.37797614699997,46.303255251000053],[-94.366021373999956,46.301919738000038],[-94.363109154999961,46.301981218000037],[-94.36017918999994,46.302043008000055]]],[[[-94.111379122999949,46.46497286400006],[-94.108045768999943,46.438817939000046],[-93.941033489999938,46.527441349000071],[-93.94183426799998,46.565894521000075],[-93.951084457999968,46.556547580000029],[-93.968489569999974,46.55017328200006],[-93.986304354999959,46.552345141000046],[-94.001143163999984,46.561587754000072],[-94.00936491799996,46.562661355000046],[-94.025615007999988,46.570973120000076],[-94.034451796999974,46.574426982000034],[-94.047446177999973,46.576992830000052],[-94.056329162999987,46.579022260000045],[-94.064700664999975,46.575349285000073],[-94.06692508499998,46.570162115000073],[-94.062360100999967,46.562027906000026],[-94.058483882999951,46.553903505000051],[-94.062141759999975,46.546839012000078],[-94.071093927999982,46.546495880000066],[-94.081992394999986,46.549976967000077],[-94.084887480999953,46.54527351400003],[-94.085119300999963,46.537683830000049],[-94.092738513999961,46.535896134000041],[-94.103593297999964,46.540798602000052],[-94.11111232799999,46.542330366000044],[-94.116038603999982,46.538604428000042],[-94.115593545999957,46.530530351000039],[-94.111025133999988,46.522396994000076],[-94.109865092999939,46.515261476000035],[-94.115017397999964,46.503944928000067],[-94.114700999999968,46.49160037300004],[-94.10529917599996,46.484345862000055],[-94.099419444999967,46.474293590000059],[-94.100979460999952,46.468145674000027],[-94.111379122999949,46.46497286400006]]],[[[-94.326068422999981,47.163820916000077],[-94.378513851999969,47.224970481000071],[-94.37965647499999,47.226301049000028],[-94.458677770999941,47.194199041000047],[-94.574842951999983,47.196912576000045],[-94.593690942999956,47.19320487300007],[-94.603016374999982,47.194817543000056],[-94.608163385999944,47.197957986000063],[-94.61023501699998,47.20242027200004],[-94.611004004999984,47.206868903000043],[-94.610463426999956,47.211599868000064],[-94.609060656999986,47.21602574700006],[-94.607223275999957,47.22044702200003],[-94.609282292999978,47.225500948000047],[-94.615318176999949,47.227635901000042],[-94.621861434999971,47.226519574000065],[-94.625001214999941,47.222111617000053],[-94.628133988999991,47.217999491000057],[-94.632569439999941,47.213900613000078],[-94.633970482999985,47.209474459000035],[-94.634074945999942,47.204738922000047],[-94.632876590999956,47.199989969000057],[-94.631678421999936,47.195240940000076],[-94.63090809199997,47.190792283000064],[-94.630578587999992,47.18605203900006],[-94.628506039999991,47.181589864000046],[-94.628176768999936,47.176849490000052],[-94.628281618999949,47.172113523000064],[-94.629688569999985,47.167390890000036],[-94.631088765999948,47.162964187000057],[-94.631983437999963,47.160670698000047],[-94.637363635999975,47.150669523000033],[-94.634110048999958,47.132870659000048],[-94.626174671999991,47.115022571000054],[-94.618014398999946,47.107475915000066],[-94.594883386999982,47.071697218000054],[-94.585854505999976,47.057030521000058],[-94.589264592999939,47.04427221800006],[-94.588402126999938,47.044423513000027],[-94.237682617999951,47.105418280000038],[-94.224001609999959,47.107776231000059],[-94.213063438999939,47.126108744000078],[-94.196002060999945,47.121969700000079],[-94.179004457999952,47.133465017000049],[-94.170208120999973,47.131567664000045],[-94.165723280999941,47.124754178000046],[-94.167588979999948,47.114474290000032],[-94.177694906999989,47.107150209000054],[-94.174188761999972,47.102482224000028],[-94.157519555999954,47.102963231000047],[-94.136165093999978,47.12078998000004],[-94.135737994999943,47.134998368000026],[-94.155946308999944,47.155889494000064],[-94.163309817999959,47.153503918000069],[-94.170672760999992,47.151117918000068],[-94.194447493999974,47.157482908000077],[-94.197303204999969,47.166759911000042],[-94.242519345999938,47.189037379000069],[-94.24233793999997,47.19543014900006],[-94.235321519999957,47.203864169000042],[-94.326068422999981,47.163820916000077]]],[[[-93.019583997999973,48.628816218000054],[-93.075362817999974,48.640963117000069],[-93.142661962999966,48.647854735000067],[-93.203421449999951,48.651749272000075],[-93.276395338999976,48.650199259000033],[-93.315777739999987,48.64191891300004],[-93.329206564999936,48.628029158000061],[-93.325141795999969,48.613797152000075],[-93.337944710999977,48.607441704000053],[-93.338288433999935,48.61254352900005],[-93.343524647999971,48.616419275000055],[-93.352196379999953,48.613379140000063],[-93.358490116999974,48.606141015000048],[-93.363525254999956,48.608125106000045],[-93.368647407999958,48.614639603000057],[-93.379614240999956,48.617680324000048],[-93.388333376999981,48.613506632000053],[-93.390284530999963,48.607882644000028],[-93.386404108999955,48.598939281000071],[-93.392942606999952,48.599063889000035],[-93.401373541999988,48.601488637000045],[-93.414581754999972,48.605324037000059],[-93.429690715999982,48.604664824000054],[-93.439921900999991,48.611649758000055],[-93.445917171999952,48.611195549000058],[-93.457094213999937,48.609327736000068],[-93.464512138999964,48.602105756000071],[-93.474928688999967,48.604751332000035],[-93.486158702999944,48.601561188000062],[-93.494062318999966,48.596233507000079],[-93.507888879999939,48.595542240000043],[-93.510743351999963,48.588423160000048],[-93.508544273999973,48.565925530000072],[-93.508996127999978,48.554987410000081],[-93.513646150999989,48.545635165000078],[-93.520481457999949,48.53839830700008],[-93.531980706999946,48.53520885100005],[-93.544852598999967,48.533175534000065],[-93.558613711999953,48.530213152000044],[-93.570908116999988,48.528355823000027],[-93.581630808999989,48.530244531000051],[-93.591869000999964,48.530047665000041],[-93.596794236999983,48.527680601000043],[-93.611410862999946,48.524539205000053],[-93.622186165999949,48.525104449000025],[-93.636457812999936,48.523464358000069],[-93.644585044999985,48.519074636000028],[-93.65514170199998,48.517934808000064],[-93.664976886999966,48.520745547000047],[-93.672927149999964,48.52088105200005],[-93.683664558999965,48.515023427000074],[-93.711480992999952,48.515680509000049],[-93.732384693999961,48.518859898000073],[-93.743847842999969,48.516218324000079],[-93.756228276999991,48.519441903000029],[-93.771872807999955,48.518942707000065],[-93.784587639999984,48.515928909000081],[-93.784113401999946,48.510673306000058],[-93.784030305999977,48.505198268000072],[-93.784334860999991,48.489159062000056],[-93.787455756999975,48.473730953000029],[-93.787835705999953,48.463354636000076],[-93.797444649999989,48.456713927000067],[-93.798010149999982,48.448983009000074],[-93.787668044999975,48.436922227000082],[-93.791672253999991,48.436043088000076],[-93.807267538999952,48.436294428000053],[-93.823565908999967,48.43277936800007],[-93.825392051999984,48.430467557000043],[-93.839908735999984,48.41208234100003],[-93.842755027999942,48.395889774000068],[-93.855287592999957,48.386268907000044],[-93.853237612999976,48.364143981000041],[-93.857340221999948,48.352311818000032],[-93.859203051999941,48.339688549000073],[-93.863049632999946,48.318975001000069],[-93.870522801999982,48.307760239000061],[-93.869284464999964,48.279710991000059],[-93.869104357999959,48.275629067000068],[-93.864728683999942,48.263282636000042],[-93.85088564199998,48.254753235000067],[-93.84493433099999,48.247103007000078],[-93.845229298999982,48.238795771000071],[-93.83701277199998,48.231297772000062],[-93.836521628999947,48.221277331000067],[-93.838828798999941,48.21205678900003],[-93.834060210999951,48.203101236000066],[-93.811221517999968,48.201601756000059],[-93.789195605999964,48.185563261000027],[-93.765605522999977,48.166282214000034],[-93.748402059999989,48.150314181000056],[-93.727864314999977,48.13315336800008],[-93.708260039999971,48.121484759000055],[-93.700333246999946,48.107176290000041],[-93.699098273999937,48.095059391000063],[-93.69825995299999,48.079924568000081],[-93.700689697999962,48.06786881000005],[-93.704335109999988,48.060936827000035],[-93.713219745999936,48.057117531000074],[-93.73478335499999,48.061071095000045],[-93.747788053999955,48.060153697000032],[-93.761101928999949,48.058484078000049],[-93.767225117999942,48.060664317000032],[-93.77764482799995,48.061024590000045],[-93.79163125499997,48.056338690000075],[-93.803072872999962,48.051799105000043],[-93.804703708999966,48.037837520000039],[-93.803042743999981,48.021364438000035],[-93.826176180999937,48.020603491000031],[-93.842878669999948,48.018413035000037],[-93.857393558999945,48.014295510000068],[-93.861720218999949,48.003399257000069],[-93.860187053999937,47.990897568000037],[-93.846493197999962,47.979903956000044],[-93.845071602999951,47.972318702000052],[-93.844051898999965,47.961336336000045],[-93.838223769999956,47.951033133000067],[-93.822004848999939,47.940184177000049],[-93.811459749999983,47.936043031000054],[-93.797405246999972,47.935625713000036],[-93.781848709999963,47.937829582000063],[-93.768820307999988,47.947826021000026],[-93.760066022999979,47.948626736000051],[-93.743753640999955,47.95591895900003],[-93.729906054999958,47.957389001000081],[-93.717796560999943,47.949999984000044],[-93.709251660999939,47.952691823000066],[-93.698772478999956,47.954404788000033],[-93.69015221799998,47.951610626000047],[-93.689210798999966,47.939303599000027],[-93.683360716999971,47.930315886000074],[-93.673270378999973,47.926581170000077],[-93.666764569999941,47.912758724000071],[-93.65871163099996,47.902690907000078],[-93.635911455999974,47.890962728000034],[-93.622280395999951,47.881250804000047],[-93.61876555799995,47.863220787000046],[-93.611798222999937,47.843709945000057],[-93.599663574999965,47.830726426000069],[-93.607762408999974,47.821175555000082],[-93.607712467999988,47.817819626000073],[-93.607568847999971,47.80816657500003],[-93.612405545999991,47.801158150000049],[-93.62899110699999,47.798849582000059],[-93.635413774999961,47.796124664000047],[-93.649992675999954,47.791177059000063],[-93.65836580399997,47.783282402000054],[-93.661561757999948,47.766665389000082],[-93.669098649999967,47.762184287000025],[-93.671956608999949,47.756202948000066],[-92.72109218899999,47.73149735100003],[-92.702917773999957,47.731278779000036],[-92.681764009999938,47.730759087000081],[-92.644520614999976,47.724346748000073],[-92.619401533999962,47.722014672000057],[-92.601153992999969,47.717201428000067],[-92.576842471999953,47.710527773000081],[-92.564207356999987,47.710773693000078],[-92.551749516999962,47.717837755000062],[-92.53832713099996,47.719575496000061],[-92.522264311999947,47.720865118000063],[-92.517180116999953,47.72641257500004],[-92.505899037999939,47.732366966000029],[-92.489788875999977,47.734408715000029],[-92.470318372999941,47.731438833000027],[-92.455336159999945,47.723662498000067],[-92.44201112799999,47.721228603000043],[-92.43384918299995,47.726502414000038],[-92.427184066999985,47.739765907000049],[-92.424452774999963,47.743290000000059],[-92.414346898999952,47.748132189000046],[-92.415844315999948,47.770507671000075],[-92.421300499999973,47.778034469000033],[-92.432854861999942,47.791778923000038],[-92.438381020999941,47.798170729000049],[-92.429091374999985,47.80814494100008],[-92.413711647999946,47.811711108000054],[-92.40754338399995,47.81627826600004],[-92.402167219999967,47.824204292000047],[-92.399851615999978,47.827617405000069],[-92.385912977999965,47.830461840000055],[-92.358323688999974,47.835964949000072],[-92.344335712999964,47.838550137000027],[-92.333311898999966,47.840586314000063],[-92.330525347999981,47.844863165000049],[-92.342759598999976,47.851818743000081],[-92.355772099999967,47.855198564000034],[-92.362132654999982,47.853601772000047],[-92.364620248999984,47.852977165000027],[-92.369569367999986,47.853936877000081],[-92.379352090999987,47.855833271000051],[-92.388952316999962,47.855144338000059],[-92.389234817999977,47.854961708000076],[-92.396259805999989,47.850419626000075],[-92.400649463999969,47.850824279000051],[-92.404928031999987,47.85121854700003],[-92.412082079999948,47.853868968000029],[-92.413197417999982,47.858818583000073],[-92.418321053999989,47.862549959000035],[-92.424723126999936,47.863665821000041],[-92.428218421999986,47.866407485000082],[-92.427942367999947,47.871130706000031],[-92.422280442999977,47.877473320000036],[-92.426934461999963,47.880553057000043],[-92.439427544999944,47.877335328000072],[-92.449132344999953,47.876703979000069],[-92.452824359999966,47.88123571400007],[-92.445511377999935,47.886069310000039],[-92.422825891999992,47.898182659000042],[-92.422849936999967,47.905278384000042],[-92.431999652999991,47.906702866000046],[-92.455968969999958,47.895213213000034],[-92.470470398999964,47.895297338000034],[-92.463298964999979,47.911287122000033],[-92.455211601999963,47.92006555100005],[-92.453811994999967,47.924973437000062],[-92.45665902799999,47.929692980000027],[-92.473536182999965,47.942420399000071],[-92.477658600999973,47.965945930000032],[-92.477729642999975,47.966351172000032],[-92.47508531699998,47.97736840400006],[-92.464813479999975,47.987137515000029],[-92.465022318999956,47.995082595000042],[-92.454329930999961,48.010082414000067],[-92.460530450999954,48.018633137000052],[-92.472934498999962,48.024199497000041],[-92.481850988999952,48.028325930000051],[-92.484812211999952,48.032005266000056],[-92.487268721999953,48.035057075000054],[-92.487769062999973,48.053492744000039],[-92.494467927999949,48.061304588000041],[-92.496671737999975,48.069598800000051],[-92.500215048999962,48.077927338000052],[-92.512351827999964,48.086476901000026],[-92.516867499999989,48.089588112000058],[-92.522544437999954,48.099767239000073],[-92.528042674999938,48.109192455000027],[-92.539165646999948,48.114118780000069],[-92.551717917999952,48.121476224000048],[-92.555763969999987,48.132958849000033],[-92.558349329999942,48.142607143000077],[-92.568511256999955,48.148853470000063],[-92.574780042999976,48.160690010000053],[-92.578250575999959,48.166616453000074],[-92.588393377999978,48.173309318000065],[-92.606403885999953,48.17944951000004],[-92.623945201999959,48.190066499000068],[-92.625492229999963,48.19848806400006],[-92.625384524999959,48.199117472000069],[-92.623170531999961,48.212052500000027],[-92.629150223999943,48.221331902000031],[-92.627193442999953,48.23235991100006],[-92.624175317999971,48.242313447000072],[-92.617013579999991,48.246176701000081],[-92.603279427999951,48.247331102000032],[-92.596378866999942,48.254492575000029],[-92.59954924699997,48.261905693000074],[-92.604071953999949,48.269202639000071],[-92.596813493999946,48.274708481000062],[-92.585429188999967,48.273824620000028],[-92.577589586999977,48.277668553000069],[-92.569351922999942,48.280604013000072],[-92.559152435999977,48.276677122000081],[-92.542827234999947,48.271302809000076],[-92.531046200999981,48.273128901000064],[-92.52014987199999,48.284188915000072],[-92.52051821799995,48.290103511000041],[-92.51536772999998,48.299656020000043],[-92.518645150999987,48.304227600000047],[-92.518551516999992,48.31201952300006],[-92.511195226999973,48.316791176000038],[-92.510475270999962,48.329290316000026],[-92.49672269499996,48.334369342000059],[-92.470234285999936,48.339117576000035],[-92.46717536899996,48.343363417000035],[-92.461214590999987,48.348119313000041],[-92.461850523999942,48.35663771000003],[-92.451337813999942,48.376390217000051],[-92.448588927999936,48.403899314000057],[-92.459539979999988,48.430062085000031],[-92.474032998999974,48.437048073000028],[-92.500140056999953,48.446974699000066],[-92.529470088999972,48.45036753200003],[-92.583281750999959,48.452668985000059],[-92.63570611199998,48.451893270000028],[-92.673265406999974,48.450358402000063],[-92.700591135999957,48.454231882000045],[-92.714412468999967,48.45588706500007],[-92.722205448999944,48.464005799000063],[-92.725462630999971,48.472015171000066],[-92.723259600999938,48.481215211000062],[-92.716526904999967,48.49011736600005],[-92.69495509099994,48.500171523000063],[-92.683495344999983,48.507069106000074],[-92.675743270999988,48.51367821000008],[-92.677653945999964,48.525430923000044],[-92.691004913999961,48.535949988000027],[-92.717275835999942,48.539037379000035],[-92.751236407999954,48.541924886000061],[-92.785617429999945,48.547645533000036],[-92.802846544999966,48.557865838000055],[-92.826856630999941,48.56635317000007],[-92.854499301999965,48.570766599000081],[-92.888939590999939,48.586843115000079],[-92.897686588999989,48.599310244000037],[-92.898270327999967,48.610081726000033],[-92.904382660999943,48.618524326000056],[-92.939029572999971,48.625719489000062],[-93.001913133999949,48.626354845000037],[-93.019583997999973,48.628816218000054]]],[[[-123.74592727299995,45.216614385000071],[-123.74221029699999,45.038653348000025],[-123.58444982999998,45.036222647000045],[-123.58335186999994,45.215301110000041],[-123.74592727299995,45.216614385000071]]],[[[-124.07571068299995,44.478483595000057],[-124.08666172399995,44.473578790000033],[-124.10363079299998,44.461491163000062],[-124.11347345199999,44.452232434000052],[-124.11710837699997,44.441591438000046],[-124.11605092599996,44.424818115000051],[-124.11808445699995,44.40933801500006],[-124.12454271099995,44.400650699000039],[-124.12614515999996,44.395478467000032],[-124.12727160699995,44.388613401000043],[-124.13603648399999,44.377593396000066],[-124.13640250599997,44.365896679000059],[-124.13654525699997,44.357454536000034],[-124.14289464399997,44.349789859000055],[-124.14393754899999,44.337736513000038],[-124.14412987699995,44.331284701000072],[-124.13985893099999,44.320451521000052],[-124.13670207399997,44.313367235000044],[-124.13382950799996,44.304415452000057],[-124.13371167799994,44.28161440000008],[-124.13610978499997,44.273854155000038],[-124.13783117999998,44.251429806000033],[-124.14021783399994,44.239265385000067],[-124.14438219099998,44.21106947800007],[-124.14553321499994,44.177355981000062],[-124.14904040399995,44.167234179000047],[-124.14985746699995,44.158432823000055],[-124.14536467199997,44.146448109000062],[-124.15235868999997,44.139027138000074],[-124.15324570399997,44.13101028400007],[-124.15169018799998,44.118748764000031],[-124.14801664499998,44.102969062000057],[-124.15134438199999,44.094188397000039],[-124.15878547099999,44.084658404000038],[-124.15709851399998,44.070222538000053],[-124.15351631199997,44.049011524000036],[-124.14707528199995,44.033869759000027],[-124.13900502699994,44.02130793300006],[-124.12901285299995,44.013797576000059],[-124.11990674699996,44.013294554000026],[-124.11274311299996,44.016549807000047],[-124.10325949199995,44.023344208000026],[-124.09568107099994,44.026292978000072],[-124.08508924999995,44.029334408000068],[-124.08177608499994,44.027493624000044],[-124.08629414399996,44.02264696800006],[-124.08824387999999,44.016388683000059],[-124.08353224999996,44.013267807000034],[-124.07500003499996,44.013430626000059],[-124.06665121399999,44.013505561000045],[-124.06981890299994,44.009370981000075],[-124.07638353899995,44.002250255000035],[-124.08513879099996,43.99883053700006],[-124.09099001899995,43.998884025000052],[-124.09697062299995,44.001110987000061],[-124.10621783999994,43.998177063000071],[-124.11175994099995,43.991890096000077],[-124.11084872899994,43.981682703000047],[-124.10165956299994,43.976590844000043],[-124.09898485999997,43.971798847000059],[-124.10290357599996,43.967488918000072],[-124.11151266699994,43.962496720000047],[-124.11954700899997,43.956834901000036],[-124.12442021799995,43.95029960200003],[-124.13139474499997,43.947886679000078],[-124.13596325799995,43.949435675000075],[-124.13663698899995,43.954088831000035],[-124.13370748899996,43.959374228000058],[-124.12429427899997,43.967559515000062],[-124.12384936699999,43.974073591000035],[-124.13443917099994,43.980443512000079],[-124.13584801499997,43.986128827000073],[-124.13962331299996,43.995274679000033],[-124.14486005799995,44.002079382000034],[-124.14930236599997,44.01147185800005],[-124.15432029199997,44.021532783000055],[-124.161827518,44.027812858000061],[-124.17055223299997,44.026197480000064],[-124.17388513999998,44.021820441000045],[-124.17186616399999,44.012268553000069],[-124.16708287099999,43.987726380000026],[-124.16718065899994,43.951033303000031],[-124.17110893999995,43.915061925000032],[-124.16947624899996,43.879115432000049],[-124.12731912399994,43.873845135000067],[-124.09613119699998,43.867906318000053],[-124.07443167199995,43.863840015000051],[-124.02273000699995,43.875139761000071],[-123.97091962299999,43.891132854000034],[-123.92966138899999,43.906554572000061],[-123.90238812499996,43.913435314000026],[-123.86235990299997,43.915408338000077],[-123.83517260099995,43.91324135900004],[-123.81977034799996,43.91201103800006],[-123.76905091299994,43.904826122000031],[-123.73705110299994,43.900863783000034],[-123.73738823399998,43.918709997000065],[-123.74309996899996,44.21951350900008],[-123.74646533499998,44.413585562000037],[-123.74542305299997,44.433813710000038],[-123.75068196399997,44.433875529000034],[-123.75596622199998,44.59447618300004],[-123.75650417899999,44.687450807000062],[-123.75676283599995,44.732053373000042],[-124.04791015999996,44.732094016000076],[-124.07720794299996,44.732061285000043],[-124.08001676899994,44.726681556000074],[-124.07919662599994,44.719366502000071],[-124.07627747599997,44.711278829000037],[-124.07536990699998,44.702983320000044],[-124.07813858199995,44.695851315000027],[-124.07665574699996,44.690187260000073],[-124.08078426899999,44.683745503000068],[-124.08204924599994,44.677955646000044],[-124.07817746299997,44.670084720000034],[-124.07162689499995,44.670326223000075],[-124.06598960099996,44.672610087000066],[-124.05788116399998,44.677206441000067],[-124.04976684899998,44.676302168000063],[-124.04192509399996,44.672084813000026],[-124.03720570099995,44.664656604000072],[-124.03677901199995,44.65350138000008],[-124.03427343399994,44.646319706000043],[-124.03763824999999,44.641303177000054],[-124.03139121199996,44.636723133000032],[-124.03008527099996,44.627518045000045],[-124.03642905199996,44.626824641000042],[-124.04304892399995,44.628318680000064],[-124.04487304499997,44.63240471000006],[-124.04612136699996,44.639122496000027],[-124.05110271499996,44.649491743000056],[-124.05699320299999,44.656403106000027],[-124.06538224199994,44.659494534000032],[-124.07503727199997,44.656795364000061],[-124.08389277899994,44.651526431000036],[-124.09172324399998,44.638486785000055],[-124.09452722499998,44.62909340200008],[-124.09940041999999,44.621978866000063],[-124.10432903999998,44.605596213000069],[-124.10301732999994,44.590136910000069],[-124.10295933499998,44.581395108000038],[-124.10763819899995,44.573072184000068],[-124.11090834399999,44.560817800000052],[-124.11531938999997,44.549552840000047],[-124.113774337,44.541400119000059],[-124.11282519299999,44.535362701000054],[-124.11582453299997,44.526420973000029],[-124.11689348499999,44.519421492000049],[-124.11374975099994,44.512384661000056],[-124.11614221499997,44.49582498500007],[-124.11407849299997,44.487289988000043],[-124.11082221099997,44.480779238000025],[-124.10696822999995,44.478408426000044],[-124.10189486199999,44.479569021000032],[-124.09930531299995,44.483163603000037],[-124.09816018299995,44.488429238000037],[-124.09705454999994,44.491434087000073],[-124.09215600799996,44.494555448000028],[-124.08357863799995,44.497266342000046],[-124.07346845399996,44.497324684000034],[-124.06790048899995,44.496595134000074],[-124.05901277699996,44.493121231000032],[-124.04950539599997,44.489037908000057],[-124.04664615499996,44.484187361000068],[-124.04607648499996,44.475062030000061],[-124.04496005899995,44.467062000000055],[-124.06169498999998,44.46647566300004],[-124.07571068299995,44.478483595000057]]],[[[-123.99897695499999,45.392786654000076],[-124.04355521699995,45.393064492000065],[-124.02813384799998,45.382686226000033],[-124.00667824199996,45.370325079000054],[-124.00595190499996,45.363697350000052],[-123.99688868699997,45.355544888000054],[-123.99090252199994,45.34730107200005],[-123.98703359399997,45.339980292000064],[-123.98246407899995,45.333615540000039],[-123.97494827899999,45.333903190000058],[-123.97536769899995,45.338602380000054],[-123.97030405899994,45.344331120000049],[-123.96123162199996,45.345565719000035],[-123.95618340299995,45.341904022000051],[-123.95657307699997,45.335226462000037],[-123.96127659699999,45.326183877000062],[-123.97292049799995,45.315584065000053],[-123.99285570899997,45.303919741000072],[-123.99867318999998,45.294223840000029],[-123.99996851299994,45.280149643000073],[-124.00442886399998,45.274353030000043],[-124.00438041399997,45.263576449000027],[-124.00640789699997,45.242343938000033],[-124.00020958099998,45.236745486000075],[-123.98835190999995,45.237413423000078],[-123.97929493099997,45.238649580000072],[-123.96467166799999,45.236940187000073],[-123.95626275799998,45.227042869000059],[-123.95095827199998,45.21964446000004],[-123.94987698399996,45.214094398000043],[-123.94732837099997,45.205278172000078],[-123.94419438999995,45.200188934000039],[-123.94316922199999,45.191197016000046],[-123.94861847399994,45.195466681000028],[-123.95511776099994,45.200499198000045],[-123.95902142499995,45.207612865000044],[-123.96467707699998,45.212335301000053],[-123.96843805099996,45.215985070000045],[-123.97007009299995,45.219613706000075],[-123.97426954999997,45.222665488000075],[-123.98150383599994,45.223037470000065],[-123.98733847699998,45.218729301000053],[-123.99270561999998,45.21652361200006],[-123.99279342099999,45.201020486000061],[-124.00772120299996,45.188670493000075],[-124.00777651699997,45.174671510000053],[-124.01450770499997,45.167660660000081],[-124.01590081899997,45.15036189500006],[-124.02114262999999,45.143185631000051],[-124.02078680899996,45.128278130000069],[-124.02334980999996,45.127700227000048],[-124.02940542899995,45.122337625000057],[-124.03467162199996,45.113655120000033],[-124.03420013199997,45.10476796100005],[-124.03055497199995,45.095097987000031],[-124.03253259399997,45.091653721000057],[-124.03918045399996,45.081658529000038],[-124.02591798299994,45.081686398000045],[-123.90178099799999,45.081880770000055],[-123.88671982999995,45.082064993000074],[-123.79240723199996,45.083178363000059],[-123.76918733399998,45.080881718000057],[-123.75514097499996,45.072367457000041],[-123.75729123499997,45.110162303000038],[-123.76380153299999,45.121811545000071],[-123.78362454899997,45.138598788000081],[-123.80179104699999,45.158562822000079],[-123.80687974099999,45.174897014000067],[-123.80401067199995,45.190200968000056],[-123.79938710599998,45.200592494000034],[-123.79051729799994,45.204444293000051],[-123.78943952099996,45.210923726000033],[-123.78709367899995,45.220493345000079],[-123.77629527699997,45.232883247000075],[-123.76063390699994,45.242299873000036],[-123.74268802099999,45.249824526000054],[-123.74329651399995,45.392875979000053],[-123.810906553,45.392062342000031],[-123.89020136399995,45.392314034000037],[-123.95443023899998,45.392179729000077],[-123.99897695499999,45.392786654000076]]],[[[-120.26023463499996,36.951102218000074],[-120.25773215399994,36.856347570000025],[-120.17259830999996,36.85701898800005],[-120.17201224799999,36.952116357000079],[-120.26023463499996,36.951102218000074]]],[[[-122.62308390499999,47.03287503100006],[-122.64412481399995,47.037603450000063],[-122.68446244499995,47.047043535000057],[-122.69510568899994,47.043038250000052],[-122.69448719099995,47.021911858000067],[-122.65523830599994,46.994577570000047],[-122.62376145099995,46.995055771000068],[-122.62308390499999,47.03287503100006]]],[[[-123.75589469699997,39.575926846000073],[-123.75568536899999,39.568440882000061],[-123.75431258399999,39.558098414000028],[-123.76194842999996,39.549953565000067],[-123.77793288499998,39.534429069000055],[-123.78899980699998,39.519789009000078],[-123.79922767599999,39.504095607000068],[-123.79858682999998,39.487605228000064],[-123.79697650799994,39.470723932000055],[-123.80564473299995,39.45917869200008],[-123.80891903999998,39.442357067000046],[-123.80569862899995,39.426498047000052],[-123.79736387199995,39.427911468000048],[-123.77425834199994,39.428856417000077],[-123.75194507999998,39.432743492000043],[-123.73759809799998,39.43530772500003],[-123.72273111099997,39.43360063700004],[-123.71525357499996,39.429146060000051],[-123.70337391899994,39.441779583000027],[-123.69006920199996,39.457898103000048],[-123.69011303799999,39.505926453000029],[-123.69396910899997,39.536385038000049],[-123.71319556999998,39.546772376000035],[-123.73751342099996,39.55968456800008],[-123.75589469699997,39.575926846000073]]],[[[-124.14871393199996,42.06362284100004],[-124.14955336099996,42.035629615000062],[-124.14493858299994,42.007221062000042],[-124.13748778099995,41.982000912000046],[-124.13697023599997,41.967055386000027],[-124.14554826299997,41.953704674000051],[-124.14637166099999,41.934042487000056],[-124.15768979899997,41.923173827000028],[-124.16665700899995,41.916633452000042],[-124.16256562399997,41.903168606000065],[-124.17110080799995,41.891706334000048],[-124.18627712699998,41.876139881000029],[-124.06124941299998,41.87650644100006],[-124.06619973999994,41.974804261000031],[-124.06682696199999,42.067553227000076],[-124.14871393199996,42.06362284100004]]],[[[-118.99647752499999,34.834175170000037],[-118.90996361399999,34.83628378700007],[-118.90981020599997,34.818534685000031],[-118.80894201799998,34.817689189000077],[-118.77757111199998,34.85838704400004],[-118.73279517299994,34.92263009900006],[-118.70509579199995,34.955115861000024],[-118.61253494399995,34.961191796000037],[-118.63784062199994,34.990696128000025],[-118.71952568499995,34.998742381000056],[-118.83174820499994,35.069932065000046],[-118.83209196599995,35.059486553000056],[-118.82970532099995,35.051840164000055],[-118.81752177999999,35.035888682000063],[-118.81680004999998,34.967142251000041],[-118.82483266399998,34.966927560000045],[-118.83955134599995,34.956408937000049],[-118.92312536099996,34.892764364000072],[-118.99647752499999,34.834175170000037]]],[[[-116.96902346699994,46.548205420000045],[-116.96751381799999,46.469854119000047],[-116.94934313899995,46.447515277000036],[-116.94543994299994,46.415243133000047],[-116.91319808999998,46.342165562000048],[-116.89607336099999,46.255044239000028],[-116.89378627699995,46.23133776800006],[-116.60663593699996,46.157076462000077],[-116.27491891699998,46.06819631500008],[-116.22477419299997,46.056014411000035],[-116.15647503999998,46.037902473000031],[-116.03186497599995,46.00263715300008],[-115.99270775999997,46.087968614000033],[-115.96726988799998,46.159082727000055],[-115.98393915399998,46.184779633000062],[-116.10457073199996,46.333344473000068],[-116.23557640999996,46.495535292000056],[-116.30553569599999,46.581279918000064],[-116.53959080699997,46.568838389000064],[-116.96902346699994,46.548205420000045]]],[[[-115.32366856299996,40.452902288000075],[-115.32302780799995,40.438539689000038],[-115.32274221399996,40.427062131000071],[-115.31903449899994,40.420216685000071],[-115.31365493599998,40.414776846000052],[-115.31094948399999,40.407869782000034],[-115.31945665099994,40.400718629000039],[-115.33165422599996,40.393727960000035],[-115.34745139999995,40.388047804000053],[-115.36239425799994,40.371780560000047],[-115.36697021999998,40.35607716700008],[-115.37378175499998,40.348340777000033],[-115.37666363399995,40.337225895000074],[-115.37970302599996,40.332854882000049],[-115.38246548799998,40.324752301000046],[-115.38484933299998,40.319610658000045],[-115.40018210799997,40.311190577000048],[-115.41230065999997,40.300815312000054],[-115.34145037999997,40.300807665000036],[-115.25780461299996,40.357094759000063],[-115.25739476999996,40.441975315000036],[-115.27876113099995,40.443058714000074],[-115.32366856299996,40.452902288000075]]],[[[-122.57871110999997,39.996678247000034],[-122.57913847199995,39.981567630000029],[-122.57784360899996,39.949592343000063],[-122.57309411699998,39.942436497000074],[-122.57738179499995,39.938440473000071],[-122.57696824299995,39.92990448300003],[-122.56775087099999,39.923784349000073],[-122.54945536999998,39.911886012000025],[-122.55382971199998,39.905618958000048],[-122.57214449199995,39.897621299000036],[-122.57731803899998,39.88966610600005],[-122.57738482099995,39.872386521000067],[-122.57160847499995,39.861341535000065],[-122.55570657399994,39.860525905000031],[-122.54928356999994,39.870270844000061],[-122.54921324999998,39.891302341000028],[-122.51302157699996,39.899680560000036],[-122.47445172899995,39.911971428000072],[-122.47753451799997,39.923640348000049],[-122.49881645399995,39.934482442000046],[-122.49049997599997,39.93565336000006],[-122.46800885699997,39.936719136000079],[-122.44985123099997,39.943908875000034],[-122.44769954999998,39.953408222000064],[-122.46214283199998,39.961707286000035],[-122.47828969199998,39.968111571000065],[-122.48061494999996,39.980330791000029],[-122.48056926599997,39.992721915000061],[-122.49175621499995,39.986388655000042],[-122.51439579499998,39.981910780000078],[-122.51810405399999,39.970172621000074],[-122.52941840099999,39.964179896000076],[-122.53917561899999,39.97167947500003],[-122.53642846199995,40.00833771200007],[-122.51105048199997,40.010824041000035],[-122.50953785599995,40.038187620000031],[-122.51473513999997,40.045242346000066],[-122.53237915399995,40.04416973900004],[-122.54527281599997,40.039689503000034],[-122.55927412599999,40.02556981500004],[-122.56991130999995,40.01034939200008],[-122.57871110999997,39.996678247000034]]],[[[-124.12674908499997,47.400253101000033],[-124.34004736299994,47.399715936000064],[-124.34108060099999,47.39637994900005],[-124.34080372099999,47.395107774000053],[-124.33731606399999,47.391206479000061],[-124.33807252199995,47.386598219000064],[-124.33725200099997,47.382112998000025],[-124.33574360299997,47.377556211000069],[-124.33590754999994,47.373077506000072],[-124.33567978699995,47.368462371000078],[-124.33485968099995,47.363976902000047],[-124.33335190199995,47.359419850000052],[-124.32828066599996,47.356309571000054],[-124.32150857699997,47.355126554000037],[-124.31854406599996,47.353729584000064],[-124.31603675899999,47.35254795700007],[-124.30944598599996,47.352435445000026],[-124.30217769899997,47.35158232200007],[-124.29570279399996,47.350333189000025],[-124.30221825899997,47.348907888000042],[-124.30891407099995,47.348553413000047],[-124.30780005099996,47.344132332000072],[-124.30322825099995,47.340690076000044],[-124.30005229599999,47.336053767000067],[-124.29813371699998,47.334052844000041],[-124.29617917799999,47.332014247000075],[-124.29299396099998,47.328046305000044],[-124.29021072299997,47.323546109000063],[-124.28584221699998,47.319836986000041],[-124.28502637499997,47.315350586000079],[-124.28450663799998,47.310799364000047],[-124.28595319499999,47.306262117000074],[-124.28563419799997,47.301444701000037],[-124.27956638299997,47.299662451000074],[-124.27440887099999,47.30256792800003],[-124.27227441499997,47.307033251000064],[-124.26993881999999,47.311764531000051],[-124.26306702399995,47.311045767000053],[-124.25650202899999,47.309593269000061],[-124.25272852499995,47.30575351400006],[-124.24806754399998,47.302107660000047],[-124.24459098899996,47.298202909000054],[-124.24348247899997,47.293780655000035],[-124.24237412599996,47.289358336000078],[-124.24421422599994,47.284957942000062],[-124.24310597899995,47.280535518000079],[-124.24071939999999,47.276170361000027],[-124.24207333699997,47.271431781000047],[-124.24155712999999,47.266879821000032],[-124.23917118799994,47.262514467000074],[-124.23843764099996,47.257878388000051],[-124.23691305799997,47.256344045000048],[-124.08354382899995,47.256910631000039],[-124.12674908499997,47.400253101000033]]],[[[-123.63776919599997,41.234834137000064],[-123.66009060199997,41.26237889600003],[-123.70096117099996,41.29659676600005],[-123.70913428999995,41.303383931000042],[-123.73152164099997,41.321965031000047],[-123.74720527899996,41.339571516000035],[-123.75069573199994,41.363838722000025],[-123.78122405699997,41.39297676800004],[-123.81353686599999,41.434238189000041],[-123.83271483799996,41.479878266000071],[-123.85126515499996,41.508097733000056],[-123.87997701399996,41.532643740000026],[-123.91960085199997,41.567140489000053],[-123.94918409399997,41.601516165000078],[-124.00131559599998,41.617952911000032],[-124.04045021999997,41.623416940000027],[-124.03626262999995,41.597795997000048],[-124.03414690599999,41.569167629000049],[-124.03526793599997,41.551317733000076],[-124.03884984799998,41.542422685000076],[-124.03616148599997,41.523474898000075],[-123.97883699099998,41.519106856000064],[-123.94665414999997,41.50620318600005],[-123.91712807299996,41.471067103000053],[-123.89863537099995,41.428778790000081],[-123.88506756999999,41.40289139600003],[-123.85524237899995,41.376362227000072],[-123.83424849999994,41.353349587000025],[-123.83098267799994,41.326513724000051],[-123.82313469299999,41.307799232000036],[-123.78133791399995,41.287111436000032],[-123.77862633499996,41.285768364000035],[-123.75083359699994,41.26226245600003],[-123.73490168699999,41.238443948000054],[-123.70393497699996,41.204510626000058],[-123.63776919599997,41.234834137000064]]],[[[-123.14617048299999,47.309098629000061],[-123.14337533499997,47.311352209000063],[-123.14211229099999,47.314582343000041],[-123.14213256599999,47.318841171000031],[-123.14180757099996,47.321133403000033],[-123.14100359799994,47.322969846000035],[-123.14062090099998,47.324532730000044],[-123.14061250299994,47.325884901000052],[-123.14066009799996,47.32823142500007],[-123.14031597399998,47.331083602000035],[-123.13983751599994,47.333037159000071],[-123.13882288299999,47.336214941000037],[-123.13704149099999,47.337699747000045],[-123.13609199599995,47.339700122000067],[-123.13606477099995,47.33975747900007],[-123.13596943699997,47.342557439000075],[-123.13866910899998,47.342234375000032],[-123.140107796,47.342062186000078],[-123.14296279799999,47.342947414000037],[-123.14549212699995,47.34371542100007],[-123.14740876099995,47.345538331000057],[-123.14745732399996,47.345581974000027],[-123.14746815599995,47.345582018000073],[-123.18965231899995,47.34574090600006],[-123.19546350999997,47.345665189000044],[-123.19470540299994,47.318759294000074],[-123.19175286299998,47.315856447000044],[-123.18721181399997,47.313657551000063],[-123.17997257599995,47.313322054000025],[-123.17690687599998,47.31136964500007],[-123.17079830299997,47.311723493000045],[-123.16742774799997,47.311503175000041],[-123.16457384599994,47.310618390000059],[-123.16095308699994,47.30804059500008],[-123.15677822999999,47.307247146000066],[-123.15114885499997,47.30805583800003],[-123.14617048299999,47.309098629000061]]],[[[-122.89647522199999,47.168471105000037],[-122.89549827299999,47.170871268000042],[-122.89715538499996,47.173922058000073],[-122.89878984799998,47.177576724000062],[-122.90064692399994,47.182383431000062],[-122.90085991599994,47.186133891000054],[-122.89811111299997,47.188502861000075],[-122.90016423899999,47.19047266900003],[-122.90529337099997,47.190804289000027],[-122.90806918599998,47.192424030000041],[-122.90886423999996,47.19485510100003],[-122.90984564199999,47.197047692000069],[-122.91187673099995,47.199621157000081],[-122.91340825599997,47.203696548000039],[-122.91360356999996,47.204073298000026],[-122.91555802499994,47.20784307200006],[-122.91719446899998,47.211497161000068],[-122.91984444699995,47.214141586000039],[-122.92354464099998,47.217166725000027],[-122.92654515199996,47.219937900000048],[-122.92882331399994,47.223059015000047],[-122.93119176199997,47.223764680000045],[-122.93253208299996,47.222752564000075],[-122.93338206499999,47.222110692000058],[-122.93339013999997,47.219512590000079],[-122.93283944999996,47.217629905000081],[-122.93157570399995,47.215362568000046],[-122.93134315499998,47.214945320000027],[-122.93123204399996,47.213858684000058],[-122.93108319699996,47.212402951000058],[-122.930845138,47.212165456000037],[-122.92843281399996,47.209758736000026],[-122.92568664799995,47.204937415000074],[-122.92480326599997,47.197731189000081],[-122.92289868999995,47.194132822000029],[-122.92171661799995,47.190184373000079],[-122.91985767399996,47.185378065000066],[-122.91817651299999,47.18293157100004],[-122.91272979899998,47.179271160000042],[-122.90833292399998,47.17599143800004],[-122.90836210299994,47.174378760000081],[-122.90710666799998,47.173250521000057],[-122.90497215399995,47.171097994000036],[-122.90251087799999,47.168214483000042],[-122.89979520999998,47.16738119300004],[-122.89647522199999,47.168471105000037]]],[[[-122.59223716199995,47.695746550000081],[-122.58733122799998,47.699588389000041],[-122.58565254999996,47.702570624000032],[-122.58474826099996,47.706614204000061],[-122.58497425399997,47.70981852400007],[-122.58446366099997,47.711812896000026],[-122.58075822399996,47.714535080000076],[-122.57855352599995,47.717014447000054],[-122.57786509199997,47.718169992000071],[-122.57618245299994,47.719121268000038],[-122.57460812999994,47.719623144000082],[-122.57091172799994,47.720801406000078],[-122.56883264599998,47.721492183000066],[-122.56776576699997,47.721846635000077],[-122.56638835799998,47.72415757300007],[-122.56437569999997,47.726394334000076],[-122.56139546899999,47.72781189400007],[-122.55976849899997,47.729563977000055],[-122.55982713999998,47.73239562100008],[-122.55905753999997,47.735395357000073],[-122.55776256499996,47.737892359000057],[-122.55663361899997,47.740761820000046],[-122.55801654699997,47.742512199000032],[-122.56033787399997,47.743665921000058],[-122.56054200699998,47.743739914000059],[-122.56285231799995,47.744577314000026],[-122.56476093399999,47.746830274000047],[-122.56490855999999,47.748053258000027],[-122.57460832399994,47.748029808000069],[-122.57879935199998,47.74801946000008],[-122.59313489299996,47.74798308000004],[-122.60064362499998,47.747963416000061],[-122.60008561799998,47.718814696000038],[-122.59969310599996,47.698292948000073],[-122.59645833799999,47.695091047000062],[-122.59449715399995,47.694067912000037],[-122.59223716199995,47.695746550000081]]],[[[-122.39084411699997,47.299052711000058],[-122.40899404899994,47.310866483000041],[-122.42126915699998,47.32023055600007],[-122.42491578099998,47.321724420000066],[-122.42988023199996,47.322136932000035],[-122.43437987999999,47.320814461000055],[-122.43539676799998,47.318371443000046],[-122.43605712699997,47.315797703000044],[-122.43688169099994,47.313597046000041],[-122.43940622099996,47.311863282000047],[-122.44236918099995,47.310446698000078],[-122.44705983299997,47.308881335000081],[-122.44862455499998,47.306326374000037],[-122.44857141999995,47.303491145000066],[-122.44605011099998,47.301158807000036],[-122.44317262399994,47.298695722000048],[-122.43996773299995,47.298489438000047],[-122.43513912899999,47.298096015000056],[-122.42872326599996,47.297776320000025],[-122.42321228299994,47.297475399000064],[-122.41945699399997,47.296410355000035],[-122.41512754799999,47.29403916900003],[-122.41268991399994,47.291892718000042],[-122.41113144499997,47.28834768400003],[-122.40822775999999,47.286499314000025],[-122.40477582899996,47.28476246300005],[-122.39858202599999,47.283583366000073],[-122.39463575999997,47.282759956000064],[-122.38951398099999,47.279939605000038],[-122.38647587199995,47.277101948000052],[-122.39132618699995,47.277944909000041],[-122.39943860899996,47.278733881000051],[-122.40478382899994,47.278662618000055],[-122.40547853299995,47.271406505000073],[-122.40833016699997,47.27041950000006],[-122.41160612299996,47.267965786000048],[-122.41214481599997,47.266187047000074],[-122.41428387799999,47.264938338000036],[-122.41765519999996,47.264455077000036],[-122.42067249299998,47.261807581000028],[-122.42278527499997,47.259140917000082],[-122.42533399099995,47.258824959000037],[-122.43023931299996,47.258435335000058],[-122.43224159099998,47.256197523000026],[-122.41277981899998,47.242613542000072],[-122.39865372299994,47.232747928000038],[-122.41622263399995,47.222459683000068],[-122.36951119199995,47.192941559000076],[-122.36146498099998,47.188070424000045],[-122.31136626499995,47.220815171000027],[-122.31841575199996,47.226701183000046],[-122.31396737299997,47.230855992000045],[-122.32509499499997,47.23855633900007],[-122.31971318399997,47.243307066000057],[-122.32890106399998,47.249978330000033],[-122.32253268599999,47.254522644000076],[-122.39084411699997,47.299052711000058]]],[[[-118.44021784099999,45.781653615000039],[-118.44727219699996,45.785188872000049],[-118.45411355799996,45.799791436000078],[-118.45584918599997,45.801239280000061],[-118.46539263199998,45.809198651000031],[-118.47134295499995,45.81403100600005],[-118.47543679199998,45.81808796100006],[-118.48398013299999,45.821359106000045],[-118.50351887099998,45.821583676000046],[-118.51573918599996,45.81611348000007],[-118.52820141099994,45.809863416000042],[-118.53719602699999,45.802754821000065],[-118.54508194499999,45.796944858000074],[-118.55678633099996,45.788618240000062],[-118.56788971999998,45.784442220000074],[-118.57959615299995,45.777583242000048],[-118.58969336299998,45.770640692000029],[-118.59732750899997,45.765605970000081],[-118.60854163599998,45.760301823000077],[-118.61974563299998,45.753526631000057],[-118.63009416399996,45.748741687000063],[-118.63907745599994,45.743095083000071],[-118.65375631999996,45.740111471000034],[-118.66325748899999,45.738785323000059],[-118.67631873099998,45.73424753200004],[-118.68850739499999,45.728759985000067],[-118.69181497299996,45.724857549000035],[-118.69583698899999,45.71714748800008],[-118.70454808199997,45.709334775000059],[-118.71056061099995,45.704211667000038],[-118.71855491899998,45.700205548000042],[-118.72494323199999,45.696118152000054],[-118.73379560799998,45.69158903400006],[-118.74144206199998,45.690955600000052],[-118.75895840299995,45.690024820000076],[-118.76474729299997,45.688618734000045],[-118.76968902099998,45.688683271000059],[-118.78005067199996,45.688817978000031],[-118.79484898199996,45.687633707000032],[-118.80962146699994,45.683507282000051],[-118.81871886699997,45.679663077000043],[-118.82463192599994,45.678599697000038],[-118.84189059799996,45.676966873000026],[-118.85655840199996,45.675430135000056],[-118.85557638599994,45.662720496000077],[-118.85304529699999,45.655812646000072],[-118.84678739499998,45.645894186000078],[-118.84030524399998,45.638225129000034],[-118.83196842699999,45.629785309000056],[-118.82024959899996,45.614958376000061],[-118.81273858899999,45.601582647000043],[-118.80640447299999,45.581367094000029],[-118.79949584599996,45.550944228000048],[-118.79810230499999,45.516948883000055],[-118.79542364099996,45.490916643000048],[-118.76876106199995,45.479515955000068],[-118.76072868399996,45.474701655000047],[-118.75119004799996,45.465739112000051],[-118.74420212899997,45.452266541000029],[-118.74630635799997,45.437894074000042],[-118.75272458999996,45.425322079000068],[-118.76077260099999,45.417243174000077],[-118.74417611199999,45.416181225000059],[-118.73444111099997,45.412409482000044],[-118.72541685099998,45.404826627000034],[-118.71673927399996,45.393866624000054],[-118.70919169199999,45.386017494000043],[-118.69696018899998,45.375327639000034],[-118.67807714299994,45.360676760000047],[-118.66971032399999,45.357760793000068],[-118.65910518899994,45.350090879000049],[-118.58336198699999,45.348570853000069],[-118.51757064099996,45.348544903000061],[-118.48294543299994,45.416546389000075],[-118.40916329399994,45.552149691000068],[-118.39447858299997,45.579246215000069],[-118.34823927399998,45.664396203000081],[-118.29129762799994,45.767764549000049],[-118.30007049899996,45.768799917000081],[-118.31106568699994,45.767239801000073],[-118.32156347899996,45.762825467000027],[-118.32971815899998,45.763599715000055],[-118.33688314599999,45.763076972000079],[-118.35120659699999,45.757620286000076],[-118.36318189699995,45.752942049000069],[-118.37541677299998,45.756304362000037],[-118.38357688099995,45.760015253000063],[-118.39434441999998,45.769516432000046],[-118.40386190099997,45.77114930700003],[-118.41486199799999,45.772520339000039],[-118.42216280999997,45.776748483000063],[-118.44021784099999,45.781653615000039]]],[[[-124.69854956299997,48.387742483000068],[-124.70534844999997,48.387460590000046],[-124.71215175099996,48.386663962000057],[-124.71887896899995,48.385712381000076],[-124.72583372899999,48.385224294000068],[-124.73195311099994,48.383035179000046],[-124.73422817599999,48.378773919000025],[-124.73357056399999,48.37429596100003],[-124.73028457499998,48.370219710000072],[-124.72537037699999,48.367011762000061],[-124.71874330699995,48.365546204000054],[-124.71297780899999,48.362694623000039],[-124.70829716899999,48.359435431000065],[-124.70585234199996,48.356544922000069],[-124.70640578199999,48.355055139000058],[-124.70513484399999,48.350368506000052],[-124.70045557799995,48.347108914000046],[-124.69639696499996,48.343542906000039],[-124.69071038399994,48.340844829000048],[-124.68416277099999,48.339532119000069],[-124.67774309299995,48.341100766000068],[-124.67102500499999,48.341535988000032],[-124.66681707999999,48.337659707000057],[-124.66338129599995,48.33378650800006],[-124.65940635699997,48.329859430000056],[-124.65354018299996,48.327314898000054],[-124.65015773999994,48.328790777000052],[-124.64209930599998,48.332254383000077],[-124.63852352999999,48.334914095000045],[-124.63532045499994,48.338861580000071],[-124.63251054199998,48.342038959000035],[-124.62962471099996,48.345061563000058],[-124.63035511699997,48.349180671000056],[-124.63062664499995,48.352886097000066],[-124.63013665799997,48.355559147000065],[-124.63057498699999,48.358030534000079],[-124.63025076999998,48.358696489000067],[-124.62955028699997,48.360135249000052],[-124.62828822199998,48.362804779000044],[-124.62848922399996,48.365840947000038],[-124.62947782299995,48.367337267000039],[-124.62999186399998,48.369963232000032],[-124.62792291899996,48.374057497000081],[-124.63153941499996,48.377326572000072],[-124.63153425499996,48.377840979000041],[-124.63351718899997,48.380319043000043],[-124.63380447299994,48.382480896000061],[-124.63848288399998,48.385742402000062],[-124.64527678099995,48.385977892000028],[-124.65135921399997,48.387907548000044],[-124.65806285099995,48.389530919000038],[-124.66478147999999,48.389610791000052],[-124.67141469899997,48.390564470000072],[-124.67852200599998,48.390388077000068],[-124.68540651199999,48.389233036000064],[-124.69183109499994,48.387664273000041],[-124.69854956299997,48.387742483000068]]],[[[-122.52660076899997,48.462762618000056],[-122.52584092699999,48.463238661000048],[-122.53187535399996,48.46041157600007],[-122.53797461199997,48.458843877000049],[-122.54322976699996,48.45749285100004],[-122.54278273999995,48.457582255000034],[-122.54693709699995,48.453833296000028],[-122.54800587999995,48.449728724000067],[-122.55059337999995,48.444671682000035],[-122.55827789799997,48.441188169000043],[-122.55675164399997,48.43565712700007],[-122.55764148599997,48.432236387000046],[-122.55937736899995,48.426376295000068],[-122.55624238199999,48.420518666000078],[-122.55494203599994,48.41656351000006],[-122.55453521599998,48.412429381000038],[-122.55703353499996,48.409334751000074],[-122.55229469499994,48.406392479000033],[-122.54456423799996,48.404373411000051],[-122.53629726399998,48.401164305000066],[-122.53311938699994,48.393045035000057],[-122.53365116999998,48.387750109000081],[-122.53793552499997,48.384297988000071],[-122.53873524799997,48.379597726000043],[-122.52891285099997,48.38156445900006],[-122.52069577199995,48.380614912000055],[-122.51234486099997,48.379367425000055],[-122.50890794299994,48.37905667800004],[-122.508193474,48.383116240000049],[-122.50931167599998,48.387756461000038],[-122.50587428899996,48.392010655000036],[-122.50395477799998,48.395312663000027],[-122.50350909599996,48.398644173000037],[-122.50467159199997,48.402302622000036],[-122.50570011199994,48.405663595000078],[-122.50243997099994,48.409233319000066],[-122.50270909099999,48.413070227000048],[-122.50275530599998,48.418572726000036],[-122.50137130199994,48.42306405000005],[-122.50177456099999,48.427198193000038],[-122.50204371799998,48.431034878000048],[-122.50079353499996,48.435823412000047],[-122.49824674699994,48.439898201000062],[-122.49762175399997,48.443913257000077],[-122.49717536499998,48.447244217000048],[-122.49862309999997,48.451247531000035],[-122.49914351699999,48.452686453000069],[-122.50473313499998,48.456432974000052],[-122.50831090199995,48.458960266000076],[-122.51394833499995,48.461952321000069],[-122.51408020999997,48.46202230800003],[-122.51452731199998,48.461932998000066],[-122.52660076899997,48.462762618000056]]],[[[-122.60787160799998,48.795081723000067],[-122.60786463399995,48.79514357000005],[-122.60754635699999,48.797965505000036],[-122.60812001399995,48.801158736000048],[-122.60982528599999,48.802959249000025],[-122.61301766799994,48.805436351000026],[-122.61418890899995,48.805736956000032],[-122.61660634599997,48.806223356000032],[-122.62147951999998,48.80939821700008],[-122.62483377699999,48.811744970000063],[-122.63204778999994,48.808799866000072],[-122.63910324499994,48.805508922000058],[-122.64243832199998,48.800320985000042],[-122.64838705799997,48.794611380000049],[-122.65350662299994,48.792082184000037],[-122.65705740599998,48.789865802000065],[-122.65286457899998,48.786933109000074],[-122.65242964399999,48.780988724000053],[-122.65738999499996,48.778113818000065],[-122.65779304299997,48.772755826000036],[-122.66085735299998,48.76962671900003],[-122.66465381299997,48.766338530000041],[-122.66521278299996,48.763696856000081],[-122.66568437799998,48.758931773000029],[-122.66610545499998,48.75534443600003],[-122.67049645799995,48.752715409000075],[-122.67518189899999,48.749443387000042],[-122.67902648299997,48.74497671000006],[-122.67939023199995,48.740621879000059],[-122.67340855099997,48.734616113000072],[-122.66959673699995,48.732069265000064],[-122.66532749699996,48.729808431000038],[-122.66070187499997,48.725477703000081],[-122.65837108999995,48.721661452000035],[-122.65461137299997,48.717936111000029],[-122.64801919899998,48.71380350700008],[-122.64450473699998,48.710612928000046],[-122.64055840099996,48.707119301000034],[-122.63683106399998,48.704749697000068],[-122.63357970999999,48.703669299000069],[-122.62870581799996,48.701117408000073],[-122.622583814,48.700588200000027],[-122.61748863299999,48.701021533000073],[-122.615037229,48.702094742000043],[-122.61380904499998,48.703781624000044],[-122.61127596099999,48.708684065000057],[-122.60966659699994,48.712897530000077],[-122.61126644499996,48.717054480000058],[-122.61386367399996,48.720817797000052],[-122.61569926299995,48.722155175000069],[-122.618267291,48.724026042000048],[-122.62134885299997,48.726914186000045],[-122.62418668799995,48.729267087000039],[-122.62925864399995,48.72942250400007],[-122.63079040999997,48.726975936000031],[-122.62778973699994,48.724266387000057],[-122.62249545199995,48.721041491000051],[-122.62022292199998,48.717991905000076],[-122.62269608699995,48.714384339000048],[-122.62749262799997,48.712648287000036],[-122.63868652599996,48.713332333000039],[-122.64392504099999,48.71578932400007],[-122.64792815399994,48.720050105000041],[-122.64791849699998,48.726474941000049],[-122.64437296799997,48.732243453000081],[-122.64231244499996,48.738688221000075],[-122.63773785999996,48.743493836000027],[-122.63062810499997,48.749194174000081],[-122.62233094699997,48.755519783000068],[-122.61726531599999,48.75925425500003],[-122.61327826199999,48.762773366000033],[-122.60715796399995,48.766133620000062],[-122.60303304399997,48.768706742000063],[-122.60117750199998,48.772384149000061],[-122.60321090299999,48.776843334000034],[-122.60510386799996,48.778411929000072],[-122.60297825499998,48.782143002000055],[-122.60444260799994,48.785353501000031],[-122.60682798999994,48.789937033000058],[-122.60812997999994,48.792790700000069],[-122.60787160799998,48.795081723000067]]],[[[-122.19546763799997,48.121666597000058],[-122.19539802499997,48.125560150000069],[-122.36407644399998,48.124539637000055],[-122.36752999899994,48.123918592000052],[-122.36287782599999,48.12060024200008],[-122.36156442399999,48.119891393000046],[-122.35713389099999,48.117499992000035],[-122.35335771399997,48.113475350000044],[-122.35165770099997,48.108770254000035],[-122.35105000299995,48.103846821000047],[-122.35097482599997,48.102666379000027],[-122.35036704299995,48.101606550000042],[-122.34836285899996,48.101371003000054],[-122.34472927699994,48.10145037500007],[-122.34070471699999,48.101538173000051],[-122.33528255899995,48.098804953000069],[-122.33485393299998,48.098325295000052],[-122.33176885499995,48.094872638000027],[-122.329159963,48.093588520000026],[-122.32638482299996,48.09222245400008],[-122.32616755599997,48.091841569000053],[-122.32391882499996,48.08789906700008],[-122.31955855999996,48.084499099000027],[-122.31541076399998,48.080965766000077],[-122.31215066899995,48.07970872900006],[-122.30935562399998,48.078630899000075],[-122.30563277899995,48.074830840000061],[-122.30357962599999,48.070515735000072],[-122.30209117299995,48.068933146000063],[-122.29998215899997,48.06669056800007],[-122.29857534199999,48.067777324000076],[-122.29629237999995,48.069540774000075],[-122.29554118399994,48.070120994000035],[-122.29495466599997,48.074599357000068],[-122.29047575899995,48.077946072000032],[-122.28891393799995,48.078514805000054],[-122.28440683699995,48.080155887000046],[-122.28674818899998,48.075963829000045],[-122.28697860299997,48.075626750000026],[-122.28962442999995,48.071755770000038],[-122.28698693499996,48.067648055000063],[-122.28045671699999,48.066679072000056],[-122.27693201899996,48.06292889000008],[-122.28162499499996,48.060889164000059],[-122.28564874799997,48.064599985000029],[-122.29198146699997,48.062805534000063],[-122.28857680799996,48.058705797000073],[-122.28305901099998,48.05608961300004],[-122.27677496399997,48.05442260600006],[-122.27089425899999,48.051878453000029],[-122.26588906699999,48.048628577000045],[-122.26000937699996,48.046083906000035],[-122.25504463599998,48.042029249000052],[-122.25066049399999,48.038389754000036],[-122.24540182599998,48.035455427000045],[-122.24235492599996,48.033938676000048],[-122.23963230599998,48.03315372000003],[-122.23301674399994,48.033409672000062],[-122.22981136799996,48.035109973000033],[-122.22903293499996,48.038716120000061],[-122.23020997299994,48.044056574000081],[-122.226532126,48.045585225000082],[-122.22249026299994,48.047186186000033],[-122.21695289799999,48.049880930000029],[-122.21392220999996,48.052872974000081],[-122.20715998899999,48.06085401100006],[-122.20633983299996,48.065263989000073],[-122.20941535899999,48.068633844000033],[-122.21172325599997,48.072952595000061],[-122.21279141999997,48.078048683000077],[-122.21156739099996,48.08333504400008],[-122.20560647299999,48.082396707000044],[-122.19929417999998,48.078873875000056],[-122.19851082299999,48.075313791000042],[-122.19920858799998,48.066150922000077],[-122.19935401999999,48.058424701000035],[-122.20216983199998,48.054945095000051],[-122.205537247,48.050028422000025],[-122.20212674899994,48.048583207000036],[-122.19675044099995,48.049819726000067],[-122.19546763799997,48.121666597000058]]],[[[-96.983966449999969,39.962281952000069],[-96.648661901999958,39.963880992000043],[-96.495479665999937,39.963904296000067],[-96.493822007999938,40.109326207000038],[-96.646784687999968,40.109536736000052],[-96.984998886999961,40.109127933000025],[-96.983467141999938,39.993192420000071],[-96.983966449999969,39.962281952000069]]],[[[-96.691374171999939,42.143936583000027],[-96.512042981999969,42.143475625000065],[-96.512287545999982,42.175760913000033],[-96.512502371999972,42.204093909000051],[-96.386415675999956,42.204348828000036],[-96.302099910999971,42.204446722000057],[-96.299706080999954,42.208637708000026],[-96.29651034799997,42.213428438000051],[-96.290890973999979,42.21583339700004],[-96.286078029999942,42.218834067000046],[-96.27885164099996,42.221840065000038],[-96.272412103999955,42.220658864000029],[-96.265972793999936,42.219477322000046],[-96.259536003999983,42.218893295000044],[-96.253103805999956,42.219504642000061],[-96.254732721999972,42.224881986000071],[-96.259570465999957,42.227861090000033],[-96.265213080999956,42.230838250000033],[-96.270056494999949,42.235012610000069],[-96.274093533999974,42.238590721000037],[-96.279742641999974,42.242762852000055],[-96.284590327999979,42.247534414000029],[-96.287829297999963,42.252309557000046],[-96.290261394999959,42.256488668000031],[-96.287864984999942,42.26067917000006],[-96.286275662999969,42.265465547000076],[-96.389104818999954,42.265401237000049],[-96.776386154999955,42.264383297000052],[-96.777612411999939,42.144064473000071],[-96.779068682999991,42.000597600000049],[-96.470513690999951,42.00045779800007],[-96.479634719999979,42.006931111000029],[-96.488935499999968,42.011148964000029],[-96.506763679999949,42.011076122000077],[-96.51748493599996,42.014222170000039],[-96.528957739999953,42.022150639000074],[-96.550385208999955,42.025778675000026],[-96.572631671999943,42.041631419000055],[-96.576244136999946,42.046932749000064],[-96.601339375999942,42.060639151000032],[-96.629393851999964,42.084429516000057],[-96.640931939999973,42.096601088000057],[-96.653167796999981,42.106640488000039],[-96.676221726999984,42.126723194000078],[-96.691374171999939,42.143936583000027]]],[[[-98.149305258999959,43.151481931000035],[-98.145678110999938,43.160432487000037],[-98.13486035699998,43.177247439000041],[-98.122225389999983,43.198678958000073],[-98.132117630999971,43.201663038000049],[-98.14284954499999,43.206351941000037],[-98.162284614999976,43.21346883800004],[-98.19281628799996,43.224114149000059],[-98.234111066999958,43.239719080000043],[-98.277980726999942,43.254445202000056],[-98.312930743999971,43.26789447200008],[-98.463500030999967,43.322873189000063],[-98.638996624999947,43.385015759000055],[-98.737989938999988,43.421863167000026],[-98.735170945999982,43.304416487000026],[-98.733377392999955,43.24709948800006],[-98.732346856999982,43.214119340000025],[-98.732072408999954,43.205330415000049],[-98.731931634999967,43.187552322000045],[-98.731293469999969,43.146677472000079],[-98.732057917999953,43.117597360000048],[-98.732440147999966,43.103047009000079],[-98.718218681999986,43.094297615000073],[-98.702200861999984,43.08653180400006],[-98.68608513099997,43.08034080200008],[-98.67409992499995,43.07817727500003],[-98.659895922999965,43.078361807000078],[-98.65154643599999,43.07932339000007],[-98.643015170999945,43.081226272000038],[-98.630321254999956,43.083408143000042],[-98.610715632999984,43.08229321400006],[-98.593567894999978,43.077300168000079],[-98.581321704999937,43.070864490000076],[-98.571840544999986,43.061693655000056],[-98.563748524999937,43.047904801000072],[-98.553716674999976,43.024213246000045],[-98.545978519999949,43.005826639000077],[-98.53645333299994,42.995123851000074],[-98.526410742999985,42.984430797000073],[-98.509078883999962,42.973693670000046],[-98.498363615999949,42.965688705000048],[-98.489300756999967,42.953060538000045],[-98.479911381999955,42.943459238000059],[-98.458865861999982,42.933840927000062],[-98.424430957999959,42.920753681000065],[-98.385618134999959,42.904873228000042],[-98.367530426999963,42.900918716000035],[-98.352943443999948,42.896608143000037],[-98.33786820499995,42.889436852000074],[-98.319598419999977,42.88002911600006],[-98.280181978999963,42.867855717000054],[-98.260863952999955,42.861613767000051],[-98.246388770999943,42.860156928000038],[-98.227267149999989,42.85964277100004],[-98.216965098999992,42.854665225000076],[-98.189803913999981,42.834784846000048],[-98.18288307399996,42.850075335000042],[-98.170806851999942,42.862334882000027],[-98.16332887599998,42.872217983000041],[-98.159709500999952,42.880885811000041],[-98.157203144999983,42.887813117000064],[-98.152523354999971,42.89994071700005],[-98.156328487999986,42.909052151000026],[-98.161258265999948,42.916709712000056],[-98.159502975999942,42.922763177000036],[-98.155555069999991,42.93344352500003],[-98.150677836999989,42.939551087000041],[-98.148352852999949,42.952210188000038],[-98.145682798999985,42.966308894000065],[-98.136145983999938,42.973356597000077],[-98.133752887999947,42.984008534000054],[-98.135934247999955,42.991140175000055],[-98.140022429999988,42.996804927000028],[-98.139535740999975,43.005989837000072],[-98.140563223999948,43.008571792000055],[-98.142936160999966,43.014533890000052],[-98.149686609999947,43.017857997000078],[-98.151507908999974,43.025855593000074],[-98.149248947999979,43.064892615000076],[-98.153796830999966,43.084598498000048],[-98.149305258999959,43.151481931000035]]],[[[-99.465412825999977,43.651550623000048],[-99.47419245399999,43.654364312000041],[-99.481581787999971,43.658744695000053],[-99.485834478999948,43.663517784000078],[-99.490006785999981,43.670738677000031],[-99.49427703899994,43.675816649000069],[-99.499963366999964,43.67978486800007],[-99.507000775999984,43.681422136000037],[-99.512799896999979,43.679578079000066],[-99.516122632999952,43.674746181000046],[-99.520462002999977,43.665299736000065],[-99.525777805999951,43.654449672000055],[-99.531583483999952,43.640986569000063],[-99.537312210999971,43.630175888000053],[-99.538655777999963,43.627639869000063],[-99.545634996999979,43.612613415000055],[-99.553508707999981,43.598630846000049],[-99.566998173999991,43.570651052000073],[-99.574536808999937,43.554535048000048],[-99.581364773999951,43.540884788000028],[-99.591844407999986,43.52101275900003],[-99.60281207099996,43.50250111400004],[-99.606927286999962,43.494908888000055],[-99.60191116499999,43.487169461000065],[-99.608125290999965,43.480777880000062],[-99.614140997999982,43.47678090800008],[-99.625386499999991,43.448499407000043],[-99.635915929999953,43.431227851000074],[-99.646570038999982,43.410366835000048],[-99.662852520999991,43.378824155000075],[-99.673569083999951,43.359390681000036],[-99.719995167999969,43.264563702000032],[-99.726168710999957,43.252188868000076],[-99.735473799999966,43.231592407000051],[-99.756907518999981,43.188636255000063],[-99.764195742999959,43.173116316000062],[-99.770719172999975,43.161443653000049],[-99.808438766999984,43.084505069000045],[-99.827744435999989,43.045846139000048],[-99.81524809299998,43.046231790000036],[-99.801661784999965,43.048084236000079],[-99.789945932999956,43.048443353000039],[-99.774081169999988,43.044624145000057],[-99.761700296999948,43.040123315000073],[-99.747239899999954,43.033388894000041],[-99.736943565999979,43.031117858000073],[-99.727707043999942,43.026805656000079],[-99.716615609999963,43.024269985000046],[-99.70044994999995,43.021885132000079],[-99.686237344999938,43.019440047000046],[-99.678129358999968,43.014229861000047],[-99.666805523999983,43.007392964000076],[-99.661973169999953,43.00243641600008],[-99.661900498999955,43.002361869000026],[-99.658105888999955,42.99846905000004],[-99.608011830999942,42.997357604000058],[-99.58959686299994,42.989285793000079],[-99.575524347999988,42.981946594000078],[-99.56180681099994,42.981194651000067],[-99.552948164999975,42.97628493600007],[-99.542170639999938,42.972003390000054],[-99.527001070999972,42.973297621000029],[-99.515115743999957,42.970193000000052],[-99.505182041999944,42.967031962000078],[-99.49747008099996,42.968971755000041],[-99.488662206999948,42.97237651100005],[-99.481984987999965,42.971703932000025],[-99.475188492999962,42.968739081000081],[-99.464220497999975,42.968186041000081],[-99.459356982999964,42.972338854000043],[-99.451598599999954,42.973416305000057],[-99.43429914099994,42.971315696000033],[-99.424199585999986,42.972456402000034],[-99.41036853899999,42.969395709000025],[-99.400757007999971,42.964783036000028],[-99.394584643999963,42.958640755000033],[-99.385712230999957,42.953145913000071],[-99.376451266999936,42.947661044000029],[-99.366252882999959,42.939045029000056],[-99.357471883999949,42.935267109000051],[-99.350091735999968,42.936041143000068],[-99.339692153999977,42.938904674000071],[-99.33330958199997,42.936207882000076],[-99.327650256999959,42.932343675000027],[-99.322600252999962,42.925019938000048],[-99.314617526999939,42.921504465000055],[-99.303311305999955,42.92180716200005],[-99.293295909999983,42.91662320000006],[-99.284146260999989,42.913136880000025],[-99.277308263999942,42.909014785000068],[-99.267854844999988,42.907256784000026],[-99.258365911999988,42.906359730000077],[-99.250333757999954,42.909727245000056],[-99.242189480999969,42.910801910000032],[-99.234254325999984,42.908140803000038],[-99.227712747999988,42.901999930000045],[-99.219361834999972,42.898774925000055],[-99.207572942999946,42.897073202000058],[-99.201864181999952,42.900090329000079],[-99.199813941999992,42.906168404000027],[-99.194548702999953,42.910321241000076],[-99.183620002999987,42.910316376000026],[-99.174654049999958,42.910547034000047],[-99.167034204999936,42.914472192000062],[-99.157867523999982,42.918723261000025],[-99.148134107999965,42.919258460000037],[-99.140551128999959,42.915721796000071],[-99.132915173999947,42.911038444000042],[-99.123384856999962,42.907550087000061],[-99.110977451999986,42.909297525000056],[-99.102737786999967,42.908357119000073],[-99.095574820999957,42.905380970000067],[-99.083398129999978,42.90367718400006],[-99.07135384999998,42.904837808000025],[-99.062269983999954,42.902481268000031],[-99.054680351999991,42.898652694000077],[-99.045260418999987,42.897450781000032],[-99.033216600999992,42.898607699000081],[-99.019912304999991,42.897786049000047],[-99.007571173999963,42.892349363000051],[-98.997686072999954,42.889433864000068],[-98.984607308999955,42.884873464000066],[-98.976193696999985,42.879912490000038],[-98.969614933999992,42.872324830000025],[-98.962711604999981,42.866179027000044],[-98.955147667999938,42.864466776000029],[-98.948648678999973,42.858597387000032],[-98.944852226999956,42.852089418000048],[-98.936910731999944,42.848835833000066],[-98.921557306999944,42.845470474000081],[-98.912022420999961,42.841392317000043],[-98.906358147999981,42.836648560000071],[-98.89791482399994,42.839716035000038],[-98.886793929999953,42.843993117000025],[-98.874268946999962,42.842850906000081],[-98.862461967999991,42.840256328000066],[-98.854403523999963,42.834131296000066],[-98.843037012999957,42.832672269000057],[-98.826657107999949,42.832474687000058],[-98.815644690999989,42.830144373000053],[-98.803308644999959,42.82411356700004],[-98.79032768899998,42.821251935000078],[-98.778209878999974,42.820377766000036],[-98.769112254999982,42.817139548000057],[-98.760381172999985,42.813318683000034],[-98.749067379999985,42.812997477000067],[-98.731913942999938,42.812804665000044],[-98.714748971999938,42.812322836000078],[-98.699726609999971,42.812477806000061],[-98.691447065999967,42.810076699000035],[-98.682401023999944,42.80797859200004],[-98.674408802999949,42.802988117000041],[-98.667276249999986,42.799986755000077],[-98.658988024999985,42.79729678700005],[-98.649978788999988,42.796056202000045],[-98.638910702999965,42.791990138000074],[-98.62429631699996,42.786851033000062],[-98.614065617999984,42.784199387000058],[-98.603858035999963,42.782120191000047],[-98.593195297999955,42.778328392000049],[-98.584556823999947,42.776501501000041],[-98.577886478999972,42.775206665000042],[-98.569325856999967,42.77538531700003],[-98.563187747999962,42.777808151000045],[-98.552280996999968,42.777747463000026],[-98.54632397499995,42.774714847000041],[-98.536887296999964,42.772327351000058],[-98.528986004999979,42.769333884000048],[-98.522684925999954,42.767454738000026],[-98.51601667999995,42.766156541000043],[-98.507435574999988,42.765757564000069],[-98.50236691899994,42.765573645000075],[-98.496994767999979,42.767690755000046],[-98.489213065999991,42.767848088000051],[-98.479475268999977,42.767757393000068],[-98.469086214999948,42.771121564000055],[-98.45671890899996,42.773663609000039],[-98.444624621999992,42.773043311000038],[-98.432509723999942,42.771848482000053],[-98.418050239999957,42.770411587000069],[-98.406387232999975,42.770926607000035],[-98.395440724999958,42.769705348000059],[-98.387105868999981,42.765276951000033],[-98.372269863999975,42.764128888000073],[-98.364488290999986,42.764278353000066],[-98.354291535999948,42.762178461000076],[-98.341201583999975,42.755255804000058],[-98.337852676999944,42.754795546000025],[-98.310288259999936,42.751003516000026],[-98.290333772999986,42.746116463000078],[-98.274846971999978,42.738992248000045],[-98.263657318999947,42.734177892000048],[-98.249276667999936,42.730855197000039],[-98.237489976999939,42.727483767000081],[-98.226281107999966,42.721949176000066],[-98.21437868199996,42.714991615000031],[-98.205227795999974,42.712765054000045],[-98.196077517999981,42.710537807000037],[-98.179652645999965,42.703896489000044],[-98.165837881999948,42.697685257000046],[-98.152734874999965,42.693372608000061],[-98.139972696999962,42.689530791000038],[-98.122120772999949,42.688644328000066],[-98.107583303999945,42.69008930900003],[-98.100478172999942,42.693761618000053],[-98.098972762999949,42.694539587000065],[-98.097260505999941,42.696732448000034],[-98.093675132999977,42.701323613000056],[-98.094350049999946,42.712548135000077],[-98.094150110999976,42.726895117000026],[-98.095104650999986,42.736680189000026],[-98.099889570999949,42.744487529000025],[-98.099812634999978,42.752377524000053],[-98.098792929999945,42.76123967500007],[-98.096266324999988,42.763434074000031],[-98.104726910999943,42.764246138000033],[-98.113911663999943,42.767435676000048],[-98.118579982999961,42.771419337000054],[-98.124432343999956,42.771796752000057],[-98.136892629999977,42.775884294000036],[-98.148187484999937,42.784054622000042],[-98.155592455999965,42.792291907000049],[-98.162991525999985,42.800289752000026],[-98.171968142999958,42.806825122000077],[-98.185426888999984,42.811368232000063],[-98.197335601999953,42.818088805000059],[-98.212024759999963,42.830256169000052],[-98.225508232999971,42.845072736000077],[-98.230441541999937,42.846895940000024],[-98.239731879999965,42.848831217000054],[-98.246984848999944,42.848125776000074],[-98.25520561999997,42.845298772000035],[-98.271430840999983,42.848634613000058],[-98.285904904999938,42.85391300100008],[-98.312801492999938,42.865076805000058],[-98.334869998999977,42.871736805000069],[-98.347828690999961,42.877992695000046],[-98.363094684999965,42.883247011000037],[-98.378841988999966,42.887342865000051],[-98.397067252999989,42.895213062000039],[-98.409728146999953,42.90012971200008],[-98.431093717999943,42.908316059000072],[-98.455359331999944,42.917397235000067],[-98.476251441999977,42.926541282000073],[-98.491314247999981,42.932739968000078],[-98.501980411999966,42.939599503000068],[-98.507934245999991,42.945674177000058],[-98.51419677399997,42.95300424800007],[-98.516320107999945,42.960991852000063],[-98.525959930999989,42.968061272000057],[-98.535074149999957,42.974949479000031],[-98.545586125999989,42.984293892000039],[-98.560367939999992,42.996225915000025],[-98.566007112999955,43.007389939000063],[-98.573830642999951,43.027838492000058],[-98.580164182999965,43.050076037000053],[-98.587493922999954,43.057570650000059],[-98.602924392999967,43.065468432000046],[-98.619265574999986,43.069903715000066],[-98.629532805999986,43.072362861000045],[-98.646929808999971,43.070462992000046],[-98.660126547999937,43.067886146000035],[-98.674716978999982,43.067572058000053],[-98.688677133999988,43.06628848400004],[-98.702096145999974,43.069246817000078],[-98.718402592999951,43.079023225000071],[-98.741749495999954,43.094951084000058],[-98.756701371999952,43.103222838000079],[-98.776224393999939,43.11464062400006],[-98.801981441999942,43.137576566000064],[-98.810813933999952,43.142729723000059],[-98.825525500999959,43.144880842000077],[-98.858626133999962,43.143549016000065],[-98.870176490999938,43.145002956000042],[-98.882725050999966,43.151403320000043],[-98.900110668999957,43.166865981000058],[-98.907381824999959,43.177557797000077],[-98.911736392999956,43.186326147000045],[-98.916731968999954,43.195385073000068],[-98.920980820999944,43.20644941200004],[-98.921625648999964,43.22111568400004],[-98.923936046999984,43.230848781000077],[-98.928545797999959,43.235786817000076],[-98.937638441999979,43.23801900400008],[-98.957515733999969,43.238159170000074],[-98.958079753999982,43.238203274000057],[-98.968010916999958,43.238979411000059],[-98.987564074999966,43.245851391000031],[-99.002077863999943,43.252230444000077],[-99.027335029999961,43.266553655000052],[-99.052432496999984,43.284443828000065],[-99.081520873999978,43.30681757800005],[-99.096694037999953,43.322344292000025],[-99.111137632999942,43.340028003000043],[-99.119244857999945,43.356492492000029],[-99.126145269999938,43.364141688000075],[-99.139883837999946,43.374188969000045],[-99.153853758999958,43.389007115000027],[-99.174434755999982,43.408313971000041],[-99.198287701999959,43.429403950000051],[-99.20926611699997,43.43650854100008],[-99.225742988999968,43.440442649000033],[-99.245458484999972,43.442595013000073],[-99.269260436999957,43.446695811000041],[-99.293213279999975,43.450424846000033],[-99.307232686999953,43.454897589000041],[-99.318516604999957,43.461136934000081],[-99.322304516999964,43.46909434500003],[-99.322753096999975,43.487429640000073],[-99.328445473999977,43.506656654000039],[-99.328267920999963,43.514093215000059],[-99.327938570999947,43.527882926000075],[-99.341756654999983,43.53703069900007],[-99.363237995999953,43.551359754000032],[-99.376505276999978,43.564187483000069],[-99.38173723899996,43.575696325000081],[-99.383218500999988,43.588191770000037],[-99.381417544999977,43.602304480000043],[-99.378073841999992,43.610955399000034],[-99.376363373999936,43.61864481200007],[-99.379633386999956,43.624976691000029],[-99.389280912999936,43.636638719000075],[-99.394649053999956,43.646887511000045],[-99.399169422999989,43.652909600000044],[-99.40366540399998,43.658443018000071],[-99.412130386999991,43.659282425000072],[-99.420437237999977,43.657068465000066],[-99.430968701999973,43.653111502000058],[-99.438675329999967,43.651524168000037],[-99.454643799999985,43.650931330000049],[-99.465412825999977,43.651550623000048]]],[[[-108.77640703499998,33.061865772000033],[-108.77267315699999,32.840417753000054],[-108.51027165699998,32.84253245900004],[-108.51504682299998,33.064501911000036],[-108.77640703499998,33.061865772000033]]],[[[-96.344916836999971,38.526687973000037],[-96.341839737999976,38.642796477000047],[-96.620699121999962,38.644509308000067],[-96.621686838999949,38.527606191000075],[-96.344916836999971,38.526687973000037]]],[[[-95.70911444099994,39.351448381000068],[-95.706618832999936,39.419167369000036],[-95.837027314999943,39.42140534400005],[-95.895735037999941,39.421600312000066],[-95.898776805999944,39.268887882000058],[-95.840885768999954,39.268820036000079],[-95.710957693999944,39.268563393000079],[-95.70911444099994,39.351448381000068]]],[[[-111.58342299399999,33.096180371000059],[-111.58370491999995,33.09768973100006],[-111.58859393499995,33.123855282000079],[-111.59102673399997,33.136869047000062],[-111.61611822599997,33.143380151000031],[-111.66458277999999,33.158455261000029],[-111.73167061699996,33.17985935400003],[-111.74191164899997,33.204154450000033],[-111.75488312399995,33.206243094000058],[-111.81259259499996,33.221719145000066],[-111.86087394499998,33.237475157000063],[-111.94835257499994,33.262343657000031],[-111.94099518599995,33.224052524000058],[-111.93942868599999,33.219224307000047],[-111.93895217699998,33.217755511000064],[-111.92833639799994,33.185018934000027],[-111.92756117299996,33.180311576000065],[-111.92250514899996,33.178883227000028],[-111.90368858499994,33.173685507000073],[-111.87617119699996,33.166142039000079],[-111.84380377799994,33.156040021000024],[-111.81299677199996,33.14715269900006],[-111.78690212999999,33.140105951000066],[-111.74502451099994,33.127748163000035],[-111.72342566099996,33.121479416000057],[-111.71904088499997,33.108680513000024],[-111.70805524499997,33.107751995000058],[-111.68998196199999,33.103866418000052],[-111.66354879799997,33.095027422000044],[-111.62206197499995,33.08220886600003],[-111.57827736199994,33.068621978000067],[-111.58342299399999,33.096180371000059]]],[[[-98.243547079999985,41.469463975000053],[-98.240622394999946,41.255662020000045],[-98.063087760999963,41.25576219900006],[-98.062717297999939,41.270517841000071],[-97.994293391999975,41.270441290000065],[-97.993836560999966,41.282739584000069],[-97.855352854999978,41.283108696000056],[-97.855070550999983,41.302777302000038],[-97.676616079999974,41.302934607000054],[-97.67520553199995,41.511857948000056],[-97.865677952999988,41.512754621000056],[-97.865342476999956,41.500471942000047],[-98.001780050999969,41.498903547000054],[-98.00133023099994,41.483550469000079],[-98.07891346599996,41.482240482000066],[-98.079337635999991,41.469329907000031],[-98.243547079999985,41.469463975000053]]],[[[-99.257090279999943,44.34736784100005],[-99.257511296999951,44.377949719000071],[-100.10989579699998,44.382548971000062],[-100.11437294799998,44.364936778000072],[-100.11645715499998,44.353701413000067],[-100.11360115999997,44.333749298000043],[-100.08542290599996,44.326254456000072],[-100.05945145799996,44.312772414000051],[-100.04484539199996,44.303748260000077],[-100.03830166499995,44.299703904000069],[-100.00896274899998,44.28946909900003],[-99.985189151999975,44.285352424000052],[-99.95988779999999,44.284535060000053],[-99.949240368999938,44.284189574000038],[-99.928620964999936,44.279391101000044],[-99.922638470999971,44.272704108000028],[-99.922019984999963,44.262413984000034],[-99.927315519999979,44.251080853000076],[-99.93993968999996,44.235795813000038],[-99.944189878999964,44.228773783000065],[-99.947183016999986,44.223827571000072],[-99.946930938999969,44.219656640000039],[-99.946920931999955,44.219491043000062],[-99.946457499999951,44.211821486000076],[-99.932536055999947,44.18561999800005],[-99.921980361999942,44.167140416000052],[-99.898732110999958,44.150962007000032],[-99.880802081999946,44.143781419000049],[-99.869878793999987,44.140679930000033],[-99.84512829199997,44.139145563000056],[-99.837020866999978,44.141772269000057],[-99.81975562599996,44.147363515000052],[-99.804589310999972,44.153171094000072],[-99.801077954999982,44.154515268000068],[-99.783273366999993,44.156196126000054],[-99.769587417999958,44.153143927000031],[-99.75949673599996,44.150892389000035],[-99.735163572999966,44.142736632000037],[-99.717530039999986,44.140393532000076],[-99.710962223999957,44.137139425000044],[-99.69697408199994,44.130206542000053],[-99.689707368999962,44.126603747000047],[-99.672456412999964,44.116796536000038],[-99.658119276999969,44.116354117000071],[-99.650609788999986,44.120210421000081],[-99.648070363999977,44.121514267000066],[-99.645836660999976,44.123106374000031],[-99.639274449999959,44.127782987000046],[-99.637541541999951,44.131934922000028],[-99.635765386999992,44.136189869000077],[-99.635194015999957,44.147375821000026],[-99.64022715699997,44.153457539000044],[-99.643296624999948,44.157165797000062],[-99.653008690999968,44.16317491600006],[-99.658797948999961,44.166755978000026],[-99.661428373999968,44.168382855000061],[-99.67020366099996,44.175860342000078],[-99.677407753999944,44.183669346000045],[-99.689301293999961,44.189909019000027],[-99.69881272799995,44.196217384000079],[-99.710629406999942,44.201025407000031],[-99.716007285999979,44.20459012300006],[-99.719893566999986,44.209916796000073],[-99.722304488999953,44.217291404000036],[-99.718898975999991,44.227414558000078],[-99.707677402999991,44.233185308000031],[-99.693928937999942,44.238641477000044],[-99.685862300999986,44.241841630000067],[-99.667649335999954,44.243803401000037],[-99.646284100999992,44.239267543000039],[-99.632974431999969,44.234624500000052],[-99.623538532999987,44.231331539000053],[-99.602038526999991,44.224215023000056],[-99.587526252999965,44.213746699000069],[-99.582866088999992,44.207977823000078],[-99.579838112999937,44.20422878100004],[-99.576001127999973,44.192310361000068],[-99.575774911999986,44.155300847000035],[-99.575750876999962,44.151365939000073],[-99.575376416999973,44.141325109000036],[-99.574897512999939,44.128478896000047],[-99.573447474999966,44.116491237000048],[-99.569495630999938,44.102652874000057],[-99.559105292999959,44.09187217200008],[-99.544232520999969,44.08490017500003],[-99.519153517999939,44.073136214000044],[-99.495301390999941,44.06788096400004],[-99.472502235999968,44.057436710000047],[-99.470170001999975,44.056390630000067],[-99.442607235999958,44.044021920000034],[-99.445320082999956,44.061213468000062],[-99.452014377999944,44.07419802000004],[-99.458287000999974,44.083526679000045],[-99.461429812999938,44.087528404000068],[-99.469693194999991,44.09804728000006],[-99.477525569999955,44.106165080000039],[-99.483032142999946,44.114013268000065],[-99.281366422999952,44.115195246000042],[-99.246962734999954,44.115364691000025],[-99.246952330999989,44.123174193000068],[-99.252856648999966,44.235446885000044],[-99.257090279999943,44.34736784100005]]]]},"properties":{"OBJECTID":9,"type":"reservation","date_open":"","COUNT":124,"SHAPE_Length":134.48218129128216,"SHAPE_Area":35.679199303370375}}]}