{"type":"FeatureCollection","features":[{"type":"Feature","id":1,"geometry":{"type":"Polygon","coordinates":[[[-120.87583995999995,46.533590910000044],[-120.89150720499998,46.523235185000033],[-120.89941520599996,46.519871459000058],[-120.91066154199996,46.514944136000054],[-120.92190611299998,46.510015789000079],[-120.93506805099997,46.506543429000033],[-120.94438995199999,46.500156028000049],[-120.95528336899997,46.494376816000056],[-120.96652074999997,46.489444398000046],[-120.97810246499995,46.485358716000064],[-120.98968267199996,46.481271972000059],[-121.00126137299998,46.477184166000029],[-121.01283856399999,46.473095297000043],[-121.02372098399997,46.46731002000007],[-121.03529489099998,46.463219071000026],[-121.04652040499997,46.458279427000036],[-121.05705016199994,46.45164352300003],[-121.06827189599994,46.446701875000031],[-121.07949186599996,46.441759207000075],[-121.08844213499998,46.434512948000076],[-121.09424415399997,46.426051203000043],[-121.09148595799996,46.412856881000039],[-121.09113872499995,46.412009264000062],[-121.08731978899999,46.402685299000041],[-121.08629926099997,46.393728433000035],[-121.09524191099996,46.386480823000056],[-121.10261052399994,46.378625119000048],[-121.11346833299996,46.37283102400005],[-121.12083307199998,46.364974025000038],[-121.12662431899997,46.356509359000029],[-121.13555703199995,46.349258322000026],[-121.14675433699995,46.344308690000048],[-121.15603068699994,46.337903668000081],[-121.16530514999999,46.331497886000079],[-121.17108733799995,46.323030544000062],[-121.17529690999999,46.313956186000041],[-121.17426530799997,46.304998002000048],[-121.17166343499997,46.29543295600007],[-121.16783964599995,46.286108596000076],[-121.16401698799996,46.276783907000038],[-121.15809801899997,46.268788415000074],[-121.14973597299996,46.261274135000065],[-121.13927853399997,46.255088451000063],[-121.12794782899999,46.249990319000062],[-121.11539684499996,46.245131644000026],[-121.10197214599998,46.241360038000039],[-121.09064692799996,46.23625850600007],[-121.08351915399999,46.228499112000065],[-121.07517133599998,46.220979322000062],[-121.06594961299999,46.21454702300008],[-121.05463211999995,46.209442035000052],[-121.04751180699998,46.201680167000063],[-121.03410041599994,46.197901198000068],[-121.02138081299995,46.195817349000038],[-121.00847526899997,46.19651667200003],[-120.99556943699997,46.19721472100008],[-120.98250667499997,46.194278757000063],[-120.96925661899996,46.194125847000066],[-120.95635084599996,46.194820033000042],[-120.94363443699996,46.192728610000074],[-120.93233076099995,46.187612778000073],[-120.92400637699996,46.180082600000048],[-120.91568397699996,46.172551751000071],[-120.90648559199997,46.166107458000056],[-120.90060963799999,46.158098173000042],[-120.89683421199999,46.148762773000044],[-120.89584481699995,46.139798771000073],[-120.89485570199997,46.130834564000054],[-120.89508743699997,46.121631647000072],[-120.89409871599997,46.112667036000062],[-120.89154718799995,46.103091927000037],[-120.887776385,46.093755010000052],[-120.88400669599997,46.084417771000062],[-120.87814117999994,46.076405880000038],[-120.86686359899994,46.071282934000067],[-120.85646530599996,46.06507180400007],[-120.85060507099996,46.057058301000041],[-120.84230759799999,46.049520523000069],[-120.83732804199997,46.040418998000064],[-120.84034763899996,46.03158716400003],[-120.83780751299997,46.022009124000078],[-120.83404946599995,46.012668825000048],[-120.83029252899996,46.003328207000038],[-120.82653669899997,45.993987272000027],[-120.81386492199999,45.991882212000064],[-120.80270399099999,45.996807674000081],[-120.79188228699996,46.002581388000067],[-120.77881731699995,46.00604376900003],[-120.76541026399997,46.008655495000028],[-120.75185915999998,46.007631170000082],[-120.73918713999996,46.005518920000043],[-120.72597722899997,46.005341295000051],[-120.71140777099998,46.001764451000042],[-120.70015699199996,45.99662618900004],[-120.68714937799996,45.99365930600004],[-120.67414298299997,45.990691105000053],[-120.66201751599999,45.986635543000034],[-120.64915073399999,45.987299760000042],[-120.63628368099995,45.987962706000076],[-120.62253596299996,45.989710158000037],[-120.60966814399995,45.990370473000041],[-120.59591916899996,45.992115108000064],[-120.58271247199997,45.991922964000025],[-120.56883001499995,45.990029746000062],[-120.55528610799996,45.988984951000077],[-120.54228686699997,45.986003565000033],[-120.53017075299999,45.981935699000076],[-120.51662921399998,45.980886867000038],[-120.50308812499998,45.979836625000075],[-120.48988427599994,45.979635073000054],[-120.47634389899997,45.978582050000057],[-120.46314039899994,45.978377786000067],[-120.45161835899995,45.982423159000064],[-120.44577120499997,45.990865578000069],[-120.44147864199999,45.999923409000075],[-120.43874121299996,46.009596768000051],[-120.43133331799999,46.017422134000071],[-120.42013822399997,46.022314506000043],[-120.40671303599999,46.024889236000035],[-120.39383585399997,46.025528193000071],[-120.38062283399995,46.025315595000052],[-120.34021791799995,46.029388452000035],[-120.33899705999994,46.02962182400006],[-120.32812759399997,46.035356524000065],[-120.31658656699994,46.039389406000055],[-120.30760406199994,46.046589912000059],[-120.29672883699999,46.05232176100003],[-120.28585164099997,46.058052624000027],[-120.27241342099995,46.060613308000029],[-120.26119841199994,46.065491524000038],[-120.25376202199999,46.073305736000066],[-120.24031926299995,46.075863023000068],[-120.22687541699997,46.07841890900005],[-120.21476503399998,46.084375766000051],[-120.20320784099999,46.088398139000049],[-120.19231596899999,46.09412070500008],[-120.18108884199995,46.098991640000065],[-120.17019314099997,46.104712213000028],[-120.15896242899998,46.109581122000066],[-120.14584100099995,46.112979127000074],[-120.13294329099995,46.113592198000049],[-120.11971279799997,46.113353227000061],[-120.10658847799999,46.116747258000032],[-120.09535072899996,46.121610555000075],[-120.08444337199995,46.127323659000069],[-120.07542194399997,46.134506625000029],[-120.06673042999995,46.142539687000067],[-120.05581687099999,46.148250110000049],[-120.04645743499998,46.154579863000038],[-120.04054025399995,46.16300050600006],[-120.03306509899994,46.170800270000029],[-120.02370003799996,46.177128043000039],[-120.01433310099998,46.183455048000042],[-120.00685228499998,46.191252920000068],[-120.00092638099994,46.199671010000031],[-119.99778141499996,46.208479424000075],[-119.99062691599994,46.21712675100008],[-119.99540246599997,46.256403480000074],[-120.01312170799997,46.256486012000039],[-120.02665310499998,46.261631419000025],[-120.03718387899994,46.267032034000067],[-120.04485762699994,46.259441336000066],[-120.04138968499996,46.250562082000044],[-120.03792271999998,46.241682539000067],[-120.05083185699999,46.239563133000047],[-120.06452366999997,46.239447393000034],[-120.07723634499996,46.241359523000028],[-120.08348659699999,46.24940755800003],[-120.07885618299997,46.257966441000065],[-120.07234865899994,46.266262966000056],[-120.06407536999996,46.274583266000036],[-120.06225491899994,46.283534192000047],[-120.06313679799996,46.292591746000028],[-120.07010461599998,46.300197701000059],[-120.08294789499996,46.299012237000056],[-120.08247616999995,46.289877244000081],[-120.08200458099998,46.280742040000064],[-120.08979951099997,46.288191736000044],[-120.09522978099994,46.296393748000071],[-120.10160001699995,46.304726161000076],[-120.10857382099999,46.312329839000029],[-120.11637580499996,46.31977736500005],[-120.12335306199998,46.327379970000038],[-120.13341375599998,46.333786546000056],[-120.14516916999997,46.337720860000047],[-120.15662525399995,46.342018292000034],[-120.16135467299995,46.350658595000027],[-120.16875422099997,46.358180240000081],[-120.17608007699999,46.366638024000054],[-120.18194189099995,46.374756827000056],[-120.19148980499995,46.380949978000046],[-120.20002447999997,46.387948945000062],[-120.20814743099999,46.395025329000077],[-120.21740026999998,46.401580550000062],[-120.22947429399994,46.405142345000058],[-120.24215093599997,46.407974310000043],[-120.25471561199998,46.410518897000031],[-120.26397558699995,46.41707057900004],[-120.27323749299995,46.423621500000081],[-120.28381655299995,46.429000079000048],[-120.29082618099994,46.436591664000048],[-120.29433961799998,46.445460120000064],[-120.29868185599997,46.454171552000048],[-120.30825334399998,46.460354958000039],[-120.32139192699998,46.460941339000044],[-120.33453075299997,46.461526406000075],[-120.34729652999999,46.463411261000033],[-120.35938979599996,46.466960552000046],[-120.36896920899994,46.473139335000042],[-120.37599405899999,46.480725519000032],[-120.38189236299996,46.488833017000047],[-120.38820626299997,46.496861444000047],[-120.39327942099999,46.505125369000041],[-120.39918225299999,46.513231584000039],[-120.40948702799994,46.518963409000037],[-120.42248264599999,46.518031294000025],[-120.43612028199999,46.517590908000045],[-120.45092856899998,46.517849105000039],[-120.46198139199998,46.520974360000025],[-120.46243841399996,46.522117854000044],[-120.47275042599995,46.527844593000054],[-120.48103658199994,46.535187395000037],[-120.48582521699996,46.543811695000045],[-120.48594326099999,46.553018180000038],[-120.49806164399996,46.556553901000029],[-120.51175099299996,46.557327963000034],[-120.52463843099997,46.55610005300008],[-120.53775468599997,46.55544244500004],[-120.55064122699997,46.554211985000052],[-120.56368691599999,46.554488248000041],[-120.57666301499995,46.555699688000061],[-120.58982402799995,46.556259110000042],[-120.60277902599995,46.55408707600003],[-120.61451394099998,46.549993069000038],[-120.62723667899996,46.547247151000079],[-120.64023488399999,46.546293613000046],[-120.65399226799997,46.546116392000044],[-120.66735697799999,46.543858483000065],[-120.68051630599996,46.544408860000033],[-120.69115056499999,46.54975293900003],[-120.70351068299999,46.553841080000041],[-120.71653719299997,46.556260912000027],[-120.72988251199996,46.556155429000057],[-120.74294821299998,46.554255228000045],[-120.75556232799994,46.556750941000075],[-120.76590675999995,46.562454181000078],[-120.77827425399994,46.566535171000055],[-120.79076149299999,46.563202448000027],[-120.80271756199994,46.559662896000077],[-120.81559971299998,46.558406536000064],[-120.82755346399995,46.55486468600003],[-120.83915778199997,46.550465153000061],[-120.85213830899994,46.551649464000036],[-120.86219295099994,46.557710807000035],[-120.86620850899999,46.548925725000061],[-120.86886554999995,46.540095250000036],[-120.87583995999995,46.533590910000044]]]},"properties":{"OBJECTID":1,"type":"reservation","date_open":"1904-12-12","COUNT":1,"SHAPE_Length":3.0548280008174697,"SHAPE_Area":0.44605214606615928}},{"type":"Feature","id":2,"geometry":{"type":"Polygon","coordinates":[[[-111.95505947499998,43.112703941000063],[-111.95999291699997,43.113954411000066],[-111.96771218699996,43.116024849000041],[-111.98398010799997,43.122884853000073],[-112.00653751999994,43.143864897000071],[-112.01735701299998,43.151062640000077],[-112.02593642799997,43.16629940100006],[-112.03331531499998,43.18279915200003],[-112.04714383299995,43.200916205000055],[-112.06425023999998,43.215898564000042],[-112.07788061199994,43.220757728000081],[-112.09480819599997,43.227397757000062],[-112.10419636199998,43.227275470000052],[-112.13389810599995,43.227686555000048],[-112.16050281199995,43.223700786000052],[-112.18395688899994,43.217171576000055],[-112.20408529399998,43.206032291000042],[-112.21498380499997,43.196352956000055],[-112.23139441099994,43.189265613000032],[-112.23655457299998,43.182924790000072],[-112.25050978799999,43.171360462000052],[-112.27329564399997,43.155424899000025],[-112.30028499199994,43.139540489000069],[-112.31789858899998,43.135354595000081],[-112.33120585299997,43.138876135000032],[-112.34427792099996,43.144150527000079],[-112.36878326999994,43.146053953000035],[-112.38862921499998,43.144759762000035],[-112.41050784699996,43.136113818000069],[-112.42543658499994,43.131285954000077],[-112.44486409899997,43.120929742000044],[-112.45911593199997,43.112741137000057],[-112.47629794099998,43.108218929000031],[-112.48568681099999,43.102772108000067],[-112.49082348399997,43.093095206000044],[-112.50532242499997,43.081911597000044],[-112.51060554499998,43.073505928000031],[-112.52020528299994,43.066918761000068],[-112.53003832399997,43.059929714000077],[-112.54343774999995,43.051103784000077],[-112.56037990599998,43.043028295000056],[-112.56494605799998,43.035146369000074],[-112.58335488999995,43.02625260700006],[-112.59988697799997,43.021919704000027],[-112.61832756099994,43.01917250300005],[-112.64024631499996,43.015580283000077],[-112.65459007599998,43.008580762000065],[-112.65665795499996,42.99949360100004],[-112.65961045399996,42.987268337000046],[-112.66438866999999,42.97762683600007],[-112.67965086899994,42.967664568000032],[-112.69781490199995,42.957919473000061],[-112.70457198499997,42.947512087000064],[-112.71457932699997,42.930746765000038],[-112.73223428799997,42.91375406700007],[-112.73617288399998,42.887978306000036],[-112.73440056199996,42.793546302000038],[-112.73256484999996,42.692304602000036],[-112.73117766299998,42.587584548000052],[-112.73157739899995,42.526497400000039],[-112.70759920299997,42.523962100000062],[-112.67622930399995,42.51684517800004],[-112.63225204399998,42.506585843000039],[-112.58297548299998,42.497400910000067],[-112.55177334599995,42.48950330100007],[-112.50786542899999,42.480653075000077],[-112.47318579299997,42.473210378000033],[-112.44550572999998,42.467484287000048],[-112.41361278299996,42.460621052000079],[-112.38802239199998,42.455329769000059],[-112.37135838399996,42.450288058000069],[-112.34802657299997,42.432777545000079],[-112.32907793899994,42.407675514000061],[-112.31783137199994,42.388533943000027],[-112.31426299499998,42.368601725000076],[-112.27326371099997,42.330859356000076],[-112.23119984799996,42.336987221000072],[-112.20777105499997,42.333562906000054],[-112.17822208299998,42.34674341200008],[-112.15630199399999,42.329260232000081],[-112.07702887699998,42.331501415000048],[-112.02401182299997,42.366345592000073],[-112.00759529399994,42.364316990000077],[-111.96884304899999,42.373155817000054],[-111.95020916499999,42.404422928000031],[-111.91049228899999,42.470819897000069],[-111.94125081099997,42.505051925000032],[-111.94419238599994,42.684503987000028],[-111.94947127999995,42.850991960000044],[-111.95505947499998,43.112703941000063]]]},"properties":{"OBJECTID":2,"type":"reservation","date_open":"0","COUNT":1,"SHAPE_Length":2.9533937370403489,"SHAPE_Area":0.55229133308805245}},{"type":"Feature","id":3,"geometry":{"type":"Polygon","coordinates":[[[-106.98345967399996,36.999114527000074],[-106.98346651699995,36.99973998400003],[-106.98349017599998,37.001902297000072],[-106.98446644299997,37.091019861000063],[-106.98504402699996,37.143643123000061],[-106.98591938699997,37.209010389000071],[-107.15195848399998,37.209408451000058],[-107.22712060199996,37.20945223800004],[-107.40077308199994,37.211628000000076],[-107.61812818699997,37.212919467000063],[-107.63718728099997,37.212919400000033],[-107.73081430699995,37.212872639000068],[-107.84986350099996,37.213013336000074],[-108.00811709499999,37.214185718000067],[-108.19859614499995,37.213692927000068],[-108.39458944199998,37.215080534000037],[-108.53930078599996,37.215306913000063],[-108.62371641999994,37.21581748400007],[-108.67467269599996,37.216007055000034],[-108.85798246199994,37.21675811800003],[-109.04473382199996,37.217219162000049],[-109.04474754299997,37.198595178000062],[-109.04477140299997,37.166190976000053],[-109.04485258699998,37.05571734800003],[-109.04486728699999,37.035677492000048],[-109.04488985299997,37.004894295000042],[-109.04489443799997,36.998636299000054],[-108.72592867299994,36.998747868000066],[-108.54474693999998,36.999455406000038],[-108.52161625199994,36.999524877000056],[-108.19038282899999,37.000001713000074],[-107.65210380999997,36.998711086000071],[-107.39213559199999,36.998073182000041],[-107.17440796399995,36.997079904000032],[-107.08516194999999,36.996551845000056],[-106.98342411399994,36.995864114000028],[-106.98345967399996,36.999114527000074]]]},"properties":{"OBJECTID":3,"type":"reservation","date_open":"1895-02-20","COUNT":1,"SHAPE_Length":4.552071150876956,"SHAPE_Area":0.4425363301561186}},{"type":"Feature","id":4,"geometry":{"type":"Polygon","coordinates":[[[-98.521731110999951,47.788219291000075],[-98.55531609999997,47.833802450000064],[-98.587773551999987,47.879373548000046],[-98.631887138999957,47.939875640000025],[-98.629873763999967,47.92625484000007],[-98.63006028999996,47.914028638000048],[-98.632600210999954,47.906789212000035],[-98.638838074999967,47.906787365000071],[-98.646220485999947,47.912634666000031],[-98.651477381999939,47.918762865000076],[-98.657678086999965,47.926070491000075],[-98.658399226999961,47.934444166000048],[-98.662327814999969,47.942754507000075],[-98.671697971999947,47.944966122000039],[-98.673930609999957,47.947078772000054],[-98.681939391999947,47.950754424000081],[-98.688181386999986,47.951488591000043],[-98.69788734399998,47.949138534000042],[-98.707390174999944,47.950266644000067],[-98.708961708999936,47.957544176000056],[-98.711909011999978,47.967669525000076],[-98.716924335999977,47.972121826000034],[-98.74479183699998,47.97683109500008],[-98.758843410999987,47.97978024400004],[-98.768400030999942,47.978027481000026],[-98.773125128999936,47.972059809000029],[-98.787579222999966,47.960380005000047],[-98.807441520999987,47.946189424000067],[-98.815490236999949,47.938952206000067],[-98.821157045999939,47.941949635000071],[-98.821883799999966,47.946023848000038],[-98.821734331999949,47.952532670000039],[-98.814940600999989,47.956607864000034],[-98.80376757199997,47.96833786500008],[-98.794404919999977,47.980331611000054],[-98.792091102999962,47.988850910000053],[-98.802843234999955,47.997251262000077],[-98.819991679999987,48.017165011000031],[-98.843523108999989,48.033462851000081],[-98.858928273999936,48.034953649000045],[-98.870643869999981,48.034705858000052],[-98.890448538999976,48.033830894000062],[-98.897269929999936,48.025517018000073],[-98.894940459999987,48.015878264000037],[-98.884597676999988,48.002182109000046],[-98.87826815699998,47.997022228000048],[-98.877779087999954,47.991435368000054],[-98.881095692999963,47.985313592000068],[-98.891901207999979,47.985083093000071],[-98.898230643999966,47.990242527000078],[-98.901567239999963,47.998793900000067],[-98.915156490999948,48.000165945000049],[-98.922296653999979,47.998650483000063],[-98.929371038999989,48.000464165000039],[-98.930547735999937,48.006187176000026],[-98.937906698999939,48.009204424000075],[-98.94275165199997,48.006830079000054],[-98.947413574999985,48.000677593000034],[-98.954915429999971,47.997337165000033],[-98.970480436999992,47.997601571000075],[-98.976869699999952,47.994586840000068],[-98.981737082999985,47.978897189000065],[-98.989170616999957,47.969655599000077],[-99.00536494499994,47.973684323000043],[-99.009884519999957,47.987653888000068],[-99.014232275999973,48.007223924000073],[-99.018066431999955,48.01636637200005],[-99.029079766999985,48.024742995000054],[-99.04999755099999,48.023668382000039],[-99.071212769999988,48.019558266000047],[-99.088702383999987,48.008722138000053],[-99.099705680999989,48.007865501000026],[-99.116469412999948,48.009447290000026],[-99.127511911999989,48.000569320000068],[-99.145429441999966,47.993951189000029],[-99.156873459999986,47.997315726000068],[-99.163032754999961,48.003072240000051],[-99.166755495999951,48.009641848000058],[-99.168863313999964,48.015492631000029],[-99.174357775999965,48.021415212000079],[-99.185310681999965,48.023881047000032],[-99.195438204999959,48.023491150000041],[-99.202502634999973,48.020601171000067],[-99.213932990999979,48.01927134400006],[-99.21767816299996,48.026141406000079],[-99.220674875999975,48.035903310000037],[-99.217499520999979,48.048383226000055],[-99.213802477999991,48.055278082000029],[-99.20818768099997,48.064335770000071],[-99.21446435699994,48.067817325000078],[-99.220028934999959,48.062088488000029],[-99.225608468999951,48.056661475000055],[-99.232457180999972,48.058162201000073],[-99.242026643999964,48.059900044000074],[-99.242034395999951,48.068521950000047],[-99.236914097999943,48.074089740000034],[-99.242992139999956,48.078028448000055],[-99.252359780999939,48.071396184000037],[-99.251242715999979,48.063460889000055],[-99.261682687999951,48.064571399000044],[-99.26424812099998,48.057702588000041],[-99.271245298999986,48.062155091000079],[-99.281478360999984,48.063609430000042],[-99.275340885999981,48.043903511000053],[-99.244675233999942,47.93736080900004],[-99.224513587999979,47.875416486000063],[-99.212078701999985,47.846150770000065],[-99.194348475999959,47.84302404400006],[-99.160165731999939,47.840990869000052],[-99.146312852999984,47.844862164000062],[-99.137698453999974,47.854995666000036],[-99.125401908999947,47.861902718000067],[-99.112099832999945,47.862919515000044],[-99.096416011999963,47.858550459000071],[-99.082209735999982,47.855564777000041],[-99.065071232999969,47.857137504000036],[-99.053718084999957,47.860232652000036],[-99.035478449999971,47.867974894000042],[-99.018077517999984,47.871439174000045],[-99.003100333999953,47.867043697000042],[-98.992129473999967,47.858301206000078],[-98.980661100999953,47.846494335000045],[-98.962652687999991,47.830100023000057],[-98.950721612999985,47.82303005600005],[-98.93430088599996,47.810144021000042],[-98.91925589899995,47.796516301000054],[-98.906637996999962,47.782124586000066],[-98.893124117999946,47.763492757000051],[-98.881442203999939,47.753808352000078],[-98.868749779999973,47.752423434000036],[-98.856518512999969,47.75339298800003],[-98.847605415999965,47.757839431000036],[-98.837858583999946,47.767033434000041],[-98.824844879999944,47.773929678000059],[-98.809540464999941,47.776851370000031],[-98.793139753999981,47.77884791300005],[-98.78898057899994,47.787685151000062],[-98.793851321999966,47.794443115000036],[-98.789858803999948,47.799255928000036],[-98.778329046999943,47.800440017000028],[-98.76485321399997,47.797405974000071],[-98.749040805999982,47.79701979500004],[-98.73372700799996,47.799932676000026],[-98.711517877999938,47.797779638000065],[-98.67423116599997,47.79592286500008],[-98.64234318299998,47.801990929000056],[-98.627531813999951,47.80038842700003],[-98.614083665999942,47.797811914000079],[-98.594725224999991,47.788253076000046],[-98.567798515999982,47.782146715000067],[-98.536924737999982,47.782258322000075],[-98.521731110999951,47.788219291000075]]]},"properties":{"OBJECTID":4,"type":"reservation","date_open":"1904-04-27","COUNT":1,"SHAPE_Length":2.2997299715071531,"SHAPE_Area":0.11840022595022573}},{"type":"Feature","id":5,"geometry":{"type":"Polygon","coordinates":[[[-114.81278732399994,47.85082548500003],[-114.79885654399999,47.837216715000068],[-114.78209792099995,47.820262642000046],[-114.76313026099996,47.812313294000035],[-114.75058913699996,47.811184027000081],[-114.73761741299995,47.808665316000031],[-114.72541527399994,47.801690134000069],[-114.72257506199998,47.794845038000062],[-114.73158455899994,47.789228726000033],[-114.73878817699995,47.782416960000035],[-114.73808771999995,47.770922459000076],[-114.73959027399997,47.759599944000058],[-114.75599863999997,47.752453348000074],[-114.77080875599995,47.749395006000043],[-114.77493821899998,47.739631674000066],[-114.77225166999995,47.724067348000062],[-114.76660118399997,47.712787011000046],[-114.76511309099999,47.694153044000075],[-114.76228745699996,47.678123484000025],[-114.75487401599997,47.668057830000066],[-114.74186921399996,47.660715160000052],[-114.73237447699995,47.648526571000048],[-114.72581723799999,47.629640204000054],[-114.72948519199997,47.61607368600005],[-114.72716372699995,47.606252973000039],[-114.72090920599999,47.599887792000061],[-114.71782335499995,47.594524453000076],[-114.72602666999995,47.581765276000056],[-114.72558607299999,47.56877770300008],[-114.71428123099997,47.552976320000027],[-114.70546250599995,47.538272654000082],[-114.71060967099999,47.522560098000042],[-114.72576119599995,47.48609196700005],[-114.72006946799996,47.458373650000055],[-114.70044870199996,47.443264162000048],[-114.68384995999997,47.41708787500005],[-114.68318625299997,47.384785431000068],[-114.67942680699997,47.356303866000076],[-114.68422272599997,47.334829179000053],[-114.68126338499997,47.315903467000055],[-114.65545247499995,47.291993940000054],[-114.64436183099997,47.26502903100004],[-114.62573863099999,47.23429225700005],[-114.60584005099997,47.22259770200003],[-114.58224844399996,47.222063546000072],[-114.56290679499995,47.223827381000035],[-114.51738930699997,47.225890389000028],[-114.48298011899999,47.220091076000074],[-114.45300228999997,47.205441920000055],[-114.41907628799999,47.189406459000054],[-114.39489713499995,47.190373932000057],[-114.35755067599996,47.188824683000064],[-114.31660449799995,47.177614756000025],[-114.27821673599999,47.158303623000052],[-114.25740106499995,47.136059555000031],[-114.22803650099996,47.115966627000034],[-114.18374277199996,47.100354243000027],[-114.15844561299997,47.103371634000041],[-114.14418082099996,47.11017679400004],[-114.12078793799998,47.114856291000081],[-114.09832147199995,47.110704416000033],[-114.07937951499997,47.099298090000048],[-114.06669139699994,47.082679646000031],[-114.06584466699996,47.067813839000053],[-114.07248434699994,47.056749850000074],[-114.08482601999998,47.043448835000049],[-114.08344446399997,47.033971919000066],[-114.07390666099997,47.023202310000045],[-114.06043392199996,47.013457636000055],[-114.04084946899997,47.002136311000072],[-114.01972060199995,46.998758820000035],[-113.98466889699995,46.992456024000035],[-113.95465139899994,46.993671333000066],[-113.91648070599996,47.000826689000064],[-113.87231173099997,47.018934097000056],[-113.84224199099998,47.044285024000033],[-113.82056607499999,47.076696761000051],[-113.80964208399996,47.097499243000073],[-113.79832193199996,47.109658921000062],[-113.78387535499996,47.11837616400004],[-113.74245796299999,47.131699851000064],[-113.70688428099999,47.143255384000042],[-113.68721601499999,47.158454900000038],[-113.67651161199996,47.177755970000078],[-113.67290753099996,47.192239406000056],[-113.66521041399994,47.207271137000077],[-113.65434542899999,47.228517895000039],[-113.65436894499999,47.253129453000042],[-113.64852524199995,47.335947526000041],[-113.64925162099996,47.385062466000079],[-113.65100029199999,47.420527511000046],[-113.65337898499996,47.438540329000034],[-113.69228497299997,47.49411976500005],[-113.71691539199998,47.537129021000055],[-113.77223046199998,47.604477730000042],[-113.83241217999995,47.707317979000038],[-113.85997704699997,47.749904926000056],[-113.88675091199997,47.796931125000071],[-113.89760261299995,47.826326340000037],[-113.89814107399997,47.845054110000035],[-113.98490364499997,47.845422772000063],[-114.18472273299994,47.851208495000037],[-114.38598558299998,47.851316668000038],[-114.54586580799997,47.851827330000049],[-114.81278732399994,47.85082548500003]]]},"properties":{"OBJECTID":5,"type":"reservation","date_open":"1904-04-23","COUNT":1,"SHAPE_Length":3.5849048258293279,"SHAPE_Area":0.70678833013929954}},{"type":"Feature","id":6,"geometry":{"type":"Polygon","coordinates":[[[-123.19518043899996,39.802355170000055],[-123.19100363799998,39.823407170000053],[-123.19099382099995,39.827784764000057],[-123.19096810799999,39.839248891000068],[-123.20144463699995,39.840354995000041],[-123.20298371099994,39.857076315000029],[-123.21800086899998,39.858016711000062],[-123.22062142299995,39.869955425000057],[-123.24005824899996,39.873791334000032],[-123.26060337299998,39.873285252000073],[-123.27072654799997,39.86303489900007],[-123.28521234199997,39.850487929000053],[-123.28613100099994,39.831997555000044],[-123.29280998399997,39.830402964000029],[-123.29246758599999,39.828607866000027],[-123.28972208499999,39.814210583000033],[-123.28820345799994,39.79463381000005],[-123.27654388399998,39.791424015000075],[-123.27243129399994,39.762936937000063],[-123.25684521599999,39.75850749500006],[-123.24278446199997,39.760922362000031],[-123.24131377999998,39.774977987000057],[-123.22539146399998,39.775388862000057],[-123.20882075199995,39.777832574000058],[-123.21040959199996,39.789113817000043],[-123.19664338899997,39.791263108000066],[-123.19518043899996,39.802355170000055]]]},"properties":{"OBJECTID":6,"type":"reservation","date_open":"1905-02-08","COUNT":1,"SHAPE_Length":0.38200299258554177,"SHAPE_Area":0.0083567421027229642}},{"type":"Feature","id":7,"geometry":{"type":"Polygon","coordinates":[[[-96.001659336999978,36.167029606000028],[-96.002036425999961,36.455204106000053],[-96.004059715999972,36.855744431000062],[-96.00277435299995,36.945018840000046],[-96.001938258999985,37.002974313000038],[-96.739201633999983,36.99746680800007],[-96.756157231999964,36.784445392000066],[-96.794418108999992,36.785281688000055],[-96.793502478999983,36.76386044000003],[-96.837978276999991,36.763915882000049],[-96.83794353899998,36.760884789000045],[-96.837886846999936,36.755937740000036],[-96.836264976999985,36.748528584000042],[-96.836208408999937,36.743581566000046],[-96.838456804999964,36.738617470000065],[-96.84148027699996,36.73426599000004],[-96.846054145999972,36.731139678000034],[-96.852192855999988,36.730475081000066],[-96.858324195999955,36.729191781000054],[-96.864469938999946,36.729144887000075],[-96.870623031999969,36.729716028000041],[-96.881393040999967,36.730869311000049],[-96.888314650999973,36.73143348800005],[-96.894468123999957,36.732003331000044],[-96.901397563999979,36.733185075000051],[-96.907535939999946,36.732517468000026],[-96.913651031999962,36.729994427000065],[-96.918997505999982,36.727477315000044],[-96.923559829999988,36.723729510000055],[-96.928881950999937,36.719356849000064],[-96.933451151999975,36.716227023000044],[-96.936428473999968,36.708781262000059],[-96.939444884999943,36.704427231000068],[-96.94322884199994,36.700066715000048],[-96.945476628999984,36.695718958000043],[-96.948491961999991,36.691364717000056],[-96.953826357999958,36.688227658000073],[-96.959176502999981,36.686327049000056],[-96.965318576999948,36.686274666000031],[-96.971477056999959,36.687458646000039],[-96.978395253999963,36.688017286000047],[-96.984554092999986,36.689200553000035],[-96.99071313099995,36.690383485000041],[-96.996121389999985,36.692809558000079],[-97.002280918999986,36.693991861000029],[-97.007681312999978,36.695799037000029],[-97.013841280999941,36.696980710000048],[-97.019992826999953,36.69754369900005],[-97.026135797999984,36.697488006000071],[-97.032278757999961,36.697431978000054],[-97.038412935999986,36.696757270000035],[-97.043761504999964,36.694852640000079],[-97.050654315999964,36.693551817000071],[-97.055216693999967,36.690417109000066],[-97.057511477999981,36.684749203000024],[-97.057448396999973,36.680383215000063],[-97.057398836999937,36.676952804000052],[-97.053811120999967,36.669812749000073],[-97.053356684999983,36.665138557000034],[-97.052515233999941,36.66046798800005],[-97.051673887999982,36.655797426000049],[-97.050063074999969,36.651445930000079],[-97.050769996999975,36.646760958000073],[-97.051859326999988,36.641760537000039],[-97.053344426999956,36.637380202000031],[-97.053664075999961,36.632698864000076],[-97.053596782999989,36.628021153000077],[-97.054298764999942,36.623024376000046],[-97.05500514199997,36.618339453000033],[-97.054937776999964,36.613661782000065],[-97.05448361699996,36.608987743000057],[-97.05364273899994,36.604317331000061],[-97.052797485999974,36.599335082000039],[-97.051570099999992,36.594668293000041],[-97.048804986999983,36.59063959000008],[-97.044506776999981,36.587560698000061],[-97.04020892799997,36.584481646000029],[-97.037058172999991,36.580456248000075],[-97.033143292999966,36.57706154300007],[-97.028086421999944,36.574924650000071],[-97.021887398999979,36.574045414000068],[-97.016075139999941,36.573162350000075],[-97.010258720999957,36.571967148000056],[-97.004064434999975,36.571398772000066],[-96.998261093999986,36.571138468000072],[-96.99245779499995,36.570877865000057],[-96.986272129999975,36.570932189000075],[-96.980481402999942,36.571606487000054],[-96.974341266999943,36.575090395000075],[-96.969738875999951,36.577936990000069],[-96.965136127999983,36.580783404000044],[-96.962096086999964,36.584863809000069],[-96.958664926999973,36.588635588000045],[-96.954061077999938,36.591481567000073],[-96.948679372999948,36.594022030000076],[-96.94446555899998,36.597176215000047],[-96.93986061999999,36.600021627000046],[-96.934465864999936,36.601625885000033],[-96.928672235999954,36.602297533000069],[-96.922862789999954,36.60172149300007],[-96.917432392999956,36.600518313000066],[-96.912373399999979,36.59806435400003],[-96.907318604999944,36.595922017000078],[-96.902639310999973,36.592840820000049],[-96.898726175999968,36.589129577000051],[-96.894809629999941,36.585106361000044],[-96.892049704999977,36.580761996000035],[-96.889676742999939,36.576414523000039],[-96.889229569999941,36.571428082000068],[-96.889172825999992,36.566750447000061],[-96.891825813999958,36.562363273000074],[-96.894474679999973,36.557664208000062],[-96.898298030999968,36.554203210000026],[-96.904084290999947,36.553221304000033],[-96.909874266999964,36.552550939000071],[-96.915265949999991,36.550947904000054],[-96.920255246999943,36.548100421000072],[-96.92563850199997,36.545873220000033],[-96.931025389999945,36.543957600000056],[-96.936419961999945,36.542665396000075],[-96.94141187799994,36.540128825000068],[-96.946395398999982,36.536968367000043],[-96.950593543999958,36.532878720000042],[-96.955189787999984,36.529721149000068],[-96.960566548999964,36.527180469000029],[-96.965959364999947,36.525886864000029],[-96.971750746999987,36.525525161000076],[-96.977525446999948,36.523915837000061],[-96.982909365999944,36.521997760000033],[-96.987898266999991,36.519459160000054],[-96.992878380999969,36.516296684000054],[-96.997081228999946,36.512829013000044],[-97.002047716999982,36.508730661000072],[-97.00205462699995,36.508723243000077],[-97.005854888999977,36.504642462000049],[-97.005786485999977,36.499653248000072],[-97.006880975999991,36.494965514000057],[-97.006426334999958,36.48997978400007],[-97.004049535999968,36.485634956000069],[-97.000523125999962,36.481924040000024],[-96.998146937999991,36.477579108000043],[-96.994239344999983,36.474183259000029],[-96.989568369999972,36.471417716000076],[-96.985275439999953,36.468024963000062],[-96.980605194999953,36.465259058000072],[-96.976699069999938,36.461862625000037],[-96.972411424999962,36.458781220000049],[-96.967360360999976,36.456329936000031],[-96.961923644999956,36.453881729000045],[-96.956483229999947,36.451121446000059],[-96.951063419999969,36.449919993000037],[-96.945257826999978,36.448721525000053],[-96.939074441999992,36.44814961600008],[-96.933300895999992,36.449445077000064],[-96.92831092299997,36.451669330000072],[-96.927130299999988,36.452158455000074],[-96.922934655999939,36.45389653400008],[-96.918731681999986,36.457361312000046],[-96.916084095999963,36.461748843000066],[-96.912274150999963,36.465833898000028],[-96.907683917999975,36.469301419000033],[-96.903085576999956,36.472145113000067],[-96.899656654999944,36.475914841000076],[-96.895837446999963,36.479375724000079],[-96.891245589999983,36.482842604000041],[-96.887035692999973,36.48599443300003],[-96.881663151999987,36.488843365000037],[-96.877452498999958,36.491994847000058],[-96.872851564999962,36.494837344000075],[-96.867470451999964,36.497061955000049],[-96.861691793999967,36.49835377800008],[-96.85711170899998,36.503066628000056],[-96.853289080999957,36.506526123000071],[-96.849469702999954,36.510297328000036],[-96.846812463999981,36.514371534000077],[-96.842598847999966,36.517521760000079],[-96.837218714999949,36.520056790000069],[-96.833004359999961,36.523206668000057],[-96.828009849999944,36.525738406000073],[-96.822618115999944,36.527337240000065],[-96.817226146999985,36.528935817000047],[-96.812227246999953,36.531155026000079],[-96.807231478999938,36.533685855000044],[-96.802235365999991,36.536216466000042],[-96.79723890799994,36.538746859000071],[-96.793411596999988,36.542204393000077],[-96.789200800999936,36.54597635600004],[-96.784199891999947,36.548194343000034],[-96.778808864999974,36.550102942000024],[-96.773017890999938,36.550766567000039],[-96.76722028599994,36.550806209000029],[-96.762553007999941,36.548031122000054],[-96.757119564999982,36.545884731000058],[-96.752072910999971,36.543735499000036],[-96.747789931999989,36.540645390000066],[-96.745426824999981,36.53629498600003],[-96.744606464999947,36.531622493000043],[-96.741474220999976,36.527588976000061],[-96.740267849999952,36.522919019000028],[-96.73751628499997,36.518259196000031],[-96.736696630999973,36.513586696000061],[-96.736260239999979,36.508599840000045],[-96.734285111999952,36.504246759000068],[-96.731540845999973,36.500210511000034],[-96.728410661999987,36.496176706000028],[-96.724514578999958,36.492771466000079],[-96.721001981999962,36.489051792000055],[-96.716337334999992,36.485963060000074],[-96.712439327999959,36.482245592000027],[-96.708155587999954,36.478530428000056],[-96.70579682999994,36.474179354000057],[-96.705365767999979,36.469504328000028],[-96.706092932999979,36.464822050000066],[-96.710309376999987,36.461677038000062],[-96.715297505999956,36.458526965000033],[-96.71951319599998,36.455381619000036],[-96.720625297999959,36.450696819000029],[-96.720962282999949,36.445705148000059],[-96.71898975299996,36.441351965000024],[-96.714711102999956,36.437948965000032],[-96.710052981999979,36.435171894000064],[-96.70462942599994,36.433023116000072],[-96.699206186999959,36.43087408100007],[-96.694549101999939,36.428096379000067],[-96.688743593999959,36.426261049000061],[-96.682958673999963,36.426608172000044],[-96.677571067999963,36.428199962000065],[-96.672966403999965,36.431034171000078],[-96.667578255999956,36.432625486000063],[-96.661789924999937,36.432659698000066],[-96.656376329999944,36.43144406600004],[-96.652487023999981,36.428036470000052],[-96.648598078999953,36.424628744000074],[-96.645475671999975,36.42059282200006],[-96.641970528999991,36.416870849000077],[-96.640003454999942,36.412516360000041],[-96.634969394999985,36.410362058000032],[-96.630316040999958,36.407581733000029],[-96.624894203999986,36.405117330000053],[-96.620624658999986,36.40202264800007],[-96.617504750999956,36.397986007000043],[-96.61553963199998,36.39363114300005],[-96.612806022999962,36.389592281000034],[-96.608920953999984,36.386183267000035],[-96.604270116999942,36.383401906000074],[-96.603153789999965,36.383150482000076],[-96.598861101999944,36.382183544000043],[-96.593084265999948,36.383149665000076],[-96.587697900999956,36.384737104000067],[-96.585804506999978,36.389112597000064],[-96.584296574999939,36.393486066000037],[-96.583948063999969,36.398165342000027],[-96.585142448999989,36.40283660800003],[-96.582862678999959,36.407214109000051],[-96.577091011999983,36.409114885000065],[-96.571699971999976,36.410389763000069],[-96.565520374999949,36.409485517000064],[-96.560488709999959,36.407327885000029],[-96.554688197999951,36.405485660000068],[-96.548885647999953,36.403331318000028],[-96.542688497999961,36.399931263000042],[-96.537655874999984,36.397460802000069],[-96.534538450999946,36.393110054000033],[-96.531809314999975,36.389069224000025],[-96.530232905999981,36.384399253000026],[-96.532129486999963,36.380024708000064],[-96.535184891999961,36.375956457000029],[-96.537078681999958,36.37127004000007],[-96.540133447999949,36.367201677000025],[-96.543575708999981,36.363443188000076],[-96.547017619999963,36.359684604000051],[-96.550844665999989,36.355924035000044],[-96.554281150999941,36.351541627000074],[-96.557721954999977,36.347782744000028],[-96.56116002999994,36.343711957000039],[-96.564600115999951,36.339952882000034],[-96.568427646999965,36.336503568000069],[-96.571089026999971,36.33181279300004],[-96.571052701999974,36.327135718000079],[-96.568706913999961,36.32278219300008],[-96.567129582999939,36.318112939000059],[-96.564401438999937,36.314073096000072],[-96.561288346999959,36.31003512500007],[-96.557409867999979,36.306624508000027],[-96.552004936999936,36.305092151000053],[-96.546978489999958,36.302622260000078],[-96.54118886699996,36.301091262000057],[-96.535410833999947,36.301118967000036],[-96.529635042999985,36.30145817500005],[-96.524251068999945,36.302730688000054],[-96.519648359999962,36.30555838600003],[-96.515045296999972,36.308385901000065],[-96.509667045999947,36.310593127000061],[-96.50545069399999,36.313730311000029],[-96.501238232999981,36.317490952000071],[-96.496248410999954,36.32031943700008],[-96.491645608999988,36.323457825000048],[-96.487042413999973,36.326596031000065],[-96.482053472999951,36.32973571000008],[-96.477449474999958,36.332873535000033],[-96.472453686999984,36.335077375000026],[-96.466293509999957,36.336038568000049],[-96.460510749999969,36.335750610000048],[-96.454728035999949,36.335462355000061],[-96.448945367999954,36.335173801000053],[-96.444301931999973,36.332074109000075],[-96.439660750999963,36.329286038000077],[-96.434634584999969,36.326499273000024],[-96.431526265999992,36.322145868000064],[-96.429574190999972,36.317787975000044],[-96.427237078999951,36.313431526000045],[-96.425285489999965,36.309073583000043],[-96.42410098299996,36.304089106000049],[-96.423303625999949,36.29941498200003],[-96.421352640999942,36.29505701100004],[-96.418631586999936,36.290701894000051],[-96.415912618999982,36.286658522000039],[-96.413577302999954,36.282301880000034],[-96.409703664999938,36.278262632000065],[-96.406217238999943,36.274533665000035],[-96.40157942899998,36.271432330000039],[-96.397327043999951,36.268329448000031],[-96.391921624999952,36.265542246000052],[-96.387286625999991,36.262752134000038],[-96.382266985999991,36.259963149000043],[-96.377632702999961,36.257172648000051],[-96.372998772999949,36.254381962000025],[-96.367598413999985,36.252217199000029],[-96.36219990699999,36.250363972000059],[-96.355645371999969,36.248202362000029],[-96.350629410999943,36.245723781000038],[-96.34561524999998,36.243556769000065],[-96.339831597999989,36.241391872000065],[-96.333669054999973,36.240474986000038],[-96.327509439999972,36.240181343000074],[-96.322112825999966,36.238326204000032],[-96.316331613999978,36.236471892000054],[-96.310938187999966,36.235239797000077],[-96.305162668999969,36.234632071000078],[-96.299003657999947,36.234336865000046],[-96.293230792999964,36.234352105000028],[-96.287071852999986,36.234056243000055],[-96.281297815999949,36.233759079000038],[-96.275522658999989,36.23314982800008],[-96.270510421999973,36.230667690000075],[-96.266648483999973,36.226935439000044],[-96.262786935999941,36.223203064000074],[-96.258157313999959,36.219784128000072],[-96.253909657999941,36.215428779000035],[-96.251970925999956,36.211068119000061],[-96.249647709999977,36.206708295000055],[-96.24963185699994,36.202031540000064],[-96.250000671999942,36.197353940000028],[-96.250369440999975,36.19267635600005],[-96.251122778999957,36.187997924000058],[-96.252260611999986,36.18331863800006],[-96.253782865999938,36.178638486000068],[-96.256815277999976,36.167085071000031],[-96.001659336999978,36.167029606000028]]]},"properties":{"OBJECTID":7,"type":"reservation","date_open":"1906-06-28","COUNT":1,"SHAPE_Length":4.0533256335754251,"SHAPE_Area":0.59707849019975689}},{"type":"Feature","id":8,"geometry":{"type":"Polygon","coordinates":[[[-96.512287545999982,42.175760913000033],[-96.295538714999964,42.175166568000066],[-96.296363468999971,42.179947690000063],[-96.298796133999986,42.184724859000028],[-96.300427845999991,42.19010180600003],[-96.302858482999966,42.194280968000044],[-96.302882600999965,42.199661799000069],[-96.302099910999971,42.204446722000057],[-96.386415675999956,42.204348828000036],[-96.512502371999972,42.204093909000051],[-96.512287545999982,42.175760913000033]]]},"properties":{"OBJECTID":8,"type":"reservation","date_open":"1912-05-11","COUNT":1,"SHAPE_Length":0.48638194542491542,"SHAPE_Area":0.0061207512001055708}},{"type":"Feature","id":9,"geometry":{"type":"Polygon","coordinates":[[[-121.89238057999995,43.052223084000047],[-121.88487771199999,42.929707195000049],[-121.91189697799996,42.929492269000036],[-121.91030280299998,42.86603150600007],[-121.91078491899998,42.755735558000026],[-121.90926937699999,42.72430984500005],[-121.98790563699998,42.72347943300008],[-121.99250188799999,42.715943548000041],[-121.98934832699996,42.696386467000025],[-121.99682211099997,42.687602616000049],[-121.99593042499998,42.666308308000055],[-121.98505832199999,42.647491568000078],[-121.97690824599999,42.633378084000071],[-121.97643105199995,42.624761966000051],[-121.97011005399997,42.615234206000025],[-121.96904176699996,42.603009340000028],[-121.96870382399999,42.591560085000026],[-121.94785115399998,42.583628753000028],[-121.93936643699999,42.57924106400003],[-121.92885520799996,42.571867061000034],[-121.92439208099995,42.563804331000028],[-121.92378786399996,42.552725210000062],[-121.92426500899995,42.532692240000074],[-121.91900935899997,42.522621715000071],[-121.91735118299999,42.517376140000067],[-121.92214240499999,42.513534167000046],[-121.92474737499998,42.507363572000031],[-121.92855571299998,42.505291437000039],[-121.93760349499996,42.505818752000039],[-121.94163880499997,42.504319683000062],[-121.94152926099997,42.498737697000081],[-121.94148712299994,42.494386776000056],[-121.94713892799996,42.49378198800008],[-121.95361165699995,42.492064192000043],[-121.95340884099994,42.488370886000041],[-121.94516319699994,42.484556534000035],[-121.93293092299996,42.481296192000059],[-121.92336498299994,42.478390346000026],[-121.91617700699999,42.468739496000069],[-121.90768887999997,42.462173438000036],[-121.90318873199999,42.455053237000072],[-121.89360830199996,42.449969390000035],[-121.88004343999995,42.445437650000031],[-121.87004140599998,42.436084613000048],[-121.86331865199998,42.427577478000046],[-121.85095124999998,42.419670560000043],[-121.83602017999999,42.409515879000026],[-121.82696464499998,42.399333696000042],[-121.82159015999997,42.39209068200006],[-121.80428540999998,42.392410785000038],[-121.52702279099998,42.39572301100003],[-121.23190127599997,42.397826214000077],[-121.10346335399998,42.396302045000027],[-121.10428901199998,42.448315305000051],[-121.10639897399994,42.690435879000063],[-121.10883273499996,42.921674835000033],[-121.34705678999995,42.923800947000075],[-121.35007927799995,43.057363189000057],[-121.89238057999995,43.052223084000047]]]},"properties":{"OBJECTID":9,"type":"reservation","date_open":"1906-06-21","COUNT":1,"SHAPE_Length":3.0611355897875683,"SHAPE_Area":0.50465566138455042}},{"type":"Feature","id":10,"geometry":{"type":"Polygon","coordinates":[[[-108.53988988899994,42.89865902400004],[-108.13973652699997,42.903535162000026],[-108.14206772899996,43.345812458000069],[-108.14296984299995,43.694741505000025],[-108.14108750499997,43.700704268000038],[-108.13373012499994,43.70936765700003],[-108.13459154799995,43.719396919000076],[-108.14698907499996,43.721800313000074],[-108.15415760199994,43.717489063000073],[-108.16909496799997,43.71747521900005],[-108.19283628699998,43.716597960000058],[-108.20169324799997,43.71067338000006],[-108.22508598399997,43.702599095000039],[-108.24033525999994,43.698933292000049],[-108.25042857799997,43.694327904000033],[-108.27225277399998,43.688565468000036],[-108.28522823999998,43.688730553000028],[-108.29495861799995,43.692827752000028],[-108.30971217699994,43.697150236000027],[-108.32113411299997,43.699633164000034],[-108.33611026899996,43.69453690000006],[-108.34841870699995,43.691148539000039],[-108.36166248299998,43.692724437000038],[-108.37299173199995,43.68943074200007],[-108.38987767699996,43.689196194000033],[-108.40561418699997,43.693410087000075],[-108.41056188099998,43.703757153000026],[-108.42127999399997,43.70774695800003],[-108.43372112499998,43.705059563000077],[-108.45104931599997,43.701882069000078],[-108.46514035599995,43.702639960000056],[-108.47599665899997,43.707334314000036],[-108.48628237399998,43.714253338000049],[-108.49801502899999,43.713076038000054],[-108.51585513899994,43.71778876500008],[-108.52614666899996,43.724704398000029],[-108.53646788399999,43.726556803000051],[-108.54820183099997,43.725374828000042],[-108.55961185799998,43.732898183000032],[-108.57678064999999,43.734056635000059],[-108.58769725999997,43.728616517000034],[-108.60768431199995,43.723702755000033],[-108.62319040999995,43.721408609000036],[-108.63284999599995,43.714645483000027],[-108.64600652199999,43.705357261000074],[-108.66332450799996,43.702150410000058],[-108.67182858599995,43.704899622000028],[-108.69192396899996,43.705743784000049],[-108.70491830499998,43.700802836000037],[-108.72197010199994,43.691107278000061],[-108.73915473099999,43.682118203000073],[-108.75603735599998,43.681834281000079],[-108.77417310299995,43.682865607000053],[-108.78185809199999,43.676291190000029],[-108.79456303899997,43.669922866000036],[-108.81228660899995,43.663759112000037],[-108.83167235899998,43.666099305000046],[-108.85761394399998,43.671375047000026],[-108.87616771799998,43.669455304000053],[-108.88928092299994,43.660140879000039],[-108.90294796599994,43.648597189000043],[-108.91717061099996,43.644950077000033],[-108.92455743299996,43.636948889000053],[-108.94128060799994,43.625804870000024],[-108.96009431899995,43.620226925000054],[-108.97710038599996,43.620621946000028],[-108.99243635499994,43.622636202000081],[-109.00471423699997,43.629309428000056],[-109.01321400499995,43.626972609000063],[-109.02729523299996,43.627667331000055],[-109.04181099399995,43.635549624000078],[-109.05436632399994,43.638572104000048],[-109.05996373799996,43.646665739000071],[-109.06513864499999,43.652633146000028],[-109.08174362499994,43.655951000000073],[-109.09405202799996,43.66767795800007],[-109.10231792499997,43.679106489000048],[-109.11587759399998,43.687082403000034],[-109.13082514299998,43.692016552000041],[-109.14785071399996,43.692388316000063],[-109.16642270799997,43.695488257000079],[-109.17718484399995,43.699413302000039],[-109.19063770799994,43.711734903000036],[-109.20440526399994,43.730533902000047],[-109.21422300299997,43.739621444000079],[-109.22838165099995,43.750417762000041],[-109.24516291099997,43.754421729000057],[-109.25602740199997,43.748923722000029],[-109.27315394699997,43.73986237400004],[-109.28441522799994,43.731424394000044],[-109.29998086399996,43.719630209000059],[-109.30700983799994,43.705128434000073],[-109.32882132199995,43.689765515000033],[-109.34093279799998,43.685571499000048],[-109.34296031799994,43.67594493200005],[-109.34412136499998,43.662068425000029],[-109.34459503999994,43.649712985000065],[-109.35276146999996,43.640873577000036],[-109.35980612899999,43.631430093000063],[-109.38396467299998,43.617970921000051],[-109.41049742099995,43.606421092000062],[-109.42756578099994,43.597336559000041],[-109.43444998599995,43.587179932000026],[-109.43670954499999,43.573903404000077],[-109.44023241699995,43.561937632000081],[-109.44891350599994,43.550860256000078],[-109.45023782699997,43.542752101000076],[-109.45166434499998,43.530288300000052],[-109.45493472899994,43.521968571000059],[-109.46083364099997,43.511914928000067],[-109.45952672499999,43.505539919000057],[-109.45457519799999,43.495940071000064],[-109.45045293399994,43.485525893000045],[-109.45202322599994,43.473769355000059],[-109.44707516299997,43.464168734000054],[-109.44502237099999,43.434701309000047],[-109.43870320399998,43.147509371000069],[-109.43472240799997,42.973736594000059],[-109.40315705799998,42.959418290000031],[-109.38623542599998,42.942496659000028],[-109.35727340399995,42.938266251000073],[-109.34132801999999,42.925575028000026],[-109.31236599799996,42.865698487000031],[-109.17446643099998,42.864573047000079],[-108.85081032699998,42.865946329000053],[-108.83895195499997,42.873342080000043],[-108.82785028199999,42.879571211000041],[-108.80895702699996,42.886250315000041],[-108.78151778799997,42.889472210000065],[-108.76739004799998,42.887684398000033],[-108.75134350599996,42.881026732000066],[-108.73990360499994,42.880404669000029],[-108.72749611999996,42.882929675000071],[-108.71282830899997,42.88246410000005],[-108.70225530799996,42.877999568000064],[-108.69283372199999,42.868253312000036],[-108.68068524599994,42.861170691000041],[-108.66504772299999,42.85841780800007],[-108.64697718499997,42.859884298000054],[-108.63341510399994,42.868030686000054],[-108.60547983099997,42.877254821000065],[-108.57958139899995,42.885866088000057],[-108.56478538599998,42.896114544000056],[-108.53988988899994,42.89865902400004]]]},"properties":{"OBJECTID":10,"type":"reservation","date_open":"1897-06-07","COUNT":1,"SHAPE_Length":4.3015498798834857,"SHAPE_Area":1.0392211808632541}},{"type":"Feature","id":11,"geometry":{"type":"MultiPolygon","coordinates":[[[[-114.25389746999997,34.177832197000043],[-114.26638010099998,34.169499932000065],[-114.27868767599995,34.160463869000068],[-114.29398390799997,34.154650589000028],[-114.30613994499998,34.15039239400005],[-114.31676848199999,34.14529458800007],[-114.32942098599995,34.139485568000055],[-114.34934698999996,34.134632160000024],[-114.36302300799997,34.131205566000062],[-114.37185903999995,34.124211444000025],[-114.38381104699994,34.115587189000053],[-114.39100862599997,34.103747949000024],[-114.40467360199995,34.086046601000078],[-114.40867451699995,34.07731310500003],[-114.40541590799995,34.069454367000048],[-114.39762643299997,34.066394586000058],[-114.38607323399998,34.069465130000026],[-114.37021326299998,34.072903046000079],[-114.35982722899996,34.073576274000061],[-114.35691948099998,34.067120621000072],[-114.36876731299998,34.05632001400005],[-114.38282861699997,34.049164336000047],[-114.38817097299994,34.038739608000071],[-114.39998758999997,34.024281144000042],[-114.41227848299997,34.018886593000047],[-114.43258896099996,34.013946657000076],[-114.43885112399994,34.011813930000073],[-114.44555761499998,34.009529352000072],[-114.46284977999994,33.995952678000037],[-114.47532735799996,33.982467578000069],[-114.47948379899998,33.961994640000057],[-114.47486861999994,33.941565628000035],[-114.47256023899996,33.925131581000073],[-114.47275660299999,33.909950588000072],[-114.47556449699999,33.901784667000072],[-114.47409876799998,33.885206835000076],[-114.47160598699998,33.866245111000069],[-114.46548973899996,33.846809535000034],[-114.46332351099994,33.838036169000077],[-114.46877489099995,33.822831524000037],[-114.47486946999999,33.815563999000062],[-114.46992096599996,33.806172419000063],[-114.46148677199994,33.79152760900007],[-114.45712233099999,33.780938467000055],[-114.45706259299999,33.780284522000045],[-114.44547336999995,33.792793644000028],[-114.42129258399996,33.839163388000031],[-114.36160794999995,33.952748493000058],[-114.33087062399994,34.011991622000039],[-114.31627354199998,34.036521925000045],[-114.28742249399994,34.091876135000064],[-114.28163540999998,34.107490430000041],[-114.26243611699999,34.139229320000027],[-114.24579170699997,34.170921437000061],[-114.24187153399998,34.195230854000044],[-114.24919251599999,34.185578855000074],[-114.25389746999997,34.177832197000043]]],[[[-95.396134909999944,35.892934039000068],[-95.395972469999947,35.895959058000074],[-95.394620041999985,36.061152243000038],[-95.393729829999984,36.169496379000066],[-95.751383436999959,36.167831378000074],[-96.001659336999978,36.167029606000028],[-96.256815277999976,36.167085071000031],[-96.280971328999954,36.167060220000053],[-96.602462855999988,36.166233724000051],[-96.630629012999975,36.166117373000077],[-96.630318518999957,36.043553888000076],[-96.629584295999962,35.752146439000057],[-96.630396981999979,35.404854962000059],[-96.615052471999945,35.404941053000073],[-96.603356543999951,35.404406983000058],[-96.596011328999964,35.399660571000027],[-96.589440296999953,35.400293924000039],[-96.580700536999984,35.403929566000045],[-96.571187864999956,35.402184143000056],[-96.561666607999939,35.399241434000032],[-96.565292529999965,35.395633475000068],[-96.565169844999957,35.379481271000031],[-96.565897726999935,35.307091963000062],[-96.564779724999937,35.198139876000027],[-96.564998585999945,35.053876713000079],[-96.566043602999969,34.938831880000066],[-96.56618509599997,34.923228952000045],[-96.559124004999944,34.922347540000032],[-96.55386505499996,34.918068656000059],[-96.553192381999963,34.905634291000069],[-96.551946421999958,34.894159691000027],[-96.541975456999978,34.89024270200008],[-96.532961770999975,34.888133997000068],[-96.523406536999971,34.891528297000036],[-96.510694785999988,34.900437647000047],[-96.502572530999942,34.901431689000049],[-96.493598030999976,34.905299163000052],[-96.480021573999977,34.916122444000052],[-96.471017053999958,34.915682881000066],[-96.466178482999965,34.914024226000038],[-96.457922613999983,34.911193470000057],[-96.448605532999977,34.906926421000037],[-96.436410020999972,34.906736159000047],[-96.427436931999978,34.911554989000024],[-96.416204868999955,34.928101869000045],[-96.406403363999971,34.941533108000044],[-96.396028688999991,34.95711847900003],[-96.383340889999943,34.975820782000028],[-96.375602671999957,34.997375722000072],[-96.371585335999953,35.007914455000048],[-96.36256493999997,35.017334414000061],[-96.355758686999991,35.022978026000033],[-96.345450629999959,35.026240116000054],[-96.333957044999977,35.024720574000071],[-96.323756421999974,35.019488273000036],[-96.31107984099998,35.012826804000042],[-96.296222249999971,35.005452180000077],[-96.283422378999944,35.003332902000068],[-96.271352598999954,35.001927975000058],[-96.256969560999948,35.005863270000077],[-96.245806315999971,35.00604177200006],[-96.238354035999976,35.002996256000074],[-96.228106042999968,34.998118959000067],[-96.21730218099998,34.993548014000055],[-96.209293806999938,34.99034858400006],[-96.199992191999968,34.990212732000032],[-96.193854199999976,34.990529858000059],[-96.181596275999937,34.998664505000079],[-96.175653986999976,35.003419960000031],[-96.166167812999959,35.004659377000053],[-96.158352325999942,35.004211582000039],[-96.151841199999978,35.004680003000033],[-96.144782777999978,35.010813189000032],[-96.140337085999988,35.021535509000046],[-96.135888448999935,35.031339192000075],[-96.128829894999967,35.039614889000063],[-96.117490088999944,35.04927273100003],[-96.110425991999989,35.056322604000059],[-96.103926316999946,35.068500456000038],[-96.090528930999938,35.077086001000055],[-96.078611956999964,35.079391673000032],[-96.07042361799995,35.086286889000064],[-96.06279350799997,35.094252974000028],[-96.059262263999983,35.104513088000033],[-96.054425260999949,35.114161409000076],[-96.044927159999986,35.12228049600003],[-96.021080400999949,35.145177888000035],[-96.000388910999959,35.158960248000028],[-95.991812294999988,35.160337991000063],[-95.980811804999973,35.160489746000053],[-95.968692638999983,35.160486981000076],[-95.958997475999979,35.160177580000038],[-95.951541150999958,35.157724709000036],[-95.942781088999936,35.154198865000069],[-95.928239171999962,35.154343505000043],[-95.921340978999979,35.154491931000052],[-95.913318819999972,35.159232528000075],[-95.900620750999963,35.174074234000045],[-95.894084298999985,35.180805407000037],[-95.887548744999947,35.186158157000079],[-95.878760127999954,35.200006366000025],[-95.869799710999985,35.203518012000075],[-95.858045512999979,35.204116058000068],[-95.844986171999949,35.204251666000062],[-95.835094206999941,35.206227978000072],[-95.824815275999981,35.213868397000056],[-95.816972828999951,35.21630570800005],[-95.808018188999938,35.21567804600005],[-95.800376760999939,35.21244891300006],[-95.792376494999985,35.204318631000035],[-95.786040119999939,35.202009720000035],[-95.780826562999948,35.198630820000062],[-95.773555086999977,35.197391206000077],[-95.764603085999966,35.19676004300004],[-95.757880733999968,35.198889261000033],[-95.753571503999979,35.204545307000046],[-95.749989844999959,35.20753602800005],[-95.739507001999982,35.206395256000064],[-95.723072569999943,35.204632727000046],[-95.711170595999988,35.206899177000025],[-95.705900847999942,35.212627475000033],[-95.699173212999938,35.229021449000072],[-95.697061706999989,35.235572660000059],[-95.693882763999966,35.242741843000033],[-95.689291207999986,35.25277823700003],[-95.681222282999954,35.257062135000069],[-95.672813712999982,35.258760356000039],[-95.669336140999974,35.253581835000034],[-95.672514121999939,35.247274628000071],[-95.676402715999984,35.238385394000034],[-95.675783094999986,35.229911378000054],[-95.671553949999975,35.226886507000074],[-95.664211216999945,35.225716033000026],[-95.656442699999957,35.230643479000037],[-95.641058756999939,35.237989379000055],[-95.62741207199997,35.237657196000043],[-95.608360584999957,35.236515453000038],[-95.596972652999966,35.23640215000006],[-95.59030321299997,35.240110214000026],[-95.584581884999977,35.245854769000061],[-95.584244336999973,35.245987291000063],[-95.580794533999949,35.250698078000028],[-95.576566679999985,35.255563079000069],[-95.569810514999972,35.263040560000036],[-95.561832871999968,35.270283164000034],[-95.554788908999967,35.273615363000033],[-95.566418427999963,35.297973642000045],[-95.510799188999954,35.434140343000024],[-95.450510252999948,35.579967415000056],[-95.436854627999992,35.612848976000066],[-95.39807006999996,35.706076107000058],[-95.367541287999984,35.779994156000043],[-95.358068934999949,35.80517310700003],[-95.366823882999938,35.811815614000068],[-95.373497460999943,35.815372217000061],[-95.37323854999994,35.828354479000041],[-95.374198415999956,35.838188750000029],[-95.37515648599998,35.848265769000079],[-95.384156846999986,35.859236945000077],[-95.386640546999956,35.865317965000031],[-95.388658349999957,35.873702018000074],[-95.392459892999966,35.882823898000026],[-95.396253257999945,35.890729963000069],[-95.397141903999966,35.892581806000067],[-95.396134909999944,35.892934039000068]]]]},"properties":{"OBJECTID":11,"type":"reservation","date_open":"1904-04-21","COUNT":2,"SHAPE_Length":5.9243126376473931,"SHAPE_Area":1.2752880012398102}},{"type":"Feature","id":12,"geometry":{"type":"Polygon","coordinates":[[[-96.619195599999955,45.928001481000081],[-96.728587481999966,45.936464071000046],[-96.875616247999972,45.95527878200005],[-97.056777815999965,45.977569401000039],[-97.177634832999956,45.992290660000037],[-97.574850079999976,46.040839572000039],[-97.54781302799995,45.967512412000076],[-97.483643163999943,45.767676302000041],[-97.418693975999986,45.579048928000077],[-97.364299344999949,45.400631486000066],[-97.313372998999967,45.23432020100006],[-97.267443637999975,45.086885389000031],[-97.245745482999951,45.019724308000036],[-97.232120889999976,44.97747454000006],[-97.084676824999974,45.238540469000043],[-97.003277193999963,45.381630224000048],[-96.881713156999979,45.59396190700005],[-96.877681182999936,45.620941636000055],[-96.874702496999987,45.640934211000058],[-96.863500180999949,45.654704197000058],[-96.852699906999987,45.66847010400005],[-96.83738451399995,45.679696311000043],[-96.81804839299997,45.695224986000028],[-96.806770055999948,45.704709663000074],[-96.793109252999955,45.719342436000034],[-96.781384134999939,45.726259771000059],[-96.760706063999976,45.734084464000034],[-96.758914045999973,45.734832662000031],[-96.745991784999944,45.740226637000035],[-96.74010803799996,45.748056951000081],[-96.733699318999982,45.757601222000062],[-96.724837050999952,45.766588219000027],[-96.708897047999983,45.774662503000059],[-96.695668393999938,45.782530018000045],[-96.686241389999964,45.790375995000034],[-96.677670070999966,45.80220952600007],[-96.671292706999964,45.816122254000049],[-96.66634010599995,45.836491021000029],[-96.662949232999949,45.850386856000057],[-96.663955276999957,45.879388860000063],[-96.659368016999963,45.88321417700007],[-96.65230504799996,45.884580464000067],[-96.64547336399994,45.881953157000055],[-96.638052057999971,45.874765946000025],[-96.633153485999969,45.874789878000058],[-96.630483035999987,45.879935568000064],[-96.630047398999977,45.89498887600007],[-96.629266556999937,45.921951381000042],[-96.619195599999955,45.928001481000081]]]},"properties":{"OBJECTID":12,"type":"reservation","date_open":"1891-03-03","COUNT":1,"SHAPE_Length":3.2707860268235214,"SHAPE_Area":0.46232085601412615}},{"type":"Feature","id":13,"geometry":{"type":"Polygon","coordinates":[[[-109.94341343399998,40.778052851000041],[-109.96155721799994,40.78500161200003],[-109.97986716599996,40.781028266000078],[-110.00644477299994,40.78243444900005],[-110.02809694799998,40.788959629000033],[-110.05584551499999,40.790216802000032],[-110.08268361499995,40.787033232000056],[-110.11750339299999,40.781984872000066],[-110.14973411699998,40.781777814000066],[-110.16968271899998,40.78575625700006],[-110.19215060399995,40.790338849000079],[-110.21781588399995,40.787264558000061],[-110.25373264899997,40.78749646700004],[-110.28866816099998,40.788744691000034],[-110.31832891099998,40.793346547000056],[-110.34855078599998,40.800600368000062],[-110.38023097299998,40.797671835000074],[-110.41410139899995,40.788105140000027],[-110.50235293499998,40.747338163000052],[-110.52299014599998,40.737536184000078],[-110.54632739599998,40.729216816000076],[-110.57796640499998,40.726235752000036],[-110.62121859599995,40.727268992000063],[-110.65106431599997,40.732674526000039],[-110.67376264499995,40.732592565000061],[-110.69786453799998,40.722327290000067],[-110.73675591599999,40.697481478000043],[-110.75656251099997,40.689555589000065],[-110.78081014399999,40.685619531000043],[-110.81280171299994,40.684347855000055],[-110.84598113699997,40.672000797000067],[-110.86328386899999,40.647081860000071],[-110.90254118999997,40.569345381000062],[-110.90257433899995,40.547502069000075],[-110.89059755899996,40.536273925000046],[-110.88210696199997,40.524605444000031],[-110.87923034399995,40.511318924000079],[-110.88137955799999,40.499218431000031],[-110.88894503299997,40.484614197000042],[-110.90057087399998,40.466765920000057],[-110.91121568299997,40.455409917000054],[-110.92957552599995,40.452176208000026],[-110.96725029199996,40.45558978400004],[-111.01169212299999,40.462681360000033],[-111.04841094799997,40.467102429000079],[-111.08957786399998,40.470033200000046],[-111.12280917999999,40.463954169000033],[-111.15177718499996,40.454771479000044],[-111.18745236799998,40.427416778000065],[-111.20130818699994,40.409239878000051],[-111.20744307099994,40.39387888300007],[-111.21183079299999,40.376011135000056],[-111.21121202999996,40.362432347000038],[-111.20114093099994,40.34916443700007],[-111.19995357799996,40.338390899000046],[-111.20860710099998,40.329077148000067],[-111.22820279099994,40.304686495000055],[-111.23139940499999,40.297283816000061],[-111.22621956199998,40.225715843000046],[-111.21463637699998,40.216289011000072],[-111.20902528599999,40.206998633000069],[-111.21613269399995,40.201524401000029],[-111.22110833999994,40.191772573000037],[-111.22107490099995,40.180848633000039],[-111.21622980599994,40.169637954000052],[-111.20618560099996,40.156369109000025],[-111.20111949099999,40.133348048000073],[-111.19222231299995,40.114466103000041],[-111.18141282799996,40.097652938000067],[-111.16506344099997,40.093394590000059],[-111.11912483599997,40.094775405000064],[-110.99802193899995,40.104866104000052],[-110.98629772099997,40.094530631000055],[-110.96458765299997,40.076366390000032],[-110.94884459599996,40.058348756000044],[-110.93617952599999,40.043578669000055],[-110.93350353699998,40.031175934000032],[-110.93275086999995,40.016707437000036],[-110.94063560399997,40.003868038000064],[-110.95484998199998,39.99295029700005],[-110.96695135899995,39.977748646000066],[-110.97655110799997,39.967417033000061],[-110.98250310399999,39.956640958000037],[-110.98308347899996,39.942910772000062],[-110.98155167399995,39.935823799000048],[-110.98289780699997,39.92563700200003],[-110.98117706799997,39.912201414000037],[-110.97658031899999,39.901865458000032],[-110.97179090899999,39.896106099000065],[-110.97352013399995,39.887691055000062],[-110.97678128699994,39.880900430000054],[-110.95398608599999,39.868342634000044],[-110.92449205999998,39.85754754800007],[-110.89116937199998,39.850875342000052],[-110.86875715299999,39.85099869700008],[-110.85017297699994,39.852451765000069],[-110.81835820599997,39.858310713000037],[-110.80454381399994,39.865522251000073],[-110.79838320999994,39.875403563000077],[-110.79259871999994,39.887056907000044],[-110.78241636999996,39.894715275000067],[-110.76628974299996,39.902213090000032],[-110.72984194399999,39.908629089000044],[-110.70299516899996,39.910186862000046],[-110.67537120499998,39.913655676000076],[-110.65676641899995,39.915078221000044],[-110.63778677899995,39.914724966000051],[-110.61382907199999,39.913171016000035],[-110.60381000799998,39.92170033900004],[-110.59189097999996,39.926826376000065],[-110.57922480899998,39.928405120000036],[-110.57175700699997,39.926606082000035],[-110.56105614099994,39.920660423000072],[-110.55050733899998,39.921062951000067],[-110.54337652699996,39.926497839000035],[-110.53758206999998,39.932675822000078],[-110.53100633499997,39.940769681000063],[-110.51387581199998,39.949262394000073],[-110.49912487299997,39.946542249000061],[-110.47649644299997,39.945704397000043],[-110.46216010599994,39.939290463000077],[-110.44496876199997,39.930498913000065],[-110.42663004099995,39.921846802000061],[-110.40309003499999,39.916561048000062],[-110.38314347999994,39.917195380000067],[-110.34914027499997,39.924097405000055],[-110.31683149899999,39.933509513000047],[-110.29676830699998,39.94505416700008],[-110.27409617999996,39.96691413700006],[-110.27149309599997,39.977232817000072],[-110.27345470699998,40.009725759000048],[-110.27127286399997,40.016355910000073],[-110.24401659699998,40.050582435000081],[-110.22961892099994,40.066876146000027],[-110.22487843299996,40.078360390000057],[-110.20323949999994,40.088254353000025],[-110.16646199799999,40.09360866600008],[-110.13704059099996,40.094429260000027],[-110.08836744899997,40.098442358000057],[-110.06487286299995,40.10037215400007],[-110.00566230999999,40.100180821000038],[-109.95346813699996,40.093674158000056],[-109.92564148199995,40.090617805000079],[-109.87710620199999,40.084553627000048],[-109.85506390299997,40.080797535000045],[-109.83614173999996,40.06304226900005],[-109.81971608899994,40.045899419000079],[-109.77799014199996,40.026278869000066],[-109.75922135499997,40.04483314600003],[-109.75023468799998,40.053153684000051],[-109.73546900999997,40.062149723000061],[-109.71617828999996,40.066222321000055],[-109.70329204799998,40.066819119000058],[-109.67944697499996,40.077774755000064],[-109.67114743699995,40.089640484000029],[-109.68269968999999,40.108538703000079],[-109.82716510399996,40.343897122000044],[-109.80519822499997,40.364638881000076],[-109.78653726799996,40.372272378000048],[-109.77135400399999,40.379496333000077],[-109.75339345499998,40.390674783000065],[-109.74802123799998,40.399475081000048],[-109.74514688299996,40.408892134000041],[-109.74615029699999,40.413924094000038],[-109.74709392099999,40.418655528000045],[-109.75118729699994,40.427260603000036],[-109.76171922099996,40.432390357000031],[-109.77126852599997,40.438542236000046],[-109.77652778199996,40.447010796000029],[-109.77731843399994,40.456909059000054],[-109.77676973799998,40.466055346000076],[-109.77756063999999,40.475953494000066],[-109.77951412199997,40.485715970000058],[-109.78594044199997,40.494048256000042],[-109.79550038199994,40.500197964000051],[-109.80604665499999,40.50532357000003],[-109.81757901499998,40.509424821000039],[-109.82911273699995,40.513524946000075],[-109.84046934899999,40.516736556000069],[-109.85182700999997,40.51994707800003],[-109.86318572499994,40.523156510000035],[-109.87275652499994,40.529299902000048],[-109.87588796799997,40.538923948000047],[-109.88215346599998,40.558171618000074],[-109.88412399699996,40.567931879000071],[-109.88725876699999,40.577555393000068],[-109.88672362999995,40.586701504000075],[-109.89084427499995,40.59530088200006],[-109.89613004799997,40.603763332000028],[-109.90025287499998,40.612362291000068],[-109.90222749999998,40.622121915000037],[-109.90536723799994,40.631744621000053],[-109.90366936299995,40.641027314000041],[-109.89946169699999,40.649696274000064],[-109.90143727599997,40.65945567600005],[-109.91274175799998,40.679927397000029],[-109.92108743399996,40.69166315700005],[-109.92809014599999,40.702648148000037],[-109.92558785299997,40.713842045000035],[-109.92864978599994,40.728923402000078],[-109.93467141499997,40.740931899000032],[-109.94509682599994,40.756963910000024],[-109.94341343399998,40.778052851000041]]]},"properties":{"OBJECTID":13,"type":"reservation","date_open":"1902-05-27","COUNT":1,"SHAPE_Length":4.6692496149395035,"SHAPE_Area":0.96398270209112824}},{"type":"Feature","id":14,"geometry":{"type":"MultiPolygon","coordinates":[[[[-100.67847863599997,41.126492940000048],[-100.04005599499999,42.527418126000043],[-99.842956199999946,42.998335198000063],[-100.17943403899994,42.997383103000061],[-100.34960597399999,43.000701311000057],[-100.64051822299996,43.000081355000077],[-100.69093757699994,42.999938664000069],[-100.76942548399995,42.999675674000059],[-101.09449851799997,43.001355524000076],[-102.08695858599998,43.001203384000064],[-102.44550089499995,43.001414423000028],[-102.66002563799998,43.001044222000075],[-102.99423753899998,42.999726826000028],[-103.01476064299999,42.999616524000032],[-103.97897786099998,43.000887299000055],[-103.97976047599997,43.065574110000057],[-103.98030639199999,43.11061883800005],[-103.98373790999995,43.392304756000044],[-103.98486761299995,43.564012822000052],[-103.98677802399999,43.852261917000078],[-103.98828649199999,44.041449716000045],[-103.98814536999998,44.281230710000045],[-103.98830082099994,44.350385055000061],[-103.98761467399999,44.478496739000036],[-103.98709319899996,44.591539125000054],[-103.98431749699995,44.790853523000067],[-103.98421665299998,44.833656338000026],[-103.98390919499997,44.963785255000062],[-103.98343485299995,45.13607035900003],[-103.98966091999995,45.494000440000036],[-103.99059840999996,45.618457789000047],[-103.98301916299994,45.822069767000073],[-103.98420620799999,45.859927825000057],[-103.98559627299994,45.947136067000031],[-103.98752551099994,45.983191864000048],[-103.98830521399998,46.003862703000038],[-104.05737042199996,46.001558494000051],[-104.05737334299994,46.00234908300007],[-104.08005419399996,45.991791173000081],[-104.12401806999998,45.97288162500007],[-104.15907490099994,45.955101162000062],[-104.19567412299995,45.940631701000029],[-104.22925063099996,45.930636225000057],[-104.23669521799997,45.928732873000058],[-104.25315330099994,45.917309843000055],[-104.27487755599998,45.910916765000081],[-104.31387783599996,45.899477343000058],[-104.35761822899997,45.885214266000048],[-104.39359587399997,45.878238472000078],[-104.41792732399995,45.872366365000062],[-104.46105839599994,45.870180692000076],[-104.49236499299997,45.866702725000039],[-104.52905847099998,45.87026178800005],[-104.55529188199995,45.844426479000049],[-104.57546336399997,45.816835775000072],[-104.59162293699995,45.789982680000037],[-104.61249144599998,45.740129421000063],[-104.63560804499997,45.666950397000051],[-104.66912181399994,45.565583386000071],[-104.67578239099998,45.544591465000053],[-104.67924853299996,45.505178314000034],[-104.67765950699999,45.461084514000049],[-104.66880143599997,45.413414312000043],[-104.66326264699995,45.385111779000056],[-104.65665465099994,45.351382935000061],[-104.65610050999999,45.327281914000025],[-104.66328918299996,45.269847521000031],[-104.66358256999996,45.267501133000053],[-104.66245360599999,45.21666070100008],[-104.65858235499996,45.198036349000063],[-104.64914339199998,45.170702445000074],[-104.64548710899999,45.156126268000037],[-104.64050791299996,45.134227070000065],[-104.63116577999995,45.10999114100008],[-104.62358298699996,45.08372223300006],[-104.62070481999996,45.044699832000049],[-104.62458994399998,45.02841535500005],[-104.63152801999996,45.014793633000068],[-104.63434368799994,45.008146164000038],[-104.75374041099997,44.969651239000029],[-104.77567039799999,44.957691103000059],[-104.80271718699998,44.940145999000038],[-104.82548030299995,44.934390905000043],[-104.85190076999999,44.92314976800003],[-104.89145612299995,44.900530300000071],[-104.93520998499997,44.876555464000035],[-104.98125357999999,44.858675881000067],[-105.00528326199998,44.851749468000037],[-105.02654635699997,44.835600770000042],[-105.05027290199996,44.816134035000061],[-105.06685780799995,44.798216432000061],[-105.09041256899997,44.777705045000062],[-105.11758160099998,44.751697079000053],[-105.13238525899999,44.731801383000061],[-105.15370853299999,44.706201014000044],[-105.16413482499996,44.686613856000065],[-105.16599255899996,44.668690252000033],[-105.16667422199998,44.642478864000054],[-105.16054344099996,44.619898112000044],[-105.14962747499999,44.594522125000026],[-105.14104714199999,44.575255834000075],[-105.15148657899999,44.57659553600007],[-105.16497221099996,44.578760758000044],[-105.17614706199998,44.585278534000054],[-105.18818560599999,44.587546218000057],[-105.20818636499996,44.584001181000076],[-105.22762161099996,44.586774216000038],[-105.23954369299997,44.598465933000057],[-105.25321652099996,44.612122162000048],[-105.26760336999996,44.620491451000078],[-105.28820490899994,44.621077376000073],[-105.30099880999995,44.628513183000052],[-105.31149108799997,44.640303583000048],[-105.32838875699997,44.655809003000059],[-105.34204643299995,44.658990793000044],[-105.35775638399997,44.666206627000065],[-105.35580176299999,44.683097478000036],[-105.35354616699999,44.697916605000046],[-105.36290737699994,44.711879220000071],[-105.36425896999998,44.721198908000076],[-105.37072041399995,44.735374442000079],[-105.38269565899998,44.74704934500005],[-105.38350118599999,44.762687932000063],[-105.36365465999995,44.777755839000065],[-105.35021564399995,44.796534235000081],[-105.35116413499998,44.813206828000034],[-105.34744809599994,44.828128939000067],[-105.35988752799994,44.842909679000059],[-105.36811679599998,44.859045361000028],[-105.37052670299994,44.875608616000079],[-105.37072809799997,44.887102638000044],[-105.36279346599997,44.90337939300008],[-105.35967725799998,44.922439546000078],[-105.35244025199995,44.933432150000044],[-105.35384302299997,44.953205256000047],[-105.35972261499995,44.963234681000074],[-105.30116086399994,45.000149443000055],[-105.30058781999998,45.011104686000067],[-105.29771401699998,45.028545274000066],[-105.29215277199995,45.049818050000056],[-105.29145413399999,45.056186514000046],[-105.29068001899998,45.063900446000048],[-105.28717738399996,45.071429675000047],[-105.28765036299995,45.076564040000051],[-105.29000898699996,45.085389949000046],[-105.28995435599995,45.092476801000032],[-105.28806174799996,45.10180273900005],[-105.29043522099994,45.114455564000025],[-105.28966912699997,45.116975724000042],[-105.28805492499998,45.122285129000034],[-105.28867246099998,45.130279674000064],[-105.28679903999995,45.145345578000047],[-105.29056734199997,45.158278930000051],[-105.28609819099995,45.174106425000048],[-105.28688760499995,45.18514990400007],[-105.28870078899996,45.205113939000057],[-105.28806882799995,45.215685648000033],[-105.27946593099995,45.223581215000081],[-105.27648277599997,45.229155585000058],[-105.28527850199998,45.237512989000038],[-105.28905868599998,45.244893782000076],[-105.29243460499998,45.258810027000038],[-105.28806892999995,45.267928807000033],[-105.28027782499998,45.272128560000056],[-105.27203166799995,45.276934673000028],[-105.27593698899994,45.28143602800003],[-105.28258029399996,45.28612186600003],[-105.28625981799996,45.294657507000068],[-105.27973763199998,45.302017699000032],[-105.28189681999999,45.313150508000035],[-105.28007904099996,45.323039974000039],[-105.28446872399996,45.342046761000063],[-105.28553498299999,45.362440982000066],[-105.28357090899999,45.384392439000067],[-105.28680834999994,45.395445533000043],[-105.28081342899998,45.402765335000026],[-105.28054296899995,45.417705898000065],[-105.27834299399996,45.426855279000051],[-105.27526617499996,45.439319429000079],[-105.27475510199997,45.444624468000029],[-105.27396706299999,45.452802610000049],[-105.27553724799998,45.463592045000041],[-105.27658956599998,45.480156550000061],[-105.28401873499996,45.495687083000064],[-105.28536405099999,45.503049166000039],[-105.29016777699997,45.513604303000079],[-105.31532665899999,45.542347925000058],[-105.31694610099998,45.538243475000058],[-105.31883044299997,45.535514418000048],[-105.32150652399997,45.531638224000062],[-105.32518132199999,45.524797918000047],[-105.32969659599996,45.517896474000054],[-105.33745854099999,45.512851311000077],[-105.34066662499998,45.505745058000059],[-105.34084375499998,45.498260745000039],[-105.34060039599996,45.490806810000038],[-105.34035709299997,45.48335275200003],[-105.34011384799999,45.475898570000027],[-105.34289948199995,45.468822179000028],[-105.35200202599998,45.464275519000068],[-105.35608991199996,45.457402764000051],[-105.35756903299995,45.450121689000071],[-105.36211897499999,45.443513710000047],[-105.36847868099994,45.437670334000074],[-105.37580778499995,45.432652565000069],[-105.38129050199996,45.427612514000032],[-105.38216516099999,45.426808373000028],[-105.38717440399995,45.420464280000033],[-105.38608611699999,45.413070465000033],[-105.38672106699994,45.405849655000054],[-105.38819551299997,45.398567402000026],[-105.39454837299996,45.392722162000041],[-105.40326027399999,45.388497578000056],[-105.41243436899998,45.384537390000048],[-105.42017362599995,45.379485771000077],[-105.43095398899999,45.377798004000056],[-105.43966145999997,45.373570824000069],[-105.44955729399999,45.371647381000059],[-105.45940869699996,45.36942741200005],[-105.46857658599998,45.365463064000039],[-105.47787508799996,45.362385301000074],[-105.48662131899994,45.35845056800008],[-105.49651340699995,45.356523457000037],[-105.50580926699996,45.353443620000064],[-105.51311797199997,45.348417132000066],[-105.51764464299998,45.341802205000079],[-105.52217038199996,45.335187024000049],[-105.52669518599998,45.328571590000081],[-105.53344772299994,45.322687500000029],[-105.54264853099994,45.319013246000054],[-105.55248861799998,45.316785910000078],[-105.55974522399998,45.311460614000055],[-105.56291857799994,45.304345715000068],[-105.57156305899997,45.299813187000041],[-105.58020631899996,45.29528003300004],[-105.58889273499994,45.291042021000067],[-105.59248081499999,45.283894754000073],[-105.59745808199995,45.277540535000071],[-105.60108887299998,45.27068859600007],[-105.60123496699998,45.263200102000042],[-105.60620976099995,45.256845260000034],[-105.61396281499998,45.252076404000036],[-105.62074379599994,45.246482553000078],[-105.62613403099999,45.240095281000038],[-105.63244951799999,45.234236330000044],[-105.64019789199995,45.229465661000063],[-105.64743735199994,45.224134424000056],[-105.65194142099995,45.21751301300003],[-105.66052327199998,45.212677875000054],[-105.67034297099997,45.21044102500008],[-105.67951985699995,45.206756110000072],[-105.68865091399999,45.20277472600003],[-105.69837847799994,45.199944112000026],[-105.70231793999994,45.197777785000028],[-105.70658100799994,45.195433194000032],[-105.71524557999999,45.191185751000035],[-105.72108495399999,45.185057794000045],[-105.72339776699994,45.178000547000067],[-105.72969828199996,45.172136048000027],[-105.73242780999999,45.165046652000058],[-105.73515673799994,45.157957092000061],[-105.73319680299994,45.150625691000073],[-105.73550704899998,45.14356771100006],[-105.74319186299999,45.138494109000078],[-105.75189136599994,45.13453949400008],[-105.75637840499996,45.127913170000056],[-105.76405970399998,45.122838152000043],[-105.77321871999999,45.119145866000054],[-105.78246698099997,45.116044513000077],[-105.79328399199994,45.114917111000068],[-105.80354713499997,45.112933426000041],[-105.81316548299998,45.109501980000061],[-105.82231978299995,45.105806087000076],[-105.82994788499997,45.10043108900004],[-105.83766548599999,45.095647179000025],[-105.84579952999997,45.090830582000081],[-105.85439536499996,45.086277020000068],[-105.86252697199996,45.081459270000039],[-105.87121142999996,45.07749609800004],[-105.87934066999998,45.072677193000061],[-105.88649707899998,45.067034943000067],[-105.89411522999995,45.061655696000059],[-105.89946285099995,45.055254501000036],[-105.90573531499996,45.049379867000027],[-105.91288682399994,45.043735871000081],[-105.91725954699996,45.036511056000052],[-105.92209416899999,45.029549368000062],[-105.92748209499996,45.023442394000028],[-105.93324029599995,45.017006838000043],[-105.93992298299997,45.011097600000028],[-105.94614163899996,45.004924632000041],[-105.94708089399995,44.99736658900008],[-105.94950417699994,44.922437217000038],[-105.94266425599994,44.913324957000043],[-105.96026210899998,44.904232770000078],[-106.01599289799998,44.896002723000038],[-106.03894289699997,44.869110305000049],[-106.06514915399998,44.845812849000026],[-106.07823619199996,44.808108128000072],[-106.09041278299998,44.76467978900007],[-106.08386033199997,44.740107189000071],[-106.09543456599994,44.710232146000067],[-106.09838394499997,44.677179308000063],[-106.10341772399994,44.657472503000065],[-106.10398850599995,44.626535993000061],[-106.08499025999998,44.608741956000074],[-106.08705647099998,44.587338513000077],[-106.08319097399999,44.562544782000032],[-106.09325692999994,44.540501568000025],[-106.10419608599994,44.506799324000042],[-106.11010794599997,44.492808223000054],[-106.10653676599998,44.469918280000059],[-106.12073249799994,44.457193935000078],[-106.13818205499996,44.448069145000034],[-106.13992740299994,44.424750690000053],[-106.13281510499996,44.413732123000045],[-106.13279457699997,44.396349125000029],[-106.13779624999995,44.376630431000081],[-106.11915897099999,44.360740944000042],[-106.13507287499999,44.324689886000044],[-106.14950451899995,44.296480717000065],[-106.13796287199995,44.274225090000073],[-106.13970365199998,44.250899167000057],[-106.12169551399995,44.238822961000039],[-106.11165596899997,44.226104492000047],[-106.14233549699998,44.233297134000054],[-106.14201511899995,44.214000039000041],[-106.12577913799998,44.195984500000066],[-106.13666536999995,44.179648461000056],[-106.15371511799998,44.15121761100005],[-106.13484137999995,44.133415337000031],[-106.13863510199997,44.10605230300007],[-106.16161116399996,44.115791782000031],[-106.16744580299996,44.084395199000028],[-106.18505320899999,44.059772979000059],[-106.17648484599994,44.039205448000075],[-106.17202316699996,44.010571686000048],[-106.18256955799995,43.992317333000074],[-106.17166444099996,43.973870932000068],[-106.18220503499998,43.955615457000079],[-106.15634293299996,43.944182111000032],[-106.16599274999999,43.920199182000033],[-106.17326085099995,43.880939633000025],[-106.17966270099998,43.853348758000038],[-106.20805163099999,43.829763426000056],[-106.23816187599999,43.800226261000034],[-106.23721916099998,43.777095835000068],[-106.24706285699995,43.737606565000078],[-106.26598583199996,43.705103254000051],[-106.29547766799999,43.689131527000029],[-106.32442566699996,43.686738004000063],[-106.36976247099994,43.686844826000026],[-106.39456409499996,43.675106078000056],[-106.41682181999994,43.680987114000061],[-106.49078808799999,43.676719138000067],[-106.53489291399995,43.669129029000032],[-106.56075315599998,43.64758850100003],[-106.58536635599995,43.61840505300006],[-106.58877659899997,43.606502756000054],[-106.61752952799998,43.586634122000078],[-106.60950383499994,43.569898674000058],[-106.61553266799996,43.557770767000079],[-106.64085964299994,43.54979955400006],[-106.64132305299995,43.536209762000055],[-106.64255794999997,43.510938710000062],[-106.63592440099995,43.486340434000056],[-106.64826354399997,43.463987906000057],[-106.64533183499998,43.429390606000027],[-106.62483530499998,43.41759445200006],[-106.63285103499999,43.40141896800003],[-106.64887076199994,43.369065259000081],[-106.68150050099996,43.341085318000069],[-106.70794298899995,43.307818485000041],[-106.73989695299997,43.276000812000063],[-106.77922468099996,43.257087196000043],[-106.82699162799997,43.241294530000062],[-106.87420738899999,43.206156716000066],[-106.90364560499995,43.191939418000061],[-106.90581029799995,43.15687364200005],[-106.90109375299994,43.128226462000043],[-106.93381440199994,43.102080447000048],[-106.97693015199997,43.074997985000039],[-106.99847488199998,43.061450742000034],[-107.00477257099999,43.035693706000075],[-107.02141030399997,43.024516347000031],[-107.06470381499997,43.014822103000029],[-107.10478918999996,42.986015674000043],[-107.14288079999994,42.96124986600006],[-107.17151124999998,42.943144676000031],[-107.24462163699997,42.922912527000051],[-107.26281798599996,42.905734820000077],[-107.29593667299997,42.883304444000032],[-107.32904631099996,42.891893892000041],[-107.36443496999999,42.898325095000075],[-107.41538560999999,42.887786279000068],[-107.47769165299997,42.88198428000004],[-107.59322265399999,42.878900496000028],[-107.65090280299995,42.861803375000079],[-107.71508536699997,42.851818165000054],[-107.82219151399994,42.816322657000057],[-107.89135054699994,42.790229724000028],[-107.95703004799998,42.780550772000026],[-107.94986613199995,42.767990636000036],[-107.93263504799995,42.753999735000036],[-107.92217469599996,42.732116624000071],[-107.92854393199997,42.703773740000031],[-107.93690836699994,42.69572658900006],[-107.95547363399999,42.66257382200007],[-107.98138700499999,42.643162571000062],[-107.98353221399998,42.636924665000038],[-107.97210710899998,42.618753902000037],[-107.94710229199995,42.606731858000046],[-107.93354407599998,42.594794473000036],[-107.92480095999997,42.582386344000042],[-107.92694948299999,42.576148942000032],[-107.94276981499996,42.573398830000031],[-107.95517059899998,42.569775410000034],[-107.96318572599995,42.568991219000054],[-107.96202966499999,42.55343085100003],[-107.94793666699996,42.54757567300004],[-107.93747439399999,42.543775678000031],[-107.91646509199995,42.526536615000055],[-107.89066131299995,42.509761554000079],[-107.86836493399994,42.503491355000051],[-107.84475905999994,42.508194338000067],[-107.82338072499999,42.516293272000041],[-107.80443681699995,42.528974423000079],[-107.78242010899999,42.533510437000075],[-107.75329913799999,42.525467029000026],[-107.74160212899994,42.514538422000044],[-107.72774444099997,42.509843064000052],[-107.71652927899999,42.510919373000036],[-107.69074191599998,42.521826888000078],[-107.67254620799997,42.529592691000062],[-107.65429558799997,42.527719244000025],[-107.63723596799997,42.523319455000035],[-107.62313143899996,42.507790120000038],[-107.60640279599994,42.486483170000042],[-107.58311435599995,42.474232963000077],[-107.57165894499997,42.464473170000076],[-107.55158678599997,42.451912995000043],[-107.52675173799997,42.449440676000052],[-107.50814893399996,42.454811257000074],[-107.48957022199994,42.469816320000064],[-107.48097698499998,42.476649476000034],[-107.46915366499996,42.474145762000035],[-107.45812086599994,42.466747095000073],[-107.44871326799995,42.468834539000056],[-107.44112981899997,42.481594276000067],[-107.43392977799999,42.487088061000065],[-107.41871642699999,42.493330661000073],[-107.39867828899997,42.490383048000069],[-107.38044602499997,42.488468835000049],[-107.36922895399999,42.48951345200004],[-107.36321294299995,42.482844819000036],[-107.35339011099995,42.472915694000051],[-107.34037207499995,42.472920596000051],[-107.32535044899998,42.470700550000061],[-107.30992762799997,42.456469021000032],[-107.29691330899999,42.446831797000073],[-107.28109954499996,42.439861559000065],[-107.26168182799995,42.440450016000057],[-107.24586536999999,42.443112856000027],[-107.22865516599995,42.437469643000043],[-107.20743756099995,42.437010541000063],[-107.19142151399996,42.438480048000031],[-107.17378489099997,42.449731675000066],[-107.16575575799999,42.460101947000055],[-107.15131419499994,42.471056994000037],[-107.13847071999999,42.481864059000031],[-107.12064249899998,42.482284005000054],[-107.08459239599995,42.48074321100006],[-107.06453896599999,42.487378166000042],[-107.05590039599997,42.494181345000072],[-107.03544876499996,42.498438476000047],[-107.01820163599996,42.502403074000028],[-107.00654419599999,42.510678284000051],[-106.99473272199998,42.508129018000034],[-106.97971475399999,42.505866789000038],[-106.96246243699994,42.50982352300008],[-106.94802765299994,42.511117268000078],[-106.93364491899996,42.50277254000008],[-106.90187665199994,42.487550671000065],[-106.89076991999997,42.469277360000035],[-106.88928474899996,42.450145619000068],[-106.88498183199994,42.433672836000028],[-106.84123613699995,42.455077728000049],[-106.81221999499996,42.453771565000068],[-106.77853640899997,42.47226076700008],[-106.78149498799996,42.506900950000045],[-106.73805135099997,42.530112364000047],[-106.72166170699995,42.558691737000061],[-106.68545593199997,42.56185895200008],[-106.65137865899999,42.578398952000043],[-106.62900693399996,42.586158732000058],[-106.60632663099994,42.592002384000068],[-106.59991764899996,42.617754271000081],[-106.60050389999998,42.654528251000045],[-106.60169822199998,42.695123979000073],[-106.57790209899997,42.710744186000056],[-106.55915000199997,42.708484034000037],[-106.54221168899994,42.717692106000072],[-106.50602870599994,42.738234844000033],[-106.52901343599996,42.767267872000048],[-106.48392094999997,42.798250787000029],[-106.45456709599995,42.812376259000075],[-106.45446327399998,42.794948893000026],[-106.43509293899996,42.788846396000054],[-106.42480545699999,42.807155532000081],[-106.40731778399999,42.829947091000065],[-106.38014944699995,42.824495773000081],[-106.35268835899996,42.817126400000063],[-106.36524037399994,42.847061470000028],[-106.33494946799999,42.855421847000059],[-106.30524302999999,42.867598757000053],[-106.25236928199996,42.866206576000025],[-106.22985516399996,42.873890777000042],[-106.20469686099995,42.864360581000028],[-106.17782348999998,42.860777290000044],[-106.13246552299995,42.856775952000078],[-106.09058194699998,42.858282429000042],[-106.03973899299996,42.870187011000041],[-106.00392172999995,42.859551469000053],[-105.94989001299996,42.86780496800003],[-105.90222510999996,42.865842262000058],[-105.87735392999997,42.875584382000056],[-105.83347495099997,42.863612482000065],[-105.79164949099999,42.847591328000078],[-105.76396393699997,42.838178076000077],[-105.70527685299999,42.850564123000026],[-105.64368971799996,42.861212366000075],[-105.57412805399997,42.853097475000027],[-105.51211288399998,42.842426431000035],[-105.48117401899998,42.846749314000078],[-105.44421440399998,42.84572169300003],[-105.41836803599995,42.830289076000042],[-105.41485276899999,42.805404612000075],[-105.41107002099994,42.778604920000078],[-105.38677801599994,42.755307922000043],[-105.38041251499999,42.728703947000042],[-105.39329941199998,42.708368089000032],[-105.39731558599999,42.680968471000028],[-105.38397761299996,42.660701915000061],[-105.35383282199996,42.651392846000078],[-105.29237332899999,42.661868565000077],[-105.27161691699996,42.663438729000063],[-105.21242002799994,42.652418406000038],[-105.17944580299996,42.641346256000077],[-105.13456022999998,42.63889258200004],[-105.11119754099997,42.621283043000062],[-105.09225188399995,42.597537885000065],[-105.05750990099995,42.592370950000031],[-105.05051150999998,42.579345084000067],[-105.03134076799995,42.553673654000079],[-104.99739827599996,42.554236485000047],[-104.98161576199999,42.534113537000053],[-104.97543162999995,42.507481367000025],[-104.96848353199994,42.475100052000073],[-104.93483548399996,42.477561642000069],[-104.92812787399998,42.466443040000058],[-104.95582736299997,42.458614135000062],[-104.95534502199996,42.43543167200005],[-104.94244421599996,42.417027422000046],[-104.95409615699998,42.406500028000039],[-104.93963674099996,42.395949115000064],[-104.91772169099994,42.368526975000066],[-104.90382815099997,42.342451591000042],[-104.88321122699995,42.324603950000039],[-104.86072445399998,42.332042904000048],[-104.86350458799996,42.353124624000031],[-104.84875858199996,42.359998322000081],[-104.82739562399996,42.336391993000063],[-104.81146366199994,42.314325223000026],[-104.79270984899995,42.290525104000039],[-104.76597717399994,42.265361274000043],[-104.72070845799999,42.23764994000004],[-104.67610857299996,42.235027771000034],[-104.64723719099999,42.233209625000029],[-104.63372475799997,42.249644270000033],[-104.60497793699994,42.228461279000044],[-104.56861588599998,42.229087915000036],[-104.52700229799996,42.208792082000059],[-104.47389361299997,42.17961123200007],[-104.41424026399994,42.139255544000036],[-104.35818376899999,42.10636429300007],[-104.31578789999998,42.099597248000066],[-104.27128491499997,42.07555104100004],[-104.20130565599999,42.055145220000043],[-104.15872587699994,42.046404745000075],[-104.12272502599996,42.027540331000068],[-104.10475313799998,42.007465163000063],[-104.08959338699998,41.989134489000037],[-104.04428893699998,41.987134315000048],[-103.96450238199998,41.955565354000043],[-103.92361854199999,41.949835471000029],[-103.86733473699996,41.949893385000053],[-103.84169491199998,41.943748310000046],[-103.79861467199999,41.932717059000026],[-103.76585230799998,41.920411399000045],[-103.73486339099998,41.895379467000055],[-103.71187031999995,41.869832305000045],[-103.68917911599999,41.853866022000034],[-103.66652213399999,41.852299433000042],[-103.63602921499995,41.852422828000044],[-103.61038027499995,41.845632422000051],[-103.57005552699997,41.82955088600005],[-103.53419939899999,41.810178255000039],[-103.49948964699996,41.793725857000027],[-103.42831893499999,41.766302415000041],[-103.35877684799999,41.745942595000031],[-103.31459107199998,41.730016559000035],[-103.28179358899996,41.722992409000028],[-103.24578872299998,41.708350659000075],[-103.19198052099995,41.691758163000031],[-103.16564114999994,41.684920150000039],[-103.13063712599995,41.686988396000061],[-103.10687930699999,41.681785966000064],[-103.09304410499999,41.679597812000054],[-103.07369224099995,41.67053058700003],[-103.05398322499997,41.665681448000043],[-103.04033092599997,41.657476743000075],[-103.02936963799999,41.644314102000067],[-103.00765111599998,41.635374685000045],[-102.97144547699997,41.625468023000053],[-102.94937201499994,41.620739184000058],[-102.92259298899995,41.616876065000042],[-102.90493172799995,41.608286797000062],[-102.88201337799995,41.602994494000029],[-102.86662450499995,41.593070643000033],[-102.84299485699995,41.580612287000065],[-102.82982050199996,41.568758796000054],[-102.80205596499997,41.554726950000031],[-102.79075798399998,41.553562986000031],[-102.76766524099997,41.554259481000031],[-102.74892406199996,41.550508927000067],[-102.71633050299994,41.543927397000061],[-102.69221808299994,41.526069155000073],[-102.66326139399996,41.515672988000063],[-102.64672310499998,41.501587365000034],[-102.61664276699997,41.487643259000038],[-102.59735104899994,41.477901710000026],[-102.58283777199995,41.476295058000062],[-102.55244668899996,41.467151984000054],[-102.53640715099999,41.466222707000043],[-102.50851699699996,41.44973509600004],[-102.48511634099998,41.446796929000072],[-102.45560100399996,41.438183400000071],[-102.43431023299996,41.423725645000047],[-102.42032467699994,41.419072830000061],[-102.38598391299996,41.392705019000061],[-102.37512263199994,41.387281855000026],[-102.35667099399996,41.385857559000044],[-102.33130823199997,41.387193187000037],[-102.31466338099995,41.388066794000054],[-102.30069326099999,41.383399975000032],[-102.26849373199997,41.362287456000047],[-102.25491436799996,41.361793920000025],[-102.23641765499997,41.359754242000065],[-102.06021855799997,41.293783275000067],[-102.04011000399998,41.291196035000041],[-102.02358995299994,41.293223739000041],[-102.00632959999996,41.295885805000069],[-101.98670078899994,41.289667488000077],[-101.96976285399995,41.286910878000072],[-101.95150261299995,41.287215884000034],[-101.92463701399998,41.289141573000052],[-101.91234864399996,41.284948589000066],[-101.89885848299997,41.276015879000056],[-101.87487763199994,41.265195928000026],[-101.85774590499994,41.26003479700006],[-101.83959419299998,41.26151722000003],[-101.82325742999996,41.256312736000041],[-101.80559359799997,41.254168496000034],[-101.77347078799994,41.240723851000041],[-101.75744515899999,41.239093751000041],[-101.72228125699996,41.236575078000044],[-101.69844143799997,41.226914175000047],[-101.67737724399996,41.22191467500005],[-101.64835661899997,41.21668617000006],[-101.60836437699999,41.213162521000072],[-101.59230039699997,41.210913088000041],[-101.56130580899998,41.210552528000051],[-101.53354321099994,41.201041714000041],[-101.51635715899994,41.194637069000066],[-101.49164927999999,41.193370587000061],[-101.46983907399999,41.198562224000057],[-101.44498830699996,41.195494029000031],[-101.42479040899997,41.191011762000073],[-101.40585693999998,41.192464577000067],[-101.37221822099997,41.18857758200005],[-101.33997894399994,41.192412654000066],[-101.28671776699997,41.180979600000057],[-101.23464432599997,41.195248786000036],[-101.17805453099999,41.181515519000072],[-101.13443597399998,41.192378655000027],[-101.09362100199996,41.209100497000065],[-101.06513648299995,41.210304086000065],[-101.03216821999996,41.20449616500008],[-101.01172781599996,41.207148239000048],[-100.98755555999998,41.202159983000058],[-100.96131602599996,41.201447821000045],[-100.93235953799996,41.19604673200007],[-100.89662901899999,41.195709685000054],[-100.87427967999997,41.205008601000031],[-100.85646099199994,41.211123580000049],[-100.84142503299995,41.211730016000047],[-100.81655622699998,41.207934517000069],[-100.80055821699995,41.194790617000081],[-100.78527513199998,41.191804276000028],[-100.77499043799997,41.180826728000056],[-100.76420863399994,41.174063124000043],[-100.75126319099996,41.170380653000052],[-100.71548572199998,41.146020739000051],[-100.67847863599997,41.126492940000048]]],[[[-98.493441295999958,47.782848873000034],[-98.521731110999951,47.788219291000075],[-98.491332711999974,47.836378507000063],[-98.434768453999936,47.92933023300003],[-98.344341898999971,48.00353554600008],[-98.682816141999979,48.07681610700007],[-99.008541802999957,48.144944370000076],[-99.261480047999953,48.126711752000062],[-99.432780599999944,48.006641063000075],[-99.667003162999947,47.84553234200007],[-99.765313764999974,47.774544605000074],[-99.853273294999951,47.719352141000059],[-99.86613910799997,47.706259810000063],[-99.855395440999985,47.713838592000059],[-99.834014266999986,47.720053625000048],[-99.81630628299996,47.724040502000037],[-99.802254306999941,47.721863379000069],[-99.789298764999955,47.720721156000081],[-99.764593640999976,47.720467825000071],[-99.755897466999954,47.725065144000041],[-99.750353257999961,47.726166323000029],[-99.739766805999977,47.727407443000061],[-99.733861361999971,47.72719274800005],[-99.724311869999951,47.71780209800005],[-99.711462147999953,47.709448276000046],[-99.66152436699997,47.709301775000029],[-99.647578450999958,47.71062710700005],[-99.532803891999947,47.709713565000072],[-99.508406545999947,47.71175269500003],[-99.499151859999984,47.718657110000038],[-99.490110372999936,47.729341075000036],[-99.47529011599994,47.737144670000077],[-99.464985765999984,47.741498828000033],[-99.447432334999974,47.740737943000056],[-99.423238783999977,47.741658013000063],[-99.41061762399994,47.740766868000037],[-99.399123738999947,47.73590902400008],[-99.384667754999953,47.730216103000032],[-99.371551328999942,47.728425221000066],[-99.341087221999942,47.725399020000054],[-99.321599463999974,47.721944152000049],[-99.287094893999949,47.720257894000042],[-99.272545494999974,47.715691015000061],[-99.259308294999983,47.70938719600008],[-99.238882523999962,47.699658711000041],[-99.209529745999987,47.696008362000043],[-99.177045481999983,47.696779313000036],[-99.156495335999978,47.695180806000053],[-99.136380631999941,47.691108279000048],[-99.121733915999982,47.684255906000033],[-99.105035060999967,47.675556310000047],[-99.089953764999962,47.665492268000037],[-99.076523002999977,47.649873451000076],[-99.064838518999977,47.640296219000049],[-99.048719188999939,47.631575732000044],[-99.027010058999963,47.622979236000049],[-99.007581500999947,47.615085407000038],[-98.995204533999981,47.608167604000073],[-98.986112317999982,47.599660953000068],[-98.985148785999968,47.591351742000029],[-98.983291803999975,47.581926144000079],[-98.977614076999942,47.574478519000081],[-98.963415521999991,47.567834292000043],[-98.948032961999957,47.567936342000053],[-98.937541228999976,47.567929683000045],[-98.925550844999975,47.565824752000026],[-98.907024663999948,47.565990597000052],[-98.900030306999952,47.558568088000072],[-98.888968710999961,47.553836281000031],[-98.871938460999957,47.548521351000034],[-98.866523441999959,47.544850110000027],[-98.86559036899996,47.532325190000051],[-98.854525167999952,47.527353712000036],[-98.843101727999965,47.522152177000066],[-98.833872649999989,47.519033639000043],[-98.829312819999984,47.51865650700006],[-98.823814313999947,47.520666042000073],[-98.817628064999951,47.522926486000074],[-98.805463174999943,47.524365011000043],[-98.80162288799994,47.524445287000049],[-98.797905908999951,47.519552152000074],[-98.798796789999983,47.50840833400008],[-98.804310043999976,47.49906126500008],[-98.814090415999942,47.476130559000069],[-98.816432443999986,47.450986564000061],[-98.817997319999961,47.431894576000047],[-98.836092691999966,47.400494608000031],[-98.842287369999951,47.391128273000049],[-98.846257575999971,47.363811311000063],[-98.852153535999946,47.355633880000028],[-98.865116689999979,47.342094433000057],[-98.866212483999959,47.335676455000055],[-98.866795313999944,47.325716747000058],[-98.855712332999985,47.319559337000044],[-98.848441244999947,47.308409021000045],[-98.849178147999964,47.294181900000069],[-98.850245265999945,47.28108411900007],[-98.855503002999967,47.274339308000037],[-98.861403453999969,47.269475396000075],[-98.869261534999964,47.270822721000059],[-98.875174615999981,47.260272618000045],[-98.881692637999947,47.246619716000055],[-98.886507016999985,47.23647107100004],[-98.884984458999952,47.221720936000054],[-98.821441130999972,47.17038851600006],[-98.819449354999961,47.157161682000037],[-98.799568894999936,47.135401941000055],[-98.798218996999992,47.116573838000079],[-98.785678849999954,47.099546814000064],[-98.782761645999983,47.07412621900005],[-98.775956209999947,47.065925887000049],[-98.776397096999972,47.041039492000039],[-98.774943243999985,47.033333313000071],[-98.769806634999952,47.028851588000066],[-98.748481805999972,47.013213999000072],[-98.749788373999991,46.981590342000061],[-98.749043794999977,46.974778353000033],[-98.747239061999949,46.96905025500007],[-98.743401735999953,46.96245373000005],[-98.740229411999962,46.955843258000073],[-98.736340299999938,46.948033537000072],[-98.731471903999989,46.94312668200007],[-98.729932790999953,46.933295534000081],[-98.73214762899994,46.928242537000074],[-98.737982622999937,46.924935628000071],[-98.739338123999971,46.920507093000026],[-98.738755498999978,46.917332498000064],[-98.736135049999973,46.91313772500007],[-98.731174537999948,46.911115556000027],[-98.723143633999939,46.909763295000062],[-98.706726106999952,46.909037298000044],[-98.698689429999945,46.907531935000065],[-98.693255345999944,46.904759254000055],[-98.686792982999975,46.898668701000076],[-98.67872551399995,46.896403995000071],[-98.666265359999954,46.89407549200007],[-98.649695046999966,46.888337775000025],[-98.635022703999937,46.88161176300008],[-98.624411643999963,46.872717014000045],[-98.623696247999987,46.862297701000045],[-98.619840841999974,46.856113794000066],[-98.613191545999939,46.849226018000081],[-98.601602792999984,46.84319380200003],[-98.600749755999971,46.836001482000029],[-98.59651943099999,46.827357567000035],[-98.590594005999947,46.817797916000075],[-98.584915075999959,46.807474064000075],[-98.585500877999948,46.794940354000062],[-98.598087766999981,46.775435113000071],[-98.607121872999983,46.766908403000059],[-98.615546151999979,46.757064615000047],[-98.62054640599996,46.744631256000048],[-98.621243818999972,46.734939435000058],[-98.624827597999968,46.715131988000053],[-98.623917903999939,46.706609999000079],[-98.628584536999938,46.699495211000055],[-98.628880558999981,46.693416142000046],[-98.625003204999985,46.686471065000035],[-98.622520283999961,46.679877657000077],[-98.622291991999987,46.662926826000046],[-98.615551945999982,46.653380534000064],[-98.610018310999976,46.646277382000051],[-98.605877431999943,46.632882468000048],[-98.605797387999985,46.624342185000046],[-98.598419328999967,46.619172758000047],[-98.59013827199999,46.612122355000054],[-98.572374428999979,46.58874127100006],[-98.560892088999992,46.584029139000052],[-98.546567954999944,46.577092850000042],[-98.531566574999943,46.566940600000066],[-98.501398888999972,46.549119395000048],[-98.483331710999948,46.537614456000028],[-98.47188749999998,46.532058149000079],[-98.467078111999967,46.52728795400003],[-98.467225298999949,46.519842566000079],[-98.471751488999985,46.511859170000037],[-98.472360141999957,46.499392128000068],[-98.467790918999981,46.495072794000066],[-98.457264641999984,46.490257070000041],[-98.447381488999952,46.484972795000033],[-98.432701085999952,46.480687997000075],[-98.423515842999961,46.476300396000056],[-98.41572965499995,46.468240617000049],[-98.41327006299997,46.461449792000053],[-98.410360045999937,46.454363242000056],[-98.397784565999984,46.445946679000031],[-98.384781574999977,46.43630852900003],[-98.378672415999972,46.427303921000032],[-98.374962945999982,46.416356397000072],[-98.354398363999962,46.402483167000071],[-98.352070501999947,46.384292572000049],[-98.332912413999964,46.348737315000051],[-98.331670147999944,46.335570205000067],[-98.324819575999982,46.326431824000053],[-98.324846565999962,46.317883479000045],[-98.32247764899995,46.300116831000025],[-98.319327894999958,46.289012132000039],[-98.315671258999942,46.273404141000071],[-98.31100741299997,46.258288202000074],[-98.303003201999957,46.245367729000066],[-98.295910989999982,46.238605162000056],[-98.288897843999962,46.233978161000039],[-98.279842360999965,46.229623828000058],[-98.273677927999984,46.229493542000057],[-98.266162609999981,46.22986134100006],[-98.256629195999949,46.231213470000057],[-98.244692838999981,46.232368626000039],[-98.238127224999971,46.230581120000068],[-98.228467270999943,46.228371013000071],[-98.215071229999978,46.226935935000029],[-98.198893457999986,46.217669426000043],[-98.179537348999986,46.202080831000046],[-98.163787563999961,46.191654525000047],[-98.163657268999941,46.177881015000025],[-98.168470054999943,46.153219766000063],[-98.180829647999985,46.124839659000031],[-98.18903678199996,46.111818525000047],[-98.19469576399996,46.100284241000054],[-98.19550366499999,46.087571166000032],[-98.19988783499997,46.044010215000071],[-98.203952019999974,46.02903936000007],[-98.210140435999961,46.026828517000069],[-98.223655987999962,46.020059806000063],[-98.229560854999988,46.014180251000028],[-98.231229423999991,46.00578759900003],[-98.232089539999947,45.999233543000059],[-98.234123780999937,45.988857209000059],[-98.237099178999983,45.980441541000062],[-98.241580701999965,45.977626977000057],[-98.244172468999977,45.970738393000033],[-98.249190326999951,45.958484508000026],[-98.253836485999955,45.937262538000027],[-98.240393715999971,45.926999376000026],[-98.234956743999987,45.921160683000039],[-98.233632067999963,45.914490651000051],[-98.236568539999951,45.911245913000073],[-98.244774167999992,45.909127202000036],[-98.259969325999975,45.907495224000058],[-98.270133494999982,45.905340848000037],[-98.276426117999961,45.898537833000034],[-98.27679582799999,45.882154693000075],[-98.276522344999989,45.865045300000077],[-98.285115040999983,45.858001175000027],[-98.291777601999968,45.854080594000038],[-98.295250998999961,45.846650279000073],[-98.299622806999992,45.835875775000034],[-98.30231990599998,45.825843684000063],[-98.307290943999988,45.812918142000058],[-98.313601365999943,45.799492651000037],[-98.314386764999938,45.793059612000036],[-98.311689542999943,45.784311026000069],[-98.303758335999987,45.781123483000044],[-98.301181446999976,45.770162794000044],[-98.301777957999946,45.75660941700005],[-98.30502239499998,45.750160700000038],[-98.314537322999968,45.742839230000072],[-98.33100512599998,45.735544344000061],[-98.351600537999957,45.728324603000033],[-98.362849451999978,45.721119801000043],[-98.363319177999983,45.693200440000055],[-98.369492135999963,45.683444651000059],[-98.373108180999964,45.674337875000049],[-98.378482519999977,45.647776705000069],[-98.377788876999944,45.63500360900008],[-98.373750037999969,45.631424541000058],[-98.36887835899995,45.628773865000028],[-98.36404657199995,45.627187786000036],[-98.358803949999981,45.626217877000045],[-98.349892797999985,45.625771034000081],[-98.338185740999961,45.625982961000034],[-98.326511916999948,45.627106523000066],[-98.320619474999944,45.626146753000057],[-98.317064218999974,45.621219010000061],[-98.315607353999951,45.610970336000037],[-98.31034933899997,45.608019876000071],[-98.30910038899998,45.603475513000035],[-98.308616090999976,45.597585494000043],[-98.31114572499996,45.592593021000027],[-98.315369002999944,45.589472988000068],[-98.318370326999968,45.582568955000056],[-98.316621141999974,45.579175099000054],[-98.312122933999945,45.574688614000081],[-98.309520697999972,45.570168103000071],[-98.308856393999974,45.542072898000072],[-98.316915042999938,45.532794013000057],[-98.324554828999965,45.526947549000056],[-98.327822769999955,45.520037459000037],[-98.329175561999989,45.512590746000058],[-98.326886713999954,45.50920624500003],[-98.322316658999966,45.502627245000042],[-98.31425926999998,45.496871818000045],[-98.30944846899996,45.491057839000064],[-98.308417314999986,45.484985797000036],[-98.308135664999952,45.477187291000064],[-98.306376181999951,45.473412074000066],[-98.30266973099998,45.468148859000053],[-98.300849207999988,45.462661554000078],[-98.302043222999941,45.458262482000066],[-98.309279192999952,45.456420188000038],[-98.314510922999943,45.45899126300003],[-98.321413229999962,45.462864463000074],[-98.327561041999957,45.460850384000025],[-98.327304855999955,45.453812375000041],[-98.326411373999974,45.444120898000051],[-98.334842377999962,45.437300103000041],[-98.335714779999989,45.431573775000061],[-98.331627258999958,45.423272119000046],[-98.329202972999951,45.416082334000066],[-98.333358227999952,45.411438604000068],[-98.336293704999946,45.403009505000057],[-98.33873007599999,45.395731430000069],[-98.349749749999944,45.386774074000073],[-98.353179884999975,45.377192802000081],[-97.483424319999983,45.06600264900004],[-97.357773902999952,45.019252522000045],[-97.257365393999976,44.98175326300003],[-97.239141808999989,44.976216204000025],[-97.235073574999944,44.97694539400004],[-97.232120889999976,44.97747454000006],[-97.084676824999974,45.238540469000043],[-97.003277193999963,45.381630224000048],[-96.881713156999979,45.59396190700005],[-96.874702496999987,45.640934211000058],[-96.852699906999987,45.66847010400005],[-96.806770055999948,45.704709663000074],[-96.793109252999955,45.719342436000034],[-96.781384134999939,45.726259771000059],[-96.758914045999973,45.734832662000031],[-96.745991784999944,45.740226637000035],[-96.74010803799996,45.748056951000081],[-96.733699318999982,45.757601222000062],[-96.724837050999952,45.766588219000027],[-96.708897047999983,45.774662503000059],[-96.695668393999938,45.782530018000045],[-96.686241389999964,45.790375995000034],[-96.677670070999966,45.80220952600007],[-96.671292706999964,45.816122254000049],[-96.66634010599995,45.836491021000029],[-96.662949232999949,45.850386856000057],[-96.663955276999957,45.879388860000063],[-96.659368016999963,45.88321417700007],[-96.65230504799996,45.884580464000067],[-96.64547336399994,45.881953157000055],[-96.638052057999971,45.874765946000025],[-96.633153485999969,45.874789878000058],[-96.630483035999987,45.879935568000064],[-96.629266556999937,45.921951381000042],[-96.619195599999955,45.928001481000081],[-96.620423870999957,45.949141264000048],[-96.622670368999991,45.96979996400006],[-96.621210810999969,45.975223573000051],[-96.61436796199996,45.986374157000057],[-96.598188247999985,46.005264032000071],[-96.601322463999963,46.03018006800005],[-96.604916480999975,46.049403660000053],[-96.602610088999938,46.057965244000059],[-96.598574545999952,46.064159361000065],[-96.590146524999966,46.075123468000072],[-96.587181053999984,46.086537294000038],[-96.58708207899997,46.091475598000045],[-96.586947759999987,46.098175982000043],[-96.595299693999948,46.115000315000032],[-96.598492138999973,46.127572505000046],[-96.600361361999944,46.144563381000069],[-96.608335528999987,46.15663746000007],[-96.611537274999989,46.169682945000034],[-96.616479680999987,46.185806598000056],[-96.622103813999956,46.201451317000078],[-96.622475804999965,46.209172649000038],[-96.622533832999977,46.21037691500004],[-96.623869232999937,46.220912523000038],[-96.630584597999984,46.23569562800003],[-96.636524966999957,46.254755012000032],[-96.636186169999974,46.261878859000035],[-96.633480055999939,46.278699862000053],[-96.639318381999942,46.287217632000079],[-96.643540714999972,46.298306655000033],[-96.641564264999943,46.306007480000062],[-96.631757218999951,46.311752137000042],[-96.627720584999963,46.319177549000074],[-96.62615268899998,46.326875770000072],[-96.63439279499994,46.328545209000026],[-96.64674206899997,46.329909095000062],[-96.64801953999995,46.334175326000036],[-96.642315172999986,46.339330360000076],[-96.637438159999988,46.345050709000077],[-96.644085405999988,46.351569202000064],[-96.654850468999939,46.358351594000055],[-96.664335552999944,46.360582459000057],[-96.682042684999942,46.362200535000056],[-96.689858775999937,46.362159689000066],[-96.69367417999996,46.372392796000042],[-96.695841646999952,46.382349476000059],[-96.699225509999962,46.390590637000059],[-96.71077167499999,46.392522215000042],[-96.723559852999983,46.395015522000051],[-96.726131327999951,46.403829794000046],[-96.727096244999984,46.416070062000074],[-96.729227554999966,46.422323298000038],[-96.73958870599995,46.427960807000034],[-96.745829949999973,46.433336108000049],[-96.746862358999977,46.44049676800006],[-96.758486313999981,46.450256030000048],[-96.758652741999981,46.450395729000036],[-96.762143227999957,46.455121398000074],[-96.760481236999965,46.459639530000061],[-96.758512899999971,46.467244058000063],[-96.76029876399997,46.47292851900005],[-96.757625896999969,46.479113185000074],[-96.75736545999996,46.485995647000038],[-96.767378726999937,46.490208506000045],[-96.779460413999971,46.494882866000069],[-96.788135134999948,46.501711896000074],[-96.787449780999964,46.529237594000051],[-96.790286235999986,46.536100696000062],[-96.794818232999944,46.541055483000036],[-96.794229818999952,46.548887860000036],[-96.787750725999956,46.553196970000045],[-96.779595614999948,46.561074058000031],[-96.780724802999941,46.568895783000073],[-96.780472438999936,46.576251095000032],[-96.78261925999999,46.582880402000058],[-96.789900391999936,46.58734400000003],[-96.792715733999955,46.592308497000033],[-96.793137879999961,46.598473317000071],[-96.794577466999954,46.603445905000058],[-96.80183754799998,46.606011158000058],[-96.809798802999978,46.609520485000075],[-96.811596449999968,46.615439332000051],[-96.811365964999936,46.624216831000069],[-96.813053772999979,46.627996696000025],[-96.831753550999963,46.636134120000065],[-96.835957439999959,46.641515256000048],[-96.838099671999942,46.647193909000066],[-96.844463401999974,46.659391380000045],[-96.850389130999986,46.669598841000038],[-96.850903160999962,46.67699489000006],[-96.846849704999954,46.682997253000053],[-96.836183010999946,46.689326011000048],[-96.83253332299995,46.694756019000067],[-96.829834818999984,46.709570568000061],[-96.830403454999953,46.721233898000037],[-96.829073158999961,46.745713117000037],[-96.83245633599995,46.751097998000034],[-96.834594404999962,46.756206054000074],[-96.834309665999967,46.765881676000049],[-96.83315489599994,46.772432870000046],[-96.826206066999987,46.779304766000052],[-96.82639923499994,46.781918018000056],[-96.826710600999945,46.786129796000068],[-96.838855047999971,46.796010903000081],[-96.849350051999977,46.80618574500005],[-96.852339475999941,46.812709749000078],[-96.851308224999968,46.819800795000049],[-96.843251279999947,46.83692075600004],[-96.82958290299996,46.848148518000073],[-96.825534474999984,46.855522227000051],[-96.826709336999954,46.865944658000046],[-96.827510629999949,46.874235846000033],[-96.823469657999965,46.882319992000077],[-96.822729968999965,46.904841373000068],[-96.816084306999983,46.92550185500005],[-96.799165282999979,46.927974841000037],[-96.793011154999988,46.93369963300006],[-96.794279082999992,46.940489042000081],[-96.794868015999953,46.943642062000038],[-96.797748467999952,46.952393151000081],[-96.81045418399998,46.947537686000032],[-96.827361162999978,46.94107355500006],[-96.841127188999963,46.935536218000038],[-96.847377072999961,46.937155388000065],[-96.848899926999991,46.947336139000072],[-96.852780906999953,46.95276186600006],[-96.861174807999987,46.959106109000061],[-96.860208609999972,46.964325840000072],[-96.85024234399998,46.969603439000025],[-96.852044499999977,46.974805196000034],[-96.867009459999963,46.980395486000077],[-96.88165438499999,46.987644867000029],[-96.880736448999983,46.996181396000054],[-96.889805894999938,47.002041332000033],[-96.916590866999968,46.984782529000029],[-96.926525692999974,46.977604636000081],[-96.936807946999977,46.970660363000036],[-96.945671029999971,46.961592468000049],[-96.949246767999966,46.946400028000028],[-96.952427689999979,46.928128699000069],[-96.952159471999948,46.910592217000044],[-96.942264970999986,46.896678991000044],[-96.940393142999937,46.887211369000056],[-96.941475049999951,46.867292976000044],[-96.952734717999988,46.844258815000046],[-96.952122137999936,46.818622609000045],[-96.952217135999945,46.817690972000037],[-96.954428252999946,46.795998311000062],[-96.958343770999988,46.777609726000037],[-96.966442360999963,46.766596784000058],[-96.981132930999991,46.757241443000055],[-96.993007003999992,46.744585751000045],[-97.003519804999939,46.733361631000037],[-97.006861174999983,46.726696643000025],[-97.004582734999985,46.713671626000064],[-96.995666160999974,46.695004794000056],[-96.995140381999988,46.683625420000055],[-96.999570405999975,46.680508910000071],[-97.013704378999989,46.680875467000078],[-97.021961838999971,46.680100335000077],[-97.023622444999944,46.676292900000078],[-97.017688433999979,46.671595514000046],[-97.015188454999986,46.666159939000067],[-97.018900314999939,46.661387949000073],[-97.018834663999939,46.657356528000037],[-97.015650230999938,46.65216322200007],[-97.013820709999948,46.645536288000073],[-97.016529290999983,46.642669267000031],[-97.023021257999972,46.639535701000057],[-97.031249703999947,46.637336969000046],[-97.039117528999952,46.63419179400006],[-97.043866360999971,46.629884882000056],[-97.045144426999968,46.62394493000005],[-97.049547859999961,46.619640425000057],[-97.055383383999981,46.618645062000041],[-97.064980668999965,46.61619591300007],[-97.071508047999941,46.615431434000072],[-97.079477399999973,46.618450046000078],[-97.087099185999989,46.621233826000037],[-97.09434840199998,46.622359863000042],[-97.105674136999937,46.62036781200004],[-97.112075080999944,46.612486333000049],[-97.113040125999987,46.608682903000044],[-97.115725667999982,46.604864879000047],[-97.119472861999952,46.602698227000076],[-97.124252091999949,46.600522656000066],[-97.129714886999977,46.598103828000035],[-97.132760178999945,46.595231119000061],[-97.134730068999943,46.589995397000052],[-97.140535566999972,46.587573092000071],[-97.159974656999964,46.589265627000032],[-97.165761456999974,46.585893473000056],[-97.172504167999989,46.578479686000037],[-97.17963386699995,46.57343424700008],[-97.192717378999987,46.574028162000047],[-97.205792010999971,46.574146398000039],[-97.21605525199999,46.571205293000048],[-97.225574037999991,46.565423449000036],[-97.230602141999952,46.55873387500003],[-97.239137770999946,46.555569705000039],[-97.243118098999958,46.548177573000032],[-97.251232129999948,46.541220464000048],[-97.259735740999986,46.536631553000063],[-97.273184966999963,46.538637502000029],[-97.281793291999975,46.539265756000077],[-97.291398861999937,46.538222882000071],[-97.304525424999952,46.541177821000076],[-97.316686643999958,46.547225381000032],[-97.329745843999945,46.546856921000028],[-97.341717677999952,46.543888455000058],[-97.359460285999944,46.537537803000077],[-97.364133322999976,46.531083416000058],[-97.36807666499999,46.522738186000026],[-97.37726169199999,46.518371543000057],[-97.386222391999979,46.519463840000071],[-97.396610805999956,46.522913092000067],[-97.417960456999936,46.524583019000033],[-97.427577700999962,46.524241809000046],[-97.434772930999941,46.523214503000077],[-97.436666437999975,46.515838376000033],[-97.437485287999948,46.506575573000077],[-97.442916880999974,46.503668742000059],[-97.450120463999951,46.503114990000029],[-97.457733599999983,46.505403711000042],[-97.468600460999937,46.514536832000033],[-97.477967292999949,46.518228418000035],[-97.49274890099997,46.518298892000075],[-97.502398862999939,46.519375485000069],[-97.508337582999957,46.523341249000055],[-97.518435615999977,46.528682436000054],[-97.526944755999978,46.530637206000051],[-97.536818824999955,46.526725965000026],[-97.544903304999991,46.519987621000041],[-97.552595484999983,46.511355009000056],[-97.555370164999943,46.498508725000079],[-97.555484340999953,46.489252901000043],[-97.551785739999957,46.478618077000078],[-97.553664153999989,46.471239428000047],[-97.55375504899996,46.461033981000071],[-97.55391048499996,46.453438018000043],[-97.554303431999983,46.441567255000052],[-97.551736894999976,46.434952401000032],[-97.551584539999965,46.428783575000068],[-97.551048117999983,46.420957823000037],[-97.549163027999953,46.414097195000068],[-97.546313509999948,46.409858583000073],[-97.538702915999977,46.407337151000036],[-97.535883397999953,46.404284641000061],[-97.535040941999966,46.397886051000057],[-97.542179202999989,46.395191547000081],[-97.552793091999945,46.394354417000045],[-97.560941308999986,46.390934839000067],[-97.565310742999941,46.387322456000049],[-97.573203528999954,46.387465490000068],[-97.581445226999961,46.387841208000054],[-97.591293478999944,46.383924451000041],[-97.608352789999969,46.380393491000063],[-97.617873667999959,46.377190746000053],[-97.625703959999953,46.37495769700007],[-97.633675460999939,46.378181902000051],[-97.635856024999953,46.382902080000065],[-97.645568368999989,46.38705327200006],[-97.652077229999975,46.386734177000051],[-97.658230612999944,46.385944519000077],[-97.665824543999975,46.387747310000066],[-97.670096935999936,46.393627091000042],[-97.675729342999944,46.399014596000029],[-97.684297053999956,46.398667642000078],[-97.698255847999974,46.394690128000036],[-97.706518554999946,46.39576982300008],[-97.713513226999964,46.400663297000051],[-97.713027730999954,46.408027663000041],[-97.719299256999989,46.411506021000037],[-97.728270175999967,46.413287118000028],[-97.730972045999977,46.424169559000063],[-97.754536242999961,46.471560695000051],[-97.766813981999974,46.480651611000042],[-97.780334491999952,46.484978224000031],[-97.796489012999984,46.485233214000061],[-97.813426472999936,46.488797782000063],[-97.819704748999982,46.492033414000048],[-97.822391411999945,46.501725744000055],[-97.828754412999956,46.507807286000059],[-97.835406705999958,46.511986038000032],[-97.848567141999979,46.515361291000033],[-97.859989872999961,46.518047902000035],[-97.870790026999941,46.522878002000027],[-97.882644159999984,46.528403979000075],[-97.89503005399996,46.528700848000028],[-97.908725717999971,46.526841951000051],[-97.924131461999991,46.524719330000039],[-97.942731589999937,46.525869904000047],[-97.96037561899999,46.529405035000082],[-97.967323109999938,46.531674323000061],[-97.96612692299999,46.537387154000044],[-97.958743379999987,46.543192069000042],[-97.951702232999992,46.548991389000037],[-97.947470259999989,46.563916979000055],[-97.928898713999956,46.577477101000056],[-97.927241207999941,46.586232477000067],[-97.930531235999979,46.594725455000059],[-97.940481036999984,46.604828484000052],[-97.962103620999983,46.618173607000074],[-97.977575369999954,46.628380869000068],[-97.983891749999941,46.636446744000068],[-97.985826995999957,46.645337303000076],[-97.977522399999941,46.652863303000061],[-97.965825062999954,46.666511768000078],[-97.967933796999944,46.677826283000059],[-97.981689390999975,46.685590421000029],[-97.990480795999986,46.693238187000077],[-97.998868555999991,46.705445353000073],[-98.000992713999949,46.71148510300003],[-98.004986668999948,46.715598930000056],[-98.010807703999944,46.716459173000032],[-98.016310318999956,46.715995813000063],[-98.021414419999985,46.711743407000029],[-98.026272869999957,46.708443258000045],[-98.030733466999948,46.709892741000033],[-98.034214855999949,46.715152084000067],[-98.033271988999957,46.745524647000082],[-98.031035827999972,46.753148152000051],[-98.025702287999991,46.758921722000025],[-98.019196479999948,46.762625958000058],[-98.017258476999984,46.771003161000067],[-98.01618476699997,46.780505239000036],[-98.020245516999978,46.786514006000061],[-98.020785572999955,46.794663148000041],[-98.016871007999953,46.80174188400008],[-98.011912099999961,46.810733203000041],[-98.010184758999969,46.823750243000063],[-98.010802758999944,46.829203872000051],[-98.019986284999959,46.83285778700008],[-98.029568487999938,46.835139207000054],[-98.042908740999962,46.837362001000031],[-98.049748755999985,46.843629626000052],[-98.049213561999977,46.854259898000066],[-98.047050653999975,46.862487238000028],[-98.043147901999987,46.87165159400007],[-98.040881648999971,46.883521513000062],[-98.04481384099995,46.895447244000081],[-98.044022435999977,46.911966589000031],[-98.047842749999973,46.918734831000052],[-98.057806927999991,46.927114414000073],[-98.073206939999977,46.932374078000066],[-98.08755354799996,46.939165574000072],[-98.100653891999968,46.949957408000046],[-98.105840103999981,46.964097106000054],[-98.10640574699994,46.972621012000047],[-98.107512516999975,46.980756903000042],[-98.113829958999986,46.987292878000062],[-98.118886625999949,46.997451095000031],[-98.126327962999937,47.004347491000033],[-98.131929170999967,47.014116879000028],[-98.131886145999943,47.020942998000066],[-98.126965310999992,47.031070166000063],[-98.117014945999983,47.040139556000042],[-98.110879343999954,47.046603896000079],[-98.097236796999937,47.053265447000058],[-98.08560216799998,47.061979221000058],[-98.076743720999957,47.070837954000069],[-98.070593054999961,47.077758112000026],[-98.063426009999944,47.087536941000053],[-98.060109288999968,47.096307772000046],[-98.062006802999974,47.103291679000051],[-98.068899535999947,47.110197869000046],[-98.075863549999951,47.119187416000045],[-98.078647013999955,47.127673142000049],[-98.076900743999943,47.133575922000034],[-98.069948950999958,47.141644401000065],[-98.037818697999967,47.165545556000041],[-98.030814771999985,47.172285374000069],[-98.022630098999969,47.176958042000081],[-98.018419952999977,47.184223024000062],[-98.018913840999971,47.190848047000031],[-98.014356659999976,47.196033409000052],[-98.010867262999966,47.199875975000054],[-98.004116055999987,47.206041356000071],[-97.994482990999984,47.217744451000044],[-97.993398043999946,47.227234685000042],[-97.996071218999987,47.232500048000077],[-98.003682552999976,47.235607003000041],[-98.013741797999955,47.23697132500007],[-98.02697186499995,47.241697255000076],[-98.041378837999957,47.248298531000046],[-98.055598842999984,47.25755356600007],[-98.06371554399999,47.267280330000062],[-98.062791954999966,47.281314323000061],[-98.055479186999946,47.295825117000049],[-98.046354717999975,47.306195019000029],[-98.044498321999981,47.319183890000033],[-98.043400486999985,47.328103802000044],[-98.037727515999961,47.333494295000037],[-98.030908357999976,47.337954771000057],[-98.022132276999969,47.342255029000057],[-98.009522989999937,47.348695861000067],[-98.001319467999963,47.353554197000051],[-97.999032847999956,47.360407088000045],[-98.003638171999967,47.364883882000072],[-98.011600377999969,47.369688825000026],[-98.022263776999978,47.37180083100003],[-98.036234534999949,47.372725271000036],[-98.049648365999985,47.37365679100003],[-98.057926489999943,47.371067449000066],[-98.071283113999982,47.370293052000079],[-98.077838772999939,47.374547637000035],[-98.077847511999948,47.383609207000063],[-98.076469009999983,47.395150604000037],[-98.064141008999968,47.406980908000037],[-98.057289864999973,47.418845531000045],[-98.049151137999957,47.429289247000042],[-98.031040994999955,47.439885373000038],[-98.019529951999971,47.449754720000044],[-98.00953248899998,47.465053344000069],[-98.010343628999976,47.483066744000041],[-98.007621571999948,47.495527964000075],[-97.998956304999979,47.514306113000032],[-98.008625823999978,47.519462612000041],[-98.021307758999967,47.522679830000072],[-98.036269750999963,47.527186460000053],[-98.046600087999991,47.526839936000044],[-98.062752558999989,47.525077985000053],[-98.074542952999991,47.52660002500005],[-98.089137321999942,47.536596596000038],[-98.106374596999956,47.550146744000074],[-98.110566300999949,47.558220981000034],[-98.123071842999991,47.566302506000056],[-98.133351880999953,47.572386340000037],[-98.139140685999962,47.577973058000055],[-98.140242908999937,47.585527116000037],[-98.144329266999989,47.590383399000075],[-98.15490837599998,47.596839040000077],[-98.167114569999967,47.601753279000036],[-98.174461803999975,47.611666300000081],[-98.172491416999947,47.619269103000079],[-98.162072870999964,47.625493734000031],[-98.149127067999984,47.631568578000042],[-98.141808968999953,47.638498773000038],[-98.142326401999981,47.645303776000048],[-98.150981775999981,47.652546463000078],[-98.159840829999951,47.662367630000062],[-98.163282193999976,47.670591749000039],[-98.161906895999948,47.681258533000062],[-98.162873727999965,47.68881233500008],[-98.168017677999956,47.695589134000045],[-98.179474685999992,47.702500069000052],[-98.192676995999989,47.709144984000034],[-98.208213636999972,47.722136309000064],[-98.218218880999984,47.727411747000076],[-98.231318890999944,47.730979555000033],[-98.240557674999991,47.734373856000047],[-98.251995362999992,47.740332360000082],[-98.266230037999946,47.746006292000061],[-98.281298752999987,47.745751940000048],[-98.294677142999944,47.747180253000067],[-98.31372275199999,47.753180996000026],[-98.341025042999945,47.760986926000044],[-98.36087237299995,47.766316613000072],[-98.380879333999985,47.77566091500006],[-98.400551018999977,47.785244548000037],[-98.41564176899999,47.794197851000035],[-98.426415549999945,47.80038933700007],[-98.438443941999992,47.802773606000073],[-98.450018467999939,47.802563811000027],[-98.464852896999957,47.796144979000076],[-98.47744634899999,47.78645467900003],[-98.485348135999971,47.782288854000058],[-98.493441295999958,47.782848873000034]]],[[[-103.47047037799996,37.383212361000062],[-103.65830635599997,37.577057142000058],[-103.66012719199995,37.571069363000049],[-103.66337321899994,37.566940773000056],[-103.66661887599997,37.562812095000027],[-103.67108339299995,37.558601208000027],[-103.67910157299997,37.553172957000072],[-103.68488715799998,37.549849923000068],[-103.69067221199998,37.54652660000005],[-103.69391539499998,37.542397172000051],[-103.69703503899996,37.540604556000062],[-103.69969943799998,37.539073398000028],[-103.70416056499994,37.534861246000048],[-103.70593533899995,37.533997760000034],[-103.71116226399994,37.531454412000073],[-103.71694463999995,37.528129775000025],[-103.71889242299994,37.527009743000065],[-103.72272648599994,37.524804848000031],[-103.72850779999999,37.52147963200008],[-103.73296616599998,37.517266377000055],[-103.73752800499994,37.514023493000025],[-103.74076705899995,37.509892773000047],[-103.74532808299995,37.506649585000048],[-103.74978455899998,37.502435692000063],[-103.75424051399995,37.498221629000057],[-103.75869595099999,37.494007398000065],[-103.76325517299995,37.490763510000079],[-103.76649171799994,37.486632089000068],[-103.77226797399999,37.483304694000026],[-103.77672144499996,37.479089779000049],[-103.77995669999996,37.474957991000053],[-103.78451376899994,37.471713271000056],[-103.78774825099998,37.467581272000075],[-103.78966025099999,37.462562109000032],[-103.79532883599995,37.458263095000063],[-103.79988416599997,37.455017778000069],[-103.80433429099998,37.450801822000074],[-103.81021082399997,37.448443003000079],[-103.81465994299998,37.444226653000044],[-103.81921352599994,37.440980579000041],[-103.82244465799994,37.436847636000039],[-103.82821437399997,37.433517461000065],[-103.83266153099999,37.429300428000033],[-103.83843017799995,37.425969745000032],[-103.84419829499996,37.422638772000028],[-103.84874919899994,37.419391540000049],[-103.86313813599998,37.416441540000051],[-103.86758221299999,37.412223169000072],[-103.87202577099998,37.40800463100004],[-103.87646881299997,37.403785924000033],[-103.87837298799997,37.398765381000032],[-103.88403132099995,37.394462048000037],[-103.88857867199994,37.391213256000071],[-103.89301972299995,37.386993928000038],[-103.89746025499994,37.382774433000066],[-103.90200627099995,37.37952511900005],[-103.90766169999995,37.375220640000066],[-103.91220678599996,37.371970927000064],[-103.91675146399996,37.368721036000068],[-103.92118949799999,37.364500642000053],[-103.92573330499994,37.361250400000074],[-103.93270781999996,37.357830173000025],[-103.93725069499999,37.354579480000041],[-103.94290208699999,37.350273288000039],[-103.94844623699998,37.34499653000006],[-103.95298759999997,37.341745224000078],[-103.95742187699994,37.337523458000078],[-103.96064052599996,37.333386748000066],[-103.96507384599994,37.329164696000078],[-103.96939982599997,37.323972213000047],[-103.97393893699996,37.32072009500007],[-103.97704898699999,37.315612687000055],[-103.98148026599995,37.311390023000058],[-103.98469638499995,37.307252671000072],[-103.98923376499994,37.303999963000024],[-103.99366362599994,37.299776842000028],[-103.99820013699997,37.296523785000034],[-104.00516501899995,37.293099199000039],[-104.00959328899995,37.288875474000065],[-104.01545003299998,37.286506213000052],[-104.02109148899996,37.282196246000069],[-104.02683979499994,37.278856203000032],[-104.03005188799995,37.274717619000057],[-104.03579919099997,37.271377132000055],[-104.04033203899996,37.268122429000073],[-104.04486448299997,37.26486754900003],[-104.05071813999996,37.262496492000025],[-104.05503402599999,37.257300883000028],[-104.05945721499995,37.253075276000061],[-104.06520145199994,37.249733330000026],[-104.06973163299995,37.246477481000056],[-104.07426140899997,37.243221456000072],[-104.07746922399997,37.239081590000069],[-104.08067667499995,37.234941638000066],[-104.08002767099998,37.229120874000046],[-104.08455590299997,37.225864461000072],[-104.08897546099996,37.221637756000064],[-104.09614559899995,37.220147925000049],[-104.10242774399995,37.22165467700006],[-104.10760557099997,37.224217967000072],[-104.11278376499996,37.226781023000058],[-104.12017130099997,37.227229861000069],[-104.12623700499995,37.226795125000024],[-104.13208493899998,37.224419916000045],[-104.13528863099998,37.220278447000055],[-104.13890363299998,37.218809733000057],[-104.14113574299995,37.217902777000063],[-104.14433863199997,37.213761064000039],[-104.14985773099994,37.208474778000038],[-104.15570341899996,37.206098368000028],[-104.16165793399995,37.204691701000058],[-104.16772150899999,37.204254754000033],[-104.16176714799997,37.205661740000039],[-104.16848662399997,37.21104499300003],[-104.17278128799995,37.216602839000075],[-104.17398622899998,37.217240828000058],[-104.17928364799997,37.220045407000043],[-104.18347013299996,37.224632837000058],[-104.18655362799996,37.230277776000037],[-104.19305786399997,37.23371957300003],[-104.19834949399996,37.237248761000046],[-104.20364163999994,37.240777707000063],[-104.20849698799998,37.241692545000035],[-104.21114108399996,37.24219064600004],[-104.21411749799995,37.246864866000067],[-104.21664795599997,37.248113766000074],[-104.21930105799999,37.24942309000005],[-104.22470523499999,37.253921073000072],[-104.22889654199997,37.258506889000046],[-104.23308837799999,37.263092559000029],[-104.23496365799997,37.268824381000059],[-104.23562543599996,37.274644340000066],[-104.23611376199995,37.278938303000075],[-104.23617699799996,37.279494311000064],[-104.23452131399995,37.286460585000043],[-104.23264472499994,37.291486844000076],[-104.23452070399998,37.297218735000058],[-104.24213700599995,37.299599663000038],[-104.24754633299995,37.304096643000037],[-104.25394947299998,37.306565058000047],[-104.26013167899998,37.307093150000071],[-104.26631397699998,37.307620907000057],[-104.27371067699994,37.308059778000029],[-104.28243275999995,37.309379486000068],[-104.28850434799995,37.308936076000066],[-104.29468700699994,37.309462291000045],[-104.30075852599998,37.309018227000024],[-104.31036144899997,37.307337118000078],[-104.31643269399996,37.30689221800003],[-104.32625809799998,37.307149622000054],[-104.33244087699995,37.307673784000031],[-104.33851201599998,37.307227705000059],[-104.34469489099996,37.307751202000077],[-104.35076596099998,37.307304470000076],[-104.35805114599998,37.306767964000073],[-104.36412205099998,37.306320519000053],[-104.37140703799997,37.305783157000064],[-104.37736553299999,37.304365134000079],[-104.38332379499997,37.302946800000029],[-104.39060830099999,37.302408210000067],[-104.39656614499995,37.30098918200008],[-104.40241118299997,37.298600004000036],[-104.41079640799995,37.29700034800004],[-104.41796733899997,37.295490177000033],[-104.42502510799994,37.293009740000059],[-104.43318324899997,37.289468809000027],[-104.43891311599998,37.286107962000074],[-104.44198893899994,37.280987977000052],[-104.44517743399996,37.276837706000038],[-104.44836556299998,37.272687354000027],[-104.45276676099996,37.268446458000028],[-104.45595408999998,37.26429590500004],[-104.45914105299994,37.260145270000066],[-104.46365418199997,37.25687374000006],[-104.46805352999996,37.252632278000078],[-104.47510542199996,37.250148773000035],[-104.47961721299998,37.246876623000048],[-104.48644093799999,37.242452936000063],[-104.49095173799998,37.239180344000033],[-104.49678869799999,37.236786374000076],[-104.50239766299995,37.232452675000047],[-104.50690712599999,37.229179464000026],[-104.51141618099996,37.225906077000047],[-104.51713741499998,37.222541370000044],[-104.52285811999997,37.219176381000068],[-104.52736583699999,37.215902375000042],[-104.53319972599996,37.213506556000027],[-104.53770662499994,37.210232146000067],[-104.54463769599994,37.20677469900005],[-104.55012710099999,37.201469035000059],[-104.55463249199994,37.198193969000044],[-104.56034954399996,37.194827124000028],[-104.56704886999995,37.189429049000069],[-104.57287932699995,37.187031219000062],[-104.57738279799997,37.183755269000073],[-104.58298286799999,37.179417686000079],[-104.58869713099995,37.176049440000043],[-104.59452580199996,37.173650510000073],[-104.59770088099998,37.169496142000071],[-104.60462521499994,37.166035093000062],[-104.60901084199998,37.161788333000061],[-104.61593390399997,37.15832660500007],[-104.62176025699995,37.155926295000029],[-104.62625959999997,37.152648450000072],[-104.63208515599996,37.150247617000048],[-104.63646822699997,37.145999823000068],[-104.64229291399994,37.143598472000065],[-104.64834842499994,37.143135891000043],[-104.65549923399999,37.141610841000045],[-104.66397657799996,37.140962151000053],[-104.67147457499999,37.142344647000073],[-104.67764578999999,37.142850012000054],[-104.68502814399994,37.143262109000034],[-104.69241057999994,37.143673726000031],[-104.69979309999997,37.144084862000057],[-104.70584828399996,37.143619214000068],[-104.71311440299996,37.143060009000067],[-104.72026384399999,37.141530880000062],[-104.72608540599998,37.139125235000051],[-104.73335091899997,37.138564736000035],[-104.73854493799996,37.141099132000079],[-104.74373931699995,37.143633291000071],[-104.74893405699999,37.146167217000027],[-104.75303511899995,37.149764006000055],[-104.75920752899998,37.150264940000056],[-104.76538002299998,37.150765537000041],[-104.77143534199996,37.150296389000061],[-104.77749058299997,37.149826917000041],[-104.78342832799996,37.148387726000067],[-104.78780244399996,37.144134099000041],[-104.79096519099994,37.139974387000052],[-104.79510325799998,37.133781726000052],[-104.79947581299996,37.12952767400003],[-104.80396550899997,37.126242829000034],[-104.81087589899994,37.122769273000074],[-104.81524687099994,37.118514634000064],[-104.82094558299997,37.115134797000053],[-104.82664376799994,37.111754680000047],[-104.83089517399998,37.106530122000038],[-104.83538203299997,37.103244065000069],[-104.83986848699999,37.099957836000044],[-104.84701102699995,37.098420754000074],[-104.85294320199995,37.096977959000071],[-104.85899347899999,37.096504151000033],[-104.86625370699994,37.095935156000053],[-104.87363235399994,37.096334978000073],[-104.88089245099997,37.095765046000054],[-104.88815243499994,37.095194650000053],[-104.89505585799998,37.091716014000042],[-104.90207751999998,37.089206214000058],[-104.90644114499997,37.08494812400005],[-104.91237104299995,37.083502230000079],[-104.91841981299996,37.083025256000042],[-104.92446850199997,37.082547959000067],[-104.93172682599999,37.081974777000028],[-104.93777533999997,37.081496771000047],[-104.94394321999994,37.081987644000037],[-104.95011118399998,37.082478182000045],[-104.95615961899995,37.081999196000027],[-104.96232766499998,37.082489070000065],[-104.96849579499997,37.082978609000065],[-104.97454415099998,37.082498641000029],[-104.98047249699994,37.081049189000055],[-104.98550571699997,37.078051219000031],[-104.98764892299994,37.079180284000074],[-105.00433204099994,37.090131135000036],[-105.02624238899995,37.103190847000064],[-105.03280427699997,37.105194898000036],[-105.04820656099997,37.105769305000024],[-105.05709089199996,37.104696931000035],[-105.06784954899996,37.100584284000035],[-105.07568359499999,37.098330541000053],[-105.08666489799998,37.097809742000038],[-105.10960956199995,37.097408147000067],[-105.12288810599995,37.095434567000041],[-105.14094251099999,37.093795714000066],[-105.16540255299998,37.092898977000061],[-105.17959700599994,37.092830926000033],[-105.18427413999996,37.094193433000044],[-105.18972557699999,37.088840280000056],[-105.19311589199998,37.081436818000043],[-105.19465010999994,37.074569521000058],[-105.19718784499997,37.069932251000068],[-105.19860434199995,37.06403767900008],[-105.19867483699994,37.051317549000032],[-105.20353416699999,37.04225292700005],[-105.20647274799995,37.035736565000036],[-105.20573511799995,37.026341503000026],[-105.20403132699994,37.00463146900006],[-105.47917384199997,37.00293990800003],[-105.73358999499999,37.001322308000056],[-105.73606073799999,36.984711603000051],[-105.73827519899999,36.965077223000037],[-105.74072129299998,36.945971605000068],[-105.74054243299997,36.942439214000046],[-105.73942670999998,36.937336637000044],[-105.73754936299997,36.932993033000059],[-105.73600722099997,36.927927299000032],[-105.73361179999995,36.922935241000062],[-105.73130844899998,36.918628403000071],[-105.72943206799994,36.914284703000078],[-105.72751006199996,36.909598352000046],[-105.72264759999996,36.905512238000028],[-105.71897396199995,36.900630313000079],[-105.71577319499994,36.896054140000047],[-105.71299940299997,36.891441126000075],[-105.70928137099997,36.886216288000071],[-105.70646262999998,36.881260503000078],[-105.70368998799995,36.876647293000076],[-105.70053692799996,36.872413376000054],[-105.69695778799996,36.868216081000071],[-105.69380548299995,36.863981994000028],[-105.69193273799999,36.859637790000079],[-105.69129368799997,36.854840895000052],[-105.69325841399996,36.850166551000029],[-105.69261935899999,36.845369688000062],[-105.69198038899998,36.840572832000078],[-105.69097646099999,36.833034933000079],[-105.68982025099996,36.827589510000053],[-105.68837486199999,36.823208652000062],[-105.68650348399996,36.818864445000031],[-105.68496728899999,36.813798302000066],[-105.68309635399999,36.809454061000054],[-105.68079955799999,36.805146437000076],[-105.67127635599996,36.798340956000061],[-105.67324084399996,36.793667095000046],[-105.67473356299996,36.788687196000069],[-105.67575458799996,36.783401282000057],[-105.67682099499996,36.778458003000026],[-105.67788725599996,36.773514725000041],[-105.67895337499999,36.768571450000024],[-105.68167717799997,36.763139000000024],[-105.68406586599997,36.758428394000077],[-105.68636313199994,36.753032510000025],[-105.68827987699996,36.748015880000025],[-105.69071321699994,36.743647786000054],[-105.69169607399999,36.742273148000038],[-105.69361754399995,36.73958557900005],[-105.69562461599998,36.735254085000065],[-105.69852833699997,36.731191770000066],[-105.70172051799995,36.726064849000068],[-105.70439542599996,36.720289369000056],[-105.70631007499998,36.715272520000042],[-105.70827009399994,36.710598253000057],[-105.70966746199997,36.704932910000025],[-105.70860314099997,36.700173246000077],[-105.70575121299999,36.697204837000072],[-105.70460652499997,36.696013310000069],[-105.70243153799998,36.691979653000033],[-105.70174983599998,36.690715296000064],[-105.69893913499999,36.685759825000048],[-105.69456404899995,36.681978872000059],[-105.69052369499997,36.677475877000063],[-105.68823060099999,36.673168707000059],[-105.68884081899995,36.655096760000049],[-105.69221243999999,36.651340717000039],[-105.69555997299994,36.647996393000028],[-105.69676811599999,36.646789309000042],[-105.69966826699999,36.642727162000028],[-105.70350943699998,36.639276691000077],[-105.70782091499996,36.63613194900006],[-105.71119068999997,36.632375379000052],[-105.71550143299999,36.629230355000061],[-105.72070748999994,36.626354185000025],[-105.72591313899994,36.623477779000041],[-105.73301484199999,36.61870411600006],[-105.73770308499996,36.615178861000061],[-105.74154101899995,36.611727150000036],[-105.74307111899998,36.60708941300004],[-105.74328067199997,36.602219718000072],[-105.74396077099999,36.597655732000078],[-105.74506560499998,36.593054877000043],[-105.74574550899996,36.588490904000025],[-105.74722912099998,36.583510609000029],[-105.74951625499995,36.578113964000067],[-105.75151560199998,36.573781868000026],[-105.75261960199998,36.56918100200005],[-105.75287416299994,36.564653953000061],[-105.75223369699995,36.55985817100003],[-105.74984919499997,36.554867434000073],[-105.74920901299998,36.550071661000061],[-105.74852319599995,36.544933344000071],[-105.74844329699994,36.544334672000048],[-105.74747179699995,36.537054615000045],[-105.74815103099996,36.532490777000078],[-105.74911748999995,36.526862406000077],[-105.75055391499995,36.521539697000037],[-105.75255165799996,36.517207727000027],[-105.75339974999997,36.515526182000031],[-105.75492778799997,36.512496274000057],[-105.75608913099995,36.505118280000033],[-105.75757035599997,36.500138094000079],[-105.75730866599997,36.494963062000068],[-105.75530443099996,36.48959317200007],[-105.75414885999999,36.484149449000029],[-105.75338264499999,36.482726692000028],[-105.75129684199999,36.478853338000079],[-105.74929348799998,36.473483393000038],[-105.74700331999998,36.469177929000068],[-105.74428934199995,36.46490930300007],[-105.74360466499996,36.45977122000005],[-105.74292008399999,36.454633148000028],[-105.74308357799998,36.449421360000031],[-105.74239912999997,36.444283318000032],[-105.74218432999999,36.43945096300007],[-105.74460423999994,36.435082485000066],[-105.74612717299999,36.429050782000047],[-105.75274149299997,36.402842744000054],[-105.75332785999996,36.397594207000054],[-105.75415520199999,36.39093869900006],[-105.75431775699997,36.385727102000033],[-105.75527066599994,36.382828750000044],[-105.75584234599995,36.381089824000071],[-105.75736674199999,36.376452540000059],[-105.75879635399997,36.373346013000059],[-105.75936013999996,36.372120837000068],[-105.76083846299997,36.367141020000076],[-105.76414751899995,36.363040966000028],[-105.76651792199999,36.358329721000075],[-105.76955208099997,36.352174495000042],[-105.77239087999999,36.347768697000049],[-105.77636225499998,36.342224379000072],[-105.77873120499999,36.337512939000078],[-105.78067655299998,36.332838471000059],[-105.78351393899999,36.328432447000068],[-105.78757495399998,36.323572787000046],[-105.79107489499995,36.317722576000051],[-105.79489480299998,36.314269679000063],[-105.79924001499995,36.308345129000031],[-105.80249846499999,36.30390162100008],[-105.80486450699999,36.299189750000039],[-105.80812221199994,36.294746105000058],[-105.81137952399996,36.29030238100006],[-105.83082327999995,36.262953405000076],[-105.83510727099997,36.259804530000054],[-105.83972180099994,36.255933364000043],[-105.84391304299999,36.252099263000048],[-105.84810384899998,36.248265014000026],[-105.85229421799994,36.244430618000024],[-105.85770629999996,36.24014175800005],[-105.86105030099998,36.236381641000037],[-105.86434789799995,36.232278994000069],[-105.86891308399998,36.228064263000078],[-105.87220986899996,36.223961409000026],[-105.87644371199997,36.220468607000043],[-105.88072327999998,36.217318083000066],[-105.88627017199997,36.214055208000048],[-105.89148638199998,36.211514332000036],[-105.89679462899994,36.20965805600008],[-105.90374644799999,36.20730926400006],[-105.90989908599994,36.205377439000074],[-105.91529898899995,36.204205122000076],[-105.92224970399997,36.20185519100005],[-105.92764915299995,36.200682282000059],[-105.93380060799996,36.198749156000076],[-105.94004452699994,36.197500491000028],[-105.94661781699995,36.195529061000059],[-105.95183063199994,36.192985411000052],[-105.95662069599996,36.19047918900003],[-105.96282097299996,36.185767698000063],[-105.96751717099994,36.182576250000068],[-105.97329377599999,36.177901911000049],[-105.97784935699997,36.173682907000057],[-105.98278009899997,36.169083594000028],[-105.98921272699994,36.162963457000046],[-105.99390632799998,36.159770955000056],[-105.99667766699997,36.155017709000049],[-106.00094829199998,36.151862743000038],[-106.00334341599995,36.147489552000025],[-106.00831749199995,36.143231559000071],[-106.03191821399997,36.120090119000054],[-106.04001577099996,36.112145739000027],[-106.04410520399995,36.108132806000071],[-106.04567916799999,36.105427654000039],[-106.04687136699994,36.103378494000026],[-106.04963717399994,36.098624131000065],[-106.05230892599997,36.093185062000032],[-106.05423048599994,36.088506661000054],[-106.05647980799995,36.083105560000035],[-106.05794976699997,36.080414867000059],[-106.05886940799996,36.078731399000048],[-106.06205518699994,36.073938765000037],[-106.06402251599997,36.069602581000026],[-106.06734826599995,36.065836775000037],[-106.07053293699994,36.061043945000051],[-106.07249942399994,36.056707653000046],[-106.07446567899996,36.052371338000057],[-106.07675935099996,36.047312279000039],[-106.07909964999999,36.042595496000047],[-106.07994057999997,36.036281557000052],[-106.07928345899995,36.031489343000032],[-106.07835207599999,36.027271445000054],[-106.07815810599999,36.026392962000045],[-106.07771162099999,36.023135934000038],[-106.07740734999999,36.020916176000071],[-106.07696868799997,36.017715746000079],[-106.07665670699998,36.015439407000031],[-106.07773209799996,36.010837092000031],[-106.07828069199996,36.009136091000073],[-106.07912036599998,36.006532392000054],[-106.07922863199997,36.006196662000036],[-106.07974172899998,36.000605602000064],[-106.08198650899999,35.995204339000054],[-106.08390364099995,35.990525769000044],[-106.08577359399999,35.985504896000066],[-106.08811135799999,35.980788141000062],[-106.09002772599996,35.976109517000054],[-106.09147583199996,35.971126764000076],[-106.09334477899995,35.966105838000033],[-106.09530739899998,35.961769451000066],[-106.09797084099995,35.956329846000074],[-106.10030690299999,35.951612940000075],[-106.10205434699998,35.948404736000043],[-106.10268965699998,35.94723827200005],[-106.10465122799997,35.942901784000071],[-106.10703344199999,35.93852705200004],[-106.10852667199998,35.933886486000063],[-106.11090836599999,35.929511701000024],[-106.11286898599997,35.925175129000024],[-106.11302212099997,35.924893793000024],[-106.11525014299997,35.920800282000073],[-106.13387527699996,35.892075516000034],[-106.13718948599995,35.888308142000028],[-106.14092390699994,35.884502331000078],[-106.14345960599996,35.881619207000028],[-106.14423741699994,35.880734770000061],[-106.14792393899995,35.876586516000032],[-106.15022574099999,35.874632661000078],[-106.15249816699998,35.872703597000054],[-106.15608945299999,35.867870645000039],[-106.15958587199998,35.862353150000047],[-106.16331782899999,35.858546670000067],[-106.16653458499997,35.854094087000078],[-106.16933061699996,35.849679886000047],[-106.17506847299995,35.844996322000043],[-106.18005960699998,35.841073893000043],[-106.18626367499996,35.836693496000066],[-106.19293456599996,35.832616425000026],[-106.19764577299998,35.829758391000041],[-106.20445755999998,35.826707243000044],[-106.20958811499997,35.823810129000037],[-106.21546370499999,35.820151155000076],[-106.21919065999998,35.816342934000033],[-106.22286977299996,35.812192418000052],[-106.22743608999997,35.808306630000061],[-106.23148689299995,35.80377500600008],[-106.23609975099998,35.800231064000059],[-106.23940464399999,35.796460935000027],[-106.24130668099997,35.79178040000005],[-106.24362841999999,35.787061117000064],[-106.24548240399997,35.782038381000064],[-106.24565659999996,35.777170615000045],[-106.24868533199998,35.766125392000049],[-106.25101819899999,35.757615619000035],[-106.25264141199995,35.756403611000053],[-106.25525507099997,35.754451933000041],[-106.25949157899998,35.751288094000074],[-106.26363251399994,35.74743980900007],[-106.26641873499995,35.743023559000051],[-106.26747838599994,35.738420416000054],[-106.26890991199997,35.733436314000073],[-106.26954967299997,35.728872014000046],[-106.27140044499998,35.723849089000055],[-106.27310807099997,35.717799752000076],[-106.27500596099998,35.713118945000076],[-106.27601701399999,35.708173706000025],[-106.27599849299997,35.701937675000067],[-106.27610599099995,35.701169945000061],[-106.27663754599996,35.697373455000047],[-106.27858232899996,35.693034793000038],[-106.28131796499997,35.688276246000044],[-106.28492295599995,35.683935197000039],[-106.28568291899995,35.683019990000048],[-106.28898006699995,35.679248757000039],[-106.29138210699995,35.677278759000046],[-106.29469717499995,35.674559704000046],[-106.29887971599999,35.671052467000038],[-106.29935072299998,35.670650292000062],[-106.30343335799995,35.667164023000055],[-106.30460700899994,35.666237034000062],[-106.30840572999995,35.663236433000066],[-106.31370119799999,35.658585440000024],[-106.31699583499994,35.654813456000056],[-106.32070926799997,35.651002368000036],[-106.32400321099999,35.647230203000049],[-106.32813499099996,35.643379859000049],[-106.33142821799999,35.639607497000043],[-106.33499655999998,35.634769727000048],[-106.33782217399994,35.630694194000057],[-106.34213184599997,35.625093904000039],[-106.34560298899999,35.61957170200003],[-106.34796061399999,35.615193003000059],[-106.34943226999997,35.610550459000024],[-106.35001810799997,35.605644107000046],[-106.35026708499998,35.600539394000066],[-106.35070191399996,35.591622533000077],[-106.35122334299996,35.580927093000071],[-106.35190501099999,35.577944565000053],[-106.35225283799997,35.57642260800003],[-106.35227542299998,35.576323781000042],[-106.35229745999999,35.576139100000034],[-106.35238692799999,35.57538928300005],[-106.35286080199995,35.571417560000043],[-106.35344610299995,35.566511357000024],[-106.35277549699998,35.561722591000034],[-106.35205708699999,35.556591790000027],[-106.35175732899995,35.551421873000038],[-106.35197190499997,35.54689694700005],[-106.35460166999997,35.541453105000073],[-106.35784112899995,35.53733825200004],[-106.36112814799998,35.533565361000058],[-106.36478532499996,35.529411164000066],[-106.36713895899999,35.525032405000047],[-106.36991068699996,35.520614413000033],[-106.37037666299994,35.520033740000031],[-106.37351876999998,35.516117945000076],[-106.37703046399997,35.510937321000029],[-106.38026735199998,35.506821925000054],[-106.38345587999999,35.502364427000032],[-106.38674005099995,35.498590897000042],[-106.39042372099999,35.494796937000046],[-106.39118246599998,35.494015413000056],[-106.39399964699999,35.489938959000028],[-106.39402677599998,35.489907777000042],[-106.39728273499998,35.486165160000041],[-106.40093555799996,35.482009950000077],[-106.40421794099996,35.478235971000061],[-106.41050795499996,35.471753119000027],[-106.41425556999997,35.468281527000045],[-106.41916064499998,35.464007683000034],[-106.42322915699998,35.459812438000029],[-106.42604328599998,35.455735299000025],[-106.42969300599998,35.451579259000027],[-106.43334231899996,35.447423115000049],[-106.43708764299998,35.443950829000073],[-106.44162014999995,35.44005751800006],[-106.44531647299999,35.436243001000037],[-106.44943024899999,35.43238887800004],[-106.44984872799995,35.43203571600003],[-106.45359187499997,35.428876586000058],[-106.45775310499994,35.425364150000064],[-106.46705885699998,35.419316953000077],[-106.47417116299994,35.414693967000062],[-106.47727494199995,35.412676200000078],[-106.48334139399998,35.408731842000066],[-106.48682551999997,35.405463778000069],[-106.48745167799996,35.404876409000053],[-106.49165840099994,35.401704726000048],[-106.49581631599995,35.398190951000061],[-106.49862413699998,35.394112203000077],[-106.50170380199995,35.388967900000068],[-106.50436551199999,35.38386323900005],[-106.50805582799995,35.380046833000051],[-106.51304672599997,35.376453049000077],[-106.51725075299998,35.373280479000073],[-106.52192041399996,35.370409915000039],[-106.52663828799996,35.367881080000075],[-106.53255947599996,35.364890721000052],[-106.53889757699994,35.361860223000065],[-106.54444907199996,35.359250987000053],[-106.54985416699998,35.355615765000039],[-106.55405544899997,35.352441863000024],[-106.55722695699995,35.34798002000008],[-106.56086407099997,35.343820089000076],[-106.56315158499996,35.339096041000062],[-106.56543880999999,35.334371966000049],[-106.56897731899994,35.329528044000028],[-106.57120560099997,35.326477342000032],[-106.58177807399994,35.330757121000033],[-106.61404046299998,35.343807897000033],[-106.61909287399999,35.345601174000024],[-106.75012792199999,35.392000686000074],[-106.82445491799996,35.41727736200005],[-106.92095096299994,35.44393694200005],[-106.99643783399995,35.45633940700003],[-107.09219934599997,35.461235508000073],[-107.22453424799994,35.460533090000069],[-107.29346816099996,35.448685775000058],[-107.37511245099995,35.429757001000041],[-107.44934705899999,35.397663118000025],[-107.48325139999997,35.383588136000071],[-107.55510211999996,35.356789648000074],[-107.61445240699999,35.340907134000076],[-107.66282531699994,35.334897929000078],[-107.75118078099996,35.331550530000072],[-107.84449088599996,35.325789778000058],[-107.92873134699994,35.319723964000048],[-108.00498370299999,35.322307999000031],[-108.07462420699994,35.33280697500004],[-108.11278538099998,35.340594065000062],[-108.13329792699994,35.344773737000025],[-108.19310688799999,35.347833252000044],[-108.23141704199998,35.347815185000059],[-108.27302015099997,35.339870900000051],[-108.31520623299997,35.325505629000077],[-108.36078535599995,35.296251582000025],[-108.41258854099999,35.256009671000072],[-108.42452953599997,35.235039437000069],[-108.42472587499998,35.212073543000031],[-108.40923229299995,35.185445422000043],[-108.40219734399994,35.174164073000043],[-108.40375372599999,35.172479231000068],[-108.42925905699997,35.171109167000054],[-108.45316493199999,35.165687820000073],[-108.47777900699998,35.148104791000037],[-108.50200436999995,35.123917740000024],[-108.53365238799995,35.099179596000056],[-108.55368736999998,35.088516285000026],[-108.56903456299995,35.080343540000058],[-108.58293231399995,35.090829214000053],[-108.59939842199998,35.090451530000053],[-108.61581698399999,35.102758358000074],[-108.63459901599998,35.10301559800007],[-108.64969240399995,35.113961093000057],[-108.67676031999997,35.115371077000077],[-108.70475828799999,35.11576105100005],[-108.72261023199997,35.119131276000076],[-108.74155800499994,35.116029609000066],[-108.75876111099996,35.109200990000033],[-108.77024744099998,35.103336135000063],[-108.77730354299996,35.099495436000041],[-108.79372234299996,35.096678218000079],[-108.80908842499997,35.090960900000027],[-108.81207878899994,35.087689983000075],[-108.82114113299997,35.077775236000036],[-108.83431585499994,35.071101542000065],[-108.84187633899995,35.069804609000073],[-108.84537629199997,35.069204034000052],[-108.86806160299994,35.064433209000072],[-108.89336682999999,35.066297132000045],[-108.90895132499998,35.065069858000072],[-108.92026519399997,35.06041607800006],[-108.93939624799998,35.058464739000044],[-108.94839258899998,35.053174698000078],[-108.95857076199997,35.048348445000045],[-108.96072467899995,35.041750272000058],[-108.96930171699995,35.031976403000044],[-108.98552770299995,35.015556928000024],[-108.99279331799994,35.009863189000043],[-108.99259923699998,34.97937539000003],[-108.99883485799995,34.956282357000077],[-109.01467858399997,34.939902522000068],[-109.01747394199998,34.922352062000073],[-109.02592248999997,34.909869096000079],[-109.03026196099995,34.896967958000062],[-109.03084197399994,34.877264353000044],[-109.03230675299994,34.864705331000039],[-109.04080144199997,34.854701970000065],[-109.04172353099995,34.853615923000064],[-109.04185838699999,34.843933821000064],[-109.05689486299997,34.825225635000038],[-109.09489130699995,34.820207953000079],[-109.10581751599995,34.820349916000055],[-109.13420300899998,34.821780079000064],[-109.14844544499999,34.812819142000023],[-109.15734097899997,34.800148934000049],[-109.15878749199999,34.791757755000049],[-109.16975928899996,34.78753707900006],[-109.17614074199997,34.78386828500004],[-109.18111006599997,34.775535544000036],[-109.18797965799996,34.771323709000058],[-109.20149249699995,34.768243055000028],[-109.21040224599994,34.762333136000052],[-109.21101686599997,34.752591189000043],[-109.21557487199999,34.745272936000049],[-109.22446592099999,34.73598013700007],[-109.22489560799994,34.721910139000045],[-109.22591307099998,34.711152784000035],[-109.23660172799998,34.702124464000065],[-109.25100959499997,34.700861313000075],[-109.27131461899995,34.699846796000031],[-109.28150769299998,34.691356985000027],[-109.28991359699995,34.685983938000049],[-109.30226137299996,34.683030595000048],[-109.31522754099996,34.673715882000067],[-109.32782607899998,34.672179053000036],[-109.34394452699996,34.67069409800007],[-109.36366752899994,34.669732545000045],[-109.37516086899996,34.662040338000054],[-109.38279248499998,34.652402842000072],[-109.38936235599999,34.643378383000027],[-109.39938712899999,34.637313600000027],[-109.41417891099996,34.63694713700005],[-109.42908239999997,34.638498882000079],[-109.43974915599995,34.642504449000057],[-109.44980936099995,34.652869550000048],[-109.45810422599999,34.656682463000038],[-109.46586151399998,34.654275287000075],[-109.47382262499997,34.646523500000058],[-109.47932206399997,34.638107990000037],[-109.48922125799999,34.637852019000036],[-109.49903475099995,34.637122202000057],[-109.50733332299995,34.631259940000064],[-109.52272495599999,34.622583919000078],[-109.53782751899996,34.618776905000061],[-109.54995564899997,34.621140000000025],[-109.56537498899996,34.625510681000037],[-109.57627480699995,34.627540229000033],[-109.58868783699995,34.625027836000072],[-109.60458642899994,34.619177656000033],[-109.62020237199994,34.618196501000057],[-109.64105182899999,34.617042455000046],[-109.65678774799994,34.619910275000052],[-109.66791509599994,34.635929055000076],[-109.67710301299996,34.63816358300005],[-109.70812996199999,34.631851453000024],[-109.72009149699994,34.633250231000034],[-109.74068213899994,34.630658937000078],[-109.75872196599994,34.626934102000064],[-109.78189908699994,34.628846132000035],[-109.79834907399999,34.629185588000041],[-109.81184726499998,34.635701908000044],[-109.82618283699998,34.643562240000051],[-109.83951044299994,34.649129866000067],[-109.84975934499994,34.657022322000046],[-109.85560947699997,34.666440436000073],[-109.85789554399997,34.678730389000066],[-109.85930167199996,34.69258387800005],[-109.86379136699998,34.697820256000057],[-109.87501781999998,34.698329562000026],[-109.88974557899996,34.703473243000076],[-109.90306451199996,34.704197498000042],[-109.92045530199999,34.703191262000075],[-109.93575813499996,34.706683209000062],[-109.95227182299999,34.708808612000041],[-109.96493717699997,34.71384378700003],[-109.96954239699994,34.722248455000056],[-109.97186472099997,34.729936953000049],[-109.98142062299996,34.736336729000072],[-109.98832769599994,34.737993226000071],[-110.00906253499994,34.731342279000046],[-110.01831674099998,34.733784818000061],[-110.02526261299994,34.737975230000075],[-110.02616929599998,34.745119245000069],[-110.02525369499995,34.765929435000032],[-110.02679078799997,34.774081890000048],[-110.03391315199997,34.781517218000033],[-110.03594805299997,34.789968963000035],[-110.03789871899994,34.804966612000044],[-110.04179842499997,34.81862503900004],[-110.04384605099995,34.831795493000072],[-110.05207567099995,34.84271960500007],[-110.06181450199995,34.847640064000075],[-110.06686441499994,34.855704766000031],[-110.07109515399998,34.86641654400006],[-110.08300204599999,34.875777323000079],[-110.10188801699996,34.882422223000049],[-110.11614948699997,34.880945910000037],[-110.12957578899994,34.877396714000042],[-110.15587044499995,34.881259914000054],[-110.16283768899996,34.885442318000059],[-110.17218357199994,34.888226746000043],[-110.18386416099997,34.887075983000045],[-110.19622499399998,34.882566977000067],[-110.20625190599998,34.881991502000062],[-110.22539960299997,34.885314064000056],[-110.23526402899995,34.890786424000055],[-110.24395699799999,34.894739847000039],[-110.25631780199996,34.89712509800006],[-110.26168601099994,34.904416501000071],[-110.27076914899999,34.912676318000024],[-110.28288697499994,34.918360109000048],[-110.30512985099995,34.919813460000057],[-110.31048410999995,34.92928497500003],[-110.31960388399995,34.942260014000055],[-110.33976960599995,34.946159004000037],[-110.35462491799996,34.943121674000054],[-110.36486447599998,34.943594698000027],[-110.37255401799996,34.949124897000047],[-110.38294588399998,34.957206327000051],[-110.39174106699994,34.959320286000036],[-110.40936783699999,34.959181303000037],[-110.41959277999996,34.961831661000076],[-110.43035141799999,34.960413800000026],[-110.44658215499999,34.955365714000038],[-110.45889035599998,34.957374142000049],[-110.46696526799997,34.960304318000055],[-110.47608625199996,34.957281350000073],[-110.49203641899999,34.950809609000032],[-110.50651088699999,34.950345423000044],[-110.52040034599997,34.962676668000029],[-110.53623779699996,34.97365794600006],[-110.55160662199995,34.979975129000024],[-110.56258701999997,34.977424517000031],[-110.57275026399998,34.979706533000069],[-110.57857307399996,34.98910830300008],[-110.59022649299999,34.994461876000059],[-110.59990462799999,34.994262092000042],[-110.61560816699995,34.993257192000044],[-110.62232078599999,34.998176819000037],[-110.62334631699997,35.007854480000049],[-110.62480263199996,35.01747473100005],[-110.63221732499994,35.025935679000042],[-110.64093621399996,35.032040929000061],[-110.64693278399994,35.037782726000046],[-110.64661055299996,35.045096510000064],[-110.64814062399995,35.055071002000034],[-110.65399945999997,35.060104195000065],[-110.65841639499996,35.066784330000075],[-110.66045957699998,35.074872722000066],[-110.65862538599998,35.083479902000079],[-110.65942606099998,35.096461000000033],[-110.66198140999995,35.102663398000061],[-110.66275305199997,35.106559438000033],[-110.65857306399994,35.110027000000059],[-110.65052366999998,35.111830130000044],[-110.64304507899999,35.114283507000039],[-110.64007619099999,35.119406256000048],[-110.64118647899994,35.127256350000039],[-110.65071014499995,35.132892114000072],[-110.65916237599998,35.137579771000048],[-110.66295265299999,35.141072439000027],[-110.66521899299994,35.148041095000053],[-110.66849868399999,35.153419935000045],[-110.67185891799994,35.156970029000036],[-110.67010414299995,35.163749419000055],[-110.67050587499995,35.170240429000046],[-110.67239304699996,35.181986880000068],[-110.67926700799995,35.187612406000028],[-110.68470445199995,35.194920738000064],[-110.69534170199995,35.194951266000032],[-110.70884964099997,35.196050554000067],[-110.72912044799995,35.195513431000052],[-110.74002454299995,35.201322312000059],[-110.74898455099998,35.215440753000053],[-110.75256392699998,35.222717971000066],[-110.76588810399994,35.229072808000069],[-110.77100583499998,35.235754985000028],[-110.77510571699997,35.25726540800008],[-110.77196072099997,35.262958496000067],[-110.76859383199997,35.269052224000063],[-110.76136481099996,35.279480102000036],[-110.75450983499996,35.285129084000062],[-110.74985433299997,35.299574598000049],[-110.74427745699995,35.309415449000028],[-110.74365744599999,35.321864328000061],[-110.74367400199998,35.337501277000058],[-110.74009795299997,35.350710499000058],[-110.73098588399995,35.360660603000042],[-110.72008763299999,35.366120727000066],[-110.71414857699995,35.374189472000069],[-110.71314602399997,35.375998523000078],[-110.70957655499996,35.38243867500006],[-110.70141934399999,35.386075095000024],[-110.69418794199999,35.392132988000071],[-110.68444881999994,35.394524489000048],[-110.67943955199996,35.402830355000049],[-110.67215394499999,35.404165829000078],[-110.66183830999995,35.421542690000024],[-110.65511387599997,35.425711427000067],[-110.64919459099997,35.427226800000028],[-110.64337300899996,35.438184281000076],[-110.63578009599996,35.442467093000062],[-110.62799235699998,35.448011638000025],[-110.62701131699998,35.456506321000063],[-110.62854722499998,35.466485056000067],[-110.62913573799995,35.478408148000028],[-110.62531300099994,35.489899133000051],[-110.62495861399998,35.490964226000074],[-110.61819149099995,35.501681722000058],[-110.61702205999995,35.51820245600004],[-110.61680337599995,35.530047477000039],[-110.61671915399995,35.534608438000078],[-110.61945141699999,35.55061216100006],[-110.62442377699995,35.566682804000038],[-110.62156494299995,35.574699695000049],[-110.61360578799997,35.590666491000036],[-110.59807910399996,35.602178681000055],[-110.58379185099994,35.610978522000039],[-110.57205301999994,35.625913229000048],[-110.55834579799995,35.633177661000047],[-110.54093833299999,35.642018661000066],[-110.53666699299998,35.654218774000071],[-110.52848500599998,35.66693332300008],[-110.52967545999996,35.684233075000066],[-110.52807712099997,35.696444751000058],[-110.51921367899996,35.705778796000061],[-110.50913746899994,35.715808117000051],[-110.49529760299998,35.729577809000034],[-110.45529287599999,35.75481860900004],[-110.43003915799994,35.77387561300003],[-110.41662397899995,35.798352737000073],[-110.40529169299998,35.810738195000056],[-110.37907962199995,35.825056794000034],[-110.36696905299999,35.835417284000073],[-110.35424641399999,35.846279700000025],[-110.32273496299996,35.858724341000027],[-110.30499041999997,35.863927281000031],[-110.29112265299995,35.872989761000042],[-110.27162925999994,35.878412402000038],[-110.25997818599996,35.88282180300007],[-110.25362513899995,35.886867361000043],[-110.24924396999995,35.889656784000067],[-110.24727579199998,35.911723650000056],[-110.25747399499994,35.936589045000062],[-110.26572046299998,35.949052593000033],[-110.27964918099997,35.970093526000028],[-110.30413798599994,35.999298817000067],[-110.33402475899999,36.028531901000065],[-110.36577100499994,36.055701618000057],[-110.40118130799999,36.080013904000054],[-110.40409426699995,36.08201271400003],[-110.43690109199997,36.10066609900008],[-110.48847192499994,36.123413782000057],[-110.51350795499997,36.13433264400004],[-110.54750651899997,36.145165042000031],[-110.58989017199997,36.155688079000072],[-110.61381734199995,36.160911912000074],[-110.65391413599997,36.166182860000049],[-110.68948307099998,36.175678178000055],[-110.72180285499996,36.180134871000064],[-110.74647087399995,36.186690430000056],[-110.75584122499998,36.17307168800005],[-110.76366022899998,36.165117511000062],[-110.76587448899994,36.156088026000077],[-110.77251595599995,36.151201236000077],[-110.77596794099998,36.141642813000033],[-110.78146016299996,36.131084702000066],[-110.79554384199997,36.118653542000061],[-110.81092712899999,36.108230564000053],[-110.82216043799997,36.097267353000063],[-110.83725285799994,36.083238746000063],[-110.85204701399999,36.069975409000051],[-110.86392087499996,36.060012954000058],[-110.86706446099998,36.051219538000055],[-110.87908956799998,36.043345909000038],[-110.87976106999997,36.033427578000044],[-110.88305687499997,36.018788952000079],[-110.88462163799994,36.016200186000049],[-110.89143647699996,36.004923320000046],[-110.89683646199995,35.98963733000005],[-110.90156940499998,35.982084813000029],[-110.90076399699996,35.936329021000063],[-110.90412645899994,35.919860774000028],[-110.91371962599999,35.909833018000029],[-110.91801029399994,35.902338935000046],[-110.91773506899995,35.890000219000058],[-110.92580016499994,35.879084894000073],[-110.93067650399996,35.863503206000075],[-110.93199552799996,35.850221453000074],[-110.92867045699995,35.840478622000035],[-110.92969175899998,35.834516996000048],[-110.94021647799997,35.820356028000049],[-110.94221617899996,35.788491993000036],[-110.95830884099996,35.775395525000079],[-110.96592088599999,35.764537140000073],[-110.96752071399999,35.752672834000066],[-110.96166207399995,35.741455100000053],[-110.94451244099997,35.729582019000077],[-110.93880321199998,35.719071708000058],[-110.93946982399996,35.70260358400003],[-110.94636014799994,35.683837283000059],[-110.97082152199994,35.668147356000077],[-110.99975666899996,35.648202952000076],[-111.00635880699997,35.641037449000066],[-111.01194789699997,35.634970083000042],[-111.02727459699997,35.631427061000068],[-111.03789940199999,35.624519016000079],[-111.04505287399996,35.618083394000053],[-111.04811713499998,35.626672141000029],[-111.05402540499995,35.633752598000058],[-111.06355246099997,35.643978953000044],[-111.07030768299995,35.651550091000047],[-111.07260750599994,35.662763398000038],[-111.07213907799996,35.678602048000073],[-111.08118970799995,35.686466529000029],[-111.09024630899995,35.697970277000024],[-111.10147192999995,35.705536475000031],[-111.11474922499997,35.712214233000054],[-111.12428902299996,35.718796041000076],[-111.13057075999996,35.724003396000057],[-111.13155597399998,35.736004662000028],[-111.13495670599997,35.748888743000066],[-111.14268971399997,35.753897119000044],[-111.14342703199998,35.761078127000076],[-111.14718278499998,35.768452204000027],[-111.15671565099996,35.778553703000057],[-111.16879865199996,35.782964194000044],[-111.19439918199998,35.784301667000079],[-111.20069140599998,35.789505347000045],[-111.20132191499994,35.799736328000051],[-111.20291213199994,35.807407669000042],[-111.21415570799996,35.811322893000067],[-111.22913447199994,35.811687721000055],[-111.23749354999995,35.819640173000039],[-111.24247695099996,35.82927180400003],[-111.24758439599998,35.839493357000038],[-111.25799998199994,35.846554517000072],[-111.26874784299997,35.844463721000068],[-111.26907804699999,35.835312763000047],[-111.27666648499996,35.828801094000028],[-111.29322121499996,35.82954707600004],[-111.30171237099995,35.83808484900004],[-111.30297327699998,35.85126572300004],[-111.30289363999998,35.86159693500008],[-111.31333265699999,35.872293505000073],[-111.32952712299999,35.871264088000032],[-111.34731113299995,35.87426156600003],[-111.35871347499994,35.88239287500005],[-111.36154177499998,35.892321654000057],[-111.36208910299996,35.905603111000062],[-111.36771368399997,35.918179689000056],[-111.38163613799998,35.920495456000026],[-111.39135058899996,35.927645434000056],[-111.39980640499999,35.925254572000028],[-111.41829112199997,35.920858748000057],[-111.42040355799998,35.930887391000056],[-111.42506585999996,35.942382544000054],[-111.43493286299997,35.953759438000077],[-111.43970206899996,35.96220340900004],[-111.44264740099999,35.969079949000047],[-111.45237414499996,35.976224886000068],[-111.45919956099999,35.983774378000078],[-111.46324759799995,35.992318867000051],[-111.48219008699999,36.00060426500005],[-111.50814646199996,36.006690499000058],[-111.51800969299995,36.014419786000076],[-111.52762441499999,36.020968565000032],[-111.54645602499994,36.028653408000025],[-111.56020826899999,36.037049178000075],[-111.56847518299998,36.040747464000049],[-111.57872650799999,36.05024101600003],[-111.58620077799998,36.060732169000062],[-111.59968242299999,36.064302754000039],[-111.61446220699997,36.063436350000075],[-111.62744106299999,36.064644542000053],[-111.63868227099999,36.075209837000045],[-111.64616759699999,36.085697174000074],[-111.66120404599997,36.086004056000036],[-111.67917980699997,36.089538859000072],[-111.68885224099995,36.099715125000046],[-111.69890776999995,36.111659694000025],[-111.70511302499995,36.126579904000039],[-111.70841273799999,36.141911810000067],[-111.70965929699997,36.158142407000071],[-111.70685420699999,36.169477725000036],[-111.71358310999995,36.182623344000035],[-111.72219892899994,36.194772510000064],[-111.72825306799996,36.205461343000024],[-111.73905714699998,36.217300098000067],[-111.75466754099995,36.223594497000079],[-111.77233639399998,36.228986969000061],[-111.79077437799998,36.237914492000073],[-111.82034370499997,36.253156445000059],[-111.83348749699996,36.254930510000065],[-111.82748087399995,36.240449560000059],[-111.82304730999999,36.213120880000076],[-111.82245840099995,36.198313039000027],[-111.82816229199994,36.176225769000041],[-111.83208319899995,36.163205952000055],[-111.84345890699996,36.151734930000032],[-111.85953684699996,36.146397817000036],[-111.87982368599995,36.143190858000025],[-111.88717542599994,36.133931549000067],[-111.89230186199995,36.121343309000054],[-111.89866658299997,36.111008602000027],[-111.91584361599996,36.107327740000073],[-111.92673541299996,36.100595980000037],[-111.94564176399996,36.099701115000073],[-111.96211642199995,36.105840704000059],[-111.97223388099997,36.114414484000065],[-111.99245078099995,36.116059226000061],[-112.00796251199995,36.115036029000066],[-112.02642561899995,36.125744551000025],[-112.03573664399994,36.132302593000077],[-112.04899368099996,36.134640571000034],[-112.06387371699998,36.144343024000079],[-112.07518756399998,36.146351788000061],[-112.08673861499994,36.156230633000064],[-112.09663298399994,36.168781831000047],[-112.10531894299999,36.174149584000077],[-112.11514717499995,36.177891314000078],[-112.13212373199997,36.176639664000049],[-112.14259630499998,36.174811748000025],[-112.16861053499997,36.177104277000069],[-112.18300626399997,36.177741625000067],[-112.19911087699995,36.182689550000077],[-112.21176843099994,36.195742979000045],[-112.22062897199999,36.210263435000059],[-112.22841287499995,36.218249809000042],[-112.23904595599998,36.222169006000058],[-112.25814200299999,36.223630955000033],[-112.27102774299999,36.224175528000046],[-112.27806006899999,36.23044460300008],[-112.28036428999997,36.240753328000039],[-112.28465337199998,36.249858373000052],[-112.29658269999999,36.25449573800006],[-112.30177535499996,36.260912589000043],[-112.30676355199995,36.268089512000074],[-112.31072750199996,36.275721093000072],[-112.32084388499999,36.280623137000077],[-112.33321083999999,36.282151087000045],[-112.34088244599997,36.286194336000051],[-112.34723206499996,36.291040319000047],[-112.35963477699994,36.294385964000071],[-112.37428633299999,36.29435619800006],[-112.38410837299995,36.292907353000032],[-112.39055562999994,36.289825918000076],[-112.39984836499997,36.289366534000067],[-112.41016577399995,36.288450633000025],[-112.41634583499996,36.284189856000069],[-112.41987802699998,36.27819031000007],[-112.42046554299998,36.270800521000069],[-112.42081870199996,36.260706858000049],[-112.42497501599996,36.252484676000051],[-112.42896622799998,36.245199552000031],[-112.43189747899999,36.236549761000049],[-112.44064259599998,36.227038371000049],[-112.45873001999996,36.214010047000045],[-112.46737756299996,36.209074816000054],[-112.47673225599999,36.212250005000044],[-112.48309075099996,36.220434570000066],[-112.48416974499997,36.231838228000072],[-112.47979105099995,36.240705306000052],[-112.47650779599996,36.252756936000026],[-112.47672581799998,36.263680015000034],[-112.48064668999996,36.274357768000073],[-112.48442891199994,36.281099957000038],[-112.49501792899997,36.284700611000062],[-112.50980108499999,36.285241993000056],[-112.52323427899995,36.288112879000039],[-112.52929928299994,36.293297089000077],[-112.53071253399997,36.302826159000062],[-112.52613455099998,36.310812263000059],[-112.50555522999997,36.324525246000064],[-112.49598239999995,36.33538214500004],[-112.47969159999997,36.34814760200004],[-112.46045203299997,36.362868443000025],[-112.45537031599997,36.373663843000031],[-112.44981572299997,36.379050975000041],[-112.43529296399998,36.389720190000048],[-112.43113003999997,36.39794349400006],[-112.42696618499997,36.406166684000027],[-112.41972539299996,36.41910438900004],[-112.42136163099997,36.431339802000025],[-112.42908891999997,36.437198151000075],[-112.43694651499999,36.440297948000079],[-112.45832817699994,36.453205772000047],[-112.47690538699999,36.462021550000031],[-112.49449027499998,36.469764583000028],[-112.50842541699996,36.474698753000041],[-112.51956367099996,36.473958959000072],[-112.53182462099994,36.47152926900003],[-112.54481381399995,36.468989842000042],[-112.56182155499994,36.469199193000065],[-112.57262232999994,36.466982091000034],[-112.58309705399995,36.466639002000079],[-112.58401527399997,36.483854453000049],[-112.58618561699996,36.488401871000065],[-112.59063371399998,36.499611771000048],[-112.58954531899997,36.511342554000066],[-112.58051642299995,36.519689633000041],[-112.57715929599999,36.52810475800004],[-112.57789259499998,36.539564059000043],[-112.58418427599997,36.545629370000029],[-112.59496261599998,36.553157233000036],[-112.60236346799996,36.562405697000031],[-112.60986063999997,36.572065885000029],[-112.61130195099997,36.584942862000048],[-112.61095801699997,36.599912895000045],[-112.61142729099998,36.610194827000043],[-112.61968892499999,36.616575081000065],[-112.62509770499997,36.623684940000032],[-112.62635284099997,36.639026269000055],[-112.62475126399994,36.663319247000061],[-112.62480090399998,36.684930430000065],[-112.62753387099997,36.695180355000048],[-112.63342298699996,36.704351013000064],[-112.63701125899996,36.711733123000045],[-112.62854610399995,36.716039641000066],[-112.61749231499999,36.722253250000051],[-112.60479860499998,36.726273585000058],[-112.59217104299995,36.730586939000034],[-112.57997531199999,36.735139012000047],[-112.56927006799998,36.737946066000063],[-112.55599318899999,36.737784307000027],[-112.54532492499999,36.742410113000062],[-112.53771732999996,36.747190395000075],[-112.52291603999998,36.750294606000068],[-112.51172037399999,36.744339670000045],[-112.50205731999995,36.738461853000047],[-112.49070739799998,36.736789988000055],[-112.48029108099996,36.735892499000045],[-112.46635558899999,36.739470281000024],[-112.45271770199997,36.742697913000029],[-112.44378646499996,36.747665948000076],[-112.44213699299996,36.768363681000039],[-112.43662110699995,36.786708091000037],[-112.43471716699997,36.791907045000073],[-112.42634415599997,36.814761634000035],[-112.41594430499998,36.834308749000058],[-112.41014675699995,36.848796022000045],[-112.39963505799994,36.877098826000065],[-112.39408918799995,36.898731097000052],[-112.39386207799998,36.917757790000053],[-112.39571478599998,36.933923271000026],[-112.40254826899996,36.967988526000056],[-112.39009840299997,37.000496269000053],[-112.38302835499996,37.035751943000037],[-112.38889381999996,37.05518366900003],[-112.38890560499999,37.074311675000047],[-112.38859620999995,37.088849193000044],[-112.39830129299997,37.12511233400005],[-112.40278151499996,37.151125013000069],[-112.41242296999997,37.171166588000062],[-112.42384967299995,37.186309243000039],[-112.43362198399996,37.200533964000044],[-112.43593044299996,37.210632306000036],[-112.43422673099997,37.225375930000041],[-112.42613905299999,37.237573821000069],[-112.41333106699994,37.254518278000035],[-112.39585871699995,37.273300062000033],[-112.38935773999998,37.289320761000056],[-112.39027805099994,37.304257317000065],[-112.40009719299997,37.320872627000028],[-112.41111276299995,37.336110326000039],[-112.42544211299997,37.346051745000068],[-112.43116577399996,37.364467107000053],[-112.42826382499999,37.378125276000048],[-112.42124969599996,37.393585937000068],[-112.41661858199996,37.406292347000033],[-112.42287824599998,37.427037133000056],[-112.42914149299997,37.447781715000076],[-112.44787683799996,37.457082150000076],[-112.47099874699995,37.465739554000038],[-112.49278593699995,37.468571530000077],[-112.50804682899997,37.462728089000052],[-112.52741739899994,37.455076396000038],[-112.54586149899995,37.449963786000069],[-112.57121921599997,37.448645703000068],[-112.59192693599999,37.446802870000056],[-112.61355357099995,37.44241338300003],[-112.63755614399997,37.435261254000068],[-112.65544641899999,37.427803356000027],[-112.67203925799998,37.427756800000054],[-112.69911716599995,37.427358048000031],[-112.74160024999998,37.428276374000063],[-112.77330845699998,37.44764028000003],[-112.78395671699997,37.473748255000032],[-112.78931722699997,37.503052228000058],[-112.79376733199996,37.534900630000038],[-112.78707424799995,37.570815953000078],[-112.78585499299999,37.610733219000053],[-112.77119046699994,37.651443036000046],[-112.74424888899995,37.691559740000059],[-112.71390413699999,37.723741032000078],[-112.68949995099996,37.749014934000058],[-112.66763284199999,37.77872325800007],[-112.63667396899996,37.808557017000055],[-112.62129095899996,37.833687430000055],[-112.62362436899997,37.850198180000064],[-112.62878561499997,37.872313330000054],[-112.63596266099995,37.896540749000053],[-112.64624697799997,37.92753577700006],[-112.64624978399996,37.960039889000029],[-112.64608856899997,37.985344947000044],[-112.63295913099995,38.013753916000041],[-112.61594807499995,38.045135321000032],[-112.58709621399998,38.064999206000039],[-112.54683302799998,38.08170020700004],[-112.49515588099996,38.095226320000052],[-112.45028839099996,38.105334999000036],[-112.39884501699999,38.119982284000059],[-112.36306337699995,38.129946380000035],[-112.34081196999995,38.139159379000034],[-112.32981545699994,38.157581513000025],[-112.33101775099999,38.182675066000058],[-112.33946669999995,38.212745535000067],[-112.34658047099998,38.25022711500003],[-112.36500034999995,38.33662372100008],[-112.37133148499998,38.370610161000059],[-112.37834599799999,38.414125408000075],[-112.41592387699995,38.478409703000068],[-112.42995031799995,38.49869655100008],[-112.45737999999994,38.525070543000027],[-112.48490870399996,38.55177518000005],[-112.52976041699998,38.578416130000051],[-112.56531708999995,38.59558415500004],[-112.60028875899997,38.60829698200007],[-112.63913959799999,38.620437587000026],[-112.71932020399998,38.662454257000036],[-112.75493538699999,38.681311660000063],[-112.81098618899995,38.71111509800005],[-112.85224131999996,38.729122765000056],[-112.89093628599994,38.747495842000035],[-112.92270476599998,38.759207035000031],[-112.94947459399998,38.766766045000054],[-112.96908828299996,38.770494540000072],[-112.98148369899997,38.768311612000048],[-113.00016834499996,38.764497665000079],[-113.02293024299996,38.75728433900008],[-113.04732609199999,38.749474090000035],[-113.07657037499996,38.737795665000078],[-113.09468973599996,38.729861530000051],[-113.11272314599995,38.721587845000045],[-113.13648014499995,38.707569554000031],[-113.17464370499999,38.685104391000039],[-113.26281720899999,38.63066025300003],[-113.28126725699997,38.618800024000052],[-113.34853903599998,38.597447938000073],[-113.40328638899996,38.584940828000072],[-113.43583088499997,38.585221054000044],[-113.47965421399999,38.58970533400003],[-113.50215314099995,38.594296353000061],[-113.52675814799994,38.60554581100007],[-113.54042878599995,38.612181655000029],[-113.55647889399995,38.622991709000075],[-113.57414750799995,38.636695301000032],[-113.59189851599996,38.652480396000044],[-113.60211103799998,38.668375580000031],[-113.61574537299998,38.687237304000064],[-113.62331617799998,38.701442568000061],[-113.63052994199995,38.71954541100007],[-113.63999361299994,38.734157894000077],[-113.65022859599998,38.750048766000077],[-113.66582572999994,38.75707777100007],[-113.68356745599999,38.765521106000051],[-113.69617601699997,38.769514319000052],[-113.70562645599995,38.768054697000025],[-113.71689034699995,38.763169331000029],[-113.72540611399995,38.758008972000027],[-113.73806975599996,38.74277154300006],[-113.75253619599999,38.692309934000036],[-113.76196379199996,38.660796255000037],[-113.76764471699994,38.651527735000059],[-113.77579966499997,38.646766488000026],[-113.78479968699997,38.647114871000042],[-113.79446605699997,38.657143745000042],[-113.80283529999997,38.674363339000024],[-113.80529748699996,38.687609441000063],[-113.81161584699998,38.70375040600004],[-113.82061170599997,38.711087346000056],[-113.83192833399994,38.717014017000054],[-113.84394135799994,38.716889947000027],[-113.85467111599996,38.713469717000066],[-113.86995181899999,38.705143873000054],[-113.88540519299994,38.690496985000038],[-113.90170984599996,38.675713851000069],[-113.92589907499996,38.641165470000033],[-113.93498589699999,38.617368527000053],[-113.94415189799997,38.588663444000076],[-113.95194096099999,38.561571184000059],[-113.96896805099999,38.535820795000063],[-113.98470418799997,38.51726147800008],[-114.01360701799996,38.499767771000052],[-114.04395806199994,38.487979632000076],[-114.06208383799998,38.484062580000057],[-114.42573602399995,38.458845885000073],[-114.46250694499997,38.460235884000042],[-114.49019598999996,38.469694847000028],[-114.52539787799998,38.475725318000059],[-114.55207952499995,38.470651721000024],[-114.58166221999994,38.469503817000032],[-114.62011624499996,38.477179334000027],[-114.66134007099998,38.474108779000062],[-114.68674276699994,38.46774302700004],[-114.71646528299999,38.458100997000031],[-114.74882211599999,38.443966400000079],[-114.80063116199995,38.418774893000034],[-114.82492770899995,38.39321046200007],[-114.87453180399996,38.332093539000027],[-114.90077055399996,38.295404788000042],[-114.91444271799998,38.160867591000056],[-114.91923161999995,38.050160414000061],[-114.91786124299995,38.033384535000039],[-114.91842029899999,37.976345825000067],[-114.92857855299997,37.937907260000031],[-114.94825024999994,37.893462705000047],[-114.98884540899996,37.864969064000036],[-115.00044632799995,37.858123961000047],[-115.03586447699996,37.837210277000054],[-115.11199802499999,37.801558730000067],[-115.21246949499999,37.76537621600005],[-115.30186544599997,37.735177996000061],[-115.34152919999997,37.717590431000076],[-115.37492612399996,37.695179882000048],[-115.40830231999996,37.672759709000047],[-115.53425970099994,37.630367935000038],[-115.64341258399998,37.58780592200003],[-115.68161836599995,37.565420460000041],[-115.69941771199996,37.549542889000065],[-115.75107535699999,37.500228889000027],[-115.81092564199997,37.440009342000053],[-115.83590566599997,37.412523788000044],[-115.90592004499996,37.339237125000068],[-115.94384633099997,37.314322942000047],[-115.98910596099995,37.297206911000046],[-115.99054049499995,37.296663982000041],[-116.05301017299996,37.276155198000026],[-116.09368630199998,37.263453086000027],[-116.12602951099996,37.251742943000067],[-116.16860385799998,37.232772920000059],[-116.20063710799997,37.21568912400005],[-116.25472174599997,37.194106337000051],[-116.31498537999994,37.179230432000054],[-116.33582078199998,37.176912275000063],[-116.36087472499997,37.17431231900008],[-116.37530075099994,37.172187497000039],[-116.43002657199997,37.183690492000039],[-116.47593683099996,37.207233586000029],[-116.53218067799997,37.25590696200004],[-116.59057174799995,37.333062744000074],[-116.63107337499997,37.401215874000059],[-116.75329227499998,37.549584629000037],[-116.83265992099996,37.642944439000075],[-116.84998904199995,37.663289561000056],[-116.93971048399999,37.774579581000069],[-116.96190848099997,37.802442891000055],[-116.97352485799996,37.820145672000081],[-117.00151031299998,37.862753868000027],[-117.03173102899996,37.906966503000035],[-117.05872873299995,37.937623276000068],[-117.09126609999998,37.978938115000062],[-117.12674957399997,38.022161864000054],[-117.15842912599999,38.052550453000038],[-117.18867002599995,38.07027449900005],[-117.24378780699999,38.111027639000042],[-117.27386445299999,38.130616608000025],[-117.31274703599996,38.153467487000057],[-117.34852529799997,38.176280485000063],[-117.41270539499999,38.212809251000067],[-117.46524268999997,38.241665767000029],[-117.51542579499994,38.28821083400004],[-117.54376615399997,38.311785980000025],[-117.57905627899999,38.36300452200004],[-117.60033930099996,38.396550042000058],[-117.62639854599996,38.435349144000043],[-117.65441110999996,38.465143277000038],[-117.70146684399998,38.498075946000029],[-117.73479520499995,38.516977742000051],[-117.76293688399994,38.539335021000056],[-117.77510027599999,38.573389300000031],[-117.77443400999999,38.616688707000037],[-117.76261513599997,38.664590417000056],[-117.74577935999997,38.711596805000056],[-117.72195572199996,38.771646186000055],[-117.71607463599997,38.788183847000028],[-117.70364428499994,38.834332768000024],[-117.69492147099999,38.879771847000029],[-117.67718350399997,38.93431944200006],[-117.65856718099997,39.001355836000073],[-117.64088992799998,39.042311622000057],[-117.62449393799994,39.083634844000073],[-117.58704635399999,39.159127140000066],[-117.55714554899998,39.20050679600007],[-117.52124448299998,39.240533054000025],[-117.47734971399996,39.272793892000038],[-117.44040783799994,39.314822416000027],[-117.41650817399994,39.358096499000055],[-117.41083972599995,39.409054798000057],[-117.40220311099995,39.441465344000051],[-117.39098898299994,39.469424422000031],[-117.37973499199995,39.499851951000039],[-117.37442698899997,39.53410092200005],[-117.37351184999994,39.561989886000049],[-117.36169449699997,39.590667253000049],[-117.35533069299998,39.647280627000043],[-117.35421824099996,39.691647317000047],[-117.35377873199997,39.70916009900003],[-117.35869829999996,39.75074872700003],[-117.36942830999999,39.780177195000078],[-117.38107257099995,39.812516674000051],[-117.38457054899999,39.83404373500008],[-117.39305680299998,39.863888013000064],[-117.39299287099999,39.884225846000049],[-117.38872330199996,39.909035870000025],[-117.38199958999996,39.933681957000033],[-117.36942905099994,39.957557028000053],[-117.35793772699998,39.984925259000079],[-117.35042638199997,40.025106211000036],[-117.34920883199999,40.030262583000081],[-117.31884698599998,40.152833183000041],[-117.29866628099995,40.188548776000061],[-117.28478682699995,40.205865528000061],[-117.27481762199994,40.240933834000032],[-117.26578019999999,40.27644431300007],[-117.24194907599997,40.323882610000055],[-117.22443671099995,40.352924816000041],[-117.21026882299998,40.37335192200004],[-117.19310172899998,40.390627576000043],[-117.16612074499994,40.415217748000032],[-117.15473315099996,40.438205012000026],[-117.14086885899997,40.461022392000075],[-117.12631319199994,40.479038626000033],[-117.09788647799996,40.506939116000069],[-117.07163259799995,40.528899870000032],[-117.04931897099999,40.553218550000054],[-117.03899459099995,40.577220822000072],[-117.02942320799997,40.590628253000034],[-117.00473504099995,40.607361754000067],[-116.98790746099996,40.63129028000003],[-116.96665625799994,40.656620446000034],[-116.95678701299994,40.674374983000064],[-116.94112814799996,40.715299353000034],[-116.93522529699999,40.764316122000025],[-116.93862322699999,40.796299898000029],[-116.95218579199997,40.816632974000072],[-116.98123935099994,40.826821559000052],[-117.00583288899998,40.830422056000032],[-117.02853746599999,40.84358129900005],[-117.06296088699997,40.87616534600005],[-117.08424483499999,40.906794982000065],[-117.10685642099997,40.950717541000074],[-117.13004297299995,40.996381735000057],[-117.16754927099998,41.035783237000032],[-117.19122759399994,41.054289051000069],[-117.25126604099995,41.092699461000052],[-117.27498014899999,41.098267953000061],[-117.31166557899996,41.095950825000045],[-117.34311373299994,41.097647240000072],[-117.38555090199998,41.09549660700003],[-117.44365134799995,41.099100231000079],[-117.47651376499999,41.094964704000063],[-117.50223794899995,41.093968887000074],[-117.53874051999998,41.089766753000049],[-117.57629342699994,41.095213003000026],[-117.62370761499994,41.09329693400008],[-117.66110392399997,41.095667350000042],[-117.74437822299996,41.096345525000061],[-117.79351332599998,41.094660184000077],[-117.82613281899995,41.094783033000056],[-117.86182589299995,41.094326662000071],[-117.88658701099996,41.092809867000028],[-117.96948616599997,41.090935662000049],[-118.00881746699997,41.091605721000064],[-118.08097154899997,41.087962079000079],[-118.11436126599995,41.085394921000045],[-118.13701475899995,41.07743676900003],[-118.16329864999994,41.07557418600004],[-118.20493760299996,41.060939778000034],[-118.22680287199995,41.058044934000065],[-118.26247377199996,41.037726983000027],[-118.30904423199996,41.011006900000041],[-118.34371676399996,40.997632674000045],[-118.36325746899996,40.995149892000029],[-118.38776306899996,40.984311419000051],[-118.40346348999998,40.980083936000028],[-118.44040565199998,40.968711160000055],[-118.52204271699998,40.936573273000079],[-118.54481356499997,40.92771570900004],[-118.57596210499997,40.916168954000057],[-118.60862955999994,40.904319225000052],[-118.63343317699997,40.89088806400008],[-118.68476457999998,40.869230495000068],[-118.77572945199995,40.833666471000072],[-118.88014775499994,40.79600307700008],[-118.95295168699994,40.778035764000037],[-118.99875041399997,40.773987175000059],[-119.02599692699999,40.76800817700007],[-119.06176260199999,40.756012946000055],[-119.10648991799997,40.744089043000031],[-119.15976153799994,40.729833604000078],[-119.18710924399994,40.71946048500007],[-119.26163703899999,40.699692374000051],[-119.40388528699998,40.671261723000043],[-119.43250127999994,40.671710631000053],[-119.44711573499995,40.678682053000045],[-119.46671122599997,40.697654424000063],[-119.48117709799999,40.706510933000061],[-119.51128463699996,40.704166773000054],[-119.52705294599997,40.700370383000063],[-119.54660300799998,40.705099030000042],[-119.58327504599998,40.716897104000054],[-119.60627976499995,40.722158625000077],[-119.63891673699999,40.731661579000047],[-119.66112012199994,40.734598369000025],[-119.73717530999994,40.747043481000048],[-119.88118507699994,40.748664132000044],[-119.95894443199995,40.746471777000068],[-120.01004138099995,40.743411585000047],[-120.00943016999997,40.78330713400004],[-120.02134959099999,40.783634706000043],[-120.04688182899997,40.782680661000029],[-120.07082955699997,40.783749716000045],[-120.08912362499996,40.781961206000062],[-120.10443658399998,40.777311380000071],[-120.11880908499995,40.771860896000078],[-120.12914835299995,40.764264264000076],[-120.13733148299997,40.756119609000052],[-120.14131280699996,40.750828861000059],[-120.14231328899996,40.742680322000069],[-120.14397887799998,40.730919546000052],[-120.15358389599999,40.735879941000064],[-120.17755057399995,40.735381865000079],[-120.20300774599997,40.733576726000081],[-120.21957481099997,40.736094851000075],[-120.23389269899997,40.741423688000054],[-120.23841008899996,40.74310444200006],[-120.26149090599995,40.738305307000076],[-120.28329625599997,40.73178041500006],[-120.32045196999997,40.728008804000069],[-120.34270056799994,40.726345223000067],[-120.35572267799995,40.722631947000025],[-120.36929019699994,40.716816149000067],[-120.38875728199997,40.709267123000075],[-120.39713118199995,40.703540411000063],[-120.40856268099998,40.693322407000039],[-120.42707809299998,40.684970560000068],[-120.44362953799998,40.672555682000052],[-120.45112717399996,40.663529251000057],[-120.44404276199998,40.64936659500006],[-120.43518935799995,40.63706583000004],[-120.44090927199994,40.615083274000028],[-120.44057959699995,40.604604840000036],[-120.43694363399999,40.594591315000059],[-120.43325274399996,40.578971143000047],[-120.41405053499994,40.556921088000024],[-120.39252284599996,40.540574508000077],[-120.36391647699998,40.526231746000065],[-120.34415437499996,40.514725964000036],[-120.32895334499995,40.510458810000046],[-120.30284718399997,40.500276393000036],[-120.27946686199999,40.485422958000072],[-120.26674240699998,40.471693232000064],[-120.25588023999995,40.459063940000078],[-120.22307305599998,40.428669047000028],[-120.20348484199997,40.40929312600008],[-120.18423796899998,40.385376221000058],[-120.16178964399995,40.364732189000051],[-120.13103950599998,40.339856888000043],[-120.10236925299995,40.315290039000047],[-120.05547384599998,40.298227333000057],[-120.01511084099997,40.288648420000072],[-119.93771487899994,40.238168486000063],[-119.85153465999997,40.169626895000079],[-119.82772697499996,40.134846706000076],[-119.81781764399994,40.08430615900005],[-119.82037405699998,40.036156984000058],[-119.81600326499995,40.012998986000071],[-119.80000976499997,39.990253997000025],[-119.77222677399999,39.954437453000025],[-119.74026098899998,39.915760968000029],[-119.73107511999996,39.891613217000042],[-119.72745611699997,39.871899413000051],[-119.71668097199995,39.852419154000074],[-119.69955683799998,39.835485316000074],[-119.65078646999996,39.780424751000055],[-119.63834708999997,39.760666086000072],[-119.61907917899998,39.728054050000026],[-119.60288428199999,39.687993748000054],[-119.59868976599995,39.645470300000056],[-119.59475684099999,39.557028912000078],[-119.59697617799998,39.53549931200007],[-119.56782884399996,39.501826906000076],[-119.54703508399996,39.462098585000035],[-119.54247358499998,39.427711674000079],[-119.54476785499998,39.399352237000073],[-119.54328517399995,39.369290238000076],[-119.52999638099999,39.306952954000053],[-119.52100242899996,39.243114202000072],[-119.52529136699997,39.211244927000052],[-119.53795802799999,39.178266809000036],[-119.54390171399996,39.15596886600008],[-119.55149800099997,39.122172430000035],[-119.55425722099994,39.089373459000058],[-119.54254073599998,39.02919677400007],[-119.54269503899997,38.975863822000065],[-119.55113817099999,38.92825166700004],[-119.54804630699999,38.891084301000035],[-119.54682227099994,38.833696664000058],[-119.55089588599998,38.791944652000041],[-119.55858499799996,38.765555993000078],[-119.57286292099997,38.744614684000055],[-119.58266452299995,38.71282338900005],[-119.58856756799997,38.681221098000037],[-119.58324234499997,38.637005258000045],[-119.57920197499999,38.610869956000045],[-119.56717600399998,38.572315467000067],[-119.55571703199996,38.531660876000046],[-119.55670855999995,38.49166641100004],[-119.55987792599996,38.457683606000046],[-119.56323173799996,38.424256663000051],[-119.56851482599996,38.41898868800007],[-119.57859475599997,38.41747914900003],[-119.58784552099996,38.425464913000042],[-119.59029039999996,38.427383070000076],[-119.60122477499999,38.435959870000033],[-119.61718183099998,38.448097253000071],[-119.63443664699997,38.453613575000077],[-119.64758278799997,38.451457057000027],[-119.65301549299994,38.454089016000069],[-119.66769841399997,38.460933458000056],[-119.68291811199998,38.458933702000024],[-119.68879146999996,38.450955652000061],[-119.69245120699998,38.436123603000055],[-119.69431557599995,38.428565343000059],[-119.68976528599995,38.422700341000052],[-119.68164151899998,38.409895601000073],[-119.67746357499999,38.394774968000036],[-119.67534936399994,38.349459600000046],[-119.64505912199996,38.300387540000031],[-119.63380190899994,38.26145923100006],[-119.62152154199998,38.239039107000053],[-119.62080967899999,38.213151156000038],[-119.61001362999997,38.209092748000046],[-119.59344004999997,38.20326923500005],[-119.57182818699999,38.193664330000047],[-119.54698131199996,38.175808381000024],[-119.51057517399994,38.152928942000074],[-119.51007115299996,38.142994648000069],[-119.49469734599995,38.12637617200005],[-119.47910449799997,38.105093401000033],[-119.46710495599996,38.08045786100007],[-119.45621773399995,38.049270500000034],[-119.44373319299996,38.004811264000068],[-119.43791002299997,37.978888968000035],[-119.41870764699996,37.94237810900006],[-119.39483985899994,37.922824801000047],[-119.35592990099997,37.904544582000028],[-119.31153808199997,37.893712444000073],[-119.28447817799997,37.878525179000064],[-119.25855944899996,37.863914611000041],[-119.22922960499994,37.841759627000044],[-119.19511414899995,37.822077576000027],[-119.17086897199999,37.80814891600005],[-119.14391146999998,37.807034442000031],[-119.12068148399999,37.803287738000051],[-119.07051023999998,37.79728859100004],[-119.02523335099994,37.796204320000072],[-118.98797103799996,37.805338938000034],[-118.94359456699999,37.818514231000051],[-118.89209257299996,37.835721965000062],[-118.85145792499998,37.840297147000058],[-118.82458774799994,37.848365564000062],[-118.77721004499995,37.849460063000038],[-118.73424778099997,37.836655303000043],[-118.68717580199996,37.813911447000066],[-118.64907226599996,37.778216151000038],[-118.62589187499998,37.746698950000052],[-118.58785179399996,37.686138625000069],[-118.53470866399999,37.614532637000025],[-118.46123906299999,37.540424460000054],[-118.40211625199998,37.48958966400005],[-118.32466968099999,37.440225369000075],[-118.29839342999998,37.423449854000069],[-118.26275462299998,37.394272182000066],[-118.25413228799999,37.387207872000033],[-118.22329460299994,37.343963037000037],[-118.19840981099998,37.293976869000062],[-118.18445369499995,37.251693583000076],[-118.17867106799997,37.223216247000039],[-118.18014698199994,37.20317003200006],[-118.17470780199994,37.195611960000065],[-118.16329054699997,37.178751414000033],[-118.13563406499998,37.109577211000044],[-118.08869400699996,36.987844973000051],[-118.06570390699994,36.918375899000068],[-118.04611487099999,36.874765074000038],[-118.00674105999997,36.767641467000033],[-117.99445375599998,36.734145636000051],[-117.96205269099994,36.670886369000073],[-117.93356885599997,36.63028717800006],[-117.89737425799996,36.589366476000066],[-117.85541297599997,36.556982555000047],[-117.80210415799996,36.532379723000076],[-117.74681054899997,36.513696894000077],[-117.71012967599995,36.511054201000036],[-117.66460747599996,36.511983523000026],[-117.61257222299997,36.520946012000024],[-117.59400123599994,36.525194057000078],[-117.56354126099995,36.530527724000024],[-117.52322784699999,36.530996494000078],[-117.48833663199997,36.529164606000052],[-117.44709239199994,36.51623888000006],[-117.41956812499996,36.502284495000026],[-117.40756440699994,36.496195058000069],[-117.36401700899995,36.462512546000028],[-117.31506825499997,36.410412467000072],[-117.26944560599998,36.356433856000024],[-117.24150092799999,36.313200471000073],[-117.21855374399996,36.273928244000047],[-117.18691450699998,36.217870772000026],[-117.17681588899995,36.199561381000024],[-117.15778196399998,36.165025145000072],[-117.11488131199997,36.11421118100003],[-117.07538264399994,36.071229329000062],[-117.04206553199998,36.044156360000045],[-116.99287737699996,36.010274314000071],[-116.94547770399998,35.990794209000057],[-116.92662694199998,35.982091899000068],[-116.87018346899998,35.966768839000054],[-116.83885486899999,35.965096675000041],[-116.73833754299994,35.96888199600005],[-116.68069943299997,35.968197494000037],[-116.67195454499995,35.967525680000051],[-116.65165202999998,35.967320308000069],[-116.63229086899997,35.96088364600007],[-116.61743546099996,35.954335792000052],[-116.59029212999997,35.941737188000047],[-116.57496221799994,35.92814952100008],[-116.54389776699998,35.903749368000035],[-116.51281973299996,35.871732947000055],[-116.48152243699997,35.829193823000026],[-116.45170305199997,35.771398579000049],[-116.43369734099997,35.733011979000025],[-116.41878381799995,35.706131012000071],[-116.40024343799996,35.681841471000041],[-116.38009509099999,35.662515509000059],[-116.34712558699999,35.635998527000027],[-116.32240360699996,35.613099843000043],[-116.30255430199998,35.589294751000068],[-116.28383402799994,35.566261272000077],[-116.27269067799995,35.546681798000066],[-116.25370542599995,35.505292423000071],[-116.24239048199996,35.464447117000077],[-116.22103442399998,35.377474402000075],[-116.20478084999996,35.350064098000075],[-116.18096944199999,35.307127235000053],[-116.16093858799996,35.275658700000065],[-116.12939753999996,35.242491747000031],[-116.10350774499994,35.217843164000044],[-116.07710738199995,35.196719393000024],[-116.05505052499996,35.175037718000056],[-116.03569405699994,35.154230441000038],[-116.02454220499999,35.139611001000048],[-115.98736681899999,35.102809109000077],[-115.95863578599995,35.077199045000043],[-115.92626086599995,35.046861756000055],[-115.90340743499996,35.021884404000048],[-115.81056199399995,34.935795571000028],[-115.79590412599998,34.925533632000054],[-115.74849720099996,34.898697047000041],[-115.68721065199998,34.874708455000075],[-115.65284712999994,34.865630893000059],[-115.60053527999997,34.861623543000064],[-115.54330960599998,34.86704562400007],[-115.51557610899999,34.874482823000051],[-115.49042735699999,34.88328406200003],[-115.47338150799999,34.89184977900004],[-115.45522172699998,34.901835620000043],[-115.43767344399998,34.914155906000076],[-115.40765536199996,34.929924297000071],[-115.38740750799997,34.943328269000062],[-115.35801920299997,34.955908278000038],[-115.33449450399996,34.962542005000046],[-115.30474164199995,34.979452230000049],[-115.25184332999999,35.010238295000079],[-115.22220993899998,35.036274297000034],[-115.19570420399998,35.054408280000075],[-115.16451077599999,35.074582302000067],[-115.09244018299995,35.118795028000079],[-115.06373728399996,35.137273054000048],[-114.94724043399998,35.264605202000041],[-114.92829777599997,35.268624147000025],[-114.90972728399998,35.270618708000029],[-114.88418371499995,35.273326888000042],[-114.86618189399996,35.27521542900007],[-114.84926033799997,35.285961475000079],[-114.82373429099999,35.300387559000058],[-114.80179932999999,35.304408752000029],[-114.73723447499998,35.308115373000078],[-114.69117722299995,35.305246695000051],[-114.61425939899999,35.307619615000078],[-114.52909611599995,35.310358822000069],[-114.51595717099997,35.291645367000058],[-114.51971076099994,35.259246871000073],[-114.51582675099996,35.237916469000027],[-114.52277520999996,35.212306643000034],[-114.52582909799997,35.200794398000028],[-114.52568495899999,35.182495553000024],[-114.52583580399994,35.165368491000038],[-114.53936327399998,35.142304846000059],[-114.56183294999994,35.131154339000034],[-114.58203613599994,35.12282771200006],[-114.59338682599997,35.11478483500008],[-114.60040539299996,35.101371277000055],[-114.59395278699998,35.08170433500004],[-114.58043395499999,35.069350752000048],[-114.58454925999996,35.050325754000028],[-114.59701710199994,35.040869035000071],[-114.61045023899999,35.028098176000071],[-114.61737695399995,35.021510682000041],[-114.62717272199995,35.001511612000058],[-114.62149733699999,34.973164700000041],[-114.60396741299996,34.956618227000035],[-114.55314625999995,34.943309020000072],[-114.53528130299998,34.933599985000058],[-114.52873092999994,34.92641117200003],[-114.51649421799999,34.920190167000044],[-114.50345248699995,34.920210853000071],[-114.49027539699995,34.917322327000079],[-114.48657441799998,34.909647784000072],[-114.48924682199998,34.901378630000067],[-114.49818742299999,34.890920085000062],[-114.50154374999994,34.883022569000047],[-114.49983287799995,34.87501022400005],[-114.49399483099995,34.870630594000033],[-114.48310934899996,34.86857414800005],[-114.47596897799997,34.864903620000064],[-114.47436968699998,34.856140018000076],[-114.47051500699996,34.850201707000053],[-114.46382820199995,34.845965426000078],[-114.45961526999997,34.837401852000028],[-114.45885374899996,34.826054604000035],[-114.45555309199995,34.817580560000067],[-114.44699052499999,34.812930089000076],[-114.44099326899999,34.809064655000043],[-114.43527254399999,34.803931290000037],[-114.43270257299997,34.79362429300005],[-114.42861289699999,34.785528519000025],[-114.41932516299994,34.778656179000052],[-114.41383380899998,34.773239480000029],[-114.41206108799997,34.76255371600007],[-114.40932849799998,34.752763267000034],[-114.39967672399996,34.744878070000027],[-114.38957588099998,34.737556737000034],[-114.38681080599997,34.731189766000057],[-114.38903682999995,34.723489280000024],[-114.39325560699996,34.716671655000027],[-114.39475340599995,34.710803200000043],[-114.38765404499998,34.701265318000026],[-114.37827333399997,34.68967278100007],[-114.36811691099996,34.680896411000049],[-114.36718953899998,34.667628505000039],[-114.36639256999996,34.657267766000075],[-114.36201336799996,34.645561076000035],[-114.34964212799997,34.634963132000053],[-114.34155775499994,34.629741015000036],[-114.33214792699999,34.620349621000059],[-114.32147261299997,34.607023004000041],[-114.31964048099996,34.592446048000056],[-114.32082928699998,34.569793695000044],[-114.31996330299995,34.555542234000029],[-114.31447099399998,34.545245603000069],[-114.30514482199999,34.53852521400006],[-114.28663164999995,34.512469130000056],[-114.26446168199999,34.481076785000027],[-114.25042903399998,34.46953708500007],[-114.22309869199995,34.457796686000052],[-114.19583844099998,34.447502877000034],[-114.18106928399999,34.43047131600008],[-114.18030013299995,34.416502268000045],[-114.18217822199995,34.402527592000069],[-114.17551282099998,34.387306200000069],[-114.16949489299998,34.379537084000049],[-114.16783074899996,34.371524283000042],[-114.15848550799996,34.365777408000042],[-114.14808224999996,34.361382536000065],[-114.14703278199994,34.34985260600007],[-114.14894907099995,34.337824958000056],[-114.14384049699999,34.329537525000035],[-114.13331724799997,34.324353532000032],[-114.12727403799994,34.314028050000047],[-114.12953503899996,34.303406924000058],[-114.14321681999996,34.287210530000038],[-114.15379515099994,34.283604366000077],[-114.16884031299998,34.273027200000058],[-114.17871146799996,34.261123730000065],[-114.18349040799995,34.246418782000035],[-114.18801610699995,34.232487838000054],[-114.19592971799995,34.219814504000055],[-114.21307716599995,34.21070347400007],[-114.22979768599998,34.201661295000065],[-114.24187153399998,34.195230854000044],[-114.24919251599999,34.185578855000074],[-114.25389746999997,34.177832197000043],[-114.26638010099998,34.169499932000065],[-114.27868767599995,34.160463869000068],[-114.29398390799997,34.154650589000028],[-114.30613994499998,34.15039239400005],[-114.31676848199999,34.14529458800007],[-114.32942098599995,34.139485568000055],[-114.34934698999996,34.134632160000024],[-114.36302300799997,34.131205566000062],[-114.37185903999995,34.124211444000025],[-114.38381104699994,34.115587189000053],[-114.39100862599997,34.103747949000024],[-114.40467360199995,34.086046601000078],[-114.40867451699995,34.07731310500003],[-114.40541590799995,34.069454367000048],[-114.39762643299997,34.066394586000058],[-114.38607323399998,34.069465130000026],[-114.37021326299998,34.072903046000079],[-114.35982722899996,34.073576274000061],[-114.35691948099998,34.067120621000072],[-114.36876731299998,34.05632001400005],[-114.38282861699997,34.049164336000047],[-114.38817097299994,34.038739608000071],[-114.39998758999997,34.024281144000042],[-114.41227848299997,34.018886593000047],[-114.43258896099996,34.013946657000076],[-114.43885112399994,34.011813930000073],[-114.44555761499998,34.009529352000072],[-114.46284977999994,33.995952678000037],[-114.47532735799996,33.982467578000069],[-114.47948379899998,33.961994640000057],[-114.47486861999994,33.941565628000035],[-114.47256023899996,33.925131581000073],[-114.47275660299999,33.909950588000072],[-114.47556449699999,33.901784667000072],[-114.47409876799998,33.885206835000076],[-114.47160598699998,33.866245111000069],[-114.46548973899996,33.846809535000034],[-114.46332351099994,33.838036169000077],[-114.46877489099995,33.822831524000037],[-114.47486946999999,33.815563999000062],[-114.46992096599996,33.806172419000063],[-114.46148677199994,33.79152760900007],[-114.45712233099999,33.780938467000055],[-114.45706259299999,33.780284522000045],[-114.45669273699997,33.776235477000057],[-114.45557644399997,33.764012248000029],[-114.46111058699995,33.749160447000065],[-114.46339461699995,33.738891330000058],[-114.47313729299998,33.725143165000077],[-114.48287644299995,33.71139439500007],[-114.48191908499996,33.695099540000058],[-114.47661630399995,33.687182269000061],[-114.47358105199999,33.682649692000041],[-114.47291509699994,33.681655133000049],[-114.46708783799994,33.675298256000076],[-114.46393957199996,33.67186330800007],[-114.45958166199995,33.661276049000037],[-114.45918455599997,33.655222699000035],[-114.45889369699995,33.650788342000055],[-114.45973182599994,33.642354164000039],[-114.46989694699994,33.638651851000077],[-114.47992840999996,33.632045596000069],[-114.49049955699996,33.622906755000031],[-114.49185744199997,33.609505813000055],[-114.48997672399997,33.59715189700006],[-114.49067781599996,33.585815330000059],[-114.49497959899998,33.577270306000059],[-114.50625174899994,33.57337188300005],[-114.52886821099997,33.575311674000034],[-114.52451689999998,33.562410414000055],[-114.52781194499994,33.554525382000065],[-114.53834736499999,33.542947986000058],[-114.53813583999994,33.53030586400007],[-114.54175534299998,33.521388797000043],[-114.54104275799995,33.50200708400007],[-114.54119658899998,33.493203255000026],[-114.54754698599999,33.490639267000063],[-114.55659131699997,33.489557944000069],[-114.57502622499999,33.488795722000077],[-114.59188168699995,33.486354239000036],[-114.60234581599997,33.481608295000058],[-114.60765044199997,33.474833131000025],[-114.60698566099995,33.462757011000065],[-114.60039677799995,33.45024924300003],[-114.59750291399996,33.438561674000027],[-114.60399330299998,33.427191545000028],[-114.61769925199997,33.423829099000045],[-114.63323664099994,33.425509700000077],[-114.64835597199999,33.430187298000078],[-114.66219974899997,33.429721135000079],[-114.67009692999994,33.426390689000073],[-114.66886533099995,33.414413224000043],[-114.66317598999996,33.403214976000072],[-114.66185290299995,33.393204801000024],[-114.66742448499997,33.380526828000029],[-114.67615109499997,33.371198088000028],[-114.67886523799996,33.363408148000076],[-114.67120562899999,33.348947642000041],[-114.67134413099996,33.340145655000072],[-114.67948526299995,33.328480494000075],[-114.67651323599995,33.309495017000074],[-114.67062201299996,33.299798310000028],[-114.65763836799999,33.282565632000058],[-114.65318896699995,33.271641779000049],[-114.65175366899996,33.26116617200006],[-114.64341309099996,33.250923196000031],[-114.63702332099996,33.234488738000039],[-114.62934270399995,33.210480263000079],[-114.63368395499998,33.185833840000043],[-114.63582244699995,33.164010468000072],[-114.64228383299996,33.152642832000026],[-114.65482959499997,33.137771665000059],[-114.66130895099997,33.128836721000027],[-114.66464064999997,33.116553297000053],[-114.66436323499994,33.09905314100007],[-114.66378529999997,33.085018325000078],[-114.65719606299996,33.077107296000065],[-114.64404476499999,33.061377767000067],[-114.62881731399995,33.048935831000051],[-114.61515745099996,33.049864663000051],[-114.59916294499999,33.050712507000071],[-114.58597483099999,33.041808436000053],[-114.57562401099995,33.039717679000034],[-114.56255960899995,33.045409069000073],[-114.54092153399995,33.049181886000042],[-114.50839405399995,33.053382807000048],[-114.49134948599999,33.047575748000042],[-114.46526464299995,33.035540619000074],[-114.45529281499995,33.023142672000063],[-114.45596087399997,33.006950415000063],[-114.44724991699997,32.999692918000051],[-114.43759617899997,32.983830357000045],[-114.43481147399996,32.965315947000079],[-114.43242492299999,32.96140383200003],[-114.42325854099994,32.946374014000071],[-114.41751072199997,32.932271173000061],[-114.42377254499996,32.922418830000026],[-114.42089487199996,32.905871152000032],[-114.42811689199999,32.890494649000061],[-114.43826612099997,32.882401962000074],[-114.44851099799996,32.87234327300007],[-114.45040027399995,32.856429910000031],[-114.45840964599995,32.844323152000072],[-114.47410050199994,32.837697553000055],[-114.48292025399996,32.831291824000061],[-114.49424134499998,32.818604763000053],[-114.50914216399997,32.811136452000028],[-114.51362703399997,32.80353527300008],[-114.50837386199998,32.779709901000047],[-114.50517154399995,32.768851167000037],[-114.50952906399999,32.760530732000063],[-114.51808690699994,32.755951049000032],[-114.52953492499995,32.757963025000038],[-114.53831446399994,32.763989226000035],[-114.54748757799996,32.766397236000046],[-114.55640119599997,32.766998308000041],[-114.56665441399997,32.764123686000062],[-114.58032748199997,32.755093634000048],[-114.59973853399998,32.74617591100008],[-114.61065392799998,32.741337790000046],[-114.63413437099996,32.740136076000056],[-114.65274509899996,32.741978285000073],[-114.66491680399997,32.738739819000045],[-114.67099323399998,32.731823637000048],[-114.67744771599996,32.721186580000051],[-114.68113866199997,32.708113225000034],[-114.69150422199999,32.690574151000078],[-114.69719280799995,32.678609206000033],[-114.69618850599994,32.669286975000034],[-114.69133736299995,32.656625043000076],[-114.68936662999994,32.641628402000038],[-114.68882820699997,32.628936723000038],[-114.69566728699999,32.616403940000055],[-114.70207666299996,32.610887763000051],[-114.70916283099996,32.615115528000047],[-114.71956512999998,32.627525083000023],[-114.73378097399996,32.639625172000024],[-114.73809140299994,32.639593153000078],[-114.74112254699997,32.636133613000027],[-114.74044060099999,32.626389191000044],[-114.74046147299998,32.612501512000051],[-114.74308807399996,32.602171633000069],[-114.74756009099997,32.594072317000041],[-114.75612668299999,32.581593439000073],[-114.76102898799996,32.57524389200006],[-114.76095099599996,32.567950625000037],[-114.76319914899995,32.561340909000023],[-114.76419587299995,32.546184910000079],[-114.76575067499999,32.536775552000051],[-114.76873718399997,32.52966947300007],[-114.76770652099998,32.518527168000048],[-114.76617663799999,32.507108427000048],[-114.76836947799995,32.49941278600005],[-114.77545629199994,32.49669295700005],[-114.78849647799996,32.493645124000068],[-114.80009824999996,32.495235466000054],[-114.80783592799997,32.491666783000028],[-114.79640780999995,32.490777137000066],[-114.75822540999997,32.479295362000073],[-114.60976902599998,32.436153584000067],[-114.49476595199997,32.40231708400006],[-114.39871232599995,32.377667153000061],[-114.30869151099995,32.349525707000055],[-113.88717862699997,32.225988456000039],[-113.58744090199997,32.140149534000045],[-113.15105459399996,32.008770450000043],[-112.89179463799996,31.930342189000044],[-112.65585532299997,31.854762699000048],[-112.44589628499995,31.790949391000026],[-112.21398072799997,31.717593717000057],[-111.99114717599997,31.647263815000031],[-111.64893432999997,31.533518491000052],[-111.55191808599994,31.505428090000066],[-111.35788330199995,31.442260205000025],[-111.13443338299999,31.370495874000028],[-111.02122258499998,31.331782649000047],[-110.97731642899998,31.319736682000041],[-110.92211206099995,31.324711039000078],[-110.81461777799996,31.326446258000033],[-110.81618792599994,31.331336535000048],[-110.79152215899995,31.331507792000025],[-110.62596426499999,31.332329867000055],[-110.55737599399998,31.33237564600006],[-110.48878772399996,31.332837227000027],[-110.45610339099994,31.332844858000044],[-110.27607253199994,31.332947863000072],[-110.21981336599998,31.332976476000056],[-110.14586925799995,31.333140511000067],[-110.11586284399999,31.333094735000032],[-110.04285639499994,31.332910789000039],[-110.02637428099996,31.332862294000051],[-109.99155709299998,31.332751418000043],[-109.48569761499999,31.332078146000072],[-109.41816982999995,31.332360437000034],[-109.40210232199996,31.331988504000037],[-109.38441738199998,31.332030467000038],[-109.36780055699995,31.332095317000039],[-109.27883416899999,31.332246002000034],[-109.22683983499996,31.33233374200006],[-109.15268551599996,31.331179296000073],[-109.05157185599995,31.329521390000025],[-108.23327233499998,31.347415923000028],[-108.23387226099999,31.785563590000038],[-108.14487795499997,31.791297264000036],[-107.79846063999997,31.793801936000079],[-107.41523706399994,31.796233501000074],[-106.72394369699998,31.797758860000044],[-106.56073178499997,31.794623023000042],[-106.50962144299996,31.792734600000074],[-106.50513006199998,31.789387942000076],[-106.50143553799995,31.785962151000035],[-106.49703731199997,31.783295505000069],[-106.49263938699994,31.78062869300004],[-106.48753768499995,31.778720891000034],[-106.48234395999998,31.776132537000024],[-106.47667698599997,31.776003841000033],[-106.47122387699994,31.774474824000038],[-106.46546491899994,31.773665208000068],[-106.46005823199994,31.772475789000055],[-106.45460569899996,31.770945931000028],[-106.44840301199997,31.769834539000044],[-106.44269059499999,31.769363866000049],[-106.43716198299995,31.770253579000041],[-106.43140369399998,31.769442127000048],[-106.42635011999994,31.767871607000075],[-106.42135720799996,31.769741827000075],[-106.41592001099997,31.771310799000048],[-106.41051424899996,31.770118867000065],[-106.40492547899998,31.767565919000049],[-106.40017920499997,31.765274671000043],[-106.39508078499995,31.76336249600007],[-106.39081129699997,31.758611386000041],[-106.38787384199998,31.754763541000045],[-106.38524339899999,31.750196230000029],[-106.37869791799994,31.740498254000045],[-106.37606849799994,31.735930847000077],[-106.37105126399996,31.731597393000072],[-106.36696739999996,31.728206320000027],[-106.36274714499996,31.723794586000054],[-106.35786811399998,31.720481132000032],[-106.35347852799998,31.717808899000033],[-106.34864577999997,31.714835233000031],[-106.34385889599997,31.712201539000034],[-106.33827648499994,31.709645383000066],[-106.33424065199995,31.706593373000032],[-106.33081921199994,31.702102854000032],[-106.33000155199994,31.695979765000061],[-106.32927485099998,31.690537078000034],[-106.32854825199996,31.685094444000072],[-106.32667381999994,31.680108496000059],[-106.32409488399998,31.675880509000024],[-106.32270944399994,31.671536082000046],[-106.31968793099998,31.667006711000056],[-106.31433623699996,31.666150294000033],[-106.30924643399999,31.664234380000039],[-106.30547590899994,31.660122333000061],[-106.30563716399996,31.655282692000071],[-106.30584368799998,31.650783248000039],[-106.30560728599994,31.645982438000033],[-106.30492803899995,31.640880270000025],[-106.30155644699994,31.636729538000054],[-106.29593560799998,31.633831404000034],[-106.29181493899995,31.630097966000051],[-106.28708039099996,31.627802300000042],[-106.28415300899997,31.623952594000059],[-106.28272555699999,31.619267960000059],[-106.27987116599996,31.609898766000072],[-106.27729710299997,31.605670238000073],[-106.27432591399997,31.601480304000063],[-106.27214981599997,31.597213103000058],[-106.27355019999999,31.592598406000036],[-106.27756006999999,31.589452572000027],[-106.28249970899998,31.587249659000065],[-106.28606646499998,31.583802074000062],[-106.28627393199997,31.579303313000025],[-106.28224689999996,31.576250126000048],[-106.27843694199998,31.571797743000047],[-106.27339929499999,31.570220581000058],[-106.26836185399998,31.568643185000042],[-106.26235816899998,31.56888183500007],[-106.25675169499999,31.569081593000078],[-106.25166965899996,31.567163296000047],[-106.24676019699996,31.563505673000066],[-106.24573330499999,31.55878259900004],[-106.24545591899994,31.553642438000054],[-106.24478142199996,31.548540836000029],[-106.24176921799994,31.544010373000049],[-106.23743126899996,31.538575001000027],[-106.23265898899996,31.535937235000063],[-106.22823922799995,31.532920727000032],[-106.22285290099995,31.531719833000068],[-106.21768447199997,31.529119852000065],[-106.21286862899996,31.526141146000043],[-106.20884722699998,31.523085504000051],[-106.20702914199995,31.51843917900004],[-106.20521127399996,31.513792865000028],[-106.20414279299996,31.508729772000038],[-106.20351614899994,31.50396846700005],[-106.19966949199994,31.499173823000035],[-106.19490090699998,31.496534571000041],[-106.18885786799996,31.496428937000076],[-106.18343000999994,31.49488604000004],[-106.17791308799997,31.492662680000024],[-106.17354252099994,31.489984252000056],[-106.16947993099996,31.486587252000049],[-106.16537311599996,31.482850026000051],[-106.16280946899997,31.478619818000027],[-106.16178878499994,31.473896751000041],[-106.16142813399995,31.468077093000034],[-106.15807166799999,31.463923269000077],[-106.15282473299999,31.463739238000073],[-106.14748884499994,31.462874773000067],[-106.14131509699996,31.461746179000045],[-106.13602390999995,31.461221229000046],[-106.13068838099997,31.460355923000066],[-106.12544175299996,31.460170538000057],[-106.12015077999996,31.459644798000056],[-106.11503490699994,31.457380296000053],[-106.10983069199995,31.454435363000073],[-106.10497929399997,31.45111212200004],[-106.10039219099997,31.446730440000067],[-106.09492529999994,31.444843078000076],[-106.09020781799995,31.442539510000074],[-106.08421218699999,31.439669244000072],[-106.07874618299996,31.437781075000032],[-106.07345704699998,31.437253027000054],[-106.06821211099998,31.437064820000046],[-106.06230617199998,31.437972294000076],[-106.05728156599997,31.436385314000063],[-106.05221310499996,31.43445799400007],[-106.03528991299999,31.430903861000047],[-106.03026631299997,31.429315623000036],[-106.02484627499996,31.427764825000054],[-106.01867709099997,31.426629173000038],[-106.01175869199994,31.425908530000072],[-106.00625155899996,31.423676560000047],[-106.00047959399996,31.422502254000051],[-105.99268089999998,31.421175293000033],[-105.98792410699997,31.418527167000036],[-105.98572504499998,31.413915592000023],[-105.98467219299994,31.408851343000038],[-105.98401601499995,31.403749618000063],[-105.98340365899998,31.398988054000029],[-105.98239488899998,31.394264044000067],[-105.98094605299997,31.389237474000026],[-105.97954111499996,31.384551037000051],[-105.97694708699999,31.379977105000023],[-105.97325152699995,31.376195780000046],[-105.96858892299997,31.371128888000044],[-105.96515962999996,31.36628961100007],[-105.96115618899995,31.363225601000067],[-105.95746218799997,31.359443857000031],[-105.95306308899995,31.356416998000043],[-105.94936980299997,31.35263502600003],[-105.94435742699994,31.347944787000074],[-105.94062144399999,31.343822489000047],[-105.93640262399998,31.339057256000046],[-105.93350339499995,31.335200196000073],[-105.92937240299995,31.331114932000048],[-105.92480222399996,31.32672675200007],[-105.92005349399994,31.32407610000007],[-105.91601059199996,31.32067057200004],[-105.91090976999999,31.31839688000008],[-105.90647143699999,31.31502826600007],[-105.90278236899997,31.311244997000074],[-105.90023860099996,31.307009964000031],[-105.89963211699995,31.302248878000057],[-105.89942174499998,31.297450643000047],[-105.90145751599994,31.291409073000068],[-105.90168636099997,31.286913816000038],[-105.90103663199994,31.281812878000039],[-105.90194572799999,31.266930105000029],[-105.90019517199994,31.262621064000029],[-105.89369470199995,31.258758164000028],[-105.88807301199995,31.255500700000027],[-105.88293404299998,31.252885926000033],[-105.87792499999995,31.251291062000064],[-105.87322562499998,31.248978777000048],[-105.86839707399997,31.245646149000038],[-105.86405096999994,31.242956363000076],[-105.86072000999997,31.238795101000051],[-105.85743250099995,31.234973815000046],[-105.85682918599997,31.230213207000077],[-105.85609668699999,31.224432529000069],[-105.85509786999995,31.219709042000034],[-105.85247354099994,31.214793617000055],[-105.85112250299994,31.210447228000078],[-105.84823225899999,31.206588879000037],[-105.84565182799997,31.20201344700007],[-105.84201405099998,31.198568987000044],[-105.83718994899999,31.195235291000074],[-105.83350989299998,31.191450567000061],[-105.82916800399994,31.188759658000038],[-105.82253919099998,31.186970041000052],[-105.81753560899995,31.18537254000006],[-105.81253223099998,31.183774809000056],[-105.80713355999995,31.182213685000079],[-105.80094411899995,31.180725926000036],[-105.79423105199999,31.178254509000055],[-105.78799940899995,31.176425976000075],[-105.78295446999999,31.174486845000047],[-105.77759974599996,31.173264274000076],[-105.77176434999996,31.171398074000024],[-105.76676280399994,31.169798224000033],[-105.76136601299999,31.168234809000069],[-105.75702790099996,31.165541073000043],[-105.75366333599999,31.161037094000051],[-105.75254372899997,31.155293190000066],[-105.75115669099995,31.150606052000057],[-105.74823102099998,31.146405442000059],[-105.74317661599997,31.147561375000066],[-105.73759911799999,31.147733556000048],[-105.73123087499994,31.147978550000062],[-105.72477764899998,31.147543088000077],[-105.71850763799995,31.145370544000059],[-105.71381935099998,31.143051703000026],[-105.71050064899998,31.138886602000071],[-105.70705513899998,31.133701335000069],[-105.70329954599998,31.129232520000073],[-105.70156302199996,31.124921466000046],[-105.69753994199999,31.121509047000075],[-105.69316430399999,31.118472934000067],[-105.68861982099997,31.114076554000064],[-105.68534596899997,31.110250945000075],[-105.68242534799998,31.106048877000035],[-105.67985793899999,31.101470392000067],[-105.67733306799994,31.097231907000037],[-105.67406047499998,31.093406085000026],[-105.67114108699997,31.089203859000065],[-105.66980229599994,31.084856331000026],[-105.66881651099999,31.080132506000041],[-105.66770429199994,31.074388706000036],[-105.66597094899998,31.070077577000063],[-105.66191008799996,31.066324205000058],[-105.65784961599996,31.062570707000077],[-105.65387376399997,31.059497080000028],[-105.64906626199996,31.05615580500006],[-105.64399045599998,31.053870550000056],[-105.63847798499995,31.051281260000053],[-105.62707621499999,31.04304187300005],[-105.62195993399996,31.040415627000073],[-105.61759176499999,31.037376916000028],[-105.61349299599999,31.033281954000074],[-105.61018428899996,31.029114691000075],[-105.60643924599998,31.024643448000063],[-105.60356793099999,31.020779971000024],[-105.60293983099996,31.015680137000061],[-105.60318500399995,31.011188202000028],[-105.60106190599998,31.006912663000037],[-105.59819150599998,31.003049187000045],[-105.59563240199998,30.998469679000038],[-105.59087293899995,30.995466173000068],[-105.58607205799996,30.992122495000046],[-105.58100224299994,30.989834530000053],[-105.57699135999997,30.986418523000054],[-105.57156929099995,30.984506069000076],[-105.56610579199997,30.982253368000045],[-105.56174303599994,30.979212732000065],[-105.55671423799998,30.970732354000063],[-105.55376409199994,30.966188039000031],[-105.55046139799998,30.962019516000055],[-105.54755353999997,30.957815079000056],[-105.54323444399995,30.955113804000064],[-105.53856273999997,30.95278815100005],[-105.53420269399999,30.949746573000027],[-105.53059034099999,30.946293303000061],[-105.52548361799995,30.943662938000045],[-105.51935986799998,30.942499436000048],[-105.51429521499995,30.940208515000052],[-105.50852488999999,30.938668703000076],[-105.50346079999997,30.936377281000034],[-105.49835563499994,30.933745659000067],[-105.49395685799999,30.930362581000054],[-105.48964112299996,30.927659274000064],[-105.48493133799997,30.924991422000062],[-105.48092796599997,30.921572250000054],[-105.47727798799997,30.917777406000027],[-105.47437569899995,30.913571362000027],[-105.47182675499994,30.90898975500005],[-105.46857205999999,30.905159151000078],[-105.46461162399999,30.902079465000043],[-105.45896863699994,30.901556938000056],[-105.45280800899997,30.900049722000063],[-105.45104919599999,30.895396766000033],[-105.44846107099994,30.890474825000069],[-105.44481411299995,30.886679118000075],[-105.43853166399998,30.884151261000056],[-105.43303792799998,30.881552217000035],[-105.42766766799997,30.879972764000058],[-105.42300387499995,30.877642380000054],[-105.41821737599997,30.874291937000066],[-105.41426047799996,30.871210571000063],[-105.41022197999996,30.867449171000032],[-105.40661888199998,30.863992285000052],[-105.40364053099995,30.85910490200007],[-105.39929093299997,30.856058379000046],[-105.39521305099998,30.851956587000075],[-105.39125818499997,30.848874509000041],[-105.38647479899998,30.845522840000058],[-105.38212661999995,30.842475701000069],[-105.37777877999997,30.839428403000056],[-105.37681366699996,30.834704422000073],[-105.37207253299994,30.831692142000065],[-105.36703290899999,30.832829290000063],[-105.36207459599996,30.834646089000046],[-105.35703463699997,30.835782766000079],[-105.35108454999994,30.835969565000028],[-105.34611301899997,30.834351010000034],[-105.34070710799995,30.832427341000027],[-105.33596749999998,30.82941345100005],[-105.33126884799998,30.826739320000058],[-105.32661108799999,30.824404946000072],[-105.32147860499998,30.821425470000065],[-105.31678092699997,30.818750740000041],[-105.31247744599995,30.816040857000075],[-105.30765894799998,30.812345907000065],[-105.30260889299996,30.810045487000025],[-105.29709491999995,30.810534253000071],[-105.29158087899998,30.811022729000058],[-105.28658180899998,30.812495930000068],[-105.28138070299997,30.81226909600008],[-105.27511902699996,30.813166356000067],[-105.26960466399998,30.813653685000077],[-105.26377692899996,30.814855440000031],[-105.25546481799995,30.815245464000043],[-105.24947581699996,30.815086541000028],[-105.24662976799999,30.811215171000072],[-105.24492538599998,30.806899676000057],[-105.24436251199995,30.802140125000051],[-105.24206368099999,30.796159560000035],[-105.23996608799996,30.791878824000037],[-105.23826249299998,30.78756340800004],[-105.23392328799997,30.784510549000061],[-105.22927093299995,30.782172092000053],[-105.22426522499995,30.780208026000025],[-105.22063424399994,30.776405508000039],[-105.21526855599996,30.771381461000033],[-105.21167846399999,30.767918658000042],[-105.20804866199995,30.764115810000078],[-105.20285099299997,30.763885121000044],[-105.19761951299995,30.766748305000078],[-105.19325497699998,30.770222154000066],[-105.19137224799994,30.774508753000077],[-105.18952926699995,30.779135331000077],[-105.18607103799997,30.783559898000078],[-105.18106632099995,30.781593771000075],[-105.17747727299997,30.778129724000053],[-105.17274722099995,30.775108860000046],[-105.16730979699997,30.772836578000067],[-105.16301400299994,30.770120869000039],[-105.15828498999997,30.767099409000025],[-105.15430392399998,30.76366906100003],[-105.14988976299998,30.759932968000044],[-105.14594918099999,30.756842327000072],[-105.14420797099996,30.748751792000064],[-105.14136951899997,30.744878157000073],[-105.13739031899996,30.741447341000026],[-105.13262433599999,30.738084965000041],[-105.12935362399998,30.733905422000078],[-105.12565007999996,30.729420115000039],[-105.12234046499998,30.724900482000066],[-105.11985781899995,30.720652284000039],[-105.11737544399995,30.716404068000031],[-105.11568022399996,30.712087405000034],[-105.11174338799998,30.708995817000073],[-105.10780686399994,30.705904105000059],[-105.10265090299998,30.702574826000046],[-105.09859649899994,30.698462991000042],[-105.09454252099994,30.694351036000057],[-105.09284903099996,30.690034223000055],[-105.09001523599994,30.686159717000066],[-105.08674895399997,30.681979342000034],[-105.08246091399997,30.679260904000046],[-105.07671827999997,30.677698389000057],[-105.07101526399998,30.676475498000059],[-105.06417193799996,30.675694306000025],[-105.05886254099994,30.674436743000058],[-105.05347469399999,30.672499036000033],[-105.04844108899994,30.670187164000026],[-105.04380103399996,30.667841120000048],[-105.03876801199999,30.665528808000033],[-105.03448253199997,30.662808518000077],[-105.03161338799998,30.658592743000042],[-105.02988492899999,30.653935335000028],[-105.02819586299995,30.649617878000072],[-105.02536671399997,30.645741989000044],[-105.02285264999995,30.641152343000044],[-105.01923784699994,30.637344084000063],[-105.01566252199996,30.633875657000033],[-105.01244147999995,30.630033393000076],[-105.00847372499999,30.626598601000069],[-105.00482121299996,30.622450056000048],[-105.00085417599996,30.619015036000064],[-104.99610145899999,30.615647418000037],[-104.99288211999999,30.611804714000073],[-104.98966309599996,30.607961947000035],[-104.98962409399996,30.60762203400003],[-104.98507060499998,30.602520724000044],[-104.98149837099999,30.599051411000062],[-104.97749458799996,30.595275789000027],[-104.97274430799996,30.591907297000034],[-104.96693244899996,30.589659288000064],[-104.96182894999998,30.58666389900003],[-104.95790444799997,30.583567444000039],[-104.95421776899997,30.579077649000055],[-104.95135598299998,30.574860496000042],[-104.94767008599996,30.570370561000061],[-104.94410096199999,30.566900235000048],[-104.94124016299997,30.562682923000068],[-104.93802567299997,30.558839009000053],[-104.93438002499994,30.554688664000025],[-104.93073475999995,30.550538231000075],[-104.92822926299999,30.545947328000068],[-104.92537007499999,30.541729789000044],[-104.92200251699995,30.536526045000073],[-104.91824277799998,30.531355720000079],[-104.91577726299994,30.52710459900004],[-104.91327338299999,30.522513588000038],[-104.91120097499999,30.518229002000055],[-104.91022919199997,30.513164396000036],[-104.90968865499997,30.508406274000038],[-104.90914818199997,30.503648204000058],[-104.90727600199995,30.497631021000075],[-104.90591228999995,30.492600034000077],[-104.90419491199998,30.487942344000032],[-104.90173151499994,30.483691322000027],[-104.89993747699998,30.478353974000072],[-104.89743607199995,30.473763106000035],[-104.89493495899995,30.469172227000058],[-104.89321874299998,30.464514612000073],[-104.89260254699997,30.459077280000031],[-104.89234017799998,30.45326682700005],[-104.89219335399997,30.448475920000078],[-104.89247724999996,30.443991527000037],[-104.89233043599995,30.439200724000045],[-104.89175299299995,30.434103519000075],[-104.89078349799996,30.429039726000042],[-104.88871477399999,30.424755631000039],[-104.88586210199998,30.42053820700005],[-104.88261766899996,30.416354069000079],[-104.88015767599995,30.412103252000065],[-104.87918919699996,30.407039612000062],[-104.87892799199994,30.401229834000048],[-104.88008869999999,30.390496636000023],[-104.87994273899994,30.385706417000051],[-104.87850588599997,30.37999684600004],[-104.87722284999995,30.375646413000027],[-104.87547132499998,30.370649765000053],[-104.87191442499994,30.36717860300007],[-104.86694400199997,30.365199451000024],[-104.86444810999996,30.360609016000069],[-104.85983175799998,30.358256547000053],[-104.85521568299998,30.355903889000047],[-104.85087681599998,30.352498557000047],[-104.84759877999994,30.34797424900006],[-104.84620321099999,30.342604499000061],[-104.84413917699999,30.338320398000064],[-104.84317391999997,30.333257308000043],[-104.84385183399996,30.328741098000023],[-104.84370818899998,30.323951528000066],[-104.84516919499998,30.319369072000029],[-104.84655354999995,30.314107180000065],[-104.84683955599996,30.309624331000066],[-104.84552117999999,30.304934510000066],[-104.84193034799995,30.30112315100007],[-104.83873135699997,30.297278556000037],[-104.83467336799998,30.292820727000048],[-104.83076847599995,30.28972165700003],[-104.82651058699997,30.286995284000056],[-104.82221487099997,30.283929038000053],[-104.81745187199999,30.280216275000043],[-104.81205881099999,30.277928281000072],[-104.80709551499996,30.275946711000074],[-104.80045282599997,30.273077788000023],[-104.79655025699998,30.269977589000064],[-104.79292539699998,30.265825156000062],[-104.79004562099999,30.261267008000061],[-104.78759544899998,30.257015584000044],[-104.78553683599995,30.252731203000053],[-104.78279563399997,30.242332237000028],[-104.78468782399995,30.238058275000071],[-104.78615066599997,30.233477582000035],[-104.78636392999999,30.228316395000036],[-104.78356175199997,30.224437838000028],[-104.77927111099996,30.221370290000038],[-104.77423642799994,30.218708072000027],[-104.76877310699996,30.215738829000031],[-104.76354996599997,30.21137774400006],[-104.76000516499994,30.207904107000047],[-104.75744485899997,30.202633503000072],[-104.75538929999999,30.198349088000043],[-104.75329618499995,30.193725010000037],[-104.75230074399997,30.188323172000025],[-104.75204959399997,30.182516109000062],[-104.75176071599998,30.176369474000069],[-104.75123202599997,30.171614340000076],[-104.74992162999996,30.166924870000059],[-104.74786740899998,30.162640676000024],[-104.74421230999997,30.158147989000042],[-104.74020451099994,30.15402763000003],[-104.73631018899994,30.15092607400004],[-104.73336252399997,30.145688358000029],[-104.73170051899996,30.141371327000058],[-104.73184176999996,30.135532141000056],[-104.73170526399997,30.130744642000025],[-104.73262786299995,30.124840137000035],[-104.73288198699998,30.120020028000056],[-104.73235480999995,30.11526544700007],[-104.73139943599995,30.110204044000056],[-104.73087241299999,30.105449570000076],[-104.73019490499996,30.099336751000067],[-104.72920223199998,30.093935930000043],[-104.72867544999997,30.089181632000077],[-104.72443188599999,30.086452431000055],[-104.72089440699995,30.082978519000051],[-104.71661387599994,30.079909454000074],[-104.71307703399998,30.076435335000042],[-104.71063672999998,30.072184012000037],[-104.70933039099998,30.06749516800005],[-104.70919536599996,30.062708435000047],[-104.70902283199996,30.057582184000069],[-104.70931570399995,30.053102491000061],[-104.71120733499998,30.048831821000078],[-104.71348905599996,30.044528500000069],[-104.71655107199996,30.040159840000058],[-104.71968787199995,30.036470236000071],[-104.72263651799994,30.031082845000071],[-104.72448932499998,30.026472621000039],[-104.72517138399996,30.021960528000079],[-104.72620593999994,30.017076244000066],[-104.72766808199998,30.012498826000069],[-104.72749445899996,30.00737323900006],[-104.72774851799994,30.002554528000076],[-104.72761248999996,29.997768581000059],[-104.72775378699998,29.991931452000074],[-104.72804535499995,29.987452429000029],[-104.72677694999999,29.983104281000067],[-104.72550868399998,29.97875616400006],[-104.72424055799996,29.974408079000057],[-104.72258264899995,29.970092713000042],[-104.72240944899994,29.964967653000031],[-104.72344342999997,29.960084083000027],[-104.72008264399994,29.943919834000042],[-104.71447549499999,29.943019250000077],[-104.71168693599998,29.939141471000028],[-104.70999297699996,29.934486814000024],[-104.70751975599995,29.929897442000026],[-104.70469455599999,29.925680140000054],[-104.70186965599999,29.921462808000058],[-104.69982440199999,29.917180251000048],[-104.69852125999995,29.912493064000046],[-104.69827492799999,29.906689799000048],[-104.69884522399997,29.901160880000077],[-104.69871111599997,29.896376099000065],[-104.70017261799995,29.89180043500005],[-104.70202347399999,29.887192201000062],[-104.70188919799995,29.88240759200005],[-104.70058650599998,29.877720836000037],[-104.69850505799997,29.873099300000035],[-104.69486611499997,29.868608089000077],[-104.69391610999998,29.863549423000052],[-104.69331824799997,29.858118835000028],[-104.69318454699999,29.853334562000043],[-104.69297614599998,29.847871543000053],[-104.69093327199994,29.84358959900004],[-104.68885328399995,29.838968265000062],[-104.68677353799995,29.83434694400006],[-104.68473134899995,29.830065024000078],[-104.68378245199995,29.825006754000071],[-104.68435317099994,29.819479045000037],[-104.68375629599996,29.814049002000047],[-104.68132564199999,29.809799763000058],[-104.67889524799995,29.805550510000046],[-104.67466857799997,29.802821207000079],[-104.66962674699994,29.799817338000025],[-104.66482554199996,29.795423321000044],[-104.66013643899998,29.792047228000058],[-104.65479851399999,29.786327830000062],[-104.65053655399998,29.783258322000052],[-104.64655256299994,29.779138198000055],[-104.64412497299998,29.774888464000071],[-104.64356829899998,29.769798154000057],[-104.64258564699998,29.764400932000058],[-104.63112039699996,29.749260536000065],[-104.62943521999995,29.744606791000024],[-104.62517648399995,29.741536568000072],[-104.62060324399994,29.739177150000046],[-104.61397526799999,29.735960875000046],[-104.60862506699999,29.733665486000064],[-104.60401585099999,29.730966056000057],[-104.60014761499997,29.727862692000031],[-104.59768718799995,29.723273101000075],[-104.59452331699998,29.719426536000071],[-104.59245219999997,29.714804732000061],[-104.59119558099997,29.710457913000027],[-104.58990224899998,29.705771811000034],[-104.58938638399997,29.701021418000039],[-104.58964784499994,29.69620674500004],[-104.59174175799996,29.690213363000055],[-104.59355734999997,29.68527010400004],[-104.59187573599996,29.680616508000071],[-104.58906555199997,29.676398730000074],[-104.58396137399995,29.672713105000071],[-104.58072659699997,29.668188045000079],[-104.57865761899996,29.663566570000057],[-104.57620042899998,29.658977225000058],[-104.57331833299997,29.654080702000044],[-104.56884621799998,29.648973246000025],[-104.56561326999997,29.64444799100005],[-104.56238068999994,29.63992268800007],[-104.55974172999998,29.633636913000032],[-104.55584329599998,29.630193414000075],[-104.55046525899996,29.627556396000045],[-104.54590080299994,29.625194386000032],[-104.53830345199998,29.623766522000039],[-104.53307270299996,29.622485693000044],[-104.52579105899997,29.620346450000056],[-104.52045119799999,29.618047210000043],[-104.51553640499998,29.616055090000032],[-104.50690877099998,29.612313896000046],[-104.50164285399995,29.610692262000043],[-104.49637715199998,29.609070369000051],[-104.49118443099997,29.60812674500005],[-104.48482711599996,29.607278181000027],[-104.47967098099997,29.606673254000043],[-104.47409037799997,29.605760533000023],[-104.46882556699995,29.60413726400003],[-104.46387666599998,29.601803506000067],[-104.45853984699994,29.599501198000041],[-104.45429550199998,29.596425134000071],[-104.44881453999994,29.592765295000049],[-104.44457093099999,29.589688888000069],[-104.44036380699998,29.586951596000063],[-104.43453212899999,29.58366195800005],[-104.42990142799994,29.580616602000077],[-104.42667917999995,29.576087832000042],[-104.42240124799997,29.572671394000054],[-104.41886378499999,29.568852516000049],[-104.41490256499998,29.564725808000048],[-104.41104981399997,29.561616750000042],[-104.40617725499999,29.559959006000042],[-104.40267711999996,29.556478953000067],[-104.39801326699995,29.553093143000069],[-104.39412579799995,29.549644305000072],[-104.39136667199995,29.545761865000031],[-104.38892394099997,29.541169500000024],[-104.38609356099994,29.536608528000045],[-104.38294736499995,29.532757390000029],[-104.37980147399998,29.528906195000047],[-104.37588012599997,29.525117658000056],[-104.37023478699996,29.523521095000035],[-104.36501335199995,29.522232151000026],[-104.36007260299999,29.51989394900005],[-104.35368799499997,29.518698330000063],[-104.34769143599999,29.517471073000024],[-104.34219002699996,29.51722995700004],[-104.33707650899998,29.516957342000069],[-104.33072813999996,29.516099559000054],[-104.32550783199997,29.514808654000035],[-104.32032330499999,29.513856733000068],[-104.31506772599994,29.512226071000043],[-104.30942452699998,29.510626257000069],[-104.28741914599999,29.505889207000052],[-104.28188327999999,29.505305659000044],[-104.27599509199996,29.50509205000003],[-104.27042397099996,29.50416864400006],[-104.26488835099997,29.503584193000052],[-104.25931746499998,29.502660195000033],[-104.25378202999997,29.502075155000057],[-104.24831727199995,29.502168332000053],[-104.24345175899998,29.500503219000052],[-104.23809288299998,29.497850956000036],[-104.23425029299995,29.494735892000051],[-104.22998501399996,29.491312266000079],[-104.22681297599996,29.487117611000031],[-104.22328872099996,29.483292937000044],[-104.21909485399999,29.480547458000046],[-104.21437299499996,29.476475597000046],[-104.21120237099996,29.472280628000078],[-104.20841975099995,29.468054883000036],[-104.20598997499997,29.463459157000045],[-104.20472335499994,29.458771300000024],[-104.20190647199996,29.454206301000056],[-104.20067531099994,29.449857735000023],[-104.19979677899994,29.445139289000053],[-104.19515015399998,29.437983283000051],[-104.18997219899995,29.437025051000035],[-104.18578192099994,29.434278559000063],[-104.18113447299999,29.430884108000043],[-104.17683994299995,29.427119661000063],[-104.17321591899997,29.422276257000078],[-104.17159938199995,29.417958300000066],[-104.17037043699997,29.413609789000077],[-104.16984657599994,29.408521759000052],[-104.16925294699996,29.402755404000061],[-104.16679252199998,29.397820357000057],[-104.16225266199996,29.395442952000053],[-104.15457963499995,29.392970374000072],[-104.14894812499995,29.39136234700004],[-104.14127590399994,29.388888811000072],[-104.13673731699998,29.386510345000033],[-104.13174221299994,29.383483751000028],[-104.12636021799995,29.380487352000046],[-104.12182255399995,29.378108287000032],[-104.11612339999999,29.375820168000075],[-104.10841905399997,29.373005118000037],[-104.10374385999995,29.369268567000063],[-104.09843307599999,29.366949201000068],[-104.09424964699997,29.364199523000025],[-104.08932667599998,29.361849430000063],[-104.08440399499995,29.359499119000077],[-104.07951611999994,29.35748777200007],[-104.07427581199994,29.355845607000049],[-104.06935394599998,29.35349461800007],[-104.06443237199994,29.351143411000066],[-104.05895182699999,29.347126232000051],[-104.05392775499996,29.343757027000038],[-104.04935997099994,29.341035846000068],[-104.04507651899996,29.337266845000045],[-104.04015666499998,29.334914587000071],[-104.03594261299997,29.331823616000065],[-104.03208164699998,29.328363270000068],[-104.02786825499999,29.32527202700004],[-104.02362092999999,29.321841465000034],[-104.01838412099994,29.320196633000023],[-104.01321595899998,29.319229886000073],[-103.99532188299997,29.315829306000069],[-103.98969905199999,29.314212969000039],[-103.98375762599994,29.313304561000052],[-103.97796489599995,29.309991728000057],[-103.97378861999994,29.307237611000062],[-103.96922566999996,29.304513166000049],[-103.96427607999999,29.301818343000036],[-103.95904181299994,29.300170602000037],[-103.95264694199994,29.298611883000035],[-103.94706011699998,29.297332480000023],[-103.94108653899997,29.296082496000054],[-103.93595475599994,29.295451136000054],[-103.92987994299995,29.293182988000069],[-103.92468078299999,29.291872726000065],[-103.91670580299996,29.290091249000056],[-103.90831051799995,29.287999583000044],[-103.90317951799994,29.287366614000064],[-103.89801488699999,29.286394211000072],[-103.89288407199996,29.285760735000054],[-103.88768600399999,29.28444864100004],[-103.88055364699994,29.283283749000077],[-103.87296740199997,29.281469462000075],[-103.86689544899997,29.279197709000073],[-103.86099158999997,29.27862153600006],[-103.85614785899998,29.276939288000051],[-103.85056410499999,29.275654759000076],[-103.84472758699997,29.275756038000054],[-103.83699013399996,29.276342817000057],[-103.83186045299999,29.275706337000031],[-103.82508316999997,29.274169159000053],[-103.81960022799996,29.273900547000039],[-103.81369710299998,29.273321689000056],[-103.80853447899995,29.272344866000026],[-103.80295181599996,29.271057788000064],[-103.79691592899997,29.269121195000025],[-103.79158752899997,29.266447560000074],[-103.78635916599995,29.264791260000038],[-103.78081059499999,29.263842212000043],[-103.77657719299998,29.260402106000072],[-103.77347140299997,29.25653541500003],[-103.76955919299996,29.25238762500004],[-103.76574678699996,29.249257300000068],[-103.75880751999995,29.246019962000048],[-103.75464217999996,29.243257497000059],[-103.75009039699995,29.240523882000048],[-103.74557196599994,29.238129273000027],[-103.74510940399995,29.233380706000048],[-103.74545329099999,29.228913417000058],[-103.74499078999997,29.224164966000046],[-103.74684813799996,29.219242698000073],[-103.74835169299996,29.214688614000067],[-103.74418835299997,29.211925959000041],[-103.73600377499997,29.211855749000051],[-103.73078014799995,29.210196887000052],[-103.72500543999996,29.20687085000003],[-103.72229079699997,29.202974278000056],[-103.71951058999997,29.198399361000043],[-103.71631128399997,29.193514139000058],[-103.71285740399998,29.19001434300003],[-103.70824436599997,29.186600983000062],[-103.70553123299999,29.182704185000034],[-103.70088610499994,29.178951420000033],[-103.69707990399996,29.175819186000069],[-103.69398126299996,29.171950991000074],[-103.68866280799995,29.169272765000073],[-103.68411750699994,29.166536797000049],[-103.67893065699997,29.16521466100005],[-103.67367856599998,29.163213990000031],[-103.66845942099997,29.161552204000031],[-103.66500902499996,29.158051114000045],[-103.66014411199995,29.156021120000048],[-103.65499096399998,29.155036960000075],[-103.64954938999995,29.155098581000061],[-103.64471762799997,29.153407016000074],[-103.64017474099995,29.150669237000045],[-103.63627465499997,29.146517601000028],[-103.63118355699999,29.142112375000067],[-103.62628798299994,29.139741747000073],[-103.62075001899996,29.138784451000049],[-103.61563091899995,29.138137512000071],[-103.60960964299994,29.136190708000072],[-103.60477987399997,29.134497368000041],[-103.59921015499998,29.133199801000046],[-103.59351120999997,29.130545394000023],[-103.58932529299994,29.127438015000052],[-103.58443186299996,29.125065501000051],[-103.57986036699998,29.121986155000059],[-103.57425966199997,29.120348157000024],[-103.56975331799998,29.117946663000055],[-103.56524724599996,29.115544988000067],[-103.56035526199997,29.113171412000042],[-103.55552793099997,29.111475880000057],[-103.55173065899999,29.10833887900003],[-103.54751538899995,29.104890872000055],[-103.54294647299997,29.101810064000063],[-103.53718744399998,29.098474538000062],[-103.53261929299998,29.095393328000057],[-103.52843759099994,29.092283784000074],[-103.52422417599996,29.088834978000079],[-103.52152335099998,29.084934399000076],[-103.51991688399994,29.080271193000044],[-103.51905062499998,29.075212673000067],[-103.51747650199997,29.070888655000033],[-103.51361868199996,29.067072402000065],[-103.50921069999998,29.069783248000078],[-103.50480241899999,29.07249392500006],[-103.49936636299998,29.072547639000049],[-103.49319336899998,29.068898872000034],[-103.48850109399996,29.064459538000051],[-103.48503092599998,29.06061427700007],[-103.47979058499999,29.058604344000059],[-103.47558104699999,29.055153874000041],[-103.47072722899998,29.053115553000055],[-103.46548773799998,29.051104938000037],[-103.45979910299997,29.048443765000059],[-103.45626754599999,29.043919513000048],[-103.45247738599994,29.040779450000059],[-103.44894658299995,29.03625504300004],[-103.44493530699998,29.030741145000036],[-103.44101956899999,29.026244433000045],[-103.43607346999994,29.023187396000026],[-103.43115936499998,29.02046923100005],[-103.42659976899995,29.017383998000071],[-103.42123744199995,29.014015018000066],[-103.41703278299997,29.010562586000049],[-103.41250583099998,29.007815892000053],[-103.40812920699994,29.010861071000079],[-103.40455526899996,29.014189798000075],[-103.40101252199997,29.017857523000032],[-103.39705217699998,29.021213731000046],[-103.39389458999995,29.024853617000076],[-103.39198857999997,29.029427828000053],[-103.38927918299999,29.03371822500003],[-103.38656949499995,29.038008602000048],[-103.38149018199994,29.037689378000039],[-103.37631673499999,29.036352557000043],[-103.37047529799997,29.031991019000031],[-103.36633457999994,29.029214578000051],[-103.36325765599997,29.025338055000077],[-103.36275639199994,29.019912349000037],[-103.36119181999999,29.015586614000028],[-103.35962741799995,29.011260907000064],[-103.35767744199995,29.006962743000031],[-103.35418478799994,29.002774610000074],[-103.34867020099995,28.997706568000069],[-103.34283309999995,28.993343931000027],[-103.33750712699998,28.990309914000079],[-103.33298405699998,28.987559891000046],[-103.32917024799997,28.98407671700005],[-103.32722257499995,28.979778298000042],[-103.32678635599996,28.975031243000046],[-103.32483903099995,28.970732887000054],[-103.32025525299997,28.967304322000075],[-103.31495065299998,28.968704606000074],[-103.31003144499999,28.970077290000063],[-103.30511206999995,28.971449745000029],[-103.30016148299995,28.972482893000063],[-103.29658476699996,28.975807534000069],[-103.29223649399995,28.979186623000032],[-103.28785685799994,28.982226469000068],[-103.28210310399999,28.98297419000005],[-103.27696581199996,28.981971694000038],[-103.27105735899994,28.981023327000059],[-103.26581278799995,28.983099337000056],[-103.25967309999999,28.983872982000037],[-103.25427377999995,28.98425290800003],[-103.24842708099999,28.983981448000065],[-103.24219475299998,28.98373674100003],[-103.23554602099995,28.983179608000057],[-103.22909857899998,28.980560363000052],[-103.22496544299997,28.977778655000066],[-103.22080188699994,28.974657697000055],[-103.21663865599999,28.971536600000036],[-103.21212081199997,28.968781432000071],[-103.20724833099996,28.96639213900005],[-103.20192930799999,28.96335136600004],[-103.19735123099997,28.959917421000057],[-103.19315910099999,28.956456408000065],[-103.18763908099999,28.955476443000066],[-103.18194738899996,28.956896728000061],[-103.17711817499998,28.959280344000035],[-103.17083779599994,28.962788341000078],[-103.16853489099998,28.967384454000069],[-103.16658688499996,28.971614658000078],[-103.16544045799998,28.976130409000064],[-103.16352253799994,28.980699783000034],[-103.16202056599997,28.985581530000047],[-103.16096505499996,28.99111481500006],[-103.16403083799997,28.994996983000078],[-103.16857899999997,28.998093593000078],[-103.17244749499997,29.002261111000053],[-103.17213359099998,29.007401963000063],[-103.16938263999998,29.011347175000026],[-103.16493559999998,29.013703763000024],[-103.16013290799998,29.016426116000048],[-103.15557346699995,29.021861599000033],[-103.15484204599994,29.026690264000024],[-103.15295274699997,29.031599253000024],[-103.15299298599996,29.036374523000063],[-103.15264725299994,29.041176611000026],[-103.14873618399997,29.045201889000055],[-103.14646004999997,29.050137745000029],[-103.14492531199994,29.05468096900006],[-103.14139925699999,29.058679393000034],[-103.13697913799996,29.061374292000039],[-103.13208153399995,29.063078060000066],[-103.12670659599996,29.063790615000073],[-103.12228569899997,29.066484924000065],[-103.11956056099996,29.070768668000028],[-103.11959882199994,29.075544463000028],[-103.12411951299998,29.078304480000043],[-103.12763373999996,29.082840470000065],[-103.13147383299997,29.086671250000052],[-103.13582207599995,29.091832186000033],[-103.13969340399996,29.09600199700003],[-103.14124754099998,29.100332021000042],[-103.14009782999995,29.104849079000076],[-103.12848712599998,29.109747467000034],[-103.12046541999996,29.111324942000067],[-103.11535221499997,29.11065332000004],[-103.10904983999995,29.10972197500007],[-103.10355051299996,29.109076366000068],[-103.09721816799998,29.107805042000052],[-103.09103705399997,29.108229663000031],[-103.08702901699996,29.111235531000034],[-103.08227814299994,29.114633536000042],[-103.07752686399999,29.118031354000038],[-103.07274504599997,29.121089701000074],[-103.07043191999998,29.125685612000041],[-103.06767186099995,29.129629385000044],[-103.06324532199994,29.132321651000041],[-103.06006812399994,29.135952416000066],[-103.05573118199999,29.139662319000024],[-103.05534907599997,29.144126117000042],[-103.05880212299996,29.147986625000044],[-103.06383177899994,29.152080672000068],[-103.06502643899995,29.156778244000066],[-103.06309842099995,29.161348001000079],[-103.05866996799995,29.164040302000046],[-103.05334770699994,29.16542789600004],[-103.04817150899999,29.164074198000037],[-103.04400515499998,29.160944536000045],[-103.03888941599996,29.160269045000064],[-103.03490678699995,29.163612649000072],[-103.03172705299994,29.167242851000026],[-103.02938025599997,29.171499076000032],[-103.02634973999994,29.176825923000024],[-103.02438907099997,29.181055853000032],[-103.02162481799996,29.184998987000029],[-103.02011030699998,29.189881377000063],[-103.02055936899995,29.194971842000029],[-103.02023490899995,29.200114916000075],[-103.01872002499994,29.204997484000046],[-103.01390081899996,29.207714451000072],[-103.00902149399997,29.20975244400006],[-103.00280213799999,29.209832526000071],[-102.99732661499996,29.209520483000063],[-102.99214850699997,29.208163822000074],[-102.98723879399995,29.209861405000026],[-102.97738897799996,29.212916498000027],[-102.97462129599995,29.216858713000079],[-102.97146643199994,29.220826988000056],[-102.96744822599999,29.223829133000038],[-102.96191247999997,29.222836390000055],[-102.95664507899994,29.220459685000037],[-102.95250903199997,29.217665274000069],[-102.94834363499996,29.214531312000076],[-102.94343444399999,29.211788583000043],[-102.93754255599998,29.211159955000028],[-102.93477296399999,29.21510108800004],[-102.93328213699999,29.220322014000033],[-102.93101722999995,29.225594872000045],[-102.92783029299994,29.229222485000037],[-102.92508914199999,29.233502979000036],[-102.91984849899995,29.235902259000056],[-102.91475850899997,29.235559930000079],[-102.90934052799997,29.235922081000069],[-102.90490274199999,29.238608339000052],[-102.90135651199995,29.242600549000031],[-102.89905941799998,29.247533573000055],[-102.89828093599999,29.252023899000051],[-102.89714469899997,29.256879544000071],[-102.89520463199995,29.261447394000072],[-102.89603326999998,29.266513562000057],[-102.89683257299998,29.27124032200004],[-102.89801916999994,29.275941317000047],[-102.89917645099996,29.280302878000043],[-102.90045170499997,29.286022410000044],[-102.90277106799999,29.290306558000054],[-102.90625253899998,29.29451315700004],[-102.91003316199999,29.297675346000062],[-102.91199557599998,29.30232477900006],[-102.91613459699994,29.30512144100004],[-102.91848490599995,29.309744954000053],[-102.91889859699995,29.31449798400007],[-102.91850798099995,29.318963363000023],[-102.91737202199994,29.323820095000031],[-102.91581893299997,29.328363250000052],[-102.91307372099999,29.332644556000048],[-102.91199629599998,29.338180461000036],[-102.91249834899997,29.343952471000023],[-102.91174921699997,29.348783586000025],[-102.90942017699996,29.353378693000025],[-102.90494633799995,29.355726249000043],[-102.89981926599995,29.355043532000025],[-102.89469228099995,29.354360564000046],[-102.88929556299996,29.355061328000033],[-102.88359940499998,29.356806238000047],[-102.87998803499994,29.360119861000044],[-102.87726919299996,29.364740138000059],[-102.87455003599996,29.36936040300003],[-102.87141350899998,29.373666805000028],[-102.86747187699996,29.377685014000065],[-102.86299543499996,29.380030911000063],[-102.85807236599999,29.381723143000045],[-102.85412966199999,29.385740928000075],[-102.85054503999999,29.389393368000071],[-102.84743569899996,29.394038869000042],[-102.84393818199999,29.39870995900003],[-102.84160376499995,29.403304146000039],[-102.84314766399996,29.407642188000068],[-102.84728974299998,29.410442376000049],[-102.85113212699997,29.414286910000044],[-102.85566273199998,29.417061161000049],[-102.86085210599998,29.418425398000068],[-102.86391968599997,29.422320917000036],[-102.86170312599995,29.428274326000064],[-102.86515909799999,29.432144214000061],[-102.86360090999995,29.436687884000037],[-102.85923840499999,29.440392511000027],[-102.85442881199998,29.443443383000044],[-102.85039494099999,29.446442756000067],[-102.84761283399996,29.450384014000065],[-102.84527711299995,29.454978907000054],[-102.84210634599998,29.458945739000058],[-102.83810048299995,29.462284414000067],[-102.83373538399997,29.465988219000053],[-102.82925297699995,29.468333204000032],[-102.82479950999999,29.471017680000045],[-102.82165627899997,29.475323729000024],[-102.81967735199999,29.479553119000059],[-102.82050344899994,29.48462280800004],[-102.82165951499996,29.488987634000068],[-102.82206834599998,29.493743290000054],[-102.82170061099998,29.498550103000071],[-102.82052696799997,29.503068366000036],[-102.81818813299998,29.507663281000077],[-102.81507227399999,29.512309250000044],[-102.81061586499999,29.514993427000036],[-102.80538234299996,29.517728411000064],[-102.80134284999997,29.52072645800007],[-102.79816726699994,29.524692627000036],[-102.79585560699996,29.529627029000039],[-102.79668070399998,29.53469756800007],[-102.79711738999998,29.539793626000062],[-102.79800091299995,29.545543777000034],[-102.80142974599994,29.549077221000061],[-102.80300342799995,29.553757261000044],[-102.79812656399997,29.556126919000064],[-102.79533802199995,29.560067902000071],[-102.79377333199994,29.564612036000028],[-102.79179069699995,29.568841876000079],[-102.78777717699995,29.572179561000041],[-102.78579403399999,29.576409370000079],[-102.78381067999999,29.580639186000042],[-102.78185617999998,29.585208794000039],[-102.77781236699997,29.58820645000003],[-102.77293263599995,29.59057513700003],[-102.76849942399997,29.593597844000044],[-102.76570809599997,29.597538413000052],[-102.76372314399998,29.601768076000042],[-102.76173798099995,29.60599774800005],[-102.75975260699994,29.610227427000041],[-102.75710511199998,29.61586701300007],[-102.75517717299999,29.620776356000079],[-102.75283108599996,29.625371198000039],[-102.75003786399998,29.629311668000071],[-102.74506800299997,29.630659799000057],[-102.73923329899998,29.631038690000025],[-102.73429202499995,29.632726150000053],[-102.72940825899997,29.635093065000035],[-102.72449536399995,29.637119920000032],[-102.72044673999994,29.64011574500006],[-102.71723352799995,29.643740809000064],[-102.71402002199994,29.647365808000075],[-102.71122409899999,29.651305458000024],[-102.70842789899996,29.655245072000071],[-102.70613562499994,29.660519005000026],[-102.70770589499995,29.665201828000079],[-102.70849798599994,29.669934958000056],[-102.70812255199996,29.674743550000073],[-102.70532537099996,29.678683318000026],[-102.70261419799999,29.683642722000059],[-102.70143103399994,29.688161792000074],[-102.69944038799997,29.692391210000039],[-102.69786759399994,29.69693544200004],[-102.69668395999997,29.701454610000042],[-102.69750450299995,29.706528175000074],[-102.69793576099994,29.711626898000077],[-102.69343545599997,29.71396750200006],[-102.68851675499997,29.715993066000067],[-102.68317968599996,29.717703527000026],[-102.67867860099994,29.720043528000076],[-102.67417725199999,29.72238334900004],[-102.66922890399997,29.724068110000076],[-102.66428034599994,29.725752645000057],[-102.65891350699997,29.727121963000059],[-102.65334650999995,29.726111411000034],[-102.64730456299998,29.724105649000023],[-102.64093048499996,29.722804317000055],[-102.63547797399997,29.723152589000051],[-102.62974980399997,29.724885207000057],[-102.62324240699996,29.726667163000059],[-102.61745688799999,29.727719217000072],[-102.61342799499994,29.73105152200003],[-102.60903761399999,29.734748430000025],[-102.60548265599999,29.739075611000032],[-102.60348561599994,29.743303740000044],[-102.60109876499996,29.747556614000075],[-102.59718151499999,29.752248372000054],[-102.59518370099994,29.75647648100005],[-102.59519065099994,29.761261003000072],[-102.59244144599995,29.765878583000074],[-102.58882757499998,29.769525545000079],[-102.58339990599995,29.770211128000028],[-102.57755416599997,29.770581081000046],[-102.57176483599994,29.771630712000047],[-102.56692409199997,29.774670841000045],[-102.56492409899994,29.778898611000045],[-102.56414965099998,29.783732615000076],[-102.56376491999998,29.788542071000052],[-102.55973067899998,29.791872811000076],[-102.55488371699994,29.790127606000055],[-102.54922919799998,29.788091258000065],[-102.54338198099998,29.788459310000064],[-102.53800881199999,29.789822613000069],[-102.53444750699998,29.794147971000029],[-102.53289130799999,29.799030911000045],[-102.52832214199998,29.795899811000027],[-102.52467591099997,29.79920478300005],[-102.52428870999995,29.804014281000036],[-102.52398558499999,29.809843982000075],[-102.52479618899997,29.814920291000078],[-102.52521691999999,29.820021121000025],[-102.52410574199996,29.825559910000038],[-102.52132212599997,29.829836293000028],[-102.52135016299997,29.830176360000053],[-102.51307950299997,29.839240072000052],[-102.51154910099996,29.844463329000064],[-102.50709171599999,29.847476823000079],[-102.50171391899994,29.848838456000067],[-102.49628006299997,29.849519636000025],[-102.49126416599995,29.85051629000003],[-102.48722371999997,29.853844740000056],[-102.48223531399998,29.855181069000025],[-102.47674514599998,29.855181042000027],[-102.47125497699994,29.855180726000071],[-102.46565357999998,29.853819709000049],[-102.46222656399999,29.850272456000027],[-102.45768500599996,29.847477952000077],[-102.45283689299998,29.845727755000041],[-102.44726420599994,29.844705881000039],[-102.44177476299996,29.844704012000079],[-102.43656473299995,29.843317318000061],[-102.43138254099995,29.842270471000063],[-102.42461240999995,29.840979617000073],[-102.41912322699994,29.840976556000044],[-102.41399657799997,29.840609056000062],[-102.40886997699994,29.840241304000074],[-102.40285306999999,29.838560885000049],[-102.39792418499997,29.835787862000075],[-102.39257807799999,29.832698487000073],[-102.38706200799999,29.832353634000071],[-102.38173805899999,29.83438923600005],[-102.37808394699994,29.837689395000041],[-102.37487448199994,29.841645786000072],[-102.36960437699997,29.844361053000057],[-102.36416969899994,29.845035336000024],[-102.35862554999994,29.844348847000049],[-102.35447812499996,29.841526051000073],[-102.35367816399997,29.836448086000075],[-102.35365847499997,29.831322545000035],[-102.35366610599999,29.826537178000024],[-102.35400913999996,29.821047842000041],[-102.35557679099998,29.816167312000061],[-102.35251901799995,29.812252870000066],[-102.34748439499998,29.808117271000071],[-102.34255934199996,29.805341843000065],[-102.33738087599994,29.804290424000044],[-102.33212090099994,29.802218468000035],[-102.32833935999997,29.799031103000061],[-102.32455812499995,29.795843628000057],[-102.31966179499994,29.793407291000051],[-102.31482004299994,29.791650916000037],[-102.30995138899999,29.789554236000072],[-102.30435740699994,29.788184781000041],[-102.29876361899994,29.786815030000071],[-102.29355989999999,29.785421394000025],[-102.28832934399998,29.783687413000052],[-102.28307201899997,29.781613089000075],[-102.27789589399998,29.780558776000078],[-102.27305585199997,29.778800517000036],[-102.26740940799999,29.77674894200004],[-102.26184396999997,29.775717336000071],[-102.25638620199999,29.776045795000073],[-102.25185616299996,29.773242854000046],[-102.24732644399995,29.770439737000061],[-102.24248769699994,29.768680103000065],[-102.23720577099999,29.766263457000036],[-102.23192416399996,29.763846559000058],[-102.22700590999995,29.761065982000048],[-102.22245103399996,29.757921786000054],[-102.21722384899999,29.756184357000052],[-102.21176724199995,29.756510462000051],[-102.20727676699994,29.759170367000024],[-102.20765010599996,29.763931637000042],[-102.20919294999999,29.768623146000039],[-102.21031944999999,29.772997868000061],[-102.21071972299995,29.778099397000062],[-102.20992369099997,29.782930721000071],[-102.21068721399996,29.787668987000075],[-102.20866790499997,29.791890022000075],[-102.21132783199994,29.79583176400007],[-102.21055835199996,29.801003433000062],[-102.20515197199995,29.80200947700007],[-102.19927552699994,29.802018100000055],[-102.19396607399995,29.799258934000079],[-102.19089033199998,29.794999798000049],[-102.18563480999995,29.792920499000047],[-102.18079606099997,29.791157899000041],[-102.17593098899994,29.789054961000033],[-102.17075580599999,29.787995305000038],[-102.16563375499999,29.787615642000048],[-102.15978484399994,29.787962162000042],[-102.15429936599998,29.787945156000035],[-102.14936238299998,29.789945585000055],[-102.14406160199997,29.792308958000035],[-102.14045232899997,29.796280698000032],[-102.13762268699998,29.800206341000035],[-102.13479276499999,29.804131944000062],[-102.12990697899994,29.806811829000026],[-102.12442020299994,29.806793249000066],[-102.11893342999997,29.806774381000025],[-102.11583514299997,29.802172803000076],[-102.11569941699997,29.795346958000039],[-102.11566884299998,29.789881782000066],[-102.11454732599998,29.785505852000028],[-102.11113899699995,29.781947696000032],[-102.10630257699995,29.780181686000049],[-102.10136486699997,29.78217980200003],[-102.09853379199996,29.786104243000068],[-102.09770463499996,29.790594660000068],[-102.09609541999998,29.795130829000072],[-102.09204124299998,29.798443470000052],[-102.08710203599998,29.80044100300006],[-102.07893787299997,29.801260037000077],[-102.07378929899994,29.800535689000071],[-102.06996606599995,29.796658664000063],[-102.07038079299997,29.791851004000023],[-102.07079546899996,29.787043401000062],[-102.06850668199996,29.782735271000035],[-102.06434677199996,29.779561245000025],[-102.05984936999994,29.777090075000046],[-102.05441669999999,29.77774809400006],[-102.04950382899995,29.780083885000067],[-102.04750212399995,29.784641859000033],[-102.04248475199995,29.785616750000031],[-102.03733752899996,29.784890629000074],[-102.03172269199996,29.783166405000031],[-102.02681027299997,29.78037624500007],[-102.02340610399995,29.776815266000028],[-102.01883254799998,29.773321901000031],[-102.01498747099998,29.769102980000071],[-102.00940005599995,29.767717766000032],[-102.00454097599999,29.765606953000031],[-102.00131581799997,29.769551093000075],[-101.99663378699995,29.774945716000047],[-101.99421347899994,29.779184925000038],[-101.99342999699996,29.784354759000053],[-101.99342638299998,29.789479721000077],[-101.99147271799995,29.794717072000026],[-101.98749139799997,29.799046170000054],[-101.98210804999997,29.800380813000061],[-101.97664745199995,29.800694633000035],[-101.97118680999995,29.801008168000067],[-101.96606488599997,29.80061868100006],[-101.96086614899997,29.799208387000078],[-101.95465105199997,29.799905930000079],[-101.95461933199994,29.804690900000026],[-101.95261154899998,29.809247331000051],[-101.94855065699994,29.812554503000058],[-101.94340254799994,29.811823691000029],[-101.93844040799996,29.808348770000066],[-101.93345319899998,29.804533444000072],[-101.92924658399994,29.800673465000045],[-101.92470126999996,29.797515948000068],[-101.91942714399994,29.795083025000054],[-101.91673091299998,29.790453483000078],[-101.91559495199999,29.785735230000057],[-101.91076266699997,29.783960129000036],[-101.90556600699995,29.782547136000062],[-101.90070878599994,29.780431401000044],[-101.89502124499995,29.77767928600008],[-101.88943532799999,29.776287607000029],[-101.88379903999999,29.774215269000024],[-101.87857823899998,29.772460783000042],[-101.87518107199998,29.76889503600006],[-101.87139431099996,29.765351222000049],[-101.86652724099997,29.768358665000051],[-101.86124468299994,29.771047691000035],[-101.85430135999997,29.772463511000069],[-101.84884218299999,29.772770612000045],[-101.84384824299997,29.774076095000055],[-101.83802404799997,29.77474472800003],[-101.83263984199999,29.776071566000041],[-101.82744509199995,29.774654703000067],[-101.82181054299997,29.772579020000023],[-101.81622627299998,29.771183434000079],[-101.81100716699996,29.769425575000071],[-101.80539836499997,29.767689226000073],[-101.79857020899999,29.765337410000029],[-101.79371690199997,29.76321678000005],[-101.78554577599999,29.758547943000053],[-101.78178835499995,29.755341153000074],[-101.77798159499997,29.751453879000053],[-101.77493007999999,29.747183024000037],[-101.77095052599998,29.740914308000072],[-101.76860503899997,29.735579587000075],[-101.76552987799994,29.730968456000028],[-101.76070429499998,29.729186645000027],[-101.75454236899998,29.730552476000071],[-101.75001339299996,29.732852280000031],[-101.74677692399996,29.736788196000077],[-101.74312564899998,29.740405392000071],[-101.73766825399997,29.740706641000031],[-101.73203846999996,29.738626283000031],[-101.72752917199995,29.735800854000047],[-101.72336081499998,29.732273428000042],[-101.71921738999998,29.729086049000045],[-101.71402774899997,29.72766370100004],[-101.70844853999995,29.72626249800004],[-101.70296749399995,29.726221735000024],[-101.69804750399999,29.728540630000055],[-101.69441884499997,29.732496233000063],[-101.69035113599995,29.73579268900005],[-101.68518598999998,29.734709074000079],[-101.68106837199997,29.731860350000034],[-101.67695105199999,29.729011484000068],[-101.67137240299996,29.727608289000045],[-101.66316288799999,29.727714207000076],[-101.65821734099995,29.729691032000062],[-101.65368562299994,29.731986640000059],[-101.64881235899998,29.734983648000025],[-101.64513245499995,29.738257182000041],[-101.64228040899997,29.742168740000068],[-101.63903821399998,29.746101397000075],[-101.63460182599994,29.749757146000036],[-101.62972674799994,29.75275339600006],[-101.62648349699998,29.756685768000068],[-101.62362986899996,29.760596996000061],[-101.61909538399999,29.762891280000076],[-101.61363597399998,29.763186045000054],[-101.60766608999995,29.761800359000063],[-101.60391571699995,29.758587134000038],[-101.59875027099997,29.757499168000038],[-101.59356093399998,29.756070714000032],[-101.58720201299997,29.754704848000074],[-101.58434651799996,29.758614981000051],[-101.58431646399998,29.763739544000032],[-101.58465240499999,29.768502989000069],[-101.58462236699995,29.773627680000061],[-101.58495836699996,29.778391245000023],[-101.58605052999997,29.782772723000051],[-101.58638665499996,29.78753639100006],[-101.58596660999996,29.792682274000072],[-101.58310968699999,29.796592747000034],[-101.57859594999996,29.799225750000062],[-101.57371571299996,29.802219752000042],[-101.57207629499999,29.806747886000039],[-101.57085084799996,29.811595446000069],[-101.56884478499995,29.816484814000034],[-101.56561983599994,29.820756219000032],[-101.56015624199995,29.821048224000037],[-101.55567227899996,29.818555065000055],[-101.55114086399999,29.815381135000052],[-101.54739024799994,29.812165439000069],[-101.54361610399997,29.808609342000068],[-101.54174557099998,29.804268691000061],[-101.54177839299996,29.799143617000027],[-101.54302925099995,29.794636830000059],[-101.54427996799996,29.790130079000051],[-101.54584912199999,29.784581759000048],[-101.54870744999994,29.780672426000024],[-101.55195553899995,29.776742239000043],[-101.55437552399997,29.772173122000027],[-101.55326139599998,29.76745117400003],[-101.55061135399995,29.763152769000044],[-101.54613096699995,29.760659563000047],[-101.54101379399998,29.760249227000031],[-101.53587288899996,29.759498390000033],[-101.52220038099995,29.759883600000023],[-101.51717820199997,29.760833115000025],[-101.51225063899994,29.763143429000024],[-101.50773645499999,29.765773139000032],[-101.50283195799994,29.768423301000041],[-101.49829353199999,29.770712368000034],[-101.49382567099997,29.774022070000058],[-101.49057481299997,29.777950417000056],[-101.48688638399994,29.781218709000029],[-101.48485233799994,29.785765799000046],[-101.48125754899996,29.790395113000045],[-101.47756815599996,29.793663178000031],[-101.47181004199996,29.795332249000069],[-101.46630086299996,29.794938721000051],[-101.46072131899996,29.79352400700003],[-101.45504818399996,29.790747811000074],[-101.45318292399998,29.786405768000066],[-101.45285480899997,29.781641688000036],[-101.45330686899996,29.776836777000028],[-101.45336883199997,29.772052368000061],[-101.45384424299999,29.767587849000051],[-101.45470960099999,29.76310292900007],[-101.45477146699994,29.758318685000063],[-101.45678308999999,29.753432235000048],[-101.45684482399997,29.748648107000065],[-101.45690655099997,29.743864038000027],[-101.45274982599994,29.74032572200008],[-101.44724456199998,29.739931241000079],[-101.44275292499998,29.74289823600003],[-101.43989073699998,29.746804286000042],[-101.43863477199994,29.751309287000026],[-101.43657536899997,29.75551482000003],[-101.43534243199997,29.760360155000058],[-101.43449935999996,29.765185161000034],[-101.43168264299999,29.769771773000059],[-101.42881893899994,29.773677785000075],[-101.42473808899996,29.776964194000072],[-101.42107029199997,29.780570442000055],[-101.41652881199997,29.78285601500005],[-101.41109054499998,29.783480477000069],[-101.40565219299998,29.784104656000068],[-101.40046460599996,29.782666487000029],[-101.39481754499997,29.780227387000025],[-101.39217567299994,29.775924816000042],[-101.39029103999997,29.771241518000068],[-101.39035679999995,29.766457216000049],[-101.39120257199994,29.761632550000058],[-101.39365452899995,29.757407632000024],[-101.39773565999997,29.754122604000031],[-101.40138008999998,29.750177144000077],[-101.40589691099996,29.747552150000047],[-101.40915071599994,29.743626750000033],[-101.41199105499999,29.739381313000024],[-101.41363821599998,29.734856477000051],[-101.41292283999996,29.73011318500005],[-101.40773865399996,29.728675576000057],[-101.40289808199998,29.72653695300005],[-101.39734766299995,29.725459343000068],[-101.39234933399996,29.726743011000053],[-101.38696099599997,29.728046637000034],[-101.38150314099994,29.728329209000037],[-101.37602215599998,29.728271234000033],[-101.37191600099999,29.725410348000025],[-101.36852061999997,29.721488303000058],[-101.36590517199994,29.717525961000035],[-101.36404651199996,29.713183131000051],[-101.36331126699997,29.708099515000072],[-101.36106323799999,29.703776840000046],[-101.35805903299996,29.699834573000032],[-101.35468841999995,29.69625257000007],[-101.35218938299994,29.693991313000026],[-101.34932377499996,29.692090294000025],[-101.33964870899996,29.687999081000044],[-101.33997261899998,29.69280658200006],[-101.33809395299994,29.697727256000064],[-101.33504893699995,29.70174294800006],[-101.33200361299998,29.705758591000063],[-101.32895797999998,29.709774186000061],[-101.32125846999998,29.728356165000037],[-101.31436319599999,29.777196337000078],[-101.30975644499995,29.831042328000024],[-101.30653331499997,29.904812660000061],[-101.31273350499998,29.997117225000068],[-101.34666942499996,30.256738152000025],[-101.37179108699996,30.464655557000071],[-101.40452433199994,30.741282699000067],[-101.44410098199995,30.993921684000043],[-101.47128619199998,31.264016905000062],[-101.49966947999997,31.469851630000051],[-101.53006499499998,31.701897847000055],[-101.55631998899997,31.912797628000078],[-101.59260986799995,32.182925911000041],[-101.62460984999996,32.429535710000039],[-101.65471150399998,32.647687413000028],[-101.67410072099995,32.853392240000062],[-101.68961682999998,33.080791814000065],[-101.71185000699995,33.340257717000043],[-101.73231676899997,33.650170203000073],[-101.74689619499998,33.804950766000047],[-101.78752002299996,34.111612209000043],[-101.82976935299996,34.435079789000042],[-101.87331907199996,34.770589432000065],[-101.90653418499994,35.044451005000042],[-101.97495120199994,35.316498691000049],[-102.04796392599997,35.530783812000038],[-102.13331540199994,35.746804624000049],[-102.28443528999998,36.035939561000077],[-102.40624804199996,36.247455916000035],[-102.54970794499997,36.493668011000068],[-102.68547774499996,36.677799902000061],[-102.81813320099997,36.821178062000058],[-103.01108002499996,37.011100583000029],[-103.23395496499995,37.187002245000031],[-103.47047037799996,37.383212361000062]]],[[[-119.70765007299997,48.045482350000043],[-119.70782888299999,48.045931468000049],[-119.71640668999999,48.053056017000074],[-119.72347755599998,48.074402512000063],[-119.72280749499998,48.074522479000052],[-119.71830027799996,48.083026819000054],[-119.70972459799998,48.090334106000057],[-119.69350650999996,48.109107815000073],[-119.69368540199997,48.109556862000034],[-119.69507306699995,48.118448035000029],[-119.70445503899998,48.124042049000082],[-119.71729279999994,48.127354719000039],[-119.73149677399999,48.126216071000044],[-119.74550697499996,48.127213582000081],[-119.75880190999999,48.129038893000029],[-119.77255158299999,48.12937940300003],[-119.78603963799998,48.129064374000052],[-119.79971890299998,48.126610289000041],[-119.81339706399996,48.124154806000035],[-119.82707412099995,48.121697926000081],[-119.83898637499999,48.117453085000079],[-119.85089696399996,48.113207142000078],[-119.86280589299997,48.108960097000079],[-119.87445054799997,48.104057923000028],[-119.88609332599998,48.099154673000044],[-119.89976182699996,48.096690275000071],[-119.91342921999995,48.094224481000026],[-119.92709550699999,48.091757291000079],[-119.93696605599996,48.085063864000062],[-119.93523352099999,48.075555752000071],[-119.93350152699998,48.066047336000054],[-119.92520406999995,48.058426781000037],[-119.91308232399996,48.054302821000078],[-119.90167508199994,48.049347521000072],[-119.89026969399998,48.044391183000073],[-119.88464426099995,48.035585337000043],[-119.89079732599998,48.027459574000034],[-119.89818629899997,48.019811377000053],[-119.90062373799998,48.010250540000072],[-119.89597472499997,48.001268088000074],[-119.88964009399996,47.99329158900008],[-119.88233257099995,47.985490612000035],[-119.87502691399999,47.977689053000063],[-119.87135846699999,47.96852887600005],[-119.88095313099996,47.961182632000032],[-119.89283029899997,47.956930937000038],[-119.90594206799994,47.953156223000065],[-119.91755353099995,47.948247966000054],[-119.92766440299999,47.942206503000079],[-119.92262911299997,47.929185202000042],[-119.19479590099996,47.928997360000039],[-119.20013179299997,47.002177020000033],[-117.79613599999999,46.997085422000055],[-117.81085228199998,46.979370520000032],[-117.82522653699999,46.967640862000053],[-117.84302946199995,46.965502382000068],[-117.85627124999996,46.947177406000037],[-117.87558429799998,46.935456330000079],[-117.89055000799999,46.918529061000072],[-117.92619530499996,46.900655062000055],[-117.95019563099999,46.877951626000026],[-117.97061914199998,46.869412079000028],[-117.98611824499994,46.854069760000073],[-118.00698041799996,46.840989960000059],[-117.99378259199995,46.841395054000031],[-117.98079146199996,46.842374186000029],[-117.96738642599996,46.842201293000073],[-117.95398146499997,46.842027045000066],[-117.94098957999995,46.843002269000067],[-117.92758452099997,46.842825349000066],[-117.91312094999995,46.844656482000062],[-117.90532443699999,46.852684382000064],[-117.89356618599999,46.857107626000072],[-117.87993725999996,46.858793674000026],[-117.86695621999996,46.857318349000082],[-117.85354829899995,46.857133943000065],[-117.84199118699996,46.862128077000079],[-117.83002110399997,46.865970035000032],[-117.81661143299999,46.865781894000065],[-117.80361246399997,46.866743581000037],[-117.79184434899997,46.871157628000049],[-117.78048482699995,46.876721801000031],[-117.76830311699996,46.879982425000037],[-117.75468571399995,46.87921239800005],[-117.74106864699996,46.878440970000042],[-117.72806587799994,46.879395212000077],[-117.71381402699996,46.879337004000035],[-117.70081065299996,46.880288570000062],[-117.68780688099997,46.881238858000074],[-117.67459854199996,46.881612100000041],[-117.66161764499998,46.88011675100006],[-117.64800154199997,46.879335764000075],[-117.63502175699995,46.877837800000066],[-117.62204259799995,46.876338559000033],[-117.60883490699996,46.876705253000068],[-117.59628957699999,46.873912148000045],[-117.58290557999999,46.871257250000042],[-117.56926523899995,46.872911265000027],[-117.55603027999996,46.875715787000047],[-117.54435556199996,46.870335406000038],[-117.53563644999997,46.863245461000076],[-117.52289441299996,46.859869292000042],[-117.51015375599997,46.856491866000056],[-117.50080324799995,46.850114395000048],[-117.49356876799999,46.842167381000081],[-117.48949183699995,46.833088364000048],[-117.48625546299996,46.823870183000054],[-117.47986515599996,46.81578303200007],[-117.47263732399995,46.807834141000058],[-117.45991001499999,46.80445141000007],[-117.44651479599997,46.804225777000056],[-117.43291798699994,46.803422529000045],[-117.41952308799995,46.803194162000068],[-117.40612828599996,46.80296443900005],[-117.39317024599995,46.801442480000048],[-117.38575390199998,46.792912207000029],[-117.37790273599995,46.785672215000034],[-117.37320838099998,46.77730278100006],[-117.36452171699995,46.770199813000033],[-117.35372213399995,46.764663044000031],[-117.34077332099997,46.763135798000064],[-117.32933881799994,46.758311323000044],[-117.32002149699997,46.751919419000046],[-117.30795226599997,46.747807261000048],[-117.29716157099995,46.74226554300003],[-117.29835133799997,46.732928776000051],[-117.29702542299998,46.724004763000039],[-117.29298476699995,46.714916849000076],[-117.28579238399999,46.706955632000074],[-117.28111627499999,46.698581183000044],[-117.27791760199995,46.689354625000078],[-117.27471987099995,46.680127767000045],[-117.26605789699994,46.673016503000042],[-117.25823564399997,46.665767107000079],[-117.25504202299999,46.656539200000054],[-117.25101182099996,46.647448385000075],[-117.24383253399998,46.639483468000037],[-117.23517969099998,46.632369418000053],[-117.22270013299999,46.629539126000054],[-117.21022170199996,46.626707632000034],[-117.18572652899996,46.621991809000065],[-117.10568464599999,46.571039001000031],[-117.07844858399994,46.573041071000034],[-117.05765460999999,46.578376150000054],[-117.04239165099995,46.582320820000064],[-117.02507887099995,46.588545886000077],[-117.00780283199998,46.601097682000045],[-116.99714203899998,46.612329740000064],[-116.98704806399996,46.628341097000032],[-116.98036129699994,46.640875039000036],[-116.96558860799996,46.684679362000054],[-116.94908936499996,46.738007333000041],[-116.93370194199997,46.785297855000067],[-116.92939721599998,46.79086135600005],[-116.91505434499999,46.800779394000074],[-116.88474673499996,46.808086593000041],[-116.86380448599999,46.81297033900006],[-116.84019628599998,46.815234532000034],[-116.80761929699997,46.815886823000028],[-116.78964023099996,46.81906629100007],[-116.77369293299995,46.820397354000079],[-116.75654252299995,46.819484605000071],[-116.74012764599996,46.814193468000042],[-116.71626313199999,46.817002899000045],[-116.64227221199997,46.819640134000053],[-116.54552783499997,46.823093035000056],[-116.46273024699997,46.821849603000032],[-116.48155185399997,46.826488883000081],[-116.49500225199995,46.832275758000037],[-116.50980794099996,46.842104236000068],[-116.52362832299997,46.858501515000057],[-116.53429746099999,46.870500093000032],[-116.55667749899999,46.902843161000078],[-116.56480236299996,46.912505310000029],[-116.56896630499995,46.93677548200003],[-116.57233305599999,46.944147846000078],[-116.57819474999997,46.956294048000075],[-116.57744250499996,46.968571331000078],[-116.56975034499999,46.977382980000073],[-116.55339234599995,46.988166357000068],[-116.53148586799995,46.99434893800003],[-116.50791521599996,47.003523421000068],[-116.48625427699994,47.011785150000037],[-116.47742620999998,47.011954213000081],[-116.42138129799997,47.010399100000029],[-116.36150246399995,47.010633511000037],[-116.33903013999998,47.013830554000037],[-116.31334080899995,47.020712633000073],[-116.29456595099998,47.029703906000066],[-116.27841300199998,47.045269154000039],[-116.27172733099997,47.050557266000055],[-116.25387259399997,47.066380668000079],[-116.24325908099996,47.075917899000046],[-116.22548549299995,47.092025160000048],[-116.21247655099995,47.103749462000053],[-116.19813853199997,47.114158664000058],[-116.18083375399999,47.125022529000034],[-116.16557188399997,47.131319260000055],[-116.14439325799998,47.141255092000051],[-116.11792581099996,47.148660354000071],[-116.06774642899995,47.158458472000063],[-116.05010569299998,47.162978772000031],[-116.02610170999998,47.165738174000069],[-115.99574115699994,47.169462603000056],[-115.95582093899998,47.175241464000067],[-115.92724104999996,47.178981150000027],[-115.89988265799997,47.183741878000035],[-115.86620875899996,47.188239969000051],[-115.83403611899996,47.194624264000026],[-115.81180032699996,47.197377407000033],[-115.77896080299996,47.201725236000073],[-115.73937414199997,47.208594809000033],[-115.71778375799994,47.213355473000036],[-115.67831014499995,47.22473362900007],[-115.64761047299999,47.230239741000048],[-115.63099528699996,47.236663730000032],[-115.60292575599999,47.242067794000036],[-115.56869416499995,47.260856187000059],[-115.58094833499996,47.266522702000032],[-115.59977956199998,47.280778910000038],[-115.63443346599996,47.301203143000066],[-115.69377682099997,47.32645887700005],[-115.75124139799999,47.355854197000042],[-115.78712823199999,47.393322685000044],[-115.79894124399999,47.42955506100003],[-115.81065842299995,47.456710542000053],[-115.81106711099994,47.47560388900007],[-115.80554987199997,47.497535097000025],[-115.80254452999998,47.505014754000058],[-115.74903790999997,47.55809490300004],[-115.67444951299996,47.625893244000054],[-115.64997708899995,47.656407585000068],[-115.64610436199996,47.68748942600007],[-115.65795477699999,47.720594549000054],[-115.68773226299999,47.752490019000049],[-115.71296034199997,47.790139859000078],[-115.71476853099995,47.794566375000045],[-115.72553111499997,47.794424144000061],[-115.77058901099997,47.796463592000066],[-115.80959555499999,47.80084910000005],[-115.83884108099994,47.805992930000059],[-115.88372013399999,47.817075509000063],[-115.91428685599999,47.828911586000061],[-115.95017383199996,47.840940363000072],[-115.97996833999997,47.852420058000064],[-116.01144630399995,47.866863439000042],[-116.04319339799997,47.877270532000068],[-116.07597185699996,47.885807605000025],[-116.12415800199994,47.898338409000075],[-116.14834427299996,47.904405538000049],[-116.15505882499997,47.906088884000042],[-116.19410981899995,47.909525461000044],[-116.23187427399995,47.911151489000076],[-116.24905014099994,47.911299470000074],[-116.26714638499999,47.908080795000046],[-116.28254693999997,47.902967715000045],[-116.30174476899998,47.895583230000057],[-116.32633404099994,47.883224057000064],[-116.40375914899994,47.826804117000052],[-116.42176629599999,47.814661795000063],[-116.43374327999999,47.810973417000071],[-116.44739001299996,47.805489773000033],[-116.45597592899998,47.800554675000058],[-116.46754679999998,47.790317562000041],[-116.47395040499998,47.784483700000067],[-116.49921898999997,47.761448492000056],[-116.52120742299996,47.744364570000073],[-116.53214965299998,47.740362830000038],[-116.54921519999999,47.736946947000035],[-116.56543034499998,47.733045756000081],[-116.58031323599994,47.72658210600008],[-116.59293654499999,47.718451132000041],[-116.59819018999997,47.71278036700005],[-116.60393545299996,47.704605887000071],[-116.60826803599997,47.69756084900007],[-116.61909657899997,47.689806277000059],[-116.63340049999999,47.683024954000075],[-116.65587008199998,47.676483164000047],[-116.67220393499997,47.673020229000031],[-116.68670543299999,47.674696647000076],[-116.69303340899995,47.672189217000039],[-116.70602142599995,47.670762566000064],[-116.72950645099996,47.669813199000032],[-116.73761986399995,47.671224313000039],[-116.75244457399998,47.673801234000052],[-116.76328021199998,47.677866101000063],[-116.79618039899998,47.671468402000073],[-116.80724557299999,47.671863873000063],[-116.81541908399998,47.67387941800007],[-116.83264087599997,47.687096040000029],[-116.83487388599997,47.691892088000031],[-116.83649339799996,47.698241679000034],[-116.84216121599997,47.702982002000056],[-116.85129613499998,47.707758390000038],[-116.85777458599995,47.709845074000043],[-116.86851036199994,47.710094294000044],[-116.87278466199996,47.707477146000031],[-116.87846924799999,47.705608516000041],[-116.88835680599999,47.704241455000044],[-116.90491626899995,47.706357338000032],[-116.91004801599996,47.707030649000046],[-116.91893739199998,47.707762028000047],[-116.93164706299996,47.70788824400006],[-116.93931736899998,47.708422680000069],[-116.94851077699997,47.710852801000044],[-116.95800867799994,47.714982914000075],[-116.96893807099997,47.715776585000071],[-116.98002863699998,47.715377938000074],[-116.99412071099999,47.711198350000075],[-117.00800185199995,47.703941030000067],[-117.07569165699999,47.681553990000054],[-117.08589065999996,47.679568063000033],[-117.09896325399995,47.67793084300007],[-117.11270629999996,47.678208127000062],[-117.12513861599996,47.681391031000032],[-117.13468566699999,47.687731917000065],[-117.14804114799995,47.687843151000038],[-117.16186138999996,47.688328244000047],[-117.17529185299998,47.688649604000034],[-117.18900608999996,47.690722676000064],[-117.19935704299996,47.696481555000048],[-117.21341988999995,47.696697973000028],[-117.22703287399997,47.695636189000027],[-117.24033021799994,47.694623686000057],[-117.25068664299999,47.700378550000039],[-117.26128510099994,47.705869046000032],[-117.27470539799998,47.707082229000036],[-117.28831962099997,47.70601428100008],[-117.29963325299997,47.701267975000064],[-117.31226693799999,47.697431878000032],[-117.32359639799995,47.694020268000031],[-117.32562824899998,47.694862707000027],[-117.33762437399997,47.699363122000079],[-117.35090452499998,47.700143909000076],[-117.36461213799998,47.699683833000051],[-117.37753352199996,47.697008475000075],[-117.39058371099998,47.699578421000069],[-117.40133924199995,47.705445440000062],[-117.41504765799999,47.70498023500005],[-117.42836190499997,47.70340685900004],[-117.44167546699998,47.701832159000048],[-117.45400235299996,47.697489344000076],[-117.46652478199996,47.693698693000044],[-117.47980533199996,47.69446677500008],[-117.48542343999998,47.702919962000067],[-117.49104309699999,47.711372700000027],[-117.49420464899998,47.720225085000038],[-117.49736711399999,47.729077163000056],[-117.49889025999994,47.738195699000073],[-117.50205432899998,47.747047186000032],[-117.50521931099996,47.755898364000075],[-117.51828737999995,47.758455476000051],[-117.52473711099998,47.766771906000031],[-117.53181099299997,47.774401135000062],[-117.54590292999995,47.777374973000065],[-117.54743450099994,47.786491630000057],[-117.54630583299996,47.795455918000073],[-117.54865881699999,47.804438418000075],[-117.55511751799997,47.81275223800003],[-117.56882219799996,47.814617300000066],[-117.58213025299995,47.815375011000071],[-117.59543863799996,47.816131408000047],[-117.60934428399997,47.818545288000053],[-117.62243006799997,47.821091817000081],[-117.63178630999994,47.827759341000046],[-117.63970169499999,47.835247343000049],[-117.64761901999998,47.842734710000059],[-117.65842431299995,47.84857863600007],[-117.66778868199998,47.855243106000046],[-117.67653343399996,47.862593960000027],[-117.67972963999995,47.871437921000052],[-117.68046188499994,47.880684869000049],[-117.68283785799997,47.889662686000065],[-117.68994568099998,47.897280756000043],[-117.70138646199996,47.902433125000073],[-117.71513669499996,47.901937664000059],[-117.72808539599998,47.899230339000042],[-117.73083262799997,47.889997935000054],[-117.73091417499995,47.880616794000048],[-117.73570351199999,47.872219596000036],[-117.74744262299998,47.866194200000052],[-117.75998134199995,47.862378216000081],[-117.77129620499994,47.857590769000069],[-117.77792079099999,47.849474128000054],[-117.78658668299994,47.84219205900007],[-117.79891727799998,47.837819545000059],[-117.81022455099998,47.833028478000074],[-117.81479841999999,47.824074637000081],[-117.82590096899997,47.818729430000076],[-117.83899576299996,47.821254947000057],[-117.85043486599994,47.826395883000032],[-117.86291308299997,47.829607057000032],[-117.87642939999995,47.830888234000042],[-117.88952887899995,47.83340875500005],[-117.90241395699996,47.83772117400008],[-117.91138616699999,47.845609637000052],[-117.92407342399997,47.849367398000027],[-117.94457696699999,47.848313384000051],[-117.94539757999996,47.848177336000049],[-117.95792022399996,47.844342771000072],[-117.96881163699999,47.838433763000069],[-117.98133081999998,47.834596914000031],[-117.99445593499996,47.832415867000066],[-118.00758011499994,47.830233529000054],[-118.02070335799999,47.828049902000032],[-118.03382566399995,47.825864983000031],[-118.04735294299996,47.824783312000079],[-118.06128590599997,47.824804779000033],[-118.07480528099995,47.826066104000063],[-118.08811520399996,47.82911960000007],[-118.10019327399999,47.833550105000029],[-118.11288959899997,47.83729025100007],[-118.12168516399998,47.844612592000033],[-118.13109927599999,47.851244921000045],[-118.13907870999998,47.85870299000004],[-118.14398242299995,47.867261503000066],[-118.15278602199999,47.874581147000072],[-118.16077114799998,47.882037401000048],[-118.16567976999994,47.890594516000078],[-118.16730657199997,47.899700780000046],[-118.17529674999997,47.907155600000067],[-118.18780844899999,47.910335928000052],[-118.20176094899995,47.910342888000059],[-118.21591821799996,47.910900278000042],[-118.22740571099996,47.916007815000057],[-118.23745825099996,47.921941711000045],[-118.25059204199999,47.924426475000075],[-118.25859561799996,47.931875803000025],[-118.27193775699999,47.934910180000031],[-118.28528033699996,47.935598258000027],[-118.29882741099999,47.934491755000067],[-118.31175686899996,47.931728835000058],[-118.32037064699995,47.924414467000076],[-118.32692941899995,47.916272702000072],[-118.33779787899999,47.910335276000069],[-118.35154438599994,47.909775091000029],[-118.36426013099998,47.906455270000038],[-118.37834960899994,47.898209875000077],[-118.37771350399998,47.896507994000046],[-118.37534304599995,47.884440802000029],[-118.37517452299994,47.883989750000069],[-118.38488753799999,47.877551701000073],[-118.38721647499995,47.868525383000076],[-118.39105378999994,47.859722959000067],[-118.39807635799997,47.851819497000065],[-118.40979665299994,47.846956343000045],[-118.42303895999999,47.848069329000054],[-118.43311104199995,47.854035882000062],[-118.44201372199996,47.860679981000033],[-118.45041714699994,47.867888079000068],[-118.45698076799999,47.875887773000045],[-118.46287572599999,47.884000750000041],[-118.47061436999996,47.891320867000047],[-118.47902537799996,47.898526508000032],[-118.49078404099998,47.903244433000054],[-118.50420195199996,47.902882697000052],[-118.52108487399994,47.88897766000008],[-118.52242552599995,47.888749490000066],[-118.53229345099999,47.882751816000052],[-118.54451824899996,47.879230022000058],[-118.55690223599998,47.874240309000072],[-118.57100282399995,47.877592864000064],[-118.57942377399996,47.884792554000057],[-118.57997375199994,47.893815042000028],[-118.57448067199999,47.90194903500003],[-118.56747517099996,47.909860442000081],[-118.56366013099995,47.918666511000026],[-118.56571947299994,47.927910307000047],[-118.57799102999996,47.932055182000056],[-118.59175525199998,47.932586250000043],[-118.60517900199994,47.932214523000027],[-118.61861377899999,47.933758732000058],[-118.63237873699995,47.934285663000026],[-118.64580261099997,47.933909905000064],[-118.65923878599995,47.935450071000048],[-118.67134733599994,47.939135754000063],[-118.67436565199995,47.941974242000072],[-118.67911793699994,47.946442671000057],[-118.68973089799999,47.95182284200007],[-118.70218680499994,47.956406695000055],[-118.71578634599996,47.956474557000035],[-118.72921458099995,47.956090545000052],[-118.73721773499994,47.948957783000026],[-118.73244977299998,47.940177687000073],[-118.72517277499998,47.93230807100008],[-118.72527132899995,47.923172171000033],[-118.72402940699999,47.914266181000073],[-118.73726212599996,47.911513366000065],[-118.74986944699998,47.914626588000033],[-118.76297676599995,47.917172816000061],[-118.77359202499997,47.922546889000046],[-118.78204302899996,47.929732940000065],[-118.79266214899997,47.935105309000051],[-118.80445201199996,47.939795387000061],[-118.81821990299994,47.940303390000054],[-118.83083728999998,47.943408785000031],[-118.84096483699994,47.949343117000069],[-118.84825878599997,47.957206083000074],[-118.85906082099996,47.963023128000032],[-118.87153170799996,47.967591223000056],[-118.88365942099995,47.971257524000066],[-118.89708982799999,47.970856868000055],[-118.89735128799998,47.970758820000071],[-118.90896573699996,47.966402526000081],[-118.92271974199997,47.964982810000038],[-118.93714347099996,47.963445573000058],[-118.95055018299996,47.961122542000055],[-118.96412895099996,47.959248371000058],[-118.97718737899999,47.956022253000071],[-118.99210450199996,47.953912600000081],[-119.00555371399997,47.955418252000072],[-119.01453329299994,47.96202241800006],[-119.01984028399994,47.970225292000066],[-119.01715165999997,47.98365995000006],[-119.01131471499997,47.987075388000051],[-118.99944225999997,47.991538424000055],[-118.98756806799997,47.996000356000081],[-118.97772669899996,48.002029105000076],[-118.96991799799997,48.009625025000048],[-118.96985595499996,48.018758626000078],[-118.97332223899997,48.027760740000076],[-118.97813172399998,48.036529932000064],[-118.98846256199994,48.042901574000041],[-118.99695556399996,48.050071498000079],[-119.00761456699996,48.055424974000061],[-119.01494270599994,48.063276353000049],[-119.02227273599999,48.071127141000034],[-119.02642121999997,48.080009926000059],[-119.02855621499998,48.089241926000057],[-119.02917455899996,48.098256757000058],[-119.03048904099995,48.109070975000066],[-119.04116132399997,48.114420825000082],[-119.05034240099997,48.121469219000062],[-119.05449841599994,48.130349740000042],[-119.06049752999996,48.138430074000041],[-119.06532832999994,48.147193123000079],[-119.07882207999995,48.148690590000058],[-119.09229034199996,48.148270797000066],[-119.10610774599996,48.148749181000028],[-119.11928031199994,48.151259012000025],[-119.12713171099995,48.158535284000038],[-119.13682667399996,48.165010153000026],[-119.15047318799998,48.165034306000052],[-119.16391615499998,48.162691618000053],[-119.17616035799995,48.159115868000072],[-119.18600745599997,48.153075682000065],[-119.19059420299999,48.144591049000041],[-119.19754557599998,48.136653332000037],[-119.20823396599997,48.13094342200003],[-119.21994283199996,48.126014397000063],[-119.22875771799994,48.119188638000026],[-119.23859313099996,48.113143880000052],[-119.25047173099995,48.108661588000075],[-119.26346583099996,48.110708122000062],[-119.27949788799998,48.113181564000058],[-119.29330876599994,48.113640950000047],[-119.30743904899998,48.113081942000065],[-119.32051219099998,48.109824272000026],[-119.32931344799999,48.102991637000059],[-119.33151094899995,48.093955839000046],[-119.33218976799998,48.084706262000054],[-119.33286837999998,48.07545641300004],[-119.32683935599999,48.067386555000041],[-119.33461090399999,48.059771485000056],[-119.34727913799998,48.062827518000063],[-119.35698224599997,48.069288601000039],[-119.36933563399998,48.073359717000073],[-119.38282042299994,48.074827306000032],[-119.39242125199996,48.066404714000043],[-119.40565645699996,48.06358786900006],[-119.41924388799998,48.061668658000031],[-119.43128301299998,48.066751626000041],[-119.44198298599997,48.072070607000057],[-119.45465915599999,48.075116487000059],[-119.46733659499995,48.078161154000043],[-119.48149538899997,48.079500206000034],[-119.49449098799994,48.081524795000064],[-119.50748745199996,48.083548126000039],[-119.52080026299996,48.084552620000068],[-119.53425112599996,48.084088903000065],[-119.54645766399994,48.080478907000042],[-119.55625522699995,48.074410424000064],[-119.56810281499997,48.069899804000045],[-119.58115268899996,48.06661659100007],[-119.61971658299996,48.053495210000051],[-119.62038661499997,48.053375745000039],[-119.63485640899995,48.053680978000045],[-119.65705583299996,48.04635083800008],[-119.65772571299999,48.046231186000057],[-119.66973881999996,48.042160479000074],[-119.68157172899998,48.03763949100005],[-119.70765007299997,48.045482350000043]]],[[[-105.22538293999997,48.100157374000048],[-105.22776557899999,48.105336163000061],[-105.23067486299999,48.110478907000072],[-105.23705387799998,48.113960262000035],[-105.24558150199999,48.114089693000039],[-105.25363667899995,48.114607010000043],[-105.26163817099996,48.114771441000073],[-105.26969357499996,48.115287804000047],[-105.27785694699998,48.116508486000043],[-105.28602064699999,48.117728671000066],[-105.29329414699998,48.120077857000069],[-105.30056820899995,48.122426636000057],[-105.30831504899999,48.124386411000046],[-105.31695258399998,48.125216107000028],[-105.32156558199995,48.120624971000041],[-105.32396458799997,48.115474001000052],[-105.32636318899995,48.110322905000032],[-105.32928751699995,48.105135379000046],[-105.33005278699994,48.099740559000054],[-105.33245025099995,48.094589101000054],[-105.33822024199998,48.090629127000057],[-105.34600165399996,48.089378982000028],[-105.35369141699999,48.090983969000035],[-105.35913210499996,48.095237378000036],[-105.36357582299996,48.099915773000077],[-105.36996132599995,48.103390992000072],[-105.37768923499999,48.101786701000037],[-105.38229587399996,48.097193165000078],[-105.38632130299999,48.092283552000026],[-105.39034608099996,48.087373745000036],[-105.39268340799998,48.081868631000077],[-105.39560071999995,48.07667921400008],[-105.40014952399997,48.071732309000026],[-105.40417182999994,48.066821775000051],[-105.40708744199998,48.061631866000027],[-105.41168882799997,48.05703675400008],[-105.41231498899998,48.056714158000034],[-105.41808508399998,48.053741115000037],[-105.42448064599995,48.050445142000058],[-105.43214565299996,48.048485068000048],[-105.43975537499995,48.046172138000031],[-105.44810940099995,48.045231631000036],[-105.45610228899994,48.045384630000058],[-105.46426001199995,48.046594360000029],[-105.47241805899995,48.047803595000062],[-105.48104695699999,48.048623044000067],[-105.48909544999998,48.049126485000045],[-105.49808491899995,48.048850753000067],[-105.50643841199997,48.047906658000045],[-105.51462597199998,48.045904905000043],[-105.52308934599995,48.045664540000075],[-105.53124843399996,48.046870237000064],[-105.53508280999995,48.048101908000035],[-105.53852290499998,48.049206791000074],[-105.54585334299998,48.05189529900008],[-105.55312897399995,48.054231033000065],[-105.56040516299998,48.056566359000044],[-105.56856644799996,48.057769768000071],[-105.57703125699999,48.057526043000053],[-105.58474787299997,48.055909729000064],[-105.59315667199996,48.055312654000033],[-105.60162104099999,48.055067392000069],[-105.60931317699999,48.056658053000035],[-105.61736378199998,48.057153864000043],[-105.62560480699995,48.055497795000065],[-105.63193340499998,48.051839729000051],[-105.63709845999995,48.047551684000041],[-105.63731034299997,48.042191693000063],[-105.63683374099998,48.040877683000076],[-105.63542075099997,48.036981627000046],[-105.63452620999999,48.031344113000046],[-105.63578879399995,48.025908856000058],[-105.64031430099999,48.020953125000062],[-105.64733150599994,48.018313505000037],[-105.65579051899999,48.018064831000061],[-105.66389246599999,48.018910291000054],[-105.67028657299994,48.022372233000056],[-105.67574319899995,48.026613826000073],[-105.68260787799994,48.029685113000028],[-105.68806601799997,48.033926113000064],[-105.69302255999997,48.036854773000073],[-105.69451932699997,48.037739067000075],[-105.70350616499996,48.037449700000082],[-105.71074552199997,48.035580920000029],[-105.71116052699995,48.035473774000081],[-105.71753828899995,48.032163801000081],[-105.72524795799995,48.030539361000081],[-105.73365186999996,48.029933523000068],[-105.74258084299998,48.029289248000055],[-105.75098440999994,48.028682331000027],[-105.75916132599997,48.026665692000051],[-105.76547890699999,48.023001065000074],[-105.77179572899996,48.019336102000068],[-105.77578460799998,48.014413779000051],[-105.78035460399997,48.009805512000071],[-105.78661240599996,48.005787393000048],[-105.79489868099995,48.004473080000025],[-105.80288703699995,48.004605641000069],[-105.81093232499995,48.005090033000045],[-105.81892079699998,48.005221648000031],[-105.82690930199999,48.005352791000064],[-105.83577664299997,48.004350026000054],[-105.84406166399998,48.003032700000063],[-105.85228919099995,48.001362572000062],[-105.85993419199997,47.99937802200003],[-105.86763591499994,47.997745316000078],[-105.87539448699994,47.996464450000076],[-105.88367757899999,47.995144667000034],[-105.89207502699998,47.994528935000062],[-105.90006228599998,47.994655766000051],[-105.90880422399994,47.99615265400007],[-105.91666940299996,47.998782960000028],[-105.92401038699995,48.001451413000041],[-105.93129442099996,48.003767191000065],[-105.93905241999994,48.00248270000003],[-105.94669473499994,48.000493260000042],[-105.95445199299996,47.999207874000035],[-105.96255552999997,48.000035514000047],[-105.97060147199994,48.000510426000062],[-105.97824250899998,47.99851919300005],[-105.98582514599997,47.996175277000077],[-105.99340719999998,47.99383092000005],[-106.00087270499995,47.990781645000027],[-106.00723004199995,47.987457590000076],[-106.01358668599994,47.984133201000077],[-106.02203939499998,47.983861627000067],[-106.03008366399996,47.984333028000037],[-106.03818624899998,47.985156179000057],[-106.04599734099997,47.987426833000029],[-106.05287619599994,47.990479705000041],[-106.06086324699999,47.990597052000055],[-106.06850009199997,47.988600664000046],[-106.07543655999996,47.985586413000078],[-106.08313218399996,47.987150502000077],[-106.09141136499994,47.98902707700006],[-106.09910783299995,47.990590240000074],[-106.10552359899998,47.994031900000039],[-106.11100789699998,47.998256285000082],[-106.11789122599998,48.001305749000039],[-106.12564863599994,48.003219521000062],[-106.13234285599998,48.004576933000067],[-106.13334777199998,48.00478066900007],[-106.14139565399995,48.005245425000055],[-106.14973300099996,48.00426157000004],[-106.15748643799998,48.002964571000064],[-106.15898130499994,48.002572701000076],[-106.16512166499996,48.000962810000033],[-106.17287435599997,47.999664917000075],[-106.18121043199994,47.998679107000044],[-106.18896248999994,47.99738028400003],[-106.19665510099998,47.995728862000078],[-106.20405150299996,47.992316257000027],[-106.21214925699996,47.989919917000066],[-106.22048336599994,47.988931660000048],[-106.22934176699994,47.987903080000081],[-106.23732880199998,47.988010016000032],[-106.24549404299995,47.989172884000027],[-106.25278876999994,47.991471441000044],[-106.25382329499996,47.995393223000065],[-106.25426447899997,47.997065539000062],[-106.25620566399999,48.002267501000063],[-106.26071122799999,48.006917633000057],[-106.26667262799998,48.01074350600004],[-106.27442439499998,48.009439839000038],[-106.27954054799994,48.005126847000042],[-106.28524024799998,48.00112568600008],[-106.28860219099994,47.995875972000078],[-106.29494434499998,47.992538474000071],[-106.29621213799999,47.992162331000031],[-106.30303855699998,47.99013670000005],[-106.31143099099995,47.989494954000065],[-106.31947819699997,47.989949146000072],[-106.32082755499994,47.990279872000031],[-106.32724046799996,47.991851430000054],[-106.33413386299998,47.99488995400003],[-106.34015863899998,47.999064818000079],[-106.33895942999999,48.004506932000027],[-106.33501673599994,48.009445897000035],[-106.33165804099997,48.014696542000081],[-106.32882353799994,48.019906828000046],[-106.32867254399997,48.025268117000053],[-106.33516484799998,48.029050569000049],[-106.34291747799995,48.02774305500003],[-106.35048966699998,48.025378950000061],[-106.35806126899996,48.023014404000037],[-106.36498730199997,48.019985655000028],[-106.37191264599994,48.016956522000044],[-106.37996392499997,48.017407080000055],[-106.38599406499998,48.021579613000029],[-106.39097546599999,48.025832686000058],[-106.39828005499999,48.028123139000058],[-106.40603121099997,48.026812011000061],[-106.41301568499995,48.024132866000059],[-106.41870839399996,48.02012632800006],[-106.42498548799995,48.01643096500004],[-106.42892134399995,48.011489490000031],[-106.43110134999995,48.00561349700007],[-106.43176782599994,48.000211179000075],[-106.43027576399999,47.994619081000053],[-106.42622220199996,47.989581799000064],[-106.42170530899995,47.98493693100005],[-106.41567635099995,47.980765514000041],[-106.41162491499995,47.975727578000033],[-106.40757414799998,47.970689443000026],[-106.40358433199998,47.966003197000077],[-106.40255962799995,47.960017618000052],[-106.40316786399995,47.954262577000065],[-106.40546885899994,47.949090172000069],[-106.40940195399997,47.944148233000078],[-106.41281038899996,47.939246630000071],[-106.41732656399995,47.934615904000054],[-106.42184205499996,47.92998496000007],[-106.42408019299995,47.924459725000077],[-106.42917864899994,47.920139951000067],[-106.43691543699998,47.918826616000047],[-106.44386651399998,47.922212357000035],[-106.45029448099996,47.925638377000041],[-106.45678372099997,47.929416161000063],[-106.46321316999996,47.93284149200008],[-106.46871667699997,47.937052151000046],[-106.47940020799996,47.940502725000044],[-106.48707775599996,47.938834516000043],[-106.49404860699997,47.936150463000047],[-106.50172520699999,47.934481402000074],[-106.50804931999994,47.931133293000073],[-106.51489659499998,47.927743934000034],[-106.52121928699995,47.924395140000058],[-106.52671275499995,47.919326568000031],[-106.52900196999997,47.914151509000078],[-106.52913510499997,47.908788167000068],[-106.52815999999996,47.903154591000032],[-106.52718507299994,47.897520911000072],[-106.52667294999998,47.891494042000033],[-106.52622183699998,47.885819180000055],[-106.52629424899999,47.880103248000069],[-106.53319573699997,47.877064562000044],[-106.53874492799997,47.872346896000067],[-106.53416721199994,47.86735197400003],[-106.52866547199994,47.863143080000043],[-106.52368774999997,47.858892945000036],[-106.52120514699999,47.853733502000068],[-106.52186200699998,47.848328219000052],[-106.52694720799997,47.84400375000007],[-106.53467226199996,47.84268451500003],[-106.54310296899996,47.84238027300006],[-106.55113251199998,47.842820893000066],[-106.55879584099995,47.841148112000042],[-106.56510717799995,47.837796378000064],[-106.56628299199997,47.832349487000045],[-106.56530568399995,47.826714863000063],[-106.56334379599997,47.821514559000036],[-106.56184406399996,47.815920848000076],[-106.56750764799995,47.811905492000051],[-106.57547224999996,47.811992521000036],[-106.58275820499995,47.814274524000041],[-106.59010590999998,47.816908283000032],[-106.59653099599996,47.820328448000055],[-106.60468062299998,47.821470228000067],[-106.61028058499994,47.817100985000081],[-106.60982226799996,47.811425117000056],[-106.60884128699996,47.805790451000064],[-106.60530824799997,47.800714323000079],[-106.60432785299997,47.795079442000031],[-106.60276377099996,47.789133546000073],[-106.60614808799994,47.78422475800005],[-106.61355734099999,47.78113978500005],[-106.62151800599997,47.781224103000056],[-106.62880201499996,47.783503830000029],[-106.63627089599998,47.786839684000029],[-106.64229577399999,47.79100373600005],[-106.64970477499998,47.793986602000075],[-106.65779030999994,47.794773104000058],[-106.66538308699995,47.792741866000028],[-106.66550400999995,47.787376410000036],[-106.66301236099997,47.782218460000081],[-106.66150448899998,47.776625193000029],[-106.65849119299997,47.771508500000039],[-106.65600078099999,47.766350173000035],[-106.65298844999995,47.761233197000081],[-106.65357117499997,47.755473559000052],[-106.65986849899997,47.752116522000051],[-106.66794863899997,47.752902514000027],[-106.67529264499996,47.755532120000055],[-106.68125542099995,47.759342637000032],[-106.68814016499999,47.76236526200006],[-106.69542440699996,47.764641520000055],[-106.70270919299998,47.766917369000055],[-106.71066812799995,47.766996427000038],[-106.71819381399996,47.764609879000034],[-106.72267399699996,47.759966509000037],[-106.72494069599998,47.754785630000072],[-106.72505632899998,47.749419505000049],[-106.72531684199998,47.748195589000034],[-106.72621622799994,47.743969770000035],[-106.72574772199994,47.738293045000034],[-106.72527930099994,47.732616220000068],[-106.72330685299994,47.727416771000037],[-106.72133473999997,47.722217212000032],[-106.72086685099998,47.716540097000063],[-106.71987718499997,47.710904629000026],[-106.72610442199999,47.707191825000052],[-106.73174719999997,47.703168260000041],[-106.73861857699995,47.700117452000029],[-106.74632093299999,47.698785526000052],[-106.75402295299995,47.697453155000062],[-106.76166256599998,47.695768122000061],[-106.76930175899997,47.694082647000073],[-106.77687837499997,47.692044515000077],[-106.78445448799994,47.690005945000053],[-106.79215457799995,47.688671358000079],[-106.80108442399995,47.68830882900005],[-106.80949255599995,47.687987801000077],[-106.81777582499996,47.686961849000056],[-106.82605881799998,47.685935384000061],[-106.83363254099999,47.683894010000074],[-106.84101821699994,47.680795610000075],[-106.84846569999996,47.678048972000056],[-106.85591251699998,47.675301899000033],[-106.86271196599995,47.671892306000075],[-106.86834253799998,47.667862594000042],[-106.87222026399996,47.662903030000052],[-106.87661866899998,47.657900923000057],[-106.88283104099997,47.654180286000042],[-106.89110851999999,47.653149717000076],[-106.89938572199998,47.652118634000033],[-106.90766264699994,47.65108703900006],[-106.91529226299997,47.649393054000029],[-106.92298440699994,47.648050819000048],[-106.93048723999999,47.645651568000062],[-106.93734228999995,47.642590096000049],[-106.94361249099995,47.639218677000031],[-106.95123963999998,47.637522593000028],[-106.95886636799997,47.635826067000039],[-106.96655585999997,47.634481287000028],[-106.97449793699997,47.634544791000053],[-106.98250330799999,47.634960005000039],[-106.99057210999996,47.635726915000077],[-106.99864111599999,47.636493339000026],[-107.00631611399996,47.638006467000025],[-107.01399149199995,47.639519150000069],[-107.02173075399998,47.641383540000049],[-107.02940693299996,47.642895329000055],[-107.03806204399996,47.643968564000033],[-107.04606906899994,47.644379981000043],[-107.05440617499994,47.643691471000068],[-107.06274309399998,47.643002443000057],[-107.07107982399998,47.642312897000068],[-107.07941636699996,47.641622832000053],[-107.08775272399998,47.640932249000059],[-107.09608889299994,47.64024114700004],[-107.10403183999995,47.640297000000032],[-107.11138096899998,47.642903690000026],[-107.11827375499996,47.645905357000061],[-107.12608109899998,47.648115805000032],[-107.13376068299999,47.64962160500005],[-107.14150484999999,47.651479044000041],[-107.14977758899994,47.650432550000062],[-107.15857108599994,47.649342094000076],[-107.16619353299996,47.647633873000075],[-107.17446533399999,47.646585848000029],[-107.18253804299997,47.647341209000047],[-107.19048198299998,47.647391954000057],[-107.19881786699995,47.646694497000055],[-107.20643886499994,47.644983980000063],[-107.21470962199999,47.643933472000072],[-107.22239449599999,47.642574097000079],[-107.23072936099999,47.641874653000059],[-107.23880214299999,47.642626647000043],[-107.24570111999998,47.645621782000035],[-107.25344816199998,47.647472796000045],[-107.26119566999995,47.649323354000046],[-107.26926980299999,47.650073502000055],[-107.27793008699996,47.651131272000043],[-107.28522284799999,47.653376356000081],[-107.29342796799995,47.654829070000062],[-107.30163347699994,47.656281278000051],[-107.30899288999996,47.658877038000071],[-107.31680873299996,47.661076324000078],[-107.32495035799997,47.66217509300003],[-107.33270187499994,47.664021449000074],[-107.34045385699994,47.665867350000042],[-107.34846572199996,47.666260733000058],[-107.35660860099995,47.667357569000046],[-107.36429622099996,47.668850114000065],[-107.37211531299994,47.671046120000028],[-107.38025924899995,47.672141508000038],[-107.38879325599999,47.67248817400008],[-107.39732735999996,47.672834299000044],[-107.40547198199994,47.673928156000045],[-107.41348531299997,47.674317657000074],[-107.42169626099997,47.67576245500004],[-107.42970993399996,47.676150988000074],[-107.43798104199999,47.675086850000071],[-107.44559887499997,47.673362931000042],[-107.45308424799998,47.670934745000068],[-107.45971779799999,47.666791174000025],[-107.46354759799999,47.661814653000079],[-107.46678981899998,47.656530672000031],[-107.46951065099995,47.651291186000037],[-107.47112335599996,47.645788960000061],[-107.47117356199999,47.640420624000058],[-107.47330652399995,47.63487352900006],[-107.47771998699994,47.630203404000042],[-107.48271951799995,47.625840307000033],[-107.48954470899997,47.622750559000053],[-107.49780759099997,47.621682573000044],[-107.50620271199995,47.621317956000041],[-107.51427612599997,47.622053453000035],[-107.52196189399996,47.623537186000078],[-107.52984724799995,47.626076244000046],[-107.53630437299995,47.629453412000032],[-107.53990434999997,47.634507487000064],[-107.54636291399999,47.637884087000032],[-107.55327631699998,47.640863467000031],[-107.56096538199995,47.642344886000046],[-107.56910886199995,47.643428934000042],[-107.57718593399994,47.644160605000081],[-107.58512971099998,47.64418803500007],[-107.59280635399995,47.642807504000075],[-107.60073598799994,47.639973873000031],[-107.60762366999995,47.637230137000074],[-107.61385636199998,47.633827500000052],[-107.62218550499995,47.633103779000066],[-107.63032883899996,47.634184148000031],[-107.63731292799997,47.637511099000051],[-107.64092168699995,47.642562345000044],[-107.64550529099995,47.647170904000063],[-107.65249167999997,47.65049693900005],[-107.65937822899997,47.647750639000037],[-107.66156161899994,47.642552533000071],[-107.66374463899996,47.637354311000081],[-107.66481905299997,47.631894955000064],[-107.66921773299998,47.62721851200007],[-107.67479108199996,47.623154667000051],[-107.68160629999994,47.620055148000063],[-107.68927775299994,47.618669010000076],[-107.69760394899998,47.617940584000053],[-107.70513997899997,47.615849831000048],[-107.70842639899996,47.610911173000034],[-107.71053691199995,47.605359847000045],[-107.71271446899999,47.600160256000038],[-107.71326370999998,47.594745515000056],[-107.71544065899997,47.589545717000078],[-107.71761724099997,47.584345803000076],[-107.72259599999995,47.57997320700008],[-107.72768914999995,47.573443435000058],[-107.72927670499996,47.567936865000036],[-107.73601553699996,47.56448219300006],[-107.74361126999997,47.562740839000071],[-107.75186164399997,47.56165704700004],[-107.76017937899996,47.560924620000037],[-107.76849691599995,47.560191677000034],[-107.77688200199998,47.559810085000038],[-107.78454378899994,47.558418261000043],[-107.78886029899996,47.553385019000075],[-107.78888269999999,47.548015128000031],[-107.79502847899994,47.544251319000068],[-107.80262004199994,47.542506523000043],[-107.81204181499999,47.542030793000038],[-107.81997248299996,47.542044353000051],[-107.82797117599995,47.54240930800006],[-107.83635346799997,47.542023981000057],[-107.84401169399996,47.540628691000052],[-107.85160141999995,47.538881106000076],[-107.85957390199997,47.536383200000046],[-107.86702619299996,47.533931015000064],[-107.87323404899996,47.530515324000078],[-107.87760963299996,47.525830672000041],[-107.88250397499996,47.521099541000069],[-107.88518339799998,47.515849599000035],[-107.88571671399995,47.510432819000073],[-107.88624993599996,47.50501594900004],[-107.88678306599996,47.499598992000074],[-107.88569021799998,47.493968939000069],[-107.88294480199994,47.485264340000072],[-107.88103350899996,47.47541121200004],[-107.87380816399997,47.473496472000079],[-107.86729374599997,47.471769684000037],[-107.84862427299998,47.466818598000032],[-107.63704122399997,47.400757011000053],[-107.35532746599995,47.308484234000048],[-107.09178577199998,47.221901057000025],[-106.81464927499997,47.130282296000075],[-106.79842112499995,47.124930992000031],[-106.55834089599995,47.045414480000034],[-106.43414978999999,47.003006285000026],[-106.32892241399998,46.966933531000052],[-106.11994598699994,46.897847035000041],[-105.98748258699999,46.85379998600007],[-105.84081109199997,46.804794789000027],[-105.83047720099995,46.802585044000068],[-105.81643274799995,46.798862464000081],[-105.80585759299998,46.797861153000042],[-105.79456402399995,46.79780660800003],[-105.78365312199998,46.797424634000038],[-105.77269603899998,46.796747135000032],[-105.76216820999997,46.796036955000034],[-105.75183855799997,46.793821017000027],[-105.74261194699994,46.79033056600008],[-105.73257455199996,46.78719744700004],[-105.72402359399996,46.782463675000031],[-105.71518310899995,46.77864489600006],[-105.70494996499997,46.77701452000008],[-105.69529956499997,46.773552202000076],[-105.68837697599997,46.768100356000048],[-105.68183855899997,46.762321870000051],[-105.67606727099997,46.755890593000061],[-105.66757066999998,46.751447473000042],[-105.65639425799998,46.749286758000039],[-105.64717956599998,46.745789239000032],[-105.63834897199996,46.741964954000025],[-105.63262965099995,46.735826154000051],[-105.62447637399998,46.730759215000035],[-105.61555824999999,46.726343788000065],[-105.60587515999998,46.722579740000072],[-105.59527089499994,46.721266651000064],[-105.58797965799994,46.716134785000065],[-105.57915687899998,46.712306244000047],[-105.56923080599995,46.709749608000038],[-105.55829145099995,46.709054194000032],[-105.54798342899994,46.706821830000081],[-105.53907412499996,46.70240096200007],[-105.52915126699997,46.699841248000041],[-105.51830417799994,46.699732078000068],[-105.50775062699995,46.698706678000065],[-105.49753600599996,46.697059909000075],[-105.48718723899998,46.69452792900006],[-105.47683931099999,46.691995121000048],[-105.47620169599998,46.699193936000029],[-105.47114398899998,46.705816647000063],[-105.46513842299998,46.711911088000079],[-105.45818487299994,46.717477154000051],[-105.45174824999998,46.723601590000044],[-105.44801687499995,46.730425455000045],[-105.45166324799999,46.737315757000033],[-105.44750222799996,46.744170128000064],[-105.44058822999995,46.75002956700007],[-105.43504902999996,46.756385963000071],[-105.43487959299995,46.763847402000067],[-105.43423640699996,46.771044640000071],[-105.43187683599996,46.778364562000036],[-105.42495758399997,46.784222650000061],[-105.41652644599998,46.788698476000036],[-105.40658365599995,46.791791802000034],[-105.39542523599994,46.79258746000005],[-105.38431101199996,46.793676936000054],[-105.37367002999997,46.795029730000067],[-105.36298420599996,46.79608689500003],[-105.35178013799998,46.796584095000071],[-105.33615077399998,46.796500008000066],[-105.32524304799995,46.796080239000048],[-105.31395038299996,46.795984677000035],[-105.30274594299999,46.796477726000035],[-105.29201462899994,46.797234368000034],[-105.28141504199999,46.798874518000048],[-105.27050727299996,46.798450241000069],[-105.25925815699998,46.798644809000052],[-105.24864833899994,46.797304184000041],[-105.23804760299998,46.798940859000027],[-105.22749005399999,46.800871489000031],[-105.21744857999994,46.80336088100006],[-105.20848330499996,46.807263599000066],[-105.20097960499999,46.812255059000051],[-105.19351829699997,46.817540834000056],[-105.18652877599999,46.823091015000045],[-105.17953801099998,46.82864074500003],[-105.17061022899998,46.832835433000071],[-105.16107783099994,46.835880083000063],[-105.15120170799997,46.839543417000073],[-105.14136779099994,46.843500782000035],[-105.13131601799995,46.845983354000055],[-105.12070393599998,46.847610416000066],[-105.10953193699999,46.848381844000073],[-105.09900322899995,46.847619027000064],[-105.08843165899998,46.846560552000028],[-105.07760301899998,46.846710069000039],[-105.06686036199994,46.847448350000036],[-105.05607448399996,46.847890931000052],[-105.04541719999997,46.849217125000052],[-105.04498746799999,46.849246569000059],[-105.02659271399995,46.854078704000074],[-105.01709283499997,46.857407641000066],[-105.00707662299999,46.860175520000041],[-104.99912058099994,46.86518413400006],[-104.99112058299994,46.869897369000057],[-104.98268943799997,46.874639302000048],[-104.97425700999997,46.879380637000054],[-104.96625330999996,46.884092192000026],[-104.95824839999995,46.888803203000066],[-104.94925463399994,46.892687451000029],[-104.94077476399997,46.897131601000069],[-104.93375382299996,46.902667227000052],[-104.92574406799997,46.907376037000063],[-104.91541257899996,46.911050121000073],[-104.90795755299996,46.916613187000053],[-104.90097378099995,46.922441599000081],[-104.89626724199996,46.929009247000067],[-104.88971138299996,46.934807915000079],[-104.88074889499995,46.938981839000064],[-104.87273045699999,46.943686981000042],[-104.86162240899995,46.945026919000043],[-104.85158519899994,46.94778238400005],[-104.84407803199997,46.953046492000055],[-104.83562442899995,46.957777993000036],[-104.82807273999998,46.962746246000052],[-104.82150697199995,46.968541009000035],[-104.81541259799997,46.974601471000028],[-104.81249990399999,46.981640041000048],[-104.81096277499995,46.989181988000041],[-104.80804889599995,46.996220178000044],[-104.80470344399998,47.003286821000074],[-104.80290184199998,47.007091615000036],[-104.80135723299998,47.010353242000065],[-104.80020718599997,47.017571056000065],[-104.79823660999995,47.025140744000055],[-104.79579257799998,47.032444103000046],[-104.79511450299998,47.039927571000078],[-104.79396318399995,47.047144743000047],[-104.79061338699995,47.054210038000065],[-104.78678967199994,47.061008958000059],[-104.78434287999994,47.068311382000047],[-104.78008618899997,47.075138422000066],[-104.77716477499996,47.082174265000049],[-104.77251660899998,47.089324077000072],[-104.76868874699994,47.096121814000071],[-104.76119835299994,47.101673796000057],[-104.75319154699997,47.10666431900006],[-104.74681196399996,47.113926635000041],[-104.73927581299995,47.119182401000046],[-104.73173838499997,47.124437663000037],[-104.72415809499995,47.129397717000074],[-104.71803840999996,47.135451011000043],[-104.71191753199997,47.141503923000073],[-104.70579545599998,47.147556451000071],[-104.70061916999998,47.154141380000056],[-104.70036033799994,47.161593525000058],[-104.69876361699994,47.16883572200004],[-104.69850449999996,47.176287556000034],[-104.69958346699997,47.183949020000057],[-104.70062118599998,47.191315650000035],[-104.70079451599997,47.198738718000072],[-104.69919688899995,47.205980163000049],[-104.69496285499997,47.21309649300008],[-104.68973845799997,47.219385146000036],[-104.68451299799995,47.225673483000037],[-104.67794736299999,47.231751539000072],[-104.67414173299994,47.238838467000051],[-104.66559475799994,47.243260751000037],[-104.66312646799997,47.250557210000068],[-104.65836977099997,47.257110413000078],[-104.65369474499994,47.264252556000031],[-104.64708067499998,47.270033819000048],[-104.63702249199997,47.273065178000081],[-104.62646871499999,47.27256036700004],[-104.61575045599994,47.27087623400007],[-104.60530118599996,47.267984742000067],[-104.59721921899995,47.272668920000058],[-104.59016604599998,47.278475179000054],[-104.58057765699999,47.281768899000042],[-104.57039143999998,47.283911273000058],[-104.55933853199997,47.286108526000078],[-104.54863614299995,47.287687796000057],[-104.53793320699998,47.289266202000078],[-104.52842188499994,47.293145330000073],[-104.51775820199998,47.29501672400005],[-104.51018054199994,47.300256827000055],[-104.50678463499997,47.307309918000044],[-104.49873069799997,47.312282227000026],[-104.48921337499996,47.316158310000048],[-104.48348549799999,47.322170012000072],[-104.47874479699999,47.329010079000057],[-104.47486980499997,47.335794737000072],[-104.46827186299998,47.341860555000039],[-104.46068425799996,47.347097149000035],[-104.45692752899998,47.354764730000056],[-104.45028536399997,47.36053473700008],[-104.44273433999996,47.366064623000057],[-104.43415321299995,47.370470468000065],[-104.42892930399995,47.377040650000026],[-104.42232243799998,47.383103481000035],[-104.41614805499995,47.389138521000064],[-104.41044655399998,47.395440409000059],[-104.40521800899995,47.402009191000047],[-104.39765786999999,47.40753587100005],[-104.38906775499999,47.411938297000063],[-104.38051655199996,47.416634685000076],[-104.37800762699999,47.423922213000026],[-104.37901098599997,47.431286249000038],[-104.37559286899995,47.438333339000053],[-104.36854000199997,47.444419663000076],[-104.36144567599996,47.450210962000028],[-104.35430997899999,47.455707242000074],[-104.34958469999998,47.462834625000028],[-104.34663585499999,47.470147724000071],[-104.34412074599999,47.477433482000038],[-104.34022160399996,47.484211319000053],[-104.33493806899997,47.490481142000078],[-104.33285532599996,47.497739168000066],[-104.33077209199996,47.504997007000043],[-104.32872831899999,47.512549163000074],[-104.32620935699998,47.519833683000058],[-104.32234548699995,47.526904650000063],[-104.31978525899996,47.533894256000053],[-104.31453527999997,47.540456845000051],[-104.30928417999996,47.547019101000046],[-104.30494180099998,47.55382153000005],[-104.30241833199995,47.56110471900007],[-104.30210959799996,47.56854730200007],[-104.29728991799999,47.575081569000076],[-104.28775906999999,47.579234803000077],[-104.27814742299995,47.582798394000065],[-104.27649010999994,47.590026676000036],[-104.27028064699999,47.596051333000048],[-104.26165508399998,47.60044315600004],[-104.25203860799996,47.604004656000029],[-104.24721082499997,47.610536440000033],[-104.24467818599999,47.617817322000064],[-104.24388703299996,47.624990876000027],[-104.23620579799996,47.629915971000059],[-104.22951319299995,47.635670366000056],[-104.22899796999997,47.638373658000035],[-104.22428440899995,47.642521867000028],[-104.21913452699994,47.646696563000035],[-104.21723148999996,47.652156259000037],[-104.21441708499998,47.657374804000028],[-104.21021583499999,47.662084413000059],[-104.20458806699997,47.665990574000034],[-104.19852372499997,47.66992308600004],[-104.19289449399997,47.673828666000077],[-104.18579929299995,47.676636139000038],[-104.17826750799998,47.679469780000034],[-104.17117098599999,47.682276433000027],[-104.16411308899995,47.685377091000078],[-104.15943078699996,47.689816841000038],[-104.15613444299998,47.694765687000029],[-104.15331288799996,47.699982287000068],[-104.15140233999995,47.705440182000075],[-104.15028064299997,47.713520924000079],[-104.14888407799998,47.719540838000057],[-104.14740879899995,47.724971887000038],[-104.14728141399996,47.730617818000042],[-104.14624207799994,47.736022211000034],[-104.14341778299996,47.741237957000067],[-104.13972014999996,47.746506439000029],[-104.13411931299999,47.750703013000077],[-104.12855685799997,47.755193650000081],[-104.12386664699994,47.75963123300005],[-104.11822442099998,47.763532637000026],[-104.11163014499999,47.766897761000052],[-104.10598646999995,47.770798566000053],[-104.09557555799995,47.777766662000033],[-104.08958863299995,47.783798541000067],[-104.08543828599994,47.787979134000068],[-104.07783982399997,47.793081975000064],[-104.07308925299998,47.802349689000039],[-104.06549601399996,47.813461474000064],[-104.07102136199995,47.879168221000043],[-104.07415657299998,47.943322211000066],[-104.07373701599994,47.957200973000056],[-104.07160354299998,48.019947136000042],[-104.13483538399998,48.022487022000064],[-104.14248413899998,48.024160880000068],[-104.14970182199994,48.02657187300008],[-104.15706213799996,48.030041201000074],[-104.16289217899998,48.033958365000046],[-104.16776541099995,48.038644641000076],[-104.17110809199994,48.043779026000038],[-104.17344621199999,48.049329785000054],[-104.17525840999997,48.054912240000078],[-104.17754983799995,48.060109863000037],[-104.18189986099998,48.064827088000072],[-104.18821372299999,48.068358018000026],[-104.19682740099995,48.06925908900007],[-104.20506001999996,48.067336787000045],[-104.21032618899994,48.063103849000072],[-104.21391713599996,48.05826088200007],[-104.21640716799999,48.05312887000008],[-104.22047557299999,48.047900714000036],[-104.22459103299997,48.043025226000054],[-104.23037992299999,48.03875916100003],[-104.23506791699998,48.034204048000049],[-104.24209881499996,48.031284765000066],[-104.24970300899997,48.028685849000055],[-104.25740241899996,48.02679224700006],[-104.26586729399997,48.026630407000027],[-104.27390213199999,48.027206005000039],[-104.28198519799997,48.028133996000065],[-104.29064269799994,48.029382088000034],[-104.29882265999998,48.031014798000058],[-104.30647697299997,48.03267935000008],[-104.31417997299997,48.03469631300004],[-104.32150230799999,48.037803766000081],[-104.32734365199997,48.041713754000057],[-104.33414132499996,48.044852878000029],[-104.34046192999995,48.048376933000043],[-104.34726102199994,48.051515335000033],[-104.35539694699997,48.052791696000043],[-104.36338750899995,48.053009124000027],[-104.37180712299994,48.052487864000057],[-104.38022659199999,48.051966079000067],[-104.38917211899997,48.051411109000071],[-104.39764005499995,48.051241048000065],[-104.40582581099994,48.052867185000025],[-104.41305728399999,48.055263922000051],[-104.41938353199998,48.058784181000078],[-104.42780346099994,48.058259452000073],[-104.43612526099997,48.057028632000026],[-104.44387147799995,48.055477391000068],[-104.45156822099995,48.053572917000054],[-104.45998715399998,48.053046179000034],[-104.46898128699996,48.052838724000026],[-104.47669220199998,48.054846319000035],[-104.48211743499996,48.059487955000066],[-104.48601399999995,48.064581184000076],[-104.49048683999996,48.069993916000044],[-104.49681909099996,48.073510398000053],[-104.50119477299995,48.078217150000057],[-104.50404129899994,48.083375747000048],[-104.50989872299999,48.087277301000029],[-104.51794384099998,48.087838317000035],[-104.52631739499998,48.086954796000043],[-104.53334038599996,48.084020898000063],[-104.54103793599995,48.082111516000055],[-104.54988706899996,48.080840555000066],[-104.55835863399994,48.080660470000055],[-104.56660239099995,48.082629457000053],[-104.57294034999995,48.08614224400003],[-104.57927903799998,48.089654696000025],[-104.58692596699996,48.087390046000053],[-104.59447246299999,48.084419558000036],[-104.60264452199999,48.082120527000029],[-104.61028963599995,48.079854506000061],[-104.61808436799998,48.07864612000003],[-104.62703161499996,48.078075500000068],[-104.63507658799995,48.078629584000055],[-104.64337275999998,48.080946601000051],[-104.65029156999998,48.084774820000064],[-104.65721124899994,48.088602642000069],[-104.66207649399996,48.092917611000075],[-104.66441088099998,48.098106312000027],[-104.66358665499996,48.10349726000004],[-104.66170918099999,48.108955545000072],[-104.65983137099994,48.114413710000065],[-104.65742657599998,48.119905452000069],[-104.65717845999995,48.125614921000079],[-104.66204666299996,48.12992938900004],[-104.66906806299994,48.126988863000065],[-104.67315288499998,48.122101024000074],[-104.67502973699999,48.116642806000073],[-104.67585312699998,48.11125201200008],[-104.67504640299995,48.105609789000027],[-104.67912930899996,48.100721441000076],[-104.68321155999996,48.095832895000058],[-104.69348739799995,48.093393258000049],[-104.70128220899994,48.092180142000075],[-104.70932971899998,48.092729796000071],[-104.71805572299996,48.094302957000082],[-104.72572937099994,48.095943481000063],[-104.73345417999997,48.097936192000077],[-104.74075464899994,48.100667720000047],[-104.74710452299996,48.104172164000033],[-104.75303037799995,48.108415563000051],[-104.75943267699995,48.112271949000046],[-104.76626043599998,48.115388675000077],[-104.77414203899997,48.118436731000031],[-104.78097124599998,48.121552656000063],[-104.78827667899998,48.12428142400006],[-104.79600713299999,48.126270396000052],[-104.80448426299995,48.126074964000054],[-104.81343671599996,48.125492134000069],[-104.82113068499996,48.123567114000082],[-104.82751446899994,48.119947525000043],[-104.83578517999996,48.118339854000055],[-104.84352893799996,48.116766091000045],[-104.85132373999994,48.115544444000079],[-104.85911822899999,48.114322343000026],[-104.86749041399997,48.113417841000057],[-104.87591393599996,48.112865379000027],[-104.88396574199999,48.113404637000031],[-104.89164625899997,48.115035675000058],[-104.89937891199997,48.117018816000041],[-104.90809597699996,48.116445063000072],[-104.90832911799998,48.116429710000034],[-104.91412871299997,48.112488091000046],[-104.91708825199999,48.107309537000049],[-104.91952094099997,48.102165552000031],[-104.91979617899995,48.09680776700003],[-104.91896703999998,48.091166758000043],[-104.91713744499998,48.08594763800005],[-104.91846514399998,48.080520161000038],[-104.91926649199996,48.075127298000041],[-104.91954162899998,48.069769059000066],[-104.91981671899998,48.064410729000031],[-104.92277343899997,48.059231271000044],[-104.92851481199995,48.054935724000075],[-104.93546279499998,48.051628129000051],[-104.94319549299996,48.050048349000065],[-104.95166153299999,48.049843677000069],[-104.95970567699999,48.050378546000047],[-104.96701056999996,48.053098295000041],[-104.97336848099997,48.056592659000046],[-104.98162230799994,48.058536546000028],[-104.98982446099996,48.060127343000033],[-104.99802704299998,48.061717637000072],[-105.00570408999994,48.063342482000053],[-105.01422410899994,48.063486474000058],[-105.02258699099997,48.062572259000035],[-105.03037125099996,48.061340120000068],[-105.03810271699996,48.059754974000043],[-105.04583377799997,48.058169379000049],[-105.05356443899996,48.056583336000074],[-105.06176794399994,48.054609021000033],[-105.06876129599999,48.05164714700004],[-105.07575396999994,48.048684886000046],[-105.08342991699999,48.046744538000041],[-105.09178946099996,48.045826005000038],[-105.10025440299995,48.045612049000056],[-105.10893079099998,48.046807734000026],[-105.11587488699996,48.050612558000068],[-105.12224106899998,48.054099961000077],[-105.12718942799995,48.058751180000058],[-105.13166567699994,48.063790209000047],[-105.13556368099995,48.068512061000035],[-105.13951536699994,48.073586233000071],[-105.14546553399998,48.077812858000073],[-105.15136337399997,48.081686680000075],[-105.15910021799999,48.083655219000036],[-105.16725712599998,48.084882675000074],[-105.17494159499995,48.086497816000076],[-105.18262647199998,48.088112514000045],[-105.19073106399998,48.088986074000047],[-105.19883588699997,48.089859147000027],[-105.20694094199996,48.090731733000041],[-105.21509976199997,48.091956284000048],[-105.22147594599994,48.09543857400007],[-105.22538293999997,48.100157374000048]]]]},"properties":{"OBJECTID":14,"type":"unceded land","date_open":"","COUNT":17,"SHAPE_Length":132.74216127468077,"SHAPE_Area":106.0860766767222}},{"type":"Feature","id":15,"geometry":{"type":"Polygon","coordinates":[[[-96.470513690999951,42.00045779800007],[-96.176922068999943,41.999599228000079],[-96.177737884999942,42.004980076000038],[-96.180154313999992,42.009162533000051],[-96.180167030999939,42.013946498000053],[-96.179377820999946,42.018731621000029],[-96.178588497999954,42.023516714000039],[-96.176193421999983,42.027706122000041],[-96.17379804899997,42.031895464000058],[-96.169798109999988,42.036086984000065],[-96.163383906999968,42.037291712000069],[-96.159383003999949,42.041482866000081],[-96.164203449999945,42.044466355000054],[-96.169826591999936,42.047448530000054],[-96.175448677999952,42.04983246300003],[-96.181069563999984,42.051618163000057],[-96.185092599999962,42.055797917000064],[-96.189117803999977,42.060575482000047],[-96.193141867999941,42.06475492900006],[-96.196363905999988,42.068935518000046],[-96.200387146999958,42.072516731000064],[-96.203609999999969,42.076697094000053],[-96.205229734999989,42.081478013000037],[-96.207652426999971,42.086257520000061],[-96.21087638399996,42.090437628000075],[-96.214102630999946,42.09521557000005],[-96.217327412999964,42.099395465000043],[-96.220554542999992,42.10417319000004],[-96.226183129999981,42.106554636000055],[-96.227805172999979,42.111335096000062],[-96.222996864999971,42.114333636000026],[-96.218190058999937,42.117929903000061],[-96.218207413999949,42.123311213000079],[-96.222235043999945,42.126891490000048],[-96.227865579999957,42.129272798000045],[-96.234303921999981,42.13284813000007],[-96.238335078999967,42.137025750000078],[-96.242364590999955,42.140605308000033],[-96.247195759999954,42.143585187000042],[-96.25282856299998,42.145965299000068],[-96.259262937999949,42.147745537000048],[-96.265699998999992,42.150123335000046],[-96.270532875999947,42.153102259000036],[-96.276169736999975,42.15607916700003],[-96.280202386999974,42.159657399000025],[-96.285041626999941,42.163831505000076],[-96.285044146999951,42.164429397000049],[-96.295538714999964,42.175166568000066],[-96.512287545999982,42.175760913000033],[-96.512042981999969,42.143475625000065],[-96.691374171999939,42.143936583000027],[-96.676221726999984,42.126723194000078],[-96.653167796999981,42.106640488000039],[-96.640931939999973,42.096601088000057],[-96.629393851999964,42.084429516000057],[-96.601339375999942,42.060639151000032],[-96.576244136999946,42.046932749000064],[-96.572631671999943,42.041631419000055],[-96.550385208999955,42.025778675000026],[-96.528957739999953,42.022150639000074],[-96.51748493599996,42.014222170000039],[-96.506763679999949,42.011076122000077],[-96.488935499999968,42.011148964000029],[-96.479634719999979,42.006931111000029],[-96.470513690999951,42.00045779800007]]]},"properties":{"OBJECTID":15,"type":"reservation","date_open":"1882-08-07","COUNT":1,"SHAPE_Length":1.2591504196630428,"SHAPE_Area":0.065666137163435986}},{"type":"Feature","id":16,"geometry":{"type":"Polygon","coordinates":[[[-94.525478034999992,33.652795153000056],[-94.517674786999976,33.65459968600004],[-94.513237698999944,33.65950693800005],[-94.511230600999966,33.668651016000069],[-94.509522714999946,33.67416881500003],[-94.505788214999939,33.678130165000027],[-94.50028567399994,33.679009767000025],[-94.49186950099994,33.676982525000028],[-94.483766127999957,33.670755289000056],[-94.477933226999937,33.665323612000066],[-94.476888223999936,33.678439703000038],[-94.473835296999937,33.716733164000061],[-94.461102499999981,33.876048919000027],[-94.458389736999948,33.921405961000062],[-94.455043854999985,34.032768334000025],[-94.452984632999971,34.080832665000059],[-94.449732869999991,34.186901682000041],[-94.447868786999948,34.225118480000049],[-94.440562611999951,34.456903604000047],[-94.438637571999948,34.497523326000078],[-94.434827973999973,34.611231628000041],[-94.432933294999941,34.650065507000079],[-94.430526634999978,34.747908463000044],[-94.429932239999971,34.776302557000065],[-94.427294108999945,34.884800849000044],[-94.42347663399994,34.911000215000058],[-94.42198037999998,34.999194842000065],[-94.419926917999987,35.02757577400007],[-94.416186835999952,35.066819539000051],[-94.41420484799994,35.143057570000053],[-94.409526879999987,35.260063316000071],[-94.409102430999951,35.297870770000031],[-94.408964246999972,35.310171496000066],[-94.408717293999985,35.332144602000028],[-94.408455803999971,35.361458052000046],[-94.413230354999939,35.408030819000032],[-94.416000217999965,35.426298603000077],[-94.419629697999937,35.445155930000055],[-94.562526053999989,36.180205300000068],[-94.626773464999985,36.510639126000058],[-94.626676155999974,36.619004690000054],[-94.62654330099997,36.766451369000038],[-94.626503003999971,36.811060145000056],[-94.626486435999936,36.829384842000024],[-94.626449639999976,36.870049662000042],[-94.626410684999939,36.913054601000056],[-94.626309295999988,37.02474647400004],[-94.935976453999956,37.016247589000045],[-94.964031441999964,37.015435711000066],[-95.021001182999953,37.013765647000071],[-95.04425908799999,37.013075588000049],[-95.560327314999938,37.015534323000054],[-95.755074085999979,37.008288439000069],[-95.881125292999968,37.003419277000035],[-96.001938258999985,37.002974313000038],[-96.00277435299995,36.945018840000046],[-96.004059715999972,36.855744431000062],[-96.002036425999961,36.455204106000053],[-96.001659336999978,36.167029606000028],[-95.751383436999959,36.167831378000074],[-95.393729829999984,36.169496379000066],[-95.394620041999985,36.061152243000038],[-95.395972469999947,35.895959058000074],[-95.396134909999944,35.892934039000068],[-95.397141903999966,35.892581806000067],[-95.396253257999945,35.890729963000069],[-95.392459892999966,35.882823898000026],[-95.388658349999957,35.873702018000074],[-95.386640546999956,35.865317965000031],[-95.384156846999986,35.859236945000077],[-95.37515648599998,35.848265769000079],[-95.374198415999956,35.838188750000029],[-95.37323854999994,35.828354479000041],[-95.373497460999943,35.815372217000061],[-95.366823882999938,35.811815614000068],[-95.358068934999949,35.80517310700003],[-95.367541287999984,35.779994156000043],[-95.39807006999996,35.706076107000058],[-95.436854627999992,35.612848976000066],[-95.450510252999948,35.579967415000056],[-95.510799188999954,35.434140343000024],[-95.566418427999963,35.297973642000045],[-95.554788908999967,35.273615363000033],[-95.561832871999968,35.270283164000034],[-95.569810514999972,35.263040560000036],[-95.576566679999985,35.255563079000069],[-95.580794533999949,35.250698078000028],[-95.584244336999973,35.245987291000063],[-95.584581884999977,35.245854769000061],[-95.59030321299997,35.240110214000026],[-95.596972652999966,35.23640215000006],[-95.608360584999957,35.236515453000038],[-95.62741207199997,35.237657196000043],[-95.641058756999939,35.237989379000055],[-95.656442699999957,35.230643479000037],[-95.664211216999945,35.225716033000026],[-95.671553949999975,35.226886507000074],[-95.675783094999986,35.229911378000054],[-95.676402715999984,35.238385394000034],[-95.672514121999939,35.247274628000071],[-95.669336140999974,35.253581835000034],[-95.672813712999982,35.258760356000039],[-95.681222282999954,35.257062135000069],[-95.689291207999986,35.25277823700003],[-95.693882763999966,35.242741843000033],[-95.697061706999989,35.235572660000059],[-95.699173212999938,35.229021449000072],[-95.705900847999942,35.212627475000033],[-95.711170595999988,35.206899177000025],[-95.723072569999943,35.204632727000046],[-95.739507001999982,35.206395256000064],[-95.749989844999959,35.20753602800005],[-95.753571503999979,35.204545307000046],[-95.757880733999968,35.198889261000033],[-95.764603085999966,35.19676004300004],[-95.773555086999977,35.197391206000077],[-95.780826562999948,35.198630820000062],[-95.786040119999939,35.202009720000035],[-95.792376494999985,35.204318631000035],[-95.800376760999939,35.21244891300006],[-95.808018188999938,35.21567804600005],[-95.816972828999951,35.21630570800005],[-95.824815275999981,35.213868397000056],[-95.835094206999941,35.206227978000072],[-95.844986171999949,35.204251666000062],[-95.858045512999979,35.204116058000068],[-95.869799710999985,35.203518012000075],[-95.878760127999954,35.200006366000025],[-95.887548744999947,35.186158157000079],[-95.894084298999985,35.180805407000037],[-95.900620750999963,35.174074234000045],[-95.913318819999972,35.159232528000075],[-95.921340978999979,35.154491931000052],[-95.928239171999962,35.154343505000043],[-95.942781088999936,35.154198865000069],[-95.951541150999958,35.157724709000036],[-95.958997475999979,35.160177580000038],[-95.968692638999983,35.160486981000076],[-95.980811804999973,35.160489746000053],[-95.991812294999988,35.160337991000063],[-96.000388910999959,35.158960248000028],[-96.021080400999949,35.145177888000035],[-96.044927159999986,35.12228049600003],[-96.054425260999949,35.114161409000076],[-96.059262263999983,35.104513088000033],[-96.06279350799997,35.094252974000028],[-96.07042361799995,35.086286889000064],[-96.078611956999964,35.079391673000032],[-96.090528930999938,35.077086001000055],[-96.103926316999946,35.068500456000038],[-96.110425991999989,35.056322604000059],[-96.117490088999944,35.04927273100003],[-96.128829894999967,35.039614889000063],[-96.135888448999935,35.031339192000075],[-96.140337085999988,35.021535509000046],[-96.144782777999978,35.010813189000032],[-96.151841199999978,35.004680003000033],[-96.158352325999942,35.004211582000039],[-96.166167812999959,35.004659377000053],[-96.175653986999976,35.003419960000031],[-96.181596275999937,34.998664505000079],[-96.193854199999976,34.990529858000059],[-96.199992191999968,34.990212732000032],[-96.209293806999938,34.99034858400006],[-96.21730218099998,34.993548014000055],[-96.228106042999968,34.998118959000067],[-96.238354035999976,35.002996256000074],[-96.245806315999971,35.00604177200006],[-96.256969560999948,35.005863270000077],[-96.271352598999954,35.001927975000058],[-96.283422378999944,35.003332902000068],[-96.296222249999971,35.005452180000077],[-96.31107984099998,35.012826804000042],[-96.323756421999974,35.019488273000036],[-96.333957044999977,35.024720574000071],[-96.345450629999959,35.026240116000054],[-96.355758686999991,35.022978026000033],[-96.36256493999997,35.017334414000061],[-96.371585335999953,35.007914455000048],[-96.375602671999957,34.997375722000072],[-96.383340889999943,34.975820782000028],[-96.396028688999991,34.95711847900003],[-96.406403363999971,34.941533108000044],[-96.416204868999955,34.928101869000045],[-96.427436931999978,34.911554989000024],[-96.436410020999972,34.906736159000047],[-96.448605532999977,34.906926421000037],[-96.457922613999983,34.911193470000057],[-96.466178482999965,34.914024226000038],[-96.471017053999958,34.915682881000066],[-96.480021573999977,34.916122444000052],[-96.493598030999976,34.905299163000052],[-96.502572530999942,34.901431689000049],[-96.510694785999988,34.900437647000047],[-96.523406536999971,34.891528297000036],[-96.532961770999975,34.888133997000068],[-96.541975456999978,34.89024270200008],[-96.551946421999958,34.894159691000027],[-96.553192381999963,34.905634291000069],[-96.55386505499996,34.918068656000059],[-96.559124004999944,34.922347540000032],[-96.56618509599997,34.923228952000045],[-96.566043602999969,34.938831880000066],[-96.564998585999945,35.053876713000079],[-96.564779724999937,35.198139876000027],[-96.565897726999935,35.307091963000062],[-96.565169844999957,35.379481271000031],[-96.565292529999965,35.395633475000068],[-96.561666607999939,35.399241434000032],[-96.571187864999956,35.402184143000056],[-96.580700536999984,35.403929566000045],[-96.589440296999953,35.400293924000039],[-96.596011328999964,35.399660571000027],[-96.603356543999951,35.404406983000058],[-96.615052471999945,35.404941053000073],[-96.630396981999979,35.404854962000059],[-96.635368597999957,35.406862970000077],[-96.640386357999944,35.40493181800008],[-96.644618428999991,35.401736800000037],[-96.650050504999967,35.402973325000062],[-96.655872783999939,35.40452433400003],[-96.661695304999967,35.406075040000076],[-96.667099553999947,35.404140372000029],[-96.672899338999969,35.403154203000042],[-96.677950539999983,35.405025783000042],[-96.683001994999984,35.406897135000065],[-96.688813524999944,35.407178277000071],[-96.692653467999946,35.403666789000056],[-96.698086481999951,35.404900964000035],[-96.702760179999984,35.407724960000053],[-96.708580907999988,35.408956175000071],[-96.714386606999938,35.408601905000069],[-96.717137069999978,35.41270589800007],[-96.71524644699997,35.417473955000048],[-96.714517536999949,35.422234528000047],[-96.713791576999938,35.427312159000053],[-96.712287737999986,35.432077738000032],[-96.71542634399998,35.436179376000041],[-96.720490070999972,35.439000210000074],[-96.725935412999945,35.441184197000041],[-96.731374839999944,35.442733831000055],[-96.737192495999977,35.443329494000068],[-96.741032019999977,35.439816216000054],[-96.742149952999966,35.435369846000071],[-96.742486694999968,35.43029458400008],[-96.74282655899998,35.425536384000054],[-96.747055397999986,35.42233740100005],[-96.750893373999986,35.418823850000024],[-96.75201040099995,35.414377467000065],[-96.752346376999981,35.409302271000058],[-96.754624854999975,35.404848021000078],[-96.757293490999984,35.400708132000034],[-96.76191073199999,35.397823045000052],[-96.768099222999979,35.397146281000062],[-96.771798304999948,35.398414076000051],[-96.776474535999967,34.899364708000064],[-96.778523447999987,34.900632042000041],[-96.794939256999953,34.904533339000068],[-96.807906843999945,34.911614862000079],[-96.816350185999966,34.919015537000064],[-96.823756065999987,34.926997459000063],[-96.838153275999957,34.936648313000035],[-96.856286704999945,34.93737021000004],[-96.869806104999952,34.930949608000049],[-96.882710863999989,34.93170824300006],[-96.89392133399997,34.936497673000076],[-96.91323745599999,34.948395320000031],[-96.928354695999985,34.95860288700004],[-96.945078020999972,34.957599818000062],[-96.959294316999944,34.951449160000038],[-96.972406625999952,34.941000743000075],[-96.997257064999985,34.922408232000066],[-97.005453656999975,34.91800672100004],[-97.012480498999992,34.914232478000031],[-97.019444977999967,34.913881300000071],[-97.033381668999937,34.913751628000057],[-97.045271900999978,34.916797040000063],[-97.058589349999977,34.922123837000072],[-97.072199608999938,34.923427622000077],[-97.08378604699999,34.929342342000041],[-97.098128731999964,34.932932129000051],[-97.110666300999981,34.932232547000069],[-97.12486845899997,34.926347741000029],[-97.139508585999977,34.926484555000059],[-97.154483954999989,34.925754779000044],[-97.16777941099997,34.929059430000052],[-97.180066756999963,34.934669693000046],[-97.19125551999997,34.936845877000053],[-97.201311807999957,34.933579286000054],[-97.213476743999991,34.931436812000072],[-97.225720894999938,34.934171994000053],[-97.234561285999973,34.94182389100007],[-97.240247299999965,34.948362428000053],[-97.251836453999942,34.953398632000074],[-97.260241297999983,34.955599461000077],[-97.272771361999958,34.954307434000043],[-97.283268543999952,34.95648237100005],[-97.290035523999961,34.964728318000027],[-97.296759211999984,34.970390846000043],[-97.304469930999971,34.972596534000047],[-97.309654856999941,34.969951538000032],[-97.317972228999963,34.966981880000048],[-97.325965740999948,34.965450817000033],[-97.335399577999965,34.966485357000067],[-97.343149684999958,34.970840881000072],[-97.349950465999939,34.980518321000034],[-97.355004023999982,34.989929842000038],[-97.356451162999974,35.012017110000045],[-97.351633420999974,35.035042967000038],[-97.345127036999941,35.042012515000067],[-97.340374897999936,35.049534634000054],[-97.338178381999967,35.063341769000033],[-97.340047433999985,35.070209454000064],[-97.34964507899997,35.07956697000003],[-97.36344883299995,35.089589738000029],[-97.375724386999991,35.092308720000062],[-97.389891287999944,35.102754535000031],[-97.396720880999965,35.113004499000056],[-97.395505973999946,35.122781736000036],[-97.38980173899995,35.135486742000069],[-97.392386987999942,35.142919367000047],[-97.39848391299995,35.151169032000041],[-97.405920872999957,35.156243035000045],[-97.414304130999938,35.155849065000041],[-97.422283066999967,35.152588394000077],[-97.430693341999984,35.153628463000075],[-97.43429883899995,35.159324334000075],[-97.441478206999989,35.168993464000039],[-97.452466264999941,35.176602382000056],[-97.469304610999984,35.179251463000071],[-97.481667183999946,35.185403670000028],[-97.491349061999983,35.197333538000066],[-97.497929329999977,35.211458347000075],[-97.515500082999949,35.215239302000043],[-97.533060813999953,35.218443346000072],[-97.546454891999986,35.223138667000057],[-97.551839818999952,35.229667864000078],[-97.552560314999937,35.247461502000078],[-97.550391312999977,35.260988464000036],[-97.541012209999963,35.264565282000035],[-97.539475554999967,35.274924586000054],[-97.542798629999936,35.283206232000055],[-97.55696523499995,35.290761703000044],[-97.56824861299998,35.294335857000078],[-97.581381498999974,35.302477328000066],[-97.593005762999951,35.305469824000056],[-97.604569112999968,35.305590218000077],[-97.621460752999951,35.30907774800005],[-97.640862632999983,35.315110257000072],[-97.655401922999943,35.322935278000045],[-97.669484510999951,35.325883174000069],[-97.682121529999961,35.326840923000077],[-97.697495952999986,35.324883467000063],[-97.711409021999941,35.320361737000042],[-97.722578100999954,35.318465623000066],[-97.735274745999959,35.322001084000078],[-97.74554404099996,35.326578536000056],[-97.754821122999942,35.333611939000036],[-97.768964223999944,35.338843939000071],[-97.780134606999979,35.336941993000039],[-97.79403106999996,35.331835676000026],[-97.804519996999943,35.330803876000061],[-97.818616968999947,35.334019933000036],[-97.831628793999982,35.335816156000078],[-97.842581769999981,35.33936830600004],[-97.855101821999938,35.349498905000075],[-97.866086716999973,35.354197127000077],[-97.878702057999988,35.353984150000031],[-97.891266266999992,35.351760148000039],[-97.901151145999961,35.354463233000047],[-97.91644851999996,35.363103526000032],[-97.932897944999979,35.361956454000051],[-97.944440536999991,35.360893064000038],[-97.961362983999948,35.351117041000066],[-97.971867498999984,35.350643553000054],[-97.982752864999952,35.351311116000034],[-97.993231016999971,35.356209532000037],[-97.99517855299996,35.357119806000071],[-97.99381492599997,35.086348239000074],[-97.987347438999961,34.011532248000037],[-97.96900471899994,34.006173170000068],[-97.958407212999987,33.995848921000061],[-97.953325506999988,33.976822257000038],[-97.957125897999958,33.957397859000025],[-97.959328563999975,33.942781686000046],[-97.961610794999956,33.931270715000039],[-97.957222785999988,33.916773498000055],[-97.948595341999976,33.904502819000072],[-97.924798072999977,33.892739703000075],[-97.909260622999966,33.890145813000061],[-97.89078269099997,33.895963644000062],[-97.872600156999965,33.902251142000068],[-97.855425892999961,33.903022809000049],[-97.841671134999956,33.903017206000072],[-97.824101767999991,33.911197737000066],[-97.819341111999961,33.927764412000045],[-97.817965897999954,33.942124256000056],[-97.813047522999966,33.95224214600006],[-97.801174035999964,33.95936860900008],[-97.777212867999992,33.964779825000051],[-97.76298479899998,33.969550937000065],[-97.753778451999949,33.980691442000079],[-97.752632371999937,33.993135868000024],[-97.750261241999965,34.002254606000065],[-97.739521380999975,34.009356419000028],[-97.722971320999989,34.013442511000051],[-97.700681900999939,34.017615688000035],[-97.683198164999965,34.018603686000063],[-97.671409516999972,34.017590053000049],[-97.653106324999953,34.007354418000034],[-97.635381693999989,33.99710725400007],[-97.617989480999938,33.988764136000043],[-97.604445219999945,33.985857783000029],[-97.599715627999956,33.979236569000079],[-97.601470116999963,33.967263327000069],[-97.610242939999978,33.94825746500004],[-97.611984878999976,33.935806826000032],[-97.603175277999981,33.925901408000072],[-97.595388450999963,33.923626316000025],[-97.581308595999985,33.921920028000045],[-97.564650350999955,33.934107116000064],[-97.555958032999968,33.943550064000078],[-97.549458930999947,33.948182460000055],[-97.528181146999941,33.94513763100008],[-97.505381840999974,33.937569944000074],[-97.493828831999963,33.933189136000067],[-97.470070302999943,33.920132084000045],[-97.45754758299995,33.909787572000027],[-97.454813275999982,33.901700769000058],[-97.454270087999987,33.888328603000048],[-97.460590339999953,33.874387051000042],[-97.464465403999952,33.867406616000039],[-97.46254007899995,33.85668163400004],[-97.45388286299999,33.853213966000055],[-97.442977286999962,33.851925580000056],[-97.424964908999982,33.853357260000053],[-97.412690771999962,33.855428386000028],[-97.400755212999968,33.86036062200003],[-97.388153608999971,33.860283051000067],[-97.374467453999955,33.863562371000057],[-97.367451796999944,33.871534559000054],[-97.363601969999991,33.880422424000074],[-97.353954722999958,33.885559858000079],[-97.345178141999952,33.891402451000033],[-97.340743330999942,33.899819093000076],[-97.337428172999978,33.90678839900005],[-97.330358473999979,33.912131123000052],[-97.322597969999947,33.910792066000056],[-97.312790920999987,33.907087966000063],[-97.306094793999989,33.900956628000074],[-97.30092214299998,33.900062846000026],[-97.288899145999949,33.900683541000035],[-97.280802638999944,33.903639222000038],[-97.273324569999943,33.911617799000055],[-97.260145121999983,33.928973132000067],[-97.246869172999936,33.940833019000024],[-97.233712262999973,33.942655167000055],[-97.222430002999943,33.93633131100006],[-97.217882150999969,33.932739494000032],[-97.200658841999939,33.919132163000029],[-97.195207312999969,33.900556859000062],[-97.198998538999945,33.886658554000064],[-97.211837184999979,33.865493086000072],[-97.218173223999941,33.849894118000066],[-97.22163108999996,33.833491304000063],[-97.221048749999966,33.81510361800008],[-97.210683187999962,33.79324252300006],[-97.195401854999943,33.767613420000032],[-97.18803227899997,33.753601183000058],[-97.175850280999953,33.742507165000063],[-97.153087255999992,33.730927559000065],[-97.138281712999969,33.734905170000047],[-97.122423005999963,33.74510188000005],[-97.117442432999951,33.756379486000071],[-97.117758962999972,33.777873948000035],[-97.124705132999964,33.80264500100003],[-97.129069482999967,33.826726662000056],[-97.127179784999953,33.834390556000074],[-97.118718443999967,33.842958313000054],[-97.11129002499996,33.843989925000074],[-97.090369607999946,33.842529183000067],[-97.078960528999971,33.84550947200006],[-97.075337413999989,33.85247309600004],[-97.080882374999987,33.859823852000034],[-97.09701258399997,33.866351638000026],[-97.108256493999988,33.87149355300005],[-97.111221592999982,33.878391414000077],[-97.10853246299996,33.890363904000026],[-97.096588957999984,33.896457369000075],[-97.082781324999985,33.892534069000078],[-97.061194916999966,33.885340475000078],[-97.04429675199998,33.88550374700003],[-97.02186997199999,33.900528317000067],[-97.013158740999984,33.913271688000066],[-97.013589071999945,33.924018641000032],[-97.020608042999982,33.934465353000064],[-97.029675997999959,33.947878941000056],[-97.028157200999942,33.96270645900006],[-97.021434240999952,33.97447702900007],[-97.011458703999949,33.979109637000079],[-96.993099401999984,33.978800478000039],[-96.975289157999953,33.976571898000032],[-96.961536927999987,33.977649707000069],[-96.94259276799994,33.976381498000023],[-96.93360899999999,33.968813157000056],[-96.923986574999958,33.955754410000054],[-96.91039430699999,33.922181888000068],[-96.898172115999955,33.90651551600007],[-96.889470708999966,33.897508630000061],[-96.881394231999991,33.89279627600007],[-96.866761016999988,33.890763580000055],[-96.862788986999988,33.894139668000037],[-96.866068234999943,33.905341953000061],[-96.864433771999984,33.912760920000039],[-96.84895903499995,33.912643648000028],[-96.835447831999943,33.908686705000036],[-96.818714377999981,33.898063191000062],[-96.810823899999946,33.88354954700003],[-96.808671198999946,33.869709866000051],[-96.804575979999981,33.861618018000058],[-96.794783232999976,33.856195558000024],[-96.777653761999943,33.861096892000035],[-96.755718496999975,33.872478957000055],[-96.740603882999949,33.87903276600008],[-96.732369970999969,33.886494058000039],[-96.726199117999954,33.900152355000046],[-96.723775994999983,33.916413638000051],[-96.714473464999969,33.932720520000032],[-96.704529155999978,33.942102670000054],[-96.691963056999953,33.947200266000038],[-96.67762178299995,33.946334689000025],[-96.661519213999952,33.940699739000024],[-96.637918906999971,33.929372866000051],[-96.602267944999937,33.915241550000076],[-96.59877099299996,33.907854975000078],[-96.60098915399999,33.898525844000062],[-96.613839747999975,33.893437457000061],[-96.630123824999941,33.888088887000038],[-96.64297677199994,33.883713772000078],[-96.647800908999955,33.878429637000067],[-96.645475164999937,33.874382352000055],[-96.637694672999942,33.868694914000059],[-96.619063783999991,33.866652423000062],[-96.562629311999956,33.863853041000027],[-96.550304465999943,33.862243831000058],[-96.538523957999985,33.856569584000056],[-96.532445919999986,33.847283239000035],[-96.518485056999964,33.815262313000062],[-96.51006588599995,33.811559873000078],[-96.501487834999978,33.81255518100005],[-96.493242308999982,33.820714275000057],[-96.485253708999949,33.82457204800005],[-96.471778763999964,33.820809396000072],[-96.451949704999947,33.807039403000033],[-96.426065219999941,33.78349690500005],[-96.401612654999951,33.75731651500007],[-96.394100638999987,33.742416368000079],[-96.380604090999952,33.730522567000037],[-96.369420223999953,33.723157278000031],[-96.356268269999987,33.722245830000077],[-96.347132135999971,33.724424868000028],[-96.336270990999992,33.724458993000042],[-96.324269614999992,33.725211939000076],[-96.314294482999969,33.732167408000066],[-96.31090732499996,33.742685965000078],[-96.312666920999959,33.75342874200004],[-96.324435944999948,33.764142267000068],[-96.326188713999954,33.772735533000059],[-96.323371440999949,33.782775661000073],[-96.315679172999978,33.790202699000076],[-96.300242852999986,33.793112634000067],[-96.281075562999945,33.793163819000029],[-96.274760195999988,33.787208590000034],[-96.278430728999979,33.774062455000035],[-96.278972891999956,33.765940252000064],[-96.276665924999975,33.760691547000079],[-96.267229345999965,33.760715134000066],[-96.252368310999941,33.763377910000031],[-96.226120505999972,33.783976583000026],[-96.205586083999947,33.806469716000038],[-96.195347523999942,33.830613739000057],[-96.193093027999964,33.844472180000025],[-96.193121317999953,33.855579742000032],[-96.186836504999974,33.861323731000027],[-96.168225112999949,33.861592941000026],[-96.156489185999988,33.863521452000043],[-96.146200549999946,33.873807555000042],[-96.137040130999992,33.875969393000048],[-96.119278510999948,33.872645952000028],[-96.103528571999959,33.873378699000057],[-96.093514592999952,33.881031976000031],[-96.083491222999953,33.881995650000079],[-96.070598062999977,33.877227115000039],[-96.056563144999984,33.875324252000041],[-96.047688494999989,33.880822786000067],[-96.04024205099995,33.881303557000024],[-96.025633280999955,33.876291445000049],[-96.015036028999987,33.872949089000031],[-96.005872129999943,33.877010946000041],[-96.003581381999936,33.886088607000033],[-95.99699334799999,33.888955245000034],[-95.986681346999944,33.889432244000034],[-95.978086853999969,33.893491923000056],[-95.96519454099996,33.897071883000024],[-95.956312369999978,33.89969646000003],[-95.945985539999981,33.918564313000047],[-95.94054532499996,33.913066911000044],[-95.927654294999968,33.909953508000058],[-95.915620129999979,33.910183748000065],[-95.904167700999949,33.903485317000047],[-95.895875377999971,33.891772169000035],[-95.881569547999959,33.881007737000061],[-95.860389157999975,33.873338430000047],[-95.836343843999941,33.868288481000036],[-95.814864833999991,33.868970734000072],[-95.796523948999948,33.873954511000079],[-95.782196479999982,33.876793391000035],[-95.769600170999979,33.875095306000048],[-95.757854415999986,33.876264244000026],[-95.746385904999954,33.88006027800003],[-95.748647060999986,33.889143152000031],[-95.758644376999939,33.898004608000065],[-95.761764061999941,33.908044894000057],[-95.759729682999989,33.917118405000053],[-95.747978849999981,33.917808556000068],[-95.729070823999962,33.916568720000043],[-95.714737269999944,33.918204422000031],[-95.70411808099999,33.922476260000053],[-95.694659433999959,33.922927972000025],[-95.688095889999943,33.916220275000057],[-95.678660220999973,33.911414963000027],[-95.668341132999956,33.91233962900003],[-95.662865198999953,33.919489709000061],[-95.655090132999987,33.92782683400003],[-95.630698810999945,33.93419726500008],[-95.617206375999956,33.938450981000074],[-95.56564508799994,33.960319617000039],[-95.551290008999956,33.954660324000031],[-95.537785214999985,33.950207988000045],[-95.530958400999964,33.941578178000043],[-95.528045255999984,33.930671580000023],[-95.522140726999964,33.921663182000032],[-95.50819125999999,33.916249804000074],[-95.496966467999982,33.91505187000007],[-95.486230288999991,33.90945938200008],[-95.468397357999947,33.902875909000045],[-95.446407533999945,33.901046387000065],[-95.428744381999991,33.903057502000024],[-95.419788343999983,33.905303584000023],[-95.405594543999939,33.903124813000034],[-95.393503993999957,33.895986925000045],[-95.38439619899998,33.888673532000041],[-95.372746060999987,33.884211505000053],[-95.36563971399994,33.88455258700003],[-95.35300631399997,33.88810944100004],[-95.329922851999982,33.907081521000066],[-95.318909126999984,33.908351080000045],[-95.305223376999948,33.901002206000044],[-95.299354730999937,33.891217716000028],[-95.293423463999943,33.888312700000029],[-95.286080031999973,33.889411518000031],[-95.280733451999936,33.897403213000075],[-95.273906180999973,33.916278739000063],[-95.268079450999949,33.926178168000035],[-95.255128214999957,33.93755800100007],[-95.246354231999987,33.94361381300007],[-95.235545749999972,33.946596643000078],[-95.220183298999984,33.946296725000025],[-95.216029842999944,33.948751640000069],[-95.216213674999949,33.953148989000056],[-95.222325374999969,33.961029205000045],[-95.222009609999986,33.969436901000051],[-95.215297909999947,33.975122932000033],[-95.200346166999964,33.978837113000054],[-95.189819589999956,33.976274627000066],[-95.182757433999939,33.971634627000071],[-95.176630293999949,33.965472164000062],[-95.170030771999961,33.960643751000077],[-95.156519774999936,33.958628737000026],[-95.144621410999946,33.956051308000042],[-95.13144865999999,33.944670332000044],[-95.119196976999945,33.933295354000052],[-95.110147142999949,33.922900961000039],[-95.100146619999975,33.915556087000027],[-95.090968538999959,33.916244428000027],[-95.080143938999981,33.920358382000074],[-95.071189646999983,33.921429210000042],[-95.065283645999955,33.916982817000076],[-95.063520704999974,33.911233930000037],[-95.067719365999949,33.90534509400004],[-95.070128542999953,33.895809601000053],[-95.068143631999988,33.889485703000048],[-95.063385946999972,33.885049193000043],[-95.053371083999991,33.879611363000038],[-95.041230526999982,33.879314083000054],[-95.026537942999937,33.881477200000063],[-95.007052946999977,33.882065834000059],[-94.999245238999947,33.88333222600005],[-94.989449024999942,33.879037204000042],[-94.989767282999992,33.872351067000068],[-94.984809218999942,33.866189287000054],[-94.95235992399995,33.843617464000033],[-94.935956051999938,33.853778418000047],[-94.92591656999997,33.851004302000035],[-94.91731194099998,33.844039101000078],[-94.919514548999985,33.834123313000077],[-94.928789500999983,33.825997378000068],[-94.925951192999946,33.816223112000046],[-94.912658712999985,33.801185278000048],[-94.895269318999965,33.784957997000049],[-94.887756828999954,33.766632099000049],[-94.879134226999952,33.76176636100007],[-94.868428459999961,33.758598109000047],[-94.858314948999976,33.761740968000026],[-94.846902942999975,33.774997055000028],[-94.834515958999987,33.77696712200003],[-94.820179028999974,33.771844166000051],[-94.818993668999951,33.759792503000028],[-94.817701559999989,33.754619043000048],[-94.810186460999944,33.752435128000059],[-94.802785999999969,33.757513355000071],[-94.798758376999956,33.766259171000058],[-94.790940862999946,33.768656792000058],[-94.782086291999974,33.764353984000024],[-94.780854928999986,33.755549979000079],[-94.784371566999937,33.750238823000075],[-94.784920745999955,33.744512315000065],[-94.77927398099996,33.740054091000047],[-94.770200924999983,33.735365820000027],[-94.763239787999964,33.727452423000045],[-94.758791812999959,33.719758450000029],[-94.750909478999972,33.712407126000073],[-94.742270171999962,33.709441343000037],[-94.735866470999952,33.70955815800005],[-94.726133236999942,33.703712192000069],[-94.717956236999953,33.700558830000034],[-94.704876069999955,33.703461044000051],[-94.695628251999949,33.70946503600004],[-94.685441396999977,33.716794540000024],[-94.676823035999973,33.725862053000071],[-94.670082133999983,33.732085681000058],[-94.662277548999953,33.733709753000028],[-94.647950227999956,33.729137561000073],[-94.643759522999972,33.720486498000071],[-94.64455110199998,33.714572756000052],[-94.652438851999989,33.708173996000028],[-94.661457992999942,33.702361913000061],[-94.662951136999936,33.695463239000048],[-94.653860122999959,33.692484881000041],[-94.644742553999947,33.691034051000031],[-94.637955133999981,33.68712768100005],[-94.626536096999985,33.686601841000027],[-94.620726046999948,33.69187843800006],[-94.620369130999961,33.698943833000044],[-94.61455422399996,33.704411230000062],[-94.606322192999983,33.704497097000058],[-94.599285847999965,33.701731525000071],[-94.596402807999937,33.696917318000033],[-94.595569865999948,33.692511729000046],[-94.600741902999971,33.684744236000029],[-94.602661354999952,33.679800951000061],[-94.598137265999981,33.67725871600004],[-94.59060425499996,33.676779141000054],[-94.584874309999975,33.677660060000051],[-94.580379500999982,33.673588869000071],[-94.57536735299999,33.67275898500003],[-94.566156313999954,33.676459354000031],[-94.56001258699996,33.675040597000077],[-94.553934535999986,33.670183019000035],[-94.559540843999969,33.663760981000053],[-94.558481967999967,33.659352287000047],[-94.553717607999943,33.657569337000041],[-94.546861148999938,33.657668931000046],[-94.539975307999953,33.659296270000027],[-94.532735581999987,33.655568392000077],[-94.525478034999992,33.652795153000056]],[[-94.42631012399994,35.407922327000051],[-94.424418094999965,35.411357419000069],[-94.422406230999968,35.414551024000048],[-94.42631012399994,35.407922327000051]]]},"properties":{"OBJECTID":16,"type":"reservation","date_open":"1906-04-26","COUNT":11,"SHAPE_Length":18.123044146516303,"SHAPE_Area":6.6745828185456384}},{"type":"Feature","id":17,"geometry":{"type":"Polygon","coordinates":[[[-123.75514097499996,45.072367457000041],[-123.76918733399998,45.080881718000057],[-123.79240723199996,45.083178363000059],[-123.88671982999995,45.082064993000074],[-123.90178099799999,45.081880770000055],[-124.02591798299994,45.081686398000045],[-124.03918045399996,45.081658529000038],[-124.04399799999999,45.05749105700005],[-124.04361704999997,45.035089567000057],[-124.04336905099996,45.019841001000032],[-124.04181730899995,45.010509120000052],[-124.04312116599999,45.004591954000034],[-124.04840369499999,44.998711748000062],[-124.04984552699995,44.985266057000047],[-124.05290188199996,44.970517223000058],[-124.05003037999995,44.968043369000043],[-124.04193155499996,44.968626769000025],[-124.03212502399998,44.968346453000038],[-124.03330163799995,44.962145298000053],[-124.03157266399995,44.955351920000055],[-124.02459935899998,44.952556261000041],[-124.02551862699994,44.938916315000029],[-124.02222955899998,44.930601564000028],[-124.03970778999997,44.931331382000053],[-124.04653478899996,44.934783904000028],[-124.04946260799994,44.941306117000067],[-124.05133774099994,44.947441896000043],[-124.05393640199998,44.950289817000055],[-124.05711370099999,44.950507452000068],[-124.06177805799996,44.949138528000049],[-124.06505803799996,44.943709228000046],[-124.06449925899994,44.930714184000067],[-124.06479025499999,44.914714311000068],[-124.06596275499999,44.90851217800008],[-124.06565867899997,44.896083371000032],[-124.06984376599996,44.891697218000047],[-124.07440166899994,44.881289343000049],[-124.07782136099996,44.875201292000042],[-124.08424325799996,44.864056517000051],[-124.08377495199994,44.853225659000032],[-124.08726926299994,44.850244538000027],[-124.08810684099996,44.840366648000042],[-124.08371269999998,44.834489771000051],[-124.08293977399995,44.82591513300008],[-124.08354008799995,44.814528194000047],[-124.07918186899997,44.806768079000051],[-124.07740957199997,44.794982522000055],[-124.06853716299997,44.781060233000062],[-124.06475948599996,44.770667883000044],[-124.06515964499999,44.755888015000039],[-124.06782852899994,44.747155214000031],[-124.07377373499997,44.739864699000066],[-124.07720794299996,44.732061285000043],[-124.04791015999996,44.732094016000076],[-123.75676283599995,44.732053373000042],[-123.75600416899999,44.765192444000036],[-123.75345142799995,44.950148028000058],[-123.75322708899995,45.038687409000033],[-123.75366605799996,45.046415594000052],[-123.75514097499996,45.072367457000041]]]},"properties":{"OBJECTID":17,"type":"reservation","date_open":"1894-08-15","COUNT":1,"SHAPE_Length":1.4117640783368286,"SHAPE_Area":0.107103541406144}},{"type":"Feature","id":18,"geometry":{"type":"Polygon","coordinates":[[[-95.03131734599998,48.964661351000075],[-95.038952505999987,48.96904214400007],[-95.045675076999942,48.973863786000038],[-95.054958007999971,48.974524520000045],[-95.057051909999984,48.971106830000053],[-95.057390433999956,48.949620859000049],[-95.062528819999955,48.939806547000046],[-95.070956167999952,48.936878856000078],[-95.08340015899995,48.937857523000048],[-95.096064306999949,48.93928420900005],[-95.113534569999956,48.937457536000068],[-95.121059681999952,48.934073269000066],[-95.120223875999955,48.929292326000052],[-95.114184093999938,48.924179486000071],[-95.112904940999954,48.918798505000041],[-95.116600559999938,48.913897119000069],[-95.121590503999983,48.913332012000069],[-95.131317721999949,48.913990633000026],[-95.136544706999985,48.912680243000068],[-95.140789016999975,48.908826303000069],[-95.148829620999948,48.900667361000046],[-95.162719447999962,48.894931504000056],[-95.168376053999964,48.89511501000004],[-95.174454546999982,48.897539638000069],[-95.179874861999963,48.898467523000079],[-95.183306892999951,48.895801318000053],[-95.193567005999967,48.890339241000049],[-95.200827493999952,48.889038213000049],[-95.217126858999961,48.88883325900008],[-95.234095546999981,48.889376390000052],[-95.240436503999945,48.889112970000042],[-95.251715574999992,48.892159819000028],[-95.264105546999986,48.897002691000068],[-95.274496290999991,48.898848815000065],[-95.284893017999991,48.900246416000073],[-95.286164103999965,48.907566245000055],[-95.287628200999961,48.917722498000046],[-95.291161091999982,48.925351979000027],[-95.297423314999946,48.932099686000072],[-95.300932298999953,48.936138263000032],[-95.309774516999937,48.944426288000045],[-95.318205734999935,48.949767474000055],[-95.322161738999966,48.955674918000057],[-95.323589797999944,48.96495129300007],[-95.342595253999946,48.951234189000047],[-95.484005266999986,48.823280102000069],[-95.508502199999953,48.801038089000031],[-95.658285466999985,48.665381094000054],[-95.825279825999985,48.515018603000044],[-95.906864816999985,48.442916969000066],[-95.976741960999959,48.37917228200007],[-96.026594929999987,48.334618457000033],[-96.048947808999969,48.314032552000072],[-96.065924756999948,48.307794570000056],[-96.082337844999984,48.305708668000079],[-96.09251889899997,48.300604059000079],[-96.093917223999938,48.289840223000056],[-96.094876205999981,48.283372211000028],[-96.095317130999945,48.280397823000044],[-96.102098902999955,48.275672084000064],[-96.115951864999943,48.271317770000053],[-96.120460417999936,48.262627233000046],[-96.121283215999938,48.249784968000029],[-96.126360353999985,48.243737089000035],[-96.137944721999986,48.240326452000033],[-96.142454505999979,48.234481386000027],[-96.143469406999941,48.215357736000044],[-96.145567699999958,48.206502063000073],[-96.153504872999974,48.202597738000065],[-96.159857417999945,48.200819675000048],[-96.157725964999941,48.189856083000052],[-96.157172925999987,48.187010686000065],[-96.159262675999969,48.176028957000028],[-96.168253989999982,48.172122147000039],[-96.181465083999967,48.163250479000055],[-96.180868222999948,48.140582206000033],[-96.187741605999975,48.138447567000071],[-96.139670786999943,48.099633530000062],[-96.05639584499994,48.028644496000027],[-95.969658584999991,47.953240348000065],[-95.960105660999943,47.944870253000033],[-95.867287845999954,47.863378885000031],[-95.75151163299995,47.763177581000036],[-95.674875018999956,47.694350734000068],[-95.617185655999947,47.64425271600004],[-95.574884487999952,47.607417844000054],[-95.52671583099999,47.56449628300004],[-95.506263419999982,47.546246775000043],[-95.423110767999958,47.559867410000038],[-95.343926585999952,47.573330764000048],[-95.274058953999941,47.585165968000069],[-95.204694243999938,47.596418813000071],[-94.942725819999964,47.638554108000051],[-94.867631732999939,47.71362255400004],[-94.744994361999943,47.831344202000025],[-94.631973792999986,47.940152449000038],[-94.505285901999969,48.059905209000078],[-94.493536722999977,48.07188203000004],[-94.376948915999947,48.181251742000029],[-94.246066565999968,48.303879222000035],[-94.202849262999962,48.344329892000076],[-94.153577710999969,48.39045542100007],[-94.132310700999938,48.410335201000066],[-94.121713055999976,48.420234979000043],[-94.070955009999977,48.469375141000057],[-94.063446906999957,48.468384126000046],[-94.040461661999984,48.465991837000047],[-94.021901327999956,48.46395472100005],[-94.003766026999983,48.462511155000072],[-93.989640473999941,48.460534332000066],[-93.977574153999967,48.463305716000036],[-93.965969858999983,48.46549301400006],[-93.951904799999966,48.461743504000026],[-93.946142522999992,48.461656994000066],[-93.93321769299996,48.463526725000065],[-93.92298212299994,48.464551296000081],[-93.908970955999962,48.459323354000048],[-93.898950928999966,48.454155297000057],[-93.885046988999989,48.45866009100007],[-93.87299995099994,48.448149279000063],[-93.859402899999964,48.456490875000043],[-93.847182259999954,48.450989425000046],[-93.838034321999942,48.458809004000045],[-93.835891956999944,48.469098582000072],[-93.840357250999944,48.480672139000035],[-93.839249059999986,48.486848316000078],[-93.836810236999952,48.493003311000052],[-93.836546243999976,48.50037227100006],[-93.830927497999937,48.508540957000037],[-93.827687740999977,48.512206634000052],[-93.823986931999968,48.51639328300007],[-93.827597818999948,48.527067157000033],[-93.833354890999942,48.539838737000025],[-93.832498157999964,48.551325422000048],[-93.826884736999943,48.559197873000073],[-93.82643866799998,48.571574888000043],[-93.828319258999954,48.581039887000031],[-93.848677520999956,48.595808162000026],[-93.86052523099994,48.600121279000064],[-93.866667577999976,48.614957828000058],[-93.873569506999957,48.620961196000053],[-93.883232767999971,48.624353583000072],[-93.89436442799996,48.623935464000056],[-93.910343863999969,48.624769627000035],[-93.925808261999975,48.627657667000051],[-93.940071668999963,48.626693614000033],[-93.952042198999948,48.627757367000072],[-93.965237104999972,48.63208088600004],[-93.980918394999946,48.63526057100006],[-94.01939079999994,48.628452321000054],[-94.049324281999986,48.624165054000059],[-94.065230183999972,48.62733834200003],[-94.085573478999947,48.630866550000064],[-94.103770681999947,48.632003810000072],[-94.119013293999956,48.628086968000048],[-94.134689266999942,48.624469084000054],[-94.146753418999936,48.622569284000065],[-94.159660686999985,48.622153648000051],[-94.17342094299994,48.622927286000049],[-94.182319079999957,48.622750807000045],[-94.19385742299994,48.623492901000077],[-94.207059930999947,48.628087847000074],[-94.214956204999964,48.631728132000035],[-94.223350143999937,48.633605773000056],[-94.241183642999943,48.632067152000047],[-94.25016853599999,48.628939712000033],[-94.262161919999983,48.629387057000031],[-94.270950780999954,48.633035368000037],[-94.275413112999956,48.632502054000042],[-94.288396972999976,48.629422389000069],[-94.30672177799994,48.626112796000029],[-94.320855381999991,48.62952907500005],[-94.325540355999976,48.63695535200003],[-94.324874482999974,48.644905501000039],[-94.320642645999953,48.653106555000079],[-94.313716344999989,48.662158365000039],[-94.316598977999945,48.670446120000065],[-94.331411952999986,48.67696391000004],[-94.353183937999972,48.689177476000054],[-94.363705503999938,48.700506477000033],[-94.382353079999973,48.703565543000082],[-94.399360595999951,48.700478743000076],[-94.413065420999942,48.69421483800005],[-94.425226502999976,48.695101773000033],[-94.445178842999951,48.700109129000055],[-94.462581981999961,48.703441892000058],[-94.476652638999951,48.70031264000005],[-94.489950712999985,48.691945414000031],[-94.510998234999988,48.68933727600006],[-94.526259024999945,48.692638824000028],[-94.541150009999967,48.692648535000046],[-94.560358933999964,48.691357647000075],[-94.576183026999956,48.699588651000056],[-94.594670096999948,48.709935908000034],[-94.608033079999984,48.712760519000028],[-94.629855999999961,48.715817822000076],[-94.650572902999954,48.717964604000031],[-94.665095313999984,48.724678116000064],[-94.685456955999939,48.732939393000038],[-94.699702983999941,48.742334369000048],[-94.711511350999956,48.749763296000026],[-94.721115337999947,48.754781138000055],[-94.725774942999976,48.758707123000079],[-94.73021109199999,48.773233184000048],[-94.728825767999979,48.785315566000065],[-94.721758940999962,48.798837899000034],[-94.709777413999973,48.809476432000054],[-94.700875383999971,48.834326144000045],[-94.706075796999983,48.834375128000033],[-94.717881138999985,48.832246156000053],[-94.727946553999971,48.826815531000079],[-94.738562793999961,48.827361142000029],[-94.750736936999942,48.829114464000043],[-94.761706198999946,48.82354024600005],[-94.775169067999968,48.81753937700006],[-94.786715442999991,48.816745854000033],[-94.790015769999968,48.821253967000075],[-94.781638224999938,48.832974578000062],[-94.773150337999937,48.838870926000027],[-94.757448846999978,48.843507414000044],[-94.740837162999981,48.848283026000047],[-94.726930609999954,48.853380189000063],[-94.731846545999986,48.856261962000076],[-94.740787273999956,48.856045440000059],[-94.757645836999984,48.850376450000056],[-94.775161361999949,48.84560689500006],[-94.799065585999983,48.837905115000069],[-94.814465489999975,48.836844270000029],[-94.828452770999945,48.83860622800006],[-94.843745876999947,48.843064925000078],[-94.856593336999936,48.845411538000064],[-94.871711839999989,48.847327698000072],[-94.883617733999984,48.851753992000056],[-94.898237617999939,48.862470631000065],[-94.90100608399996,48.871897068000067],[-94.905653955999981,48.889995467000062],[-94.92232748899994,48.906843818000027],[-94.940227164999953,48.918922646000055],[-94.959310544999937,48.928470422000032],[-94.969625390999965,48.934517498000048],[-94.974660918999973,48.944703095000079],[-94.981948622999937,48.955800142000044],[-94.994999640999936,48.961267958000064],[-95.003452179999954,48.964015286000063],[-95.010710922999976,48.963619840000035],[-95.03131734599998,48.964661351000075]]]},"properties":{"OBJECTID":18,"type":"reservation","date_open":"1889-01-14","COUNT":1,"SHAPE_Length":6.3255480898914209,"SHAPE_Area":1.8033800328675023}},{"type":"Feature","id":19,"geometry":{"type":"MultiPolygon","coordinates":[[[[-110.16210352299998,47.986250205000033],[-110.17086322899996,47.985624905000066],[-110.17932492199998,47.985628404000067],[-110.18623356899997,47.982805880000058],[-110.18574263699998,47.98489068400005],[-110.19201112599995,47.981238563000034],[-110.19821042299998,47.977294380000046],[-110.20347155099995,47.973150077000071],[-110.20772616999994,47.968514023000068],[-110.21298589499997,47.964369238000074],[-110.22039346299999,47.961790520000079],[-110.22850900599997,47.960332258000051],[-110.23605263199994,47.958336121000059],[-110.24181246699999,47.954435740000065],[-110.24864603899999,47.951318024000045],[-110.25598183099999,47.948445520000064],[-110.26352308899999,47.946447778000049],[-110.27170431699994,47.945278586000029],[-110.27995402899995,47.944400617000042],[-110.28834117199995,47.944105578000062],[-110.29679710799996,47.944101731000046],[-110.30497738499997,47.942930518000026],[-110.31230951899994,47.940054886000041],[-110.31964096199994,47.93717883000005],[-110.32388425099998,47.932538611000041],[-110.32394460099999,47.92714869100007],[-110.32400494199999,47.921758683000064],[-110.32301576099997,47.91687253300006],[-110.33281932599999,47.930376599000056],[-110.33275975599997,47.935766468000054],[-110.33270017599995,47.941156248000027],[-110.32845695599997,47.945796621000056],[-110.32112489499997,47.94867307800007],[-110.31379214099996,47.951549112000066],[-110.30561087799998,47.952720827000064],[-110.29715374799997,47.952725225000052],[-110.28876546299995,47.953020802000026],[-110.28051471399999,47.953899285000034],[-110.27233249799997,47.955068980000078],[-110.26479046299994,47.957067159000076],[-110.25745405099997,47.959940065000069],[-110.25061996299996,47.963058142000079],[-110.24485987699995,47.96695879400005],[-110.23731547299997,47.968955369000071],[-110.22919899399994,47.970414120000044],[-110.22179075199995,47.972993251000048],[-110.21653088099998,47.977138268000033],[-110.21227632999995,47.981774475000066],[-110.20701505599999,47.985919009000042],[-110.20081545199997,47.98986349200004],[-110.19454660399998,47.993515921000039],[-110.18770554099996,47.99663049600008],[-110.18079539699994,47.999452974000064],[-110.17233178599997,47.999449567000056],[-110.16357010999997,48.000074935000043],[-110.15547283099994,47.999732903000051],[-110.14056548299999,47.995025874000078],[-110.13286127599997,47.992548715000055],[-110.12088970099995,47.985139366000055],[-110.11002063299998,47.976716442000054],[-110.10279309499998,47.966714462000027],[-110.09932948799997,47.961398594000059],[-110.09506558499999,47.956465611000056],[-110.09167113499996,47.951441187000057],[-110.08665418599998,47.944896981000056],[-110.07760196499999,47.936579810000069],[-110.07217436499997,47.932366116000026],[-110.04977534599999,47.912787321000053],[-110.04595294299997,47.907806563000065],[-110.03837759699996,47.898136377000071],[-110.03665949999998,47.892635957000039],[-110.03494171199998,47.887135422000028],[-110.03452601699996,47.881498450000038],[-110.03650057299996,47.870827267000038],[-110.03788762799996,47.865300121000075],[-110.04083143899999,47.843463297000028],[-110.04315224899995,47.838136631000054],[-110.04410439099996,47.832654347000073],[-110.04282115299998,47.82710742200004],[-110.04023765599999,47.82169680700008],[-110.03635422899998,47.81642243400006],[-110.03173953599998,47.811822684000049],[-110.02755894199998,47.807177283000044],[-110.02251223099995,47.802622520000057],[-110.01753365199994,47.798359488000074],[-110.01175646599995,47.79447897600005],[-110.00561402399995,47.79093553000007],[-109.99977101099995,47.786762417000034],[-109.99319677599999,47.783263668000075],[-109.98632447199998,47.780393895000032],[-109.97945281399996,47.777523747000032],[-109.97251465899996,47.774361196000029],[-109.96601041599996,47.771153021000032],[-109.95950685499997,47.767944500000056],[-109.95257081499994,47.764780832000042],[-109.94563549099996,47.76161677500005],[-109.93840167699994,47.759081601000048],[-109.93073534299998,47.756591147000051],[-109.90137170399998,47.738715176000028],[-109.89414242499998,47.736177450000071],[-109.88917817499998,47.731908829000076],[-109.88414794799996,47.727347857000041],[-109.87795297999998,47.723505764000038],[-109.87372345799997,47.718562237000071],[-109.86949461899997,47.713618504000067],[-109.86410107599994,47.709393605000059],[-109.85797569499999,47.705842528000062],[-109.85045224699996,47.70393140200008],[-109.84189662399996,47.703323017000059],[-109.83370757999995,47.70237710400005],[-109.82478588799995,47.702104610000049],[-109.81629708999998,47.701786760000061],[-109.80847518299998,47.700502371000027],[-109.80065360399999,47.699217523000073],[-109.79283235199995,47.697932217000073],[-109.78460894099999,47.69878109900003],[-109.77625305599997,47.699045095000031],[-109.76819776499997,47.698679570000081],[-109.76024517299999,47.696807973000034],[-109.75302667799997,47.69426235800006],[-109.74514108899996,47.692682052000066],[-109.73725590699996,47.691101278000076],[-109.72859983399997,47.691991269000027],[-109.72007520799997,47.69346514800003],[-109.71287656699997,47.696895194000035],[-109.70611000699995,47.700280409000072],[-109.69921117999996,47.70308079800003],[-109.69393920899995,47.70720883000007],[-109.68584459399995,47.708636102000071],[-109.67755260999996,47.709186189000036],[-109.66926047699997,47.709735766000051],[-109.66113883899999,47.709071612000059],[-109.65314846899997,47.708991452000078],[-109.64455416299995,47.710168231000068],[-109.63626160199999,47.71071577400005],[-109.62777260899998,47.710386045000064],[-109.62092562999999,47.707497036000063],[-109.61289097599996,47.706924810000032],[-109.60817656799998,47.711589841000034],[-109.60183567599995,47.714925568000069],[-109.59419481799995,47.718393118000051],[-109.58659475899998,47.720062585000051],[-109.57903857099996,47.722221284000057],[-109.57074379699998,47.722764771000072],[-109.56231861999999,47.722723199000029],[-109.55441269899995,47.722732059000066],[-109.54616048899999,47.721476438000082],[-109.53834176199996,47.720176436000031],[-109.53082656199996,47.718247541000039],[-109.52300857499995,47.716946638000081],[-109.51579758199995,47.714388463000034],[-109.50748437699997,47.709147936000079],[-109.47834663999998,47.69953759200007],[-109.46529675799997,47.694577225000046],[-109.45694012399997,47.694821402000059],[-109.44933925999999,47.696483239000031],[-109.44199609999998,47.69931405300008],[-109.43564745099997,47.702642070000081],[-109.43091990099998,47.707300946000032],[-109.42513190699998,47.711169558000051],[-109.41884555299998,47.71478901200004],[-109.41305608999994,47.718657018000044],[-109.40676825499997,47.722275826000043],[-109.39892240899997,47.724855170000069],[-109.39069001299998,47.725679913000079],[-109.38245739699994,47.726504151000029],[-109.37485058899995,47.728161624000052],[-109.36730757599997,47.730111021000027],[-109.35995660499998,47.732937074000063],[-109.35303834299998,47.735719431000064],[-109.34624768199996,47.739086137000072],[-109.33884571999994,47.743708376000029],[-109.33304848099999,47.747572604000027],[-109.32774806599997,47.75168571200004],[-109.32138779399997,47.755007815000056],[-109.31608595299997,47.759120372000041],[-109.31034978999998,47.763275801000077],[-109.30554408899997,47.767637066000077],[-109.29974248499997,47.771499582000047],[-109.29350643899994,47.775404879000064],[-109.28664423699996,47.778475824000054],[-109.27915606399995,47.780712344000051],[-109.27291776899995,47.784616580000034],[-109.26499453199995,47.786895278000031],[-109.25681574399999,47.788004045000037],[-109.24801172199994,47.788278139000056],[-109.24001164399999,47.78817348900003],[-109.23151413099998,47.787818861000062],[-109.22301671799994,47.787463699000057],[-109.21482617299995,47.78648041200006],[-109.20694273599997,47.784869052000033],[-109.19868933899994,47.783592386000066],[-109.19111368799997,47.781352523000066],[-109.18323153599994,47.779739751000079],[-109.17498888299997,47.780551173000049],[-109.16680931599996,47.781654502000038],[-109.15869271999998,47.783049743000049],[-109.15107285899995,47.78469429300003],[-109.14320828399997,47.787258246000079],[-109.13584013699995,47.79007157500007],[-109.12840817899996,47.792592058000025],[-109.12091251299995,47.794819691000043],[-109.11266700799996,47.795627266000054],[-109.10429524399996,47.795849479000026],[-109.09591655699995,47.793981708000047],[-109.08834338399998,47.791736142000047],[-109.08070786699994,47.789197692000073],[-109.07344406299995,47.786323974000027],[-109.06550155299999,47.784411892000037],[-109.05800460199998,47.786636083000076],[-109.05007313099998,47.788902133000079],[-109.04244963099995,47.790540513000053],[-109.02720140799994,47.79381595600006],[-109.01932198099996,47.79219366500007],[-109.01181441299997,47.790236263000054],[-109.00461625499997,47.787651326000059],[-108.99971005699996,47.783350797000026],[-108.99598140699999,47.778338699000074],[-108.99436041199999,47.772823376000076],[-108.99540533999999,47.767347771000061],[-108.99601625999998,47.76191418600007],[-108.99799088699996,47.75664665000005],[-109.00281758699998,47.752296231000059],[-109.00243531199999,47.746361616000058],[-108.99747011799997,47.741767946000039],[-108.97920122299996,47.732597057000078],[-108.97545171799999,47.725691024000071],[-108.97742694499999,47.720423215000039],[-108.97803899099995,47.714988944000027],[-108.97221121799998,47.71047804300008],[-108.96397274799995,47.709186725000052],[-108.95648131499996,47.711405772000035],[-108.94836925299995,47.712788642000078],[-108.94087681599996,47.715006797000058],[-108.93263839799994,47.713713579000057],[-108.92582399299994,47.710789334000026],[-108.92012455799994,47.706861303000039],[-108.91405440899996,47.703267444000062],[-108.90909932399995,47.698669924000058],[-108.90501178899996,47.693988491000027],[-108.89925331499995,47.689766764000069],[-108.89238126299995,47.686547997000048],[-108.88557179399999,47.683621476000042],[-108.87876297399998,47.680694586000072],[-108.87152149099995,47.677809055000068],[-108.86269419699994,47.675477904000047],[-108.85737364599999,47.671212450000041],[-108.85531147099999,47.665932686000076],[-108.85327288699995,47.660455487000036],[-108.85166783099999,47.654936501000066],[-108.85092931499997,47.649334076000059],[-108.85111875999996,47.643940899000029],[-108.85130817299995,47.638547635000066],[-108.84927085399994,47.633069930000033],[-108.84642956799996,47.62796811100003],[-108.84074289699998,47.62403574800004],[-108.83251879399995,47.62273605200005],[-108.82441565899995,47.624111816000038],[-108.81705252199998,47.62690907700005],[-108.80944293799996,47.628535069000066],[-108.80201717999995,47.631038760000081],[-108.79446806299995,47.632956595000053],[-108.78611737799997,47.633159154000055],[-108.77832626099996,47.631814718000044],[-108.77078474699999,47.629550230000063],[-108.76392617299996,47.626324328000067],[-108.75750131899997,47.623056676000033],[-108.75182079799998,47.61912049600005],[-108.74576917599995,47.615518114000054],[-108.74046193899994,47.611247277000075],[-108.73478359999996,47.607310238000025],[-108.72693585599995,47.605669954000064],[-108.71889958799994,47.60524154400008],[-108.71070425499994,47.603736995000077],[-108.70247908599998,47.604519930000038],[-108.66167748299995,47.60361907600003],[-108.65352058799999,47.602601152000034],[-108.64558262599996,47.60295128000007],[-108.63773782499999,47.601305767000042],[-108.63057760099997,47.598699410000052],[-108.62379036199997,47.595758886000056],[-108.61651039799995,47.592566083000065],[-108.61078127099995,47.588330757000051],[-108.60262724899997,47.58730969700008],[-108.59409079699998,47.588712588000078],[-108.58660075499995,47.59091182700007],[-108.57867726499995,47.593151430000034],[-108.57345754599999,47.593288220000034],[-108.56989838099997,47.593381376000082],[-108.56180459799998,47.59265070500004],[-108.55402354499995,47.591293110000038],[-108.54612253599998,47.589349330000061],[-108.53828213499997,47.58769794400007],[-108.52975657599995,47.587005995000027],[-108.52172414099999,47.58656577000005],[-108.51337889599995,47.586751413000059],[-108.50515350599994,47.587522306000039],[-108.49649497799999,47.588333227000078],[-108.48777634899994,47.588850697000055],[-108.48025084999995,47.586569633000067],[-108.47421837199994,47.582954690000065],[-108.47184342399999,47.577803776000053],[-108.47336440599997,47.572288665000031],[-108.47821368299998,47.567954726000039],[-108.48448023899999,47.564084904000026],[-108.48883550199997,47.559498056000052],[-108.48137336499997,47.557509774000039],[-108.47334512799995,47.557066615000053],[-108.46506347399998,47.557542196000043],[-108.45678169199999,47.558017268000071],[-108.44894768899997,47.556360514000062],[-108.44366619199997,47.552077230000066],[-108.43881811799997,47.54775333300006],[-108.43067234399996,47.546721714000057],[-108.42588093099994,47.551347156000077],[-108.42201382999997,47.556184726000026],[-108.41716151999998,47.560516783000025],[-108.41027983999999,47.563544921000073],[-108.40156400499995,47.564056833000052],[-108.39353549199996,47.563608911000074],[-108.38538837899995,47.562574592000033],[-108.37824338699994,47.559954497000035],[-108.37035197399996,47.558000201000027],[-108.36224713499996,47.559348345000046],[-108.35481161499996,47.561827812000047],[-108.34731631699998,47.564013874000068],[-108.33877730699999,47.565400630000056],[-108.33074907999998,47.564948955000034],[-108.32246527199999,47.565415729000051],[-108.31485033399997,47.567013990000078],[-108.30668410299995,47.568065758000046],[-108.29871471299998,47.567905161000056],[-108.29062754099999,47.56715809800005],[-108.28285573599999,47.565784698000073],[-108.27523972299997,47.567380711000055],[-108.26779972899999,47.569855299000039],[-108.26085088299999,47.572582689000058],[-108.25390141999998,47.57530969700008],[-108.24701005599997,47.578329330000031],[-108.23878248799997,47.579083928000045],[-108.23043744799998,47.57925199400006],[-108.22073462399999,47.579245466000032],[-108.21227241099996,47.578826370000058],[-108.20430187799997,47.578660175000039],[-108.19674071099996,47.58054469700005],[-108.18923752299997,47.582721812000045],[-108.18289210299997,47.586284594000062],[-108.17648755899995,47.589554012000065],[-108.17014069399994,47.593116120000047],[-108.16324322199995,47.596131295000077],[-108.15573694599999,47.598306437000076],[-108.14738907299994,47.598469335000061],[-108.14100005799997,47.595172019000074],[-108.13697806199997,47.590465979000044],[-108.13587233799996,47.584898100000032],[-108.13612430899997,47.579505066000081],[-108.13909101199994,47.574461799000062],[-108.14347273899995,47.569886327000063],[-108.13708690399994,47.566588547000038],[-108.12909213199998,47.568508702000031],[-108.12115497099995,47.570721438000078],[-108.11292688599997,47.57146834100007],[-108.10495757999996,47.571296247000078],[-108.09819861099999,47.568328980000047],[-108.09106522099995,47.565693659000033],[-108.08272160399997,47.56585255300007],[-108.07460946899994,47.567183294000074],[-108.06632344999997,47.567634260000034],[-108.05786389999997,47.56720542000005],[-108.05003954999995,47.565525450000052],[-108.04328386599997,47.562555368000062],[-108.03759712199997,47.558295302000033],[-108.03277714599994,47.553956861000074],[-108.02677423499995,47.550321517000043],[-108.01087167899999,47.547875698000041],[-108.00342650099998,47.545860808000043],[-107.99774405899996,47.541598844000077],[-107.99206240399997,47.537336586000038],[-107.98718984699997,47.532703086000026],[-107.98523305099997,47.527210817000025],[-107.98290121199994,47.522050485000079],[-107.97808792999996,47.517709620000062],[-107.96609634799995,47.51043295900007],[-107.94244982199996,47.506586330000061],[-107.93501187999999,47.504567400000042],[-107.92864400099995,47.501259079000079],[-107.92421172799999,47.496584091000045],[-107.92021275199994,47.491870209000069],[-107.91912839999998,47.486298946000034],[-107.91798718799998,47.480434353000078],[-107.91869031599998,47.475001409000072],[-107.91717392999999,47.469468538000058],[-107.91355267099999,47.464422159000037],[-107.90756552199997,47.460780532000058],[-107.90713310799998,47.460819178000065],[-107.90023760199995,47.463822002000029],[-107.89584536699999,47.468390942000042],[-107.89557281299994,47.473785264000071],[-107.89708736599994,47.479318308000074],[-107.89860219099995,47.484851247000051],[-107.90092555799998,47.490013604000069],[-107.90119999299998,47.495955429000048],[-107.90185018899996,47.501565303000064],[-107.90114527199995,47.506997737000063],[-107.90136279699999,47.512646053000026],[-107.90065771099995,47.518078309000032],[-107.89957664699995,47.52384229300003],[-107.89659276499998,47.528881003000038],[-107.89219561699997,47.533448952000072],[-107.88632803299998,47.537252826000042],[-107.88094965199997,47.541311044000054],[-107.87459068799996,47.544859675000055],[-107.86762729999998,47.547566891000031],[-107.86005969399997,47.549432617000036],[-107.85200173699997,47.551043165000067],[-107.84377305399994,47.551773615000059],[-107.83543071899999,47.55191714800003],[-107.82714503199998,47.552353371000038],[-107.81912239199994,47.551871094000035],[-107.81109987699995,47.551388336000059],[-107.80358666599994,47.553544071000033],[-107.79967058099999,47.558363568000061],[-107.79379490299999,47.562163116000079],[-107.78742875699999,47.56570739700004],[-107.77980001299994,47.56727528600004],[-107.77151186499998,47.567708055000026],[-107.76327999899996,47.568433535000054],[-107.75455831099998,47.568903426000077],[-107.74704097899996,47.571055886000067],[-107.74165045799998,47.575108113000056],[-107.73723850299996,47.579670358000044],[-107.73293843099998,47.584818838000047],[-107.73221763799995,47.590249045000064],[-107.73106324499997,47.595717225000044],[-107.72953140099997,47.601516572000037],[-107.72794300199996,47.607022597000025],[-107.72407383199999,47.612132326000051],[-107.72014777899994,47.616948667000031],[-107.71524133899999,47.621254453000063],[-107.70880834999997,47.624501193000071],[-107.70188480299998,47.62749236500008],[-107.69435845999999,47.629641502000027],[-107.68688768299995,47.632083403000081],[-107.68099798099996,47.635877182000058],[-107.67848062599995,47.641164657000047],[-107.67688662499995,47.646669431000078],[-107.67387851699999,47.651701345000049],[-107.66945602499999,47.656260326000051],[-107.66149106099999,47.658445295000035],[-107.65324573899994,47.659163836000062],[-107.64547673599998,47.657753962000072],[-107.63797440399998,47.655426283000054],[-107.63085073699995,47.652767232000031],[-107.62297144799999,47.650769620000062],[-107.61547082299995,47.648440637000078],[-107.60782742699996,47.649998370000048],[-107.59997247599995,47.65276616400007],[-107.59172719799994,47.653480945000069],[-107.58337048999999,47.653608775000066],[-107.57506932599995,47.654029311000045],[-107.56730277099996,47.65261490000006],[-107.55974853099997,47.649989590000075],[-107.55219493699997,47.647363835000078],[-107.54469741499997,47.645030882000071],[-107.53644338199996,47.643358859000045],[-107.52970407899994,47.640363672000035],[-107.52209764299994,47.637442892000081],[-107.51644019799994,47.633161769000026],[-107.50926913799998,47.630202833000055],[-107.50173573999996,47.632341164000081],[-107.49442252399996,47.635652163000032],[-107.48998787499994,47.640205451000043],[-107.48745390199997,47.645489270000041],[-107.48627668099999,47.65095443000007],[-107.48325274999996,47.655982005000055],[-107.48028345499995,47.661302697000053],[-107.47774777599994,47.666586000000052],[-107.47477749099994,47.671906401000058],[-107.46995965799999,47.67678901000005],[-107.46307366599996,47.680060654000044],[-107.45564260799995,47.682782579000047],[-107.44799089099996,47.684331067000073],[-107.43979457399996,47.685329718000048],[-107.43175766999997,47.684824492000075],[-107.42377578199995,47.684612049000066],[-107.41579394799999,47.684399131000077],[-107.40781216999994,47.684185740000032],[-107.39966614399998,47.683092059000046],[-107.39162986399998,47.682584434000034],[-107.38386393899998,47.681159555000079],[-107.37571874199995,47.680064414000071],[-107.36757383499997,47.67896877700008],[-107.35969978399999,47.676955906000046],[-107.35144651699994,47.675272691000032],[-107.34362795899995,47.673552158000064],[-107.33543003999995,47.672161249000055],[-107.32766673999998,47.670733083000073],[-107.31990380199994,47.66930446300006],[-107.31170698699998,47.667912090000073],[-107.30383618899998,47.665895885000054],[-107.29591165299996,47.663585874000034],[-107.28880190599995,47.660908790000065],[-107.28044360299998,47.661017794000031],[-107.27262885499994,47.659293063000064],[-107.26443444999995,47.657897769000044],[-107.25667460899996,47.656465445000038],[-107.24848094399994,47.655069167000079],[-107.24034163199997,47.653965747000029],[-107.23258284999997,47.652532018000045],[-107.22389920899997,47.653260690000081],[-107.21570341999995,47.654245782000032],[-107.20756119399999,47.65552374400005],[-107.19936484099998,47.656507834000081],[-107.19116822799998,47.657491420000042],[-107.18291764099996,47.65818112200003],[-107.17412527499994,47.658319807000055],[-107.16592801599995,47.659301850000077],[-107.15767690199999,47.65999000000005],[-107.14942560299994,47.660677643000042],[-107.14101358399995,47.660484590000067],[-107.13303590899994,47.660254885000029],[-107.12517197399995,47.658228185000041],[-107.11845117199999,47.655212550000044],[-107.11102261999997,47.653148910000027],[-107.10288604199997,47.65203716700006],[-107.09469647799995,47.650631504000046],[-107.08672025699997,47.650399046000075],[-107.07841625099996,47.650788926000075],[-107.07021846999999,47.651765158000046],[-107.06147990099998,47.652189913000029],[-107.05312240799998,47.652284793000035],[-107.04481793499997,47.652672597000048],[-107.03646035299994,47.652766442000029],[-107.02848407699997,47.652530532000071],[-107.02804977899996,47.652566320000062],[-107.01774330699999,47.651628344000073],[-107.00917433099994,47.650546680000048],[-107.00142140399998,47.649099604000071],[-106.99361604699999,47.647358608000047],[-106.98613988899996,47.644994557000075],[-106.97866430699997,47.642630073000078],[-106.97041335299997,47.643306769000048],[-106.96226750299996,47.644569918000059],[-106.95584510299994,47.648073770000053],[-106.94990889499996,47.651835221000056],[-106.94235350899999,47.653942031000042],[-106.93485012899998,47.656341884000028],[-106.92724118499996,47.658154337000042],[-106.91973669699996,47.660553317000051],[-106.91110067299996,47.661555257000032],[-106.90894865499996,47.661577327000032],[-106.90274168499997,47.661640790000035],[-106.89427800999994,47.66113881800004],[-106.88833676799999,47.664897405000033],[-106.88434194399997,47.669688375000078],[-106.88034649599996,47.674479158000054],[-106.87537675899995,47.678753372000074],[-106.86845899699995,47.681994498000051],[-106.86100149199996,47.684683513000039],[-106.85343901399995,47.686785121000071],[-106.84549347999996,47.689214972000059],[-106.83782573599996,47.690728702000058],[-106.83020966599997,47.69253548000006],[-106.82259314799995,47.694341816000076],[-106.81497618099996,47.696147711000037],[-106.80730681799997,47.697659672000043],[-106.79871565099995,47.698947779000036],[-106.79055889299997,47.700200317000053],[-106.78229813999997,47.70086535400003],[-106.77414079199997,47.70211689100006],[-106.76587960599994,47.702780916000052],[-106.75772166899998,47.704031450000059],[-106.75728684999996,47.704066358000034],[-106.74665303999996,47.70878910700003],[-106.74015997899994,47.71198847200003],[-106.73620214199997,47.717067865000047],[-106.73592982399998,47.723042425000074],[-106.73691083499995,47.728618869000059],[-106.73914549799997,47.733797194000033],[-106.74099712999998,47.739303736000068],[-106.74323252799996,47.744481827000072],[-106.74421454599997,47.750057859000037],[-106.74432636199998,47.755703513000071],[-106.74264557399994,47.76119503700005],[-106.73868476399997,47.766273752000075],[-106.73418466899994,47.770800183000063],[-106.72768438499998,47.773998348000077],[-106.72069646599999,47.776937494000038],[-106.71316936199997,47.779324092000081],[-106.70451324199996,47.780312413000047],[-106.69641871899995,47.779469987000027],[-106.68970579199998,47.776434067000025],[-106.68414532099996,47.772413372000074],[-106.67858557999995,47.768392400000039],[-106.67059569299994,47.768135356000073],[-106.67282619299999,47.773314162000077],[-106.67592785499994,47.778423580000037],[-106.67946546099995,47.783498199000064],[-106.68213273099997,47.788641963000032],[-106.68229032299996,47.794580468000049],[-106.67783539399994,47.799398081000049],[-106.67132913299997,47.802593252000065],[-106.66369425099998,47.804389998000033],[-106.65531545299996,47.804460126000038],[-106.64698790599999,47.80482319500004],[-106.63922406699999,47.803355932000045],[-106.63246016099998,47.800023915000054],[-106.62690130699997,47.796001147000027],[-106.62039275199999,47.799193893000052],[-106.62223568099995,47.80470097500006],[-106.62364329199994,47.810242404000064],[-106.62417978599996,47.815852660000076],[-106.62248656899999,47.821341681000035],[-106.61802498499998,47.826156927000056],[-106.61151275799995,47.829348953000078],[-106.60387278299999,47.831142167000053],[-106.59587502199997,47.830880744000069],[-106.58828986099996,47.827908996000076],[-106.58000969699998,47.828561367000077],[-106.57831216699998,47.83404962000003],[-106.57748609599997,47.839469138000027],[-106.57622395699997,47.844922869000072],[-106.56980942599995,47.848699598000053],[-106.56329228399994,47.851889077000067],[-106.55490686999997,47.851952959000073],[-106.54613627499998,47.85234398800003],[-106.53849151399999,47.85413337500006],[-106.54284336099994,47.858848580000029],[-106.54955803699994,47.861891046000039],[-106.55593906999997,47.865554272000054],[-106.55985696499994,47.87030300400005],[-106.55533598699998,47.874822026000061],[-106.54779039299996,47.877198680000049],[-106.54131989199999,47.880680251000058],[-106.54005367699995,47.886132958000076],[-106.54189198899996,47.891639676000068],[-106.54624676799995,47.896354230000043],[-106.54634056999998,47.90199752400008],[-106.54463797599999,47.907484121000039],[-106.54293507499995,47.912970605000055],[-106.54123186999999,47.918456975000026],[-106.53768063999996,47.923493152000049],[-106.53364145299997,47.928269927000031],[-106.53052560499998,47.933271602000048],[-106.52453557599995,47.937011007000081],[-106.51746848899995,47.939644767000061],[-106.50991341199995,47.942018833000077],[-106.50240844299998,47.944685849000052],[-106.49533951399997,47.947318392000057],[-106.48778262699994,47.949691165000047],[-106.48017455999997,47.951770106000026],[-106.47177534499997,47.951828807000027],[-106.46366132499998,47.950972858000057],[-106.45655488899996,47.948254271000053],[-106.45022161899999,47.944880690000048],[-106.44461118099997,47.940558789000079],[-106.43817861399998,47.936597727000049],[-106.43001675199997,47.935446297000055],[-106.42348306199995,47.938628176000066],[-106.41948423699995,47.943694736000054],[-106.41650910199996,47.949573795000049],[-106.41523031199995,47.955024172000037],[-106.41744597699994,47.960204224000051],[-106.42179603299996,47.964921789000073],[-106.42697020299994,47.969278125000073],[-106.43170818899995,47.97366803400007],[-106.43727034999995,47.977696643000058],[-106.44244670699999,47.982052216000056],[-106.44806080699999,47.986373653000044],[-106.45280163999996,47.990762590000031],[-106.45332401399997,47.996370408000075],[-106.45292175699996,48.001752558000078],[-106.44935838799995,48.006785119000028],[-106.44384381099997,48.010779566000053],[-106.44164127899995,48.01600353300006],[-106.44429865699999,48.021148311000047],[-106.43829471099997,48.024882877000039],[-106.43234045299994,48.028910473000053],[-106.42682275899995,48.032903952000026],[-106.41974033799994,48.035531823000042],[-106.41055542399994,48.036240949000046],[-106.40214450699995,48.036295313000039],[-106.39407046999997,48.03572876000004],[-106.38594637599999,48.034868373000052],[-106.37849659499994,48.032766777000063],[-106.37293329299996,48.028736441000035],[-106.36526134899998,48.030515051000066],[-106.35817655199997,48.033139723000033],[-106.35109114699998,48.035764004000043],[-106.34288024799997,48.036988142000041],[-106.33446916799994,48.037038304000077],[-106.32557072099996,48.036828053000079],[-106.31812278499996,48.034723149000058],[-106.31178819999997,48.031343998000068],[-106.30914156299997,48.026196789000039],[-106.30863219499997,48.020588942000074],[-106.30992188499994,48.015140683000027],[-106.31544562599998,48.011151748000032],[-106.31809600399998,48.005896302000053],[-106.31501275999995,48.000782258000072],[-106.30631885599996,48.00174435200006],[-106.29933439799998,48.004952999000068],[-106.29483390799999,48.009754819000079],[-106.28843437199998,48.013809656000035],[-106.28344534399997,48.018350922000081],[-106.27592109799997,48.021004736000066],[-106.26785026699997,48.020430635000025],[-106.25973000199997,48.019562640000061],[-106.25165951499997,48.018987571000025],[-106.24566854099999,48.014985083000056],[-106.24259091199997,48.009869535000064],[-106.24038829799997,48.004687427000079],[-106.23406114399995,48.001304325000035],[-106.22594390599994,48.000434253000037],[-106.21768588699996,48.001357496000026],[-106.21724864899994,48.00139062900007],[-106.20583756299999,48.004632265000055],[-106.19816378999997,48.00640154000007],[-106.19005226999997,48.008203416000072],[-106.18296253799997,48.010819104000063],[-106.17592137799994,48.013727847000041],[-106.16775908499994,48.015234900000053],[-106.15944908099999,48.015861100000052],[-106.15094266199998,48.015312968000046],[-106.14292279199998,48.015024869000058],[-106.13490299699998,48.01473629700007],[-106.12683433399997,48.01415378300004],[-106.11973559999996,48.011418054000046],[-106.11263750099994,48.008681931000069],[-106.10554003999994,48.005945413000063],[-106.09917143999996,48.00226254200004],[-106.09280360999998,47.998579329000052],[-106.08502858499998,47.997081085000048],[-106.07657414499994,47.99682174700007],[-106.06855705899994,47.996529229000032],[-106.06019998399995,47.996855872000026],[-106.05193995599996,47.997769014000028],[-106.04353408999998,47.997801122000055],[-106.03571188599994,47.996006531000035],[-106.02900817899996,47.992939829000079],[-106.02065138299997,47.993264035000038],[-106.01302206499997,47.995316398000057],[-106.00597460199998,47.998216441000068],[-105.99907142199999,48.001996659000042],[-105.99202252499998,48.004895915000077],[-105.98502121199999,48.008088300000054],[-105.97690319199995,48.009877395000046],[-105.96859197799995,48.010491893000051],[-105.96057361999999,48.010192993000032],[-105.95280037199996,48.008687212000041],[-105.94434489399998,48.00841962700008],[-105.93598553099997,48.008738592000043],[-105.92762607899999,48.009057040000073],[-105.91956016999995,48.00846216900004],[-105.91105696999995,48.007898959000045],[-105.90362695499999,48.00577110200004],[-105.89537042599994,48.004000569000027],[-105.88730550099996,48.003403768000055],[-105.87908975699997,48.004599905000077],[-105.87208257099996,48.007786451000072],[-105.86449412499996,48.010123910000061],[-105.85627702799997,48.011318639000081],[-105.84796440899999,48.011925731000076],[-105.83960406499995,48.012238742000079],[-105.83114859999995,48.011964092000028],[-105.82278816499996,48.012276067000073],[-105.81087994599994,48.012548541000058],[-105.80247194699996,48.012565681000069],[-105.79497493199995,48.01548636900003],[-105.78994908499999,48.020009368000046],[-105.78439025399996,48.023976695000044],[-105.77931563999999,48.028205605000039],[-105.77375536699998,48.032172393000053],[-105.76717723199994,48.035321540000041],[-105.75904921499995,48.037097420000066],[-105.75093410399995,48.036198983000077],[-105.74271127299994,48.037386723000054],[-105.73502003399994,48.039129554000056],[-105.72843914499998,48.042276751000031],[-105.72074687999998,48.044018745000074],[-105.71305417699995,48.045760292000068],[-105.70482931699996,48.046945699000048],[-105.69651034199995,48.04754342800004],[-105.68844162199997,48.046934866000072],[-105.68135883199994,48.04417647300005],[-105.67584075699995,48.040117776000045],[-105.66915035699998,48.037033703000077],[-105.66324270999996,48.033299369000076],[-105.65616264499994,48.030539543000032],[-105.65010970999998,48.034238927000047],[-105.64876066799997,48.039680436000026],[-105.64969398299996,48.045552594000071],[-105.65058079899995,48.051131038000051],[-105.64549464299995,48.055354574000035],[-105.63948522799996,48.059346791000053],[-105.63391301599995,48.063307451000071],[-105.62679312799997,48.065893531000029],[-105.61837773299999,48.065899241000068],[-105.60991584199996,48.065610828000047],[-105.60184559599998,48.064997145000063],[-105.59352315199999,48.065588519000073],[-105.58520054399997,48.06617938200003],[-105.57683144199996,48.066476121000051],[-105.56880771199997,48.066154085000051],[-105.56064529899999,48.064950721000059],[-105.55282880799996,48.06312863900007],[-105.54501278499998,48.061306096000067],[-105.53724336799996,48.059776721000048],[-105.52903633399995,48.058277799000052],[-105.52101393799995,48.057952927000031],[-105.51255361699998,48.057658429000071],[-105.50370133899997,48.057687872000031],[-105.49494091999998,48.058304028000066],[-105.48652656899998,48.058301554000082],[-105.47850439799998,48.057974164000029],[-105.47029905399995,48.056471679000026],[-105.46200256999998,48.054381367000076],[-105.45358876399996,48.054376848000061],[-105.44584145299996,48.055809502000045],[-105.43823075799997,48.058122704000027],[-105.43110318599997,48.060698543000058],[-105.42353691399995,48.063304548000076],[-105.41795031399994,48.067256271000076],[-105.41473601099995,48.072229714000059],[-105.41108297999995,48.077233525000054],[-105.40835136399994,48.08246979200004],[-105.40561927799996,48.08770591800004],[-105.40201008099996,48.093002886000079],[-105.40019920699996,48.098471389000053],[-105.39258144499996,48.100781719000054],[-105.38940875999998,48.10604767600006],[-105.38429991399994,48.11026066800008],[-105.37615079299997,48.112013153000078],[-105.36791047699995,48.113177863000033],[-105.36013890399994,48.111638592000077],[-105.35586091399995,48.106889391000038],[-105.34917942699997,48.103790185000037],[-105.34151383399995,48.105803958000081],[-105.33877495299998,48.111038353000026],[-105.33831865099995,48.116708507000055],[-105.33693991099994,48.122145474000035],[-105.33327748699998,48.12714640300004],[-105.32965965199998,48.132440788000054],[-105.32260910199994,48.135597582000059],[-105.31427432599997,48.136171684000033],[-105.30619774699994,48.135540546000072],[-105.29842488099996,48.133997850000071],[-105.29100105899994,48.13183728000007],[-105.28348782799998,48.129088987000046],[-105.27641390099996,48.126310175000071],[-105.26815946199997,48.124502122000081],[-105.25955660099999,48.123310915000047],[-105.25069468699996,48.12332383200004],[-105.24231615099995,48.123599871000067],[-105.23371392299998,48.122407023000051],[-105.22743086899999,48.118978355000081],[-105.22105921299999,48.114961989000051],[-105.21850135299997,48.109795197000039],[-105.21467305199997,48.105011625000031],[-105.20874217399995,48.100964619000081],[-105.20132556599998,48.098798922000071],[-105.19321061499994,48.09786728000006],[-105.18479085799999,48.097846078000032],[-105.17637110399994,48.097824354000068],[-105.16821227899999,48.096597497000062],[-105.16040354399996,48.094752989000028],[-105.15329492199999,48.09167373400004],[-105.14741370299998,48.08791761100008],[-105.14192734699998,48.083837800000026],[-105.13565344499995,48.08040446900003],[-105.12938024999994,48.076970810000034],[-105.12306360999997,48.073243069000057],[-105.11924510399996,48.068456259000072],[-105.11455069299996,48.063728401000049],[-105.10863048999994,48.059676496000066],[-105.10275511599997,48.055918061000057],[-105.09473539399994,48.055567961000065],[-105.08614567499995,48.054365505000078],[-105.07847764099995,48.056364717000065],[-105.07243108499995,48.060331707000046],[-105.06533171199999,48.063182058000052],[-105.05726742099995,48.06550320100007],[-105.05012293899995,48.068058927000038],[-105.04297785699998,48.070614254000077],[-105.03526263199996,48.072317139000063],[-105.02706491599997,48.073755068000025],[-105.01877951199998,48.07460492000007],[-105.01036304599995,48.07457289000007],[-105.00225426299994,48.073629756000059],[-104.99519964799998,48.070835814000077],[-104.98805868199997,48.067453871000055],[-104.98056710899999,48.064688268000054],[-104.97281158399994,48.063126590000081],[-104.96540799899998,48.060947744000032],[-104.95704167699995,48.058238946000074],[-104.94875740799995,48.059084560000031],[-104.94099774799997,48.060488316000033],[-104.93489859999994,48.064155293000056],[-104.93072508199998,48.06888138100004],[-104.93154635999997,48.074463947000027],[-104.93535047999995,48.079255944000067],[-104.93481359699996,48.084631444000081],[-104.93383808999994,48.090035830000033],[-104.93330097799998,48.095411143000035],[-104.93368424199997,48.101022207000028],[-104.93314701999998,48.106397334000064],[-104.93217101699997,48.111801338000078],[-104.92891470799998,48.11676250000005],[-104.92329116599996,48.120693122000034],[-104.91613458599994,48.123241343000075],[-104.90744526199995,48.124406952000072],[-104.89928833099998,48.123164031000044],[-104.89152744199998,48.121597991000044],[-104.88293244199997,48.120382912000025],[-104.87323637799994,48.120722590000071],[-104.86498538299998,48.121856711000078],[-104.85782622499994,48.124401847000058],[-104.85123393999999,48.127799260000074],[-104.84363464399996,48.130372304000048],[-104.83594908899994,48.132357318000061],[-104.82721416199996,48.133223964000081],[-104.81887516199998,48.13376764700007],[-104.81045063799996,48.133723219000046],[-104.80211141799998,48.134265872000071],[-104.79320532099996,48.133955115000049],[-104.78536066399994,48.131795446000069],[-104.77791292399996,48.129313025000044],[-104.76958804999998,48.126887063000027],[-104.76293436999998,48.123759249000045],[-104.75544611899994,48.120981705000077],[-104.74712328099997,48.118554303000053],[-104.74086813199995,48.115103116000057],[-104.73346655199998,48.112911968000049],[-104.72800574699994,48.108815776000029],[-104.72016664699999,48.10665216700005],[-104.71241248699994,48.105075807000048],[-104.70438861099996,48.104702673000077],[-104.69722476499999,48.107239471000071],[-104.69158715799995,48.111160598000026],[-104.68923103499998,48.116353468000057],[-104.69003079699996,48.121936647000041],[-104.68995287799999,48.127576096000041],[-104.68855807999995,48.133299991000058],[-104.68247851099994,48.137248597000053],[-104.67539399699996,48.140371651000066],[-104.66765969799997,48.142053236000038],[-104.66129449199997,48.142235523000068],[-104.65927611099994,48.142293263000056],[-104.65183224099997,48.139804010000034],[-104.64518320799999,48.136670553000044],[-104.64012332799996,48.132249240000078],[-104.63805306399996,48.127043868000044],[-104.63813579199996,48.121404440000049],[-104.63734079799997,48.115820948000078],[-104.63742357699999,48.110181322000074],[-104.63798694499997,48.104807458000039],[-104.64034699299998,48.099615290000031],[-104.64042947199994,48.093975374000081],[-104.63537348399996,48.089553290000026],[-104.62718504599997,48.087999985000067],[-104.61916394499997,48.08762179200005],[-104.61139310199997,48.089006548000043],[-104.60422723299996,48.091538559000071],[-104.59662205399997,48.094098060000078],[-104.58949656499999,48.096923152000045],[-104.58289230499997,48.10030781100005],[-104.57463871299996,48.101424346000044],[-104.56716181699994,48.098636224000074],[-104.56012435199995,48.095819899000048],[-104.55308753999998,48.093003183000064],[-104.54494211499997,48.09173885000007],[-104.53664765099995,48.092559184000038],[-104.52835296499995,48.093379009000046],[-104.52126565999998,48.096494446000065],[-104.51313513199995,48.098489021000034],[-104.50471576399997,48.098425612000028],[-104.50427697399999,48.098453200000051],[-104.49836690299998,48.097342065000078],[-104.49248457599998,48.093263776000072],[-104.48787812899997,48.088808639000035],[-104.48410867199999,48.084004292000031],[-104.48033980999998,48.07919976800008],[-104.47696913599998,48.074073609000038],[-104.47276285999999,48.069296226000063],[-104.46533554999996,48.066796178000061],[-104.45755215799994,48.064911090000066],[-104.44917838399999,48.065138199000046],[-104.44084540399996,48.065658768000048],[-104.43207369099997,48.066206181000041],[-104.42330182199998,48.066753026000072],[-104.41528480599999,48.066362749000064],[-104.40825810199999,48.063538262000066],[-104.40087480499994,48.061328631000038],[-104.39277740699998,48.060349029000065],[-104.38436344199994,48.060278142000072],[-104.37771122499998,48.063359195000032],[-104.37727263099998,48.063386374000061],[-104.36618618399996,48.063183412000058],[-104.36759859199998,48.163937691000058],[-104.36759932299998,48.163989738000055],[-104.36814149499997,48.202568586000041],[-104.07556777499997,48.20253247200003],[-104.07721440499995,48.504765991000056],[-104.07724410399999,48.510186946000033],[-104.08240158399997,48.700552053000081],[-104.08482389599999,48.789505332000033],[-104.08700720899998,48.99599485300007],[-104.08701306399996,48.996546461000037],[-104.11286792799996,48.996444512000039],[-105.22836312799996,48.998583687000064],[-106.31414867399997,48.99536043300003],[-106.87439827999998,48.994570909000061],[-106.92524056699995,48.994386769000073],[-107.29959607199999,48.990826389000063],[-107.53361171999995,48.988084954000044],[-108.13126928699995,48.985739288000048],[-108.70867601999998,48.977683935000073],[-109.27638118399994,48.973135551000041],[-109.89953976899994,48.976350859000036],[-110.08184284199996,48.976683491000074],[-110.55961458499996,48.976413010000044],[-110.69702097899994,48.976803679000056],[-111.17273649599997,48.977099802000055],[-111.77594038799998,48.986965946000055],[-112.31133481299997,48.99299600900008],[-112.34499865699996,48.993283466000037],[-112.86640574899997,48.99668762500005],[-113.02053172499996,48.996966426000029],[-113.35843361599996,49.001153402000057],[-113.89644560999994,49.003722362000076],[-113.89483035499995,48.95646871100007],[-113.89380757899994,48.916975798000067],[-113.88638440699998,48.889429150000069],[-113.87668917299999,48.864881620000062],[-113.86533510999999,48.843853619000072],[-113.86518563399994,48.843636566000043],[-113.81867297799994,48.776004103000048],[-113.80549932799994,48.756815338000081],[-113.78450092699995,48.725124039000036],[-113.75244640099999,48.676669314000037],[-113.71584500999995,48.616277181000044],[-113.68367455399999,48.556506732000059],[-113.66225309499998,48.516630582000062],[-113.63908208899994,48.485704554000051],[-113.63541777099999,48.479378964000034],[-113.61094441399996,48.43709154700008],[-113.60530224099995,48.404168076000076],[-113.60905638799994,48.384741953000059],[-113.61325863199994,48.362249595000037],[-113.61847075599997,48.361567725000043],[-113.64373883699994,48.306547456000033],[-113.66598490599995,48.258219638000071],[-113.68475928299995,48.211731274000044],[-113.71173101299996,48.144803540000055],[-113.72458873799997,48.111719698000059],[-113.73981918199996,48.072478046000072],[-113.70479651899996,48.035883935000072],[-113.66835740199997,47.997362494000072],[-113.63647528299998,47.935956483000041],[-113.57835761599995,47.836454368000034],[-113.54565669399994,47.78235429700004],[-113.51480744299994,47.742154119000077],[-113.48315570799997,47.71138790100008],[-113.46934779699995,47.697544128000061],[-113.44507848899997,47.682964758000026],[-113.42635531999997,47.673677183000052],[-113.37390206399999,47.64610824600004],[-113.32233622199999,47.608328192000045],[-113.28032732799994,47.564855254000065],[-113.25453130899996,47.54219650400006],[-113.24366396099998,47.535491593000074],[-113.22590180799995,47.52452741500008],[-113.19058723999996,47.508298996000065],[-113.17819750699999,47.503504668000062],[-113.14956291399994,47.492416741000056],[-113.11680758799997,47.476033677000032],[-113.09886367599995,47.458695737000028],[-113.07902602299998,47.436589709000032],[-113.05994221099996,47.420165408000059],[-113.03592255099994,47.405338242000028],[-113.00636894499996,47.391990177000025],[-112.98490498099994,47.376056152000046],[-112.94870735799998,47.33714997800007],[-112.91324278799999,47.301225154000065],[-112.87462779899994,47.274753352000062],[-112.84230007099995,47.257106046000047],[-112.80047292299997,47.240855304000036],[-112.75275079099998,47.217441746000077],[-112.69247848599997,47.188281708000034],[-112.66318414599999,47.176188140000079],[-112.55824316299999,47.132387177000055],[-112.53369953499998,47.121984353000073],[-112.44565855499997,47.088894284000048],[-112.36175433399995,47.055047483000067],[-112.29089943699995,47.015301573000045],[-112.26338874299995,46.993281602000081],[-112.25110324099995,46.973419449000062],[-112.26364080699994,46.951639414000056],[-112.31288607999994,46.916626696000037],[-112.33407296099995,46.903199054000027],[-112.37745791599997,46.876009658000044],[-112.41550299399995,46.849468518000037],[-112.43425560599997,46.829536528000062],[-112.43914819999998,46.824333525000043],[-112.44991751699996,46.806786051000074],[-112.45635786699995,46.788816524000026],[-112.45909246899998,46.771697321000033],[-112.44028006299999,46.741090072000077],[-112.42426491399999,46.723048572000039],[-112.40035635799995,46.702004979000037],[-112.39244119699998,46.695033959000057],[-112.35665267799999,46.666738544000054],[-112.27968148899998,46.609447861000035],[-112.27664695599998,46.596169726000028],[-112.27543056999997,46.590845485000045],[-112.20465083399995,46.591801974000077],[-112.06808707499999,46.594960152000056],[-111.95118333599999,46.597018562000073],[-111.87010973099996,46.593721649000031],[-111.81352765399998,46.59600963500003],[-111.58654531299999,46.600514535000059],[-111.37600040599995,46.604343270000072],[-110.99749669799996,46.610462501000029],[-110.80887148999994,46.611738643000081],[-110.75116453099997,46.611974631000066],[-110.59936352399995,46.612474813000063],[-110.59645210299999,46.592675992000068],[-110.58471365199995,46.592785079000066],[-110.58216351799996,46.572644838000031],[-110.57428595999994,46.567996921000031],[-110.55571913599999,46.557037309000066],[-110.52198789699997,46.525228923000043],[-110.49777377299995,46.507975798000075],[-110.48302769899999,46.501443043000052],[-110.46706167799999,46.492641164000077],[-110.45374619299997,46.484745476000057],[-110.44020578699997,46.483361524000031],[-110.42522754699996,46.478771209000058],[-110.40922036899997,46.475734763000048],[-110.35711801199994,46.474512162000053],[-110.33064861299994,46.463007499000071],[-110.28236100499998,46.440435899000079],[-110.25985843499996,46.439295487000038],[-110.24053133299998,46.427714386000048],[-110.21883711499999,46.425518236000073],[-110.20410450699995,46.417275046000043],[-110.18121938699994,46.415923629000076],[-110.16297895299999,46.409019005000061],[-110.13897133899997,46.403458755000031],[-110.10407154599994,46.402677072000074],[-110.08909547899998,46.408620671000051],[-110.07646924699998,46.408063582000068],[-110.06399234799994,46.405087354000045],[-110.05749928199998,46.405547755000043],[-110.03646064899999,46.409256474000074],[-110.01630124699994,46.410705532000065],[-110.00717745999998,46.413367462000053],[-109.99496593199996,46.41155720200004],[-109.98038190899996,46.410000373000059],[-109.96958529599999,46.411398107000025],[-109.94681233699998,46.410474869000041],[-109.93807713199999,46.413330243000075],[-109.92095349699997,46.415160016000073],[-109.89911810599995,46.412207437000063],[-109.88252761899997,46.409413270000073],[-109.86982500799996,46.403802461000055],[-109.84016918399999,46.406234402000052],[-109.82895832599996,46.399501293000071],[-109.80089813299998,46.398153954000065],[-109.77474170699998,46.397559843000067],[-109.75130203599997,46.388031666000074],[-109.72051418299998,46.385275228000069],[-109.71416916399994,46.378501380000046],[-109.68643872499996,46.37541572300006],[-109.67217824699998,46.367311015000041],[-109.63796972999995,46.348812731000066],[-109.62379214999999,46.342615178000074],[-109.58457445899995,46.337590662000025],[-109.56369658899996,46.334006295000052],[-109.55151174099996,46.327354188000072],[-109.53600894999994,46.31816585100006],[-109.51395393599995,46.31709690200006],[-109.49689884899999,46.311905890000048],[-109.46607301799997,46.294217890000027],[-109.44970543199997,46.288950345000046],[-109.44053872199999,46.281737303000057],[-109.42466631499997,46.277135877000035],[-109.41040695799995,46.280046410000068],[-109.41293343599995,46.286985849000075],[-109.40927188899997,46.289283140000066],[-109.37709571199997,46.27075612200008],[-109.34798166599995,46.264867238000079],[-109.33189339099994,46.262437460000058],[-109.32048071299994,46.264086568000039],[-109.29966387599995,46.26381681600003],[-109.28367937899998,46.270009123000079],[-109.26840901599996,46.274686582000072],[-109.23888552699998,46.267616443000065],[-109.22626697399994,46.279936503000044],[-109.20429679799997,46.282407403000036],[-109.19016681599999,46.284320023000078],[-109.16033707199995,46.27822343400004],[-109.12929688599996,46.277040491000037],[-109.11982859199998,46.283032881000054],[-109.10482699099998,46.285743498000045],[-109.06629255899998,46.271867250000071],[-109.04668665899999,46.272395033000066],[-109.02233346799994,46.271715981000057],[-109.00296844899998,46.271733401000063],[-108.98292339099999,46.270136938000064],[-108.96638841699996,46.267948009000065],[-108.95607418399999,46.264898108000068],[-108.94600802599996,46.268058282000027],[-108.93453577999998,46.269438747000038],[-108.91923649799998,46.265682344000027],[-108.90945876699999,46.268571068000028],[-108.89721103399995,46.269545476000076],[-108.88239823199996,46.264777575000039],[-108.87184515899997,46.265581906000079],[-108.85872560999996,46.26735831600007],[-108.85068996099994,46.266952986000035],[-108.84227010999996,46.262988268000072],[-108.83564036599995,46.261004623000076],[-108.82334102199997,46.265094421000072],[-108.81477456099998,46.263780122000071],[-108.79652998599994,46.260779695000053],[-108.77825230299999,46.263534509000067],[-108.76585288899997,46.26714878100006],[-108.75552255799994,46.275833486000067],[-108.75303123199996,46.285667329000034],[-108.74278777399996,46.29649923900007],[-108.72510166999996,46.29966672200004],[-108.71106365299994,46.296962182000073],[-108.69705873099997,46.299526722000053],[-108.68130351899998,46.30369827100003],[-108.67487162199996,46.314631263000081],[-108.66892564299997,46.324557439000046],[-108.65563267899995,46.32896484500003],[-108.63794677599998,46.32876357400005],[-108.63360952099998,46.334696463000057],[-108.62796131899995,46.340995697000039],[-108.62080457799999,46.348399134000033],[-108.62018396399998,46.357326328000056],[-108.62238170399996,46.364782351000031],[-108.61916882299994,46.367729331000078],[-108.60093518699995,46.368293946000051],[-108.59484635399997,46.374153917000058],[-108.59319481099999,46.384856899000056],[-108.58812272599994,46.390617960000043],[-108.56997675899999,46.391648339000028],[-108.56690189499994,46.395298998000044],[-108.57009660599999,46.406013134000034],[-108.56864664599999,46.414299098000072],[-108.55650309899994,46.419846129000064],[-108.54238420399997,46.419406302000027],[-108.52853377799994,46.422892235000063],[-108.50702498299995,46.416689010000027],[-108.49185523799997,46.421375371000067],[-108.47416736399998,46.421269606000067],[-108.46036570899997,46.427617865000059],[-108.42800437399995,46.442558146000067],[-108.40705936899997,46.439159806000077],[-108.38781607999999,46.441704574000028],[-108.36420767799996,46.439270688000079],[-108.33647424099996,46.438300069000036],[-108.30716308199999,46.45040438500007],[-108.25548936199999,46.47573374600006],[-108.12591795099996,46.472372445000076],[-108.07691893099997,46.478343568000071],[-108.00407543099999,46.51305293300004],[-107.93513457799997,46.511461078000025],[-107.90403187399994,46.528292490000069],[-107.86697786599996,46.546730422000053],[-107.84705043299999,46.565042908000066],[-107.81525578399999,46.58944451900004],[-107.78871160799997,46.608698425000057],[-107.78644132899996,46.621460199000069],[-107.78588456499995,46.640525344000025],[-107.78902508499999,46.657104938000032],[-107.80029939199994,46.672594264000054],[-107.80319839699996,46.682378387000028],[-107.82150407699999,46.701896967000039],[-107.82309478699995,46.715743924000037],[-107.83140229499998,46.734725112000035],[-107.83801654199999,46.75027087400008],[-107.84509724699996,46.760035043000073],[-107.84878970299997,46.771180128000026],[-107.85931661799998,46.785295572000052],[-107.86875401199995,46.799149699000054],[-107.87307516499999,46.808084920000056],[-107.89184452999996,46.816073931000062],[-107.90920155099997,46.830285426000046],[-107.91760096499996,46.841360746000078],[-107.92079737199998,46.852547883000057],[-107.93050108799997,46.864938650000056],[-107.93873454999999,46.877820489000044],[-107.94509284699996,46.908084514000052],[-107.94803007999997,46.936863390000042],[-107.93381811099994,46.944603890000053],[-107.92423165399998,46.970926551000048],[-107.92479351899999,46.981989777000081],[-107.93015868699996,46.99475028300003],[-107.93060235299998,46.995805235000034],[-107.94290583299994,47.007957608000027],[-107.95010048599994,47.01806166800003],[-107.94505892799998,47.035366004000025],[-107.93356632599995,47.046441058000028],[-107.93566753699997,47.062739775000068],[-107.93120212399998,47.080347180000047],[-107.93402409499998,47.097654643000055],[-107.92829462799995,47.11455384900006],[-107.92700466499997,47.118357213000081],[-107.93230082199995,47.137590196000076],[-107.93161869799997,47.153060779000043],[-107.93297273099995,47.165480634000062],[-107.93860510999997,47.172856471000046],[-107.94340176899999,47.18675711000003],[-107.94672740899995,47.195773515000042],[-107.95982619699998,47.211791070000061],[-107.96091346599997,47.222800118000066],[-107.96748213099994,47.232239580000055],[-107.98193946599997,47.247057125000026],[-107.98856769799994,47.272970030000067],[-107.99203259999996,47.293435189000036],[-107.98674763699995,47.301435087000073],[-107.98966879699998,47.313709029000051],[-107.98095279799998,47.333837952000067],[-107.97689264299999,47.353545287000031],[-107.97915660999996,47.389518272000032],[-107.97783726899996,47.424403461000054],[-107.96739338399999,47.426088708000066],[-107.94886829699999,47.428050993000056],[-107.94004601799998,47.43242310200003],[-107.93415437299996,47.440559952000058],[-107.92320635399994,47.446264737000035],[-107.92919301599994,47.449905819000037],[-107.93281470299996,47.454951989000051],[-107.93433213499998,47.460484916000041],[-107.93208833799997,47.473813383000049],[-107.93323076899998,47.479677970000068],[-107.93431627999996,47.485249226000064],[-107.93831590599996,47.489962779000052],[-107.93992429099995,47.493697065000049],[-107.94629199299999,47.497004923000077],[-107.95372939199996,47.499023272000045],[-107.98236253899995,47.503613107000035],[-107.99435471499999,47.510888459000057],[-107.99916860999997,47.515228827000044],[-108.00150155499995,47.520388980000064],[-108.00345958599996,47.525881121000054],[-108.00334151099997,47.529770038000038],[-108.00902324899994,47.534031913000035],[-108.01470577399999,47.538293495000062],[-108.02215040399994,47.540307804000065],[-108.03326104699994,47.540797821000069],[-108.03968201299995,47.543201877000058],[-108.04450163299998,47.547540207000054],[-108.05018786199997,47.551800116000038],[-108.05694269799994,47.554769945000032],[-108.06476586899998,47.556449566000026],[-108.07322398799994,47.556877985000028],[-108.08150850599998,47.55642657900006],[-108.08719508499996,47.556209984000077],[-108.09553738299996,47.556050807000076],[-108.10266984599997,47.558685966000041],[-108.10942796999996,47.561653093000075],[-108.11739603899997,47.561824926000043],[-108.12562277999996,47.561077728000043],[-108.13863088999994,47.553331177000075],[-108.14662339099999,47.551410368000063],[-108.15300816199999,47.554707842000028],[-108.15582160099996,47.562209202000076],[-108.14960798699997,47.575306057000034],[-108.14935721499995,47.580699183000036],[-108.15632804799998,47.586926640000058],[-108.16700618799996,47.582970484000043],[-108.17390199899995,47.579955000000041],[-108.17908923499999,47.575006409000025],[-108.18549212599999,47.57173672700003],[-108.19299410599996,47.569559752000032],[-108.20049555399999,47.56738234200003],[-108.20872202599998,47.566630066000073],[-108.21605930799996,47.568047382000032],[-108.22452006199995,47.568466253000054],[-108.23422118699995,47.56847250800007],[-108.24256475399994,47.568304201000046],[-108.25079083199995,47.567549348000057],[-108.25768080299997,47.564529424000057],[-108.26462888099996,47.56180213500005],[-108.28133669599998,47.556087465000076],[-108.28910724199994,47.557460992000074],[-108.29719311999997,47.558208168000078],[-108.30516125099996,47.55836886000003],[-108.31332621999996,47.557317155000078],[-108.32093999699998,47.555718935000073],[-108.32922250999997,47.555252241000062],[-108.33724946199999,47.555704020000064],[-108.34578715999999,47.554317322000031],[-108.35328133099995,47.552131282000062],[-108.36071573999999,47.549651830000073],[-108.36881933599994,47.548303740000051],[-108.38792612299994,47.553395716000068],[-108.39595326199998,47.553843986000061],[-108.40466769699998,47.553332424000075],[-108.41154851099998,47.550304482000058],[-108.41790937099995,47.542548521000072],[-108.42177593699995,47.537710876000062],[-108.43617140399999,47.536966224000025],[-108.44431597899995,47.53799753900006],[-108.45354405699999,47.544289587000037],[-108.45882557199997,47.54857258100003],[-108.47325921899994,47.550219713000047],[-108.49465300899999,47.547023186000047],[-108.50372508799995,47.548262722000061],[-108.50988886199997,47.550371562000066],[-108.50972972599999,47.556058625000048],[-108.50277986399999,47.560889556000063],[-108.49793287499995,47.565224471000079],[-108.48941562199997,47.573186278000037],[-108.48777633399999,47.578115756000045],[-108.49455511399998,47.581063302000075],[-108.50327258099998,47.580545380000046],[-108.51583853799997,47.57727789300003],[-108.52418248899994,47.577092093000033],[-108.53221370499995,47.577532184000063],[-108.53668614499998,47.578903231000027],[-108.54452538199996,47.580554753000058],[-108.55242520999997,47.582498677000046],[-108.56020511399998,47.583856400000059],[-108.56829772099996,47.584587188000057],[-108.57707535499998,47.584357340000054],[-108.58499776999997,47.58211777300005],[-108.59702638299996,47.574116158000038],[-108.60556074199997,47.572713019000048],[-108.61371287699995,47.573733945000072],[-108.61944084499999,47.577969329000041],[-108.63034522499999,47.585894513000028],[-108.63713168799995,47.588834790000078],[-108.63940988799999,47.589664149000043],[-108.64429103999998,47.591440874000057],[-108.65213475899998,47.593086054000025],[-108.66007140899995,47.592735527000059],[-108.66822710299999,47.59375308400007],[-108.70739544499997,47.593509013000073],[-108.71561907899996,47.592725751000046],[-108.72381306399996,47.594230049000032],[-108.73184792699999,47.594658180000067],[-108.73969439599995,47.596298230000059],[-108.74537203199998,47.600235190000035],[-108.75067865899996,47.604505972000027],[-108.75911547499999,47.616045837000058],[-108.76597264999998,47.619272083000055],[-108.77351272499999,47.621536910000032],[-108.78130243299995,47.622881666000069],[-108.78965173799998,47.622679400000038],[-108.79719974199998,47.620761777000041],[-108.80462445399996,47.618258276000063],[-108.81477167199995,47.61399988900007],[-108.82417474499999,47.610409295000068],[-108.83443828599997,47.610916045000067],[-108.84537956799994,47.61464180300004],[-108.85557967399996,47.619035398000051],[-108.86126683099997,47.622967192000033],[-108.86410911699994,47.628068772000063],[-108.86614759299994,47.633546334000073],[-108.86868209599999,47.63718427200007],[-108.86824636099999,47.643497321000041],[-108.86762531099998,47.648932251000076],[-108.86731380899994,47.653740045000063],[-108.86669161699996,47.661265122000032],[-108.86875461499994,47.666544786000031],[-108.87145279499998,47.67125757000008],[-108.87918860299999,47.674394047000078],[-108.89014407399998,47.676025244000073],[-108.89695291699996,47.678951600000062],[-108.90376241199999,47.681877585000052],[-108.91063453699996,47.685095816000057],[-108.91639335699995,47.689317115000051],[-108.92048144799998,47.69399826800003],[-108.92605770399996,47.701521387000071],[-108.93287109099998,47.704445702000044],[-108.94110826899998,47.705738942000039],[-108.94859956599998,47.703520712000056],[-108.96320938399998,47.69941755800005],[-108.97559638099995,47.701500757000076],[-108.98575477999998,47.703500727000062],[-108.99233495399994,47.713611800000081],[-108.99172418899997,47.719046158000026],[-108.98975023499997,47.724314199000048],[-108.99350126599995,47.731219863000035],[-109.01438552099995,47.739776328000062],[-109.01935182199998,47.744369402000075],[-109.01973572099996,47.750304004000043],[-109.01491037899996,47.754655055000057],[-109.01293727099994,47.759922871000072],[-109.01232787099997,47.765356564000058],[-109.01121816899996,47.775078483000073],[-109.01607941399999,47.781652187000077],[-109.02395739799999,47.783274720000065],[-109.03132706699995,47.779213709000032],[-109.03975060999994,47.775527244000045],[-109.04886730799996,47.771772553000062],[-109.06205621699996,47.770486338000069],[-109.06999681299999,47.772398703000079],[-109.07745489499996,47.778657597000063],[-109.08508896299998,47.781196313000066],[-109.09266071399998,47.783442132000062],[-109.10103785899997,47.785310166000045],[-109.10940819399997,47.785088148000057],[-109.11765232299996,47.784280746000036],[-109.12514681899995,47.782053224000038],[-109.13257763099995,47.779532840000059],[-109.13994465999997,47.776719600000035],[-109.14780801899997,47.774155755000038],[-109.15542665599997,47.772511338000072],[-109.16354193099994,47.771116248000055],[-109.16785465599997,47.770534569000063],[-109.17172014999994,47.770013083000038],[-109.17996142799996,47.769201835000047],[-109.18784213899994,47.770814849000033],[-109.19541636699995,47.773054968000054],[-109.20366827699996,47.77433187400004],[-109.21155027099996,47.775943478000045],[-109.21973935299997,47.776926995000053],[-109.22933633799994,47.779085054000063],[-109.23783262699999,47.779439828000079],[-109.24583155999994,47.779544611000063],[-109.25463433699997,47.779270652000037],[-109.26281199799996,47.778161988000079],[-109.27073418599997,47.775883358000044],[-109.27697173199999,47.771979120000026],[-109.28348891699994,47.767329819000054],[-109.29035002899997,47.764258931000029],[-109.29508260599994,47.759965255000054],[-109.30062076299998,47.758089537000046],[-109.30542606499995,47.753728322000029],[-109.31116166899994,47.749572983000064],[-109.31646301399996,47.745460501000025],[-109.32282256199994,47.742138536000027],[-109.32812248199997,47.738025503000074],[-109.33391912899998,47.734161375000042],[-109.34132030999996,47.729539275000036],[-109.34811018299996,47.726172720000079],[-109.35502759199994,47.723390537000057],[-109.36237764699996,47.720564671000034],[-109.36991964199996,47.718615495000051],[-109.37752539899998,47.71695825300003],[-109.38575679999997,47.716134293000039],[-109.39398798099995,47.715309828000045],[-109.40183281299994,47.71273069800003],[-109.40811996099995,47.709112015000073],[-109.41390883399998,47.70524411100007],[-109.42019450099997,47.701624784000046],[-109.42598190599995,47.697756273000039],[-109.43070909599999,47.693097438000052],[-109.43705702399996,47.68976955800008],[-109.44439926999996,47.686938933000079],[-109.45199908599994,47.685277327000051],[-109.46035443999995,47.685033451000038],[-109.47618277499998,47.687812148000035],[-109.50531460499997,47.697423300000025],[-109.52865200699995,47.706523602000061],[-109.54171451799999,47.711791966000078],[-109.54996533299999,47.713047897000081],[-109.55787000599997,47.71303929700008],[-109.56629384999997,47.713081149000061],[-109.57458735399996,47.712537920000045],[-109.58163151799994,47.710524002000056],[-109.58923052999995,47.708854767000048],[-109.59687048099994,47.705387399000074],[-109.60321065699998,47.702051811000047],[-109.60792470899997,47.697386820000077],[-109.61689417899998,47.683585657000037],[-109.62373829999996,47.686475079000047],[-109.63129139499995,47.701178755000058],[-109.63958271099995,47.700631503000068],[-109.64817577699995,47.69945500700004],[-109.65616489799999,47.699535465000054],[-109.66428521999995,47.700199937000036],[-109.67257610899998,47.699650652000059],[-109.68086684699995,47.69910085500004],[-109.68896032099997,47.697673841000039],[-109.69423180799998,47.693545887000028],[-109.70112978899999,47.690745672000048],[-109.70789557299997,47.687360612000077],[-109.71509337299995,47.683930734000057],[-109.72361679499994,47.682457129000056],[-109.73227159499999,47.681567433000055],[-109.74015542399997,47.683148545000051],[-109.74803965899997,47.684729188000063],[-109.75739240399997,47.686587714000041],[-109.76534358399999,47.688459537000028],[-109.78706099799996,47.688981298000044],[-109.79328023999994,47.689404651000075],[-109.80150227399997,47.688555215000065],[-109.80932251199994,47.689840054000058],[-109.81714307799996,47.691124433000027],[-109.82496397099999,47.692408354000065],[-109.83345151499998,47.692725667000047],[-109.84237188099996,47.692997595000065],[-109.85055980599998,47.69394300600004],[-109.85911420799994,47.69455085900006],[-109.86663677599995,47.696461555000042],[-109.87276172199995,47.700012337000032],[-109.87815503599995,47.704237008000064],[-109.88238392599999,47.709180609000043],[-109.88661349899996,47.714124003000052],[-109.89280806199997,47.717965805000063],[-109.89783816299996,47.722526583000047],[-109.90280225599997,47.726795006000032],[-109.91003078799997,47.729332337000073],[-109.93939245699994,47.747206927000036],[-109.94705796799997,47.749696959000062],[-110.00651248099996,47.782180027000038],[-110.01308736099998,47.785678138000037],[-110.01893117799995,47.789850689000048],[-110.02507428099995,47.793393540000068],[-110.03085220799994,47.797273493000034],[-110.03583162699999,47.80153604800006],[-110.04087923999998,47.806090327000049],[-110.04506076899997,47.810735331000046],[-110.04967638099998,47.81533464000006],[-110.05356088799999,47.820608648000075],[-110.05614551599996,47.826019025000051],[-110.05742993899997,47.831565841000042],[-110.05647900899999,47.837048238000079],[-110.05415940099999,47.842375151000056],[-110.05122040099997,47.864212337000026],[-110.04983457599997,47.869739638000055],[-110.04786238199995,47.880411052000056],[-110.04827929999999,47.886048002000052],[-110.04999825699997,47.891548386000068],[-110.05171752399997,47.897048654000059],[-110.05929484699999,47.906718124000065],[-110.06311826899997,47.911698522000052],[-110.08552116599998,47.931275171000038],[-110.09094958999998,47.935488343000031],[-110.10000346599998,47.943804650000061],[-110.10502175699997,47.950348382000072],[-110.10841724499994,47.95537248800008],[-110.11268215099994,47.960305068000025],[-110.11614685899997,47.965620611000077],[-110.13140182899997,47.978723330000037],[-110.13910422999999,47.98120067900004],[-110.15400808799996,47.98590807000005],[-110.16210352299998,47.986250205000033]]],[[[-105.31532665899999,45.542347925000058],[-105.30617476799995,45.54300908600004],[-105.29689580199994,45.547025534000056],[-105.21371545199997,45.588133772000049],[-105.11775569999998,45.635815309000066],[-104.90329318799996,45.741071459000068],[-104.72499779899994,45.828476657000067],[-104.47323026499998,45.951710202000072],[-104.22760321999999,46.070153842000082],[-104.12825728799999,46.118789788000072],[-104.06060793699999,46.151819051000075],[-104.06428931999994,46.298606674000041],[-103.97239865999995,46.350666368000077],[-103.53684663399997,46.595295915000065],[-103.46371293599998,46.635629838000057],[-103.20180125999997,46.779285418000029],[-103.01526032599998,46.882338704000063],[-102.65509770099999,47.078148980000037],[-102.55603900299997,47.131599749000031],[-102.39964089799997,47.215525391000028],[-102.34414981599997,47.245199410000055],[-102.17130881999998,47.33650153800005],[-102.13512921199998,47.356169093000062],[-102.07880901599998,47.386738673000082],[-102.05127684399997,47.401662023000029],[-101.97738514799994,47.442023538000058],[-101.95582749599998,47.453063971000063],[-101.93819472999996,47.462088550000033],[-101.88657378099998,47.489500234000047],[-101.85688050199997,47.504723598000055],[-101.84138754899999,47.512660770000025],[-101.84123677999997,47.538408099000037],[-102.66304045099997,48.094024527000045],[-102.70383348299998,48.094252421000078],[-102.72571131099994,48.103823970000064],[-102.75129407699995,48.120184927000025],[-102.76373949499998,48.128278802000068],[-102.77050208599996,48.138171085000067],[-102.78208136399996,48.145548638000037],[-102.80818935299999,48.146134103000065],[-102.84607761599995,48.145741133000058],[-102.87197303399995,48.144430568000075],[-102.90167917199994,48.141784222000069],[-102.94367921399999,48.137743923000073],[-102.95939522699996,48.136558699000034],[-102.98234031399994,48.134241363000058],[-102.99844372999996,48.131515699000033],[-103.02071942899994,48.132305397000039],[-103.04490223099998,48.139458556000079],[-103.07527938799996,48.149600260000057],[-103.09826090399997,48.158464897000044],[-103.12000660599995,48.162772037000082],[-103.14300205099994,48.162628092000034],[-103.15753462699996,48.156768915000043],[-103.16674116499996,48.149294705000045],[-103.17233080299997,48.141181999000025],[-103.19005160799998,48.132425457000068],[-103.19816494999998,48.12773048300005],[-103.20121748699995,48.11915827200005],[-103.20246069999996,48.104285330000039],[-103.20595849099999,48.081591426000045],[-103.21409529699997,48.072185475000026],[-103.22881708499995,48.066660819000049],[-103.25271738799995,48.065500126000074],[-103.26363408699996,48.06218941800006],[-103.26858557899999,48.057776629000045],[-103.28611616399996,48.053634376000048],[-103.30110006099994,48.056262441000058],[-103.31153373999996,48.059253417000036],[-103.31975553099994,48.055609595000078],[-103.32606984499995,48.049343245000045],[-103.33845111099998,48.043576746000042],[-103.35309311299994,48.04337380000004],[-103.36322855799995,48.048273079000069],[-103.36906616499999,48.052694894000069],[-103.37574809499995,48.053871074000028],[-103.37879638999999,48.046950529000071],[-103.38219910799995,48.038588374000028],[-103.41181272699998,48.033650039000065],[-103.44215617099997,48.034708701000056],[-103.45785329399996,48.031591947000038],[-103.49087755599999,48.014240011000027],[-103.50688647099997,48.013707181000029],[-103.52669044099997,48.025287529000082],[-103.54661798199999,48.043495076000056],[-103.55913890099998,48.051802862000045],[-103.58619013999999,48.057517475000054],[-103.59535020999999,48.06008474600003],[-103.60114903499999,48.066869859000064],[-103.60266225499998,48.074725149000074],[-103.59542399699995,48.083308823000039],[-103.58481549899994,48.08899961700007],[-103.57429351099995,48.096817529000077],[-103.57009344799997,48.102858921000063],[-103.57451678699994,48.108536290000075],[-103.58160429299994,48.11003547200005],[-103.60708246999997,48.110028157000045],[-103.61763932299999,48.109553022000057],[-103.62834895899994,48.114519447000077],[-103.63440452699996,48.120458532000043],[-103.63827829699994,48.12592791000003],[-103.64154939999997,48.129416721000041],[-103.64702738199998,48.129344494000065],[-103.64849883299996,48.124166038000055],[-103.64997601699997,48.113417609000066],[-103.65320373699996,48.108139544000039],[-103.65962271299998,48.102917739000077],[-103.66908196799994,48.103567177000059],[-103.68037230099998,48.111696539000036],[-103.68840398299994,48.115032819000078],[-103.69634374899994,48.116240764000054],[-103.70579843599995,48.114043843000047],[-103.71667291899996,48.111883792000071],[-103.73494085399994,48.099700858000062],[-103.74306327999994,48.09402158000006],[-103.74996850799994,48.092678122000052],[-103.75575588199996,48.085353700000041],[-103.76106020599997,48.078412079000032],[-103.76528998299995,48.069990829000062],[-103.76894007599998,48.037402778000057],[-103.77704858999999,48.02783215900007],[-103.78639428099996,48.021319098000049],[-103.79689221899997,48.013885060000064],[-103.80478144399996,48.012575935000029],[-103.81471688999994,48.013993356000071],[-103.81968882499996,48.019680924000056],[-103.82643962099996,48.022704469000075],[-103.83170979399995,48.024106317000076],[-103.83597689799996,48.021013588000073],[-103.84991250899998,48.00740010700008],[-103.85842257699994,48.004344296000056],[-103.86823081899996,48.001496816000042],[-103.88583232699995,47.99990114600007],[-103.89994735699997,47.999414210000054],[-103.90003690599997,47.789505685000051],[-103.87875770599999,47.789310698000065],[-103.96164773999999,47.789840321000042],[-104.01900887799997,47.788995661000058],[-104.05060529899998,47.788247236000075],[-104.07473374899996,47.77654177900007],[-104.08815006899994,47.768335370000045],[-104.10279037499998,47.75926475600005],[-104.11504993199998,47.748199450000072],[-104.12568718899996,47.736874439000076],[-104.13080330199995,47.723745718000032],[-104.13810485999994,47.711195946000032],[-104.13684257399996,47.697739943000045],[-104.13976631399998,47.684029611000028],[-104.15433180899998,47.674597799000026],[-104.17259680299998,47.669212612000081],[-104.18895884799997,47.66144756500006],[-104.20175351399996,47.650692510000056],[-104.21345078699994,47.639646627000047],[-104.22067804599999,47.626735901000075],[-104.22253462599997,47.61308497300007],[-104.22814215599999,47.599915646000056],[-104.24267414799999,47.590471910000076],[-104.25102901699995,47.578200120000076],[-104.26384311499999,47.567789877000052],[-104.27608316599998,47.557056988000056],[-104.28385720199998,47.544460828000069],[-104.29551953299995,47.533404335000057],[-104.30006077099995,47.520293613000035],[-104.30184875399999,47.506283887000052],[-104.30420517599998,47.492594611000072],[-104.30603919799995,47.478937142000063],[-104.31825424399995,47.468197610000061],[-104.32657747699994,47.455916719000072],[-104.33992238999997,47.44581647900003],[-104.35558695499998,47.437351626000066],[-104.36441945599995,47.425034689000029],[-104.37106917799997,47.412140384000054],[-104.38496617599998,47.402355218000025],[-104.39824169599996,47.391894093000076],[-104.41099224099997,47.381464149000067],[-104.42094313499996,47.369782904000033],[-104.43482268899999,47.359991367000077],[-104.44419696099999,47.347987044000035],[-104.45351907099996,47.335628110000073],[-104.45441362899999,47.334501518000081],[-104.46506299799995,47.324196634000032],[-104.46909622699997,47.315381025000079],[-104.47814703099999,47.308742350000045],[-104.48776434399997,47.302423379000061],[-104.49510594499998,47.294821952000063],[-104.50296537499997,47.287186778000034],[-104.51252798599995,47.280512059000046],[-104.52270577099995,47.274510425000074],[-104.53288158299995,47.268507912000075],[-104.54243807799998,47.261830696000061],[-104.55359954099998,47.255406123000057],[-104.56604270999998,47.25068157700008],[-104.57964242099996,47.250518901000078],[-104.59254823899994,47.252896924000027],[-104.60508370599996,47.256367960000034],[-104.61757118299994,47.25948422700003],[-104.63137059299999,47.260730511000077],[-104.63982717299996,47.253759982000076],[-104.64605634199995,47.245863082000028],[-104.64845172299994,47.236787754000034],[-104.65302175299996,47.22828424100004],[-104.66322694399997,47.222624593000035],[-104.67281196499994,47.216290763000075],[-104.67903315599995,47.208391486000039],[-104.68250956699995,47.199600429000043],[-104.68479836799997,47.189816059000066],[-104.68506162599999,47.180520600000079],[-104.68480624799997,47.171258799000043],[-104.68615610199998,47.162248680000062],[-104.68698715499994,47.153272230000027],[-104.69258240899995,47.144697538000059],[-104.69822587499999,47.13647605500006],[-104.70552199999997,47.128859514000055],[-104.71570603799995,47.123194269000066],[-104.72645620799995,47.117847748000031],[-104.73038891899995,47.108665477000045],[-104.73933158699998,47.101651579000077],[-104.74879011599995,47.094602789000078],[-104.75834662299997,47.088260540000078],[-104.76557960299999,47.080286003000026],[-104.77012205699998,47.071774752000067],[-104.77007194099997,47.071421065000038],[-104.77608183199999,47.05852806200005],[-104.77875186099999,47.051567870000042],[-104.78142129099996,47.044607491000079],[-104.78300517899999,47.037361800000042],[-104.78567352099998,47.030401062000067],[-104.78673928199998,47.023189347000027],[-104.78827182999999,47.01558943100008],[-104.79305742099996,47.00884458400003],[-104.79624050199999,47.001848750000079],[-104.79890583799994,46.994887065000057],[-104.80157057899999,46.98792519400007],[-104.80366757999997,46.980643754000027],[-104.80736486999996,46.97361273100006],[-104.81106132199994,46.966581470000051],[-104.81739084699996,46.959731600000055],[-104.82438662999999,46.953908183000067],[-104.83133073899995,46.94773052100004],[-104.84125959499994,46.944210058000067],[-104.85123780099997,46.941042602000039],[-104.86131604599996,46.938581932000034],[-104.87072525799999,46.93509378400006],[-104.87884739499998,46.929905383000062],[-104.88645178299998,46.924751119000064],[-104.89235379699994,46.918639185000075],[-104.89717136699994,46.912242597000045],[-104.90420509499995,46.906768019000026],[-104.91355630199996,46.902922732000036],[-104.92172151199998,46.898085053000045],[-104.92993633499998,46.893600607000053],[-104.93933490699999,46.890107166000064],[-104.94579543799995,46.884311165000042],[-104.95338871899997,46.879152427000065],[-104.96211470499998,46.874630784000033],[-104.97027243599996,46.869789745000048],[-104.97848003499996,46.865301947000034],[-104.98663527399998,46.860459779000053],[-104.99484046599997,46.855970854000077],[-105.00417845499999,46.852118648000044],[-105.01289697099998,46.847593330000052],[-105.02228395499998,46.844093575000045],[-105.03233975699999,46.841619267000056],[-105.04167328099999,46.837764268000058],[-105.05224285499997,46.835253087000069],[-105.06312109599997,46.83486386900006],[-105.07399920399996,46.834473758000058],[-105.08492888699999,46.834436548000042],[-105.09549834199998,46.835495337000054],[-105.10596448999996,46.835845708000079],[-105.11705007799998,46.836867202000064],[-105.12787623799994,46.836118886000065],[-105.13803058299999,46.834344060000035],[-105.14813228099996,46.832214672000077],[-105.15756146899997,46.82905896300008],[-105.16755729499994,46.826220516000035],[-105.17626032199996,46.821684137000034],[-105.18325930899999,46.816193439000074],[-105.19082463399997,46.811020165000059],[-105.19725358599999,46.80521069100007],[-105.20533160199994,46.80000050600006],[-105.21464819599998,46.79613289100007],[-105.22164093899994,46.790639787000032],[-105.23038756899996,46.786453204000054],[-105.24115105899995,46.785341742000071],[-105.25160960099998,46.78568064600006],[-105.26253061199998,46.785628770000073],[-105.27314753099995,46.787027284000033],[-105.28371212799999,46.788071180000031],[-105.29473925399998,46.788724166000065],[-105.30571368599999,46.789022481000075],[-105.31622617699998,46.789710025000034],[-105.32673889899996,46.790396732000033],[-105.33766066799996,46.790338656000074],[-105.34847607799998,46.789572210000074],[-105.35934445099997,46.789158610000072],[-105.37031926399999,46.789451565000036],[-105.38118747099998,46.789036170000031],[-105.39241026299999,46.787522041000045],[-105.40249566299997,46.785372988000063],[-105.41106885899995,46.780113249000067],[-105.41417091099999,46.773098422000032],[-105.41411738499994,46.772744700000032],[-105.41345472899997,46.764925944000026],[-105.41639517699997,46.756849568000064],[-105.42488868499998,46.747660569000061],[-105.43483768799996,46.741227049000031],[-105.43401195699994,46.732346484000061],[-105.43157724199995,46.717170809000038],[-105.39633360299996,46.708724603000064],[-105.36058020299998,46.692200212000046],[-105.33959958299994,46.663175206000062],[-105.33563607699995,46.650582131000078],[-105.33925865099997,46.63315820300005],[-105.33582848599997,46.629560262000041],[-105.32776380399997,46.621099001000061],[-105.33092191399999,46.591307480000069],[-105.33255990299995,46.574498829000049],[-105.32997182699995,46.561805381000056],[-105.32731433899994,46.548639510000044],[-105.32006169699997,46.532460839000066],[-105.29862839199996,46.509178507000058],[-105.28267828299994,46.48550429800008],[-105.27996392499995,46.471862809000072],[-105.28406462199996,46.452967664000028],[-105.28630520399997,46.437665137000067],[-105.28646443799994,46.436577302000046],[-105.28565953599997,46.421844703000033],[-105.28840778199998,46.40781374900007],[-105.28629059699995,46.388879002000067],[-105.28261769999995,46.373393877000069],[-105.28865208699995,46.344335216000047],[-105.29707540699997,46.317489974000068],[-105.29225096499994,46.303516097000056],[-105.29539412999998,46.287543200000073],[-105.29792455399996,46.272090386000059],[-105.28889561799997,46.26223273100004],[-105.26953283799998,46.256926895000049],[-105.26195731199999,46.252214438000067],[-105.23538819099997,46.249324031000071],[-105.22516212799997,46.245274386000062],[-105.20762192599994,46.22885369800008],[-105.19732124699999,46.219557144000078],[-105.19001291599994,46.20503735300008],[-105.18992660599997,46.204446805000032],[-105.18378831599995,46.19771957100005],[-105.17610045099997,46.180361411000035],[-105.17601430599996,46.179770817000076],[-105.17158016899998,46.172922912000047],[-105.16952499599995,46.164714126000035],[-105.15700190599995,46.154879256000072],[-105.15695893999998,46.154583935000062],[-105.15503511699995,46.147260535000044],[-105.13945394199999,46.12567990000008],[-105.13936821399994,46.125089203000073],[-105.13383545499994,46.116526579000038],[-105.13106615499998,46.109261717000038],[-105.12115252799998,46.091159319000042],[-105.12106701799996,46.090568561000055],[-105.11779036399997,46.082741935000058],[-105.11706112399997,46.074736689000076],[-105.11225904599996,46.068210148000048],[-105.10546419199994,46.062718051000047],[-105.10613763399999,46.055509481000058],[-105.10549548799997,46.048094473000049],[-105.10235085899996,46.041152915000055],[-105.09530418599996,46.033887375000063],[-105.08732719199998,46.029073741000047],[-105.07782499099994,46.025559779000048],[-105.06912958399994,46.021690487000058],[-105.05950224799994,46.017288783000026],[-105.04923998499999,46.014422652000064],[-105.03876619099998,46.013062489000049],[-105.02786879499996,46.011730933000081],[-105.01722704299999,46.009187162000046],[-105.00709450599999,46.007204079000076],[-104.99959643199998,45.999666680000075],[-104.99955430499995,45.999371196000027],[-104.99434611499998,45.992868494000049],[-104.98752751299997,45.987073769000062],[-104.98193973399998,45.980895202000056],[-104.98436367099998,45.973864131000028],[-104.98547371799998,45.966625337000039],[-104.98615978899994,45.959415727000078],[-104.98684570499995,45.952205990000039],[-104.98706580999999,45.944729921000032],[-104.98728586099998,45.937253720000058],[-104.98708233799994,45.929806707000068],[-104.98645538899996,45.922388886000078],[-104.98413488499995,45.915088200000071],[-104.97813038999999,45.908937723000065],[-104.97835137199996,45.901460901000064],[-104.97730243499996,45.894071833000055],[-104.98014680999995,45.887010094000061],[-104.98523244899997,45.88068830800006],[-104.99264288199998,45.875697395000032],[-104.99675405699998,45.868546945000048],[-105.00225962899998,45.862194858000066],[-105.00636884799997,45.855043876000025],[-105.01144931499999,45.848720590000028],[-105.01255408699996,45.841479420000042],[-105.01408147899997,45.834208700000033],[-105.01387514399994,45.82675991900004],[-105.01240053399994,45.819399253000029],[-105.00796716699995,45.812244273000033],[-105.00991706199994,45.804943704000038],[-105.01317645499995,45.797850357000073],[-105.01601253799998,45.790786240000045],[-105.01922845199999,45.783396878000076],[-105.02164073299997,45.776361838000071],[-105.03194996199994,45.773851472000047],[-105.04297605499994,45.773380159000055],[-105.05336840799998,45.771459334000042],[-105.06207022599995,45.766670164000061],[-105.07089763399995,45.762767235000069],[-105.07875226899995,45.758036061000041],[-105.08419772799999,45.751383238000074],[-105.09052891299996,45.744966374000057],[-105.09605682499995,45.738904123000054],[-105.10483585399999,45.734702999000035],[-105.11036151299999,45.728639997000073],[-105.11407035299999,45.721808770000052],[-105.12280332399996,45.717310621000081],[-105.13254930199997,45.713934778000066],[-105.14085790199994,45.709465145000081],[-105.14958728899995,45.704965066000057],[-105.15970920499996,45.701261577000025],[-105.16708505999998,45.696258646000047],[-105.17120776799999,45.689395352000076],[-105.17621590399995,45.682767556000044],[-105.18215200899999,45.676670817000058],[-105.18948046299994,45.671370678000073],[-105.19883702399994,45.668315151000058],[-105.20076063399995,45.66100930500005],[-105.20580632099995,45.654675593000036],[-105.21651761599998,45.655106432000025],[-105.22624910799999,45.65172306900007],[-105.23538608099994,45.647186500000032],[-105.23991973899996,45.640290100000072],[-105.24542435699999,45.63422003900007],[-105.25181376599994,45.628384909000033],[-105.25592296199994,45.621517859000051],[-105.26277453799997,45.61594746600008],[-105.26688175399994,45.609079875000077],[-105.26926010799997,45.602037444000075],[-105.27475863199999,45.595965608000029],[-105.27974867099999,45.589332407000029],[-105.28659471099996,45.583760347000066],[-105.29394702499997,45.578748864000033],[-105.29455083399995,45.571235495000053],[-105.29823079999994,45.564396563000059],[-105.30545021099999,45.558497142000078],[-105.31094154199997,45.552423174000069],[-105.31415456499997,45.545318209000072],[-105.31532665899999,45.542347925000058]]],[[[-96.983966449999969,39.962281952000069],[-96.648661901999958,39.963880992000043],[-96.495479665999937,39.963904296000067],[-96.493822007999938,40.109326207000038],[-96.646784687999968,40.109536736000052],[-96.984998886999961,40.109127933000025],[-96.983467141999938,39.993192420000071],[-96.983966449999969,39.962281952000069]]],[[[-74.766620831999944,44.975145726000051],[-74.76758231499997,44.970082385000069],[-74.764762134999955,44.967515563000063],[-74.756568104999985,44.965608099000065],[-74.736796058999971,44.967490262000069],[-74.701261779999982,44.972448329000031],[-74.70172942499994,44.968868903000043],[-74.712083351999979,44.964351420000071],[-74.722167523999985,44.965014116000077],[-74.752488291999953,44.960214877000055],[-74.753386516999967,44.929009208000025],[-74.532434060999947,44.931682422000051],[-74.532189487999972,44.95412669600006],[-74.520549180999978,44.953705188000072],[-74.518933140999934,44.978006325000081],[-74.766620831999944,44.975145726000051]]],[[[-88.28906357599999,43.939017805000049],[-88.126205175999985,43.936466407000069],[-88.12338706099996,43.996172203000071],[-88.125474417999953,44.12392684200006],[-88.225727565999989,44.122361612000077],[-88.30162790299994,44.12112355000005],[-88.303527143999986,44.118243376000066],[-88.315449193999939,44.100156967000032],[-88.317677482999954,44.081207540000037],[-88.315991041999951,44.063381642000081],[-88.30308084699999,44.028507496000032],[-88.29018438199995,43.993629916000032],[-88.28906357599999,43.939017805000049]]],[[[-90.823782793999953,46.872568422000029],[-90.849844594999979,46.872097828000051],[-90.848515178999946,46.842301961000032],[-90.808962640999937,46.842243177000057],[-90.80334499199995,46.844625410000049],[-90.794516931999965,46.846509307000076],[-90.78896036499998,46.848149694000028],[-90.790177842999981,46.853031325000075],[-90.796319738999955,46.857362980000062],[-90.800872567999988,46.861260040000047],[-90.797228304999976,46.865950316000067],[-90.792409765999935,46.871709660000079],[-90.78790063799994,46.873762985000042],[-90.779900175999956,46.878652905000081],[-90.774278132999939,46.881033671000068],[-90.77638946899998,46.888181023000072],[-90.779613520999987,46.895000273000051],[-90.785988908999968,46.903058707000071],[-90.794931868999981,46.906384598000045],[-90.802980110999954,46.907444154000075],[-90.81217182599994,46.907804481000028],[-90.81387123899998,46.913447369000039],[-90.815540073999955,46.919460686000036],[-90.825924490999967,46.925071019000029],[-90.833465600999943,46.925737017000074],[-90.842057866999937,46.926815235000049],[-90.843914126999948,46.930604784000082],[-90.844953210999961,46.937707984000042],[-90.850382128999968,46.944238221000035],[-90.856057470999986,46.94780398100005],[-90.861764090999941,46.950998947000073],[-90.870390911999948,46.951704738000046],[-90.88115182699994,46.952864077000072],[-90.886890678999976,46.95568740300007],[-90.900236728999971,46.958431567000048],[-90.908865014999947,46.959134843000072],[-90.915090736999957,46.956028586000059],[-90.917198963999965,46.950162402000046],[-90.915580089999935,46.943409797000072],[-90.916034589999981,46.937851701000056],[-90.922829042999979,46.934395105000078],[-90.931605268999988,46.933244209000065],[-90.937316505999945,46.929745447000073],[-90.940893659999972,46.925793257000066],[-90.948857429999975,46.921264819000044],[-90.959644569999966,46.922047323000072],[-90.964302355999962,46.924826383000038],[-90.969080463999944,46.926122995000071],[-90.976052374999938,46.927130912000052],[-90.982271541999978,46.924021234000065],[-90.988068664999957,46.919408471000054],[-90.995036003999985,46.913724511000055],[-91.003564820999941,46.908842480000033],[-90.926538010999991,46.908888552000064],[-90.926770143999988,46.925996700000042],[-90.858345326999938,46.92670478000008],[-90.85800947499996,46.911078779000036],[-90.825442669999973,46.91129761500008],[-90.823782793999953,46.872568422000029]]],[[[-86.15090721699994,43.489286962000051],[-86.45924991399994,43.493219846000045],[-86.455673927999953,43.480342492000034],[-86.449472941999943,43.471944281000049],[-86.44479193799998,43.463302282000029],[-86.437592019999954,43.451585227000066],[-86.436466234999955,43.43889454300006],[-86.43119728399995,43.430926271000033],[-86.428217761999974,43.424214416000041],[-86.428146664999986,43.414485329000058],[-86.427432150999948,43.405786921000072],[-86.424815745999979,43.396581575000027],[-86.419678188999967,43.391143140000054],[-86.417523236999955,43.38557449800004],[-86.416270462999989,43.377194115000066],[-86.413811814999974,43.366919607000057],[-86.407368140999949,43.36029873800004],[-86.405347848999952,43.350417718000074],[-86.396621793999941,43.342538817000047],[-86.389568863999955,43.333347917000026],[-86.380441392999955,43.321473982000043],[-86.377440886999977,43.31553784700003],[-86.147293855999976,43.314873754000075],[-86.148372882999979,43.401428201000044],[-86.028313651999952,43.400248770000076],[-86.031503320999946,43.488175396000031],[-86.15090721699994,43.489286962000051]]],[[[-88.074009521999983,44.530390431000058],[-88.036368848999984,44.513647096000057],[-88.020483018999983,44.52818641500005],[-88.020165184999939,44.539154087000043],[-88.021762765999938,44.546501391000049],[-88.026631078999969,44.550744160000079],[-88.033840945999941,44.563803963000055],[-88.036934489999965,44.574503438000079],[-88.032735662999983,44.584744683000054],[-88.106004753999969,44.640037624000058],[-88.18880384199997,44.702351435000026],[-88.295250703999955,44.782196682000063],[-88.354825452999989,44.826753386000064],[-88.474039093999977,44.915635645000066],[-88.474882018999949,45.11210198100008],[-88.514426747999948,45.11195828700005],[-88.641809973999955,45.111412568000048],[-88.967636286999948,45.109441309000033],[-88.96545985399996,44.938948284000048],[-88.869254299999966,44.938463808000051],[-88.717673441999978,44.937553670000057],[-88.716632739999966,44.847720674000072],[-88.659778200999938,44.847738608000043],[-88.708134982999979,44.816417300000069],[-88.691258152999978,44.804408555000066],[-88.636082176999935,44.765099234000047],[-88.565362758999981,44.714606874000026],[-88.551720448999959,44.70485235700005],[-88.474571801999957,44.649603225000078],[-88.43316004899998,44.619886037000072],[-88.445117418999985,44.610217722000073],[-88.471153234999974,44.589151581000067],[-88.513182417999985,44.555102933000057],[-88.538460206999957,44.534599945000025],[-88.616851954999959,44.470896363000065],[-88.686711384999967,44.413973761000079],[-88.69103200099994,44.410448517000077],[-88.622022698999956,44.374140902000079],[-88.581640625999967,44.352857469000071],[-88.46174558499996,44.28950370900003],[-88.377574626999944,44.31185808400005],[-88.275617667999938,44.338839489000065],[-88.189982790999977,44.361419841000043],[-88.185519628999941,44.362594653000031],[-88.161339842999951,44.387284026000032],[-88.157014545999971,44.391697902000033],[-88.172766415999945,44.398208240000031],[-88.103118417999951,44.465541724000047],[-88.100385261999975,44.468180264000068],[-88.094422025999961,44.465558535000071],[-88.09180207199995,44.464406516000054],[-88.08491354399996,44.473226837000027],[-88.113923587999977,44.486211271000059],[-88.114933852999968,44.48666323100008],[-88.11015741999995,44.490882658000032],[-88.096834401999956,44.502647989000025],[-88.126703587999941,44.517457878000073],[-88.114859109999941,44.528209534000041],[-88.111444501999983,44.531308188000025],[-88.086826468999959,44.521336567000048],[-88.083104772999945,44.519828383000061],[-88.074009521999983,44.530390431000058]]],[[[-85.619846256999949,45.114419611000073],[-85.617705587999978,45.119276993000028],[-85.608182424999939,45.130003000000045],[-85.59904015699999,45.13836351100008],[-85.587400222999975,45.141249248000065],[-85.582915204999949,45.139685943000075],[-85.579932827999983,45.135130324000045],[-85.57980149499997,45.125536018000048],[-85.577449497999964,45.121271129000036],[-85.571065230999977,45.120989880000025],[-85.565169512999944,45.126019357000075],[-85.562218451999968,45.134435757000062],[-85.557489923999981,45.142674883000041],[-85.547722888999942,45.148585274000027],[-85.542964568999935,45.161133980000045],[-85.540646519999939,45.175319376000061],[-85.543239925999956,45.188468460000081],[-85.547826258999976,45.192883949000077],[-85.557226768999953,45.193411937000064],[-85.56539251099997,45.189047268000081],[-85.567924932999972,45.181827239000029],[-85.572693527999945,45.173351982000042],[-85.586047200999985,45.164138415000025],[-85.597138205999954,45.160489238000025],[-85.602474030999986,45.16307927400004],[-85.603891897999972,45.168944089000036],[-85.605014148999942,45.174545213000044],[-85.608460878999949,45.176262609000048],[-85.619569289999959,45.176685381000027],[-85.629466139999977,45.174134345000027],[-85.641168722999964,45.166698255000028],[-85.648638473999938,45.158199995000075],[-85.653642686999945,45.152376520000075],[-85.660832359999972,45.147687820000044],[-85.664583814999958,45.139127477000045],[-85.666511275999937,45.131377763000046],[-85.672933335999971,45.123032914000078],[-85.681615554999951,45.115349381000044],[-85.683143946999962,45.103494316000081],[-85.690353530999971,45.096529760000067],[-85.698607869999989,45.092523969000069],[-85.701763436999954,45.082356901000026],[-85.708581825999943,45.074641084000064],[-85.738470446999941,45.055843863000064],[-85.752582037999957,45.04368075800005],[-85.758672563999937,45.034107149000079],[-85.762807386999953,45.027251360000037],[-85.768168260999971,45.019056207000062],[-85.766702936999991,45.006000684000071],[-85.761558565999962,44.996962274000055],[-85.759142330999964,44.986704861000078],[-85.761660909999989,44.980437685000027],[-85.771913158999951,44.970118713000033],[-85.784484144999965,44.964297853000062],[-85.791941528999985,44.958785240000054],[-85.806895012999973,44.953872011000044],[-85.932037969999953,44.965974441000071],[-85.927839891999952,44.87004586300003],[-85.806405740999935,44.87080110200003],[-85.64581136999999,44.869698718000052],[-85.637292138999953,44.888061074000063],[-85.633423360999984,44.896374926000078],[-85.630526447999955,44.898655721000068],[-85.626812020999978,44.90913905900004],[-85.620500766999953,44.916893866000066],[-85.60907847499999,44.924950507000062],[-85.599628584999948,44.927055370000062],[-85.591676589999963,44.929281993000075],[-85.586857829999985,44.937157269000068],[-85.590319326999975,44.943911575000072],[-85.590460638999957,44.958663182000066],[-85.585294350999959,44.968666756000061],[-85.581913905999954,44.977018522000037],[-85.58305009299994,44.982503816000076],[-85.593663369999945,44.982651623000038],[-85.601236879999988,44.979674739000075],[-85.607999026999948,44.97231744100003],[-85.615972214999942,44.96685593400008],[-85.623084275999986,44.966716207000047],[-85.62583798299994,44.971613674000025],[-85.622020057999976,44.979570952000074],[-85.612086762999979,44.98774891100004],[-85.60838795899997,45.004342707000035],[-85.602548186999968,45.015369626000052],[-85.598845340999958,45.031962201000056],[-85.592478785999958,45.036834831000078],[-85.584473446999937,45.036181659000079],[-85.576756465999949,45.033754238000029],[-85.576316067999983,45.04270465500008],[-85.577722773999938,45.049649080000052],[-85.581977986999959,45.054669234000073],[-85.589582492999966,45.05780571400004],[-85.597808747999977,45.069618542000057],[-85.597969435999971,45.081133014000045],[-85.596259721999957,45.088541390000046],[-85.601848648999976,45.094746979000035],[-85.610287975999938,45.099027639000042],[-85.616552499999955,45.104209042000036],[-85.619311594999942,45.109105255000031],[-85.619846256999949,45.114419611000073]]],[[[-89.143784911999944,46.963846770000032],[-89.142000684999971,46.947000407000075],[-89.082564998999942,46.94783082500004],[-89.08223161799998,46.974192989000073],[-89.143784911999944,46.963846770000032]]],[[[-86.280167734999964,44.001221883000028],[-86.276186380999945,43.661591540000074],[-86.152745720999974,43.660065898000028],[-86.159230288999936,44.000907098000027],[-86.280167734999964,44.001221883000028]]],[[[-85.878040569999939,46.229167578000045],[-85.875394282999935,46.144143961000054],[-85.757781107999961,46.143308068000067],[-85.759515180999983,46.227677645000028],[-85.878040569999939,46.229167578000045]]],[[[-88.110267353999973,31.742902636000053],[-88.107642107999936,31.741605660000062],[-88.109459158999982,31.735803648000058],[-88.110394246999988,31.730634568000028],[-88.107538268999974,31.726580431000059],[-88.105458285999987,31.722933234000038],[-88.10503577299994,31.719060184000057],[-88.105742048999957,31.712128122000024],[-88.104438089999974,31.708887976000028],[-88.102023957999961,31.704517459000044],[-88.097107089999952,31.700658829000076],[-88.09553970799999,31.696002079000039],[-88.094959940999956,31.689672893000079],[-88.093974969999977,31.683313557000076],[-88.051994957999966,31.682532626000068],[-88.065926293999951,31.749718499000039],[-88.110267353999973,31.742902636000053]]],[[[-88.137608225999941,31.75640388000005],[-88.153995548999944,31.796384745000069],[-88.191179585999976,31.796682093000072],[-88.190696167999988,31.789312128000063],[-88.188680542999975,31.784972752000044],[-88.185307675999979,31.781930424000052],[-88.182886719999942,31.777561116000072],[-88.182264224999983,31.771578055000077],[-88.179948775999947,31.766168778000065],[-88.175870636999946,31.762026470000023],[-88.170806292999941,31.75955743600008],[-88.16172026199996,31.756441855000048],[-88.155033970999966,31.753852188000053],[-88.148578112999985,31.753025351000076],[-88.137608225999941,31.75640388000005]]],[[[-90.616460458999939,46.862438602000054],[-90.617045983999958,46.843125647000079],[-90.607800788999953,46.843492860000026],[-90.607720624999956,46.82563927700005],[-90.599011630999939,46.832349769000075],[-90.59678101999998,46.839324436000027],[-90.594646399999988,46.845187256000031],[-90.596260099999938,46.851574981000056],[-90.601848194999945,46.85589359800008],[-90.608041453999988,46.85949284600008],[-90.616460458999939,46.862438602000054]]],[[[-90.015786891999937,46.071048769000072],[-90.014320829999974,45.989307161000056],[-89.979994719999979,45.988736908000078],[-89.979055916999982,45.901936865000039],[-89.782889633999957,45.900128788000075],[-89.782725769999956,45.877159454000036],[-89.746471497999948,45.87710760300007],[-89.749037774999977,45.988315425000053],[-89.755852498999957,45.98796733000006],[-89.757817005999982,46.071101757000065],[-90.015786891999937,46.071048769000072]]],[[[-88.437652352999976,46.760061314000041],[-88.433113581999976,46.669143154000039],[-88.302221822999968,46.670839349000062],[-88.298961727999938,46.761127216000034],[-88.301288924999938,46.820745019000071],[-88.295886694999979,46.825188168000068],[-88.278841464999971,46.828475189000073],[-88.266478805999952,46.838695729000051],[-88.253600103999986,46.847457407000036],[-88.555908818999967,46.848134994000077],[-88.552830894999943,46.760903246000055],[-88.437652352999976,46.760061314000041]]],[[[-85.715317198999969,45.73443573000003],[-85.714750374999937,45.725299771000039],[-85.70667332499994,45.720350181000072],[-85.704682596999987,45.711578778000046],[-85.704573705999962,45.70068427700005],[-85.702449635999983,45.692739138000036],[-85.690941442999986,45.690026326000066],[-85.680136028999982,45.69873358500007],[-85.675973609999971,45.708569358000034],[-85.675735912999983,45.72051299900005],[-85.677665225999988,45.72963892000007],[-85.690578050999989,45.734258504000081],[-85.703321208999967,45.73467652100004],[-85.715317198999969,45.73443573000003]]],[[[-85.552879254999937,45.828589024000053],[-85.552701450999962,45.796517096000059],[-85.549119029999986,45.793356723000045],[-85.540784844999962,45.794118499000035],[-85.533125477999988,45.794934369000032],[-85.526609792999977,45.792971374000047],[-85.52544445999996,45.787613358000044],[-85.531781103999947,45.782384285000035],[-85.533677391999959,45.779188161000036],[-85.530927882999947,45.775137376000032],[-85.524492425999938,45.772701979000033],[-85.515691471999958,45.776295379000032],[-85.501960721999978,45.776616816000057],[-85.471203462999938,45.776508453000076],[-85.465629614999955,45.78945402100004],[-85.464765068999952,45.794647617000066],[-85.471279013999947,45.796613704000038],[-85.482439970999962,45.799435921000054],[-85.502944672999945,45.807800783000062],[-85.515870772999961,45.816504902000077],[-85.525736500999983,45.823045696000065],[-85.539059302999988,45.82938650300008],[-85.552879254999937,45.828589024000053]]],[[[-90.835100569999952,46.605969100000038],[-90.834969206999972,46.58496738000008],[-90.81631340499996,46.585091229000057],[-90.815015314999982,46.413166088000025],[-90.562646116999986,46.414099961000034],[-90.564854221999951,46.538945307000063],[-90.494147414999986,46.537719131000074],[-90.495795781999959,46.575508324000054],[-90.504053251999949,46.580568118000031],[-90.51454455399994,46.581434340000044],[-90.532147617999954,46.579166495000038],[-90.543048670999951,46.575332843000069],[-90.553613956999982,46.575341846000072],[-90.566905076999944,46.579748497000026],[-90.585218411999961,46.590789028000074],[-90.604703714999971,46.602731567000035],[-90.62303043299994,46.613766184000042],[-90.645228840999948,46.623241005000068],[-90.659375111999964,46.632385473000056],[-90.677829207999991,46.64213056300008],[-90.694356212999935,46.652651992000074],[-90.702603702999966,46.65812532800004],[-90.716103397999973,46.660380931000077],[-90.723726192999948,46.658543919000067],[-90.741855721999968,46.657554413000071],[-90.755941095999958,46.660257700000045],[-90.766222341999935,46.656381746000079],[-90.764612163999971,46.653318635000062],[-90.745971749999967,46.653005473000064],[-90.735645101999978,46.650022686000057],[-90.733488454999986,46.64608030800008],[-90.746581889999959,46.645745887000032],[-90.759126708999986,46.644531426000071],[-90.769476628999939,46.639800961000049],[-90.773112297999944,46.633518123000044],[-90.780979653999964,46.628688232000059],[-90.792971591999958,46.626591805000032],[-90.804662142999973,46.620626112000025],[-90.814012921999961,46.612853340000072],[-90.823043304999942,46.60892367200006],[-90.835100569999952,46.605969100000038]]],[[[-89.701799892999986,48.033147942000028],[-89.712636875999976,48.032136612000045],[-89.724481156999957,48.032307754000044],[-89.752192692999984,48.034727047000047],[-89.773429766999982,48.034190814000056],[-89.77890236099995,48.027623332000076],[-89.789578947999985,48.022620610000047],[-89.803715262999958,48.019669885000042],[-89.818067618999976,48.020137261000059],[-89.828332563999936,48.021932029000027],[-89.836878838999951,48.021185208000077],[-89.83615486299999,48.015275091000035],[-89.834845985999948,48.010775742000078],[-89.83128241299994,48.006765431000076],[-89.833047143999977,48.002406126000039],[-89.833963495999967,47.997712063000051],[-89.834001819999969,47.992977885000073],[-89.833132489999969,47.988498230000062],[-89.832263284999954,47.984018506000041],[-89.830955364999966,47.979518683000038],[-89.829647634999958,47.975018784000042],[-89.826993910999988,47.970753333000062],[-89.827032758999962,47.966018761000043],[-89.829674047999958,47.961699039000052],[-89.828805479999971,47.957218923000028],[-89.828844178999987,47.952484152000068],[-89.82841442199998,47.948023946000035],[-89.829739072999985,47.943643846000043],[-89.834482589999936,47.94030796800007],[-89.838378286999955,47.936637179000058],[-89.83929324099995,47.931942126000081],[-89.838454166999952,47.927166962000058],[-89.837147007999988,47.922666408000055],[-89.835840038999947,47.918165780000038],[-89.837163510999972,47.913785204000078],[-89.840210413999955,47.909779312000069],[-89.844980462999956,47.90614800000003],[-89.846741311999949,47.901787162000062],[-89.847684818999937,47.896796821000066],[-89.848160238999981,47.892081148000045],[-89.848635585999943,47.887365406000072],[-89.849957471999971,47.88298429200006],[-89.851279170999987,47.878603105000082],[-89.851261050999938,47.878612848000046],[-89.837967254999967,47.882480657000031],[-89.837202123999987,47.88270321400006],[-89.827646654999967,47.88280138600004],[-89.823665870999946,47.88284208500005],[-89.800133887999948,47.895406793000063],[-89.794339998999988,47.894192910000072],[-89.769683981999947,47.903858178000064],[-89.758967173999963,47.903931431000046],[-89.74437211999998,47.91708906000008],[-89.725212272999954,47.933443599000043],[-89.70998078599996,47.933492793000028],[-89.697189188999971,47.931759266000029],[-89.668087076999939,47.947262403000082],[-89.652268718999949,47.955615253000076],[-89.642749552999987,47.957630868000081],[-89.637726528999963,47.962510480000049],[-89.635362796999971,47.974336462000053],[-89.630722009999943,47.98093893500004],[-89.610178473999952,47.99114807400008],[-89.600612748999936,47.993537573000026],[-89.600694259999955,47.97933073300004],[-89.594830401999957,47.973368411000081],[-89.583718359999978,47.971704225000053],[-89.568638574999966,47.972882092000077],[-89.559639100999959,47.980601362000073],[-89.549974529999986,47.986582871000053],[-89.540206312999942,47.98820061400005],[-89.528110692999974,47.990464172000031],[-89.516475521999951,47.993696188000058],[-89.504658129999939,47.998623826000028],[-89.490411525999946,48.002486078000061],[-89.481820006999953,48.008893432000036],[-89.484989320999944,48.010940994000066],[-89.491470920999973,48.011063701000069],[-89.501986264999971,48.010432646000027],[-89.506902884999988,48.009342532000062],[-89.520487900999967,48.006394274000058],[-89.533530103999965,48.004555578000065],[-89.548737001999939,47.999597902000062],[-89.557102381999982,47.997912664000069],[-89.563542884999947,47.998408974000029],[-89.569523408999942,48.000588347000075],[-89.573836437999944,47.999846094000077],[-89.58436885399999,47.999020094000059],[-89.590029577999985,48.001562278000051],[-89.596817811999983,48.006810107000035],[-89.60405394899999,48.015867829000058],[-89.609657680999987,48.018974618000072],[-89.621139081999956,48.01989560100003],[-89.62812940799995,48.023256373000038],[-89.632231247999982,48.027238538000063],[-89.640701853999985,48.027258184000061],[-89.64914717299996,48.024813321000067],[-89.658511886999975,48.029799382000078],[-89.663610171999949,48.029659430000038],[-89.673662798999942,48.028046138000036],[-89.689800194999975,48.027663332000031],[-89.701799892999986,48.033147942000028]]],[[[-77.951230358999965,42.788856044000056],[-77.950340987999937,42.771122762000061],[-77.902570181999977,42.77107032400005],[-77.902915796999935,42.780275477000032],[-77.89278614899996,42.789331245000028],[-77.895321401999979,42.804494961000046],[-77.945508860999951,42.802792821000025],[-77.951582758999962,42.798060842000041],[-77.951230358999965,42.788856044000056]]],[[[-84.873393343999965,45.755174568000029],[-84.878750994999962,45.757104767000044],[-84.881499564999956,45.760933519000048],[-84.894508326999983,45.762351826000042],[-84.900812948999942,45.75810425800006],[-84.905417549999981,45.754355137000061],[-84.916651084999955,45.755572781000069],[-84.927191908999987,45.758871382000052],[-84.928000166999936,45.76402918000008],[-84.941104558999939,45.762457680000068],[-84.950416258999951,45.760560577000035],[-84.959901344999935,45.76256872600004],[-84.979859595999983,45.763374724000073],[-84.961321826999949,45.749520239000049],[-84.953392029999975,45.741059818000053],[-84.945721762999938,45.73112409600003],[-84.944309266999937,45.71962811800006],[-84.946798394999973,45.710262087000046],[-84.959183911999958,45.702940328000068],[-84.974348709999958,45.694358245000046],[-84.98446981799998,45.687738875000036],[-84.997728268999936,45.677794151000057],[-85.002567533999979,45.667130612000051],[-85.003118933999986,45.661489758000073],[-85.012618490999955,45.658407741000076],[-85.019860496999968,45.656030958000031],[-85.034304471999974,45.653967088000059],[-85.042220691999944,45.650149704000057],[-85.056662608999943,45.648083314000075],[-85.076899300999969,45.639621451000039],[-85.091800770999953,45.627412500000048],[-85.093865212999958,45.61291877900004],[-85.105596813999966,45.59924247500004],[-85.121962295999936,45.588351479000039],[-85.13233799599999,45.577552044000072],[-85.137870097999951,45.565145802000075],[-85.137871167999947,45.557661449000079],[-85.134008689999973,45.545360062000043],[-85.122216614999957,45.539573655000027],[-85.118020295999941,45.53173382600005],[-85.114513131999956,45.524850180000044],[-85.11216511799995,45.518663212000035],[-85.102478886999961,45.513052302000062],[-85.101811461999944,45.507007226000042],[-85.09708397899999,45.497324121000077],[-85.090491661999977,45.491075634000026],[-85.08016070299999,45.481814047000057],[-85.07931524199995,45.471860129000049],[-85.06778139499994,45.462195060000056],[-85.06411763899996,45.453797482000027],[-85.051763935999986,45.446456246000025],[-85.015648133999946,45.421508954000046],[-84.988977263999971,45.418326123000043],[-84.974625815999957,45.417693694000036],[-84.961675536999962,45.41388511100007],[-84.942399309999985,45.41222635500003],[-84.932547689999979,45.410179216000074],[-84.921782377999989,45.401162338000063],[-84.922553418999939,45.382055968000031],[-84.938526962999958,45.37085161300007],[-84.952196805999961,45.360645426000076],[-84.977615820999972,45.35863815700003],[-84.996163497999987,45.364424584000062],[-85.015555663999976,45.360394919000044],[-85.036074466999935,45.36215031200004],[-85.078291986999943,45.369944864000047],[-85.09697375199994,45.370036136000067],[-85.105921027999955,45.369897578000064],[-85.118990749999966,45.368011478000028],[-85.13867707299994,45.369679465000047],[-85.153722638999966,45.366160166000043],[-85.162769628999968,45.365427150000073],[-85.170978700999967,45.364622797000038],[-85.189071642999977,45.363153704000069],[-85.21219003899995,45.362104791000036],[-85.231787238999971,45.359258935000071],[-85.244660842999963,45.353450944000031],[-85.247999623999988,45.346243958000059],[-85.251167726999938,45.33752512600006],[-85.260465869999962,45.33021812000004],[-85.267356621999966,45.317018768000025],[-85.277607906999947,45.31158733500007],[-85.293460411999945,45.307162208000079],[-85.299178067999947,45.301410373000067],[-85.306665925999937,45.297243544000025],[-85.316435596999952,45.295662440000058],[-85.329868551999937,45.292469007000079],[-85.336330053999973,45.286298486000078],[-85.344246607999935,45.28360286800006],[-85.355588533999935,45.280712245000075],[-85.367511457999967,45.272693951000065],[-84.863338010999939,45.274929073000067],[-84.741124311999954,45.274731632000055],[-84.621352396999953,45.275099741000076],[-84.622484290999978,45.35940017300004],[-84.624780334999969,45.529677389000028],[-84.625951083999951,45.606473573000073],[-84.629836594999972,45.70386105700004],[-84.629154179999944,45.714507439000045],[-84.629384034999987,45.720978962000061],[-84.655450085999973,45.724562916000025],[-84.661339864999945,45.726942374000032],[-84.661180056999967,45.727052162000064],[-84.662121876999947,45.730813756000032],[-84.664183726999966,45.73267177200006],[-84.667214846999968,45.732937906000075],[-84.671929973999966,45.733351751000043],[-84.677991725999959,45.735799979000035],[-84.680811635999987,45.73916145000004],[-84.68308415499996,45.743672581000055],[-84.685820362999948,45.747505587000035],[-84.691462821999949,45.75039528800005],[-84.698032297999987,45.753844891000028],[-84.702749377999965,45.758090193000044],[-84.704813627999954,45.763779993000071],[-84.709447725999951,45.768496649000042],[-84.71627345099995,45.77436255300006],[-84.723985519999985,45.781023808000043],[-84.732456463999938,45.785355437000078],[-84.74518395399997,45.78885961800006],[-84.761661539999977,45.790533075000042],[-84.763970092999955,45.790539903000081],[-84.766959524999947,45.790548683000054],[-84.778770071999986,45.790582700000073],[-84.781994604999966,45.789955165000038],[-84.78727988299994,45.788926381000067],[-84.794142483999963,45.784971312000039],[-84.796201188999987,45.781078473000036],[-84.795032835999962,45.774944559000062],[-84.791972711999961,45.773002861000066],[-84.780924786999947,45.76599111400003],[-84.774055291999957,45.760095270000079],[-84.769323367999959,45.756033134000063],[-84.768755282999962,45.752732055000081],[-84.769700463999982,45.748613093000074],[-84.773436068999956,45.747287438000058],[-84.778306215999976,45.746348953000052],[-84.789096069999971,45.745789150000064],[-84.798778814999935,45.744234273000075],[-84.805244452999943,45.739106570000047],[-84.809659916999976,45.735896636000064],[-84.824237595999989,45.735662304000073],[-84.832290580999938,45.736059694000062],[-84.83182743399999,45.74110908800003],[-84.829154284999959,45.746566031000043],[-84.829434047999939,45.754673281000066],[-84.837338655999986,45.758350310000026],[-84.845233188999941,45.757236125000077],[-84.849699839999971,45.753730088000054],[-84.856329891999962,45.752506116000063],[-84.86165023999996,45.75386310600004],[-84.873393343999965,45.755174568000029]]],[[[-84.659260355999947,30.579234522000036],[-84.657150754999975,30.546102896000036],[-84.620232939999937,30.548069343000066],[-84.620370606999984,30.58039050900004],[-84.659260355999947,30.579234522000036]]],[[[-85.417958732999978,44.945267373000036],[-85.416785995999987,44.862215707000075],[-85.329733890999989,44.862615766000033],[-85.330285768999943,44.944666466000058],[-85.417958732999978,44.945267373000036]]],[[[-83.565300848999982,44.965025675000049],[-83.565788743999974,44.933707378000065],[-83.529374799999971,44.933025090000058],[-83.529436395999937,44.964038359000028],[-83.565300848999982,44.965025675000049]]],[[[-78.318950047999977,42.249732251000069],[-78.318215844999941,42.216712985000072],[-78.276711227999954,42.215797810000026],[-78.276455043999988,42.250085589000037],[-78.318950047999977,42.249732251000069]]],[[[-78.220673923999982,42.409022801000049],[-78.185365974999968,42.388342976000047],[-78.075586960999942,42.474939322000068],[-78.108894089999978,42.496055578000039],[-78.220673923999982,42.409022801000049]]],[[[-77.946270511999955,42.681096582000066],[-78.072142429999985,42.677901260000056],[-78.073597598999982,42.605604580000033],[-77.94713556499994,42.604468505000057],[-77.946270511999955,42.681096582000066]]],[[[-77.979218480999975,42.745831996000049],[-77.978137811999943,42.72877464100003],[-77.93773988099997,42.729823556000042],[-77.936056028999985,42.746472356000027],[-77.979218480999975,42.745831996000049]]],[[[-77.833759244999953,42.906585073000031],[-77.877339734999964,42.925740423000036],[-77.891934795999987,42.907490763000055],[-77.851855259999979,42.889564152000048],[-77.848887017999971,42.896867544000031],[-77.833759244999953,42.906585073000031]]],[[[-84.952632859999937,43.555595545000074],[-84.844283963999942,43.554629118000037],[-84.843664628999989,43.59726411500003],[-84.729804232999982,43.595419288000073],[-84.611774796999953,43.593689969000025],[-84.611280867999938,43.811331497000026],[-84.73153924799999,43.812024176000079],[-84.732008076999989,43.727300309000043],[-84.869042525999987,43.728318907000073],[-84.965489604999959,43.728945947000057],[-84.96397759499996,43.555691300000035],[-84.952632859999937,43.555595545000074]]],[[[-84.925096807999978,46.456481522000047],[-84.925639768999986,46.441705784000078],[-84.978943276999985,46.441426623000041],[-84.977727811999955,46.416940594000039],[-84.859415424999952,46.417432332000033],[-84.859725758999957,46.43897720700005],[-84.866035708999959,46.442383523000046],[-84.87736773599994,46.444782111000052],[-84.886237516999984,46.449361193000072],[-84.89527598799998,46.452997566000079],[-84.90378876799997,46.451807341000062],[-84.916904708999937,46.451962882000032],[-84.925096807999978,46.456481522000047]]],[[[-84.714727855999968,46.471978343000046],[-84.714890429999969,46.440428018000034],[-84.690026870999986,46.440193147000059],[-84.688752316999967,46.424299200000064],[-84.654190664999987,46.424174133000065],[-84.654334183999936,46.461494293000044],[-84.663529664999942,46.468030715000054],[-84.684911438999961,46.468446825000058],[-84.695048370999984,46.473627251000039],[-84.706208775999983,46.473156264000067],[-84.714727855999968,46.471978343000046]]],[[[-84.605974838999941,46.425421723000056],[-84.609686702999966,46.419287358000076],[-84.605674362999935,46.412838451000027],[-84.585905779999962,46.40178476400007],[-84.577162846999954,46.401379545000054],[-84.576447596999969,46.408134243000063],[-84.585493016999976,46.41825314600004],[-84.594679786999961,46.421925317000046],[-84.605974838999941,46.425421723000056]]],[[[-84.250446248999936,46.27263928900004],[-84.253148858999964,46.298736172000076],[-84.272918730999947,46.308615631000066],[-84.276519059999941,46.31041411700005],[-84.308803202999968,46.311397510000063],[-84.308449263999989,46.272589584000059],[-84.274474692999945,46.27336719200008],[-84.270240686999955,46.259101674000078],[-84.26421946399995,46.258080641000049],[-84.255069151999976,46.255340858000068],[-84.252700157999982,46.242199435000032],[-84.242520903999946,46.24128089900006],[-84.24009463699997,46.224781429000075],[-84.237497277999978,46.220237154000074],[-84.227852017999965,46.216492162000065],[-84.218591712999967,46.218048748000058],[-84.21549517699998,46.223514877000071],[-84.22611534899994,46.233095026000058],[-84.228920466999966,46.243883029000074],[-84.235766567999974,46.249721562000047],[-84.24022484599999,46.253522878000069],[-84.241763907999939,46.263716686000066],[-84.250446248999936,46.27263928900004]]],[[[-84.223202265999987,46.508097539000062],[-84.223940786999947,46.495004645000051],[-84.25611792899997,46.494307677000052],[-84.256200462999971,46.452443341000048],[-84.226043604999973,46.456311532000029],[-84.223119016999988,46.448869409000054],[-84.205432224999981,46.450864404000072],[-84.19228997099998,46.47001836000004],[-84.178033385999981,46.481293279000056],[-84.174507766999966,46.495331763000081],[-84.181353145999935,46.504923122000037],[-84.202758676999963,46.50625632200007],[-84.223202265999987,46.508097539000062]]],[[[-83.489243487999943,44.979370975000052],[-83.489506138999957,44.973688089000063],[-83.485615928999948,44.967596639000078],[-83.479695633999938,44.958901308000065],[-83.474734479999938,44.951802278000059],[-83.465843132999964,44.951827641000079],[-83.444266330999938,44.951802438000072],[-83.448808933999942,44.958861675000037],[-83.452049084999942,44.966092547000073],[-83.454724373999966,44.978375530000051],[-83.489243487999943,44.979370975000052]]],[[[-76.747745839999936,43.002737839000076],[-76.770172773999946,42.979194857000039],[-76.77150600899995,42.96800230000008],[-76.775490601999934,42.954377141000066],[-76.78033266999995,42.944450588000052],[-76.781265373999986,42.934619977000068],[-76.781799729999989,42.926151835000042],[-76.82557518599998,42.922360411000057],[-76.827096536999989,42.910484989000054],[-76.837755530999971,42.907174120000036],[-76.851567628999987,42.729747932000066],[-76.642773070999965,42.72943478600007],[-76.675779000999967,42.890839140000026],[-76.747745839999936,43.002737839000076]]],[[[-84.511867376999987,46.141928298000039],[-84.510784787999967,46.057442563000052],[-84.641542490999939,46.05889168300007],[-84.641204559999949,46.012179454000034],[-84.627945390999969,46.014250055000048],[-84.617673363999984,46.011194537000051],[-84.603023800999949,46.009549295000056],[-84.595231054999942,46.00419557400005],[-84.583194701999957,45.996671946000049],[-84.565826939999965,45.99298692900004],[-84.55244752699997,45.992884145000062],[-84.546368348999977,45.98947392000008],[-84.547217477999936,45.97913244700004],[-84.552693428999987,45.96884020400006],[-84.552770923999958,45.962740618000055],[-84.544674003999944,45.956277884000031],[-84.534729373999937,45.954320826000071],[-84.529702061999956,45.96213801500005],[-84.530564301999959,45.971553826000047],[-84.525100326999961,45.976099204000036],[-84.518509035999955,45.975515632000054],[-84.510276522999959,45.972630970000068],[-84.503334379999956,45.962675630000035],[-84.49290186099995,45.954924288000029],[-84.487953068999957,45.956640217000029],[-84.490339272999961,45.963318447000063],[-84.495915174999936,45.983570766000071],[-84.493932832999974,45.988783071000057],[-84.483089918999951,45.988898130000052],[-84.471113772999956,45.986756196000044],[-84.464219617999959,45.982191483000065],[-84.452363728999956,45.982213757000068],[-84.445082535999973,45.979768811000042],[-84.440154015999951,45.975736959000074],[-84.431211294999969,45.976735458000064],[-84.426688823999939,45.981720591000055],[-84.418876263999948,45.984974728000054],[-84.40696806599999,45.982473430000027],[-84.394451296999989,45.974886665000042],[-84.38380604699995,45.973933131000081],[-84.386909395999965,46.141601012000081],[-84.511867376999987,46.141928298000039]]],[[[-78.772827698999947,42.196910151000054],[-78.783861600999955,42.193316958000025],[-78.796087268999941,42.187544188000061],[-78.80737765899994,42.185394887000029],[-78.810890320999988,42.18401626800005],[-78.819679004999955,42.18667634500008],[-78.839200476999963,42.159862960000055],[-78.841687319999949,42.132974581000042],[-78.861667126999976,42.126421117000064],[-78.874018396999986,42.122539305000032],[-78.882860520999941,42.120037116000049],[-78.891759700999955,42.122239006000029],[-78.891583709999964,42.157437308000056],[-78.903737502999945,42.166673454000033],[-78.917222747999972,42.155903239000054],[-78.914424937999968,42.107605402000047],[-79.003657515999976,42.031933852000066],[-79.002685745999941,41.993974435000041],[-78.957773374999988,41.994394563000071],[-78.959732292999945,42.023849507000079],[-78.92153069799997,42.045209556000032],[-78.904942141999982,42.068219236000061],[-78.876322977999962,42.071671283000057],[-78.854618435999953,42.085025373000065],[-78.829380521999951,42.08753940400004],[-78.806276440999966,42.096459626000069],[-78.792795829999989,42.119433421000053],[-78.788103761999935,42.135205190000079],[-78.778722197999969,42.14467055800003],[-78.77036499999997,42.147705153000061],[-78.723162995999985,42.13249789200006],[-78.722232829999939,42.09947698700006],[-78.68853689599996,42.068799320000039],[-78.652589958999954,42.068797760000052],[-78.645728124999948,42.075798216000067],[-78.634548626999958,42.075127335000047],[-78.625056064999967,42.07281891000008],[-78.622427737999942,42.078079172000059],[-78.613737632999971,42.084814673000039],[-78.594379658999969,42.079200181000033],[-78.586376167999958,42.080863585000031],[-78.571790685999986,42.095674296000027],[-78.588728995999986,42.11786092400007],[-78.59440294999996,42.113040793000039],[-78.59958575099995,42.107679642000051],[-78.658282792999955,42.122245887000076],[-78.662466319999965,42.128016138000078],[-78.68467727999996,42.164096327000038],[-78.772827698999947,42.196910151000054]]],[[[-123.74592727299995,45.216614385000071],[-123.74221029699999,45.038653348000025],[-123.58444982999998,45.036222647000045],[-123.58335186999994,45.215301110000041],[-123.74592727299995,45.216614385000071]]],[[[-123.48418607699995,41.109595132000038],[-123.47509679099994,41.113227383000037],[-123.47774849399997,41.116538548000051],[-123.59019666199998,41.256596952000052],[-123.63776919599997,41.234834137000064],[-123.66009060199997,41.26237889600003],[-123.70096117099996,41.29659676600005],[-123.70913428999995,41.303383931000042],[-123.73152164099997,41.321965031000047],[-123.74720527899996,41.339571516000035],[-123.75069573199994,41.363838722000025],[-123.78122405699997,41.39297676800004],[-123.81353686599999,41.434238189000041],[-123.83271483799996,41.479878266000071],[-123.85126515499996,41.508097733000056],[-123.87997701399996,41.532643740000026],[-123.91960085199997,41.567140489000053],[-123.94918409399997,41.601516165000078],[-124.00131559599998,41.617952911000032],[-124.04045021999997,41.623416940000027],[-124.03626262999995,41.597795997000048],[-124.03414690599999,41.569167629000049],[-124.03526793599997,41.551317733000076],[-124.03884984799998,41.542422685000076],[-124.03616148599997,41.523474898000075],[-123.97883699099998,41.519106856000064],[-123.94665414999997,41.50620318600005],[-123.91712807299996,41.471067103000053],[-123.89863537099995,41.428778790000081],[-123.88506756999999,41.40289139600003],[-123.85524237899995,41.376362227000072],[-123.83424849999994,41.353349587000025],[-123.83098267799994,41.326513724000051],[-123.82313469299999,41.307799232000036],[-123.78133791399995,41.287111436000032],[-123.77862633499996,41.285768364000035],[-123.75083359699994,41.26226245600003],[-123.73490168699999,41.238443948000054],[-123.70393497699996,41.204510626000058],[-123.78997137599998,41.164984760000038],[-123.68322651399995,41.029783074000079],[-123.48418607699995,41.109595132000038]]],[[[-122.59223716199995,47.695746550000081],[-122.58733122799998,47.699588389000041],[-122.58565254999996,47.702570624000032],[-122.58474826099996,47.706614204000061],[-122.58497425399997,47.70981852400007],[-122.58446366099997,47.711812896000026],[-122.58075822399996,47.714535080000076],[-122.57855352599995,47.717014447000054],[-122.57786509199997,47.718169992000071],[-122.57618245299994,47.719121268000038],[-122.57460812999994,47.719623144000082],[-122.57091172799994,47.720801406000078],[-122.56883264599998,47.721492183000066],[-122.56776576699997,47.721846635000077],[-122.56638835799998,47.72415757300007],[-122.56437569999997,47.726394334000076],[-122.56139546899999,47.72781189400007],[-122.55976849899997,47.729563977000055],[-122.55982713999998,47.73239562100008],[-122.55905753999997,47.735395357000073],[-122.55776256499996,47.737892359000057],[-122.55663361899997,47.740761820000046],[-122.55801654699997,47.742512199000032],[-122.56033787399997,47.743665921000058],[-122.56054200699998,47.743739914000059],[-122.56285231799995,47.744577314000026],[-122.56476093399999,47.746830274000047],[-122.56490855999999,47.748053258000027],[-122.57460832399994,47.748029808000069],[-122.57879935199998,47.74801946000008],[-122.59313489299996,47.74798308000004],[-122.60660278799998,47.751021979000029],[-122.60702927399996,47.707963216000053],[-122.60624421799997,47.705548418000035],[-122.60510920499996,47.703006775000063],[-122.60289853199998,47.700683988000037],[-122.59969310599996,47.698292948000073],[-122.59645833799999,47.695091047000062],[-122.59449715399995,47.694067912000037],[-122.59223716199995,47.695746550000081]]],[[[-122.47792487699996,47.751372002000039],[-122.47657253599999,47.75279232500003],[-122.47633829299997,47.754177639000034],[-122.47662413999996,47.755457771000067],[-122.47762404399998,47.759356318000073],[-122.47705812599997,47.762043771000037],[-122.47684226099994,47.764858333000063],[-122.47716506599994,47.76756395700005],[-122.47983130199998,47.769597829000077],[-122.48147423599994,47.770651068000063],[-122.48306330099996,47.772902715000043],[-122.56373738299999,47.773388682000075],[-122.56370869299997,47.772008686000049],[-122.56413752899999,47.770337889000075],[-122.56265524399998,47.769648731000075],[-122.56074166599996,47.768651103000082],[-122.55912363999994,47.766999585000065],[-122.55804422899996,47.765238800000077],[-122.55518733199995,47.763442607000059],[-122.55195407599996,47.762118653000073],[-122.55076767699995,47.760775488000036],[-122.55214019999994,47.759903201000043],[-122.55316245599994,47.758903961000044],[-122.55658185999999,47.757230479000043],[-122.55669045699995,47.755106302000058],[-122.55538838899997,47.753458614000067],[-122.55382642299998,47.751863645000071],[-122.55208277099996,47.750496708000071],[-122.55213352499999,47.749339305000035],[-122.55384966399998,47.749373522000042],[-122.55642387799998,47.749424807000025],[-122.55834707999998,47.748652199000048],[-122.55834481999995,47.74674076000008],[-122.55634127599996,47.745426605000034],[-122.55363620199995,47.744445960000064],[-122.54939898399999,47.745114404000049],[-122.54601968899999,47.745799870000042],[-122.54269301799997,47.747239282000066],[-122.53954800099996,47.748450565000041],[-122.53562293699997,47.749819885000079],[-122.53172326699996,47.75061038900003],[-122.52771845699999,47.749892716000033],[-122.52535174199994,47.749034164000079],[-122.52327072199995,47.747544188000063],[-122.52002045799998,47.747246936000067],[-122.51690069999995,47.747878992000039],[-122.51422276899996,47.74823030400006],[-122.51392209299996,47.748224222000033],[-122.51164864099997,47.748178213000074],[-122.50899644899999,47.747950725000067],[-122.50528269299997,47.748888522000072],[-122.50517461399994,47.748915812000064],[-122.50041654999995,47.749687996000034],[-122.49753021999999,47.748934226000074],[-122.49542396699997,47.74802251400007],[-122.49227797499998,47.749232691000032],[-122.48718169699998,47.749881671000026],[-122.48289140999998,47.749793965000038],[-122.48021319999998,47.750144599000066],[-122.47792487699996,47.751372002000039]]],[[[-123.99897695499999,45.392786654000076],[-124.04355521699995,45.393064492000065],[-124.02813384799998,45.382686226000033],[-124.00667824199996,45.370325079000054],[-124.00595190499996,45.363697350000052],[-123.99688868699997,45.355544888000054],[-123.99090252199994,45.34730107200005],[-123.98703359399997,45.339980292000064],[-123.98246407899995,45.333615540000039],[-123.97494827899999,45.333903190000058],[-123.97536769899995,45.338602380000054],[-123.97030405899994,45.344331120000049],[-123.96123162199996,45.345565719000035],[-123.95618340299995,45.341904022000051],[-123.95657307699997,45.335226462000037],[-123.96127659699999,45.326183877000062],[-123.97292049799995,45.315584065000053],[-123.99285570899997,45.303919741000072],[-123.99867318999998,45.294223840000029],[-123.99996851299994,45.280149643000073],[-124.00442886399998,45.274353030000043],[-124.00438041399997,45.263576449000027],[-124.00640789699997,45.242343938000033],[-124.00020958099998,45.236745486000075],[-123.98835190999995,45.237413423000078],[-123.97929493099997,45.238649580000072],[-123.96467166799999,45.236940187000073],[-123.95626275799998,45.227042869000059],[-123.95095827199998,45.21964446000004],[-123.94987698399996,45.214094398000043],[-123.94732837099997,45.205278172000078],[-123.94419438999995,45.200188934000039],[-123.94316922199999,45.191197016000046],[-123.94861847399994,45.195466681000028],[-123.95511776099994,45.200499198000045],[-123.95902142499995,45.207612865000044],[-123.96467707699998,45.212335301000053],[-123.96843805099996,45.215985070000045],[-123.97007009299995,45.219613706000075],[-123.97426954999997,45.222665488000075],[-123.98150383599994,45.223037470000065],[-123.98733847699998,45.218729301000053],[-123.99270561999998,45.21652361200006],[-123.99279342099999,45.201020486000061],[-124.00772120299996,45.188670493000075],[-124.00777651699997,45.174671510000053],[-124.01450770499997,45.167660660000081],[-124.01590081899997,45.15036189500006],[-124.02114262999999,45.143185631000051],[-124.02078680899996,45.128278130000069],[-124.02334980999996,45.127700227000048],[-124.02940542899995,45.122337625000057],[-124.03467162199996,45.113655120000033],[-124.03420013199997,45.10476796100005],[-124.03055497199995,45.095097987000031],[-124.03253259399997,45.091653721000057],[-124.03918045399996,45.081658529000038],[-124.02591798299994,45.081686398000045],[-123.90178099799999,45.081880770000055],[-123.88671982999995,45.082064993000074],[-123.79240723199996,45.083178363000059],[-123.76918733399998,45.080881718000057],[-123.75514097499996,45.072367457000041],[-123.75729123499997,45.110162303000038],[-123.76380153299999,45.121811545000071],[-123.78362454899997,45.138598788000081],[-123.80179104699999,45.158562822000079],[-123.80687974099999,45.174897014000067],[-123.80401067199995,45.190200968000056],[-123.79938710599998,45.200592494000034],[-123.79051729799994,45.204444293000051],[-123.78943952099996,45.210923726000033],[-123.78709367899995,45.220493345000079],[-123.77629527699997,45.232883247000075],[-123.76063390699994,45.242299873000036],[-123.74268802099999,45.249824526000054],[-123.74329651399995,45.392875979000053],[-123.810906553,45.392062342000031],[-123.89020136399995,45.392314034000037],[-123.95443023899998,45.392179729000077],[-123.99897695499999,45.392786654000076]]],[[[-120.26023463499996,36.951102218000074],[-120.25773215399994,36.856347570000025],[-120.17259830999996,36.85701898800005],[-120.17201224799999,36.952116357000079],[-120.26023463499996,36.951102218000074]]],[[[-122.62308390499999,47.03287503100006],[-122.64412481399995,47.037603450000063],[-122.68446244499995,47.047043535000057],[-122.69510568899994,47.043038250000052],[-122.69448719099995,47.021911858000067],[-122.65523830599994,46.994577570000047],[-122.62376145099995,46.995055771000068],[-122.62308390499999,47.03287503100006]]],[[[-120.01868827099997,39.492726326000025],[-120.01924232799996,39.367805639000039],[-119.94519152999999,39.368278031000045],[-119.94565442799995,39.461024593000047],[-120.00195104599999,39.504370443000028],[-120.01868827099997,39.492726326000025]]],[[[-118.99647752499999,34.834175170000037],[-118.90996361399999,34.83628378700007],[-118.90981020599997,34.818534685000031],[-118.80894201799998,34.817689189000077],[-118.77757111199998,34.85838704400004],[-118.73279517299994,34.92263009900006],[-118.70509579199995,34.955115861000024],[-118.61253494399995,34.961191796000037],[-118.63784062199994,34.990696128000025],[-118.71952568499995,34.998742381000056],[-118.83174820499994,35.069932065000046],[-118.83209196599995,35.059486553000056],[-118.82970532099995,35.051840164000055],[-118.81752177999999,35.035888682000063],[-118.81680004999998,34.967142251000041],[-118.82483266399998,34.966927560000045],[-118.83955134599995,34.956408937000049],[-118.92312536099996,34.892764364000072],[-118.99647752499999,34.834175170000037]]],[[[-122.57871110999997,39.996678247000034],[-122.57913847199995,39.981567630000029],[-122.57784360899996,39.949592343000063],[-122.57309411699998,39.942436497000074],[-122.57738179499995,39.938440473000071],[-122.57696824299995,39.92990448300003],[-122.56775087099999,39.923784349000073],[-122.54945536999998,39.911886012000025],[-122.55382971199998,39.905618958000048],[-122.57214449199995,39.897621299000036],[-122.57731803899998,39.88966610600005],[-122.57738482099995,39.872386521000067],[-122.57160847499995,39.861341535000065],[-122.55570657399994,39.860525905000031],[-122.54928356999994,39.870270844000061],[-122.54921324999998,39.891302341000028],[-122.51302157699996,39.899680560000036],[-122.47445172899995,39.911971428000072],[-122.47753451799997,39.923640348000049],[-122.49881645399995,39.934482442000046],[-122.49049997599997,39.93565336000006],[-122.46800885699997,39.936719136000079],[-122.44985123099997,39.943908875000034],[-122.44769954999998,39.953408222000064],[-122.46214283199998,39.961707286000035],[-122.47828969199998,39.968111571000065],[-122.48061494999996,39.980330791000029],[-122.48056926599997,39.992721915000061],[-122.49175621499995,39.986388655000042],[-122.51439579499998,39.981910780000078],[-122.51810405399999,39.970172621000074],[-122.52941840099999,39.964179896000076],[-122.53917561899999,39.97167947500003],[-122.53642846199995,40.00833771200007],[-122.51105048199997,40.010824041000035],[-122.50953785599995,40.038187620000031],[-122.51473513999997,40.045242346000066],[-122.53237915399995,40.04416973900004],[-122.54527281599997,40.039689503000034],[-122.55927412599999,40.02556981500004],[-122.56991130999995,40.01034939200008],[-122.57871110999997,39.996678247000034]]],[[[-124.03004379699996,46.721679464000033],[-124.02751913499998,46.720843251000076],[-124.02501051799999,46.719614468000032],[-124.02260850399995,46.717917704000058],[-124.01848519299995,46.714597296000079],[-124.01510199499995,46.713043585000037],[-124.01394920999996,46.712478690000069],[-124.00883986399998,46.709818667000036],[-123.99754220499995,46.704956753000033],[-123.99019363399998,46.702341872000034],[-123.98456577099995,46.701350685000079],[-123.98520493299998,46.70832370200003],[-123.99061997399997,46.710250672000029],[-123.99772923699999,46.710250663000068],[-124.00234465699998,46.713241436000033],[-124.00992137799994,46.714249963000043],[-124.01184786799996,46.715454420000071],[-124.01492457399996,46.717377839000051],[-124.01856748899996,46.72035896400007],[-124.01872826299996,46.722102102000065],[-124.01607389699996,46.723350307000032],[-124.01035029399998,46.722158450000052],[-124.00738802499995,46.719250442000032],[-124.00302565199996,46.718204904000061],[-124.00175130899999,46.717521029000068],[-123.99743606799996,46.71520504800003],[-123.99268731499996,46.714021546000026],[-123.98881911599995,46.712645236000071],[-123.98377726299998,46.711525617000063],[-123.98034906099997,46.712497835000079],[-123.98447020799995,46.715819452000062],[-123.98948564199998,46.718278530000077],[-123.99584888199996,46.721553927000059],[-123.99930431999996,46.724131875000069],[-124.00434746699995,46.725250864000031],[-124.00525528799994,46.728608629000064],[-124.00349418399998,46.72899409200005],[-123.99863756799999,46.728278749000026],[-123.99455489499996,46.727838457000075],[-123.98952510299995,46.726049368000076],[-123.98512224499996,46.727012461000072],[-123.98517529899999,46.729223495000042],[-123.98638912299998,46.731847431000062],[-123.98811019399994,46.733471368000039],[-124.03011207199995,46.732982613000047],[-124.03004379699996,46.721679464000033]]],[[[-124.12674908499997,47.400253101000033],[-124.34004736299994,47.399715936000064],[-124.34108060099999,47.39637994900005],[-124.34080372099999,47.395107774000053],[-124.33731606399999,47.391206479000061],[-124.33807252199995,47.386598219000064],[-124.33725200099997,47.382112998000025],[-124.33574360299997,47.377556211000069],[-124.33590754999994,47.373077506000072],[-124.33567978699995,47.368462371000078],[-124.33485968099995,47.363976902000047],[-124.33335190199995,47.359419850000052],[-124.32828066599996,47.356309571000054],[-124.32150857699997,47.355126554000037],[-124.31854406599996,47.353729584000064],[-124.31603675899999,47.35254795700007],[-124.30944598599996,47.352435445000026],[-124.30217769899997,47.35158232200007],[-124.29570279399996,47.350333189000025],[-124.30221825899997,47.348907888000042],[-124.30891407099995,47.348553413000047],[-124.30780005099996,47.344132332000072],[-124.30322825099995,47.340690076000044],[-124.30005229599999,47.336053767000067],[-124.29813371699998,47.334052844000041],[-124.29617917799999,47.332014247000075],[-124.29299396099998,47.328046305000044],[-124.29021072299997,47.323546109000063],[-124.28584221699998,47.319836986000041],[-124.28502637499997,47.315350586000079],[-124.28450663799998,47.310799364000047],[-124.28595319499999,47.306262117000074],[-124.28563419799997,47.301444701000037],[-124.27956638299997,47.299662451000074],[-124.27440887099999,47.30256792800003],[-124.27227441499997,47.307033251000064],[-124.26993881999999,47.311764531000051],[-124.26306702399995,47.311045767000053],[-124.25650202899999,47.309593269000061],[-124.25272852499995,47.30575351400006],[-124.24806754399998,47.302107660000047],[-124.24459098899996,47.298202909000054],[-124.24348247899997,47.293780655000035],[-124.24237412599996,47.289358336000078],[-124.24421422599994,47.284957942000062],[-124.24310597899995,47.280535518000079],[-124.24071939999999,47.276170361000027],[-124.24207333699997,47.271431781000047],[-124.24155712999999,47.266879821000032],[-124.23917118799994,47.262514467000074],[-124.23843764099996,47.257878388000051],[-124.23691305799997,47.256344045000048],[-124.08354382899995,47.256910631000039],[-124.12674908499997,47.400253101000033]]],[[[-123.19967608199994,46.826348014000075],[-123.21256977299998,46.826354993000052],[-123.21326573099998,46.830631441000037],[-123.22307784199995,46.831290548000027],[-123.22224139099995,46.83420652600006],[-123.22923337499998,46.834253586000045],[-123.24032543499999,46.834327484000028],[-123.25980652599998,46.834455022000043],[-123.25925459899997,46.82846203500003],[-123.25838802799996,46.826539031000038],[-123.25566722899998,46.824588245000029],[-123.25518785999998,46.82216164600004],[-123.25397497399996,46.819469354000034],[-123.25032758599997,46.817504517000032],[-123.24698035399996,46.817875467000079],[-123.24243762499998,46.817704094000078],[-123.23706899399997,46.817368328000043],[-123.23284150399996,46.816158259000076],[-123.22975526199997,46.81407398500005],[-123.22486077299999,46.813426557000071],[-123.21833077999997,46.814600447000032],[-123.21462284699999,46.814543788000037],[-123.21171027599996,46.812843759000032],[-123.20813036799996,46.811706463000064],[-123.20243357499999,46.811357660000056],[-123.20118873299998,46.811281407000081],[-123.19752266199998,46.80995147200008],[-123.19213115299999,46.807512321000047],[-123.18856120899994,46.80594349100005],[-123.18792612199996,46.805664380000053],[-123.18175788699995,46.801493539000035],[-123.17384656199999,46.799587435000035],[-123.16981108299996,46.799810545000071],[-123.16576481499999,46.800034126000071],[-123.15727403299996,46.801620023000055],[-123.15195096499997,46.802745983000079],[-123.14561549099994,46.806402664000075],[-123.13927927499998,46.810059006000074],[-123.13563691299998,46.813566841000068],[-123.13565923299996,46.818406267000057],[-123.17398057499997,46.818987195000034],[-123.20417353199997,46.819286207000061],[-123.20432917399995,46.823045130000025],[-123.19949990399999,46.823225497000067],[-123.19967608199994,46.826348014000075]]],[[[-123.14617048299999,47.309098629000061],[-123.14337533499997,47.311352209000063],[-123.14211229099999,47.314582343000041],[-123.14213256599999,47.318841171000031],[-123.14180757099996,47.321133403000033],[-123.14100359799994,47.322969846000035],[-123.14062090099998,47.324532730000044],[-123.14061250299994,47.325884901000052],[-123.14066009799996,47.32823142500007],[-123.14031597399998,47.331083602000035],[-123.13983751599994,47.333037159000071],[-123.13882288299999,47.336214941000037],[-123.13704149099999,47.337699747000045],[-123.13609199599995,47.339700122000067],[-123.13606477099995,47.33975747900007],[-123.13596943699997,47.342557439000075],[-123.13866910899998,47.342234375000032],[-123.140107796,47.342062186000078],[-123.14296279799999,47.342947414000037],[-123.14549212699995,47.34371542100007],[-123.14740876099995,47.345538331000057],[-123.14745732399996,47.345581974000027],[-123.14746815599995,47.345582018000073],[-123.18965231899995,47.34574090600006],[-123.19546350999997,47.345665189000044],[-123.19470540299994,47.318759294000074],[-123.19175286299998,47.315856447000044],[-123.18721181399997,47.313657551000063],[-123.17997257599995,47.313322054000025],[-123.17690687599998,47.31136964500007],[-123.17079830299997,47.311723493000045],[-123.16742774799997,47.311503175000041],[-123.16457384599994,47.310618390000059],[-123.16095308699994,47.30804059500008],[-123.15677822999999,47.307247146000066],[-123.15114885499997,47.30805583800003],[-123.14617048299999,47.309098629000061]]],[[[-122.89647522199999,47.168471105000037],[-122.89549827299999,47.170871268000042],[-122.89715538499996,47.173922058000073],[-122.89878984799998,47.177576724000062],[-122.90064692399994,47.182383431000062],[-122.90085991599994,47.186133891000054],[-122.89811111299997,47.188502861000075],[-122.90016423899999,47.19047266900003],[-122.90529337099997,47.190804289000027],[-122.90806918599998,47.192424030000041],[-122.90886423999996,47.19485510100003],[-122.90984564199999,47.197047692000069],[-122.91187673099995,47.199621157000081],[-122.91340825599997,47.203696548000039],[-122.91360356999996,47.204073298000026],[-122.91555802499994,47.20784307200006],[-122.91719446899998,47.211497161000068],[-122.91984444699995,47.214141586000039],[-122.92354464099998,47.217166725000027],[-122.92654515199996,47.219937900000048],[-122.92882331399994,47.223059015000047],[-122.93119176199997,47.223764680000045],[-122.93253208299996,47.222752564000075],[-122.93338206499999,47.222110692000058],[-122.93339013999997,47.219512590000079],[-122.93283944999996,47.217629905000081],[-122.93157570399995,47.215362568000046],[-122.93134315499998,47.214945320000027],[-122.93123204399996,47.213858684000058],[-122.93108319699996,47.212402951000058],[-122.930845138,47.212165456000037],[-122.92843281399996,47.209758736000026],[-122.92568664799995,47.204937415000074],[-122.92480326599997,47.197731189000081],[-122.92289868999995,47.194132822000029],[-122.92171661799995,47.190184373000079],[-122.91985767399996,47.185378065000066],[-122.91817651299999,47.18293157100004],[-122.91272979899998,47.179271160000042],[-122.90833292399998,47.17599143800004],[-122.90836210299994,47.174378760000081],[-122.90710666799998,47.173250521000057],[-122.90497215399995,47.171097994000036],[-122.90251087799999,47.168214483000042],[-122.89979520999998,47.16738119300004],[-122.89647522199999,47.168471105000037]]],[[[-122.39084411699997,47.299052711000058],[-122.40899404899994,47.310866483000041],[-122.42126915699998,47.32023055600007],[-122.42491578099998,47.321724420000066],[-122.42988023199996,47.322136932000035],[-122.43437987999999,47.320814461000055],[-122.43539676799998,47.318371443000046],[-122.43605712699997,47.315797703000044],[-122.43688169099994,47.313597046000041],[-122.43940622099996,47.311863282000047],[-122.44236918099995,47.310446698000078],[-122.44705983299997,47.308881335000081],[-122.44862455499998,47.306326374000037],[-122.44857141999995,47.303491145000066],[-122.44605011099998,47.301158807000036],[-122.44317262399994,47.298695722000048],[-122.43996773299995,47.298489438000047],[-122.43513912899999,47.298096015000056],[-122.42872326599996,47.297776320000025],[-122.42321228299994,47.297475399000064],[-122.41945699399997,47.296410355000035],[-122.41512754799999,47.29403916900003],[-122.41268991399994,47.291892718000042],[-122.41113144499997,47.28834768400003],[-122.40822775999999,47.286499314000025],[-122.40477582899996,47.28476246300005],[-122.39858202599999,47.283583366000073],[-122.39463575999997,47.282759956000064],[-122.38951398099999,47.279939605000038],[-122.38647587199995,47.277101948000052],[-122.39132618699995,47.277944909000041],[-122.39943860899996,47.278733881000051],[-122.40478382899994,47.278662618000055],[-122.40547853299995,47.271406505000073],[-122.40833016699997,47.27041950000006],[-122.41160612299996,47.267965786000048],[-122.41214481599997,47.266187047000074],[-122.41428387799999,47.264938338000036],[-122.41765519999996,47.264455077000036],[-122.42067249299998,47.261807581000028],[-122.42278527499997,47.259140917000082],[-122.42533399099995,47.258824959000037],[-122.43023931299996,47.258435335000058],[-122.43224159099998,47.256197523000026],[-122.41277981899998,47.242613542000072],[-122.39865372299994,47.232747928000038],[-122.41622263399995,47.222459683000068],[-122.36951119199995,47.192941559000076],[-122.36146498099998,47.188070424000045],[-122.31136626499995,47.220815171000027],[-122.31841575199996,47.226701183000046],[-122.31396737299997,47.230855992000045],[-122.32509499499997,47.23855633900007],[-122.31971318399997,47.243307066000057],[-122.32890106399998,47.249978330000033],[-122.32253268599999,47.254522644000076],[-122.39084411699997,47.299052711000058]]],[[[-118.44021784099999,45.781653615000039],[-118.44727219699996,45.785188872000049],[-118.45411355799996,45.799791436000078],[-118.45584918599997,45.801239280000061],[-118.46539263199998,45.809198651000031],[-118.47134295499995,45.81403100600005],[-118.47543679199998,45.81808796100006],[-118.48398013299999,45.821359106000045],[-118.50351887099998,45.821583676000046],[-118.51573918599996,45.81611348000007],[-118.52820141099994,45.809863416000042],[-118.53719602699999,45.802754821000065],[-118.54508194499999,45.796944858000074],[-118.55678633099996,45.788618240000062],[-118.56788971999998,45.784442220000074],[-118.57959615299995,45.777583242000048],[-118.58969336299998,45.770640692000029],[-118.59732750899997,45.765605970000081],[-118.60854163599998,45.760301823000077],[-118.61974563299998,45.753526631000057],[-118.63009416399996,45.748741687000063],[-118.63907745599994,45.743095083000071],[-118.65375631999996,45.740111471000034],[-118.66325748899999,45.738785323000059],[-118.67631873099998,45.73424753200004],[-118.68850739499999,45.728759985000067],[-118.69181497299996,45.724857549000035],[-118.69583698899999,45.71714748800008],[-118.70454808199997,45.709334775000059],[-118.71056061099995,45.704211667000038],[-118.71855491899998,45.700205548000042],[-118.72494323199999,45.696118152000054],[-118.73379560799998,45.69158903400006],[-118.74144206199998,45.690955600000052],[-118.75895840299995,45.690024820000076],[-118.76474729299997,45.688618734000045],[-118.76968902099998,45.688683271000059],[-118.78005067199996,45.688817978000031],[-118.79484898199996,45.687633707000032],[-118.80962146699994,45.683507282000051],[-118.81871886699997,45.679663077000043],[-118.82463192599994,45.678599697000038],[-118.84189059799996,45.676966873000026],[-118.85655840199996,45.675430135000056],[-118.85557638599994,45.662720496000077],[-118.85304529699999,45.655812646000072],[-118.84678739499998,45.645894186000078],[-118.84030524399998,45.638225129000034],[-118.83196842699999,45.629785309000056],[-118.82024959899996,45.614958376000061],[-118.81273858899999,45.601582647000043],[-118.80640447299999,45.581367094000029],[-118.79949584599996,45.550944228000048],[-118.79810230499999,45.516948883000055],[-118.79542364099996,45.490916643000048],[-118.76876106199995,45.479515955000068],[-118.76072868399996,45.474701655000047],[-118.75119004799996,45.465739112000051],[-118.74420212899997,45.452266541000029],[-118.74630635799997,45.437894074000042],[-118.75272458999996,45.425322079000068],[-118.76077260099999,45.417243174000077],[-118.74417611199999,45.416181225000059],[-118.73444111099997,45.412409482000044],[-118.72541685099998,45.404826627000034],[-118.71673927399996,45.393866624000054],[-118.70919169199999,45.386017494000043],[-118.69696018899998,45.375327639000034],[-118.67807714299994,45.360676760000047],[-118.66971032399999,45.357760793000068],[-118.65910518899994,45.350090879000049],[-118.58336198699999,45.348570853000069],[-118.51757064099996,45.348544903000061],[-118.48294543299994,45.416546389000075],[-118.40916329399994,45.552149691000068],[-118.39447858299997,45.579246215000069],[-118.34823927399998,45.664396203000081],[-118.29129762799994,45.767764549000049],[-118.30007049899996,45.768799917000081],[-118.31106568699994,45.767239801000073],[-118.32156347899996,45.762825467000027],[-118.32971815899998,45.763599715000055],[-118.33688314599999,45.763076972000079],[-118.35120659699999,45.757620286000076],[-118.36318189699995,45.752942049000069],[-118.37541677299998,45.756304362000037],[-118.38357688099995,45.760015253000063],[-118.39434441999998,45.769516432000046],[-118.40386190099997,45.77114930700003],[-118.41486199799999,45.772520339000039],[-118.42216280999997,45.776748483000063],[-118.44021784099999,45.781653615000039]]],[[[-124.69854956299997,48.387742483000068],[-124.70534844999997,48.387460590000046],[-124.71215175099996,48.386663962000057],[-124.71887896899995,48.385712381000076],[-124.72583372899999,48.385224294000068],[-124.73195311099994,48.383035179000046],[-124.73422817599999,48.378773919000025],[-124.73357056399999,48.37429596100003],[-124.73028457499998,48.370219710000072],[-124.72537037699999,48.367011762000061],[-124.71874330699995,48.365546204000054],[-124.71297780899999,48.362694623000039],[-124.70829716899999,48.359435431000065],[-124.70585234199996,48.356544922000069],[-124.70640578199999,48.355055139000058],[-124.70513484399999,48.350368506000052],[-124.70045557799995,48.347108914000046],[-124.69639696499996,48.343542906000039],[-124.69071038399994,48.340844829000048],[-124.68416277099999,48.339532119000069],[-124.67774309299995,48.341100766000068],[-124.67102500499999,48.341535988000032],[-124.66681707999999,48.337659707000057],[-124.66338129599995,48.33378650800006],[-124.65940635699997,48.329859430000056],[-124.65354018299996,48.327314898000054],[-124.65015773999994,48.328790777000052],[-124.64209930599998,48.332254383000077],[-124.63852352999999,48.334914095000045],[-124.63532045499994,48.338861580000071],[-124.63251054199998,48.342038959000035],[-124.62962471099996,48.345061563000058],[-124.63035511699997,48.349180671000056],[-124.63062664499995,48.352886097000066],[-124.63013665799997,48.355559147000065],[-124.63057498699999,48.358030534000079],[-124.63025076999998,48.358696489000067],[-124.62955028699997,48.360135249000052],[-124.62828822199998,48.362804779000044],[-124.62848922399996,48.365840947000038],[-124.62947782299995,48.367337267000039],[-124.62999186399998,48.369963232000032],[-124.62792291899996,48.374057497000081],[-124.63153941499996,48.377326572000072],[-124.63153425499996,48.377840979000041],[-124.63351718899997,48.380319043000043],[-124.63380447299994,48.382480896000061],[-124.63848288399998,48.385742402000062],[-124.64527678099995,48.385977892000028],[-124.65135921399997,48.387907548000044],[-124.65806285099995,48.389530919000038],[-124.66478147999999,48.389610791000052],[-124.67141469899997,48.390564470000072],[-124.67852200599998,48.390388077000068],[-124.68540651199999,48.389233036000064],[-124.69183109499994,48.387664273000041],[-124.69854956299997,48.387742483000068]]],[[[-122.52660076899997,48.462762618000056],[-122.52584092699999,48.463238661000048],[-122.53187535399996,48.46041157600007],[-122.53797461199997,48.458843877000049],[-122.54322976699996,48.45749285100004],[-122.54278273999995,48.457582255000034],[-122.54693709699995,48.453833296000028],[-122.54800587999995,48.449728724000067],[-122.55059337999995,48.444671682000035],[-122.55827789799997,48.441188169000043],[-122.55675164399997,48.43565712700007],[-122.55764148599997,48.432236387000046],[-122.55937736899995,48.426376295000068],[-122.55624238199999,48.420518666000078],[-122.55494203599994,48.41656351000006],[-122.55453521599998,48.412429381000038],[-122.55703353499996,48.409334751000074],[-122.55229469499994,48.406392479000033],[-122.54456423799996,48.404373411000051],[-122.53629726399998,48.401164305000066],[-122.53311938699994,48.393045035000057],[-122.53365116999998,48.387750109000081],[-122.53793552499997,48.384297988000071],[-122.53873524799997,48.379597726000043],[-122.52891285099997,48.38156445900006],[-122.52069577199995,48.380614912000055],[-122.51234486099997,48.379367425000055],[-122.50890794299994,48.37905667800004],[-122.508193474,48.383116240000049],[-122.50931167599998,48.387756461000038],[-122.50587428899996,48.392010655000036],[-122.50395477799998,48.395312663000027],[-122.50350909599996,48.398644173000037],[-122.50467159199997,48.402302622000036],[-122.50570011199994,48.405663595000078],[-122.50243997099994,48.409233319000066],[-122.50270909099999,48.413070227000048],[-122.50275530599998,48.418572726000036],[-122.50137130199994,48.42306405000005],[-122.50177456099999,48.427198193000038],[-122.50204371799998,48.431034878000048],[-122.50079353499996,48.435823412000047],[-122.49824674699994,48.439898201000062],[-122.49762175399997,48.443913257000077],[-122.49717536499998,48.447244217000048],[-122.49862309999997,48.451247531000035],[-122.49914351699999,48.452686453000069],[-122.50473313499998,48.456432974000052],[-122.50831090199995,48.458960266000076],[-122.51394833499995,48.461952321000069],[-122.51408020999997,48.46202230800003],[-122.51452731199998,48.461932998000066],[-122.52660076899997,48.462762618000056]]],[[[-122.60787160799998,48.795081723000067],[-122.60786463399995,48.79514357000005],[-122.60754635699999,48.797965505000036],[-122.60812001399995,48.801158736000048],[-122.60982528599999,48.802959249000025],[-122.61301766799994,48.805436351000026],[-122.61418890899995,48.805736956000032],[-122.61660634599997,48.806223356000032],[-122.62147951999998,48.80939821700008],[-122.62483377699999,48.811744970000063],[-122.63204778999994,48.808799866000072],[-122.63910324499994,48.805508922000058],[-122.64243832199998,48.800320985000042],[-122.64838705799997,48.794611380000049],[-122.65350662299994,48.792082184000037],[-122.65705740599998,48.789865802000065],[-122.65286457899998,48.786933109000074],[-122.65242964399999,48.780988724000053],[-122.65738999499996,48.778113818000065],[-122.65779304299997,48.772755826000036],[-122.66085735299998,48.76962671900003],[-122.66465381299997,48.766338530000041],[-122.66521278299996,48.763696856000081],[-122.66568437799998,48.758931773000029],[-122.66610545499998,48.75534443600003],[-122.67049645799995,48.752715409000075],[-122.67518189899999,48.749443387000042],[-122.67902648299997,48.74497671000006],[-122.67939023199995,48.740621879000059],[-122.67340855099997,48.734616113000072],[-122.66959673699995,48.732069265000064],[-122.66532749699996,48.729808431000038],[-122.66070187499997,48.725477703000081],[-122.65837108999995,48.721661452000035],[-122.65461137299997,48.717936111000029],[-122.64801919899998,48.71380350700008],[-122.64450473699998,48.710612928000046],[-122.64055840099996,48.707119301000034],[-122.63683106399998,48.704749697000068],[-122.63357970999999,48.703669299000069],[-122.62870581799996,48.701117408000073],[-122.622583814,48.700588200000027],[-122.61748863299999,48.701021533000073],[-122.615037229,48.702094742000043],[-122.61380904499998,48.703781624000044],[-122.61127596099999,48.708684065000057],[-122.60966659699994,48.712897530000077],[-122.61126644499996,48.717054480000058],[-122.61386367399996,48.720817797000052],[-122.61569926299995,48.722155175000069],[-122.618267291,48.724026042000048],[-122.62134885299997,48.726914186000045],[-122.62418668799995,48.729267087000039],[-122.62925864399995,48.72942250400007],[-122.63079040999997,48.726975936000031],[-122.62778973699994,48.724266387000057],[-122.62249545199995,48.721041491000051],[-122.62022292199998,48.717991905000076],[-122.62269608699995,48.714384339000048],[-122.62749262799997,48.712648287000036],[-122.63868652599996,48.713332333000039],[-122.64392504099999,48.71578932400007],[-122.64792815399994,48.720050105000041],[-122.64791849699998,48.726474941000049],[-122.64437296799997,48.732243453000081],[-122.64231244499996,48.738688221000075],[-122.63773785999996,48.743493836000027],[-122.63062810499997,48.749194174000081],[-122.62233094699997,48.755519783000068],[-122.61726531599999,48.75925425500003],[-122.61327826199999,48.762773366000033],[-122.60715796399995,48.766133620000062],[-122.60303304399997,48.768706742000063],[-122.60117750199998,48.772384149000061],[-122.60321090299999,48.776843334000034],[-122.60510386799996,48.778411929000072],[-122.60297825499998,48.782143002000055],[-122.60444260799994,48.785353501000031],[-122.60682798999994,48.789937033000058],[-122.60812997999994,48.792790700000069],[-122.60787160799998,48.795081723000067]]],[[[-122.19546763799997,48.121666597000058],[-122.19539802499997,48.125560150000069],[-122.36407644399998,48.124539637000055],[-122.36752999899994,48.123918592000052],[-122.36287782599999,48.12060024200008],[-122.36156442399999,48.119891393000046],[-122.35713389099999,48.117499992000035],[-122.35335771399997,48.113475350000044],[-122.35165770099997,48.108770254000035],[-122.35105000299995,48.103846821000047],[-122.35097482599997,48.102666379000027],[-122.35036704299995,48.101606550000042],[-122.34836285899996,48.101371003000054],[-122.34472927699994,48.10145037500007],[-122.34070471699999,48.101538173000051],[-122.33528255899995,48.098804953000069],[-122.33485393299998,48.098325295000052],[-122.33176885499995,48.094872638000027],[-122.329159963,48.093588520000026],[-122.32638482299996,48.09222245400008],[-122.32616755599997,48.091841569000053],[-122.32391882499996,48.08789906700008],[-122.31955855999996,48.084499099000027],[-122.31541076399998,48.080965766000077],[-122.31215066899995,48.07970872900006],[-122.30935562399998,48.078630899000075],[-122.30563277899995,48.074830840000061],[-122.30357962599999,48.070515735000072],[-122.30209117299995,48.068933146000063],[-122.29998215899997,48.06669056800007],[-122.29857534199999,48.067777324000076],[-122.29629237999995,48.069540774000075],[-122.29554118399994,48.070120994000035],[-122.29495466599997,48.074599357000068],[-122.29047575899995,48.077946072000032],[-122.28891393799995,48.078514805000054],[-122.28440683699995,48.080155887000046],[-122.28674818899998,48.075963829000045],[-122.28697860299997,48.075626750000026],[-122.28962442999995,48.071755770000038],[-122.28698693499996,48.067648055000063],[-122.28045671699999,48.066679072000056],[-122.27693201899996,48.06292889000008],[-122.28162499499996,48.060889164000059],[-122.28564874799997,48.064599985000029],[-122.29198146699997,48.062805534000063],[-122.28857680799996,48.058705797000073],[-122.28305901099998,48.05608961300004],[-122.27677496399997,48.05442260600006],[-122.27089425899999,48.051878453000029],[-122.26588906699999,48.048628577000045],[-122.26000937699996,48.046083906000035],[-122.25504463599998,48.042029249000052],[-122.25066049399999,48.038389754000036],[-122.24540182599998,48.035455427000045],[-122.24235492599996,48.033938676000048],[-122.23963230599998,48.03315372000003],[-122.23301674399994,48.033409672000062],[-122.22981136799996,48.035109973000033],[-122.22903293499996,48.038716120000061],[-122.23020997299994,48.044056574000081],[-122.226532126,48.045585225000082],[-122.22249026299994,48.047186186000033],[-122.21695289799999,48.049880930000029],[-122.21392220999996,48.052872974000081],[-122.20715998899999,48.06085401100006],[-122.20633983299996,48.065263989000073],[-122.20941535899999,48.068633844000033],[-122.21172325599997,48.072952595000061],[-122.21279141999997,48.078048683000077],[-122.21156739099996,48.08333504400008],[-122.20560647299999,48.082396707000044],[-122.19929417999998,48.078873875000056],[-122.19851082299999,48.075313791000042],[-122.19920858799998,48.066150922000077],[-122.19935401999999,48.058424701000035],[-122.20216983199998,48.054945095000051],[-122.205537247,48.050028422000025],[-122.20212674899994,48.048583207000036],[-122.19675044099995,48.049819726000067],[-122.19546763799997,48.121666597000058]]],[[[-124.07571068299995,44.478483595000057],[-124.08666172399995,44.473578790000033],[-124.10363079299998,44.461491163000062],[-124.11347345199999,44.452232434000052],[-124.11710837699997,44.441591438000046],[-124.11605092599996,44.424818115000051],[-124.11808445699995,44.40933801500006],[-124.12454271099995,44.400650699000039],[-124.12614515999996,44.395478467000032],[-124.12727160699995,44.388613401000043],[-124.13603648399999,44.377593396000066],[-124.13640250599997,44.365896679000059],[-124.13654525699997,44.357454536000034],[-124.14289464399997,44.349789859000055],[-124.14393754899999,44.337736513000038],[-124.14412987699995,44.331284701000072],[-124.13985893099999,44.320451521000052],[-124.13670207399997,44.313367235000044],[-124.13382950799996,44.304415452000057],[-124.13371167799994,44.28161440000008],[-124.13610978499997,44.273854155000038],[-124.13783117999998,44.251429806000033],[-124.14021783399994,44.239265385000067],[-124.14438219099998,44.21106947800007],[-124.14553321499994,44.177355981000062],[-124.14904040399995,44.167234179000047],[-124.14985746699995,44.158432823000055],[-124.14536467199997,44.146448109000062],[-124.15235868999997,44.139027138000074],[-124.15324570399997,44.13101028400007],[-124.15169018799998,44.118748764000031],[-124.14801664499998,44.102969062000057],[-124.15134438199999,44.094188397000039],[-124.15878547099999,44.084658404000038],[-124.15709851399998,44.070222538000053],[-124.15351631199997,44.049011524000036],[-124.14707528199995,44.033869759000027],[-124.13900502699994,44.02130793300006],[-124.12901285299995,44.013797576000059],[-124.11990674699996,44.013294554000026],[-124.11274311299996,44.016549807000047],[-124.10325949199995,44.023344208000026],[-124.09568107099994,44.026292978000072],[-124.08508924999995,44.029334408000068],[-124.08177608499994,44.027493624000044],[-124.08629414399996,44.02264696800006],[-124.08824387999999,44.016388683000059],[-124.08353224999996,44.013267807000034],[-124.07500003499996,44.013430626000059],[-124.06665121399999,44.013505561000045],[-124.06981890299994,44.009370981000075],[-124.07638353899995,44.002250255000035],[-124.08513879099996,43.99883053700006],[-124.09099001899995,43.998884025000052],[-124.09697062299995,44.001110987000061],[-124.10621783999994,43.998177063000071],[-124.11175994099995,43.991890096000077],[-124.11084872899994,43.981682703000047],[-124.10165956299994,43.976590844000043],[-124.09898485999997,43.971798847000059],[-124.10290357599996,43.967488918000072],[-124.11151266699994,43.962496720000047],[-124.11954700899997,43.956834901000036],[-124.12442021799995,43.95029960200003],[-124.13139474499997,43.947886679000078],[-124.13596325799995,43.949435675000075],[-124.13663698899995,43.954088831000035],[-124.13370748899996,43.959374228000058],[-124.12429427899997,43.967559515000062],[-124.12384936699999,43.974073591000035],[-124.13443917099994,43.980443512000079],[-124.13584801499997,43.986128827000073],[-124.13962331299996,43.995274679000033],[-124.14486005799995,44.002079382000034],[-124.14930236599997,44.01147185800005],[-124.15432029199997,44.021532783000055],[-124.161827518,44.027812858000061],[-124.17055223299997,44.026197480000064],[-124.17388513999998,44.021820441000045],[-124.17186616399999,44.012268553000069],[-124.16708287099999,43.987726380000026],[-124.16718065899994,43.951033303000031],[-124.17110893999995,43.915061925000032],[-124.16947624899996,43.879115432000049],[-124.12731912399994,43.873845135000067],[-124.09613119699998,43.867906318000053],[-124.07443167199995,43.863840015000051],[-124.02273000699995,43.875139761000071],[-123.97091962299999,43.891132854000034],[-123.92966138899999,43.906554572000061],[-123.90238812499996,43.913435314000026],[-123.86235990299997,43.915408338000077],[-123.83517260099995,43.91324135900004],[-123.81977034799996,43.91201103800006],[-123.76905091299994,43.904826122000031],[-123.73705110299994,43.900863783000034],[-123.73738823399998,43.918709997000065],[-123.74309996899996,44.21951350900008],[-123.74646533499998,44.413585562000037],[-123.75799849599997,44.412853879000068],[-123.76651010499995,44.413179170000035],[-123.77339373999996,44.415746607000074],[-123.77982751899998,44.417290795000042],[-123.78949171999994,44.41547935400007],[-123.79943084999996,44.415479512000047],[-123.80656574199998,44.413864182000054],[-123.81108818799999,44.411465213000042],[-123.81764500099996,44.404980433000048],[-123.81849431799998,44.399788364000074],[-123.82471588199996,44.394128593000062],[-123.83073842099998,44.392763308000042],[-123.83814801799997,44.395333164000078],[-123.84077110499999,44.400488354000061],[-123.83863925999998,44.406721769000058],[-123.83138253799996,44.411616765000076],[-123.82295658899994,44.417025943000056],[-123.81963609999997,44.419777992000036],[-123.82215845899998,44.424706063000031],[-123.82598131699996,44.427764903000025],[-123.82970666799997,44.430745318000049],[-123.83745392599997,44.432489548000035],[-123.84920811499995,44.433824980000054],[-123.86270150999997,44.437514976000045],[-123.87217380999999,44.44236630000006],[-123.88311089399997,44.442634428000076],[-123.89187482599999,44.441144841000039],[-123.89741317399995,44.437886853000066],[-123.90382497899998,44.438180642000077],[-123.91500196599998,44.442142115000081],[-123.91701404799994,44.44668579100005],[-123.91254336099996,44.449201970000047],[-123.91132922899999,44.45197823400008],[-123.91511320299998,44.457369524000057],[-123.92132572099996,44.457208060000028],[-123.92990455699999,44.454507929000044],[-123.93747577499994,44.449535566000066],[-123.94583653699999,44.447133608000058],[-123.95665912599998,44.447921855000061],[-123.97114024399997,44.455378918000065],[-123.97322906799997,44.456030983000062],[-123.98086862999997,44.458415401000025],[-123.99180884999998,44.458674150000036],[-124.00057300099996,44.462679480000077],[-124.00747821099998,44.464857162000044],[-124.02187964099994,44.465825210000048],[-124.03522913599994,44.466781643000047],[-124.04496005899995,44.467062000000055],[-124.06169498999998,44.46647566300004],[-124.07571068299995,44.478483595000057]]],[[[-118.37504897599996,44.154365927000072],[-118.48237922499999,44.204996218000076],[-118.48283354999995,44.20521016400005],[-118.52852676099997,44.226711634000026],[-118.56538776199994,44.244034060000047],[-118.57921927099994,44.250528746000043],[-118.61061779699997,44.265261462000069],[-118.67371582499999,44.297564107000028],[-118.96364915999999,44.10256367900007],[-118.97369507199994,44.096260212000061],[-118.97459213299999,44.090181425000026],[-118.97260583399998,44.084639458000026],[-118.96290017799998,44.077578698000025],[-118.94972502099995,44.060817683000039],[-118.94114219399995,44.045418564000045],[-118.93275069099997,44.024810824000042],[-118.93450648599998,44.000531915000067],[-118.93464662299999,43.998593300000039],[-118.94313251999995,43.98223252400004],[-118.94855013699998,43.971615347000068],[-118.94746741999995,43.959991860000059],[-118.94743661799998,43.957041251000078],[-118.95944278599995,43.956280976000073],[-118.96903481099997,43.954491682000025],[-118.98252195499998,43.94643058500003],[-118.99682416199994,43.936366959000054],[-119.00835327399994,43.92571044500005],[-119.01236850699996,43.919784605000075],[-119.02286100099997,43.913385571000049],[-119.03129344699994,43.905522671000028],[-119.03626356799998,43.899416403000032],[-119.03775531599996,43.893591779000076],[-119.05157632599997,43.885086257000069],[-119.06372663699995,43.877631346000044],[-119.08369644799996,43.872033887000043],[-119.11049866299999,43.875501408000048],[-119.12375270099994,43.879664456000057],[-119.12560749499994,43.879680264000058],[-119.14067503999996,43.879807669000058],[-119.16559777299994,43.85957955300006],[-119.17411053599994,43.850577147000081],[-119.18312009799996,43.842959274000066],[-119.18696898399998,43.835205148000057],[-119.19578730999996,43.822813043000053],[-119.20485199199999,43.811112679000075],[-119.20906846399998,43.795888744000081],[-119.21187030099998,43.782411301000025],[-119.20903964899998,43.768889324000043],[-119.20635605499996,43.757189088000075],[-119.19870945799994,43.750127235000036],[-119.18973507699997,43.73369794000007],[-119.17580172799995,43.72190553300004],[-119.16475882899999,43.711045673000058],[-119.14571795199998,43.683570402000043],[-119.12635256799996,43.67944026400005],[-119.11812294299995,43.677684025000076],[-119.10523629499994,43.661620965000054],[-119.08889174699999,43.645839598000066],[-119.07681602999997,43.636280175000081],[-119.06285339799996,43.628555112000072],[-119.02656428599994,43.61245677800008],[-119.00493078699998,43.601732307000077],[-118.99324523899998,43.593204033000063],[-118.97295493199999,43.561884099000054],[-118.96054212699994,43.551272130000029],[-118.95809657199999,43.545814463000056],[-118.91198514199999,43.518966198000044],[-118.87840645699998,43.50159252800006],[-118.87504963099997,43.498443283000029],[-118.86625158099997,43.490187367000033],[-118.85891702899994,43.483795456000053],[-118.85346265299995,43.474093657000026],[-118.84035183599997,43.461387198000068],[-118.81219262799999,43.444837738000047],[-118.78926307399996,43.454664899000079],[-118.76033348099998,43.44453448400003],[-118.73102689099994,43.430403067000043],[-118.72530313399994,43.429990153000062],[-118.70695935899994,43.413813765000043],[-118.50260902799999,43.41359357500005],[-118.26740073299999,43.413130361000071],[-118.27157277499998,43.425290681000035],[-118.26704502899997,43.437190699000041],[-118.25619749499998,43.445442177000075],[-118.24439420399995,43.450913059000072],[-118.21625059499996,43.461936599000069],[-118.19501071199994,43.476865932000067],[-118.19070030499995,43.492410117000077],[-118.18329096799999,43.503348829000061],[-118.17789280299996,43.526099563000059],[-118.17286965699998,43.533651696000049],[-118.17391614299999,43.554495078000059],[-118.15155986499997,43.57071669700008],[-118.13743785999998,43.58581349800005],[-118.12859282099998,43.588148996000029],[-118.12009062499999,43.597431253000025],[-118.11004292699994,43.602195448000032],[-118.10188514399999,43.615471085000081],[-118.09445103799999,43.624926233000053],[-118.08701480099995,43.634380795000027],[-118.08412026599996,43.643754490000049],[-118.07704868599996,43.649822344000029],[-118.07916329399995,43.663457587000039],[-118.07626220699996,43.674306705000049],[-118.07660153199998,43.681253280000078],[-118.07728453199996,43.693670199000053],[-118.08010478599999,43.712341133000052],[-118.08008439499997,43.71972084500004],[-118.06892525699999,43.728733340000076],[-118.06660878299999,43.74279421600005],[-118.06107705499994,43.750425284000073],[-118.05300170199996,43.757770614000037],[-118.05990345799995,43.761488501000031],[-118.07046158099996,43.767174434000026],[-118.08242658899997,43.772400929000071],[-118.08744305799996,43.778137614000059],[-118.10444433999999,43.783195204000037],[-118.12624325499996,43.787387635000073],[-118.13367315999994,43.79177913400008],[-118.13704572099999,43.793772161000049],[-118.14222036199999,43.80390488200004],[-118.14800150899998,43.810854863000031],[-118.15088213699994,43.82047846200004],[-118.16474619199994,43.836114762000079],[-118.16120748499998,43.862875664000057],[-118.15828267499995,43.879075582000041],[-118.14885776199998,43.89367806000007],[-118.15463744499999,43.906774534000078],[-118.15259913299997,43.929266147000078],[-118.15442491299996,43.975336667000079],[-118.15369053299997,44.018550029000039],[-118.15320404099998,44.047143806000065],[-118.21946378199999,44.079248276000044],[-118.37504897599996,44.154365927000072]]],[[[-117.69403347099995,48.963189713000077],[-117.68052163899995,48.965831126000069],[-117.66954044499994,48.971404546000031],[-117.65720831399994,48.975285080000049],[-117.65652422499994,48.975394479000045],[-117.60573023199998,48.992325578000077],[-118.25353577399994,48.997368239000082],[-118.55397286499999,48.99867527300006],[-119.39829602099996,48.998849172000064],[-119.39638823499996,48.957013646000064],[-119.40144911899995,48.948453545000064],[-119.41178040799997,48.942470329000059],[-119.41809044199999,48.934390222000047],[-119.41641555699999,48.924902168000074],[-119.41922761799998,48.916031555000075],[-119.42203884799994,48.907160614000077],[-119.42709185399997,48.89859810300004],[-119.42666825799995,48.889589976000082],[-119.42103160399995,48.880789371000049],[-119.41737718899998,48.871643953000046],[-119.41695524399995,48.862634964000051],[-119.41653342399997,48.853625696000051],[-119.41288135099995,48.844479310000054],[-119.40725096099999,48.835676785000032],[-119.40089324399997,48.827699229000075],[-119.39453721699999,48.819721161000075],[-119.38990120199998,48.810745143000076],[-119.38625579699999,48.801596716000063],[-119.38827696799996,48.795216018000076],[-119.38906653999999,48.792722980000065],[-119.39385426399997,48.783504838000056],[-119.39541395999998,48.774148956000033],[-119.40394606399997,48.76637422500005],[-119.40898980499998,48.757808270000055],[-119.40955819999999,48.748623590000079],[-119.41012641999998,48.739438623000069],[-119.40747024599995,48.73011634900007],[-119.40481489399997,48.720793731000072],[-119.40761912099998,48.711917192000044],[-119.40809204099997,48.704271326000026],[-119.40818729199998,48.702731098000072],[-119.41696783299994,48.695607352000081],[-119.42725413999995,48.689617824000038],[-119.43335228399997,48.686704751000036],[-119.43878593499994,48.684108615000071],[-119.44906810499998,48.678117223000072],[-119.45633225899996,48.669855588000075],[-119.45590589299997,48.660840567000037],[-119.45745276399998,48.651480121000077],[-119.46372615799999,48.643389943000045],[-119.47524576299998,48.637876818000052],[-119.48676326099996,48.632362623000063],[-119.49152327599995,48.623136112000054],[-119.49431017899997,48.614254906000042],[-119.49932833099996,48.605681265000044],[-119.50559133599995,48.597587938000061],[-119.50837498499999,48.58870569100003],[-119.50892663599996,48.579515405000052],[-119.51105574699994,48.572718270000053],[-119.51170895899998,48.570632558000057],[-119.51480950599995,48.567788404000055],[-119.52019725599996,48.562845313000025],[-119.52064301499996,48.560125209000034],[-119.52173163699996,48.553481095000052],[-119.52674083799997,48.544904724000048],[-119.53548439799999,48.537769654000044],[-119.53938924999994,48.535483011000053],[-119.54573202099999,48.531768101000068],[-119.55571661399995,48.525111908000042],[-119.56196369499997,48.517013847000044],[-119.56670311999994,48.507781202000047],[-119.56947363799998,48.498895080000068],[-119.56903158299997,48.489875307000034],[-119.56636184999996,48.480548381000062],[-119.56270963699995,48.471394565000026],[-119.55905853099995,48.462240376000068],[-119.56182808499995,48.453353081000046],[-119.56237037299996,48.444158486000049],[-119.56389520699997,48.434790144000033],[-119.57412255599996,48.428784436000058],[-119.58585206999999,48.423912050000069],[-119.59581443999997,48.417250576000072],[-119.59857653399996,48.408361232000061],[-119.59688787399995,48.398858675000042],[-119.60187361699997,48.390275211000073],[-119.60561531199994,48.381211166000071],[-119.61001442299994,48.368529163000062],[-119.60792739799996,48.363297216000035],[-119.60748060599997,48.354273581000029],[-119.61370313999998,48.346168642000066],[-119.62188595399999,48.337715333000062],[-119.63359399099994,48.332837404000031],[-119.64353613499998,48.326170481000077],[-119.64850929099998,48.317583295000077],[-119.65472257099998,48.309475526000028],[-119.66668374799997,48.305248344000063],[-119.67812056999998,48.299712058000068],[-119.68681092399999,48.292561620000072],[-119.69549922799996,48.285410465000041],[-119.70719124499999,48.280525393000062],[-119.72090784199997,48.278080430000045],[-119.73083140899996,48.271405966000032],[-119.73356706799996,48.262509714000032],[-119.73186132399996,48.253004369000053],[-119.72947951199995,48.24705188400003],[-119.72819783699998,48.243848252000078],[-119.71918432499996,48.237048192000032],[-119.70847623599997,48.231250741000053],[-119.70383872299999,48.222267961000057],[-119.70018131499995,48.213110192000045],[-119.69287168499994,48.205304396000031],[-119.68288930499995,48.198675627000057],[-119.67290910199995,48.19204598500005],[-119.66925817399999,48.182886505000056],[-119.67545491299995,48.174774300000081],[-119.68262803099998,48.166487133000032],[-119.68217159199997,48.157458064000082],[-119.68490924499997,48.148559567000063],[-119.69083960699999,48.139791460000026],[-119.69826733599996,48.132156875000078],[-119.70445503899998,48.124042049000082],[-119.69507306699995,48.118448035000029],[-119.69368540199997,48.109556862000034],[-119.69350650999996,48.109107815000073],[-119.70972459799998,48.090334106000057],[-119.71830027799996,48.083026819000054],[-119.72280749499998,48.074522479000052],[-119.72347755599998,48.074402512000063],[-119.71640668999999,48.053056017000074],[-119.70782888299999,48.045931468000049],[-119.70765007299997,48.045482350000043],[-119.68157172899998,48.03763949100005],[-119.66973881999996,48.042160479000074],[-119.65772571299999,48.046231186000057],[-119.65705583299996,48.04635083800008],[-119.63485640899995,48.053680978000045],[-119.62038661499997,48.053375745000039],[-119.61971658299996,48.053495210000051],[-119.58115268899996,48.06661659100007],[-119.56810281499997,48.069899804000045],[-119.55625522699995,48.074410424000064],[-119.54645766399994,48.080478907000042],[-119.53425112599996,48.084088903000065],[-119.52080026299996,48.084552620000068],[-119.50748745199996,48.083548126000039],[-119.49449098799994,48.081524795000064],[-119.48149538899997,48.079500206000034],[-119.46733659499995,48.078161154000043],[-119.45465915599999,48.075116487000059],[-119.44198298599997,48.072070607000057],[-119.43128301299998,48.066751626000041],[-119.41924388799998,48.061668658000031],[-119.40565645699996,48.06358786900006],[-119.39242125199996,48.066404714000043],[-119.38282042299994,48.074827306000032],[-119.36933563399998,48.073359717000073],[-119.35698224599997,48.069288601000039],[-119.34727913799998,48.062827518000063],[-119.33461090399999,48.059771485000056],[-119.32683935599999,48.067386555000041],[-119.33286837999998,48.07545641300004],[-119.33218976799998,48.084706262000054],[-119.33151094899995,48.093955839000046],[-119.32931344799999,48.102991637000059],[-119.32051219099998,48.109824272000026],[-119.30743904899998,48.113081942000065],[-119.29330876599994,48.113640950000047],[-119.27949788799998,48.113181564000058],[-119.26346583099996,48.110708122000062],[-119.25047173099995,48.108661588000075],[-119.23859313099996,48.113143880000052],[-119.22875771799994,48.119188638000026],[-119.21994283199996,48.126014397000063],[-119.20823396599997,48.13094342200003],[-119.19754557599998,48.136653332000037],[-119.19059420299999,48.144591049000041],[-119.18600745599997,48.153075682000065],[-119.17616035799995,48.159115868000072],[-119.16391615499998,48.162691618000053],[-119.15047318799998,48.165034306000052],[-119.13682667399996,48.165010153000026],[-119.12713171099995,48.158535284000038],[-119.11928031199994,48.151259012000025],[-119.10610774599996,48.148749181000028],[-119.09229034199996,48.148270797000066],[-119.07882207999995,48.148690590000058],[-119.06532832999994,48.147193123000079],[-119.06049752999996,48.138430074000041],[-119.05449841599994,48.130349740000042],[-119.05034240099997,48.121469219000062],[-119.04116132399997,48.114420825000082],[-119.03048904099995,48.109070975000066],[-119.02917455899996,48.098256757000058],[-119.02855621499998,48.089241926000057],[-119.02642121999997,48.080009926000059],[-119.02227273599999,48.071127141000034],[-119.01494270599994,48.063276353000049],[-119.00761456699996,48.055424974000061],[-118.99695556399996,48.050071498000079],[-118.98846256199994,48.042901574000041],[-118.97813172399998,48.036529932000064],[-118.97332223899997,48.027760740000076],[-118.96985595499996,48.018758626000078],[-118.96991799799997,48.009625025000048],[-118.97772669899996,48.002029105000076],[-118.98756806799997,47.996000356000081],[-118.99944225999997,47.991538424000055],[-119.01131471499997,47.987075388000051],[-119.01715165999997,47.98365995000006],[-119.01984028399994,47.970225292000066],[-119.01453329299994,47.96202241800006],[-119.00555371399997,47.955418252000072],[-118.99210450199996,47.953912600000081],[-118.97718737899999,47.956022253000071],[-118.96412895099996,47.959248371000058],[-118.95055018299996,47.961122542000055],[-118.93714347099996,47.963445573000058],[-118.92271974199997,47.964982810000038],[-118.90896573699996,47.966402526000081],[-118.89735128799998,47.970758820000071],[-118.89708982799999,47.970856868000055],[-118.88365942099995,47.971257524000066],[-118.87153170799996,47.967591223000056],[-118.85906082099996,47.963023128000032],[-118.84825878599997,47.957206083000074],[-118.84096483699994,47.949343117000069],[-118.83083728999998,47.943408785000031],[-118.81821990299994,47.940303390000054],[-118.80445201199996,47.939795387000061],[-118.79266214899997,47.935105309000051],[-118.78204302899996,47.929732940000065],[-118.77359202499997,47.922546889000046],[-118.76297676599995,47.917172816000061],[-118.74986944699998,47.914626588000033],[-118.73726212599996,47.911513366000065],[-118.72402940699999,47.914266181000073],[-118.72527132899995,47.923172171000033],[-118.72517277499998,47.93230807100008],[-118.73244977299998,47.940177687000073],[-118.73721773499994,47.948957783000026],[-118.72921458099995,47.956090545000052],[-118.71578634599996,47.956474557000035],[-118.70218680499994,47.956406695000055],[-118.68973089799999,47.95182284200007],[-118.67911793699994,47.946442671000057],[-118.67436565199995,47.941974242000072],[-118.67134733599994,47.939135754000063],[-118.65923878599995,47.935450071000048],[-118.64580261099997,47.933909905000064],[-118.63237873699995,47.934285663000026],[-118.61861377899999,47.933758732000058],[-118.60517900199994,47.932214523000027],[-118.59175525199998,47.932586250000043],[-118.57799102999996,47.932055182000056],[-118.56571947299994,47.927910307000047],[-118.56366013099995,47.918666511000026],[-118.56747517099996,47.909860442000081],[-118.57448067199999,47.90194903500003],[-118.57997375199994,47.893815042000028],[-118.57942377399996,47.884792554000057],[-118.57100282399995,47.877592864000064],[-118.55690223599998,47.874240309000072],[-118.54451824899996,47.879230022000058],[-118.53229345099999,47.882751816000052],[-118.52242552599995,47.888749490000066],[-118.52108487399994,47.88897766000008],[-118.50420195199996,47.902882697000052],[-118.49078404099998,47.903244433000054],[-118.47902537799996,47.898526508000032],[-118.47061436999996,47.891320867000047],[-118.46287572599999,47.884000750000041],[-118.45698076799999,47.875887773000045],[-118.45041714699994,47.867888079000068],[-118.44201372199996,47.860679981000033],[-118.43311104199995,47.854035882000062],[-118.42303895999999,47.848069329000054],[-118.40979665299994,47.846956343000045],[-118.39807635799997,47.851819497000065],[-118.39105378999994,47.859722959000067],[-118.38721647499995,47.868525383000076],[-118.38488753799999,47.877551701000073],[-118.37517452299994,47.883989750000069],[-118.37534304599995,47.884440802000029],[-118.37771350399998,47.896507994000046],[-118.37834960899994,47.898209875000077],[-118.38108550699997,47.905528479000054],[-118.38764409299995,47.913530618000038],[-118.39353347399998,47.92164568100003],[-118.40009542099995,47.929646820000073],[-118.40481473999995,47.93843885800004],[-118.40685069699998,47.947684497000068],[-118.40670445299997,47.956819418000066],[-118.40202295399996,47.965282221000052],[-118.40187594499997,47.974416639000026],[-118.40961873699996,47.981738208000081],[-118.41232851899997,47.990869033000081],[-118.41520824999998,48.000450387000058],[-118.42178151899998,48.008448524000073],[-118.43137738699994,48.014976618000048],[-118.44097530899995,48.021503899000038],[-118.44940077599995,48.028708486000028],[-118.44471968399995,48.03717087800004],[-118.43852344299995,48.045409378000045],[-118.43278553999994,48.051849438000033],[-118.43148381299994,48.053310218000036],[-118.41955623099994,48.057721400000048],[-118.41938689999995,48.057270643000038],[-118.40611278199998,48.061907613000074],[-118.39265927799994,48.062259435000044],[-118.38089620199997,48.067117866000046],[-118.36659985699998,48.067129626000053],[-118.35448437099996,48.063418152000054],[-118.34270536599996,48.058690718000037],[-118.33260831599995,48.05272119600005],[-118.31932319999999,48.051600047000079],[-118.30705085399995,48.055099582000025],[-118.29326346399995,48.058372847000044],[-118.28250257199994,48.064011712000081],[-118.27947785099997,48.073143582000057],[-118.27476973999995,48.08159891400004],[-118.26669510799996,48.088701292000053],[-118.25861858999997,48.09580303000007],[-118.25912294699998,48.104820862000054],[-118.26316220299998,48.113725739000074],[-118.26787601499996,48.122517507000055],[-118.26333084899994,48.131421970000076],[-118.25103918399998,48.134915558000046],[-118.23655789799994,48.136378827000044],[-118.22308450499997,48.140545853000049],[-118.21600590399999,48.148433124000064],[-118.20757774999998,48.15654470000004],[-118.19982131299997,48.164543156000036],[-118.19593710499998,48.173331790000077],[-118.19610510099994,48.17378265800005],[-118.19254257899996,48.194967139000028],[-118.19303717799994,48.20396829200007],[-118.19303795299999,48.203982390000078],[-118.18915024399996,48.212769731000037],[-118.18593603099998,48.221444416000054],[-118.18272089799996,48.230118784000069],[-118.18186545299994,48.239357618000042],[-118.17949179699997,48.248369921000062],[-118.17391307699995,48.25647854500005],[-118.17592454399994,48.265718396000068],[-118.17793662399998,48.274957942000071],[-118.17724798099999,48.284646155000075],[-118.17774181399994,48.293658881000056],[-118.18178169999999,48.302560834000076],[-118.18649839399995,48.311350142000038],[-118.18986503399998,48.320363617000055],[-118.19255686399998,48.329489042000034],[-118.19085718199995,48.338386642000046],[-118.19102559799995,48.338837280000064],[-118.19656812099998,48.369025359000034],[-118.19588138599994,48.37871073000008],[-118.20381959899998,48.386485226000048],[-118.20719299699999,48.395496083000069],[-118.21056739899996,48.404506593000065],[-118.20971373899999,48.413740414000074],[-118.21241271699995,48.422862688000066],[-118.21578942399998,48.431872266000028],[-118.21442803299999,48.441668119000042],[-118.21415042299998,48.44312113400008],[-118.21272841599995,48.450562753000042],[-118.20950494299996,48.459231342000066],[-118.21000501199995,48.468238853000059],[-118.21338389499999,48.477247155000043],[-118.21320716499997,48.486366462000035],[-118.21337615899995,48.486816855000029],[-118.21183933799995,48.50190204200004],[-118.20370114799999,48.508991095000056],[-118.19894847699999,48.517431970000075],[-118.19080668099997,48.524519894000036],[-118.18266297399998,48.531607167000061],[-118.17163862899997,48.536778325000057],[-118.16078115299996,48.542398880000064],[-118.15449439199995,48.550611024000034],[-118.15057874699994,48.559387392000076],[-118.14734053199999,48.568051411000056],[-118.14647487899998,48.577279879000059],[-118.14696651299994,48.586284117000048],[-118.14745829199995,48.595288083000071],[-118.14574446599994,48.604177382000046],[-118.14335105399999,48.613178346000041],[-118.13773371699995,48.621275847000049],[-118.13790252699999,48.621726131000059],[-118.13939462099995,48.639169563000053],[-118.13937511199998,48.648734130000037],[-118.13697897499998,48.657733646000054],[-118.13067692499999,48.665941547000045],[-118.12718271799997,48.670971680000036],[-118.12505296099999,48.674037103000046],[-118.11399758499999,48.679201171000045],[-118.10073684099996,48.682336508000049],[-118.08696889299995,48.684119776000045],[-118.07354913999995,48.682976886000063],[-118.06011704999997,48.685657991000028],[-118.05007079399996,48.691605748000029],[-118.04460191599998,48.700147582000056],[-118.04592802099995,48.709487327000033],[-118.05065677599998,48.71826956600006],[-118.05742849699999,48.726716961000079],[-118.06471414599997,48.734602067000026],[-118.06808623599994,48.743605974000047],[-118.07009774699998,48.752832595000029],[-118.06615660999995,48.761600616000067],[-118.06051499899996,48.769690919000027],[-118.05147300899995,48.776425909000068],[-118.04141071599997,48.782371214000079],[-118.03049668499995,48.787976824000054],[-118.02331660299996,48.795837354000071],[-118.02311009099998,48.804946705000077],[-118.02290351799996,48.814055774000053],[-118.01316895199994,48.820898502000034],[-117.99920666799994,48.820310237000058],[-117.98439472799998,48.819381466000038],[-117.97094669799998,48.818229072000065],[-117.95904997999997,48.813480061000064],[-117.94524776199995,48.815248327000063],[-117.93516844299995,48.821185071000059],[-117.93341674299995,48.830064942000035],[-117.93609246999995,48.839179983000065],[-117.93127604799997,48.847602198000061],[-117.91796856299999,48.850718095000047],[-117.90584510599996,48.855072644000074],[-117.90408807399996,48.863951115000077],[-117.89943289199999,48.872821693000049],[-117.88797423099999,48.878975085000036],[-117.87550772799995,48.882426156000065],[-117.86337477399996,48.88677649400006],[-117.85514323599995,48.893835627000044],[-117.84946070999996,48.90191360700004],[-117.83833961099998,48.907051473000081],[-117.82452625299999,48.906895882000072],[-117.81002993899995,48.906849094000052],[-117.79653594299998,48.909502377000081],[-117.78642604499998,48.915426311000033],[-117.77919868999999,48.923270655000067],[-117.77196944199994,48.931114407000052],[-117.76473829899999,48.938957570000071],[-117.75903929399999,48.94703056600008],[-117.74790205599999,48.952160337000066],[-117.73472852899999,48.955707659000041],[-117.71986993799999,48.95666172500006],[-117.70619420399998,48.958855431000075],[-117.69403347099995,48.963189713000077]]],[[[-93.826406950999967,47.309615183000062],[-93.826539198999967,47.261306310000066],[-93.777984961999948,47.261927788000037],[-93.780156727999952,47.317734733000066],[-93.819880500999943,47.316968043000031],[-93.826406950999967,47.309615183000062]]],[[[-95.470100593999973,39.998042156000054],[-95.44880225199995,39.998060073000033],[-95.40682985899997,39.998082641000053],[-95.311518045999946,39.99826605100003],[-95.286077407999983,39.998265551000031],[-95.286282434999976,39.998341766000067],[-95.293369713999937,40.000976011000034],[-95.305402137999977,40.010372850000067],[-95.317443869999977,40.019146762000048],[-95.342347282999981,40.030461095000078],[-95.345189914999992,40.036885543000039],[-95.349326966999968,40.041081391000034],[-95.355117299999961,40.047212110000032],[-95.358375964999937,40.05621779300003],[-95.357887418999951,40.063919073000079],[-95.357819518999975,40.071301614000049],[-95.354367301999957,40.083159622000039],[-95.354293071999962,40.091184045000034],[-95.357574366999984,40.097942738000029],[-95.360876875999963,40.102454494000028],[-95.366264041999955,40.10761930700005],[-95.375371328999961,40.117618374000074],[-95.379492141999947,40.12438078100007],[-95.382353598999941,40.13177842500005],[-95.383096241999965,40.142374790000076],[-95.388036081999985,40.151387946000057],[-95.395927779999965,40.15784809400003],[-95.399629077999975,40.165249462000077],[-95.399956277999991,40.175843422000071],[-95.401150893999954,40.182910969000034],[-95.407392449999975,40.187115045000041],[-95.41820364199998,40.19551397500004],[-95.423612870999989,40.199392096000054],[-95.428159176999941,40.20647552500003],[-95.432269443999985,40.215803458000039],[-95.435150670999974,40.221915655000032],[-95.440105466999967,40.230605316000037],[-95.440009986999939,40.242480646000047],[-95.440757429999962,40.253717951000056],[-95.445733075999954,40.260160577000079],[-95.454465312999957,40.268546072000049],[-95.470766703999971,40.27375528400006],[-95.479139837999981,40.274755218000053],[-95.491701164999938,40.276093536000076],[-95.501322796999943,40.278381080000031],[-95.507583502999978,40.281937769000081],[-95.513826911999956,40.288061703000039],[-95.519244225999955,40.292577161000054],[-95.52844554699999,40.295502679000037],[-95.545209434999947,40.295889059000046],[-95.55988382399994,40.295302476000074],[-95.569919594999988,40.29919072000007],[-95.582029330999944,40.306936853000025],[-95.592479738999941,40.312108417000047],[-95.59663502799998,40.318541621000065],[-95.595736760999955,40.32880893500004],[-95.601184648999947,40.329469255000049],[-95.610397890999991,40.331746475000045],[-95.622951140999987,40.336922148000042],[-95.650565513999936,40.350165348000075],[-95.670659586999989,40.358888211000078],[-95.68613019999998,40.370483952000029],[-95.704117191999956,40.383688564000067],[-95.72171310899995,40.391433533000054],[-95.737643528999968,40.396604719000038],[-95.747685211999965,40.405612587000064],[-95.759831077999991,40.413981963000026],[-95.777316346999953,40.42266328200003],[-95.522874181999953,40.040926920000061],[-95.531982153999991,40.029274321000059],[-95.534802111999966,40.023934240000074],[-95.534878112999991,40.012518578000027],[-95.529375674999983,40.002864528000032],[-95.526049174999969,39.998202674000026],[-95.470100593999973,39.998042156000054]]],[[[-95.33715239299994,47.375748142000077],[-95.337578278999956,47.386855002000061],[-95.342165423999973,47.506209353000031],[-95.459271873999967,47.505484552000041],[-95.633205592999957,47.505777293000051],[-95.745819280999967,47.505896595000081],[-96.087828823999985,47.505679235000059],[-96.099541830999954,47.505656344000045],[-96.097516713999937,47.445668433000037],[-96.093558633999976,47.328053942000054],[-96.079978976999939,47.327352590000032],[-96.079824388999953,47.321398842000065],[-96.07792137499996,47.248003795000045],[-96.075343251999982,47.148268380000047],[-96.070411054999965,47.008506600000032],[-95.988361683999983,47.008820917000037],[-95.727061635999974,47.007948721000048],[-95.321811160999971,47.006201839000028],[-95.321904888999939,47.03729972800005],[-95.325513112999943,47.161852127000031],[-95.329249136999977,47.279804192000029],[-95.330047181999987,47.326565430000073],[-95.335269508999943,47.326591505000067],[-95.33715239299994,47.375748142000077]]],[[[-94.326068422999981,47.163820916000077],[-94.378513851999969,47.224970481000071],[-94.37965647499999,47.226301049000028],[-94.458677770999941,47.194199041000047],[-94.574842951999983,47.196912576000045],[-94.570024390999947,47.204846961000044],[-94.565259934999972,47.207993032000047],[-94.559982045999959,47.210778121000033],[-94.556755478999946,47.215006172000074],[-94.554571022999937,47.219245398000055],[-94.551864955999974,47.223478878000037],[-94.547098142999971,47.226624135000066],[-94.54233084599997,47.229769194000028],[-94.536528682999972,47.232547485000055],[-94.530221457999971,47.234609496000076],[-94.523392393999984,47.236665428000038],[-94.516562877999945,47.238720998000076],[-94.511280178999982,47.241503917000045],[-94.507535752999956,47.24536947100006],[-94.501730567999971,47.248146126000051],[-94.496959304999962,47.251289371000041],[-94.493213394999941,47.255154416000039],[-94.491023168999959,47.25939211900004],[-94.488823964999938,47.263984832000062],[-94.48766780699998,47.268589274000078],[-94.487033197999949,47.273199561000069],[-94.487963785999966,47.277827518000038],[-94.490468586999953,47.282118033000074],[-94.486189876999958,47.286331719000032],[-94.479406034999954,47.286254645000042],[-94.475849487999938,47.282307145000061],[-94.472293395999941,47.278359506000072],[-94.469268277999959,47.274062624000067],[-94.464652056999967,47.270812903000035],[-94.458984126999951,47.267906046000064],[-94.454368906999946,47.26465591300007],[-94.450815199999965,47.260707505000028],[-94.449887648999947,47.256079063000072],[-94.451576810999939,47.251125728000034],[-94.454290945999958,47.246894616000077],[-94.459072876999983,47.243397740000034],[-94.463863084999957,47.239545535000047],[-94.468122498999946,47.236042257000065],[-94.471868819999941,47.232177706000073],[-94.474059396999962,47.227939993000064],[-94.475745854999957,47.222985957000049],[-94.476380788999961,47.218375068000057],[-94.475451960999976,47.213746250000042],[-94.472950966999974,47.209454622000067],[-94.469206088999954,47.213319450000029],[-94.466494445999956,47.217551268000079],[-94.463261142999954,47.221776974000079],[-94.459002434999945,47.225280238000039],[-94.454230766999956,47.228422159000047],[-94.447930129999975,47.230125173000033],[-94.441125663999969,47.231111532000057],[-94.434833373999936,47.232458787000041],[-94.432118541999955,47.236689675000036],[-94.426310786999977,47.239463117000071],[-94.419514019999951,47.240093229000081],[-94.412708006999935,47.241078111000036],[-94.406908113999975,47.243495558000063],[-94.403147886999989,47.247713270000077],[-94.400951754999937,47.251949581000076],[-94.399258518999943,47.256902263000029],[-94.395506165999961,47.260764502000029],[-94.391753344999984,47.264626594000049],[-94.38594115899997,47.267398058000026],[-94.379131606999977,47.268381152000075],[-94.372321837999948,47.269363894000037],[-94.365511853999976,47.270346287000052],[-94.362790617999963,47.274575310000046],[-94.360590768999941,47.278810633000035],[-94.357347029999971,47.283033036000063],[-94.35203446099996,47.28651943300008],[-94.340420955999946,47.291348160000041],[-94.32829333799998,47.295814223000036],[-94.326602691999938,47.300410314000032],[-94.324399443999937,47.304644729000074],[-94.32032015499999,47.301041802000043],[-94.318879865999975,47.296406423000064],[-94.314269887999956,47.293151714000032],[-94.307504967999989,47.292355794000059],[-94.305544014999953,47.287713541000073],[-94.301998487999981,47.283761435000031],[-94.297400118999974,47.280150957000046],[-94.297536982999986,47.275179948000073],[-94.300784392999958,47.270958905000043],[-94.303509706999989,47.26673110400003],[-94.301018501999977,47.262436903000037],[-94.294247316999986,47.261995330000047],[-94.287486061999971,47.261198325000066],[-94.28167939399998,47.263610190000065],[-94.275370435999946,47.265304882000066],[-94.268559362999952,47.266282340000032],[-94.261266350999961,47.265832332000059],[-94.255066801999988,47.263620156000059],[-94.248336040999959,47.261755919000052],[-94.242127271999948,47.259898203000034],[-94.235908749999965,47.258395274000065],[-94.229168968999943,47.256885132000036],[-94.222981664999963,47.254316320000044],[-94.217316388999961,47.251754169000037],[-94.21110955499995,47.249894958000027],[-94.204903093999974,47.248035447000063],[-94.198717681999938,47.245465446000026],[-94.192512038999951,47.24360533600003],[-94.185743694999985,47.243158236000056],[-94.17898589899994,47.242355693000036],[-94.171685870999966,47.242255859000068],[-94.164896763999991,47.242517896000038],[-94.158118168999977,47.242424491000065],[-94.151339594999968,47.242330742000036],[-94.14353949599996,47.241511948000039],[-94.136771735999957,47.241062362000037],[-94.129993344999946,47.240967527000066],[-94.123214971999971,47.240872349000028],[-94.116436621999981,47.240776826000058],[-94.108094064999989,47.24065878600004],[-94.101315760999967,47.240562495000063],[-94.094515609999974,47.241176046000078],[-94.087726294999982,47.241434157000072],[-94.080947938999941,47.241336832000059],[-94.074158552999961,47.241594253000073],[-94.067380198999956,47.241496238000082],[-94.060601867999935,47.241397880000079],[-94.053823557999976,47.241299176000041],[-94.047045267999977,47.24120012800006],[-94.046378120999975,47.245808623000073],[-94.047275323999941,47.250439958000072],[-94.046608092999975,47.255048333000047],[-94.044897640999977,47.259641369000065],[-94.042676570999959,47.263871609000034],[-94.040455197999961,47.268101761000025],[-94.037711852999962,47.27232415800006],[-94.032915208999952,47.275450559000035],[-94.026609578999967,47.276778380000053],[-94.020950393999954,47.274208064000049],[-94.014758622999977,47.271984789000044],[-94.007954160999986,47.272593874000052],[-94.001636813999937,47.274275579000061],[-93.995307613999955,47.276312028000063],[-93.988989543999992,47.277993116000061],[-93.985210327999937,47.281843553000044],[-93.980410291999988,47.284967981000079],[-93.975099606999947,47.287729262000028],[-93.970286946999977,47.291208307000034],[-93.965983909999977,47.295050122000077],[-93.962190512999939,47.299254742000073],[-93.958408329999941,47.303104186000041],[-93.954115477999949,47.306590472000039],[-93.950320565999959,47.310794617000056],[-93.945516518999966,47.313917533000051],[-93.939193250999949,47.315596086000028],[-93.93336792499997,47.317992411000034],[-93.927020088999939,47.320380368000031],[-93.920185534999973,47.321694892000039],[-93.913386661999937,47.321944077000069],[-93.907679965999989,47.320789285000046],[-93.901427318999936,47.320336042000065],[-93.897857486999953,47.317793613000049],[-93.896521017999987,47.31102392400004],[-93.890305799999965,47.309505129000058],[-93.88498898499995,47.312262632000056],[-93.881201197999985,47.316109745000063],[-93.87638104399997,47.319585124000071],[-93.870043080999949,47.321615370000075],[-93.863219458999936,47.322571985000081],[-93.856457211999953,47.321753298000033],[-93.851347723999936,47.318474516000038],[-93.845157628999971,47.316243661000044],[-93.838346635999983,47.316844027000059],[-93.833014419999984,47.319954395000082],[-93.826215389999959,47.320199145000061],[-93.827097170999991,47.324830964000057],[-93.826412719999951,47.329437250000069],[-93.826250326999968,47.334051963000036],[-93.826781105999942,47.51195946100006],[-93.825715897999942,47.542115503000048],[-93.950427419999983,47.542082513000025],[-93.999286483999981,47.54225910100007],[-94.104078229999971,47.542577853000068],[-94.216761795999957,47.597511786000041],[-94.219933645999959,47.597154814000078],[-94.339519755999959,47.583638162000057],[-94.363403400999971,47.580925093000076],[-94.353768075999938,47.575129186000026],[-94.347578528999975,47.571267678000027],[-94.338936546999946,47.566042630000027],[-94.335195365999937,47.563780192000081],[-94.319955375999939,47.558621685000048],[-94.313582336999957,47.548840847000065],[-94.312703235999948,47.541216538000072],[-94.338117281999985,47.541306659000043],[-94.54018199099994,47.541851941000061],[-94.738422192999963,47.541200261000029],[-94.730361564999953,47.164549202000046],[-94.72468360299996,47.162007985000059],[-94.724698221999972,47.161297553000054],[-94.719563585999936,47.157695420000039],[-94.713358570999958,47.155503886000076],[-94.70663325999999,47.153306996000026],[-94.70095730099996,47.150764686000059],[-94.694225460999974,47.148922367000068],[-94.688007184999947,47.14744005600005],[-94.681253421999941,47.146662751000065],[-94.674469447999968,47.147306015000026],[-94.668175493999968,47.149375043000077],[-94.66139108699997,47.15001763500004],[-94.65462195899994,47.149949435000053],[-94.649866017999955,47.15309901300003],[-94.646127824999951,47.157324632000041],[-94.644985346999988,47.161931817000038],[-94.648017169999946,47.166226072000029],[-94.653692372999956,47.16877052500007],[-94.653592042999946,47.17338815800008],[-94.651415680999946,47.177629464000063],[-94.647162900999945,47.181494357000076],[-94.643943810999986,47.185724864000065],[-94.646455689999982,47.190013566000061],[-94.648967916999936,47.194302167000046],[-94.650951644999964,47.198940573000073],[-94.652943394999966,47.203223718000061],[-94.649715824999987,47.207809272000077],[-94.64342267699999,47.209521615000028],[-94.638661590999959,47.212670266000032],[-94.628133988999991,47.217999491000057],[-94.632569439999941,47.213900613000078],[-94.633970482999985,47.209474459000035],[-94.634074945999942,47.204738922000047],[-94.632876590999956,47.199989969000057],[-94.631678421999936,47.195240940000076],[-94.63090809199997,47.190792283000064],[-94.630578587999992,47.18605203900006],[-94.628506039999991,47.181589864000046],[-94.628176768999936,47.176849490000052],[-94.628281618999949,47.172113523000064],[-94.629688569999985,47.167390890000036],[-94.631088765999948,47.162964187000057],[-94.631983437999963,47.160670698000047],[-94.637363635999975,47.150669523000033],[-94.634110048999958,47.132870659000048],[-94.626174671999991,47.115022571000054],[-94.618014398999946,47.107475915000066],[-94.594883386999982,47.071697218000054],[-94.585854505999976,47.057030521000058],[-94.589264592999939,47.04427221800006],[-94.588402126999938,47.044423513000027],[-94.237682617999951,47.105418280000038],[-94.224001609999959,47.107776231000059],[-94.213063438999939,47.126108744000078],[-94.196002060999945,47.121969700000079],[-94.179004457999952,47.133465017000049],[-94.170208120999973,47.131567664000045],[-94.165723280999941,47.124754178000046],[-94.167588979999948,47.114474290000032],[-94.177694906999989,47.107150209000054],[-94.174188761999972,47.102482224000028],[-94.157519555999954,47.102963231000047],[-94.136165093999978,47.12078998000004],[-94.135737994999943,47.134998368000026],[-94.155946308999944,47.155889494000064],[-94.163309817999959,47.153503918000069],[-94.170672760999992,47.151117918000068],[-94.194447493999974,47.157482908000077],[-94.197303204999969,47.166759911000042],[-94.242519345999938,47.189037379000069],[-94.24233793999997,47.19543014900006],[-94.235321519999957,47.203864169000042],[-94.326068422999981,47.163820916000077]]],[[[-96.344916836999971,38.526687973000037],[-96.341839737999976,38.642796477000047],[-96.620699121999962,38.644509308000067],[-96.621686838999949,38.527606191000075],[-96.344916836999971,38.526687973000037]]],[[[-95.347243909999975,38.611671183000055],[-95.391359639999962,38.612525043000062],[-95.392458394999949,38.546629081000049],[-95.356066166999938,38.546418262000032],[-95.347841212999981,38.546369029000061],[-95.347243909999975,38.611671183000055]]],[[[-95.70911444099994,39.351448381000068],[-95.706618832999936,39.419167369000036],[-95.837027314999943,39.42140534400005],[-95.895735037999941,39.421600312000066],[-95.898776805999944,39.268887882000058],[-95.840885768999954,39.268820036000079],[-95.710957693999944,39.268563393000079],[-95.70911444099994,39.351448381000068]]],[[[-95.696131395999942,39.740697471000033],[-95.696494178999956,39.656839121000075],[-95.600795837999954,39.655355105000069],[-95.599537697999949,39.740108988000031],[-95.696131395999942,39.740697471000033]]],[[[-93.607712467999988,47.817819626000073],[-93.509505351999962,47.81768222200003],[-93.51338710899995,47.903580796000028],[-93.635732447999942,47.903649389000066],[-93.635911455999974,47.890962728000034],[-93.636941534999949,47.817846718000055],[-93.607712467999988,47.817819626000073]]],[[[-93.370439709999971,48.185869902000036],[-93.364630251999984,48.002169336000065],[-93.085704418999967,48.002124198000047],[-93.084386682999991,48.18428375700006],[-93.370439709999971,48.185869902000036]]],[[[-90.96801553499995,43.026329815000054],[-90.970693179999955,43.040066136000064],[-90.972809069999983,43.03830447100006],[-90.98486496999999,43.028264331000059],[-90.99428280799998,43.023335570000029],[-91.016351358999941,43.010508664000042],[-91.033438455999942,42.999690574000056],[-91.048990262999951,42.993233883000073],[-91.072626654999965,42.991522807000081],[-91.088984598999957,42.990403449000041],[-91.093166623999991,42.990383453000049],[-91.107570350999936,42.990313502000049],[-91.108883353999943,42.99030704200004],[-91.11530182499996,42.989955190000046],[-91.127644492999991,42.989277634000075],[-91.138623957999982,42.987497253000072],[-91.148400833999972,42.98566874200003],[-91.159916059999944,42.984792509000044],[-91.159098614999948,42.979450605000068],[-91.159386985999959,42.975479439000026],[-91.162054313999988,42.963636361000056],[-91.162534505999986,42.957017582000049],[-91.15700773399999,42.950163504000045],[-91.156727496999963,42.945727384000065],[-91.162044789999982,42.938855406000073],[-91.158545305999951,42.928982861000065],[-91.155743368999936,42.917809803000068],[-91.147206098999959,42.912204814000063],[-90.967174844999988,42.914540424000052],[-90.96801553499995,43.026329815000054]]],[[[-93.843481098999973,46.269106326000042],[-93.843145507999964,46.093816292000042],[-93.76888742999995,46.093518998000036],[-93.590936515999942,46.09463381900008],[-93.592483821999963,46.152627758000051],[-93.598631968999939,46.152740840000035],[-93.605103696999947,46.15333465100008],[-93.611665337999966,46.151554331000057],[-93.617561421999937,46.149286461000031],[-93.622468224999977,46.146050138000078],[-93.625693733999981,46.142070434000061],[-93.632191322999972,46.141950756000028],[-93.638644506999981,46.143017698000051],[-93.643540886999972,46.140017926000041],[-93.639225622999959,46.136614331000033],[-93.634910824999963,46.133210566000059],[-93.635430025999938,46.128468841000029],[-93.637979865999966,46.124238906000073],[-93.643872456999986,46.121969697000054],[-93.64996472699994,46.123504776000061],[-93.654270857999961,46.127145523000081],[-93.658936532999974,46.13031742000004],[-93.663952922999954,46.133257835000052],[-93.668619535999937,46.136429339000074],[-93.672577371999978,46.140300669000055],[-93.676894684999979,46.143703131000052],[-93.682263225999975,46.146411427000032],[-93.688691644999949,46.148188053000069],[-93.695155084999953,46.149014801000078],[-93.701635974999988,46.149366451000049],[-93.708108319999951,46.149955168000076],[-93.714555011999948,46.151255730000059],[-93.71992580999995,46.153962429000046],[-93.724938362999978,46.157137718000058],[-93.730301570999984,46.160081336000076],[-93.734973497999988,46.163250263000066],[-93.739996042999962,46.166187520000051],[-93.746061010999938,46.168667475000063],[-93.755526361999955,46.171680577000075],[-93.761617720999936,46.173447643000031],[-93.768067911999935,46.174745491000067],[-93.774518366999985,46.17604301800003],[-93.781010816999981,46.176153332000069],[-93.787536571999965,46.175313808000055],[-93.793428546999962,46.173038143000042],[-93.797986495999965,46.169789663000074],[-93.800868764999962,46.165562738000062],[-93.802392388999976,46.161075356000026],[-93.80254937899997,46.156564949000028],[-93.807772360999991,46.153802263000046],[-93.811389971999972,46.157900883000025],[-93.813974926999947,46.16221962000003],[-93.816560235999987,46.166538260000038],[-93.819145896999942,46.170856803000049],[-93.816264611999941,46.175084076000076],[-93.80980515899995,46.174025986000061],[-93.803329401999974,46.173442338000029],[-93.797762888999955,46.176198959000033],[-93.796580303999974,46.180691877000072],[-93.795047499999953,46.185416349000036],[-93.794206332999977,46.189914903000044],[-93.792339622999975,46.194396104000077],[-93.788113107999948,46.197887336000065],[-93.781610063999949,46.19801474500008],[-93.775106993999941,46.198141832000033],[-93.768886964999979,46.199935974000027],[-93.768385600999977,46.204440030000058],[-93.76992708399996,46.209216364000042],[-93.774254357999951,46.212615034000066],[-93.779282661999957,46.21555042500006],[-93.783602533999954,46.219186085000047],[-93.787580940999987,46.222815791000073],[-93.790859212999976,46.226908501000025],[-93.794821923999962,46.23101261100004],[-93.796724679999954,46.235319386000072],[-93.796225022999977,46.239823153000032],[-93.798119849999978,46.244367154000031],[-93.802348925999979,46.240876001000061],[-93.805234150999979,46.236649721000049],[-93.810138109999968,46.233407062000026],[-93.815169741999966,46.236340924000046],[-93.82020184199996,46.239274571000067],[-93.82523440999995,46.24220800300003],[-93.828866400999971,46.246067906000064],[-93.831806447999952,46.250153683000065],[-93.832335594999961,46.254674408000028],[-93.829451362999976,46.258901096000045],[-93.827585113999987,46.263382031000049],[-93.829491085999962,46.267687985000066],[-93.835952315999975,46.268982184000038],[-93.836636749999968,46.268993487000046],[-93.843481098999973,46.269106326000042]]],[[[-92.768517734999989,46.673868948000063],[-92.460561255999949,46.669171695000045],[-92.458884329999989,46.680518438000036],[-92.463962162999962,46.691334008000069],[-92.472919021999985,46.697625153000047],[-92.47450417899995,46.706210629000054],[-92.474484124999947,46.706566054000064],[-92.47488569099994,46.714123043000029],[-92.476271955999948,46.718906040000036],[-92.479641295999954,46.722792646000073],[-92.485874196999987,46.724856985000031],[-92.491237961999957,46.727657256000043],[-92.496591574999968,46.730646838000041],[-92.502550140999972,46.732703036000032],[-92.50850909899998,46.734758955000075],[-92.513874728999951,46.737558233000073],[-92.518371424999941,46.741093664000061],[-92.522020315999953,46.744986225000048],[-92.524831854999945,46.749046435000025],[-92.524843848999978,46.753792212000064],[-92.523763222999946,46.758319380000046],[-92.520762313999967,46.762606143000028],[-92.519957071999954,46.767140434000055],[-92.51970341699996,46.771689191000064],[-92.519725595999944,46.776245154000037],[-92.517264749999981,46.780735681000067],[-92.513731676999953,46.784628446000056],[-92.509932839999976,46.788324273000057],[-92.505581672999938,46.792005373000052],[-92.500179333999938,46.794709504000025],[-92.493503250999936,46.795481661000053],[-92.486869695999985,46.79549541800003],[-92.483599177999963,46.799584068000058],[-92.482238774999985,46.804103006000048],[-92.486451790999979,46.807821063000063],[-92.492109393999954,46.810438502000068],[-92.498680695999951,46.811561536000056],[-92.505252232999965,46.812684239000077],[-92.510624417999963,46.815483067000059],[-92.515710436999939,46.818463895000036],[-92.518524876999948,46.822523441000044],[-92.521605203999968,46.826779643000066],[-92.527563221999969,46.829023688000063],[-92.534444836999967,46.829583629000069],[-92.54109251899996,46.829377986000054],[-92.547271904999945,46.827641572000061],[-92.553940287999978,46.82705627200005],[-92.560577182999964,46.827039154000033],[-92.567203637999967,46.827211209000041],[-92.572855968999988,46.830014565000056],[-92.578519209999968,46.83262815300003],[-92.583609871999954,46.835606233000078],[-92.589591698999982,46.837468429000069],[-92.592974502999937,46.841350913000042],[-92.593554436999966,46.845920226000032],[-92.594124099999988,46.85067897600004],[-92.597221327999989,46.854743601000052],[-92.60200744399998,46.858282176000046],[-92.606814743999962,46.86144155900007],[-92.611049367999954,46.86496558500005],[-92.616727676999972,46.867387804000032],[-92.621536424999988,46.870546576000038],[-92.625485916999935,46.87425249100005],[-92.630295639999986,46.877410887000053],[-92.63597582999995,46.879832199000077],[-92.642557031999957,46.880947880000065],[-92.649435212999947,46.881691251000063],[-92.656067722999978,46.88185883400007],[-92.664358408999988,46.882067846000041],[-92.671011254999939,46.881855710000082],[-92.677653947999943,46.881832726000027],[-92.684552818999975,46.882195300000035],[-92.690542131999962,46.88405270100003],[-92.696511698999984,46.886288794000052],[-92.703391113999942,46.887029354000049],[-92.710024334999957,46.887194234000049],[-92.716904008999961,46.887934091000034],[-92.723507452999968,46.888666756000077],[-92.730101101999935,46.889588575000062],[-92.735796210999979,46.891816044000052],[-92.742084220999971,46.893298906000041],[-92.74866874199995,46.894409276000033],[-92.755253497999945,46.895519315000058],[-92.76188775899999,46.895681596000031],[-92.772086176999949,46.89649958800004],[-92.77030023399999,46.794179851000081],[-92.768517734999989,46.673868948000063]]],[[[-91.375138763999985,40.432941924000033],[-91.375477844999978,40.437271948000046],[-91.376453289999972,40.446183344000076],[-91.377742120999983,40.455106863000026],[-91.380846621999979,40.465060149000067],[-91.380968148999955,40.48209191400008],[-91.381859842999972,40.496995084000048],[-91.387855836999961,40.501304570000059],[-91.394947114999979,40.508054228000049],[-91.405574919999935,40.523093472000028],[-91.415520058999959,40.534268295000061],[-91.421281530999977,40.54695982800007],[-91.41799657599995,40.555274420000046],[-91.411548651999965,40.56006188300006],[-91.405451264999954,40.566661049000061],[-91.402717782999957,40.572310745000038],[-91.400924943999939,40.577996708000057],[-91.397720061999962,40.583628075000036],[-91.391714827999976,40.588791339000068],[-91.382509896999977,40.592391520000035],[-91.363928930999975,40.60210108900003],[-91.339464533999944,40.60798085600004],[-91.361709495999946,40.607050505000075],[-91.479068206999955,40.602210101000026],[-91.650815985999941,40.594937126000048],[-91.719746717999953,40.591288134000081],[-91.743589916999952,40.590016576000039],[-91.740564356999982,40.583986492000065],[-91.732225023999945,40.581530167000039],[-91.720405394999943,40.579427741000075],[-91.713917417999937,40.572481166000046],[-91.711671705999947,40.563049643000056],[-91.710036586999991,40.548844735000046],[-91.697056410999949,40.540224203000037],[-91.681317297999954,40.530542928000045],[-91.666044248999981,40.528549068000075],[-91.660357117999979,40.524025893000044],[-91.655284181999946,40.514729324000029],[-91.651854697999966,40.504293630000063],[-91.643187000999944,40.497262674000069],[-91.630818022999961,40.494171377000043],[-91.620956877999959,40.491171111000028],[-91.61323387799996,40.484172526000066],[-91.60476973599998,40.474028717000067],[-91.602137804999984,40.466018361000067],[-91.594465085999957,40.458300764000057],[-91.583327449999956,40.455729339000072],[-91.570968540999957,40.452631747000055],[-91.570819835999941,40.452463823000073],[-91.565698718999954,40.446680151000066],[-91.566928576999942,40.44216988200003],[-91.573641315999964,40.440261913000029],[-91.581705884999963,40.441760986000077],[-91.584323034999954,40.441720486000065],[-91.590816593999989,40.441619753000055],[-91.591822836999938,40.435662210000032],[-91.585148070999935,40.432057273000055],[-91.570510295999952,40.430313535000039],[-91.555638651999971,40.428383147000034],[-91.554949437999937,40.428293637000024],[-91.549415842999963,40.421611837000057],[-91.550296411999966,40.412772102000076],[-91.552231683999935,40.405677016000027],[-91.552756769999974,40.403751680000028],[-91.549728584999968,40.397163510000041],[-91.54249536399999,40.392575720000025],[-91.531857367999976,40.392175946000066],[-91.524101500999961,40.395720836000066],[-91.51574992999997,40.398763131000067],[-91.509424430999957,40.398356678000027],[-91.505969492999952,40.396429984000065],[-91.503980443999978,40.391603423000049],[-91.500520549999976,40.386915923000061],[-91.494012793999957,40.385709892000079],[-91.486411239999939,40.386860082000055],[-91.479732417999969,40.388284740000074],[-91.462869334999937,40.377569202000075],[-91.449496561999979,40.38065473000006],[-91.432179843999961,40.386465012000031],[-91.419647852999958,40.391018566000071],[-91.403221101999975,40.392782075000071],[-91.390856005999979,40.399497595000071],[-91.381803286999968,40.408259351000027],[-91.378481913999963,40.425157804000037],[-91.375138763999985,40.432941924000033]]],[[[-110.51568419399996,33.187744154000029],[-110.54171519499994,33.188565727000025],[-110.61794666099996,33.172390037000071],[-110.63397548499995,33.157146511000064],[-110.64890529699994,33.136248291000072],[-110.65414703599998,33.134064814000055],[-110.66104399699998,33.131191278000074],[-110.66964625199995,33.127606349000075],[-110.68842953599994,33.117777939000064],[-110.69340160499996,33.098963285000025],[-110.70485301599996,33.084697945000073],[-110.72915156099998,33.072289626000043],[-110.74076756499994,33.047842896000077],[-110.75844418499997,33.025822238000046],[-110.77127416499997,33.009907462000058],[-110.77960491399995,33.001054461000024],[-110.78696326999994,32.993232676000048],[-110.78097801299998,33.03771910100005],[-110.75276032999994,33.246795147000057],[-110.74815316699994,33.280828821000057],[-110.71252194399995,33.549259198000073],[-110.70022190599997,33.649231704000044],[-110.69913814699999,33.676166627000043],[-110.69904711199996,33.678428324000038],[-110.73221023299999,33.663009440000053],[-110.74858821399994,33.653767489000074],[-110.75273147099995,33.651428758000065],[-110.75659878999994,33.648945671000035],[-110.77740152499996,33.63558388000007],[-110.79265283599995,33.615642551000064],[-110.81422188799996,33.598459070000047],[-110.84808849999996,33.583204243000068],[-110.88260421599995,33.571296256000039],[-110.87869797399998,33.55882832900005],[-110.88159100599995,33.546025134000047],[-110.88559017799997,33.537001448000069],[-110.88590402999995,33.523950289000027],[-110.88323441599999,33.50858997000006],[-110.88325222799995,33.497697812000069],[-110.89118050199994,33.482987741000045],[-110.89552923199994,33.472100562000037],[-110.89419828799998,33.461698196000043],[-110.89281510299998,33.447371123000039],[-110.89122517699997,33.415530367000031],[-110.89122774399999,33.374570603000052],[-110.89144301699997,33.361028944000054],[-110.89202409999996,33.324453574000074],[-110.89550756299997,33.104498144000047],[-110.89611965699999,33.063930264000078],[-110.90547396799997,33.066363952000074],[-110.92558996599996,33.074441875000048],[-110.93165670599996,33.08774382200005],[-110.93429990599998,33.101161113000046],[-110.94848483699997,33.109701741000038],[-110.96232177599995,33.120829524000044],[-110.99777473899996,33.121309354000061],[-110.89828034499999,32.920402572000057],[-110.89967424099996,32.82754228400006],[-110.84804931699995,32.818560700000035],[-110.77537616099994,32.670727342000077],[-110.34354577499994,32.861585640000044],[-110.40164470699995,32.971990767000079],[-110.51568419399996,33.187744154000029]]],[[[-110.55440573699997,44.974845311000081],[-110.43228866699997,44.976032097000029],[-110.42771687399994,44.976074265000079],[-109.90830994799995,44.978588066000043],[-109.52759094299995,44.979352253000059],[-109.27892921599994,44.978193242000032],[-109.08009284199994,44.977751573000035],[-108.85172860799997,44.979219249000039],[-108.71376901799999,44.979908517000069],[-108.30285165099997,44.984064893000038],[-108.23744143499994,44.984604800000056],[-107.84841375599996,44.987125445000061],[-107.29297224599998,44.987779972000055],[-107.00766202899996,44.986908300000039],[-107.00774686999995,44.993522284000051],[-107.00920134399996,45.106683259000079],[-107.01122593799994,45.22428926200007],[-107.01252271099997,45.342528008000045],[-107.01254292799996,45.344694234000031],[-107.01368985399995,45.467336919000047],[-107.01485082899995,45.594507523000061],[-107.01717153599998,45.67825087500006],[-107.01725797599994,45.681365578000054],[-107.01833777899998,45.720246126000063],[-107.01994518799995,45.84491248900008],[-107.02199218799996,45.967112265000026],[-107.02427895699998,46.193619710000064],[-107.02258334099997,46.258293431000027],[-107.02231882299998,46.268369711000048],[-107.03397268299994,46.268027179000057],[-107.08658149299998,46.26715198900007],[-107.11120535299995,46.274742569000068],[-107.15001694899996,46.292238584000074],[-107.18287870499995,46.299471092000033],[-107.21741551099996,46.298658441000043],[-107.24188795199996,46.293681074000062],[-107.25654738999998,46.285957868000025],[-107.26866104899995,46.266969599000049],[-107.28579796599996,46.244313847000058],[-107.30941451099994,46.22611574900003],[-107.33925821199995,46.216701503000081],[-107.36528019999997,46.211920475000056],[-107.38722668099996,46.207490370000073],[-107.40356748599999,46.200675606000061],[-107.41086440299995,46.18962569200005],[-107.41824982999998,46.159180519000074],[-107.43442789699998,46.143039019000071],[-107.45830018599997,46.132320328000048],[-107.48275367399998,46.127649330000054],[-107.51254904899997,46.12537315600008],[-107.54179114499999,46.128525770000067],[-107.56708239499994,46.128432476000057],[-107.59823528199996,46.118114595000065],[-107.60933353599995,46.113891303000059],[-107.62395686899998,46.103604904000065],[-107.73761784799996,46.051351971000031],[-107.76850905999999,46.03166738300007],[-107.79208404599996,46.019824907000043],[-107.80962343999994,46.015713746000074],[-107.83398157199997,46.008103041000027],[-107.85602385399994,46.004652061000058],[-107.88221367499995,45.990394526000046],[-107.90295131299996,45.977349907000075],[-107.92913787799995,45.971347583000068],[-107.97594897799996,45.96810774100004],[-108.02552310499999,45.968548643000076],[-108.08269582999998,45.968262284000048],[-108.12795385299995,45.973021829000061],[-108.15936674399995,45.975470729000051],[-108.19033157299998,45.972920342000066],[-108.21577706999994,45.96584858600005],[-108.23461846799995,45.954000997000037],[-108.25108883599995,45.936619811000071],[-108.26529189199999,45.92484483100003],[-108.27158716699995,45.901588568000079],[-108.28078986799994,45.890643844000067],[-108.30085926999999,45.879534963000026],[-108.30589454999995,45.876746677000028],[-108.32551933599996,45.861207283000056],[-108.33590381799996,45.857698416000062],[-108.34495453099998,45.853956218000064],[-108.35544624399995,45.841800629000033],[-108.37284758899995,45.830780882000056],[-108.40792901999998,45.807625517000076],[-108.42205541799996,45.798350653000057],[-108.43174042699997,45.784823184000061],[-108.43407771999995,45.770562841000071],[-108.43798197299998,45.74859291000007],[-108.45925623099998,45.723504422000076],[-108.49117466199999,45.708177179000074],[-108.58181716899998,45.66659633900008],[-108.60272723499997,45.655550004000077],[-108.61849146499998,45.652205546000062],[-108.65106057399998,45.635324953000065],[-108.66509518799995,45.631063577000077],[-108.68472720399996,45.629129900000066],[-108.70509637299995,45.620637570000042],[-108.71422628699997,45.620095813000034],[-108.72796293599998,45.616936695000049],[-108.75118788699996,45.612475585000027],[-108.76507361199998,45.604974940000034],[-108.79383323699994,45.594912711000063],[-108.83214145799997,45.58136840700007],[-108.83745349399999,45.580371540000044],[-108.85265221399999,45.577517930000056],[-108.86292363099994,45.577571307000028],[-108.89675508999994,45.587512120000042],[-108.91960253299999,45.593865224000069],[-108.93468938899997,45.592348251000033],[-108.94991546299997,45.586491574000036],[-108.96506374299997,45.577757897000026],[-108.97711960799995,45.568973836000055],[-108.99434663299996,45.562908554000046],[-109.01896835399998,45.557893328000034],[-109.05077857699996,45.557909318000043],[-109.07441029899996,45.560552187000042],[-109.09389367399996,45.567938841000057],[-109.13055752099996,45.587625218000028],[-109.14517476699996,45.596223054000063],[-109.17660820799995,45.604178298000079],[-109.19637509399996,45.605394729000068],[-109.22560844299994,45.602750934000028],[-109.26959444299996,45.604345988000034],[-109.29340049299998,45.607654288000049],[-109.30480519199995,45.615487060000078],[-109.33247056299996,45.656602424000027],[-109.34314472699998,45.660903174000055],[-109.35572183999994,45.659598226000071],[-109.36561547399998,45.655326262000074],[-109.37658833999996,45.651301658000079],[-109.38893893399995,45.648935170000073],[-109.40475457699995,45.648369540000033],[-109.42552755499997,45.660264144000053],[-109.43994453299996,45.672459389000039],[-109.46510664999994,45.686774395000043],[-109.48153261399995,45.689020886000037],[-109.51182309199999,45.688728980000064],[-109.55270271599994,45.682627600000046],[-109.57828366399997,45.679570240000032],[-109.59861231099995,45.683193383000059],[-109.61938046999995,45.693618973000071],[-109.64966961799996,45.705196250000029],[-109.68181293899994,45.708636049000063],[-109.69866614299997,45.71513879500003],[-109.72015022199997,45.728720080000073],[-109.75176164599998,45.755643808000059],[-109.77193575099994,45.763491035000072],[-109.78377895699998,45.768956943000035],[-109.80710204399998,45.787619043000063],[-109.82501760999997,45.800365714000066],[-109.84831621299998,45.809406529000057],[-109.87244833299997,45.815949523000029],[-109.90054343099996,45.819134769000073],[-109.92301952299999,45.811900442000081],[-109.94355612799995,45.807576809000068],[-109.96974175499997,45.80353937600006],[-109.99342718999998,45.794055592000063],[-110.01153303199999,45.787144971000032],[-110.02413589499997,45.78139698800004],[-110.04298406199996,45.767617496000071],[-110.06414390199996,45.752679374000081],[-110.10277113199999,45.74003411700005],[-110.13611917899999,45.729759811000065],[-110.15576444399994,45.726397529000053],[-110.17910154099997,45.72322686800004],[-110.20781967999994,45.713441579000062],[-110.22859217699994,45.697007174000078],[-110.23626245499997,45.679612193000025],[-110.24904286199995,45.671577647000049],[-110.25895845899998,45.669876499000054],[-110.27478386299998,45.675341058000072],[-110.29992613599995,45.68307767500005],[-110.34514549699998,45.691279794000081],[-110.34724506799995,45.691639172000066],[-110.38133292099997,45.697468532000073],[-110.40650670599996,45.696757200000036],[-110.43615958399994,45.694033430000047],[-110.45119637299996,45.688431922000063],[-110.47055634599997,45.682843339000044],[-110.50298919299996,45.653543333000073],[-110.51023428399998,45.635125912000035],[-110.53106495699996,45.624943787000063],[-110.54021233499998,45.596813415000042],[-110.54768941399999,45.583080185000028],[-110.55455512099996,45.557010030000072],[-110.55257385599998,45.530496649000042],[-110.55240482999994,45.507389612000054],[-110.54631113699998,45.496518112000047],[-110.55180063999995,45.486860454000066],[-110.56376623799997,45.480802493000056],[-110.57623014499995,45.474686363000046],[-110.58863289199996,45.469057525000039],[-110.59636883899998,45.454321359000062],[-110.60596647099999,45.45214227200006],[-110.61067251199995,45.44582211900007],[-110.61034770699996,45.431039779000059],[-110.62055336699996,45.424090558000046],[-110.61358633799995,45.410186870000075],[-110.61142366099995,45.400794587000064],[-110.62858033399999,45.386180692000039],[-110.64218990699999,45.379199956000036],[-110.66855975699997,45.366776500000071],[-110.67828276199998,45.353367195000033],[-110.70067081999997,45.334883387000048],[-110.75914388299998,45.300598784000044],[-110.79308269099994,45.270266028000037],[-110.82146139899999,45.227180510000039],[-110.84352897399998,45.203267480000079],[-110.85802256099998,45.182040529000062],[-110.86043055499999,45.157276241000034],[-110.85694427499999,45.135937760000047],[-110.82415070999997,45.120223509000027],[-110.79833106299998,45.105861956000069],[-110.77230203299996,45.083922076000079],[-110.75822366199998,45.060590810000065],[-110.74648667899999,45.03409149600003],[-110.73255396599995,45.020148671000072],[-110.70700684699995,45.01067987700003],[-110.70355012299996,45.009398056000066],[-110.66140817899998,44.99690313800005],[-110.62644012599998,44.991167482000037],[-110.59533022099998,44.99112978800008],[-110.55440573699997,44.974845311000081]]],[[[-112.44124752499994,35.014782522000075],[-111.98142162299996,34.518102602000056],[-111.83511772499998,34.624245489000032],[-111.72077804799994,34.708486310000069],[-111.88620099199994,34.88744678200004],[-112.18085964499994,35.205689057000029],[-112.44124752499994,35.014782522000075]]],[[[-112.41408613499999,38.960943761000067],[-112.50050433399997,38.962352072000044],[-112.51461449699997,38.952488778000031],[-112.51452470899994,38.781449016000067],[-112.30642148999999,38.779122881000035],[-112.30809273299997,38.959128755000052],[-112.41408613499999,38.960943761000067]]],[[[-109.93773637699996,33.846838250000076],[-109.94035088599998,33.801544288000059],[-109.92680144099995,33.804984208000064],[-109.90107051899997,33.814582715000029],[-109.88286131099994,33.821033002000036],[-109.87491963399998,33.82350333800008],[-109.87150323099996,33.872520233000046],[-109.93773637699996,33.846838250000076]]],[[[-111.97134695299997,39.042614711000056],[-111.70964126999996,39.043678266000029],[-111.70978466199995,39.207318180000073],[-111.83605079599994,39.207328231000076],[-111.97047944299999,39.207188919000032],[-111.97134695299997,39.042614711000056]]],[[[-116.96902346699994,46.548205420000045],[-116.96751381799999,46.469854119000047],[-116.94934313899995,46.447515277000036],[-116.94543994299994,46.415243133000047],[-116.91319808999998,46.342165562000048],[-116.89607336099999,46.255044239000028],[-116.89378627699995,46.23133776800006],[-116.60663593699996,46.157076462000077],[-116.27491891699998,46.06819631500008],[-116.22477419299997,46.056014411000035],[-116.15647503999998,46.037902473000031],[-116.03186497599995,46.00263715300008],[-115.99270775999997,46.087968614000033],[-115.96726988799998,46.159082727000055],[-115.98393915399998,46.184779633000062],[-116.10457073199996,46.333344473000068],[-116.23557640999996,46.495535292000056],[-116.30553569599999,46.581279918000064],[-116.53959080699997,46.568838389000064],[-116.96902346699994,46.548205420000045]]],[[[-115.32366856299996,40.452902288000075],[-115.32302780799995,40.438539689000038],[-115.32274221399996,40.427062131000071],[-115.31903449899994,40.420216685000071],[-115.31365493599998,40.414776846000052],[-115.31094948399999,40.407869782000034],[-115.31945665099994,40.400718629000039],[-115.33165422599996,40.393727960000035],[-115.34745139999995,40.388047804000053],[-115.36239425799994,40.371780560000047],[-115.36697021999998,40.35607716700008],[-115.37378175499998,40.348340777000033],[-115.37666363399995,40.337225895000074],[-115.37970302599996,40.332854882000049],[-115.38246548799998,40.324752301000046],[-115.38484933299998,40.319610658000045],[-115.40018210799997,40.311190577000048],[-115.41230065999997,40.300815312000054],[-115.34145037999997,40.300807665000036],[-115.25780461299996,40.357094759000063],[-115.25739476999996,40.441975315000036],[-115.27876113099995,40.443058714000074],[-115.32366856299996,40.452902288000075]]],[[[-113.99487749299999,40.241915551000034],[-114.00376016799999,40.225729286000046],[-114.00626127699996,40.203643219000071],[-114.01260478099999,40.177788840000062],[-114.02932358399994,40.178387799000063],[-114.02982677099999,40.056559628000059],[-113.91565267299995,40.057203709000078],[-113.91856425199995,40.065753772000051],[-113.92068239299999,40.07125022200006],[-113.92107816599997,40.078069517000074],[-113.92094384099994,40.085499389000063],[-113.91630421099995,40.091503583000076],[-113.92054336899997,40.097203897000043],[-113.92359020799995,40.103616351000028],[-113.92199438399996,40.126617900000042],[-113.92583862199996,40.130791220000049],[-113.93472212499995,40.13577887200006],[-113.94068959999998,40.145447653000076],[-113.94387307499994,40.152368309000053],[-113.94917831599997,40.151553727000078],[-113.95620798299996,40.152061742000058],[-113.96456502399997,40.155011670000079],[-113.96841337399997,40.159183547000055],[-113.97319256199995,40.166917151000064],[-113.97148883799997,40.210578665000071],[-113.96512913499998,40.241722509000056],[-113.99487749299999,40.241915551000034]]],[[[-111.58342299399999,33.096180371000059],[-111.58370491999995,33.09768973100006],[-111.58859393499995,33.123855282000079],[-111.59102673399997,33.136869047000062],[-111.61611822599997,33.143380151000031],[-111.66458277999999,33.158455261000029],[-111.73167061699996,33.17985935400003],[-111.74191164899997,33.204154450000033],[-111.75488312399995,33.206243094000058],[-111.81259259499996,33.221719145000066],[-111.86087394499998,33.237475157000063],[-111.94835257499994,33.262343657000031],[-111.94099518599995,33.224052524000058],[-111.93942868599999,33.219224307000047],[-111.93895217699998,33.217755511000064],[-111.92833639799994,33.185018934000027],[-111.92756117299996,33.180311576000065],[-111.92250514899996,33.178883227000028],[-111.90368858499994,33.173685507000073],[-111.87617119699996,33.166142039000079],[-111.84380377799994,33.156040021000024],[-111.81299677199996,33.14715269900006],[-111.78690212999999,33.140105951000066],[-111.74502451099994,33.127748163000035],[-111.72342566099996,33.121479416000057],[-111.71904088499997,33.108680513000024],[-111.70805524499997,33.107751995000058],[-111.68998196199999,33.103866418000052],[-111.66354879799997,33.095027422000044],[-111.62206197499995,33.08220886600003],[-111.57827736199994,33.068621978000067],[-111.58342299399999,33.096180371000059]]],[[[-109.58147893999995,33.061388765000061],[-109.56667332599994,33.051534657000047],[-109.33178133599995,33.051476274000038],[-109.19477401099999,32.979825270000049],[-109.14121723499994,32.943019195000034],[-109.13254969599996,33.373317229000065],[-109.12654797299996,33.768319566000059],[-109.12446952799996,33.876708852000036],[-109.19842665499999,33.880885201000069],[-109.30338365399996,33.886725197000032],[-109.33618871899995,33.88558372500006],[-109.43098329499998,33.85211851300005],[-109.47236549399997,33.831029640000054],[-109.55755481699998,33.879799842000068],[-109.57286621499998,33.891948539000055],[-109.57710703199996,33.407341349000035],[-109.58147893999995,33.061388765000061]]],[[[-108.54019695299996,36.204587202000027],[-108.53890393899997,36.429448573000059],[-108.53939096299996,36.673229543000048],[-108.53939096299996,36.67322960100006],[-108.54006345699997,36.747040901000048],[-108.54109676199994,36.860169669000072],[-108.54119701899998,36.871127710000053],[-108.54474693999998,36.999455406000038],[-108.72592867299994,36.998747868000066],[-109.04489443799997,36.998636299000054],[-109.07431967699995,36.998919777000026],[-109.65122715099994,37.002933631000076],[-109.62610286099999,35.992198565000024],[-109.62568758299994,35.964881466000065],[-109.61944406199996,35.786970317000055],[-109.04895178999999,35.773504864000074],[-108.53758474999995,35.761096421000047],[-108.54019695299996,36.204587202000027]]],[[[-111.71693941499996,40.139561486000048],[-111.71720431699998,40.140358613000046],[-111.72182543499997,40.145483002000049],[-111.72887753899994,40.151164883000035],[-111.73553985099994,40.15513135100008],[-111.74542981499997,40.155571063000025],[-111.75692672599996,40.15800340800007],[-111.76857381899998,40.148483527000053],[-111.77466092999998,40.14236181900003],[-111.78058034199995,40.13802983000005],[-111.78905690699997,40.137330170000041],[-111.79598564899999,40.13993190900004],[-111.80133725599995,40.143187849000071],[-111.80409254799997,40.147677526000052],[-111.80767100299994,40.150730410000051],[-111.81253295999994,40.151842398000042],[-111.81001415499998,40.103127805000042],[-111.68606394199998,40.102114232000076],[-111.68982965599997,40.106028335000076],[-111.69556339699994,40.111004273000049],[-111.70425891099995,40.113815773000056],[-111.70809721199998,40.115510534000066],[-111.71162570299998,40.123432612000045],[-111.71354997999998,40.129360503000044],[-111.71693941499996,40.139561486000048]]],[[[-110.02743092599997,31.372879709000074],[-110.02637428099996,31.332862294000051],[-109.99155709299998,31.332751418000043],[-109.48569761499999,31.332078146000072],[-109.41816982999995,31.332360437000034],[-109.40210232199996,31.331988504000037],[-109.38441738199998,31.332030467000038],[-109.36780055699995,31.332095317000039],[-109.27883416899999,31.332246002000034],[-109.22683983499996,31.33233374200006],[-109.15268551599996,31.331179296000073],[-109.15128879699995,31.380495101000065],[-109.15432953199996,31.534196708000025],[-109.15225794399998,31.992030993000071],[-109.14908082799997,32.387263895000046],[-109.16842811399994,32.413485825000066],[-109.19571551999996,32.451534648000063],[-109.21878487799995,32.473242933000051],[-109.24573768099998,32.497597601000052],[-109.31141182499999,32.468203708000033],[-109.46009896599998,32.391244333000031],[-109.48905202799995,32.375044481000032],[-109.52793327199998,32.355644617000053],[-109.55884348999996,32.339415178000024],[-109.58684022999995,32.322825383000065],[-109.60915064399995,32.306233100000043],[-109.63381807999997,32.285718045000067],[-109.64745168699994,32.276254879000078],[-109.66796331399996,32.268796162000058],[-109.69330300499996,32.264566276000039],[-109.75340756999998,32.262820116000057],[-109.78856570099998,32.26115046700005],[-109.83357572099999,32.251194780000048],[-109.87247830899997,32.23261629600006],[-109.91210270399995,32.204043609000053],[-109.93145229799995,32.184146747000057],[-109.95472921399994,32.162523516000078],[-109.99311529199997,32.128534467000065],[-110.01059780799994,32.121884753000074],[-110.03824169299997,32.111957091000079],[-110.05703068199995,32.103197192000039],[-110.07643809999996,32.088565506000066],[-110.10339031099994,32.044767499000045],[-110.10478684699996,32.022789315000068],[-110.10334849499998,32.013724524000054],[-110.10010157499994,32.003435421000063],[-110.09703531399998,31.995359323000059],[-110.08796486599999,31.979213234000042],[-110.07182636399995,31.961501622000071],[-110.05517067299996,31.944629110000051],[-110.03865971299996,31.928507441000079],[-110.02693695299996,31.917532674000029],[-110.01762988799999,31.907393553000077],[-110.00710468299997,31.890241638000077],[-109.99608244799998,31.867848408000043],[-109.98817147399996,31.845766619000074],[-109.98231698499995,31.82659357700004],[-109.97874457499995,31.787346025000033],[-109.97994258999995,31.752932999000052],[-109.98280759899995,31.744488707000073],[-110.00664727899999,31.691772448000052],[-110.04126278999996,31.613104758000077],[-110.04979093899999,31.598119482000072],[-110.05587196099998,31.577439471000048],[-110.06218587499995,31.556126389000042],[-110.05980052299998,31.537240062000023],[-110.05627883899996,31.52175714200007],[-110.05130195099997,31.50406122000004],[-110.04653226099998,31.483629586000063],[-110.03850303899998,31.454906429000062],[-110.03024374499995,31.426817711000069],[-110.02778780399996,31.406695198000079],[-110.02644988799995,31.388703021000026],[-110.02743092599997,31.372879709000074]]],[[[-113.87114286799999,36.30537232100005],[-113.87936959499996,36.480891986000074],[-113.89378280699998,36.787776992000033],[-113.90399757299997,36.995993115000033],[-113.90406105399995,36.995992502000036],[-115.15647240399994,36.997736907000046],[-115.20378312099996,36.99646645100006],[-115.35461415599997,36.993092408000052],[-115.33116566199999,36.52397479900003],[-115.32837966699998,36.455530752000072],[-114.69393964999995,36.459980770000072],[-114.68645141399998,36.236012698000025],[-114.67905047699998,36.114784963000034],[-114.67337782799996,36.116068254000027],[-114.66782217399998,36.117324758000052],[-114.64983628899995,36.124766199000078],[-114.63004409799998,36.12517196400006],[-114.60765091099995,36.126012444000025],[-114.58352323699995,36.127140208000071],[-114.56229317499998,36.12190713800004],[-114.52187111599994,36.126492306000046],[-114.49343369499996,36.13199025800003],[-114.46787256299996,36.127465075000032],[-114.44820652999999,36.121216875000073],[-114.42563422899997,36.121317392000037],[-114.39470298299995,36.145537827000055],[-114.37423579999995,36.150409244000059],[-114.35161336999994,36.143169314000033],[-114.33680361399996,36.134629442000062],[-114.30310687399998,36.133617270000059],[-114.27840763199998,36.125242425000067],[-114.27796943699997,36.105521245000034],[-114.27093145299995,36.084693179000055],[-114.25750783599995,36.070786034000037],[-114.24066697099994,36.068438023000056],[-114.22327019099998,36.056650661000049],[-114.20881788999998,36.042177147000075],[-114.18869398399994,36.041097080000043],[-114.16790232499994,36.048185070000045],[-114.15163977599997,36.048083880000036],[-114.13992497899994,36.051930467000034],[-114.13166584499999,36.054874392000045],[-114.12424070299994,36.068551270000057],[-114.12461905799995,36.080947222000077],[-114.10625394199997,36.094218227000056],[-114.09936157199996,36.117331591000038],[-114.08098994299996,36.134261565000031],[-114.07234921099996,36.15765788300007],[-114.05657294799994,36.177821425000047],[-114.04590583999999,36.191286329000036],[-114.01126001299997,36.204378576000067],[-113.99908534999997,36.196590351000054],[-113.98796054099995,36.195468789000074],[-113.97803333299998,36.192648933000044],[-113.97046142199997,36.190497374000074],[-113.95933586299998,36.182047160000025],[-113.95018143499999,36.169369308000057],[-113.94577870199998,36.158850732000076],[-113.94021930499997,36.15096180200004],[-113.93014483599995,36.146735211000077],[-113.92169384699997,36.136872918000051],[-113.91440284199996,36.126822473000061],[-113.89773750299997,36.117801713000063],[-113.86306992299995,36.108271721000051],[-113.86613235399994,36.172231719000024],[-113.87114286799999,36.30537232100005]]],[[[-108.53988988899994,42.89865902400004],[-108.56478538599998,42.896114544000056],[-108.57958139899995,42.885866088000057],[-108.60547983099997,42.877254821000065],[-108.63341510399994,42.868030686000054],[-108.64697718499997,42.859884298000054],[-108.66504772299999,42.85841780800007],[-108.68068524599994,42.861170691000041],[-108.69283372199999,42.868253312000036],[-108.70225530799996,42.877999568000064],[-108.71282830899997,42.88246410000005],[-108.72749611999996,42.882929675000071],[-108.73990360499994,42.880404669000029],[-108.75134350599996,42.881026732000066],[-108.76739004799998,42.887684398000033],[-108.78151778799997,42.889472210000065],[-108.80895702699996,42.886250315000041],[-108.82785028199999,42.879571211000041],[-108.83895195499997,42.873342080000043],[-108.85081032699998,42.865946329000053],[-109.17446643099998,42.864573047000079],[-109.31236599799996,42.865698487000031],[-109.31236599799996,42.858051211000031],[-109.30488142999997,42.855773299000077],[-109.29023771099997,42.849264979000054],[-109.27949898299994,42.847312483000053],[-109.27103816699997,42.840478748000066],[-109.26713317599996,42.83039085200005],[-109.26095027199995,42.822906284000055],[-109.25151320799995,42.818675877000032],[-109.24695738499997,42.809889645000055],[-109.23589324099999,42.804357573000061],[-109.22222576999997,42.798825502000057],[-109.20823288199995,42.797523838000075],[-109.20888371399997,42.791015518000052],[-109.22255118599998,42.781578454000055],[-109.22027327399996,42.773117639000077],[-109.22320201799994,42.762053495000032],[-109.21116162599998,42.759775583000078],[-109.19163666699995,42.76042641500004],[-109.17829461199995,42.753267264000044],[-109.16007131599997,42.736671048000062],[-109.14184802099999,42.725932321000073],[-109.13371262099997,42.701851538000028],[-109.12134681399999,42.677119923000078],[-109.10702851099995,42.648483316000068],[-109.06641740099997,42.63550160300008],[-109.06055924199995,42.634345660000065],[-109.02300160699997,42.622123418000058],[-108.97827312199996,42.603079369000056],[-108.94894441799994,42.587799135000068],[-108.91655507499996,42.571754916000032],[-108.87885406999999,42.558427536000067],[-108.84710247799995,42.55311824000006],[-108.80429001899995,42.551125198000079],[-108.75554055699996,42.548656270000038],[-108.73557336799996,42.539327269000069],[-108.69605046399994,42.52358156300005],[-108.66834196199994,42.51057118500006],[-108.63410547199999,42.497039935000032],[-108.60976341199995,42.493202714000063],[-108.58773740599997,42.493093981000072],[-108.56565181599996,42.48980995800008],[-108.53824536599996,42.483891752000034],[-108.52091858299997,42.47733085200008],[-108.50757138599994,42.471948421000036],[-108.48486362199998,42.473877595000033],[-108.45890522599996,42.478517233000048],[-108.43544985099999,42.479321891000041],[-108.40838061799997,42.480886707000025],[-108.38444999699999,42.485900688000072],[-108.37894469199995,42.487053399000047],[-108.36183280199998,42.493155846000036],[-108.35065573999998,42.499449220000031],[-108.34570310999999,42.507494185000041],[-108.34571670899999,42.507973766000077],[-108.34599505799997,42.517787764000047],[-108.35297074299996,42.529390419000038],[-108.36294472999998,42.54267446800003],[-108.36570884399998,42.554702768000027],[-108.36070971699996,42.568310612000062],[-108.34966425399995,42.57538274400008],[-108.33502001199997,42.580434854000032],[-108.31835970499998,42.583306232000041],[-108.29858272799999,42.580931140000075],[-108.28707669899995,42.57970659800003],[-108.27647737899997,42.586329272000057],[-108.24692050299996,42.606759644000078],[-108.22850123199999,42.62646451300003],[-108.21107366699994,42.638647189000039],[-108.20133807099995,42.64544974100005],[-108.18946282099995,42.656952233000027],[-108.17641452599997,42.664997922000055],[-108.15692260799995,42.676063006000049],[-108.13978202299995,42.685303775000079],[-108.13783396199995,42.831120372000044],[-108.13973652699997,42.903535162000026],[-108.53988988899994,42.89865902400004]]],[[[-116.98234635199998,45.991790305000052],[-116.98542060099999,45.993906672000037],[-117.16703921999999,45.996651763000045],[-117.28101097399997,45.998245089000079],[-117.35861691599996,45.999272960000042],[-117.36191587499997,45.999315630000069],[-117.37299162499994,45.986355829000047],[-117.39009329999999,45.974947390000068],[-117.39748301999998,45.963328293000075],[-117.41311691999999,45.95277087900007],[-117.41374610199995,45.952054684000075],[-117.42271956699994,45.945053865000034],[-117.43066438999995,45.937613569000064],[-117.43099172299998,45.928395468000076],[-117.43317283499999,45.919477123000036],[-117.43906063199995,45.911158340000043],[-117.45047598299999,45.906187448000026],[-117.46248678999996,45.90294807500004],[-117.47572192399997,45.900723513000059],[-117.48895612699999,45.898497594000048],[-117.50198997599995,45.895692843000063],[-117.51522220799995,45.893464227000038],[-117.52825386199999,45.890656813000078],[-117.54168388399995,45.889002922000032],[-117.55488602699995,45.889219433000051],[-117.56628834799994,45.884238130000028],[-117.57543541999996,45.877803073000052],[-117.58580739999996,45.872382250000044],[-117.59720426999996,45.867398040000069],[-117.60899993599998,45.863567483000054],[-117.62242211899996,45.861905154000056],[-117.63329193199996,45.868009784000037],[-117.64333738299996,45.874253572000043],[-117.65526202199999,45.878344047000041],[-117.66718819599998,45.882433391000063],[-117.68018838299997,45.882059954000056],[-117.69178066499995,45.877644799000052],[-117.70214267399996,45.872214703000054],[-117.71107299899995,45.865192728000068],[-117.71321258599994,45.856268401000079],[-117.71720467799997,45.847639814000047],[-117.72202150799995,45.83887026900004],[-117.72683700699997,45.830100365000078],[-117.73165117599996,45.821330105000072],[-117.73378639499998,45.812404521000076],[-117.73406910499995,45.803182990000039],[-117.73435173399997,45.79396126000006],[-117.73964514699998,45.776545121000026],[-117.73944393899995,45.775967852000065],[-117.74714910699998,45.765478122000047],[-117.75792960499996,45.756296767000038],[-117.77096023099995,45.748564111000064],[-117.78398768999995,45.740830008000046],[-117.78160697699997,45.729002689000026],[-117.77757891599998,45.717457125000067],[-117.77788385299999,45.706874457000026],[-117.77364632799998,45.693659575000027],[-117.77335257899995,45.688269056000081],[-117.76655985899998,45.681601064000063],[-117.75855466199999,45.678664212000058],[-117.75591730199994,45.672834580000028],[-117.75354434099995,45.661004899000034],[-117.74705573699998,45.649879336000026],[-117.73747738399999,45.639893961000041],[-117.72843639899997,45.63702724500007],[-117.71608209699997,45.636006985000051],[-117.71563918899994,45.622215743000027],[-117.71631042299998,45.609343004000038],[-117.71695103199994,45.595920356000079],[-117.71655197099994,45.58110879700007],[-117.71718642199994,45.561379962000046],[-117.71400268799999,45.549687290000065],[-117.71082012299996,45.537994231000027],[-117.71092592399998,45.525738058000059],[-117.71010412899994,45.525878748000025],[-117.70508007699999,45.513888635000058],[-117.70025789699997,45.502475697000079],[-117.69297327899994,45.491484081000067],[-117.68733369299997,45.480210681000074],[-117.67841493999998,45.469367685000066],[-117.67314021199996,45.458129353000061],[-117.66652201699998,45.447667362000061],[-117.66089095599995,45.436391712000045],[-117.65883039399995,45.430420685000058],[-117.26424359399999,45.423645570000076],[-116.83639659299996,45.41968494200006],[-116.74047015399998,45.418952956000055],[-116.73900666299994,45.419900613000038],[-116.71854677199997,45.432524344000058],[-116.69813878499997,45.461126952000029],[-116.67426362399999,45.475028313000053],[-116.66289900299995,45.490061202000049],[-116.65152903399996,45.505092588000025],[-116.63236691699996,45.513332661000049],[-116.63036351799997,45.514221618000079],[-116.61327593899995,45.521801463000031],[-116.60855923899999,45.53281717200008],[-116.61533243799994,45.553439554000079],[-116.61685788099999,45.562876431000063],[-116.61735073999995,45.565924771000027],[-116.61268228699998,45.578151480000031],[-116.59859407499999,45.592391091000081],[-116.57636966499996,45.615751377000038],[-116.56594762699996,45.63061084900005],[-116.56341301599997,45.657856772000059],[-116.56748110399997,45.673423203000027],[-116.57546832799994,45.682995323000057],[-116.58183433699998,45.690621966000037],[-116.58802308699995,45.699546830000031],[-116.59309297399994,45.706855948000054],[-116.60031275699998,45.723497889000043],[-116.59929019799995,45.753179548000048],[-116.60477294899999,45.771930359000066],[-116.60735629399994,45.773880723000048],[-116.60754152799996,45.774020564000068],[-116.62287549899997,45.785593568000081],[-116.64154002699996,45.793210169000076],[-116.65028000999996,45.79677517600004],[-116.67074868499998,45.799841507000053],[-116.67286433799995,45.800158242000066],[-116.67376391699997,45.800292908000074],[-116.69847370599996,45.804339943000059],[-116.71557691799995,45.810014865000028],[-116.71633513799998,45.810266368000043],[-116.72316854999997,45.812532732000079],[-116.74295703099995,45.822738623000077],[-116.75905562499997,45.832322112000043],[-116.76533879999994,45.833995184000059],[-116.77897043799999,45.837623621000034],[-116.78153781799995,45.837620261000041],[-116.78578717099998,45.837614589000054],[-116.80618640099999,45.837585430000047],[-116.83061423899994,45.837843762000034],[-116.84347289799996,45.843677010000079],[-116.85382323099998,45.851138942000034],[-116.86405700699999,45.868685650000032],[-116.89069356099998,45.896058736000043],[-116.91081650899997,45.910461676000068],[-116.91906310099995,45.916539528000044],[-116.92707686099999,45.922444079000059],[-116.93683596199998,45.934574158000032],[-116.94367301999995,45.945243641000047],[-116.94603623699999,45.948930548000078],[-116.95545692299999,45.96782595500008],[-116.96772000499999,45.979665712000042],[-116.96842323799996,45.98034449000005],[-116.96977090699994,45.981452632000071],[-116.98234635199998,45.991790305000052]]],[[[-96.691374171999939,42.143936583000027],[-96.512042981999969,42.143475625000065],[-96.512287545999982,42.175760913000033],[-96.512502371999972,42.204093909000051],[-96.386415675999956,42.204348828000036],[-96.302099910999971,42.204446722000057],[-96.299706080999954,42.208637708000026],[-96.29651034799997,42.213428438000051],[-96.290890973999979,42.21583339700004],[-96.286078029999942,42.218834067000046],[-96.27885164099996,42.221840065000038],[-96.272412103999955,42.220658864000029],[-96.265972793999936,42.219477322000046],[-96.259536003999983,42.218893295000044],[-96.253103805999956,42.219504642000061],[-96.254732721999972,42.224881986000071],[-96.259570465999957,42.227861090000033],[-96.265213080999956,42.230838250000033],[-96.270056494999949,42.235012610000069],[-96.274093533999974,42.238590721000037],[-96.279742641999974,42.242762852000055],[-96.284590327999979,42.247534414000029],[-96.287829297999963,42.252309557000046],[-96.290261394999959,42.256488668000031],[-96.287864984999942,42.26067917000006],[-96.286275662999969,42.265465547000076],[-96.389104818999954,42.265401237000049],[-96.776386154999955,42.264383297000052],[-96.777612411999939,42.144064473000071],[-96.779068682999991,42.000597600000049],[-96.470513690999951,42.00045779800007],[-96.479634719999979,42.006931111000029],[-96.488935499999968,42.011148964000029],[-96.506763679999949,42.011076122000077],[-96.51748493599996,42.014222170000039],[-96.528957739999953,42.022150639000074],[-96.550385208999955,42.025778675000026],[-96.572631671999943,42.041631419000055],[-96.576244136999946,42.046932749000064],[-96.601339375999942,42.060639151000032],[-96.629393851999964,42.084429516000057],[-96.640931939999973,42.096601088000057],[-96.653167796999981,42.106640488000039],[-96.676221726999984,42.126723194000078],[-96.691374171999939,42.143936583000027]]],[[[-106.98591938699997,37.209010389000071],[-106.98656193499994,37.297353225000052],[-106.98799949099998,37.494234439000024],[-106.98851001799994,37.566538483000045],[-106.99255203599995,38.133979177000072],[-106.99433681999994,38.244855414000028],[-106.99511106699998,38.418645194000078],[-106.99697035599996,38.553754965000053],[-106.99714670299994,38.693853843000056],[-106.99881518299998,38.869345265000049],[-106.99885148799996,38.914675983000052],[-106.99893840699997,39.022964742000056],[-106.99925607999995,39.076416894000033],[-106.99998868399996,39.199377372000072],[-107.00047263999994,39.375113376000058],[-107.00321372099995,39.553284116000043],[-107.00373064199994,39.707325798000056],[-107.00577660499994,39.86507729200008],[-107.00756881399997,40.019174882000073],[-107.00750952199996,40.145683720000079],[-107.00937631999994,40.245654417000026],[-107.12861913199998,40.245196514000042],[-107.18374124099995,40.244944314000065],[-107.44065842099997,40.245174809000048],[-107.69479607599999,40.247056623000049],[-107.87656810899995,40.246669730000065],[-108.03071431499995,40.246747976000051],[-108.27772044799997,40.245498980000036],[-108.47041786399996,40.244851122000057],[-108.78848997699998,40.241958328000067],[-108.95713406299996,40.24012637800007],[-109.05120922499998,40.239334929000051],[-109.05242884399996,40.239324178000061],[-109.07291283199999,40.239141740000036],[-109.07228448699999,40.172988405000069],[-109.07220404199995,40.136732658000028],[-109.07211821999999,40.098011563000057],[-109.07209253199994,40.086412969000037],[-109.07357382199996,40.044807353000067],[-109.07354693699995,40.039276806000032],[-109.07336451499998,40.001727546000041],[-109.07312745799999,39.95287120200004],[-109.07284887899999,39.912620980000042],[-109.07278227099994,39.816632478000031],[-109.07274993199997,39.769933034000076],[-109.07264518699998,39.618239785000071],[-109.07263823599999,39.608149987000047],[-109.07260276899996,39.556620012000053],[-109.07259914799994,39.551355429000068],[-109.07254476299994,39.472177678000037],[-109.07243332699994,39.309384277000049],[-109.07596900699997,39.19131112000008],[-109.07204339399999,39.049862622000035],[-109.07182422699998,39.041550954000058],[-109.06961954299999,38.957831447000046],[-109.06589823399997,38.816068726000026],[-109.05960515099997,38.656252803000029],[-109.06029320599998,38.508952731000079],[-109.05894741099996,38.407934027000067],[-109.05845635299994,38.371002935000035],[-109.05601523899998,38.186846784000068],[-109.05167676399998,37.792317422000053],[-109.05126397899994,37.754555012000026],[-109.04661511099994,37.326547617000074],[-109.04470886699994,37.250388631000078],[-109.04473382199996,37.217219162000049],[-108.85798246199994,37.21675811800003],[-108.67467269599996,37.216007055000034],[-108.62371641999994,37.21581748400007],[-108.53930078599996,37.215306913000063],[-108.39458944199998,37.215080534000037],[-108.19859614499995,37.213692927000068],[-108.00811709499999,37.214185718000067],[-107.84986350099996,37.213013336000074],[-107.73081430699995,37.212872639000068],[-107.63718728099997,37.212919400000033],[-107.61812818699997,37.212919467000063],[-107.40077308199994,37.211628000000076],[-107.22712060199996,37.20945223800004],[-107.15195848399998,37.209408451000058],[-106.98591938699997,37.209010389000071]]],[[[-99.075875636999967,44.115871710000079],[-99.098316465999972,44.115818429000058],[-99.148133590999976,44.115685880000058],[-99.160108892999972,44.115651084000035],[-99.216836549999982,44.11547080400004],[-99.241679896999983,44.115383819000044],[-99.246962734999954,44.115364691000025],[-99.281366422999952,44.115195246000042],[-99.483032142999946,44.114013268000065],[-99.477525569999955,44.106165080000039],[-99.469693194999991,44.09804728000006],[-99.461429812999938,44.087528404000068],[-99.458287000999974,44.083526679000045],[-99.452014377999944,44.07419802000004],[-99.445320082999956,44.061213468000062],[-99.44395921399996,44.052916486000072],[-99.442607235999958,44.044021920000034],[-99.434810778999974,44.040521292000051],[-99.43164410899999,44.038762397000028],[-99.400739575999978,44.021587358000033],[-99.390468742999985,44.012316759000043],[-99.390030451999962,44.009227281000051],[-99.387554934999969,43.991771767000046],[-99.383263045999968,43.982068596000033],[-99.377110807999941,43.971730817000036],[-99.37712567799997,43.970967811000037],[-99.377473782999971,43.953101481000033],[-99.377958689999957,43.951268012000071],[-99.38220427899995,43.935210393000034],[-99.383004187999973,43.932184045000042],[-99.384942488999968,43.91852433300005],[-99.383656289999976,43.906383558000073],[-99.375386976999948,43.899682640000037],[-99.365535644999966,43.89558969400008],[-99.356496384999957,43.891832988000033],[-99.343495290999954,43.882868889000065],[-99.338607587999945,43.875602625000056],[-99.336711532999971,43.872783363000053],[-99.334635736999985,43.84880772300005],[-99.070359415999974,43.849936562000039],[-99.075875636999967,44.115871710000079]]],[[[-98.341201583999975,42.755255804000058],[-98.337852676999944,42.754795546000025],[-98.310288259999936,42.751003516000026],[-98.290333772999986,42.746116463000078],[-98.274846971999978,42.738992248000045],[-98.263657318999947,42.734177892000048],[-98.249276667999936,42.730855197000039],[-98.237489976999939,42.727483767000081],[-98.226281107999966,42.721949176000066],[-98.21437868199996,42.714991615000031],[-98.205227795999974,42.712765054000045],[-98.196077517999981,42.710537807000037],[-98.179652645999965,42.703896489000044],[-98.165837881999948,42.697685257000046],[-98.152734874999965,42.693372608000061],[-98.139972696999962,42.689530791000038],[-98.122120772999949,42.688644328000066],[-98.107583303999945,42.69008930900003],[-98.100478172999942,42.693761618000053],[-98.098972762999949,42.694539587000065],[-98.097260505999941,42.696732448000034],[-97.984948366999959,42.697177986000042],[-97.986564654999938,42.767743860000053],[-98.009082728999942,42.760574578000046],[-98.031108244999984,42.760737162000055],[-98.044047753999962,42.765757606000079],[-98.062573214999986,42.767542846000026],[-98.080308300999945,42.766721511000071],[-98.096266324999988,42.763434074000031],[-98.104726910999943,42.764246138000033],[-98.113911663999943,42.767435676000048],[-98.118579982999961,42.771419337000054],[-98.124432343999956,42.771796752000057],[-98.136892629999977,42.775884294000036],[-98.148187484999937,42.784054622000042],[-98.155592455999965,42.792291907000049],[-98.162991525999985,42.800289752000026],[-98.171968142999958,42.806825122000077],[-98.185426888999984,42.811368232000063],[-98.197335601999953,42.818088805000059],[-98.212024759999963,42.830256169000052],[-98.225508232999971,42.845072736000077],[-98.230441541999937,42.846895940000024],[-98.239731879999965,42.848831217000054],[-98.246984848999944,42.848125776000074],[-98.25520561999997,42.845298772000035],[-98.271430840999983,42.848634613000058],[-98.285904904999938,42.85391300100008],[-98.312801492999938,42.865076805000058],[-98.334869998999977,42.871736805000069],[-98.347828690999961,42.877992695000046],[-98.363094684999965,42.883247011000037],[-98.378841988999966,42.887342865000051],[-98.397067252999989,42.895213062000039],[-98.409728146999953,42.90012971200008],[-98.431093717999943,42.908316059000072],[-98.455359331999944,42.917397235000067],[-98.476251441999977,42.926541282000073],[-98.491314247999981,42.932739968000078],[-98.501980411999966,42.939599503000068],[-98.507934245999991,42.945674177000058],[-98.51419677399997,42.95300424800007],[-98.516320107999945,42.960991852000063],[-98.525959930999989,42.968061272000057],[-98.535074149999957,42.974949479000031],[-98.545586125999989,42.984293892000039],[-98.560367939999992,42.996225915000025],[-98.566007112999955,43.007389939000063],[-98.573830642999951,43.027838492000058],[-98.580164182999965,43.050076037000053],[-98.587493922999954,43.057570650000059],[-98.602924392999967,43.065468432000046],[-98.619265574999986,43.069903715000066],[-98.629532805999986,43.072362861000045],[-98.646929808999971,43.070462992000046],[-98.660126547999937,43.067886146000035],[-98.674716978999982,43.067572058000053],[-98.688677133999988,43.06628848400004],[-98.702096145999974,43.069246817000078],[-98.718402592999951,43.079023225000071],[-98.741749495999954,43.094951084000058],[-98.756701371999952,43.103222838000079],[-98.776224393999939,43.11464062400006],[-98.801981441999942,43.137576566000064],[-98.810813933999952,43.142729723000059],[-98.825525500999959,43.144880842000077],[-98.858626133999962,43.143549016000065],[-98.870176490999938,43.145002956000042],[-98.882725050999966,43.151403320000043],[-98.900110668999957,43.166865981000058],[-98.907381824999959,43.177557797000077],[-98.911736392999956,43.186326147000045],[-98.916731968999954,43.195385073000068],[-98.920980820999944,43.20644941200004],[-98.921625648999964,43.22111568400004],[-98.923936046999984,43.230848781000077],[-98.928545797999959,43.235786817000076],[-98.937638441999979,43.23801900400008],[-98.957515733999969,43.238159170000074],[-98.958079753999982,43.238203274000057],[-98.968010916999958,43.238979411000059],[-98.987564074999966,43.245851391000031],[-99.002077863999943,43.252230444000077],[-99.027335029999961,43.266553655000052],[-99.052432496999984,43.284443828000065],[-99.081520873999978,43.30681757800005],[-99.096694037999953,43.322344292000025],[-99.111137632999942,43.340028003000043],[-99.119244857999945,43.356492492000029],[-99.126145269999938,43.364141688000075],[-99.139883837999946,43.374188969000045],[-99.153853758999958,43.389007115000027],[-99.174434755999982,43.408313971000041],[-99.198287701999959,43.429403950000051],[-99.20926611699997,43.43650854100008],[-99.225742988999968,43.440442649000033],[-99.245458484999972,43.442595013000073],[-99.269260436999957,43.446695811000041],[-99.293213279999975,43.450424846000033],[-99.307232686999953,43.454897589000041],[-99.318516604999957,43.461136934000081],[-99.322304516999964,43.46909434500003],[-99.322753096999975,43.487429640000073],[-99.328445473999977,43.506656654000039],[-99.328267920999963,43.514093215000059],[-99.327938570999947,43.527882926000075],[-99.341756654999983,43.53703069900007],[-99.363237995999953,43.551359754000032],[-99.376505276999978,43.564187483000069],[-99.38173723899996,43.575696325000081],[-99.383218500999988,43.588191770000037],[-99.381417544999977,43.602304480000043],[-99.378073841999992,43.610955399000034],[-99.376363373999936,43.61864481200007],[-99.379633386999956,43.624976691000029],[-99.389280912999936,43.636638719000075],[-99.394649053999956,43.646887511000045],[-99.399169422999989,43.652909600000044],[-99.40366540399998,43.658443018000071],[-99.412130386999991,43.659282425000072],[-99.420437237999977,43.657068465000066],[-99.430968701999973,43.653111502000058],[-99.438675329999967,43.651524168000037],[-99.454643799999985,43.650931330000049],[-99.465412825999977,43.651550623000048],[-99.47419245399999,43.654364312000041],[-99.481581787999971,43.658744695000053],[-99.485834478999948,43.663517784000078],[-99.490006785999981,43.670738677000031],[-99.49427703899994,43.675816649000069],[-99.499963366999964,43.67978486800007],[-99.507000775999984,43.681422136000037],[-99.506405705999953,43.689172614000029],[-99.502806709999959,43.695769633000054],[-99.491945559999976,43.702328904000069],[-99.479583888999969,43.70979155200007],[-99.451403037999967,43.724900560000037],[-99.438628222999967,43.732511829000032],[-99.442190290999974,43.745214138000051],[-99.450348033999944,43.760082164000039],[-99.459442189999947,43.772631111000067],[-99.465021558999979,43.786688240000046],[-99.465217324999969,43.787181349000036],[-99.458802373999958,43.795572843000059],[-99.447504991999949,43.801423775000046],[-99.426932103999945,43.803214516000025],[-99.415472460999979,43.804210499000078],[-99.377408404999983,43.807724582000048],[-99.362777025999947,43.819483228000081],[-99.361919757999942,43.820704870000043],[-99.351709083999992,43.835251374000052],[-99.35051572499998,43.848080721000031],[-99.356722108999975,43.866251143000056],[-99.359846092999987,43.875717503000033],[-99.36885056899996,43.88139714600004],[-99.381226062999986,43.885839450000049],[-99.39200114199997,43.889941789000034],[-99.395462306999946,43.893540446000031],[-99.401491391999969,43.899807812000063],[-99.402683990999947,43.917728535000037],[-99.402960011999937,43.938347264000072],[-99.397088593999968,43.95103419700007],[-99.393493855999964,43.95819731000006],[-99.394478086999982,43.972111595000058],[-99.402214022999942,43.988707599000065],[-99.410178391999978,44.004532733000076],[-99.422628928999984,44.020044177000045],[-99.429404783999985,44.023105985000029],[-99.443204743999956,44.027200791000041],[-99.454177787999981,44.034538334000047],[-99.46642451699995,44.040885082000045],[-99.47916182199998,44.046453281000026],[-99.491545454999937,44.050311454000052],[-99.502293299999963,44.053259174000061],[-99.513570882999943,44.056191212000044],[-99.523863690999974,44.060486457000025],[-99.54013994099995,44.067668032000029],[-99.552319037999951,44.073039357000027],[-99.558047932999955,44.075565232000031],[-99.573948402999974,44.085426311000049],[-99.584413240999936,44.097540429000048],[-99.588479433999964,44.10888114800008],[-99.590817055999992,44.127335334000065],[-99.590978564999944,44.133211364000033],[-99.591288420999945,44.144481470000073],[-99.591832311999951,44.164253870000039],[-99.592336925999973,44.170742391000033],[-99.59355050399995,44.186341480000067],[-99.596609771999965,44.202221163000047],[-99.605457074999947,44.210194014000081],[-99.620015902999967,44.218002609000052],[-99.639959041999987,44.225775422000027],[-99.659664520999968,44.23222148900004],[-99.669013466999957,44.231842499000038],[-99.680645173999949,44.231369997000058],[-99.692687088999946,44.227147883000043],[-99.701186807999989,44.219915194000066],[-99.70013849299994,44.210782149000067],[-99.688621427999976,44.204246220000073],[-99.663218455999981,44.186657924000031],[-99.642765987999951,44.171976303000065],[-99.628116166999973,44.156551733000072],[-99.620365528999969,44.145891560000052],[-99.620385085999942,44.143649670000059],[-99.620473803999971,44.133477951000032],[-99.625038592999942,44.120172268000033],[-99.634442161999971,44.112833740000042],[-99.639772057999949,44.108673216000057],[-99.654015379999976,44.102723735000041],[-99.666289347999964,44.099503095000046],[-99.678408022999974,44.102968961000045],[-99.695802386999958,44.110670901000049],[-99.712498173999961,44.121373563000077],[-99.713474227999939,44.121799204000069],[-99.726792867999961,44.127605890000041],[-99.749817420999989,44.133698307000031],[-99.77912827099999,44.140929176000043],[-99.797960984999975,44.141210335000039],[-99.818670880999946,44.136229521000075],[-99.839113138999949,44.132463192000046],[-99.860323521999987,44.130363786000032],[-99.888845027999992,44.135415890000047],[-99.908802055999956,44.14326814900005],[-99.924219520999941,44.152024951000044],[-99.941085072999954,44.167825525000069],[-99.952569448999952,44.180068864000077],[-99.957770186999937,44.19365386000004],[-99.95851490199999,44.205946134000044],[-99.967381256999943,44.214260005000028],[-99.968650468999954,44.220009128000072],[-99.969579130999989,44.224214980000056],[-99.967715046999956,44.23286544900003],[-99.958451593999939,44.244325298000035],[-99.944273276999979,44.266819932000033],[-99.947766761999958,44.271865564000052],[-99.959909171999982,44.27492219700008],[-99.975909223999963,44.275851801000044],[-99.995109888999991,44.276964652000061],[-100.00755528599996,44.27840827600005],[-100.02727858099996,44.281504354000049],[-100.04490006899994,44.289246694000042],[-100.07169273199997,44.306115434000048],[-100.07519606999995,44.308320043000037],[-100.09565274899995,44.316536711000026],[-100.11153719499998,44.321748760000048],[-100.14280513199998,44.324165049000044],[-100.17986865699999,44.329818815000067],[-100.20906792499994,44.337155620000033],[-100.22754983199997,44.339116829000034],[-100.25844480899997,44.347817659000043],[-100.28696189099998,44.350577742000041],[-100.30632093799994,44.357177623000041],[-100.31064460299996,44.35865104800007],[-100.33683601399997,44.36233840400007],[-100.36729676099998,44.364154897000049],[-100.38486542799996,44.370134353000026],[-100.40670676799999,44.391999980000037],[-100.41451812299994,44.401178241000025],[-100.41855928899997,44.420828415000074],[-100.41858837999996,44.440872292000051],[-100.42564206399999,44.450552945000027],[-100.44051904599996,44.457668589000036],[-100.46996855099997,44.467323949000047],[-100.49458935299998,44.472562334000031],[-100.51126481999995,44.470824801000049],[-100.53044003999997,44.462886862000062],[-100.54227812599999,44.458455599000047],[-100.55355863399996,44.454231425000046],[-100.57653013399994,44.45493147500008],[-100.59239094699996,44.456839742000057],[-100.60220851899999,44.463738380000052],[-100.62534291699995,44.474160298000072],[-100.62819811899999,44.481183387000044],[-100.62872352499994,44.488561833000063],[-100.62627318999995,44.496287364000068],[-100.61904776899996,44.502516286000059],[-100.60872624699994,44.507425452000064],[-100.59604113199998,44.511942074000046],[-100.59412744899998,44.512939710000069],[-100.58767864799995,44.516301131000034],[-100.58605774299997,44.517625950000081],[-100.57790329199997,44.524289672000066],[-100.57404761099997,44.531109661000073],[-100.56506588199994,44.536205043000052],[-100.55618293699996,44.54272773100007],[-100.55090918999997,44.548404564000066],[-100.54831395999997,44.554223766000064],[-100.55715168499995,44.556531420000056],[-100.57199838199995,44.558860873000071],[-100.58712856699998,44.560462603000076],[-100.60193117499995,44.566846288000079],[-100.62440028099996,44.577721231000055],[-100.63589060199996,44.579688343000043],[-100.65007050999998,44.586566421000043],[-100.66322919499999,44.597774989000072],[-100.66899217399998,44.608251969000037],[-100.67037802199997,44.61822141500005],[-100.67538800599999,44.632113193000066],[-100.68026954799996,44.639567875000068],[-100.68139323099996,44.650500590000036],[-100.67850662899997,44.656809425000063],[-100.67342307499996,44.665107276000072],[-100.66825250099998,44.672215173000041],[-100.66504123999994,44.684260409000046],[-100.65934733699999,44.707368855000027],[-100.65660160699997,44.729652528000031],[-100.65752882299995,44.738442055000064],[-100.65765436799995,44.739631952000025],[-100.66385024799996,44.745495146000053],[-100.66663354499997,44.748128531000077],[-100.68336943099996,44.752761832000033],[-100.69587687799998,44.75444815600008],[-100.71154557999995,44.75816308900005],[-100.73176531999997,44.76456945800004],[-100.75075820599994,44.77244952500007],[-100.76585328599998,44.781903687000067],[-100.76664978499997,44.782768529000066],[-100.77604786199998,44.792970779000029],[-100.77961693599997,44.805000950000078],[-100.78109442699997,44.815916697000034],[-100.77741864099994,44.825117327000044],[-100.77045259599998,44.830624847000081],[-100.76116309399998,44.836457085000063],[-100.75596259599996,44.837360027000045],[-100.74891781999997,44.83858280100003],[-100.73579392999994,44.837878120000028],[-100.71934499699995,44.837533599000039],[-100.70261922099996,44.833381485000075],[-100.68756676999999,44.829165759000034],[-100.65063946599997,44.804999572000042],[-100.63094028299997,44.791884082000081],[-100.61502481399998,44.780059546000075],[-100.59798234099998,44.77113558700006],[-100.58642545899994,44.768690007000032],[-100.57584023499999,44.770501428000046],[-100.57014843099995,44.77523698300007],[-100.56718890199994,44.781189700000027],[-100.56604375599994,44.783492686000045],[-100.56402638399999,44.792865798000037],[-100.55480861699999,44.804642326000078],[-100.54802730099999,44.817761757000028],[-100.54164425399995,44.827050824000025],[-100.53357117799999,44.836160929000073],[-100.52343952799998,44.842036352000036],[-100.52262119099998,44.842510828000059],[-100.50063188599995,44.854018266000026],[-100.48649810599994,44.861632292000081],[-100.46948384099994,44.870011563000048],[-100.45795820099994,44.877128642000059],[-100.45094755199995,44.884392410000032],[-100.44838177299994,44.896994077000045],[-100.45217812099997,44.908458318000044],[-100.45813150599997,44.926255342000047],[-100.46052990799996,44.932240101000048],[-100.46410229399999,44.941152045000081],[-100.46754574199997,44.956746711000051],[-100.46602083899995,44.972473717000071],[-100.46844010899997,44.994968332000042],[-100.46793792599999,45.012529710000081],[-100.45629447299996,45.024529335000068],[-100.44420094799995,45.033187117000068],[-100.43193654799995,45.039408755000068],[-100.42608326399994,45.04815336200005],[-100.41652754599994,45.050008560000038],[-100.41239072399998,45.050906246000068],[-100.40232109599998,45.053090673000042],[-100.38083890299998,45.050471390000041],[-100.36141240799998,45.046405779000054],[-100.34599386599996,45.037930394000057],[-100.33085574999996,45.033562112000027],[-100.32042048299996,45.03513485600007],[-100.31555479699995,45.039569812000025],[-100.32256662599997,45.044671949000076],[-100.33193085699997,45.049541627000053],[-100.34315262199999,45.054917100000068],[-100.34990041099996,45.05952405000005],[-100.35443325199998,45.06261818400003],[-100.36641456699999,45.074260024000068],[-100.37228477199994,45.087786941000047],[-100.36728263299995,45.102904219000038],[-100.36100749399998,45.115166332000058],[-100.35757008699994,45.12701682900007],[-100.35251008999995,45.141771837000078],[-100.34314756999999,45.15867329200006],[-100.33301197499998,45.17617122200005],[-100.32577163099995,45.188709609000057],[-100.32044922099999,45.211760846000061],[-100.31939125999997,45.22609088300004],[-100.31523809599997,45.236522136000076],[-100.31171742499998,45.250362202000076],[-100.31408077299994,45.261431681000033],[-100.31689310799999,45.264972857000032],[-100.32159994599999,45.270898440000053],[-100.33545105699994,45.284153308000043],[-100.34821173699999,45.29915842500003],[-100.35705343999996,45.311560322000048],[-100.35716615099994,45.311718380000059],[-100.35543901699998,45.322066882000058],[-100.35140174599996,45.334208153000077],[-100.34299198299999,45.347639723000043],[-100.33344155999998,45.356249926000032],[-100.32105668199995,45.370956032000038],[-100.31891749599998,45.381316277000053],[-100.31641140599999,45.392260080000028],[-100.32051572199998,45.39898127500004],[-100.32496783599998,45.40483327700008],[-100.32905455699995,45.411268891000077],[-100.33239035499997,45.418586848000075],[-100.33576558099998,45.426474828000039],[-100.34105023599994,45.432583800000032],[-100.34739571699998,45.436370695000051],[-100.35297080999999,45.44075478700006],[-100.35860499099994,45.445993886000053],[-100.36696259999997,45.455426815000067],[-100.37387308799998,45.461479201000031],[-100.38142462699994,45.470938330000081],[-100.38922692799997,45.478102467000042],[-100.39683474499998,45.48241534400006],[-100.40154777099997,45.485969295000075],[-100.40510444599994,45.490419726000027],[-100.40831532999994,45.495739030000038],[-100.41655744099995,45.509172258000035],[-100.43861851899999,45.516701896000029],[-100.51054170699996,45.516495983000027],[-100.52588618899995,45.520816663000062],[-100.52986457399999,45.527726512000072],[-100.53330467999996,45.533700061000047],[-100.53573678199996,45.550757906000058],[-100.53212436099994,45.568598555000051],[-100.51154370299997,45.588174152000079],[-100.48963648499995,45.600649390000058],[-100.47832370899994,45.607611982000037],[-100.47458608199997,45.629737227000078],[-100.47707499699999,45.659358218000079],[-100.47210656599998,45.669812620000073],[-100.45590200299995,45.676940467000065],[-100.44892464199995,45.678352742000072],[-100.43380406799997,45.681411750000052],[-100.40633916799999,45.684919337000053],[-100.39337748699995,45.691632584000047],[-100.39217595699995,45.692254751000064],[-100.37578038599997,45.696807842000055],[-100.37207570599998,45.714068226000052],[-100.36903032299995,45.735017949000053],[-100.38838687199996,45.755496151000045],[-100.41360527799998,45.772059521000074],[-100.41873692099995,45.781307986000058],[-100.42031343799994,45.798101195000072],[-100.42625313399998,45.801325226000074],[-100.43198493899996,45.807411395000031],[-100.43797666099994,45.817200219000028],[-100.44030335699995,45.827113956000062],[-100.43757533899998,45.864037453000037],[-100.43678128699997,45.876055116000032],[-100.44315683299999,45.879548672000055],[-100.45026871199997,45.881874776000075],[-100.46170653099995,45.881768241000032],[-100.47200132199998,45.882841967000047],[-100.48043862199995,45.88654828500006],[-100.48812172899994,45.891136543000073],[-100.49429563699994,45.897489384000039],[-100.50012351799995,45.904710282000053],[-100.50205515399995,45.914634980000073],[-100.50680616599999,45.918181565000054],[-100.51663873699994,45.918411504000062],[-100.52775641299996,45.919452393000029],[-100.53695672899994,45.922272044000067],[-100.55034140399994,45.932081470000071],[-100.56007744099998,45.942302786000027],[-100.56700207899996,45.954353651000076],[-100.56832944899998,45.955951034000066],[-100.57506994099998,45.964061128000026],[-100.58371353099994,45.97603123500005],[-100.58833361899997,45.983289943000045],[-100.59185335799998,45.992299780000053],[-100.59815096099999,46.000069650000057],[-100.60636852699997,46.006058729000074],[-100.61715683599999,46.007960281000067],[-100.62782084499997,46.008152820000078],[-100.64792150299996,46.008248011000035],[-100.66878788599996,46.008343549000074],[-100.70290662999997,46.00849257200008],[-100.76134899099998,46.008727093000061],[-100.78733840299998,46.009010569000054],[-100.99242305199999,46.011065727000073],[-101.16398421399998,46.012537121000037],[-101.19115814899999,46.01277615500004],[-101.76804403099999,46.016514492000056],[-101.80891521899997,46.016682543000059],[-102.01961180299998,46.016667737000034],[-102.14159241699997,46.01650360800005],[-102.43781687099994,46.015923698000051],[-102.48139970499994,46.01578160300005],[-102.54992095499995,46.015477621000059],[-102.78386368299999,46.014168492000067],[-102.99874197599996,46.013084680000077],[-103.01056525999996,46.012906544000032],[-103.07000034699996,46.011994805000029],[-103.30799730999996,46.010456194000028],[-103.70935817299994,46.006709397000066],[-103.79336693599998,46.005768753000041],[-103.98830521399998,46.003862703000038],[-103.98752551099994,45.983191864000048],[-103.98559627299994,45.947136067000031],[-103.98420620799999,45.859927825000057],[-103.98301916299994,45.822069767000073],[-103.99059840999996,45.618457789000047],[-103.98966091999995,45.494000440000036],[-103.98343485299995,45.13607035900003],[-103.98390919499997,44.963785255000062],[-103.98421665299998,44.833656338000026],[-103.98431749699995,44.790853523000067],[-103.98709319899996,44.591539125000054],[-103.98761467399999,44.478496739000036],[-103.98830082099994,44.350385055000061],[-103.98814536999998,44.281230710000045],[-103.98828649199999,44.041449716000045],[-103.98677802399999,43.852261917000078],[-103.98486761299995,43.564012822000052],[-103.98373790999995,43.392304756000044],[-103.98030639199999,43.11061883800005],[-103.97976047599997,43.065574110000057],[-103.97897786099998,43.000887299000055],[-103.01476064299999,42.999616524000032],[-102.99423753899998,42.999726826000028],[-102.66002563799998,43.001044222000075],[-102.44550089499995,43.001414423000028],[-102.08695858599998,43.001203384000064],[-101.09449851799997,43.001355524000076],[-100.76942548399995,42.999675674000059],[-100.69093757699994,42.999938664000069],[-100.64051822299996,43.000081355000077],[-100.34960597399999,43.000701311000057],[-100.17943403899994,42.997383103000061],[-99.842956199999946,42.998335198000063],[-99.827744435999989,43.045846139000048],[-99.81524809299998,43.046231790000036],[-99.801661784999965,43.048084236000079],[-99.789945932999956,43.048443353000039],[-99.774081169999988,43.044624145000057],[-99.761700296999948,43.040123315000073],[-99.747239899999954,43.033388894000041],[-99.736943565999979,43.031117858000073],[-99.727707043999942,43.026805656000079],[-99.716615609999963,43.024269985000046],[-99.70044994999995,43.021885132000079],[-99.686237344999938,43.019440047000046],[-99.678129358999968,43.014229861000047],[-99.666805523999983,43.007392964000076],[-99.661973169999953,43.00243641600008],[-99.661900498999955,43.002361869000026],[-99.658105888999955,42.99846905000004],[-99.608011830999942,42.997357604000058],[-99.58959686299994,42.989285793000079],[-99.575524347999988,42.981946594000078],[-99.56180681099994,42.981194651000067],[-99.552948164999975,42.97628493600007],[-99.542170639999938,42.972003390000054],[-99.527001070999972,42.973297621000029],[-99.515115743999957,42.970193000000052],[-99.505182041999944,42.967031962000078],[-99.49747008099996,42.968971755000041],[-99.488662206999948,42.97237651100005],[-99.481984987999965,42.971703932000025],[-99.475188492999962,42.968739081000081],[-99.464220497999975,42.968186041000081],[-99.459356982999964,42.972338854000043],[-99.451598599999954,42.973416305000057],[-99.43429914099994,42.971315696000033],[-99.424199585999986,42.972456402000034],[-99.41036853899999,42.969395709000025],[-99.400757007999971,42.964783036000028],[-99.394584643999963,42.958640755000033],[-99.385712230999957,42.953145913000071],[-99.376451266999936,42.947661044000029],[-99.366252882999959,42.939045029000056],[-99.357471883999949,42.935267109000051],[-99.350091735999968,42.936041143000068],[-99.339692153999977,42.938904674000071],[-99.33330958199997,42.936207882000076],[-99.327650256999959,42.932343675000027],[-99.322600252999962,42.925019938000048],[-99.314617526999939,42.921504465000055],[-99.303311305999955,42.92180716200005],[-99.293295909999983,42.91662320000006],[-99.284146260999989,42.913136880000025],[-99.277308263999942,42.909014785000068],[-99.267854844999988,42.907256784000026],[-99.258365911999988,42.906359730000077],[-99.250333757999954,42.909727245000056],[-99.242189480999969,42.910801910000032],[-99.234254325999984,42.908140803000038],[-99.227712747999988,42.901999930000045],[-99.219361834999972,42.898774925000055],[-99.207572942999946,42.897073202000058],[-99.201864181999952,42.900090329000079],[-99.199813941999992,42.906168404000027],[-99.194548702999953,42.910321241000076],[-99.183620002999987,42.910316376000026],[-99.174654049999958,42.910547034000047],[-99.167034204999936,42.914472192000062],[-99.157867523999982,42.918723261000025],[-99.148134107999965,42.919258460000037],[-99.140551128999959,42.915721796000071],[-99.132915173999947,42.911038444000042],[-99.123384856999962,42.907550087000061],[-99.110977451999986,42.909297525000056],[-99.102737786999967,42.908357119000073],[-99.095574820999957,42.905380970000067],[-99.083398129999978,42.90367718400006],[-99.07135384999998,42.904837808000025],[-99.062269983999954,42.902481268000031],[-99.054680351999991,42.898652694000077],[-99.045260418999987,42.897450781000032],[-99.033216600999992,42.898607699000081],[-99.019912304999991,42.897786049000047],[-99.007571173999963,42.892349363000051],[-98.997686072999954,42.889433864000068],[-98.984607308999955,42.884873464000066],[-98.976193696999985,42.879912490000038],[-98.969614933999992,42.872324830000025],[-98.962711604999981,42.866179027000044],[-98.955147667999938,42.864466776000029],[-98.948648678999973,42.858597387000032],[-98.944852226999956,42.852089418000048],[-98.936910731999944,42.848835833000066],[-98.921557306999944,42.845470474000081],[-98.912022420999961,42.841392317000043],[-98.906358147999981,42.836648560000071],[-98.89791482399994,42.839716035000038],[-98.886793929999953,42.843993117000025],[-98.874268946999962,42.842850906000081],[-98.862461967999991,42.840256328000066],[-98.854403523999963,42.834131296000066],[-98.843037012999957,42.832672269000057],[-98.826657107999949,42.832474687000058],[-98.815644690999989,42.830144373000053],[-98.803308644999959,42.82411356700004],[-98.79032768899998,42.821251935000078],[-98.778209878999974,42.820377766000036],[-98.769112254999982,42.817139548000057],[-98.760381172999985,42.813318683000034],[-98.749067379999985,42.812997477000067],[-98.731913942999938,42.812804665000044],[-98.714748971999938,42.812322836000078],[-98.699726609999971,42.812477806000061],[-98.691447065999967,42.810076699000035],[-98.682401023999944,42.80797859200004],[-98.674408802999949,42.802988117000041],[-98.667276249999986,42.799986755000077],[-98.658988024999985,42.79729678700005],[-98.649978788999988,42.796056202000045],[-98.638910702999965,42.791990138000074],[-98.62429631699996,42.786851033000062],[-98.614065617999984,42.784199387000058],[-98.603858035999963,42.782120191000047],[-98.593195297999955,42.778328392000049],[-98.584556823999947,42.776501501000041],[-98.577886478999972,42.775206665000042],[-98.569325856999967,42.77538531700003],[-98.563187747999962,42.777808151000045],[-98.552280996999968,42.777747463000026],[-98.54632397499995,42.774714847000041],[-98.536887296999964,42.772327351000058],[-98.528986004999979,42.769333884000048],[-98.522684925999954,42.767454738000026],[-98.51601667999995,42.766156541000043],[-98.507435574999988,42.765757564000069],[-98.50236691899994,42.765573645000075],[-98.496994767999979,42.767690755000046],[-98.489213065999991,42.767848088000051],[-98.479475268999977,42.767757393000068],[-98.469086214999948,42.771121564000055],[-98.45671890899996,42.773663609000039],[-98.444624621999992,42.773043311000038],[-98.432509723999942,42.771848482000053],[-98.418050239999957,42.770411587000069],[-98.406387232999975,42.770926607000035],[-98.395440724999958,42.769705348000059],[-98.387105868999981,42.765276951000033],[-98.372269863999975,42.764128888000073],[-98.364488290999986,42.764278353000066],[-98.354291535999948,42.762178461000076],[-98.341201583999975,42.755255804000058]]],[[[-98.149305258999959,43.151481931000035],[-98.145678110999938,43.160432487000037],[-98.13486035699998,43.177247439000041],[-98.122225389999983,43.198678958000073],[-98.132117630999971,43.201663038000049],[-98.14284954499999,43.206351941000037],[-98.162284614999976,43.21346883800004],[-98.19281628799996,43.224114149000059],[-98.234111066999958,43.239719080000043],[-98.277980726999942,43.254445202000056],[-98.312930743999971,43.26789447200008],[-98.463500030999967,43.322873189000063],[-98.638996624999947,43.385015759000055],[-98.737989938999988,43.421863167000026],[-98.735170945999982,43.304416487000026],[-98.733377392999955,43.24709948800006],[-98.732346856999982,43.214119340000025],[-98.732072408999954,43.205330415000049],[-98.731931634999967,43.187552322000045],[-98.731293469999969,43.146677472000079],[-98.732057917999953,43.117597360000048],[-98.732440147999966,43.103047009000079],[-98.718218681999986,43.094297615000073],[-98.702200861999984,43.08653180400006],[-98.68608513099997,43.08034080200008],[-98.67409992499995,43.07817727500003],[-98.659895922999965,43.078361807000078],[-98.65154643599999,43.07932339000007],[-98.643015170999945,43.081226272000038],[-98.630321254999956,43.083408143000042],[-98.610715632999984,43.08229321400006],[-98.593567894999978,43.077300168000079],[-98.581321704999937,43.070864490000076],[-98.571840544999986,43.061693655000056],[-98.563748524999937,43.047904801000072],[-98.553716674999976,43.024213246000045],[-98.545978519999949,43.005826639000077],[-98.53645333299994,42.995123851000074],[-98.526410742999985,42.984430797000073],[-98.509078883999962,42.973693670000046],[-98.498363615999949,42.965688705000048],[-98.489300756999967,42.953060538000045],[-98.479911381999955,42.943459238000059],[-98.458865861999982,42.933840927000062],[-98.424430957999959,42.920753681000065],[-98.385618134999959,42.904873228000042],[-98.367530426999963,42.900918716000035],[-98.352943443999948,42.896608143000037],[-98.33786820499995,42.889436852000074],[-98.319598419999977,42.88002911600006],[-98.280181978999963,42.867855717000054],[-98.260863952999955,42.861613767000051],[-98.246388770999943,42.860156928000038],[-98.227267149999989,42.85964277100004],[-98.216965098999992,42.854665225000076],[-98.189803913999981,42.834784846000048],[-98.18288307399996,42.850075335000042],[-98.170806851999942,42.862334882000027],[-98.16332887599998,42.872217983000041],[-98.159709500999952,42.880885811000041],[-98.157203144999983,42.887813117000064],[-98.152523354999971,42.89994071700005],[-98.156328487999986,42.909052151000026],[-98.161258265999948,42.916709712000056],[-98.159502975999942,42.922763177000036],[-98.155555069999991,42.93344352500003],[-98.150677836999989,42.939551087000041],[-98.148352852999949,42.952210188000038],[-98.145682798999985,42.966308894000065],[-98.136145983999938,42.973356597000077],[-98.133752887999947,42.984008534000054],[-98.135934247999955,42.991140175000055],[-98.140022429999988,42.996804927000028],[-98.139535740999975,43.005989837000072],[-98.140563223999948,43.008571792000055],[-98.142936160999966,43.014533890000052],[-98.149686609999947,43.017857997000078],[-98.151507908999974,43.025855593000074],[-98.149248947999979,43.064892615000076],[-98.153796830999966,43.084598498000048],[-98.149305258999959,43.151481931000035]]],[[[-97.201338420999946,35.516182119000064],[-97.212841423999976,35.521442482000054],[-97.222020622999992,35.518828798000072],[-97.223538084999973,35.513733176000073],[-97.22857350299995,35.508441947000051],[-97.228719633999958,35.508459304000041],[-97.236639171999968,35.509399624000025],[-97.238185474999966,35.515736476000029],[-97.240933926999958,35.516683277000027],[-97.244962074999989,35.51807074900006],[-97.251939694999976,35.516259117000061],[-97.255790753999975,35.513762051000072],[-97.260241297999983,34.955599461000077],[-97.251836453999942,34.953398632000074],[-97.240247299999965,34.948362428000053],[-97.234561285999973,34.94182389100007],[-97.225720894999938,34.934171994000053],[-97.213476743999991,34.931436812000072],[-97.201311807999957,34.933579286000054],[-97.19125551999997,34.936845877000053],[-97.180066756999963,34.934669693000046],[-97.16777941099997,34.929059430000052],[-97.154483954999989,34.925754779000044],[-97.139508585999977,34.926484555000059],[-97.12486845899997,34.926347741000029],[-97.110666300999981,34.932232547000069],[-97.098128731999964,34.932932129000051],[-97.08378604699999,34.929342342000041],[-97.072199608999938,34.923427622000077],[-97.058589349999977,34.922123837000072],[-97.045271900999978,34.916797040000063],[-97.033381668999937,34.913751628000057],[-97.019444977999967,34.913881300000071],[-97.012480498999992,34.914232478000031],[-97.005453656999975,34.91800672100004],[-96.997257064999985,34.922408232000066],[-96.972406625999952,34.941000743000075],[-96.959294316999944,34.951449160000038],[-96.945078020999972,34.957599818000062],[-96.928354695999985,34.95860288700004],[-96.91323745599999,34.948395320000031],[-96.89392133399997,34.936497673000076],[-96.882710863999989,34.93170824300006],[-96.869806104999952,34.930949608000049],[-96.856286704999945,34.93737021000004],[-96.838153275999957,34.936648313000035],[-96.823756065999987,34.926997459000063],[-96.816350185999966,34.919015537000064],[-96.807906843999945,34.911614862000079],[-96.794939256999953,34.904533339000068],[-96.778523447999987,34.900632042000041],[-96.776474535999967,34.899364708000064],[-96.771798304999948,35.398414076000051],[-96.768099222999979,35.397146281000062],[-96.76191073199999,35.397823045000052],[-96.757293490999984,35.400708132000034],[-96.754624854999975,35.404848021000078],[-96.752346376999981,35.409302271000058],[-96.75201040099995,35.414377467000065],[-96.750893373999986,35.418823850000024],[-96.747055397999986,35.42233740100005],[-96.74282655899998,35.425536384000054],[-96.742486694999968,35.43029458400008],[-96.742149952999966,35.435369846000071],[-96.741032019999977,35.439816216000054],[-96.737192495999977,35.443329494000068],[-96.731374839999944,35.442733831000055],[-96.725935412999945,35.441184197000041],[-96.720490070999972,35.439000210000074],[-96.71542634399998,35.436179376000041],[-96.712287737999986,35.432077738000032],[-96.713791576999938,35.427312159000053],[-96.714517536999949,35.422234528000047],[-96.71524644699997,35.417473955000048],[-96.717137069999978,35.41270589800007],[-96.714386606999938,35.408601905000069],[-96.708580907999988,35.408956175000071],[-96.702760179999984,35.407724960000053],[-96.698086481999951,35.404900964000035],[-96.692653467999946,35.403666789000056],[-96.688813524999944,35.407178277000071],[-96.683001994999984,35.406897135000065],[-96.677950539999983,35.405025783000042],[-96.672899338999969,35.403154203000042],[-96.667099553999947,35.404140372000029],[-96.661695304999967,35.406075040000076],[-96.655872783999939,35.40452433400003],[-96.650050504999967,35.402973325000062],[-96.644618428999991,35.401736800000037],[-96.640386357999944,35.40493181800008],[-96.635368597999957,35.406862970000077],[-96.630396981999979,35.404854962000059],[-96.629584295999962,35.752146439000057],[-96.630318518999957,36.043553888000076],[-96.635405829999968,36.045637677000059],[-96.640622733999976,36.047718951000036],[-96.646872304999988,36.048949610000079],[-96.651525140999979,36.045967187000031],[-96.654606849999936,36.041727169000069],[-96.65979004999997,36.040007916000036],[-96.665496619999942,36.038707513000077],[-96.671218345999989,36.039095536000048],[-96.676947877999964,36.040327626000078],[-96.680621649999978,36.044105172000059],[-96.683779837999964,36.048307966000039],[-96.685382593999975,36.052942432000066],[-96.685425730999953,36.057586453000056],[-96.684428926999942,36.062236856000027],[-96.682391984999981,36.066893610000079],[-96.680874824999989,36.071547182000074],[-96.679877545999943,36.076197591000039],[-96.678363917999945,36.081273352000039],[-96.677366348999954,36.085923772000058],[-96.677409000999944,36.090567909000072],[-96.68108529899996,36.094345578000059],[-96.686306936999983,36.096424794000029],[-96.692049096999938,36.098500556000033],[-96.697267344999943,36.100157071000069],[-96.702998031999982,36.100965683000027],[-96.708712612999989,36.100085216000025],[-96.713898650999965,36.098363383000049],[-96.719608781999966,36.097060165000073],[-96.724794351999947,36.095337831000052],[-96.729975501999945,36.093193065000037],[-96.734627767999939,36.090207091000025],[-96.737710768999989,36.086386840000046],[-96.740793452999981,36.082566515000053],[-96.742831390999982,36.078330834000042],[-96.743824730999961,36.073679857000059],[-96.740666275999956,36.069900866000069],[-96.739575438999964,36.064841517000048],[-96.739528889999974,36.060197492000043],[-96.739482345999988,36.05555348200005],[-96.742039508999937,36.05131446200005],[-96.746680100999981,36.047483720000059],[-96.752901263999945,36.045753203000061],[-96.758606633999989,36.044448048000049],[-96.764320546999954,36.043986956000026],[-96.770052008999983,36.045214282000074],[-96.775783661999981,36.046441316000028],[-96.780489167999974,36.048941847000037],[-96.785714884999948,36.05143853800007],[-96.791447281999979,36.05266477400005],[-96.796664517999943,36.05431660000005],[-96.801371232999941,36.056816268000034],[-96.806078267999965,36.05931574300007],[-96.811783744999957,36.058007863000057],[-96.812823619999961,36.058000315000072],[-96.819592175999958,36.05879537800007],[-96.825257130999944,36.061801760000037],[-96.828983265999966,36.064574333000053],[-96.833441893999975,36.06674131300008],[-96.838877028999946,36.068100770000058],[-96.844027131999951,36.066061965000074],[-96.847680653999987,36.06243420100003],[-96.85108751599995,36.05880820200008],[-96.851524727999958,36.054004699000075],[-96.850732840999967,36.049410567000052],[-96.847241434999944,36.045636942000044],[-96.842776824999987,36.042870582000035],[-96.838800481999954,36.039700382000035],[-96.834822218999989,36.036330061000058],[-96.830114669999944,36.03376503800007],[-96.82492396799995,36.032003401000054],[-96.819729072999962,36.02984155300004],[-96.815264240999966,36.026874141000064],[-96.811775712999975,36.023099472000069],[-96.809755792999965,36.018514082000024],[-96.80994930199995,36.01371266700005],[-96.812610745999962,36.009493363000047],[-96.81675968899998,36.006263149000063],[-96.821653293999987,36.003627315000074],[-96.827555636999989,36.003183797000077],[-96.833227592999947,36.004141678000053],[-96.838908784999944,36.00589920200008],[-96.844100270999945,36.007860139000059],[-96.850021237999954,36.009015297000076],[-96.854969411999946,36.011177587000077],[-96.859924864999982,36.013939612000058],[-96.862191607999989,36.018322199000067],[-96.86347623599994,36.02291234300003],[-96.865497269999992,36.027296792000072],[-96.868988740999953,36.031069797000043],[-96.874668116999942,36.032425568000065],[-96.880103867999992,36.033982975000072],[-96.885547046999989,36.036140078000074],[-96.891227116999971,36.037495013000068],[-96.897148765999987,36.038447714000029],[-96.90164410999995,35.654996709000045],[-96.902581289999944,35.574568345000046],[-96.930439263999972,35.574338796000063],[-96.93275760399996,35.302843225000061],[-96.935402494999948,35.306772502000058],[-96.938890872999991,35.30737707600008],[-96.943922153999949,35.307651381000028],[-96.945469009999954,35.307638200000042],[-96.948900975999948,35.303804489000072],[-96.954713567999988,35.304705676000026],[-96.959769232999975,35.306881247000035],[-96.964821085999972,35.308739594000031],[-96.967964266999957,35.312516606000031],[-96.968030184999975,35.317588603000047],[-96.963425911999991,35.320482039000069],[-96.958817201999977,35.323058289000073],[-96.958878423999977,35.327813338000055],[-96.962417138999967,35.33222124100007],[-96.968211503999953,35.331536718000052],[-96.972034354999948,35.328015829000037],[-96.977828304999946,35.327330807000067],[-96.983256262999987,35.328233928000031],[-96.984862232999944,35.332658249000076],[-96.982986606999987,35.337113483000053],[-96.982666677999987,35.342189018000056],[-96.987734114999967,35.344997407000051],[-96.993916143999968,35.344308087000059],[-96.998877820999951,35.339190791000078],[-97.002746572999968,35.339155877000053],[-97.006158015999972,35.340783735000059],[-97.015828112999941,35.340695849000042],[-97.019173443999989,35.350704890000031],[-97.031902620999972,35.360335623000026],[-97.037954170999967,35.35664395200007],[-97.045850263999967,35.357287700000029],[-97.048146962999965,35.364804177000053],[-97.042200821999984,35.368124280000075],[-97.041764256999954,35.368368018000069],[-97.041613482999992,35.368452195000032],[-97.042158452999956,35.375270511000053],[-97.042228818999945,35.380295362000027],[-97.037044825999942,35.385728435000033],[-97.030525243999989,35.389737822000029],[-97.034161394999956,35.39903722300005],[-97.038575071999958,35.401149841000063],[-97.04468206599995,35.398938689000033],[-97.052990592999947,35.397424280000052],[-97.064052019999963,35.404498253000042],[-97.06674413099995,35.408780120000074],[-97.065975297999955,35.416326040000058],[-97.072733385999982,35.428825286000063],[-97.083670603999963,35.426924151000037],[-97.09501407099998,35.422864031000074],[-97.097285989999989,35.428226352000024],[-97.092514875999939,35.431863253000074],[-97.089936163999937,35.435478457000045],[-97.095262477999938,35.439733892000049],[-97.098781868999936,35.440417099000058],[-97.105323550999969,35.437839254000039],[-97.111003721999964,35.436346612000079],[-97.113266458999988,35.440990800000066],[-97.112903057999972,35.446020305000047],[-97.109864760999983,35.448204661000034],[-97.104231634999962,35.452927715000044],[-97.108297420999975,35.460785091000048],[-97.117526751999947,35.461769599000036],[-97.127568464999968,35.458437142000037],[-97.138585588999945,35.461555716000078],[-97.14125099599994,35.463682347000031],[-97.148265235999986,35.463251056000047],[-97.152170274999946,35.460886877000064],[-97.157332660999941,35.457761047000076],[-97.163275373999966,35.462338626000076],[-97.16681595099999,35.470955737000054],[-97.180845423999983,35.470089476000055],[-97.183576069999958,35.477969434000045],[-97.178416134999964,35.480892010000048],[-97.175775912999939,35.483330210000076],[-97.174490680999952,35.484517022000034],[-97.175377087999948,35.487925396000037],[-97.179819648999967,35.488409642000079],[-97.184525133999955,35.488127415000065],[-97.186949681999977,35.491396202000033],[-97.187337955999965,35.491919642000028],[-97.18965312499995,35.499434108000059],[-97.199419983999974,35.506150376000051],[-97.201338420999946,35.516182119000064]]],[[[-97.987347438999961,34.011532248000037],[-97.99381492599997,35.086348239000074],[-97.99517855299996,35.357119806000071],[-97.993149403999951,35.558572827000035],[-97.990926093999974,35.97016427300008],[-97.99404829599996,35.97669410900005],[-98.00085231199995,35.983158065000055],[-98.008377559999985,35.98901001400003],[-98.012893280999947,35.992520953000053],[-98.016673052999977,35.996045003000063],[-98.019733144999975,36.000180640000053],[-98.023513635999961,36.003704480000067],[-98.027310919999991,36.007826603000069],[-98.031108630999938,36.011948612000026],[-98.034170188999951,36.016083903000037],[-98.03649547599997,36.020232538000073],[-98.040277794999952,36.023755863000076],[-98.045500670999957,36.026055316000054],[-98.050707246999991,36.027756120000049],[-98.055210686999942,36.030667040000026],[-98.060434516999976,36.032965807000039],[-98.066378677999978,36.034652318000042],[-98.07228950199999,36.035141696000039],[-98.078217255999959,36.03622917000007],[-98.084128282999984,36.036717923000026],[-98.09005633999999,36.037804771000026],[-98.096721357999968,36.038877500000069],[-98.101930017999962,36.040575935000049],[-98.107138916999986,36.042274131000056],[-98.113119166999979,36.045154985000067],[-98.116923587999963,36.049274191000052],[-98.119254571999988,36.053421207000042],[-98.122322790999988,36.057554210000035],[-98.124654340999939,36.061701138000046],[-98.127723205999985,36.065834018000032],[-98.130055320999986,36.069980858000065],[-98.132387696999956,36.07412766300007],[-98.134720336999976,36.078274432000057],[-98.137790456999937,36.082407086000046],[-98.140860919999966,36.086539669000047],[-98.14465162099998,36.090059634000056],[-98.147002876999977,36.094804618000069],[-98.150811751999981,36.098922822000077],[-98.156095891999939,36.103012515000046],[-98.160608084999978,36.105919351000068],[-98.163680804999956,36.110051378000037],[-98.16749139999996,36.114169060000052],[-98.172022355999957,36.117673889000059],[-98.175113864999958,36.122404068000037],[-98.17892573499995,36.126521396000044],[-98.182000341999981,36.130652982000072],[-98.185795274999975,36.134171665000054],[-98.18887058599995,36.138303084000029],[-98.191226226999959,36.143047304000049],[-98.19504006599999,36.147164143000055],[-98.198836471999982,36.15068242600006],[-98.202669021999952,36.155397471000072],[-98.207204186999945,36.158900979000066],[-98.211001778999957,36.162418879000029],[-98.214799733999939,36.165936659000067],[-98.222396834999984,36.173012647000064],[-98.142581664999966,36.173118104000025],[-97.96647552099995,36.173149729000045],[-97.358677442999976,36.170431676000078],[-96.816818701999978,36.167670856000029],[-96.630629012999975,36.166117373000077],[-96.602462855999988,36.166233724000051],[-96.280971328999954,36.167060220000053],[-96.256815277999976,36.167085071000031],[-96.001659336999978,36.167029606000028],[-96.002036425999961,36.455204106000053],[-96.004059715999972,36.855744431000062],[-96.00277435299995,36.945018840000046],[-96.001938258999985,37.002974313000038],[-96.739201633999983,36.99746680800007],[-96.761889670999949,36.997221216000071],[-96.930944950999958,36.997300746000064],[-97.031737204999956,36.997228129000064],[-97.114881801999957,36.997100733000025],[-97.693384969999954,36.994525022000062],[-98.823151904999975,36.986798468000075],[-99.460520727999949,36.98231058500005],[-99.991341218999992,37.001603995000039],[-99.986551218999978,36.642089587000044],[-99.985733402999983,36.495972404000042],[-99.998123947999943,36.496683372000064],[-99.99951828199994,36.426441674000046],[-100.00185541199994,36.166881408000052],[-100.00357699699998,35.974536554000053],[-100.00306414299996,35.884618308000029],[-100.00283320299997,35.765395117000025],[-100.00155315499995,35.602518830000065],[-100.00254557599999,35.307844655000054],[-100.00245508599994,35.297968532000027],[-99.997761434999973,35.297677768000028],[-99.992821365999987,35.297351485000036],[-99.987253729999964,35.296795350000025],[-99.981726564999974,35.296994160000054],[-99.975892302999966,35.29720371600007],[-99.970338226999957,35.296898472000066],[-99.964757387999953,35.296089463000044],[-99.959723850999978,35.293999500000041],[-99.954143341999952,35.293189957000038],[-99.948362699999961,35.29440504300004],[-99.942528547999984,35.294612843000039],[-99.936921557999938,35.293298942000035],[-99.93103429699994,35.292499149000037],[-99.925414397999987,35.290932921000035],[-99.920369058999938,35.288589436000052],[-99.915898382999956,35.285468773000048],[-99.911735097999951,35.282337098000028],[-99.90666435899999,35.27948951500008],[-99.901580819999992,35.276389960000074],[-99.895870572999968,35.273060035000071],[-99.891121190999968,35.270452711000075],[-99.885823891999962,35.269125469000073],[-99.880017774999942,35.269833468000058],[-99.875544230999992,35.272512188000064],[-99.871762873999955,35.276679774000058],[-99.868915219999963,35.281066829000054],[-99.865413956999987,35.284720002000029],[-99.861605303999966,35.288383782000039],[-99.859050622999973,35.292508172000055],[-99.853757973999961,35.297232214000076],[-99.848217414999965,35.297172609000029],[-99.842880000999969,35.29508800800005],[-99.837287710999988,35.294020823000039],[-99.83147919299995,35.294726295000032],[-99.825977646999945,35.295420858000057],[-99.820847678999939,35.297363363000045],[-99.815103245999978,35.299326787000041],[-99.809242580999978,35.299024047000046],[-99.803689062999979,35.298710453000069],[-99.797879860999956,35.299414168000055],[-99.792083372999969,35.300369344000046],[-99.786581043999945,35.301061954000033],[-99.780771496999989,35.301764773000059],[-99.775294491999944,35.302960360000043],[-99.769190312999967,35.303924806000055],[-99.763623872999972,35.303357435000066],[-99.757737687999963,35.302548432000037],[-99.752427798999975,35.300963003000049],[-99.747963424999966,35.297835536000036],[-99.743512080999949,35.294959669000036],[-99.739342874999977,35.291569724000055],[-99.738488557999972,35.286806845000058],[-99.737339944999974,35.282306110000036],[-99.736191471999973,35.277805380000075],[-99.734416504999956,35.273073600000032],[-99.731451668999966,35.269138487000077],[-99.727591429999961,35.265737842000078],[-99.722848409999983,35.263123329000052],[-99.717016096999942,35.263319252000031],[-99.71145308499996,35.262749284000051],[-99.706322386999943,35.264686426000026],[-99.701573467999992,35.268123681000077],[-99.696429645999956,35.269808606000026],[-99.69084135899999,35.268734062000078],[-99.684933788999956,35.267417683000076],[-99.68019215999999,35.264801340000076],[-99.674641740999959,35.264481290000049],[-99.669153374999951,35.265419819000044],[-99.663295977999951,35.26510937300003],[-99.657413906999977,35.264295073000028],[-99.649566765999964,35.261023455000043],[-99.644225191999965,35.258677593000073],[-99.640369476999979,35.255273945000056],[-99.635630183999979,35.252655727000047],[-99.629786196999987,35.252595284000051],[-99.625967614999979,35.256250842000043],[-99.622160901999962,35.260158054000044],[-99.619286966999937,35.264286832000039],[-99.61545504999998,35.267690292000054],[-99.609990107999977,35.269129447000068],[-99.604169214999956,35.269571210000038],[-99.598077729999943,35.270777981000037],[-99.591727593999963,35.273001502000056],[-99.585954777999973,35.274449436000054],[-99.580193837999957,35.276148854000041],[-99.574727594999956,35.277586282000073],[-99.569592325999963,35.279517119000047],[-99.56399309599999,35.278184383000053],[-99.559550035999962,35.275301187000025],[-99.557479331999957,35.27057645900004],[-99.559730903999991,35.266217214000051],[-99.563565288999939,35.262815688000046],[-99.568049435999967,35.260149603000059],[-99.570938118999948,35.256273950000036],[-99.571310641999958,35.251218571000038],[-99.567458640999973,35.247812411000041],[-99.561837759999946,35.24597605200006],[-99.556018389999963,35.246415275000061],[-99.550493871999947,35.246592572000054],[-99.544957349999947,35.246517812000036],[-99.53938495999995,35.245687434000047],[-99.534661769999957,35.243316702000072],[-99.531106815999976,35.239647727000033],[-99.527528373999985,35.235475092000058],[-99.527927573999989,35.230923517000065],[-99.531442819999938,35.227281221000055],[-99.536930105999943,35.226349551000055],[-99.542489056999955,35.226928261000069],[-99.546959816999959,35.224011348000033],[-99.548278189999962,35.219430251000063],[-99.546528518999992,35.214947511000048],[-99.546006138999985,35.210425452000038],[-99.545790573999966,35.205893582000044],[-99.545551087999968,35.20085819500008],[-99.545028864999949,35.196336194000025],[-99.545120093999969,35.191794559000073],[-99.549588645999961,35.188877640000044],[-99.554056849999938,35.185960549000072],[-99.559576868999955,35.185783085000025],[-99.565072787999952,35.185101821000046],[-99.564242846999946,35.18058986300008],[-99.560394815999985,35.177183693000075],[-99.555663291999963,35.174562255000069],[-99.550354831999982,35.172715588000074],[-99.54472806299998,35.170626735000042],[-99.538806954999984,35.168799171000046],[-99.534666036999965,35.165653716000065],[-99.530513551999945,35.162256355000068],[-99.524652938999964,35.16168685100007],[-99.519182132999958,35.162869617000069],[-99.515044269999976,35.166279018000068],[-99.511849559999973,35.17016260500003],[-99.507722798999964,35.173823522000077],[-99.503288991999966,35.177494010000032],[-99.497734028999957,35.176913360000071],[-99.492426835999936,35.175063911000052],[-99.488570593999953,35.171403497000028],[-99.487427061999938,35.166648929000075],[-99.487828337999986,35.162097809000045],[-99.489774143999966,35.157750116000045],[-99.489562145999969,35.153218374000062],[-99.488430601999937,35.148715664000065],[-99.487287424999977,35.143961202000071],[-99.482548823999991,35.141084965000061],[-99.475429089999977,35.139796190000027],[-99.469652614999973,35.140986114000043],[-99.46710474799994,35.145604364000064],[-99.467338763999976,35.150639643000034],[-99.464790422999954,35.155257886000072],[-99.459330817999955,35.156689450000044],[-99.453742774999967,35.155351306000057],[-99.451387208999961,35.150886492000041],[-99.448737042999937,35.146682976000079],[-99.446087176999981,35.142479412000057],[-99.443437607999954,35.138275802000067],[-99.438417784999956,35.135910764000073],[-99.43424816299995,35.132006368000077],[-99.432200942999941,35.127531731000033],[-99.429847542999937,35.123066585000061],[-99.426904728999943,35.119123929000068],[-99.422464884999954,35.115983932000063],[-99.418626653999979,35.112573058000066],[-99.413487189999955,35.114244584000062],[-99.409983017999991,35.118134488000067],[-99.404854463999982,35.120057385000052],[-99.399430686999949,35.122241236000036],[-99.398840765999978,35.122763608000071],[-99.392268411999964,35.119940077000024],[-99.387829975999978,35.116798688000074],[-99.387964951999948,35.113012839000078],[-99.391762093999944,35.108836804000077],[-99.396513780999953,35.104580996000038],[-99.398649443999943,35.100301948000038],[-99.395828626999958,35.094643144000031],[-99.391113948999987,35.093447301000026],[-99.388132378999956,35.094496329000037],[-99.383005755999989,35.099632792000079],[-99.376938870999936,35.104606239000077],[-99.373310326999956,35.106823725000027],[-99.367009265999968,35.106632812000043],[-99.363432087999968,35.104826560000049],[-99.363018411999974,35.100817324000047],[-99.368732393999949,35.093174238000074],[-99.37936581799994,35.086146598000028],[-99.38107126899996,35.082647191000035],[-99.374625285999969,35.07920550800003],[-99.367128820999937,35.07828513700008],[-99.365087132999975,35.075959015000024],[-99.363690869999971,35.074368132000075],[-99.36319128599996,35.06327582800003],[-99.356886336999992,35.05255173900008],[-99.351830811999946,35.048875174000045],[-99.34578565299995,35.043887872000028],[-99.337992183999972,35.04144265900004],[-99.332326079999973,35.039698753000039],[-99.320830149999949,35.03774702000004],[-99.311245818999964,35.036885805000054],[-99.30162790299994,35.03525877900006],[-99.297875768999972,35.030554289000065],[-99.29595939699999,35.028151238000078],[-99.289362073999939,35.021071164000034],[-99.287440279999942,35.014426146000062],[-99.286871370999961,35.006783426000027],[-99.288909530999945,35.000212059000035],[-99.29365172699994,34.991645153000036],[-99.302025898999943,34.991586440000049],[-99.310915638999973,34.992660564000062],[-99.318575783999961,34.992239034000079],[-99.319482922999953,34.986467066000046],[-99.321072946999948,34.975121435000062],[-99.320923043999983,34.966509072000065],[-99.319325498999945,34.961961509000048],[-99.316254875999959,34.960904938000056],[-99.311034534999976,34.958572438000033],[-99.30983458299994,34.952481012000078],[-99.307507448999957,34.947189341000069],[-99.300704879999955,34.945861247000039],[-99.297517148999987,34.942127002000063],[-99.295879419999949,34.936623090000069],[-99.298079623999968,34.928515309000034],[-99.300861783999949,34.923070766000023],[-99.300452462999942,34.919062053000061],[-99.299975716999938,34.913523591000057],[-99.297642064999991,34.90804071000008],[-99.297802923999939,34.901142949000075],[-99.299904698999967,34.896101847000068],[-99.303474562999952,34.892739961000075],[-99.308702361999963,34.890094088000069],[-99.315596540999991,34.888355198000056],[-99.320899960999952,34.88742968300005],[-99.326418305999937,34.886114485000064],[-99.329109366999944,34.883927085000039],[-99.331947193999952,34.879820497000026],[-99.33296261299995,34.876534839000044],[-99.332647639999948,34.869460082000046],[-99.331274930999939,34.864714939000066],[-99.32781466299997,34.860032871000044],[-99.323494897999979,34.856908358000055],[-99.31689831999995,34.854809568000064],[-99.308653117999938,34.852185532000078],[-99.302985140999965,34.850058057000069],[-99.295866958999966,34.846633482000072],[-99.293206389999966,34.844224078000025],[-99.287910949999969,34.83997871400004],[-99.282688776999976,34.832093304000068],[-99.272771928999987,34.823007167000071],[-99.265200822999986,34.814425132000054],[-99.254527307999979,34.809189041000025],[-99.247415221999972,34.805761489000076],[-99.239873257999989,34.803111942000044],[-99.231702415999962,34.802011913000058],[-99.22474017199994,34.802024565000067],[-99.215765568999984,34.803818552000052],[-99.21150055399994,34.807197555000073],[-99.206381488999966,34.812324266000076],[-99.203250263999962,34.815095608000036],[-99.199565269999937,34.815777052000044],[-99.195945467999991,34.817988041000035],[-99.192862519999949,34.821906360000071],[-99.191377947999968,34.82520396700005],[-99.186374287999968,34.827646172000073],[-99.181769103999954,34.82854506700005],[-99.173213578999992,34.829366183000047],[-99.162314715999969,34.829679587000044],[-99.154142118999971,34.828573774000063],[-99.148895857999946,34.82527787500004],[-99.148702954999976,34.820688761000042],[-99.148070477999966,34.816686559000061],[-99.145990822999977,34.811385638000047],[-99.142760376999945,34.806309000000056],[-99.143519192999975,34.802267135000079],[-99.145420852999962,34.797809767000047],[-99.146874782999987,34.79374805100008],[-99.147201829999972,34.790484289000062],[-99.146777362999956,34.785901972000033],[-99.146288733999938,34.779790042000059],[-99.148053137999966,34.772082290000071],[-99.155218488999992,34.765942763000055],[-99.15776525199999,34.760318239000071],[-99.155023673999949,34.755802548000077],[-99.153487362999954,34.746849458000042],[-99.154676068999947,34.742029724000076],[-99.157246210999972,34.736978945000033],[-99.16078265799996,34.732857492000051],[-99.163432722999971,34.729718542000057],[-99.163933881999981,34.725109964000069],[-99.162965026999984,34.718629460000045],[-99.158978412999943,34.712044282000079],[-99.153516604999936,34.70894686400004],[-99.146673144999966,34.700529052000036],[-99.141547561999971,34.694358856000065],[-99.135592867999947,34.69050909300006],[-99.127715094999985,34.690542005000054],[-99.120619179999949,34.692657711000038],[-99.113483194999958,34.693817025000044],[-99.107241238999961,34.69418496600008],[-99.097911040999975,34.69272546600007],[-99.090943165999988,34.69234728400005],[-99.082810139999992,34.691809919000036],[-99.072425142999975,34.69286616800008],[-99.063837049999961,34.692531523000071],[-99.058944852999957,34.691902066000068],[-99.051057365999952,34.685996131000024],[-99.044659326999977,34.676794599000061],[-99.040785038999957,34.666948858000069],[-99.040513468999961,34.663434127000073],[-99.040298066999981,34.660646091000046],[-99.044315576999963,34.656898312000067],[-99.054033014999959,34.656628782000041],[-99.065554456999962,34.65515969300003],[-99.069292161999954,34.650270383000077],[-99.071633573999975,34.645228587000076],[-99.07161459799994,34.639104366000026],[-99.07181127299998,34.632591368000078],[-99.069557707999991,34.628443626000035],[-99.063996457999963,34.622665597000037],[-99.059831315999986,34.617039872000078],[-99.058394815999975,34.610189779000052],[-99.054038443999957,34.605526216000044],[-99.051654636999956,34.598128316000043],[-99.053193316999966,34.590430097000024],[-99.058006532999968,34.583597717000032],[-99.058103647999985,34.583517725000036],[-99.064499087999991,34.578249381000035],[-99.068941980999966,34.57372349700006],[-99.07537393299998,34.572586650000062],[-99.080099478999955,34.572825713000043],[-99.080242828999985,34.572832963000053],[-99.086576923999985,34.574951733000034],[-99.090302469999983,34.574467610000056],[-99.097854102999975,34.573485894000044],[-99.105927022999992,34.572875101000079],[-99.113249652999968,34.576495487000045],[-99.122159088999979,34.579304768000043],[-99.129347763999988,34.579674340000054],[-99.135588079999991,34.57949635500006],[-99.14831576399996,34.579515019000041],[-99.156762808999986,34.576784472000043],[-99.16261882699996,34.572979577000069],[-99.167485436999982,34.567671798000049],[-99.170081013999948,34.563386348000051],[-99.169656434999979,34.558805302000053],[-99.169183543999964,34.553077359000042],[-99.168399122999972,34.545444603000078],[-99.169758265999974,34.53928109900005],[-99.18030314899994,34.537062268000057],[-99.187686635999967,34.536656717000028],[-99.191402394999955,34.531572786000027],[-99.19318882999994,34.524631079000073],[-99.193953787999988,34.515422571000045],[-99.198838857999988,34.510687190000056],[-99.200928217999945,34.505459056000063],[-99.20108027699996,34.504283458000032],[-99.201797820999957,34.498735501000056],[-99.198289282999951,34.492331082000078],[-99.195226763999983,34.485530883000024],[-99.196898030999989,34.47591361800005],[-99.20050446099998,34.468345027000055],[-99.205312778999939,34.461889448000079],[-99.209995535999951,34.457925131000025],[-99.215906974999939,34.450288632000024],[-99.218634729999962,34.446443612000053],[-99.220482120999975,34.443839294000043],[-99.222090392999974,34.438242481000032],[-99.221169302999954,34.432911385000068],[-99.219333921999976,34.427798534000033],[-99.220497026999965,34.42259763800007],[-99.222688803999972,34.419854186000066],[-99.228208523999967,34.413950991000036],[-99.228470735999963,34.412970675000054],[-99.22960139199995,34.408743293000043],[-99.227815187999965,34.404777421000063],[-99.221013941999956,34.402298549000079],[-99.215851576999967,34.400345257000026],[-99.211109847999978,34.397422643000027],[-99.209894318999943,34.390569566000067],[-99.205104632999962,34.386500054000066],[-99.199211612999989,34.383610683000029],[-99.193145259999937,34.382065509000029],[-99.187212607999982,34.378219952000052],[-99.189481027999989,34.371839503000047],[-99.19427957299996,34.359836322000035],[-99.199406822999947,34.356531709000024],[-99.202364287999956,34.354625329000044],[-99.20792150699998,34.34967914300006],[-99.208786572999941,34.349124983000024],[-99.201366587999985,34.33964222000003],[-99.198541087999956,34.330319278000047],[-99.197343224999941,34.326366162000056],[-99.196007589999965,34.308467651000058],[-99.194337978999954,34.275871168000037],[-99.190879788999951,34.269036632000052],[-99.184595824999974,34.263480100000038],[-99.179483592999986,34.258367521000025],[-99.176244786999973,34.249852344000033],[-99.175080259999959,34.242711844000041],[-99.16782656099997,34.234552241000074],[-99.155913700999974,34.225092026000027],[-99.147990536999941,34.221494243000052],[-99.135953856999947,34.222796613000071],[-99.122746814999971,34.223652811000079],[-99.111522756999989,34.223733612000046],[-99.10022016299996,34.221902449000027],[-99.08883990399994,34.218159312000068],[-99.080642904999991,34.214803656000072],[-99.07229526399999,34.214799391000042],[-99.061695953999958,34.216053179000028],[-99.048087862999978,34.221215824000069],[-99.034055886999965,34.22304077900003],[-99.018528106999952,34.223470478000024],[-98.996616984999946,34.222638342000039],[-98.982423004999987,34.220396048000055],[-98.967495113999973,34.214106890000039],[-98.949271862999979,34.204437632000065],[-98.941907752999953,34.200092942000026],[-98.93141957499995,34.196788044000073],[-98.919272279999973,34.195200232000047],[-98.908555691999936,34.185921737000058],[-98.891308826999989,34.171316088000026],[-98.878820427999983,34.160647456000049],[-98.864182166999967,34.153859414000067],[-98.85204319199994,34.152264221000053],[-98.833646970999951,34.152503738000064],[-98.820386429999985,34.151651386000026],[-98.802979908999987,34.147556720000068],[-98.794560215999979,34.145381581000038],[-98.774998818999961,34.145162902000038],[-98.764604260999988,34.143991936000077],[-98.751894438999955,34.142400179000049],[-98.741352047999953,34.145055948000049],[-98.731435329999954,34.149129506000065],[-98.720813838999959,34.149633572000027],[-98.711315923999962,34.148605506000024],[-98.704647871999953,34.147883238000077],[-98.692260007999948,34.147232873000064],[-98.684562440999969,34.149095766000073],[-98.677583071999948,34.155004756000039],[-98.671633664999945,34.165669659000059],[-98.657085514999949,34.177260940000053],[-98.647053490999951,34.181579430000056],[-98.64178244499999,34.183847904000061],[-98.632830074999958,34.186175325000079],[-98.632659324999963,34.186219708000067],[-98.617991062999977,34.18633288500007],[-98.604998018999936,34.184969723000052],[-98.588564314999985,34.183925633000058],[-98.582412674999944,34.18407112500006],[-98.575916706999976,34.184224384000061],[-98.566195472999937,34.177519895000046],[-98.561871672999985,34.168775711000023],[-98.564190497999959,34.160832093000067],[-98.565416317999961,34.154587611000068],[-98.561429822999969,34.147270153000079],[-98.556982737999988,34.143310262000057],[-98.551257928999974,34.135555125000053],[-98.550473724999961,34.129357951000031],[-98.546230968999964,34.122882913000069],[-98.540334046999988,34.118478202000063],[-98.53070441999995,34.114159761000053],[-98.521123705999969,34.111273681000057],[-98.508767237999962,34.111319144000049],[-98.498908455999981,34.108676585000069],[-98.489459437999983,34.101003908000052],[-98.479409578999991,34.101232527000036],[-98.470873458999961,34.103816405000032],[-98.463135954999984,34.104469264000045],[-98.450710854999954,34.102358366000033],[-98.443214141999988,34.10157016900007],[-98.432651285999953,34.103718272000037],[-98.424484747999941,34.108919701000048],[-98.416711230999965,34.117458425000052],[-98.406236684999953,34.122470517000068],[-98.396259480999959,34.125080258000025],[-98.388965009999936,34.130738029000042],[-98.387792951999984,34.139130266000052],[-98.386575348999941,34.14608927200004],[-98.382696058999954,34.150715879000074],[-98.370672893999938,34.152411666000035],[-98.362067510999964,34.153076104000036],[-98.353174626999987,34.153746053000077],[-98.344444716999988,34.159670880000078],[-98.336781711999947,34.162942652000027],[-98.325639819999992,34.165331757000047],[-98.312154088999989,34.166335020000076],[-98.296001449999949,34.164763121000078],[-98.280079174999969,34.161271670000076],[-98.26520755599995,34.154409552000061],[-98.255135680999956,34.154139761000067],[-98.243886051999937,34.15293706500006],[-98.231810020999944,34.15294530400007],[-98.218843841999956,34.15201412600004],[-98.206894773999977,34.146519152000053],[-98.197035064999966,34.143610350000074],[-98.188359969999965,34.141872141000078],[-98.178604918999952,34.142545136000024],[-98.168371045999947,34.146573246000059],[-98.15685621099999,34.15612352900007],[-98.148445617999982,34.163699371000064],[-98.137338249999971,34.167502722000052],[-98.12414380499996,34.168716080000024],[-98.111971712999946,34.165366365000068],[-98.108610061999968,34.15826018000007],[-98.109760041999948,34.147959540000045],[-98.112519991999989,34.133564423000053],[-98.111992288999943,34.124969673000066],[-98.112493403999963,34.112052735000077],[-98.10625558199996,34.104763581000043],[-98.101275431999966,34.090996571000062],[-98.101383261999956,34.084541149000074],[-98.107353318999969,34.071997565000061],[-98.11169272099994,34.062831452000069],[-98.108002046999957,34.054059627000072],[-98.101268514999958,34.049409420000075],[-98.087589518999948,34.042740919000039],[-98.075980405999985,34.038182415000051],[-98.069237187999988,34.033052590000068],[-98.059160732999942,34.031976519000068],[-98.048877234999964,34.033843018000027],[-98.038012942999956,34.035480397000072],[-98.02330944199997,34.033125071000029],[-98.010800532999951,34.026903552000078],[-97.998211666999964,34.017575346000058],[-97.989748231999954,34.012233391000052],[-97.987347438999961,34.011532248000037]]],[[[-108.58609771599998,34.130445232000056],[-108.89090610599999,33.759234718000073],[-108.58986669999996,33.599395082000058],[-108.26195449599999,33.966173756000046],[-108.58609771599998,34.130445232000056]]],[[[-105.44311119699995,33.527349585000024],[-105.46279033099995,33.547234902000071],[-105.93681940699997,33.548081527000079],[-105.93538898099996,33.394949619000045],[-105.72129366499996,33.394038616000046],[-105.72045882899994,33.298085474000061],[-105.69991015999994,33.309636429000079],[-105.58431325399994,33.374482599000032],[-105.58332221699999,33.394974554000044],[-105.44322479299996,33.395920508000074],[-105.44311119699995,33.527349585000024]]],[[[-105.83140499199999,33.215762895000069],[-105.93487114799996,33.216349889000071],[-105.93549092899997,33.010141507000071],[-105.83557445199995,33.009447996000063],[-105.83140499199999,33.215762895000069]]],[[[-98.243547079999985,41.469463975000053],[-98.240622394999946,41.255662020000045],[-98.063087760999963,41.25576219900006],[-98.062717297999939,41.270517841000071],[-97.994293391999975,41.270441290000065],[-97.993836560999966,41.282739584000069],[-97.855352854999978,41.283108696000056],[-97.855070550999983,41.302777302000038],[-97.676616079999974,41.302934607000054],[-97.67520553199995,41.511857948000056],[-97.865677952999988,41.512754621000056],[-97.865342476999956,41.500471942000047],[-98.001780050999969,41.498903547000054],[-98.00133023099994,41.483550469000079],[-98.07891346599996,41.482240482000066],[-98.079337635999991,41.469329907000031],[-98.243547079999985,41.469463975000053]]]]},"properties":{"OBJECTID":19,"type":"reservation","date_open":"","COUNT":141,"SHAPE_Length":211.51801596675892,"SHAPE_Area":61.034865500592517}}]}