{"type":"FeatureCollection","features":[{"type":"Feature","id":1,"geometry":{"type":"Polygon","coordinates":[[[-87.805370023221627,42.491773997067881],[-87.805371997718623,42.491920010531921],[-87.807159014516699,42.491877977040197],[-87.809672017388053,42.491819999695316],[-87.815872002629447,42.491919952241332],[-87.816981467819417,42.492018507642868],[-87.821373052765736,42.492019959606203],[-87.825676002739613,42.492075001709303],[-87.826780006172669,42.492088996714045],[-87.828164003699982,42.492106998519567],[-87.829650000436217,42.492126027025755],[-87.83052601055185,42.492136994230876],[-87.831471015772848,42.492149019934338],[-87.832889992799011,42.492167013111505],[-87.833946958647147,42.492179991326481],[-87.835340005802649,42.492198004366436],[-87.838841989123097,42.492243986147919],[-87.839607008792086,42.492254006777713],[-87.842966003675528,42.492299004870254],[-87.843594026670431,42.492306985333215],[-87.844993004503422,42.492325016883449],[-87.84645198620413,42.492343987033117],[-87.852174015612107,42.492420016611554],[-87.858672054678266,42.492475023918509],[-87.861572030214447,42.492500033667042],[-87.862359999144019,42.492506999327688],[-87.862733988458032,42.492509988679544],[-87.863873972113154,42.492520020527294],[-87.871710987839549,42.492625001448779],[-87.881931985006275,42.492764013513295],[-87.882541990491518,42.492771990605],[-87.883143016417208,42.492779981605743],[-87.886074986350536,42.492819986272941],[-87.897575981287517,42.493020002601099],[-87.900242032828771,42.493019990678228],[-87.901004978287773,42.493019990015839],[-87.902375949345156,42.493019989353492],[-87.902675987548363,42.493020003263489],[-87.911575981547074,42.493120004232708],[-87.916877020887057,42.493120000920797],[-87.918477022815992,42.493119997608886],[-87.918776980170847,42.493119988335557],[-87.931365982240592,42.493363974344405],[-87.949777965491634,42.493718965438283],[-87.950113977628703,42.493718979348138],[-87.951177953929303,42.493718996569847],[-87.955270964926328,42.493779997213736],[-87.971278994493332,42.494018990345964],[-87.981205991932185,42.494281976852591],[-87.990179992737268,42.494519034621575],[-87.990942994790132,42.494525008496218],[-88.001379992765251,42.494618998750965],[-88.003105020418815,42.494583012477598],[-88.006179998552113,42.494518995541981],[-88.026181004522712,42.495018974220237],[-88.037981986458945,42.495118992526322],[-88.04978198833318,42.495319024684505],[-88.051071975369368,42.495338974876589],[-88.051772976599651,42.495350166719597],[-88.062383004471528,42.49551897605788],[-88.066282972903892,42.495518988642637],[-88.069282958778956,42.495519007188548],[-88.070082943573766,42.495618990252524],[-88.07751500685491,42.495618986940748],[-88.078682979319339,42.495618984953708],[-88.079744001060959,42.495635030474951],[-88.080807025147379,42.495652037067124],[-88.081229963661244,42.495658020768815],[-88.081312000507936,42.495658995753168],[-88.082799006950566,42.495682996126867],[-88.084982979391214,42.495718980442561],[-88.090883995424605,42.495819001603238],[-88.091983990574846,42.495818959875052],[-88.095383958516706,42.495918994122825],[-88.097195970937548,42.495919037175604],[-88.102384035452431,42.495919006707496],[-88.102684005383693,42.495925979273181],[-88.108696995518926,42.496064985325283],[-88.109080993861852,42.496073967441866],[-88.109647039390367,42.496086997834027],[-88.111672990087698,42.496133984850658],[-88.115285032301841,42.496219018411352],[-88.123898002889177,42.496218983969293],[-88.126978985361831,42.496218998540947],[-88.138622952566166,42.49621900715146],[-88.138986056993915,42.496218997216268],[-88.139091987230515,42.496218972047032],[-88.148486034872576,42.496219009800839],[-88.150008000152795,42.496207981050844],[-88.158935009187047,42.496146996022233],[-88.178186974720902,42.496018008854435],[-88.182787019118791,42.496018014815583],[-88.183145989499593,42.496018018789698],[-88.183387004795392,42.496017994945099],[-88.188287980321874,42.496018014815583],[-88.199887929178971,42.49601801084146],[-88.200171975573511,42.496016009883093],[-88.208950982673116,42.495966999960288],[-88.214083992139194,42.495938997111558],[-88.216899991365963,42.495922990746962],[-88.217788976747556,42.495918023116637],[-88.218771973518557,42.495918013181409],[-88.223726982709408,42.495918009869648],[-88.227488967219173,42.495917994635576],[-88.228592006759911,42.495912950172148],[-88.232226937149164,42.495897668412859],[-88.233717251188651,42.495891402572575],[-88.237820017889675,42.49587401188181],[-88.24754600830056,42.495833968764678],[-88.247803978399006,42.495833007030114],[-88.250090003049209,42.495822979025547],[-88.260759982686523,42.495226979502739],[-88.265790019169884,42.494946003935105],[-88.268090988193137,42.494818011807922],[-88.268700000141692,42.494817982001649],[-88.270590971781075,42.494817982663982],[-88.270767982112872,42.494818014457408],[-88.271690986694253,42.494817966104925],[-88.272808993964247,42.494818009158479],[-88.27289099667496,42.49481799392418],[-88.274585999936804,42.494817972728562],[-88.276864986286725,42.494817953520034],[-88.279520025380918,42.494817993261805],[-88.285100990543185,42.494770994658616],[-88.298603992481915,42.494657002564651],[-88.300019005242731,42.494644989928304],[-88.301188393452051,42.494635052477143],[-88.303192022811203,42.494617987320382],[-88.304691966790543,42.494617999905273],[-88.310292002288008,42.494617988645089],[-88.311891986250657,42.494618003879474],[-88.319991933470803,42.494618010503139],[-88.322691970075894,42.494618039647172],[-88.324791979681876,42.494617989969832],[-88.327292963993045,42.494618010503139],[-88.328493052127186,42.494617973410691],[-88.330693063987226,42.494618011827832],[-88.334592948876264,42.494618000567648],[-88.334892987079485,42.494618000567648],[-88.339092973053795,42.494618011165464],[-88.354992986496057,42.494617989307457],[-88.375094010890393,42.494517998019447],[-88.378493994103607,42.494517997357114],[-88.389994980955748,42.494517995369989],[-88.407294994513805,42.494618015802047],[-88.412495011113549,42.494617987982707],[-88.415194971361814,42.494618000567648],[-88.417395985741749,42.494618000567648],[-88.420596037210359,42.494617982683806],[-88.421696011699353,42.494617987982707],[-88.422596033782511,42.494618013814964],[-88.431296017883213,42.494618007853688],[-88.43729597885357,42.494618015139665],[-88.439495977238892,42.494618007191306],[-88.441785957171277,42.494603976984756],[-88.446896970489306,42.494618001892398],[-88.453287006905484,42.494617990632207],[-88.461371500407807,42.494617994606365],[-88.470597007932881,42.494617982683806],[-88.475997002989601,42.49461799261929],[-88.486097960979848,42.494618038984797],[-88.49599795506127,42.494618001892398],[-88.497798022583794,42.494618004541856],[-88.500097996273709,42.49477599086164],[-88.506912028520844,42.494883006083342],[-88.507077982388125,42.494902978272471],[-88.507283025546656,42.494928967344713],[-88.507393006286904,42.494928973305967],[-88.515782011602553,42.494931988374141],[-88.515921016011305,42.494932985227699],[-88.52579499398378,42.495026986791785],[-88.540482005111372,42.495043033127295],[-88.55020897288928,42.495053986573673],[-88.559200997492226,42.495066040197777],[-88.559819992418525,42.495067011879549],[-88.563329000564522,42.49507199481171],[-88.563898989697122,42.495073012858569],[-88.566619993879257,42.495077006224975],[-88.569741022348964,42.495054004457401],[-88.583368995215082,42.495166024648313],[-88.589371008835855,42.495155004985641],[-88.58959597303415,42.495154006810878],[-88.599314999704944,42.495139008355785],[-88.618970961876613,42.495130002259984],[-88.625100980035484,42.495104988264231],[-88.63865299225948,42.495042969540698],[-88.64355400910847,42.494988984527645],[-88.652622981602022,42.494887993666772],[-88.658369045435421,42.494780014053354],[-88.661001994956777,42.494730997863009],[-88.665910993337079,42.494639012090964],[-88.668289991822533,42.494617005033817],[-88.670800968094596,42.494546983129837],[-88.678178975253516,42.494343039872241],[-88.687347976052266,42.494095992234499],[-88.688155982802556,42.494073999558417],[-88.697833042878244,42.493814987077755],[-88.697955976426556,42.493746971268259],[-88.698605024490689,42.493791982858859],[-88.704428007468607,42.493655980922725],[-88.70737994784902,42.4935870031712],[-88.712418994434685,42.493469984507406],[-88.713242000355294,42.493437016025013],[-88.71411898693961,42.493400999264566],[-88.722499990961012,42.493154985855035],[-88.726726008315651,42.493031001443754],[-88.727683995989139,42.493007009325638],[-88.732056989402352,42.49289798851084],[-88.732350006373309,42.492890992424165],[-88.736583020705666,42.492761028147903],[-88.737227981435254,42.49274102016841],[-88.746007978478303,42.49247303079536],[-88.746996946351018,42.492518000247749],[-88.750104023086067,42.492415011609268],[-88.76536003519945,42.492068003543402],[-88.769252994975986,42.492091998008931],[-88.769655003642029,42.492001007905209],[-88.769810020520723,42.492046980558072],[-88.776492949042023,42.492020971741205],[-88.78668100229234,42.491983017992297],[-88.795290979693149,42.492067007306574],[-88.80092701248067,42.492122001013762],[-88.804079022946226,42.492099020018237],[-88.81628998519831,42.492359017953206],[-88.819901002434719,42.492436016586424],[-88.823359963639575,42.492509981393262],[-88.825091043243219,42.49250998934189],[-88.82555397834679,42.492578020406789],[-88.830080979830612,42.492658980496707],[-88.833156016354408,42.492713983619176],[-88.83361301269565,42.492725990664916],[-88.852623988086549,42.493256953211493],[-88.854855959309475,42.493324002481693],[-88.860823009601077,42.493503996215054],[-88.862357996859672,42.493549988959145],[-88.864217962248702,42.493581001387206],[-88.865015020332308,42.493594974858944],[-88.869259011179125,42.493674005460328],[-88.869359995291788,42.493676005831304],[-88.875106007921232,42.493784989521671],[-88.879145987773768,42.493822026115311],[-88.884862002960929,42.493961986684717],[-88.887247998424129,42.494009992699695],[-88.889466980008038,42.494055012711854],[-88.894409960757201,42.494171022155065],[-88.9178950196752,42.494656012992657],[-88.918512972555789,42.4946109682433],[-88.921294002165183,42.494725015397364],[-88.940390948125426,42.495045975992703],[-88.943264007440732,42.4951139996625],[-88.94755294100122,42.495191000202858],[-88.951891968215222,42.495268978950584],[-88.96486000363933,42.495504009483369],[-88.976115009308785,42.49570700179023],[-88.991611046774523,42.496004983746687],[-88.992658976469215,42.496024986707866],[-88.992828981738427,42.496014003625817],[-88.993500025950596,42.496013967196554],[-88.995642038982666,42.496012002667257],[-88.997730015655421,42.496005989193691],[-89.000108999767846,42.49599900007815],[-89.000557006668018,42.495966974128649],[-89.00126401942417,42.495973000190638],[-89.001882988299343,42.495978997771005],[-89.0024359822051,42.495984000501039],[-89.002718014576757,42.495986018681528],[-89.004132969845386,42.495997977409928],[-89.00577492938632,42.496012012602527],[-89.008603964066197,42.49603699576739],[-89.009070961351483,42.496041000332177],[-89.009894985063283,42.4960480185864],[-89.010551959861488,42.496054017484248],[-89.011565988933995,42.496063004901188],[-89.012109989805438,42.496069004459954],[-89.013666980398597,42.496086981275326],[-89.013803995937295,42.496097052290217],[-89.014991023465527,42.496119986114635],[-89.015674991739701,42.496133982863583],[-89.020186994053219,42.496225996242416],[-89.020406990567992,42.496238960368181],[-89.024655004070652,42.496236933585287],[-89.025317001349606,42.496237017703393],[-89.026232006433403,42.496236023520005],[-89.027082030084486,42.496235983779179],[-89.030003032486505,42.496233986801833],[-89.030924977954172,42.496233986801833],[-89.036655973446997,42.496230971134068],[-89.038364999410419,42.49620199475239],[-89.039200013111397,42.496189006774422],[-89.039761004718144,42.496191986015049],[-89.040176948949195,42.496193971071477],[-89.041540985910899,42.496108011513179],[-89.041879967878302,42.49608601557054],[-89.042164009781246,42.496068995849427],[-89.042549011542363,42.496046014979541],[-89.042897966606048,42.496254969963594],[-89.043978989337489,42.496232006383089],[-89.046698992796379,42.496254981885848],[-89.047934988389073,42.496254990496354],[-89.049171978416766,42.496277954730779],[-89.050438033435483,42.496276985054848],[-89.051581987644141,42.496299995645458],[-89.052818004796407,42.496300017502925],[-89.053991987888395,42.49630000359366],[-89.054705960791381,42.496284005269615],[-89.055042007064429,42.496277024133335],[-89.056186041223157,42.496254979236461],[-89.056525986184553,42.496277013535803],[-89.057266988496124,42.496254988509335],[-89.0589359918187,42.496300036048602],[-89.059832023585358,42.49623199578555],[-89.061315017253605,42.496232013668937],[-89.06252098486128,42.496242015114021],[-89.063817986841542,42.496254016183656],[-89.066218967102017,42.496262989000222],[-89.067438991547263,42.496269012384303],[-89.069102015683299,42.496276993665354],[-89.070350994626764,42.496233985477112],[-89.070926988997059,42.496215005247464],[-89.071140967697744,42.496207981713198],[-89.07954900741592,42.496295999045415],[-89.099011980023519,42.496499013288258],[-89.099135981668709,42.49656698305234],[-89.099907983044091,42.496680994184544],[-89.101794024729202,42.496713994073929],[-89.11013701833599,42.496859995342582],[-89.110229991272959,42.49679100456634],[-89.115466015942545,42.496861001438191],[-89.11681100502696,42.496880009290059],[-89.116949003322588,42.496909988140736],[-89.117366982237769,42.496864985417645],[-89.117889022893777,42.496851994928015],[-89.118077979022232,42.496925008690638],[-89.118376997637583,42.496896012760338],[-89.118572983083126,42.496890001358778],[-89.119048973402712,42.496966006202896],[-89.119506990230107,42.496954993480813],[-89.119583019144173,42.49695802037342],[-89.120364965768061,42.496992016275016],[-89.120451973891562,42.496990980376225],[-89.120613990442934,42.49698998686717],[-89.121698010852484,42.496981992430349],[-89.124740989198727,42.497111999597479],[-89.125111004365948,42.496956977188319],[-89.126190977865136,42.497069001256207],[-89.129758996342133,42.497086007458407],[-89.143763006681112,42.497159013662056],[-89.152645046052243,42.497204963977978],[-89.154110994187988,42.497213006074624],[-89.157147957415106,42.497250012819961],[-89.164904984453628,42.497347002671241],[-89.16672798416873,42.497256011602502],[-89.167709986504732,42.497271999742814],[-89.17175403931877,42.497341035027191],[-89.197996012572332,42.497785952790402],[-89.220954002065369,42.497997017438536],[-89.221575991076506,42.498002992967919],[-89.222612985579232,42.49801201255886],[-89.22627003428741,42.497956999524746],[-89.228278993351168,42.498046986146221],[-89.238105001287451,42.498065964495211],[-89.239723984618379,42.498078022175051],[-89.240252008054185,42.498082021972849],[-89.240811997141051,42.498086007199198],[-89.245509985752676,42.498122980973903],[-89.246971955250018,42.498129980449292],[-89.24779194283127,42.498130017539602],[-89.248202520526817,42.498129997669785],[-89.250113010760685,42.498129991046504],[-89.250759017129283,42.49799402040103],[-89.252185992754718,42.498028006466832],[-89.262578965196084,42.498188979213346],[-89.283442275685985,42.498678814239597],[-89.290895980280666,42.498852992628244],[-89.291544985225656,42.498990015154178],[-89.302267022233679,42.499128001713053],[-89.306977979823074,42.499186001425109],[-89.32432799181322,42.499400988206517],[-89.324704999466604,42.499409000878885],[-89.334183999886747,42.499603992369011],[-89.334534968973301,42.499611005587141],[-89.339189997453104,42.499706006169227],[-89.343763980826296,42.499705989611464],[-89.346263020284866,42.499730997130634],[-89.34923298176821,42.499762001857341],[-89.353315980143066,42.499844981962568],[-89.354813989151296,42.499875018999568],[-89.357538997124635,42.49993002239858],[-89.36156098462034,42.500011990937473],[-89.366030987101084,42.500274005146103],[-89.366924993166791,42.500325972854796],[-89.367688021270808,42.500327970363784],[-89.371349985560215,42.500334985487612],[-89.375114992900905,42.500206019542155],[-89.382646990164147,42.500314985229672],[-89.382920005246973,42.500316988699744],[-89.385365961458788,42.500337998970508],[-89.391412998641613,42.500381983883017],[-89.3937019913255,42.500397950692623],[-89.39491496489407,42.500406974574261],[-89.39515999476086,42.500409013805722],[-89.401431951226201,42.500432990500414],[-89.407260999628917,42.500478994706171],[-89.407914994715341,42.500484006348444],[-89.409965019363966,42.500499983066604],[-89.419219977257313,42.500574985434703],[-89.420991015721427,42.500589020262332],[-89.422540110123236,42.500678451399978],[-89.423420980124533,42.500766992279338],[-89.423925989621068,42.500818017789349],[-89.425162005875009,42.500726003882122],[-89.435604022737607,42.500814962604743],[-89.441891987181322,42.50086900616899],[-89.443978996368529,42.500887008096392],[-89.449911031228666,42.500978009114348],[-89.455076018023902,42.501037001217455],[-89.457740009728212,42.501067982116197],[-89.463722021460882,42.501135996586221],[-89.466726527658452,42.501190943905513],[-89.47423398204981,42.501327960645838],[-89.478490986790163,42.501405993996435],[-89.478696991146066,42.501411001590633],[-89.482198980754731,42.501495965057813],[-89.483639997946383,42.501446997842912],[-89.483717004227501,42.501444965930496],[-89.484300001863744,42.50142601377415],[-89.484532537961556,42.501429010647179],[-89.491191003561028,42.50151501388752],[-89.492611999999966,42.501513976076794],[-89.4930170108357,42.501513982037416],[-89.493215993959339,42.501513991309459],[-89.498297012530031,42.501511993838413],[-89.500117007380481,42.501511987877791],[-89.502490007814814,42.501537986124603],[-89.508822984142455,42.501651997465444],[-89.512684996957432,42.501721977637004],[-89.514621946169683,42.501756989548952],[-89.520657005216492,42.501866006178865],[-89.522541969821575,42.501888982260731],[-89.529971023746512,42.502019999808716],[-89.542388991077743,42.502231986634492],[-89.561590020338372,42.502560003047776],[-89.562862005136267,42.502582019230672],[-89.563844002082377,42.502610978085791],[-89.564406972677688,42.502628011258778],[-89.573953961191791,42.50283700915184],[-89.577877990100717,42.502923007143984],[-89.578324987294522,42.502932990962002],[-89.578929005508414,42.502947000093805],[-89.578990975788287,42.503014986028774],[-89.581648013633952,42.503060976413806],[-89.594778963026428,42.503467984184653],[-89.596322999014873,42.503516996837988],[-89.59969896487064,42.503533024438134],[-89.600000973977586,42.503671989076089],[-89.600588000557877,42.50362699718],[-89.60142195065356,42.503535024493736],[-89.603523004101902,42.503557008544355],[-89.60633498965602,42.503669997634354],[-89.608806984434651,42.503760974733751],[-89.611926989723244,42.503851009295218],[-89.613409995967913,42.503941972223643],[-89.616097978080191,42.504055008300938],[-89.625117960949709,42.504189022024228],[-89.634505005325806,42.50437800183326],[-89.635709958735532,42.504401969058812],[-89.637656992435154,42.504447985576256],[-89.643557979722459,42.504564997604952],[-89.644176005366575,42.504519977874367],[-89.647713948247855,42.504575989781273],[-89.648188007189589,42.504582991845595],[-89.648319004914228,42.50458498656949],[-89.650200000762368,42.504636002341044],[-89.650324058103095,42.504612998791558],[-89.650601979784028,42.504635985784603],[-89.66532000075523,42.504916999932185],[-89.667596001105153,42.504960020029174],[-89.669511994418457,42.505006028851092],[-89.669819981813617,42.50504398198111],[-89.690088031765356,42.505190985655545],[-89.692387992878878,42.505128998789587],[-89.693487017848611,42.505099012621145],[-89.694033012081661,42.505133996814095],[-89.719295995948713,42.505211987003712],[-89.734061017673909,42.505258982395404],[-89.742395024534616,42.505381975015098],[-89.744392981931057,42.505385000837521],[-89.750119985310761,42.505391992877449],[-89.750717002953635,42.505389011426161],[-89.76169998707698,42.505349998242039],[-89.76588301016379,42.505335011503973],[-89.768487980757286,42.505326020121686],[-89.76964298604058,42.505321982376692],[-89.780301991858394,42.505348994932021],[-89.792660012814068,42.505420027916664],[-89.793957011201073,42.505465976135341],[-89.794925978083967,42.50545998939868],[-89.7997039823329,42.505421002748811],[-89.800753980847688,42.505398019355681],[-89.801897000808466,42.505443993418218],[-89.803410978269184,42.505466992026193],[-89.810454972042535,42.505512034253528],[-89.811431005073459,42.505518011051507],[-89.823979011626903,42.505593017333773],[-89.827539013538313,42.505615015230156],[-89.829300986204572,42.505625033717429],[-89.83075603238602,42.505633992606612],[-89.833726067531202,42.505652011042692],[-89.837619997488218,42.505675985064521],[-89.843963985364624,42.505713986794134],[-89.847467963843329,42.505734978695138],[-89.849105026667644,42.505665985790621],[-89.849259014077035,42.505735009820718],[-89.867080021753779,42.505727985369056],[-89.875121001762068,42.50572498406639],[-89.877067960003217,42.505751013011405],[-89.884638980980696,42.505762001667946],[-89.891739999808294,42.50577304131555],[-89.896840002475869,42.505781992898783],[-89.902741012221071,42.50578298560589],[-89.906617983782141,42.505784007451823],[-89.926373986835401,42.505787980929092],[-89.926483955897524,42.505786978950603],[-89.937322023799254,42.505737015766101],[-89.945899936734293,42.505696994196711],[-89.946252984522431,42.505671980454515],[-89.946547996651617,42.505651003101796],[-89.953561973219763,42.505631038318988],[-89.954402998446639,42.50562798270736],[-89.954483985162753,42.505627976747128],[-89.955290986698245,42.505626009208633],[-89.955542977610165,42.505633978699372],[-89.956472989949077,42.505667965248314],[-89.956824005748047,42.505681002250441],[-89.958496021121746,42.505741015736241],[-89.965423954357021,42.505989993504691],[-89.96615097708613,42.506007027743806],[-89.98070599785072,42.506359002084338],[-89.985071978116508,42.50646400480602],[-89.985534987780241,42.506463023367786],[-89.985644982893533,42.506430983572677],[-89.997212988557436,42.506754985997375],[-89.997636974506918,42.506786940198012],[-89.999313987208552,42.506913987321042],[-90.00012295425789,42.506816980522338],[-90.008205003444317,42.506915996539774],[-90.016731010823946,42.507162991542771],[-90.017027976788881,42.507126999243695],[-90.01721297853345,42.507150002530352],[-90.018470971172491,42.507268980961854],[-90.018664993799121,42.507287967769628],[-90.026202946892695,42.507530981976622],[-90.031803993893149,42.507712014907455],[-90.050577988322232,42.507957984292631],[-90.06619200422918,42.508148001666783],[-90.066311015732964,42.508149990316994],[-90.067827993566738,42.508174991147676],[-90.068359997437568,42.508183952320287],[-90.073436947538326,42.508271004495818],[-90.073670012743847,42.508274991721613],[-90.084626009679397,42.508123025989711],[-90.084701966728261,42.508121977693158],[-90.085631996135177,42.508125995390621],[-90.093026022950554,42.508159981246926],[-90.094199957533505,42.508113979381804],[-90.094848991224595,42.507954001682151],[-90.095003990136988,42.507885035066728],[-90.100972007015841,42.5079369798936],[-90.101170946122025,42.507937982499854],[-90.104288021106171,42.507965023724864],[-90.125125020839761,42.508121966435404],[-90.132393002342667,42.508098963506413],[-90.13399299349183,42.508100983282581],[-90.142922000379286,42.508151011462047],[-90.143230018317169,42.508220012219475],[-90.156329960560967,42.50824699769597],[-90.158393980961719,42.508253025223382],[-90.164362969817716,42.508272003785656],[-90.172982031881006,42.508169010630425],[-90.181571962477932,42.508067996025019],[-90.187652961368372,42.508019979611262],[-90.192903995988061,42.507978009256796],[-90.193401995930429,42.507974982897657],[-90.201963980837192,42.507907981785408],[-90.202520022726702,42.507839013794737],[-90.20267498570648,42.50774698770477],[-90.20320802263987,42.50774697048692],[-90.206072998914266,42.507746996975939],[-90.212661991504632,42.507797994273695],[-90.214569999693367,42.507813993625135],[-90.21710301792757,42.507972998215237],[-90.217744998945363,42.507873975925378],[-90.217844963470156,42.5078589957524],[-90.221065984312474,42.507800996801315],[-90.2231900049877,42.507764991625095],[-90.243493992042374,42.507685007346559],[-90.25012600315506,42.507584966095173],[-90.250621992667831,42.507520995581736],[-90.252194006685798,42.507498986435927],[-90.252905011555086,42.507362987159539],[-90.253121026736494,42.507339961435463],[-90.26529399025209,42.50746002953354],[-90.267142986313189,42.507641989787025],[-90.268227986784709,42.507671990629142],[-90.269334991489117,42.507725981910419],[-90.272863988048471,42.507531014425794],[-90.279660987339511,42.507488021262695],[-90.282472961215518,42.507443017543878],[-90.286603992508617,42.5074709834538],[-90.292099995011327,42.507506994097177],[-90.293009043366453,42.507514018348935],[-90.294491965169499,42.507582997293795],[-90.297889949631198,42.507651988744911],[-90.298415996773386,42.507559944499462],[-90.302340043648599,42.507491985360453],[-90.303823005875813,42.507469011337683],[-90.308621993871498,42.507434019180295],[-90.337324969219566,42.507229005404945],[-90.353574016777273,42.507111994389149],[-90.362652027220889,42.507047995577942],[-90.367873946543895,42.507114006250447],[-90.370673032290526,42.507111000378664],[-90.37512697019902,42.507062997136671],[-90.376270025194088,42.507053018613803],[-90.390570994311489,42.506931027268486],[-90.395729991140428,42.506917032274131],[-90.399129999506457,42.506888982012605],[-90.401685989459097,42.506888982012605],[-90.405927010475608,42.506890998516695],[-90.418649989981745,42.507023006216677],[-90.41942999534632,42.507030958973552],[-90.42637799694505,42.507075994776187],[-90.437010974975806,42.507147013878331],[-90.474954970855592,42.50748403464894],[-90.47575897650961,42.507301001785045],[-90.477644011183273,42.507208966293994],[-90.479126962630716,42.507322004411044],[-90.479446013676906,42.507415981390928],[-90.481973974396055,42.507490995329398],[-90.486106020785428,42.507582997956035],[-90.48753299281762,42.507615029876227],[-90.491715989853276,42.507623993115743],[-90.492197978224041,42.507498965906855],[-90.495535979479271,42.507519985022071],[-90.500127999226734,42.507494001845089],[-90.50113098620777,42.507492014498489],[-90.506176990245308,42.507481987039263],[-90.510531973335389,42.507473955534593],[-90.515971005581079,42.507591010242088],[-90.521764996331527,42.507584008514726],[-90.530623033616564,42.507575028051534],[-90.532253990591897,42.507572971173602],[-90.544346974402814,42.507707012453551],[-90.54479899407734,42.507712995001654],[-90.54974100734097,42.50769500563532],[-90.551165040085564,42.507691019697006],[-90.555768972392002,42.5075769942042],[-90.555862016295876,42.507508984092198],[-90.556479997024226,42.507600005271982],[-90.560939976103001,42.507600017854308],[-90.565441002800398,42.507599994676369],[-90.569515998084398,42.50764500689111],[-90.580557985352229,42.507766002843034],[-90.581290000019365,42.50777400517228],[-90.585463999529154,42.50781950664576],[-90.586568947989875,42.507832043881884],[-90.587638999596749,42.507843986438012],[-90.589577989781318,42.50786599480012],[-90.591151000030933,42.507870989956864],[-90.609379010108412,42.508012991838562],[-90.614589003397725,42.508052998018584],[-90.617731028190576,42.508076983039629],[-90.625126982790547,42.508228997225586],[-90.626626976177235,42.508301987107693],[-90.630627016033941,42.508301976512151],[-90.636627030903199,42.508301988432102],[-90.63902693498197,42.508301989094342],[-90.639426970947667,42.508202000483564],[-90.639927002879205,42.508202027634624],[-90.640926961639408,42.508301987107693],[-90.642658973694324,42.506007009863211],[-90.648627018420939,42.498101981880716],[-90.65592699342271,42.491703000909197],[-90.656441671486647,42.489558404129525],[-90.656526725774384,42.489203913396466],[-90.656326979082749,42.483602993286333],[-90.654027020664188,42.478503012793574],[-90.646727014221383,42.471903994928788],[-90.641027002521014,42.468304022595333],[-90.624327985244236,42.458904005057704],[-90.606328050230871,42.451505016762908],[-90.604016003183531,42.450805012301032],[-90.597487999912758,42.449476983855689],[-90.590415994872217,42.447492997533232],[-90.584736019195944,42.445365012806562],[-90.582127953007969,42.444436981570668],[-90.57510397908905,42.44288498755499],[-90.570735986597029,42.44170098411189],[-90.569600004038193,42.44120499251229],[-90.567967975372724,42.440388986754357],[-90.565248012338031,42.438741976464826],[-90.564036005356698,42.437506012120295],[-90.564058976176824,42.43740398242479],[-90.562588038797983,42.435831981613504],[-90.561840976451521,42.435033997037223],[-90.561048010194028,42.433880992009612],[-90.560439023398303,42.432897030237186],[-90.560027031754501,42.431888980446253],[-90.55945098887517,42.430694987381123],[-90.558985019262579,42.429444986603059],[-90.558801045190719,42.42851700800486],[-90.558542005198746,42.426911965749078],[-90.558325985525741,42.425403998344613],[-90.558252013753673,42.423717955859289],[-90.558297976953511,42.422024009906693],[-90.558168006003243,42.420983994148202],[-90.557875993348787,42.420097001170923],[-90.557549988443967,42.419257978093874],[-90.556670000588284,42.41811399648374],[-90.556149021740936,42.417283002556935],[-90.555463992556412,42.416614007197332],[-90.555018005069002,42.416137971554349],[-90.55480197192125,42.416024995507406],[-90.552809994609646,42.414984981717183],[-90.548067958904696,42.413115008433316],[-90.541954016996144,42.411373988726886],[-90.535862957872823,42.409205009904376],[-90.527281993360731,42.406341985677791],[-90.525400998410888,42.405679998175998],[-90.522724993536301,42.404801011851077],[-90.520094023003537,42.403842018244681],[-90.517515982105635,42.403019052592597],[-90.513503973994389,42.401292981897697],[-90.510263980733285,42.400154990473844],[-90.506828986580203,42.398791997979302],[-90.505056976138945,42.397904008507176],[-90.502893989241656,42.396984011474132],[-90.502418999645286,42.396751017179106],[-90.500127989345259,42.395539026625862],[-90.499119981680124,42.394784997632478],[-90.497784976471763,42.39382201033424],[-90.496808991051537,42.392949025888882],[-90.496156988428453,42.392688980653013],[-90.495765994904403,42.392405989727514],[-90.495191012037125,42.391814983279069],[-90.494497974371839,42.391014989454057],[-90.493642014653361,42.38999599843001],[-90.492514007337633,42.388985030940709],[-90.491332031036237,42.387893991398293],[-90.490333974009502,42.38709299812745],[-90.489063977183307,42.386387976682315],[-90.488216984448002,42.385813990474745],[-90.487154006175658,42.385140999506675],[-90.486403991965162,42.384905997874149],[-90.48569797094909,42.384662024466017],[-90.48462101758588,42.384530001527445],[-90.482933978787358,42.38462301034339],[-90.481475015951276,42.384684003822201],[-90.480148002155687,42.384615977606941],[-90.479072025261189,42.384395977102713],[-90.477941003199348,42.384151004422144],[-90.477278992445676,42.383794009911135],[-90.475813943523534,42.382838998360285],[-90.474891009909058,42.382279975341227],[-90.474120978539077,42.381728979061656],[-90.473798023414659,42.381457961799896],[-90.472006987553996,42.379957019024488],[-90.471085048374547,42.37911599517399],[-90.470273002798734,42.378354994252469],[-90.469006994492418,42.376665986823141],[-90.467874990571971,42.375008997914129],[-90.467749952270935,42.374881002828353],[-90.467530001570253,42.374437993584237],[-90.466465001190215,42.372475003578749],[-90.465878954671894,42.371147001321994],[-90.465476026131,42.370545992887287],[-90.464787990285203,42.369452010014207],[-90.464052981533214,42.368590001388526],[-90.462619003540127,42.367252993386586],[-90.461029985312152,42.366132994271936],[-90.458807967422587,42.364506992328351],[-90.456297990975429,42.3625479971098],[-90.454645980184779,42.360651973536527],[-90.452724031041143,42.359302998287014],[-90.450835975333177,42.358526972389619],[-90.448685023165737,42.357886003295405],[-90.446320015940827,42.357041001682283],[-90.445166999527572,42.356441031936058],[-90.443873982473903,42.355217976323402],[-90.4424799992739,42.35351096959878],[-90.441400983378799,42.351774022874729],[-90.440263941706249,42.349683002527499],[-90.438951000019586,42.347709997894242],[-90.437725965670012,42.346318976158955],[-90.436196821952336,42.344528513385328],[-90.435648984376314,42.34388699119598],[-90.433948987379821,42.341700982268456],[-90.43256199307271,42.339621965363754],[-90.432494034623161,42.339529997467793],[-90.4324019851543,42.339404002460427],[-90.430545981335683,42.336860004007356],[-90.429271994193002,42.335765981797813],[-90.427989007727817,42.334665014452199],[-90.425363019251606,42.332614996959613],[-90.422757947148483,42.331292015499372],[-90.42134998975591,42.330471999772037],[-90.419027004821658,42.328505015537033],[-90.418397986493417,42.327648027227383],[-90.416535008154909,42.32510901856606],[-90.415936990687143,42.322699017969953],[-90.416199989554542,42.321313995894741],[-90.416625992221839,42.320576018919915],[-90.417125011752077,42.319942996718552],[-90.417974000543936,42.319233996826632],[-90.419017007470856,42.318574001529456],[-90.420074989313591,42.317681015218071],[-90.420753002655729,42.31680002112865],[-90.421046977230787,42.316109000338336],[-90.421181975153374,42.315255026309273],[-90.420860984644477,42.313758984651081],[-90.420299993037744,42.311689998373161],[-90.419425014188093,42.310189008526542],[-90.419007987487106,42.309217008752405],[-90.418915018143409,42.308328009868809],[-90.419353996076666,42.307428986109663],[-90.419878003144831,42.306602977144557],[-90.420454018176372,42.305373995885915],[-90.420953989920775,42.304088018851992],[-90.421675987474202,42.302505984876966],[-90.422160015918962,42.300937000732056],[-90.422674994020184,42.298803994027139],[-90.423223987727994,42.297155965512829],[-90.42374399100494,42.295974992801533],[-90.424256995507506,42.294575997995388],[-90.424326032833719,42.293325980043036],[-90.425481979551421,42.292298007990603],[-90.426909004584218,42.290718958524948],[-90.428425994994413,42.28773999781324],[-90.429068985718573,42.28661103006003],[-90.430217997442313,42.28459300380095],[-90.430493997626826,42.284387998432685],[-90.4307350192108,42.284211015442018],[-90.431039008204635,42.282452007902052],[-90.431011930287028,42.279964992591879],[-90.430883984139427,42.278229966781595],[-90.429312996895831,42.275587981837923],[-90.428204006914655,42.273404979190161],[-90.426845970699048,42.27122800244311],[-90.426155960356269,42.270143020278702],[-90.425658006227977,42.26926900155906],[-90.425611991824169,42.269188990009745],[-90.424883985439834,42.267912004196248],[-90.424097991905569,42.266363991546001],[-90.423241963016821,42.264411006158319],[-90.422888987093927,42.262882999533744],[-90.422731971463733,42.26131598754597],[-90.422438979645605,42.260563001962289],[-90.422181012242106,42.25989898696578],[-90.421659017400174,42.258780977868177],[-90.420979982673529,42.257281987471885],[-90.420191013919052,42.255846010109082],[-90.41932600277579,42.25446699881234],[-90.418876940355133,42.253932000303173],[-90.418274031560628,42.253215004198694],[-90.416315010741855,42.251679007066208],[-90.415168996696224,42.250941965359388],[-90.414481000376327,42.25050000656752],[-90.413641987375669,42.250016018580681],[-90.412441004519508,42.249097981858533],[-90.410471005389638,42.24774900814306],[-90.408038001985943,42.245681031280441],[-90.403647975616622,42.241821003503908],[-90.402925974469952,42.241211002089223],[-90.400653023900418,42.239293004732176],[-90.398252969802996,42.236193000242785],[-90.395883011962553,42.233133001855414],[-90.394864936878022,42.229475992217843],[-90.394748995815874,42.229059000537909],[-90.393150985451896,42.227186032388602],[-90.391107952391124,42.225472996657281],[-90.386780994042951,42.222966968953045],[-90.382578974282836,42.219886060686591],[-90.382250965236636,42.21964599744026],[-90.377655973862204,42.216534991878206],[-90.375128981526942,42.214811028023988],[-90.374714009273006,42.214586971773343],[-90.370924964811948,42.213071986451155],[-90.365138002480279,42.210525994444694],[-90.360626007353289,42.207652983871263],[-90.360435009354205,42.207537992780097],[-90.356964037673976,42.205444993383082],[-90.349161982581819,42.204276965745201],[-90.338169019972327,42.203321010919019],[-90.332176983939391,42.202232003157143],[-90.328272944342174,42.201046980700674],[-90.319837985708148,42.19519899441007],[-90.317774028189461,42.193789001904442],[-90.317202001677785,42.193571983090855],[-90.314464975144261,42.192537014099365],[-90.306646989328854,42.190470005059169],[-90.306531034791988,42.190439015146531],[-90.298442009289047,42.187576021068281],[-90.296151031328392,42.18638001262876],[-90.293905043692078,42.185208004220108],[-90.282172980504484,42.178845991583877],[-90.27662299104982,42.176995981477866],[-90.269080018170442,42.174499998511763],[-90.262344969396352,42.173450983398183],[-90.255455952975822,42.171820978254075],[-90.250129005324737,42.171468991860174],[-90.249215972941329,42.171055979397373],[-90.248007004960598,42.170671971825598],[-90.244913013085991,42.169361990565967],[-90.242131995154679,42.168278995186064],[-90.239017013245146,42.167047983629011],[-90.234918978869047,42.165430991121561],[-90.231127037341182,42.163425005677418],[-90.224243992920648,42.160028005190895],[-90.216106991093369,42.156729993606397],[-90.213135975886203,42.155050003673658],[-90.211328005884127,42.154009990791515],[-90.209478996348295,42.152679992312088],[-90.208259998677406,42.150990013548729],[-90.207420955134069,42.149108996417397],[-90.206368996495328,42.145500020730793],[-90.205360002480006,42.139078995414131],[-90.204613988467457,42.137721984006447],[-90.204144959193002,42.136995017777522],[-90.203070988236547,42.134733003693064],[-90.201403996241893,42.130936987762695],[-90.19734199868175,42.128162975179706],[-90.195703975558388,42.127519007255238],[-90.194717014522027,42.127185018149113],[-90.192471987184774,42.126425036866422],[-90.190459468995883,42.125787503309404],[-90.187474002590747,42.125422988998302],[-90.184709996055986,42.125197978286607],[-90.170970040104862,42.125197990279347],[-90.170410024068531,42.125021008510409],[-90.169783984553774,42.124518012954205],[-90.168853002034339,42.123733004902924],[-90.167532994199647,42.122474980909587],[-90.166820984115589,42.121630988611706],[-90.166103991974921,42.120780031463198],[-90.165892996579302,42.120496018286651],[-90.165444005125565,42.119893031691696],[-90.163992006029559,42.118303018461532],[-90.162895011252374,42.116717991632306],[-90.162225008187605,42.114880022902618],[-90.161883984349558,42.113779946118612],[-90.161601996893666,42.111978984146283],[-90.161351992156838,42.110169980609562],[-90.161326019167021,42.109720976983198],[-90.161267992491233,42.108669989068026],[-90.161159033135476,42.106371994331319],[-90.161118990731694,42.104403976340429],[-90.161143002699234,42.104178944310753],[-90.161309968069517,42.102674018873664],[-90.161410998894581,42.100628004419981],[-90.161503985306283,42.098912027912085],[-90.161779003632191,42.09683600545803],[-90.162087994445528,42.095607026792365],[-90.162326005775,42.094523988770021],[-90.162401008813021,42.094184990991707],[-90.162515008615841,42.092509011885433],[-90.162523995361937,42.092366008529979],[-90.162614995598531,42.090995018724335],[-90.162901983077305,42.089757972574098],[-90.163187971629469,42.088600987445794],[-90.163405016280194,42.087612994684719],[-90.163581006125824,42.087085959676358],[-90.163717990223503,42.08667399000813],[-90.164139997184421,42.085663981502293],[-90.1644819453889,42.084870021289213],[-90.164814008531977,42.084036004723274],[-90.165319989107346,42.082688987794747],[-90.165730000864258,42.081751018992982],[-90.166512006776969,42.08056801528793],[-90.166924994652419,42.079476996254158],[-90.167555996460834,42.078316005115603],[-90.168074001884577,42.076887985468687],[-90.168327000706256,42.075897969986848],[-90.168357980905455,42.075779058725651],[-90.168211989400419,42.074656998091648],[-90.168053999996459,42.073082989340641],[-90.167733967091664,42.071484019533735],[-90.167289995423729,42.069704985796626],[-90.166873987412288,42.068578994680387],[-90.166481991368371,42.067332989513929],[-90.166203990635708,42.065805959443715],[-90.16589699138737,42.064234008682341],[-90.165856973238093,42.064027940996645],[-90.165554983894083,42.062637999184396],[-90.165525996158195,42.061517982487374],[-90.165764995634476,42.06004699294509],[-90.166116012331742,42.058842004495958],[-90.166366963892884,42.057297981062234],[-90.166808021426036,42.055932990147063],[-90.16685298480094,42.054909936063538],[-90.166704969391589,42.054758001499906],[-90.166495029516426,42.054542989862696],[-90.165889007161127,42.052770018232394],[-90.165293955032098,42.050973003565929],[-90.16488400256398,42.048171014241184],[-90.164536944742153,42.045006971340527],[-90.164483009892507,42.043144999897244],[-90.164485009542332,42.042104988713781],[-90.164336986048127,42.041514998516924],[-90.163983007605367,42.040954056500055],[-90.163446028864499,42.040407013027881],[-90.162681019975281,42.039922004693523],[-90.161629028997197,42.039248013371925],[-90.160072999601397,42.038510012246086],[-90.158829036850449,42.037769000230625],[-90.156662992986242,42.035411986078287],[-90.155529010077217,42.034583999162827],[-90.154383987771681,42.03330497971821],[-90.154220995649894,42.033073003176995],[-90.153955984556248,42.032695008196264],[-90.153334013511412,42.032065994413522],[-90.152488019702702,42.031393978235862],[-90.15157899560208,42.030632996994356],[-90.151278971771902,42.030073001185542],[-90.150916011074614,42.029440003213402],[-90.150291001927485,42.028045994733482],[-90.149733003507293,42.026564008327185],[-90.149388984686084,42.025140986680732],[-90.149187988437873,42.024057953990543],[-90.14911199096484,42.022679009488044],[-90.148643999244555,42.021488015982861],[-90.14860299474509,42.021377016416629],[-90.148095994581894,42.020014007922882],[-90.147193971052275,42.01847901016388],[-90.146025971638394,42.017271012801942],[-90.145414011419078,42.016746977086861],[-90.144682993881887,42.01619794595122],[-90.143776017041802,42.014880962691997],[-90.143016969372823,42.013227002192295],[-90.142305964503535,42.011838977709509],[-90.141665980440621,42.010187008601307],[-90.141166988758172,42.0089310024497],[-90.140965992509976,42.007855975960368],[-90.140638977898774,42.005732982408951],[-90.140270014658768,42.004430975491175],[-90.140125006808972,42.003612993370716],[-90.140060971302262,42.003251989809002],[-90.140285975924726,42.001916003479955],[-90.140403982213726,42.001015009747114],[-90.140536021085765,42.000025991158019],[-90.140612978857831,41.995999003378053],[-90.144241007490749,41.991031009244196],[-90.14603298568413,41.988138965773906],[-90.146399015924743,41.985374988863818],[-90.14622501854241,41.981328980067204],[-90.148599000835318,41.978269002904455],[-90.149598998223112,41.977527999401651],[-90.152107020834521,41.975669988708887],[-90.153833961001311,41.97411597986936],[-90.154380985602003,41.972879990206152],[-90.155063945966432,41.971336996744924],[-90.156314978458667,41.969112972359369],[-90.158592002888014,41.967116976531564],[-90.160458013040582,41.964015996710906],[-90.16214095911468,41.961293008302732],[-90.164135036687412,41.956178006659009],[-90.164938987544204,41.948860985788173],[-90.164192986108091,41.946177994938964],[-90.163846964043785,41.944933995957705],[-90.160648030079372,41.940845003583668],[-90.156901975394533,41.938180991154304],[-90.155104007234854,41.935761996718483],[-90.154947013164204,41.935551033936228],[-90.154309988151837,41.934527017240569],[-90.152658989762514,41.933057968522569],[-90.151600002704996,41.931001980075486],[-90.151980008036475,41.928917004330444],[-90.152023950925241,41.928674971825963],[-90.152137997440434,41.928052001968453],[-90.153361996032515,41.915592994441205],[-90.153381969174532,41.912086986097073],[-90.153477982908726,41.909482991642307],[-90.153584004773506,41.9066140024701],[-90.153985993676628,41.905607993154668],[-90.155697977792286,41.901322010670725],[-90.157018984553559,41.898018989053703],[-90.165065000517302,41.883776998366379],[-90.16632900558055,41.881798996073769],[-90.167864996257308,41.879395001246301],[-90.168645021384819,41.878324998024944],[-90.169286997911044,41.877445996288699],[-90.170041009624555,41.8764390037596],[-90.170490982936883,41.875028006440402],[-90.170893967173342,41.871025996731667],[-90.170983981958059,41.870132992717927],[-90.171189989907234,41.869526996600257],[-90.171901010047861,41.867963992549313],[-90.172100987606541,41.86754300348597],[-90.172261016186184,41.867208007091811],[-90.172764973755534,41.866149009948472],[-90.1732379654987,41.864612974201222],[-90.173328989091488,41.863671994460525],[-90.173225049521548,41.862467996553129],[-90.173045022647031,41.860889020642965],[-90.17286798806073,41.858417024073695],[-90.173005997136144,41.857401981231433],[-90.173913002722315,41.855585982877543],[-90.175050951693322,41.853628998105144],[-90.178508993023343,41.848541970073626],[-90.180047979581573,41.846277972953089],[-90.180168978158761,41.846132972992365],[-90.181400993316416,41.84464698952894],[-90.181788001015562,41.843537977571792],[-90.181900997400206,41.843216002261457],[-90.182016006909393,41.842268990445028],[-90.18202800480833,41.842169016687535],[-90.182275975759353,41.840895006497654],[-90.182608000274897,41.839233989244917],[-90.183250960456334,41.837904995820928],[-90.183312001878221,41.837704972270728],[-90.183736003099071,41.836332014068525],[-90.183765035750724,41.836239987598731],[-90.183870028146188,41.835170004356904],[-90.183973039756452,41.833070004608743],[-90.18364897072108,41.831381004460809],[-90.183186961780549,41.830047003147932],[-90.182809999042945,41.829380980049784],[-90.181888989619807,41.827754982591102],[-90.181812970587188,41.826077018504094],[-90.181904035502498,41.824604998558307],[-90.181720011124952,41.822599011992587],[-90.181392002977077,41.819367990727621],[-90.180642980506633,41.811978996497544],[-90.180771989361219,41.810932006137072],[-90.180855008964841,41.810255992477046],[-90.180954027563658,41.809353973203329],[-90.181972995573588,41.807069972260791],[-90.187969007549952,41.803163000446006],[-90.196164972995888,41.80065598276277],[-90.202002974907046,41.799438974465055],[-90.20358799563202,41.799108993627897],[-90.207573979549451,41.797977992886544],[-90.209516995983137,41.797426015638443],[-90.2102299987056,41.79722399715277],[-90.216888988022916,41.795334959052788],[-90.222263010089819,41.793132978941401],[-90.242379982275381,41.782964016230828],[-90.246655972010942,41.780801959636662],[-90.248630984638424,41.779805003909992],[-90.249623009478029,41.779403971548071],[-90.250127990228478,41.77919997702876],[-90.258621996922727,41.775294969308703],[-90.258862006105403,41.775052994610334],[-90.25984600539627,41.774418994235667],[-90.261623004182283,41.773100998182684],[-90.263285994182326,41.772112037341515],[-90.264696015903425,41.771474989009654],[-90.265853978440646,41.771182012252837],[-90.268658993068129,41.770569006299667],[-90.269693995107573,41.770285988051704],[-90.269757967732218,41.770257997499421],[-90.278632986769409,41.767357990041795],[-90.28041798505302,41.766161980017273],[-90.280584986355919,41.76605099145705],[-90.280642989675499,41.766011995195477],[-90.281894035642438,41.765173978894985],[-90.283552014839856,41.764385987913698],[-90.283829985029769,41.763879000736559],[-90.283940946730326,41.763680005010478],[-90.284550960300407,41.763081996981086],[-90.285356008898475,41.762341032351415],[-90.286352998726656,41.761562013043779],[-90.287697012240685,41.760544990087844],[-90.289206000458307,41.759715001131774],[-90.289732002684715,41.759507010532822],[-90.294382989644063,41.756053996712758],[-90.302781989615568,41.750031008149932],[-90.30366897444901,41.749232003422833],[-90.304493048466455,41.74858597765698],[-90.305226977443482,41.747845000475309],[-90.306015002068591,41.747085926707079],[-90.307156027769437,41.746029996372108],[-90.307909995465494,41.745232009547721],[-90.308821011131116,41.744318001986116],[-90.309826004050166,41.743320982617796],[-90.310708012216935,41.742213981037189],[-90.311379995168593,41.741239987517716],[-90.312041976277854,41.740273995298253],[-90.31239001416165,41.739806987461783],[-90.313397983199238,41.737761973346807],[-90.314352012895611,41.73602398593308],[-90.314695996682502,41.735469018580154],[-90.314963005629366,41.734833986216564],[-90.315219984886056,41.734264014663111],[-90.315425979360469,41.733437011570913],[-90.315537983106736,41.73212100139942],[-90.315982987837245,41.729353992987427],[-90.316128973952374,41.72876999999108],[-90.316580998118511,41.726962010515521],[-90.317047994505472,41.725356019892459],[-90.3172429971941,41.724537022733173],[-90.317426025339984,41.723694988540792],[-90.317668003629734,41.7226900062048],[-90.317538004831704,41.722064043228755],[-90.317554981193965,41.721079996451728],[-90.31760900407852,41.720223993240275],[-90.31754199694484,41.719563995850244],[-90.317474029512113,41.718877966811398],[-90.317420970519876,41.718332987658897],[-90.316996978282191,41.717294003744158],[-90.316543020043241,41.716037952660884],[-90.316105986064258,41.714949971354912],[-90.315490973369606,41.713696993970331],[-90.314895982326007,41.712396000935584],[-90.314277995309439,41.711352992681142],[-90.313768967648642,41.710338980722035],[-90.313319979788176,41.7094939827915],[-90.313165980700703,41.708803959323156],[-90.31289300604206,41.707528012832057],[-90.312721999151307,41.706080003979636],[-90.312666993509836,41.704580996407714],[-90.312782983081021,41.703660016809096],[-90.312770047340905,41.702426011862187],[-90.312860999068491,41.70141699734414],[-90.31292401588567,41.700495967731797],[-90.313052047373233,41.699630984428936],[-90.313269985847668,41.698835999513229],[-90.313435017145139,41.698081976051164],[-90.313823975985073,41.697009990013839],[-90.314191007847228,41.69591300972678],[-90.314686974003791,41.694829984220092],[-90.31535098800056,41.693921016143136],[-90.315981007950356,41.692988979515157],[-90.316632008053602,41.692322003240328],[-90.317314997164118,41.691669980978808],[-90.318346019666848,41.690834993742271],[-90.319308992091848,41.690218018759353],[-90.319923990413457,41.689721007408501],[-90.321004999670166,41.689093001343288],[-90.322257985998149,41.688485991031214],[-90.323233968723414,41.687932987213983],[-90.32391202248975,41.687532002034899],[-90.324972971467858,41.686860992359833],[-90.326957006774023,41.685639998537042],[-90.328071033609021,41.685128988969574],[-90.328970990115153,41.684717016153016],[-90.33022198487815,41.68395399968373],[-90.331443003758409,41.683053999387894],[-90.332480954966911,41.682145994711441],[-90.333273993089634,41.681321998849064],[-90.333529970724797,41.681026010233225],[-90.333624996312167,41.680916996622749],[-90.333936000250048,41.680458023043421],[-90.333990998705019,41.68037600164611],[-90.3345249815644,41.679558952065513],[-90.334831003445714,41.678056001119415],[-90.33509001020002,41.676278965844162],[-90.3353490340223,41.674576993909035],[-90.335502010826985,41.672967010498908],[-90.335729014200965,41.670431977737231],[-90.336428988656877,41.666132002556395],[-90.336695986823926,41.664706045711149],[-90.336729003503876,41.664531976900562],[-90.337073976335915,41.663491996146696],[-90.337286984856092,41.662614010566031],[-90.33765298724893,41.661423977139115],[-90.338019995754891,41.660538987657873],[-90.338508031584126,41.659471035115594],[-90.338843994313862,41.658631996461452],[-90.339332001397025,41.6576859946395],[-90.339758984126291,41.65686198900277],[-90.339858975600563,41.656599002719702],[-90.340228983581255,41.655631972531367],[-90.341192995357048,41.653169017168374],[-90.341742953855473,41.652101002822171],[-90.342231002261116,41.650963997461851],[-90.342506027773538,41.650055992512335],[-90.342871996928722,41.649224990197609],[-90.343161985678847,41.648140989586231],[-90.34345197981888,41.646958987627336],[-90.343513034715471,41.64569200583982],[-90.343498031053599,41.644532989733257],[-90.343329017524454,41.643232009505411],[-90.343330014654427,41.640855028316771],[-90.342811002219236,41.638070993166799],[-90.342506034960067,41.634317007475474],[-90.342276999596919,41.630907007986757],[-90.341970997478526,41.627488992697501],[-90.342015994091128,41.625124027476666],[-90.341940007397866,41.623475980537677],[-90.341650020444376,41.621483998764504],[-90.341283996491967,41.619447006886567],[-90.341130991839506,41.617882995147454],[-90.34091797792945,41.616472006373577],[-90.341028003585436,41.614331976476194],[-90.340743986835335,41.611398957294135],[-90.340727996823276,41.611232008920176],[-90.339851990300929,41.602037983776292],[-90.339527966181308,41.598632992898523],[-90.33989100413369,41.597181025896731],[-90.341072012051214,41.592457990062655],[-90.341528038211948,41.590633008528464],[-90.343227978614564,41.587833006276405],[-90.351927986071459,41.584433004851704],[-90.354028002863984,41.583632981816464],[-90.356138011617389,41.58279701366164],[-90.363685961163469,41.579808002547786],[-90.364128035589502,41.579633000184501],[-90.365297034828288,41.579428998378326],[-90.37099800592938,41.578435000207989],[-90.378780018709236,41.577077986400639],[-90.381329043125149,41.576633003235024],[-90.397930001203832,41.572233005322687],[-90.405730009035452,41.568333011246963],[-90.412829984919014,41.565333021088477],[-90.412983990294677,41.565206001189893],[-90.414530011559904,41.563932993738334],[-90.415829998641854,41.562933004888542],[-90.416038977319658,41.562675995943252],[-90.418829968347268,41.559232969863949],[-90.42005300035207,41.557435014915164],[-90.422229991984651,41.554232981123334],[-90.423417998676541,41.553561019943963],[-90.424530010590331,41.552933000690238],[-90.427230980544991,41.551533024016969],[-90.427363995885742,41.551485008306159],[-90.429667005881313,41.550646995167476],[-90.432217554738259,41.549719697610946],[-90.432730992228798,41.549533019535851],[-90.433900002247384,41.54842600245923],[-90.435651964088109,41.546764991525322],[-90.438430994047707,41.544133001999612],[-90.440516958494229,41.541637985366023],[-90.443530997613593,41.538032989894724],[-90.445230980237042,41.536132988854099],[-90.447731014130639,41.534133000896894],[-90.449112989550244,41.533063986880343],[-90.45092101973944,41.531665011664579],[-90.451978009842094,41.530848022877045],[-90.461432009249563,41.523532991701643],[-90.474331974833021,41.519732992678428],[-90.477709985254378,41.519407988713603],[-90.48003399336973,41.519185005034473],[-90.489932964270039,41.518232998686685],[-90.49001400847834,41.518230999692946],[-90.499474979710726,41.518055009307616],[-90.500633004231688,41.518032974575185],[-90.502124979256152,41.518131974766533],[-90.50363298831013,41.518232989942774],[-90.505332995188098,41.518533000400815],[-90.50763399744902,41.518832974492859],[-90.51313400823453,41.519533022974962],[-90.516433985600415,41.520433022008831],[-90.528233958728563,41.523633015847849],[-90.533035015544314,41.524932977391344],[-90.537235004213585,41.525632996202887],[-90.540934967239508,41.526132982809507],[-90.545535004450869,41.525732003598677],[-90.554934987262001,41.52443196260689],[-90.556234980632169,41.524231992627627],[-90.557734970425585,41.523331998676852],[-90.557956969285115,41.523196998403684],[-90.563835990967107,41.519631987242008],[-90.566335995216278,41.517931993389951],[-90.567235990349999,41.517532001878394],[-90.571136014477887,41.516332003767211],[-90.572035986255401,41.516231984479042],[-90.572575017646685,41.516177009756809],[-90.575935972654051,41.515832018110721],[-90.576351986055386,41.51578697853126],[-90.580536026035105,41.515332023883474],[-90.582036000557181,41.515131986770555],[-90.582936051386426,41.51483198341726],[-90.585419994656633,41.514380016690097],[-90.586236029650635,41.514231993391341],[-90.591036989448341,41.512831957815287],[-90.591225980611085,41.512737991149088],[-90.59141740351329,41.512642128098214],[-90.591837023650484,41.512432010797234],[-90.594636985254496,41.511331991562201],[-90.595237017643484,41.511031992795452],[-90.59647384597443,41.510135827213119],[-90.602136995307106,41.506031970131112],[-90.603437014728399,41.500331969388043],[-90.604237039947378,41.497032014604542],[-90.604736995522131,41.496131997020342],[-90.605937000112959,41.494232002934922],[-90.608606011603072,41.492283020061784],[-90.618536998460101,41.485031995472923],[-90.620736993252166,41.484131983435638],[-90.630738008277177,41.479731997984921],[-90.632538004832782,41.478732000681006],[-90.640237995138989,41.473331981899399],[-90.650238012135716,41.465032022973283],[-90.655839003440633,41.462131984329858],[-90.66623901597886,41.460631990334328],[-90.668938993295129,41.460632029380349],[-90.676439002449399,41.46083196622584],[-90.681435013444755,41.459352004134004],[-90.68724002113386,41.457632020786299],[-90.690951000200101,41.456642994474507],[-90.701158979880063,41.454742956057117],[-90.707857971176963,41.453742988002801],[-90.711244998887125,41.453400010167243],[-90.714801979764232,41.453049013030054],[-90.718310936706246,41.452766983719528],[-90.720951016155993,41.452416022208041],[-90.72354502281145,41.452248015316549],[-90.726092966554091,41.451836014496578],[-90.728382001458797,41.45157699335121],[-90.730655980599337,41.451271995273011],[-90.73263904033513,41.45099701045676],[-90.733441019389858,41.450931010156893],[-90.735644984735472,41.450447988718516],[-90.737536992132377,41.450126949634623],[-90.745945990352979,41.449729991462128],[-90.750141986909128,41.449632022601946],[-90.751705925971009,41.449677966670066],[-90.752399958071308,41.44971996033459],[-90.75435002538164,41.449839996429915],[-90.758375031216715,41.450105984583345],[-90.76041999924864,41.450317000272491],[-90.762079004322075,41.450405003734701],[-90.76347093217673,41.450558977523976],[-90.764510003584405,41.450583009362823],[-90.765483999236253,41.450671995497629],[-90.76622298662663,41.450704002655115],[-90.767121989121947,41.450737001582311],[-90.768020964667798,41.450768974368906],[-90.769220004468011,41.450727996734891],[-90.770718996233157,41.450745005216724],[-90.771672003646728,41.45076098757017],[-90.772486006651533,41.450808977698642],[-90.773416971204654,41.450881996689908],[-90.775590995701847,41.451067000030555],[-90.777583015234285,41.451260988092393],[-90.778299991205273,41.451397984535703],[-90.779317009871022,41.451608011656482],[-90.781607979746852,41.451994994218218],[-90.78310700205472,41.452213022186122],[-90.78484100118304,41.452575984186097],[-90.786029981648682,41.452848998328186],[-90.786281996815134,41.45288799448366],[-90.788202975778262,41.453147004334774],[-90.789006008556825,41.45324400711074],[-90.79051598222631,41.453428995635882],[-90.79144707164528,41.45350198340023],[-90.793127989323438,41.453630998764751],[-90.79506600393762,41.453808001782555],[-90.797249995242893,41.453927976451531],[-90.798930984786296,41.454025002297513],[-90.803964017151131,41.454266000243933],[-90.805634013112098,41.454361973933011],[-90.806769044355036,41.454434020087255],[-90.807282990292023,41.454465975566471],[-90.808449990779295,41.454490006631232],[-90.809574004185293,41.454538010832849],[-90.810034974673343,41.454570001270916],[-90.810794951200336,41.454569972320265],[-90.811318985217952,41.454561983969704],[-90.811972982999293,41.454594014792121],[-90.813150942933063,41.454504993641066],[-90.814210983714403,41.454448009321794],[-90.815336007725094,41.454383013015303],[-90.816769987514832,41.454325964627991],[-90.818054996087724,41.45434898920238],[-90.819221992981738,41.454372998765798],[-90.820688977773329,41.45439597013501],[-90.822552016298943,41.454395991679675],[-90.823097992565692,41.454411027860047],[-90.823750968064246,41.454426980359635],[-90.824735983349697,41.454466969314787],[-90.825635995551409,41.454579998658275],[-90.827253014266788,41.454804997031097],[-90.828515997047234,41.455063024340028],[-90.829029983408404,41.455127020167566],[-90.830068985645795,41.455183025638057],[-90.831214989809936,41.455271023172315],[-90.832274998251947,41.45537499978407],[-90.833816989674801,41.455511988212365],[-90.83535902242015,41.455574979766752],[-90.837413970734858,41.455623006056214],[-90.839512979617638,41.455620960694731],[-90.840754970566522,41.455620972140125],[-90.841546998084539,41.455564029196836],[-90.843302967309754,41.455458023679746],[-90.84474899889733,41.455295002770889],[-90.84655799028387,41.455141022044678],[-90.84745797284117,41.455018978654749],[-90.849427031434928,41.454548999952394],[-90.851634007035059,41.454232990992963],[-90.852885967486984,41.454030015508806],[-90.853603981012114,41.453909004855298],[-90.853913981531818,41.453804022035946],[-90.854941991085084,41.453440001775341],[-90.856397994870633,41.453107992176186],[-90.857553964046232,41.452750989067788],[-90.858485007651083,41.452290999752492],[-90.859501975112877,41.451885993425392],[-90.860626008281812,41.451392991993409],[-90.862711958355291,41.450284995617373],[-90.86408197450352,41.449678995504406],[-90.865238010154457,41.44907300319732],[-90.866500916578104,41.448586960150216],[-90.867282006209223,41.448214975348606],[-90.867860032568672,41.447883994804087],[-90.868352020985171,41.44761702860108],[-90.869240022711523,41.447204000470734],[-90.86981801942656,41.446760006337492],[-90.870577969902428,41.446444986300129],[-90.871349991040745,41.445982489796712],[-90.872182980837394,41.445554957109287],[-90.872749930969391,41.445256004488563],[-90.873519993780405,41.444747008571817],[-90.874097964444317,41.444447991624855],[-90.875144976060781,41.4438190063279],[-90.876117014283651,41.443349007088678],[-90.876958004476222,41.44287099310651],[-90.877812005867384,41.44233601229422],[-90.878806014187134,41.441752984488502],[-90.878902005463459,41.441696991666028],[-90.879777985036355,41.441065003903383],[-90.880996007136829,41.440468013510753],[-90.881394998361856,41.440236987474343],[-90.882839944784564,41.439544000730599],[-90.883971964874675,41.438946012461606],[-90.884759020217601,41.438531991039547],[-90.88586997930588,41.437941990578366],[-90.887615987112923,41.437113976731084],[-90.889611997860143,41.436030034369253],[-90.890470999274172,41.435592994102649],[-90.890787005031569,41.435431976682636],[-90.891536987801018,41.435164990228493],[-90.8921430218344,41.434948975230306],[-90.893974015657207,41.434137997322225],[-90.895623004515244,41.433365980129004],[-90.89658302597455,41.432823001326035],[-90.898337970222016,41.432075994543304],[-90.899587995702802,41.431551999927045],[-90.900470976745041,41.431154014835023],[-90.901159981873008,41.430900968727116],[-90.902009969591475,41.430599994047789],[-90.902667019848153,41.430313005676297],[-90.903149990975834,41.430211988097064],[-90.904009990418132,41.430047989106264],[-90.90527904491158,41.429684994704616],[-90.906804007869908,41.42933198742756],[-90.907911003591167,41.429081986003013],[-90.909350037302687,41.428801010326218],[-90.910209980151123,41.428524006648416],[-90.911263004191795,41.428215987133889],[-90.912177976936221,41.427891000859134],[-90.913209956144726,41.427600009728792],[-90.914661984885143,41.427107985657265],[-90.916490007979306,41.426531014451072],[-90.91782399090485,41.426047000409966],[-90.918716026066818,41.425777982939728],[-90.919350964292803,41.425588965761655],[-90.919802999238712,41.425350035595038],[-90.920320966933218,41.425102989980907],[-90.920967980313222,41.424679004901954],[-90.921809985602081,41.424184003676011],[-90.922671993677369,41.423704996450439],[-90.923415003723605,41.423410993110394],[-90.924342993056484,41.42285998190232],[-90.924966991598936,41.4226299803871],[-90.925795046949744,41.422337006836536],[-90.927040991384175,41.422070994451033],[-90.92827597098227,41.421771989565251],[-90.929253980306825,41.42154398684751],[-90.93001598522973,41.421403972231516],[-90.930691008978613,41.421367955413892],[-90.931386017547638,41.421438014666769],[-90.932124007808071,41.421556023633755],[-90.932817000557577,41.421827002633712],[-90.933802012249785,41.421882008245895],[-90.934817053723592,41.42209100530139],[-90.936077970378889,41.422422998467702],[-90.937060985116204,41.422582998682891],[-90.938045026627876,41.422767002248847],[-90.938867003977478,41.422926988144489],[-90.939667981410679,41.423142022648207],[-90.940706001789451,41.423229980111763],[-90.941659016389536,41.423340967645025],[-90.942481994462355,41.423435972645024],[-90.943756048978685,41.423509019743626],[-90.944922007420232,41.42363799842056],[-90.945960054748483,41.423790025731449],[-90.946793992267757,41.423933014482792],[-90.94768195985813,41.424044005529566],[-90.948463989127035,41.424056982179536],[-90.949031993881192,41.42405299993456],[-90.949791000227677,41.424162987807208],[-90.950282007683882,41.424359988408156],[-90.951178979088326,41.424560008751058],[-90.952140009355688,41.424840998739825],[-90.953197964248957,41.425075010305719],[-90.954019955971603,41.425338993706482],[-90.95473503470069,41.425609989925356],[-90.955127973975635,41.425878986537427],[-90.955543026179612,41.426124034098763],[-90.956289996897937,41.426428014082298],[-90.956736016724705,41.426746001321213],[-90.957247017984187,41.427016004234567],[-90.957833017790108,41.427327000483658],[-90.958352975252964,41.427709984184169],[-90.958864056462502,41.428029005098892],[-90.959461004935093,41.42827502455085],[-90.960079992674892,41.428489035747539],[-90.960677975108382,41.428695027761918],[-90.961348977998071,41.429006986532983],[-90.962094983027455,41.429327003290375],[-90.962533013238087,41.429451013897733],[-90.963025019620886,41.429510014494504],[-90.963644983829369,41.429651975641811],[-90.964319016736511,41.429745019524482],[-90.965013971406606,41.429846994911685],[-90.965838027457764,41.42992502966608],[-90.966661998168959,41.430051038152065],[-90.967355987150157,41.430224974964212],[-90.967879000681606,41.430406976049831],[-90.96831699226469,41.430539000150347],[-90.968892014657825,41.430809008842481],[-90.969553989478896,41.431031004282026],[-90.970172985303535,41.431238005907993],[-90.970556967476782,41.431394007995429],[-90.971110022467968,41.431784964922407],[-90.971875016984143,41.432404021600796],[-90.972511992589176,41.432908994560528],[-90.972689009209162,41.43302197727489],[-90.972751999076891,41.433061993566696],[-90.973085928919147,41.433275982248396],[-90.973170000449954,41.433309999601768],[-90.973609025993923,41.433490008613589],[-90.974185032940625,41.4337119706395],[-90.974857998649199,41.433901996620939],[-90.975168006355432,41.433985012301441],[-90.975766978732381,41.434029029163931],[-90.976730038293965,41.434123994953097],[-90.977940006997912,41.434228996147759],[-90.979814983235357,41.434320978126898],[-90.980328982172935,41.434291996244241],[-90.98176600545483,41.434220960842865],[-90.982912986986008,41.434170965612694],[-90.983931963080778,41.434024002284445],[-90.984897983489546,41.433868999907574],[-90.985886016216057,41.433689014845278],[-90.986788982976705,41.433403981800822],[-90.987584954997146,41.43305399111847],[-90.988436001829314,41.432711994305478],[-90.98931893256588,41.432273006157423],[-90.989975996297289,41.431962016089464],[-90.990880005103676,41.431555023982348],[-90.991858999880108,41.431174004027874],[-90.992891933099429,41.43075200707851],[-90.993968975395859,41.430281992681962],[-90.99502200482641,41.42991701268712],[-90.996204987240901,41.429496006412393],[-90.997161990360866,41.429178970874325],[-90.998247996047198,41.428853968540203],[-90.999257019706917,41.428617995776371],[-91.000147981382113,41.42841397093251],[-91.003367984433211,41.427337001395195],[-91.005196991182615,41.426449008337549],[-91.005846017687176,41.426135016580083],[-91.00907901307221,41.425591018132032],[-91.009578006551294,41.425492960963233],[-91.011979949805749,41.425023999687589],[-91.014618998887869,41.42480600901574],[-91.019426006144073,41.424477986676543],[-91.021233970756242,41.424317997192766],[-91.024136009722625,41.42406201319875],[-91.027786993006004,41.423602989187692],[-91.030617972538479,41.422463997343705],[-91.033106989493419,41.421439004879211],[-91.033295957299956,41.42136703525631],[-91.034724951439841,41.420832009901744],[-91.034991024342176,41.420732999782146],[-91.036378016852638,41.420268991657039],[-91.037130995503574,41.420016969478915],[-91.039872014150205,41.418522987425369],[-91.042108970124659,41.417022961286847],[-91.043988002255574,41.415896952903168],[-91.045063007172942,41.414872019148405],[-91.045889975562247,41.414084999511928],[-91.046580995611407,41.413026004487008],[-91.047034004331081,41.412333993830956],[-91.047641992200226,41.411310019824754],[-91.047818993548859,41.410900001257311],[-91.048369010437753,41.40953998576844],[-91.048627994734161,41.407971998206818],[-91.049102987923789,41.40569197947277],[-91.049309984918082,41.404860016271826],[-91.049734957217751,41.403153013335242],[-91.050066977241698,41.401496012262612],[-91.050328022273376,41.400048967488445],[-91.050636987933885,41.39732699013544],[-91.050749004256559,41.395970015454722],[-91.050843003967884,41.394103993473315],[-91.050873005901735,41.392134009317495],[-91.050872990630396,41.391895999314087],[-91.050874992975153,41.391106006318353],[-91.050875982020273,41.39060000067493],[-91.05095497627309,41.389186975502966],[-91.051010011558972,41.387556008149133],[-91.051105996547093,41.386650973009743],[-91.051580045607352,41.385282993663537],[-91.051835000061416,41.384703995607886],[-91.051932997275742,41.384482000210419],[-91.05251198842582,41.383742984464618],[-91.053534991668002,41.382590027074208],[-91.054650977728627,41.381178005352602],[-91.055597986192723,41.38002600343961],[-91.056813010615102,41.378927997188214],[-91.057675992464141,41.377848995214585],[-91.058509986577292,41.37703599593037],[-91.059606994829196,41.375866984903965],[-91.059971001165479,41.375028002796597],[-91.062285021811519,41.372535006434127],[-91.063746029213192,41.370729025551825],[-91.06445295483276,41.369851013412749],[-91.06505799532944,41.369100971422704],[-91.065656015492181,41.367995998613139],[-91.066231998184364,41.366367021899975],[-91.066519998064464,41.36524596892081],[-91.066913023577669,41.363416999243881],[-91.067104997147155,41.36215099175466],[-91.067585022699006,41.359320000345953],[-91.068374976007021,41.355853004242753],[-91.06896099916915,41.353877002200235],[-91.069760992048785,41.350303998209128],[-91.070495990021001,41.34627199869513],[-91.071135986660323,41.342191973860658],[-91.071551975807154,41.339650995467345],[-91.071678979622021,41.338579008862396],[-91.071850007174021,41.33637704425702],[-91.071967005553248,41.334997986526936],[-91.071998989170623,41.334118995209394],[-91.072040940494389,41.333603009834739],[-91.072073003163524,41.333360965138368],[-91.072040952172514,41.33154600833663],[-91.072115994736393,41.329570013299374],[-91.072318006080849,41.326464980251032],[-91.072668995828664,41.322997001621431],[-91.072785969953387,41.321417008461495],[-91.072871992624997,41.31994100040324],[-91.073009980140853,41.317093990117627],[-91.073147991012888,41.314923994099068],[-91.073233001283157,41.313440018838747],[-91.073552963221061,41.310480981136564],[-91.073794992714809,41.309308010149273],[-91.07414898014072,41.307594010040184],[-91.074840983845107,41.305577984809275],[-91.075545055517026,41.304433011209795],[-91.075991983540561,41.303714997600665],[-91.077504989024135,41.301827956694133],[-91.079688963261418,41.300078998697479],[-91.08155300969679,41.298699979904292],[-91.08403602051574,41.296716999142383],[-91.086378989371781,41.294853970720382],[-91.086879995077098,41.294370975513509],[-91.087753014701136,41.293129005549801],[-91.089211997300168,41.291209000941933],[-91.090702989567717,41.289096996012198],[-91.092033996374738,41.286911014835184],[-91.093502994290873,41.28400000782392],[-91.094161992095081,41.28260502165211],[-91.09465198894658,41.281411010437353],[-91.09536499616064,41.279660993293668],[-91.098035029933527,41.27359699388969],[-91.098939972089511,41.271523987061308],[-91.100099021588207,41.269039982845953],[-91.101141969226347,41.267168992703283],[-91.103152978245546,41.264007998493135],[-91.1044619933961,41.262103960576681],[-91.10732498708866,41.258942988596608],[-91.109367999488185,41.257055992507603],[-91.110303992810273,41.256087997161693],[-91.112783016906008,41.252531024487219],[-91.114185976072335,41.250029000374596],[-91.114153005206461,41.245743986073848],[-91.114135044290663,41.245040001912756],[-91.113928029330069,41.243099013865375],[-91.113647997506547,41.241400988066559],[-91.113048963145857,41.239969037889608],[-91.112332991491371,41.239002956374726],[-91.110723990239904,41.237556029443162],[-91.110401974753259,41.237282008444659],[-91.109561966419307,41.236567007135903],[-91.108762931143744,41.235964998096506],[-91.10779399031199,41.235434990683821],[-91.106197004027422,41.234558993523962],[-91.105813998322887,41.234269979602303],[-91.104407995664374,41.23327300687636],[-91.102980004942665,41.232148024201358],[-91.10082902582576,41.230532003554409],[-91.098922013868673,41.228964989992015],[-91.097461983834023,41.227500963158469],[-91.095660992843392,41.225513979473874],[-91.093976989452202,41.223713003216524],[-91.093018033394841,41.222635027423109],[-91.090174996674634,41.220431999595249],[-91.087066004731412,41.218222005913091],[-91.083488986931897,41.215850978015489],[-91.081444995368713,41.214428982263776],[-91.072980002461492,41.207151022928109],[-91.065898985522011,41.199517011772365],[-91.063757984891311,41.196620000727634],[-91.060342968371813,41.192335985532516],[-91.057985992983859,41.189379001704545],[-91.057871000542647,41.189235987767951],[-91.055069040187121,41.185765989302929],[-91.049807999233494,41.178032982898593],[-91.046378995046723,41.172930005140465],[-91.043876964198247,41.169098986290663],[-91.041855004715728,41.166459995468507],[-91.041535959957741,41.166137980345653],[-91.041174984537221,41.166017013020934],[-91.038571993830615,41.165528976393333],[-91.036902997694568,41.165120011950719],[-91.034406027954418,41.164412981602013],[-91.032175013437282,41.163988994128943],[-91.03002900380055,41.163540026110361],[-91.027214004398672,41.163373020711184],[-91.025429007013372,41.163455009266123],[-91.024069985345889,41.163616975483741],[-91.022350002630944,41.164029994796721],[-91.020182972416549,41.164642995915464],[-91.019035987292128,41.164909983036218],[-91.017825994333634,41.165161010558293],[-91.016540986659066,41.165315004818723],[-91.015063982957116,41.165516995063989],[-91.014437959612025,41.165617994010717],[-91.012556991611646,41.165922011742111],[-91.00959301021318,41.166238011291519],[-91.009420968463203,41.166232997541428],[-91.007586004086875,41.166183004738315],[-91.006481035863217,41.165909999376801],[-91.005503009470658,41.16562198192031],[-91.003451998471846,41.164729999452049],[-91.00311199332333,41.164603996041556],[-91.001721006004786,41.164087016432575],[-91.000143960522919,41.163397993843191],[-90.997905980469071,41.162563998890207],[-90.994959960884685,41.160624001421418],[-90.992545014516494,41.158469007085863],[-90.99217296825843,41.158136997678199],[-90.989662940607303,41.155715997168024],[-90.987856937915694,41.153261990812297],[-90.986045033292697,41.150588980438364],[-90.984961992046806,41.148287017770805],[-90.983897948372544,41.146563987141413],[-90.983247991213346,41.145510039150487],[-90.981311000678602,41.142659004478219],[-90.979064993279351,41.139763999445599],[-90.976419993756807,41.137124002678945],[-90.973325960559677,41.133285000323347],[-90.97085103817156,41.130106950260164],[-90.970384997592049,41.129312004663859],[-90.969349960518315,41.127397006756325],[-90.969004003132724,41.12639200524778],[-90.968856999226361,41.125663981613258],[-90.968558018340246,41.125033995410924],[-90.965904999557139,41.119558981125351],[-90.960812004647096,41.114784991449895],[-90.96070500990686,41.114674008073727],[-90.957245946294051,41.111084970687116],[-90.952331030710965,41.104688977930969],[-90.950563029450848,41.102339001369998],[-90.949760029909939,41.101270970222899],[-90.948952997831739,41.100073992460288],[-90.948260986042499,41.099046014667358],[-90.947725994375048,41.098250988677698],[-90.94662695054069,41.09663198825929],[-90.946258959277813,41.094733971722661],[-90.94672899915696,41.092772029032865],[-90.947470948292832,41.090510025963027],[-90.948019023024088,41.087394964773253],[-90.948150972962921,41.085565006175464],[-90.948166998907581,41.085204995711997],[-90.948207010768655,41.084413013011286],[-90.948390982145582,41.081075993660328],[-90.94871098450767,41.078366012819508],[-90.949321983529629,41.074484994258839],[-90.949392003612758,41.072783995810354],[-90.949382996205415,41.072710996416049],[-90.949135966688814,41.070611013349037],[-90.948989001409998,41.070249972153157],[-90.947139001930736,41.065713004493034],[-90.946023971677576,41.063644004397439],[-90.945548991064371,41.061730030083424],[-90.945612963689001,41.060336002798657],[-90.945933025339897,41.05759402199152],[-90.94599898324131,41.056335984819803],[-90.944576973502762,41.052255019447117],[-90.943652021373836,41.048637011542866],[-90.943950006926613,41.045153990283829],[-90.943738994463018,41.043100989556592],[-90.942970011426979,41.040746977008652],[-90.942319993182338,41.038471994210546],[-90.942253030066126,41.03470200504141],[-90.943232019452637,41.029581016382203],[-90.943826009773005,41.026472999869227],[-90.943946958942874,41.025842001339583],[-90.945324022374507,41.019278998889689],[-90.945427023204985,41.015547988080115],[-90.945053981613583,41.011917018551493],[-90.945948975826084,41.006494992055558],[-90.947859008817474,41.001499014781992],[-90.948452989256367,41.000035988198277],[-90.94876299875925,40.998779023089533],[-90.949633965732843,40.995247997305775],[-90.95181099419635,40.991406992416422],[-90.955201001618335,40.98680498826387],[-90.955459987711393,40.986184987769143],[-90.95814198075567,40.979766987313567],[-90.958088984645471,40.976642973752867],[-90.956826972045533,40.973561990982247],[-90.955110990426874,40.9698579992953],[-90.952715006596009,40.962087010046332],[-90.951966966882509,40.958237995296109],[-90.952233047869683,40.954046971314746],[-90.953541993849939,40.95061998621496],[-90.953586995852419,40.950501998658993],[-90.95389099652435,40.949910037196879],[-90.957214992145978,40.943431038104933],[-90.95724903919357,40.943359981804761],[-90.959946975537505,40.937735987182108],[-90.960461972503381,40.936355989056125],[-90.961112010510959,40.933536987278202],[-90.961892005095748,40.928472993503789],[-90.962559955510073,40.925830978432913],[-90.962916006366214,40.924956995766465],[-90.965344007950435,40.921632997552955],[-90.968995002013585,40.919127023408087],[-90.973985002381369,40.91739200973052],[-90.979189997444408,40.915522009721464],[-90.985462020385086,40.912141009555874],[-90.992921959287813,40.909681000000234],[-90.995568993494487,40.909135994157126],[-90.998499967196182,40.908119980558105],[-91.000141989619181,40.90732997624724],[-91.001683993618457,40.906384996416691],[-91.003535989154273,40.905145968937582],[-91.005021951754543,40.904119013141745],[-91.00751902210601,40.902091983830218],[-91.009535975277473,40.900565008328016],[-91.011798008621369,40.898436982069803],[-91.011940994363442,40.898301995949296],[-91.012135008905247,40.898121013160164],[-91.013239986112069,40.896621990583149],[-91.01389897133987,40.895618986616626],[-91.015008013423341,40.893933005315681],[-91.016130003823307,40.892161004073316],[-91.017399992564663,40.890224037339046],[-91.017579992489715,40.88995000289696],[-91.018074979482634,40.889127959992592],[-91.019541027331357,40.886674997449411],[-91.020013033622689,40.88596499154751],[-91.020349935091886,40.885566979032092],[-91.02094999443031,40.884834008000752],[-91.021561972615942,40.884020975101983],[-91.022337007602033,40.883467985455198],[-91.023192013309682,40.882774974015618],[-91.024518007517415,40.88169898236351],[-91.02632097749661,40.880236984334054],[-91.026853003825337,40.879639979892474],[-91.027488956249258,40.879173003298305],[-91.027899017413503,40.878949992290742],[-91.028153992528814,40.878811992141358],[-91.029075007341845,40.878373001589843],[-91.030370987039305,40.877771001633015],[-91.031065969557176,40.877466002017101],[-91.032458995153121,40.87680800060501],[-91.034552014069561,40.87603899192036],[-91.036789006874912,40.875037991506119],[-91.0390969899439,40.873564991004891],[-91.041998034475256,40.871096999031714],[-91.044653016077277,40.868355969142179],[-91.047343997664271,40.864654010741297],[-91.0502409898954,40.858513978293587],[-91.051655978401698,40.856037996293729],[-91.052777971496624,40.854014992280533],[-91.054268999696774,40.851746998045058],[-91.056429987842577,40.848387009648647],[-91.058749016596281,40.846309006781169],[-91.062225962971482,40.84464502610836],[-91.067159001167084,40.841997001628314],[-91.071451011457441,40.838681998618746],[-91.077521028443527,40.83340500192309],[-91.078285016846593,40.832837969383696],[-91.081306985394988,40.830599975830033],[-91.085009959573739,40.828134994259365],[-91.090071968894691,40.824637992006082],[-91.091569003230831,40.822813028388971],[-91.092993006331028,40.821078971064615],[-91.093558951248212,40.819861985235896],[-91.095299994965004,40.816118977437519],[-91.09655204524843,40.812471006682451],[-91.096845970416155,40.811617029072885],[-91.097456021715473,40.8088649624233],[-91.097552993053768,40.808432971951461],[-91.097649004093014,40.805574992145651],[-91.097318978328985,40.804127022103103],[-91.097031015279825,40.802470974991472],[-91.095523987186155,40.799347980682512],[-91.0947280439118,40.79783303277069],[-91.094331020895581,40.797078004570928],[-91.093127984490664,40.794840982674174],[-91.092256014997204,40.79290899004171],[-91.091916986317415,40.791397016204641],[-91.091664009055307,40.790264977758241],[-91.091606980407789,40.789789008387146],[-91.091246003190648,40.786724019056059],[-91.091261989609436,40.783059992611193],[-91.09133193333578,40.78252899044039],[-91.091627990205666,40.780274972764687],[-91.091702961802639,40.779707990122063],[-91.092475989952419,40.776838012560972],[-91.093425994297974,40.774305988900409],[-91.093535975038208,40.774016009990625],[-91.094772980337268,40.770926001994113],[-91.096133038660582,40.76713400674965],[-91.098104994321119,40.763233015413952],[-91.10048501508939,40.760017003566148],[-91.102485966570683,40.757075975833047],[-91.105226986115653,40.754106994105896],[-91.105473040061867,40.75383799103404],[-91.106130001385338,40.75311700895552],[-91.107317936211999,40.751980982933205],[-91.10820000995578,40.750934987039059],[-91.108565997077264,40.750375995230662],[-91.108764970319442,40.75004001004659],[-91.110423967308051,40.745527978133346],[-91.114249005465936,40.730863996894939],[-91.115734995913968,40.72516798000656],[-91.115690012776128,40.723937971645952],[-91.115157990938997,40.721894992941877],[-91.114472986907288,40.72062400741963],[-91.113884975773445,40.719531992418574],[-91.111095000740448,40.708281985387835],[-91.110927016680634,40.703262042385369],[-91.111939997419185,40.697017993879946],[-91.112466977910941,40.696300976952124],[-91.11332098559032,40.69514201547031],[-91.115406961714925,40.691825019298307],[-91.117830975677592,40.683430980158406],[-91.119632004397474,40.675891995632817],[-91.120819990428103,40.672776990355437],[-91.122420971520725,40.670675015082089],[-91.123928009495884,40.669151994897909],[-91.125144003200447,40.668737999913745],[-91.128414981152318,40.666762025588852],[-91.133477992094825,40.663677989980201],[-91.138054983925912,40.660893048510928],[-91.144963024867536,40.657631989885616],[-91.15429299568035,40.653595992750574],[-91.159119986858357,40.651138947461085],[-91.163471022751082,40.648924965429529],[-91.175099980903639,40.643027006076444],[-91.185294986215936,40.637803038179271],[-91.18697999302529,40.637296984238617],[-91.192557999137023,40.636508000863138],[-91.195504979020441,40.636286961741988],[-91.19790596556912,40.636106993432712],[-91.202383972937341,40.636594002437135],[-91.21135197928453,40.637882013389927],[-91.218436997320268,40.63843696406736],[-91.224600044735524,40.63847301431769],[-91.228187991438787,40.63830900716475],[-91.232440002444477,40.638114971788944],[-91.247850978435949,40.638389972944175],[-91.250148003855116,40.638175004238356],[-91.251000969488743,40.638160025783947],[-91.251868003638052,40.638112971751632],[-91.253073982923823,40.637961987846438],[-91.255402000220286,40.637450013332725],[-91.256127990785131,40.637273012123288],[-91.256787996499099,40.637113034877984],[-91.258248970663118,40.636671971539201],[-91.259931996687271,40.635980997398931],[-91.26252800389085,40.634751947733442],[-91.263680019580903,40.634305025818321],[-91.263831002125642,40.634246011098767],[-91.264326022356215,40.634089994875275],[-91.264953018576762,40.633893017890422],[-91.266360003992204,40.633587994260722],[-91.268115963335958,40.633325002361886],[-91.269786970799899,40.63314200670073],[-91.271478994349934,40.632950996135918],[-91.273139016316293,40.632752008093867],[-91.276174995888169,40.63223999021821],[-91.279444002936316,40.631503030259182],[-91.282204997419939,40.630894006937609],[-91.284141987954698,40.630419987413539],[-91.286669981911487,40.62989999142826],[-91.290351014739443,40.629274996067672],[-91.293291020102998,40.628730972350624],[-91.295522985936017,40.628346965333122],[-91.296036986670231,40.628251962547878],[-91.297041977792645,40.628066992870401],[-91.297238998097399,40.628035999891452],[-91.297987972957102,40.627922006365175],[-91.300823009281402,40.627402001836948],[-91.303403991263536,40.626944955915974],[-91.304979977631703,40.626631986291905],[-91.306524006433634,40.626230996590195],[-91.307909989237714,40.625820989702213],[-91.309064000085982,40.625436038014819],[-91.310048012851595,40.625041003556618],[-91.339718937291337,40.6134879923762],[-91.341269963969339,40.612834978935233],[-91.348733001161463,40.609694988266149],[-91.353989033109059,40.606553020928978],[-91.354873969783668,40.605891994359268],[-91.357058014089532,40.604262981252823],[-91.359872991931852,40.601805010289141],[-91.364666973616423,40.595504995441459],[-91.364751993768181,40.595394997468091],[-91.3696609876569,40.588821987742129],[-91.371139960465953,40.586840992277025],[-91.374252026444069,40.582589986917533],[-91.375152007204719,40.5812789977888],[-91.379751972550878,40.574449976931554],[-91.381192012375521,40.573233996763051],[-91.381963980513248,40.572738003400069],[-91.385218989114307,40.5706459347196],[-91.388178992772723,40.568608008653136],[-91.401481981220186,40.559457997727002],[-91.405240994102996,40.554641003055565],[-91.406331009868751,40.551933991948779],[-91.406373035752679,40.551830979955142],[-91.406850977213054,40.547556999815562],[-91.40620198214954,40.542697996125767],[-91.40412500714406,40.539126992950003],[-91.403076999295962,40.53840599442546],[-91.400725025727482,40.536788989721686],[-91.394474987256743,40.534542995330831],[-91.388066962077005,40.533068978200482],[-91.384530999980925,40.530948006018491],[-91.381857002841002,40.528246982666666],[-91.377689026535194,40.523031978136473],[-91.375151973068753,40.519857995621855],[-91.369059005025449,40.512532002681539],[-91.368516973261109,40.511590987633788],[-91.367876002848021,40.510478995282732],[-91.366845974780318,40.507742967450177],[-91.366488978896498,40.506794984698331],[-91.364211035490612,40.50004299887042],[-91.363879000195283,40.498061990898186],[-91.363682967139042,40.494210979069642],[-91.363743978018192,40.493123971180417],[-91.363748023131919,40.493051984439468],[-91.363909994767539,40.490121984627379],[-91.364914995771429,40.484167991177763],[-91.366463024771306,40.478868994671735],[-91.367469976915984,40.476226998965686],[-91.368073987943376,40.474641983701197],[-91.369572005934742,40.471379972748686],[-91.371649008788012,40.46818499878929],[-91.373267009361996,40.465494993038448],[-91.37385500522447,40.464556967134961],[-91.374207998215368,40.46399300230177],[-91.375152026967655,40.461983000140563],[-91.376694979587882,40.459233995850056],[-91.37814393159843,40.456393994497127],[-91.379906966971703,40.45211000335037],[-91.380036990024223,40.451696957300307],[-91.381044995892751,40.448489994503994],[-91.38146798561057,40.446039990564344],[-91.381769008367343,40.442555009025661],[-91.381549985626336,40.438885005032766],[-91.381502983075734,40.438091992768584],[-91.381456982146659,40.437308004489488],[-91.380965008103232,40.435395011994082],[-91.380176946647182,40.432903984069036],[-91.379635010104266,40.431497002441922],[-91.378843985106101,40.429441010107176],[-91.377738008074388,40.426622001579958],[-91.37762498563859,40.426334990982077],[-91.37651498684933,40.424321002520266],[-91.375151019057924,40.421655987303701],[-91.373721010720061,40.41789102256012],[-91.373280024153829,40.416496026729263],[-91.372825984168202,40.414279017272129],[-91.372449972746452,40.411474990746498],[-91.372401991930502,40.408728968654813],[-91.372392012546015,40.407260009158634],[-91.372379009432279,40.405378975724204],[-91.37239903467659,40.404399996339201],[-91.37243501489867,40.402770007457541],[-91.372553996758043,40.401199979922097],[-91.372928997575102,40.399086521241955],[-91.375150974142159,40.393172010185417],[-91.375428980264701,40.392719004070628],[-91.375745974168908,40.391879006488608],[-91.375977994633743,40.39164199309711],[-91.376158008033528,40.391460015682767],[-91.376778986439973,40.390860969238958],[-91.377671997172357,40.390213008748191],[-91.378421957483923,40.38966998432312],[-91.379942999296048,40.388943979883322],[-91.381957982462083,40.38763199186522],[-91.384200969725313,40.386429986280682],[-91.388359979946273,40.384929009747879],[-91.390072944123901,40.384460004943108],[-91.391612964643016,40.384037960642232],[-91.392178993103542,40.383942013805722],[-91.39699600310044,40.383126990147332],[-91.402391973704667,40.382691993705436],[-91.41103702941902,40.382413003673605],[-91.413011018865376,40.38227701927314],[-91.414337998524971,40.381949999636689],[-91.415050956331697,40.381747000745747],[-91.415695004372949,40.381380978085488],[-91.417065999684851,40.380402000114273],[-91.41895701444335,40.3786999998295],[-91.419421986027686,40.378264022224847],[-91.421903974563847,40.375939941411048],[-91.422863001588127,40.375043997976171],[-91.426632008228481,40.371987973462126],[-91.429442016590627,40.370386001691244],[-91.431719969877989,40.369487004483382],[-91.433113019728424,40.368972004105366],[-91.434596952136161,40.368423996958803],[-91.436833999738738,40.367597981835942],[-91.439341983722585,40.366569016003545],[-91.441585977098953,40.365371999345406],[-91.443157876132545,40.364339991997163],[-91.444832969134438,40.363170008139157],[-91.445412969092573,40.36264098649977],[-91.446308003729271,40.361823004175079],[-91.447835015744758,40.359128997642962],[-91.449493981292335,40.357192961697457],[-91.45086998740689,40.355338009842356],[-91.452237002283766,40.353669969322972],[-91.454076003689025,40.351860981178959],[-91.455515987818089,40.350160015395964],[-91.456854978851368,40.348639998031004],[-91.45729993507284,40.348133978173017],[-91.458824002410822,40.346505001939633],[-91.462140024586006,40.342414007463411],[-91.463969985346225,40.339596994387279],[-91.465662007997949,40.336514993421503],[-91.466603007631107,40.334461000228565],[-91.466998986804967,40.333284977240211],[-91.467138001993519,40.332877001817501],[-91.468624994961402,40.326503989480059],[-91.469103960501229,40.324429000322006],[-91.469656018362457,40.322408961819981],[-91.470782992615625,40.31983801505428],[-91.471826004034142,40.317339998118726],[-91.473090991854292,40.315002016517695],[-91.474555005917239,40.312573981391488],[-91.47581904062487,40.310075001107045],[-91.477398993953329,40.307798994749469],[-91.486078027544977,40.293425957435808],[-91.487322017245361,40.291183981374381],[-91.488250006578269,40.289200985275414],[-91.488552964306152,40.288555983652245],[-91.489868021525297,40.286048002053391],[-91.490901012236819,40.283535004319376],[-91.490971012557011,40.283364020373611],[-91.49149601675515,40.281664011781032],[-91.491760027125565,40.280811007608705],[-91.49272696381594,40.278217019434891],[-91.493061010439163,40.275262005884215],[-91.493006976774822,40.272609000755743],[-91.492890982712069,40.269923005713508],[-91.492040009541753,40.267427005397323],[-91.490525037646023,40.264813994632746],[-91.489968981383456,40.262339985085788],[-91.490523971345766,40.25949798830964],[-91.49173498928198,40.257063002043601],[-91.493249998906947,40.254641998918189],[-91.494746010960313,40.252487989274016],[-91.496181976026804,40.250438983624107],[-91.496458985917712,40.250044977837604],[-91.496798001122798,40.249661979553643],[-91.497108007930706,40.249129942022428],[-91.497244957892406,40.248812981738652],[-91.497266014402655,40.24876298587116],[-91.497495986708657,40.248235963595533],[-91.498104027578393,40.247421957165905],[-91.498868996941738,40.24671500563479],[-91.500155012526065,40.246053998523109],[-91.500854999558385,40.245722018706047],[-91.501765997257692,40.244985985755065],[-91.502550990068727,40.244378979677258],[-91.503230979704512,40.243473990098096],[-91.503751981908053,40.242626003554854],[-91.50433697290589,40.241584043692498],[-91.505149980577372,40.240089981904475],[-91.505828003800985,40.238839009952351],[-91.506501012628704,40.236304011557543],[-91.505968026000957,40.23430499507878],[-91.504288989394979,40.231711996838804],[-91.504215017622926,40.228912976394184],[-91.504245979855824,40.226050017733449],[-91.504281969959365,40.224299002642844],[-91.504615006876236,40.223484014287564],[-91.505193011676113,40.220860968028035],[-91.506158984474183,40.218253958437032],[-91.506946993827924,40.215549980403388],[-91.507062955551319,40.212959996689989],[-91.507269003924677,40.209338009057433],[-91.507019007272675,40.206926999961119],[-91.506663963427997,40.204757977042256],[-91.505833992868986,40.201808021087217],[-91.505345976802687,40.200485971113451],[-91.504754027454652,40.199318023073928],[-91.504477010377215,40.198261990322834],[-91.504764998579205,40.196736952621634],[-91.50549500461338,40.195606001648912],[-91.507564986234371,40.193302025888933],[-91.509551022088701,40.191338009843939],[-91.511072974792498,40.188793991979892],[-91.512315950294948,40.184716990161512],[-91.512974010258006,40.181061963962833],[-91.51307902061977,40.178537019995815],[-91.512795965067014,40.175867991291319],[-91.512301993170382,40.1729409886902],[-91.511955999852177,40.17044098800622],[-91.509192988650739,40.161211987956676],[-91.508969032362188,40.160292984141115],[-91.508223964275643,40.157664979988596],[-91.508323998869059,40.156326006589182],[-91.509677998055793,40.153927981051773],[-91.511589985781242,40.149268995016634],[-91.511749025315751,40.147091002023984],[-91.511647009038839,40.145107019955397],[-91.511335982643075,40.143277004242186],[-91.511479981684801,40.141101997291791],[-91.511503992754029,40.140743010681014],[-91.511675991384848,40.139226999091527],[-91.511543974970692,40.137662006928707],[-91.511459997762998,40.13739400102164],[-91.511055985853858,40.136114974307723],[-91.510745989825722,40.13467999690527],[-91.510710990563936,40.134397012643753],[-91.510653976289476,40.133927007602139],[-91.510550989832041,40.133083002678497],[-91.510386066332401,40.131114971744722],[-91.510413008604417,40.129953947290488],[-91.510322000282969,40.12799398699466],[-91.510517979440294,40.127325989093748],[-91.510642023306318,40.126903966531025],[-91.510838985220545,40.126136952976971],[-91.510603964382668,40.125044967772602],[-91.509883979055488,40.123370014331392],[-91.509244983139382,40.121876002573835],[-91.508731012947905,40.120478988817133],[-91.508239989322007,40.118945015530876],[-91.508183019065001,40.118687033321372],[-91.507854995645744,40.117186001588117],[-91.50748300418492,40.115144968660566],[-91.507121001990029,40.113414978569637],[-91.50679501864478,40.111852965249668],[-91.50645297971046,40.109966021831575],[-91.506005951075622,40.108125998896746],[-91.505309023705166,40.105970016334382],[-91.504851004182825,40.104202960979052],[-91.504362993506419,40.102837004412351],[-91.504244993505637,40.102507013983065],[-91.503443028823952,40.100513003743629],[-91.502695997020183,40.09900698416434],[-91.502616988394323,40.098847994505277],[-91.502010011129897,40.097338026716038],[-91.501434009573074,40.095852011528436],[-91.501212985385621,40.094705990415498],[-91.501063984524407,40.092953960457045],[-91.501010981227694,40.092328008018249],[-91.500823004262912,40.090956001820174],[-91.50015402168431,40.088325025854893],[-91.497662985316609,40.078257000358931],[-91.49728398699655,40.077051992422817],[-91.495365004089976,40.070950991145665],[-91.491018980796554,40.060823008681481],[-91.490085009582174,40.058645987878222],[-91.489731003291652,40.057742015639406],[-91.489606000024921,40.057434994896646],[-91.489585001905141,40.057153012812385],[-91.489733983901758,40.05642697987895],[-91.492890001751789,40.045367022439031],[-91.493047979477666,40.044672992567399],[-91.493887985116686,40.041316013115896],[-91.494864987429807,40.037420978335561],[-91.494981019221797,40.036945006016694],[-91.494877984255325,40.03645297273296],[-91.493179986908657,40.033462990567465],[-91.488131001362689,40.02457599794193],[-91.488061029788582,40.024452996881173],[-91.487350997794749,40.023200984171375],[-91.48712198578778,40.022692003183806],[-91.486578958690103,40.022200013604404],[-91.485284020140071,40.021011992814458],[-91.484063998389772,40.019331987859516],[-91.477298006247409,40.008992974370223],[-91.476776973501146,40.008362962126981],[-91.476359975546259,40.007724998219061],[-91.476047985258191,40.006901990161481],[-91.47565299153618,40.005819979434008],[-91.474580981601989,40.003494016843185],[-91.474050996245609,40.002283002837018],[-91.473487978937925,40.001386982037381],[-91.472612998291623,40.000045008376887],[-91.471715001011106,39.998741959704503],[-91.470173993243492,39.996697954143812],[-91.469246993854028,39.995327030191099],[-91.468489957512958,39.9937419768344],[-91.467739009952879,39.991863993232613],[-91.467293982764488,39.990630996245812],[-91.467003013952393,39.989040985113775],[-91.466682022545172,39.987253008499557],[-91.466042011532807,39.985476986901446],[-91.465314978922223,39.983995000512493],[-91.464239004722685,39.982498998639691],[-91.463682967324758,39.981844992411787],[-91.462761997427478,39.981323953113048],[-91.461389981629424,39.980929998465307],[-91.460286978021301,39.980332982060723],[-91.459532984274091,39.97989197904905],[-91.45885203703422,39.979014975065979],[-91.457868013488834,39.977536982207376],[-91.457190999971601,39.975768983220114],[-91.455868996978666,39.973592959221207],[-91.454646979171812,39.971305997824295],[-91.453125993953535,39.969287992253513],[-91.451315962317906,39.967193001219499],[-91.449806004818072,39.965277968801274],[-91.448861985048936,39.963370990732727],[-91.447236023604901,39.959502001843376],[-91.445266995553837,39.956477010710913],[-91.443446967465718,39.953675025972103],[-91.441560014888921,39.95129898381748],[-91.43989899848755,39.949356995607758],[-91.439319021885609,39.948679005551412],[-91.437090006119988,39.946416975290852],[-91.435517027311406,39.945221993469765],[-91.435317980407376,39.945071002458924],[-91.432850006487968,39.943330957148476],[-91.430639011825249,39.941885979352328],[-91.429054997213399,39.940741003350148],[-91.427498985783913,39.93954000458038],[-91.42578199805213,39.937764996157092],[-91.4246380043176,39.936419995822355],[-91.423847989924127,39.935430978869903],[-91.423022995133479,39.934399001705842],[-91.421895984947696,39.933048987398045],[-91.421831979085383,39.932972989437829],[-91.42090702605816,39.931515002551826],[-91.420744969980916,39.931166993938838],[-91.420221010523449,39.930037997729208],[-91.419945028305236,39.929294008640149],[-91.41935995645899,39.927717006752175],[-91.41909999569387,39.925742006165635],[-91.419059989222703,39.925418989073044],[-91.418862994969089,39.923839992376969],[-91.41880700207912,39.922125989725778],[-91.418924995791684,39.921136035954923],[-91.419023017260542,39.920309002431686],[-91.419358989871753,39.918526014442428],[-91.419879970515737,39.916532965900515],[-91.420086980984735,39.916187972640621],[-91.4208780059829,39.914865007882149],[-91.421800989004723,39.913975976817888],[-91.423707973114048,39.912144943672942],[-91.427734973209041,39.908755002566096],[-91.428956017242129,39.907728988983472],[-91.431855987388417,39.904986995887455],[-91.434412943928294,39.902424995811444],[-91.438094987360941,39.898978978681015],[-91.441042984137255,39.896148974691677],[-91.443512956808163,39.893583012658297],[-91.444280972358641,39.891773987735107],[-91.44555101949048,39.887179986205311],[-91.446921991446175,39.883034004690927],[-91.44784398811781,39.877950988093609],[-91.447501991404323,39.875045013331558],[-91.446384991145749,39.870394000294432],[-91.440356010998471,39.856392988933074],[-91.440248405403835,39.856144057266228],[-91.438262965132552,39.851528980116541],[-91.437207016177311,39.849178996531037],[-91.437089988153673,39.848918987435134],[-91.436686013075459,39.847592990281932],[-91.436050991306161,39.845509969268818],[-91.435007005215581,39.843669029074356],[-91.432918983627033,39.840554012183617],[-91.429519012091944,39.837801004610363],[-91.421491030705823,39.833722988863144],[-91.414512976867599,39.829983953829775],[-91.407793013502072,39.827580978286591],[-91.406222981167616,39.826471982957266],[-91.403609000471818,39.824322009257116],[-91.400994996419826,39.822439979105077],[-91.397852967135393,39.821122002551874],[-91.393142021224108,39.819128997193701],[-91.385773028659059,39.815553002093296],[-91.381763995768054,39.812927991174625],[-91.377971010397829,39.811272975894063],[-91.375147978260685,39.808860004479889],[-91.372160997295978,39.805510977044413],[-91.370918958736382,39.803608985418002],[-91.36948896207663,39.801958004646153],[-91.369005005497087,39.801510998060245],[-91.368477009010746,39.80102400401767],[-91.367965992479924,39.800402999603577],[-91.366659989380508,39.798187014699522],[-91.363443966764436,39.792804035706645],[-91.362387988164798,39.790481983527954],[-91.361801987460566,39.78873301668861],[-91.361571000058305,39.78754799534201],[-91.36174396437805,39.78507899828525],[-91.362439016964515,39.78357800722798],[-91.363120960436049,39.782813003458571],[-91.363467986816829,39.782422988206442],[-91.36412196573356,39.781123011606546],[-91.364847975163016,39.779388002192754],[-91.365395985215585,39.777266003004272],[-91.36569402915886,39.774910013198799],[-91.36580501241896,39.772764007640596],[-91.365798991909912,39.772624985143189],[-91.365728970928487,39.770844996655875],[-91.365840013477381,39.768707003682266],[-91.365905979463619,39.764955993206897],[-91.365642012212334,39.762618015926023],[-91.365211004132277,39.76014997792506],[-91.365124985053924,39.758722992170838],[-91.365279995644414,39.757721973086447],[-91.366046994301982,39.755955018396783],[-91.367406010579558,39.753879996163747],[-91.367571975226625,39.753386990764646],[-91.367995971057567,39.751869974913809],[-91.368418994911394,39.750045010611814],[-91.368946995889303,39.74804696439525],[-91.369371980765379,39.746926974452819],[-91.369838994220345,39.745702008854785],[-91.369952995819787,39.745042020744158],[-91.369983987697083,39.744228015212229],[-91.369899982641613,39.742980001615379],[-91.369888994449056,39.741570010329681],[-91.369929991761992,39.740127998971545],[-91.369784022714853,39.739080980584077],[-91.369502992863048,39.738226994809366],[-91.369387987845414,39.73721302812659],[-91.36958500455691,39.735947989057877],[-91.369947004955165,39.734263995389576],[-91.370102034410266,39.733321077527542],[-91.370008991404717,39.732523993089103],[-91.369394976738334,39.731163037986839],[-91.368417947475763,39.729738015580871],[-91.367854017479729,39.729136016969392],[-91.367752989349626,39.729028997437453],[-91.36232098462439,39.72427398869727],[-91.362244995236196,39.724206997040675],[-91.358275992172565,39.72060104331014],[-91.35668601634049,39.718725023199617],[-91.355313957423306,39.716984994941264],[-91.354472990586913,39.716229020693959],[-91.354310965052377,39.716139003267514],[-91.352748986114463,39.71527902069748],[-91.351553991427977,39.714667041262317],[-91.350732992343737,39.71410400773],[-91.350316980739009,39.713773991366345],[-91.349038989805123,39.7123159959487],[-91.348919000035991,39.712185009188616],[-91.347854991396034,39.711027997967442],[-91.347253022239315,39.710479947977987],[-91.345299966234023,39.709401996238697],[-91.343555000472705,39.708411976515464],[-91.341030995934091,39.706786018867433],[-91.339566989955983,39.705665999817235],[-91.337802006136897,39.704443012212273],[-91.335247029483895,39.702752040602299],[-91.331603041381641,39.700433027408899],[-91.330401003903333,39.699741995535149],[-91.325800995438044,39.697097974508104],[-91.325424018327382,39.6968819606343],[-91.317813984415409,39.692591016254894],[-91.311098012264679,39.687839013271024],[-91.306693001098139,39.684864974115527],[-91.305347974284473,39.683956997187565],[-91.304673981801528,39.683336992206776],[-91.304166022237595,39.682377994375294],[-91.303740980767657,39.681017032187818],[-91.303387992268341,39.680460990266127],[-91.302484946455934,39.679630993562718],[-91.301602976018415,39.679067995640281],[-91.299993996326492,39.678221964963932],[-91.298415970782656,39.677448989970493],[-91.296589977881041,39.676513976578633],[-91.295582961955958,39.675845985569509],[-91.293788024712029,39.674766039509564],[-91.289337009921468,39.672768002203398],[-91.285071997598664,39.67093098367355],[-91.283329054843392,39.67013399143017],[-91.281160986176516,39.668642991578849],[-91.278556972288797,39.666975011300387],[-91.276140024474145,39.665758985565773],[-91.274936008007288,39.664791995229734],[-91.273660918631734,39.663656035561871],[-91.27045599470101,39.660683004791501],[-91.266765004946464,39.656992982329982],[-91.266024987188445,39.656187010699668],[-91.265418006330748,39.655526040085292],[-91.264329009254524,39.654373979348776],[-91.264262080274278,39.654277856536744],[-91.263054995162392,39.652544990687559],[-91.261148002968255,39.649919008356413],[-91.26047499953043,39.649023982940456],[-91.259271992769925,39.648017013621491],[-91.256950013050485,39.646453996216557],[-91.256521017196647,39.646157001325186],[-91.254274991831124,39.644600995321198],[-91.251848987201782,39.643295006497056],[-91.250143990182423,39.642069980964948],[-91.249434003104355,39.641476989871023],[-91.248778983040211,39.640879995348101],[-91.248559001796806,39.640630993502413],[-91.248053004153462,39.640058007627815],[-91.247336009317848,39.639147988379307],[-91.246443987630613,39.638059971227094],[-91.245913991494461,39.637311016280769],[-91.245062977899948,39.63602997389782],[-91.244514008446657,39.634974043164576],[-91.243560003903141,39.633063984985348],[-91.242376974776249,39.631403981013761],[-91.241224977950836,39.630066981364621],[-91.23973999631086,39.628647994741655],[-91.235118974454437,39.62504600783592],[-91.23226800650859,39.622961006643237],[-91.230558948205825,39.621805975299587],[-91.229317005765964,39.62085299946893],[-91.227649001369997,39.61988298748507],[-91.225556004013114,39.618751015400846],[-91.223327976394302,39.617603003209702],[-91.220880020532675,39.616671011759493],[-91.218816955041049,39.615918019922859],[-91.216639972391619,39.615123987708856],[-91.214628994813452,39.614451955044998],[-91.211684003800073,39.613438997361627],[-91.208894995354314,39.612499001779533],[-91.206489963691908,39.611656020612003],[-91.204323997082824,39.610909971588796],[-91.20184599077831,39.610043000075002],[-91.199098971385567,39.609126965692269],[-91.195914969217796,39.60816999015465],[-91.192596986918659,39.607251975140748],[-91.189114041594024,39.606164988710432],[-91.185920980814942,39.605119010898527],[-91.183974046828297,39.604092013295066],[-91.181936027265138,39.602677004041801],[-91.180395996864519,39.601134995464562],[-91.179621978771351,39.600237984267508],[-91.178392963986724,39.59869699356581],[-91.17801197769495,39.598196004536526],[-91.17742597788903,39.597252010185606],[-91.176465988769081,39.595977004254308],[-91.175454983425823,39.594492004423643],[-91.174651049637035,39.593312987143982],[-91.174232012506437,39.591974996909059],[-91.173508009015009,39.589024998528394],[-91.171641010715618,39.581898959981309],[-91.171143969275647,39.579481987533796],[-91.170726997371915,39.577531001793211],[-91.170470001945532,39.574937019420084],[-91.170229014497522,39.573188981723959],[-91.170009998943058,39.57111000748499],[-91.169819973819415,39.569555002880648],[-91.16937096978927,39.568072005885696],[-91.168871000739799,39.566072980739222],[-91.168419034065849,39.564927987908561],[-91.167605021179554,39.563756996760475],[-91.166722973486927,39.562462016652496],[-91.16661496904031,39.562303964569331],[-91.163633983431808,39.558566000980392],[-91.162777020295167,39.557603996226071],[-91.160690969610386,39.555350992431975],[-91.158606001395512,39.553048000201755],[-91.156241993995508,39.550576016108579],[-91.153627971977201,39.548247971115551],[-91.152592984310814,39.547728996829505],[-91.150429003876795,39.54664198884916],[-91.149217985940595,39.546098990726598],[-91.148274994742451,39.545797997115166],[-91.146596027306742,39.545485978438904],[-91.144936976419217,39.545238987307485],[-91.143153007604909,39.544999003476505],[-91.141680013982395,39.544824993015425],[-91.139024963210119,39.544534008500207],[-91.136743999668241,39.544251998346716],[-91.135002022601896,39.543882998245486],[-91.133374993959308,39.543572014898928],[-91.131240010244355,39.543144994235007],[-91.128348010849578,39.542522968271534],[-91.126638038960166,39.542226995375465],[-91.125139001380944,39.542067994543011],[-91.122505047543115,39.541817986118936],[-91.118600985488001,39.541459001303906],[-91.115883017611537,39.541230988298125],[-91.114304972304765,39.541097987639382],[-91.109407024999072,39.540294999467704],[-91.102904982141695,39.539348950085362],[-91.100910997993751,39.539000976597954],[-91.10030698966132,39.538694989845418],[-91.098094005230251,39.536111995368188],[-91.097685001383084,39.53563501833947],[-91.096496962351836,39.53433698861997],[-91.092868984922902,39.52927501491763],[-91.089257014574002,39.522970997867453],[-91.086292018977559,39.517140997543954],[-91.082626999517871,39.511709997690573],[-91.079768972610509,39.507728037899632],[-91.078409987773981,39.506240020974147],[-91.075788021953613,39.503368956730178],[-91.075308996226667,39.502844980756045],[-91.071769033932625,39.500045998192171],[-91.069640023115994,39.498274996705938],[-91.0666379845905,39.496014009192656],[-91.064880985895982,39.495045007381094],[-91.064304981644227,39.494642982328223],[-91.064056993625201,39.491718017591793],[-91.06306500920978,39.48400900472069],[-91.062941023734268,39.481363991434179],[-91.062933026033292,39.481175985717073],[-91.06278897848253,39.478047002200633],[-91.062413987546975,39.474121997700983],[-91.061166978608895,39.471376981589295],[-91.059439004481192,39.468859967039563],[-91.057113951625155,39.466085994966619],[-91.053058023083082,39.462121990666773],[-91.050275994547079,39.459601007760092],[-91.049598974741613,39.458988010230108],[-91.047413058346706,39.45672801618889],[-91.046768973474499,39.456061975970897],[-91.042350983448713,39.452062005012415],[-91.03826997663883,39.448435974138846],[-91.035474994396424,39.446632026616982],[-91.033944013624009,39.445644001530013],[-91.033348998325906,39.445203987208309],[-91.029985014199397,39.442717980147791],[-91.029708978980565,39.442514975518058],[-91.027603000967829,39.441194970352981],[-91.024680989757726,39.439364984832196],[-91.024350989146555,39.439157971547964],[-91.023610069479972,39.438693964427529],[-91.017325035340733,39.435441983663232],[-91.011954001968775,39.43266098071318],[-91.007103012297947,39.429788980625993],[-91.003692006756197,39.427602987356586],[-91.002602995306944,39.427081995395206],[-91.000133997308097,39.426523008139149],[-90.999689015933797,39.426377995863746],[-90.999150002508813,39.426112979899891],[-90.998445003775501,39.425573974854657],[-90.995800004252956,39.423997014814113],[-90.99491899321616,39.423529990153767],[-90.993788996132054,39.422958947215413],[-90.992316979876563,39.422413003405431],[-90.989995010936909,39.421842008218356],[-90.985714991358989,39.421112016667195],[-90.98407700057497,39.42073497552984],[-90.983020011370641,39.420462015920911],[-90.981319950593758,39.419762039726692],[-90.979266967792896,39.418876977596511],[-90.977617994206227,39.418289997539887],[-90.976954957576481,39.417856018092031],[-90.975969987206796,39.416905004119023],[-90.974476017922399,39.415585002988585],[-90.972464979258774,39.414144014559199],[-90.969728981296257,39.412904974618286],[-90.967479992388604,39.411948000709216],[-90.964867970918434,39.411047001880554],[-90.962297992400195,39.410266990494762],[-90.957458975475475,39.408995982257522],[-90.953667010591403,39.40837795216131],[-90.951180976043219,39.408104996223138],[-90.950574994112088,39.407977975027144],[-90.949608008014408,39.40777498716988],[-90.94829897489754,39.407501997637738],[-90.944941987748791,39.40624698720206],[-90.94262101593911,39.4050709756347],[-90.940765998470653,39.403983978902694],[-90.939024987991544,39.402743986543861],[-90.938102997608098,39.401786008978917],[-90.937418997892891,39.40080297331469],[-90.936837989126701,39.399715002101196],[-90.936727983233638,39.399510990598166],[-90.936258007134882,39.398635997197793],[-90.935728998247214,39.397331022937081],[-90.935344999904274,39.395881006166782],[-90.934784996444378,39.393529010729367],[-90.934007004204346,39.392126976960121],[-90.933468982519429,39.391619992783987],[-90.932483951064313,39.390613000330553],[-90.930919985052967,39.389202997501471],[-90.928744964324125,39.387543980321695],[-90.926786971178032,39.386383964472266],[-90.924600992799341,39.385136011474792],[-90.923017010526848,39.384467987741459],[-90.920976013048502,39.383686995200208],[-90.91889500191246,39.383042979930387],[-90.918538971717581,39.382949999054915],[-90.916832982958155,39.382502980214824],[-90.914657984687167,39.381955974618208],[-90.913653997881241,39.381858951936842],[-90.912949016215947,39.381730021420097],[-90.912729988085061,39.381710964557456],[-90.911519982550175,39.381609991427617],[-90.910753983717498,39.381497008110898],[-90.909355995827966,39.381118003017164],[-90.907999016929452,39.380811984512626],[-90.90679802329349,39.38039401345501],[-90.905772959316039,39.379878003474872],[-90.904861971498221,39.37940299184563],[-90.903763988574198,39.378557025152105],[-90.903235998376076,39.378008972758103],[-90.902904995245009,39.377534003266568],[-90.902748987524575,39.37578500486304],[-90.902656010096038,39.375365981543368],[-90.90229400430789,39.375046012192826],[-90.90009497340813,39.372353988764182],[-90.896461939362439,39.369175994660608],[-90.893776967504692,39.367342989882921],[-90.890930978022155,39.365766997909702],[-90.890490004930641,39.36552401036802],[-90.887296037751426,39.364109998950227],[-90.882705990704324,39.362253988815993],[-90.878565987936483,39.360599004052382],[-90.876080002795618,39.359477996395931],[-90.875129982280384,39.359002991139135],[-90.870768967003173,39.356757988643984],[-90.868431994401661,39.355578017272158],[-90.866574986266528,39.354639957513413],[-90.859112989323506,39.351370009918753],[-90.851949999317711,39.347602997066247],[-90.847499969080701,39.345272004111088],[-90.842174969875472,39.341932000758838],[-90.840105995265915,39.340438010827434],[-90.834752958742357,39.33546099572736],[-90.821305933523931,39.323658978722747],[-90.816850993095571,39.320496015301138],[-90.814147968693845,39.319187990391271],[-90.807478008251991,39.316720984334793],[-90.799346004650914,39.313086974898937],[-90.793461018155455,39.309497997906099],[-90.792309991510564,39.308261026026898],[-90.792049025530631,39.307741959395308],[-90.791774013492926,39.307141987722758],[-90.791689021188944,39.306957004032881],[-90.791515991292187,39.30606800131951],[-90.791447987028548,39.305108009813623],[-90.791304991404985,39.304277021848023],[-90.790675027150741,39.302907986508131],[-90.789664980309908,39.301931008481638],[-90.78861299831496,39.301057985806509],[-90.787489991022085,39.300062992821076],[-90.786060000650551,39.298847994461866],[-90.78465902406603,39.297786014366451],[-90.783789003916752,39.297163979911936],[-90.779486001840581,39.295122029379186],[-90.778060009870373,39.294325989204715],[-90.776798008050207,39.293620026801328],[-90.775672931038926,39.292810966083806],[-90.774755971221083,39.291873992696573],[-90.773887021863587,39.290544042800413],[-90.770958977568043,39.285297984325446],[-90.7688770016414,39.281511968659387],[-90.767648031772552,39.280024981607518],[-90.76662998812904,39.279038991560796],[-90.759812967186974,39.273141986107234],[-90.758221004281481,39.271737980633858],[-90.757742010893892,39.271314987762352],[-90.75644900731497,39.270035989780695],[-90.754932000735096,39.268512994866789],[-90.75273999196591,39.266563945698636],[-90.751598989621272,39.265432005780951],[-90.750124986292363,39.26452997899429],[-90.748876997292328,39.264125988425086],[-90.747174979984763,39.263785981962506],[-90.744739993100893,39.263364005928054],[-90.742314972126792,39.262853980681776],[-90.740778004083012,39.262441979825375],[-90.739087007307347,39.261893012069258],[-90.737572005767205,39.261199983189684],[-90.736005010636717,39.260385995641727],[-90.733975967938179,39.259097977134829],[-90.732719020938134,39.25824401043306],[-90.731966962162048,39.257712979912156],[-90.729960009934658,39.255894005720926],[-90.728613040963353,39.254092009348746],[-90.727626999801842,39.252499991152057],[-90.726981006907991,39.251172991049373],[-90.72667501736602,39.250047015432557],[-90.725928985387171,39.247338011310426],[-90.723724968837587,39.239182976397586],[-90.723663006642553,39.238951968313962],[-90.722538009581314,39.235670008548951],[-90.721592992682218,39.232730008535761],[-90.721187962083548,39.230175974107944],[-90.721363978878614,39.228090993516233],[-90.721784005054346,39.226646018391492],[-90.721845016831807,39.226175984428643],[-90.721975032697827,39.225198007947583],[-90.72183499971807,39.224107995929216],[-90.721474938782521,39.223134974082356],[-90.720541994342511,39.221388015978],[-90.719693013635478,39.219618000725475],[-90.718775972070944,39.217612982490856],[-90.718199996565275,39.216330990726611],[-90.717113001833837,39.213912017610006],[-90.716597025704317,39.210414003852804],[-90.716676960493245,39.206723004634199],[-90.717427013331289,39.202791006244148],[-90.717584975785797,39.200182020545427],[-90.717404005680251,39.197413994837909],[-90.716285985833807,39.192649007685667],[-90.71599800481836,39.191547980109938],[-90.715976953697989,39.191467976479068],[-90.714370000605356,39.185307992258906],[-90.713712995264444,39.183339003355904],[-90.712356991936318,39.180674995793105],[-90.711103956201001,39.178391004674062],[-90.710480003472654,39.176365988497622],[-90.709953008607854,39.172924009768224],[-90.70970999545888,39.166760992181118],[-90.70936601077365,39.160910981730922],[-90.709271985909496,39.157595999401686],[-90.709145972936383,39.155110952671834],[-90.708620999280981,39.153280981689448],[-90.708350968401518,39.152372019756001],[-90.708078979194724,39.151458999385717],[-90.707901962574738,39.150859968098743],[-90.707115001554925,39.148642007898118],[-90.706751006896738,39.147616002445751],[-90.705167959770463,39.143152019511263],[-90.702923012383266,39.138748986076735],[-90.700464022515007,39.135438981329365],[-90.697095998664665,39.132430002561925],[-90.695925983431266,39.131121989126626],[-90.694944960258965,39.129679983884799],[-90.693448969765186,39.12729600176425],[-90.692455000072954,39.125580013688463],[-90.692261035836808,39.125047991556535],[-90.6901020150015,39.122674053328694],[-90.687390010141883,39.119910004203398],[-90.686051003837264,39.117784976464996],[-90.685229980498505,39.115527008158637],[-90.684518035991431,39.113566982399441],[-90.681086035024876,39.100589978025269],[-90.68103797964875,39.099491007703676],[-90.681993999113459,39.090066012656507],[-90.682743967509893,39.088347957698026],[-90.685297989253712,39.085862995315637],[-90.696221024306567,39.075698000619312],[-90.700424032213505,39.071786996733323],[-90.7011870118085,39.070407989462474],[-90.701200991390948,39.070319973439872],[-90.701266026722578,39.069927997042178],[-90.701754977935096,39.06699998521259],[-90.702135967820126,39.065567996318556],[-90.702555940995239,39.065035987124681],[-90.702942991813501,39.064545005568874],[-90.708436991971439,39.060183986672939],[-90.712541010923943,39.057063995486168],[-90.713584986234764,39.055566991425785],[-90.713628989310635,39.053977006114017],[-90.712725993803886,39.049736005898332],[-90.711579981554905,39.046797975382944],[-90.707884961059662,39.042261974378803],[-90.707325988865691,39.04125499481848],[-90.707058983512127,39.040774011582783],[-90.700594952865984,39.029073999472914],[-90.692769973666088,39.01721300253093],[-90.692402933719094,39.016656005844993],[-90.689999983453205,39.012169017842204],[-90.689823015342242,39.011542000555458],[-90.689242012864241,39.009479005843495],[-90.688812993654224,39.00734204568878],[-90.687718996555134,39.005373986699041],[-90.685514011621677,39.00227697388371],[-90.685046021698,39.001707943607535],[-90.683682991747716,39.000048988047439],[-90.682068009513088,38.998777975028894],[-90.681282007893984,38.997626001713819],[-90.680792010144174,38.996752980716735],[-90.680627001304586,38.996458982514028],[-90.679961035268704,38.995271001102587],[-90.679026999375623,38.993866984474124],[-90.678193034008558,38.991850998173668],[-90.677755988351478,38.989277012518748],[-90.677215990372943,38.987080973553709],[-90.676709992729599,38.985159006506116],[-90.676397016989668,38.984096043233372],[-90.675940985439055,38.982610985858905],[-90.675714967516939,38.981066027148948],[-90.67594598905518,38.979778000773663],[-90.676245023840224,38.978273006805317],[-90.676359976755549,38.976693019784506],[-90.676383016745959,38.975078978620196],[-90.676331021359005,38.973560005817248],[-90.676209007685529,38.97196800035875],[-90.676263962123045,38.970289989151162],[-90.676315000804223,38.968409991266689],[-90.676326001573202,38.967248999188698],[-90.676416979351899,38.965811973569679],[-90.676341992483557,38.964413978822023],[-90.675948993919803,38.962139973804291],[-90.675163959786275,38.959818960267533],[-90.674361999596158,38.95783000393898],[-90.674321973362041,38.957729975323723],[-90.67324100542784,38.955297998086898],[-90.671844006583427,38.952295998544251],[-90.670439003749806,38.950003993928391],[-90.669228989231769,38.948175995660534],[-90.66763100402062,38.942707992527929],[-90.666924991089388,38.939071994840752],[-90.665684999790329,38.934513996646636],[-90.66556499564814,38.93417901496759],[-90.663371984359102,38.928041992310384],[-90.661399965816457,38.924989018827738],[-90.657253973082305,38.920270009874116],[-90.653164010069034,38.916141006266464],[-90.647988033284619,38.91210601687856],[-90.644142987848738,38.910377973925897],[-90.639917020799757,38.908271992115473],[-90.63699397832373,38.905122994189689],[-90.635896043010433,38.903940979863677],[-90.635433287569924,38.903145706925244],[-90.629667974636604,38.893236023486658],[-90.62848499581537,38.891617006102173],[-90.625121975581138,38.888654013080263],[-90.617974023373222,38.885326968114882],[-90.606694959023841,38.880335991034322],[-90.599711999485834,38.876954988928375],[-90.595354002547978,38.875049992168393],[-90.586651991848001,38.871386976146617],[-90.586520984241901,38.871349986833614],[-90.586287008144694,38.871135966967834],[-90.586181003347889,38.870685985246396],[-90.58587500122951,38.870281982058764],[-90.585677015235845,38.870006975964877],[-90.585402012181291,38.869769998977588],[-90.585020984566995,38.869650026396982],[-90.583998993726155,38.869281997781123],[-90.583387997399129,38.869030026471002],[-90.582258977682045,38.868793977148009],[-90.581913000533532,38.868770038971242],[-90.580502997677058,38.868672043855781],[-90.579719003792619,38.868601982615949],[-90.579389003181433,38.868572996682047],[-90.578076993047716,38.868411961324703],[-90.576718989171468,38.868335996029941],[-90.575849009446358,38.868382019907081],[-90.57462899757752,38.868435008563004],[-90.572889004889632,38.868435003667095],[-90.571714012091263,38.868495985929812],[-90.570508999392729,38.868618009049349],[-90.567990974040626,38.868762999358054],[-90.566557004132378,38.868846997669941],[-90.564620001919522,38.869149992404502],[-90.564375230767538,38.869189111169881],[-90.561215999643736,38.869693975684591],[-90.558348014911473,38.870411014986082],[-90.557568982422353,38.870457012341369],[-90.555692995580216,38.87078498191714],[-90.554730991539088,38.871059982203498],[-90.553708991715055,38.871356991920564],[-90.552945958221173,38.871616979750073],[-90.551204987267937,38.872075004772221],[-90.550319963456758,38.872417994444803],[-90.548916987222441,38.872937010941804],[-90.548833964923872,38.872978998552114],[-90.545871969700471,38.874007997074422],[-90.544030002058165,38.875050004057385],[-90.53858698937745,38.879742002746326],[-90.531117972100461,38.887077990011029],[-90.522306008507996,38.894263007329343],[-90.519041052861795,38.896408991585908],[-90.518329005048471,38.897293011944342],[-90.516962998979665,38.898817976114209],[-90.516570976884609,38.899030990470287],[-90.515254000864019,38.899511012543016],[-90.514293980303023,38.900081973352933],[-90.51167199741468,38.900826015653898],[-90.510685981405999,38.901106012174701],[-90.507450977387975,38.90276699017781],[-90.506030006101881,38.904391992526875],[-90.503147987888227,38.907383995321744],[-90.500116992169566,38.91040800179897],[-90.49967200091379,38.910604963724673],[-90.498989973000619,38.911518990620387],[-90.498420972014827,38.912214014015952],[-90.497717984609451,38.912990974850175],[-90.497284037241783,38.913727021220652],[-90.496716011826393,38.914413998867715],[-90.496022984940879,38.915335972776518],[-90.494803000919816,38.916719992097377],[-90.494037002087154,38.9173669944552],[-90.493385975034457,38.918249000254484],[-90.492807037783294,38.918960998138978],[-90.492423985366386,38.919300986743643],[-90.491949039787443,38.920061024162493],[-90.491617986350747,38.920328009438173],[-90.491235010290609,38.920684032739949],[-90.490903946972423,38.921233991195805],[-90.4905630003895,38.921565977740784],[-90.490138995575393,38.922098953322603],[-90.489672992725119,38.922568993787849],[-90.489280006737772,38.923045950058935],[-90.488876940754636,38.923555004590497],[-90.488504964565152,38.923863004053274],[-90.48816298491964,38.924373009472319],[-90.48792599317801,38.924727992834406],[-90.487635986461584,38.925099973505688],[-90.487388025392022,38.925471999748865],[-90.487171000504219,38.925698981105327],[-90.486974010742202,38.925981984516234],[-90.486849961486286,38.926313015881632],[-90.486777983075825,38.926653008392918],[-90.486725990383817,38.926975954519357],[-90.486622985960082,38.927307018983832],[-90.486572007466023,38.927727005173502],[-90.486457998680052,38.928026011428898],[-90.48622998919295,38.928454978187112],[-90.485889007575736,38.929069006578835],[-90.485464972218892,38.929602987297066],[-90.485268972400306,38.929998985744902],[-90.484895991894348,38.930508966618611],[-90.484616975167114,38.931026031077351],[-90.484214035846421,38.931576002304944],[-90.484007044242006,38.932173948263049],[-90.483716991711503,38.932530019732894],[-90.483500017129344,38.932861001674056],[-90.483273029925044,38.933354013780857],[-90.48306599699815,38.933686014185909],[-90.482920963995525,38.933984998815745],[-90.482837995595887,38.934341016472082],[-90.482725018075854,38.934711981738864],[-90.482683996508413,38.93518898354327],[-90.482674063836328,38.935729951864019],[-90.482683992915156,38.936432977068897],[-90.482756995405026,38.936852993072605],[-90.482798947627103,38.937345000590369],[-90.482964003179106,38.937852993147807],[-90.483068014614275,38.938199977751026],[-90.483265006172928,38.93866799073065],[-90.483326987232601,38.939087994195134],[-90.483409997853045,38.939394983641478],[-90.483420995028766,38.939936002325226],[-90.483451995889212,38.940435989374116],[-90.483380020173712,38.941106986206925],[-90.48338003364843,38.941502992388486],[-90.483338936622502,38.942133002205892],[-90.483194997767896,38.942609992520339],[-90.483071022173846,38.943069974370836],[-90.482833014437631,38.943571023669108],[-90.48265696081161,38.943935013988217],[-90.482418959363628,38.944460009672831],[-90.482170975836169,38.944880978618855],[-90.481839978993321,38.945430982831304],[-90.481457004729833,38.945811008947018],[-90.481228979073052,38.946061996642889],[-90.48091900729942,38.946602988208063],[-90.480681016631209,38.946974990391645],[-90.480484998846308,38.947396005883739],[-90.480146973584695,38.947712990399168],[-90.479852981941661,38.948179991143412],[-90.479624973352884,38.948422989294926],[-90.479241980224742,38.94896500658826],[-90.478744973819076,38.949507032312226],[-90.478393030958756,38.950016000327004],[-90.478155033104002,38.950291022867155],[-90.477927998288976,38.950525995835427],[-90.477359028744218,38.951164993346076],[-90.476572020113707,38.951949008875609],[-90.476178974837538,38.952506970383162],[-90.47583696015775,38.95279901412664],[-90.475454029013378,38.953493978919688],[-90.475071986302808,38.954028002058578],[-90.474864989308529,38.954544979551422],[-90.474460952246574,38.954948994479111],[-90.47418200289296,38.955393995939559],[-90.473756988372486,38.956097009884708],[-90.473436994993534,38.95675997955756],[-90.472949966175719,38.957212983344135],[-90.472659985510447,38.957762955436742],[-90.4724640225228,38.958111011943124],[-90.47230899396601,38.958410004644165],[-90.472121967418786,38.958837999663494],[-90.471729021855637,38.959185986625116],[-90.471429004313677,38.959355994741031],[-90.471056011231298,38.959638983284918],[-90.470506978895955,38.959962989722143],[-90.470082983064998,38.96018201915669],[-90.469802981784198,38.960425006195365],[-90.469419954520092,38.960788984709346],[-90.46879896443555,38.961152999771301],[-90.468209008449108,38.96151797410139],[-90.467783983148834,38.961808983254336],[-90.467048967210332,38.962205999759313],[-90.466169013490614,38.962562973035318],[-90.465351011186172,38.962991993493858],[-90.464461016996523,38.963365003483261],[-90.463621994114419,38.963730010422786],[-90.462410967195055,38.964321987063556],[-90.461769023008173,38.964451981335301],[-90.461064031461419,38.964744035221813],[-90.45986300009622,38.965051974533317],[-90.45860999490364,38.965514990148804],[-90.458185971224921,38.965644992708384],[-90.457315995093055,38.965912001252107],[-90.456569976588966,38.966180016661021],[-90.456020978389574,38.966333995236802],[-90.455130968928586,38.966633987644286],[-90.454405992561689,38.96681296413967],[-90.45402299763694,38.966869991115729],[-90.453701988263418,38.966903001896782],[-90.453204987247631,38.966959956161787],[-90.452935984939174,38.967057992347712],[-90.452510982995108,38.967236017886336],[-90.452085987339245,38.96747898911368],[-90.451651005112367,38.967609017403582],[-90.451279043295926,38.967730995929898],[-90.450792011783179,38.967763999325356],[-90.449632017256789,38.967522942807804],[-90.447944030735641,38.967105018769516],[-90.446864012320688,38.966993992920557],[-90.446700998639344,38.966977990086292],[-90.445302987393603,38.966826009078474],[-90.444101997350899,38.966795972958366],[-90.443292998860542,38.966983006338268],[-90.442795992454862,38.967136973390382],[-90.442515003027253,38.967181986140567],[-90.442029994520524,38.967259001620675],[-90.44135701084565,38.967267997592124],[-90.441276019637939,38.96726997209592],[-90.440672961723095,38.967284980278841],[-90.440077992239068,38.967364028817492],[-90.439937979920572,38.967382999950779],[-90.439202966677001,38.967287019039112],[-90.43876097220101,38.967155979506792],[-90.438498014656091,38.967078004947147],[-90.437287037144074,38.966756978506673],[-90.436509973762071,38.966572004264393],[-90.435639931154896,38.966241973842578],[-90.434865009356514,38.965923004065054],[-90.43479594238589,38.965895015442364],[-90.434542985785029,38.965790979975431],[-90.433744979978798,38.965526042614179],[-90.432306019929143,38.964914006952043],[-90.431363987233397,38.964576004834505],[-90.430534984159976,38.964245993052771],[-90.430141999070941,38.963980009182315],[-90.429779969028303,38.963778018321875],[-90.429438001060888,38.96373799125282],[-90.428432995565416,38.963747987894287],[-90.427966987325263,38.963813014224222],[-90.427242950596153,38.963806020353587],[-90.426165992741346,38.96377498971539],[-90.424725984357778,38.963784999622703],[-90.423824986704219,38.963721018192949],[-90.423027961858267,38.963714018725398],[-90.421899000531681,38.96368301109672],[-90.421433032715711,38.963684007129601],[-90.420243019187481,38.963603975214063],[-90.419269010959226,38.963654008792247],[-90.418379011379685,38.963550000068992],[-90.417591979392967,38.96351898887611],[-90.41659794053048,38.963455007206171],[-90.415396003663474,38.963432002680051],[-90.414392003382801,38.96332799363087],[-90.413107984753353,38.963330015042949],[-90.411161020224,38.96315397176901],[-90.409669973159225,38.962914003873621],[-90.407536983704219,38.962705966639348],[-90.406366992725339,38.962553996722619],[-90.405217994476345,38.962272970715418],[-90.40436898592155,38.962143997836762],[-90.40329199482909,38.961813988696306],[-90.40196698876818,38.961540999505516],[-90.400755970831952,38.961339975405068],[-90.399481957638145,38.961050999074452],[-90.398249997277716,38.960599984036172],[-90.397246005980222,38.960382989963001],[-90.395816023693499,38.960037012923117],[-90.394873987404495,38.959641954789625],[-90.394304986418717,38.959496999839921],[-90.392720988874842,38.959071022650839],[-90.391479027570369,38.958434010400197],[-90.391157990349072,38.958336998204608],[-90.390815999923774,38.958249023507847],[-90.389315000423949,38.957765995476876],[-90.387804035014383,38.957081005892469],[-90.386592964077579,38.956718002366351],[-90.385757007145543,38.956439004159776],[-90.384522977965005,38.955945021601536],[-90.383125999781839,38.955453013227348],[-90.381780001889368,38.954817019098066],[-90.380921006763543,38.95442202407343],[-90.380041981901826,38.953946011605552],[-90.379245019937954,38.953640005894059],[-90.37809598575636,38.953244988241877],[-90.377246978998173,38.952826009641441],[-90.376399000811006,38.952624004447948],[-90.37596397726162,38.952471040469476],[-90.375114014695981,38.952275004438114],[-90.364890014461267,38.948179007467992],[-90.361642997272952,38.946878005825717],[-90.346441988106079,38.94078995189107],[-90.340612996297224,38.937547989127367],[-90.339513994683685,38.936793023280579],[-90.338705946610887,38.936182011884121],[-90.338201989041551,38.935831001662955],[-90.335898046594707,38.934625999250386],[-90.333532985470882,38.933489001024682],[-90.332512987991635,38.933048008621483],[-90.330634010657931,38.932214962381643],[-90.327688019819632,38.931060995634006],[-90.327596985447059,38.931025042272282],[-90.325445997347018,38.930270027250025],[-90.324178972147791,38.929826998055205],[-90.323579979109596,38.929652999455833],[-90.322653003974651,38.92938499335618],[-90.321126988190812,38.929086985854191],[-90.320471001539417,38.929003002864569],[-90.319617001944891,38.928873004368988],[-90.319052007445265,38.928666971377503],[-90.317571994387123,38.927911989258284],[-90.314123993527019,38.926310009434971],[-90.31300999453984,38.925852009836113],[-90.311820003469478,38.925233988271088],[-90.311178996225436,38.924860011651226],[-90.310416015732145,38.924470998341818],[-90.309454012589313,38.924120023811007],[-90.308612997243927,38.923947984827279],[-90.307760982926169,38.923799978286588],[-90.306112979520009,38.923525036792249],[-90.305258015134854,38.923555984414307],[-90.304128997214434,38.923562993438679],[-90.303213983147472,38.923600979417536],[-90.30246596679018,38.92359399835189],[-90.301290010997832,38.923456992091836],[-90.298710979258161,38.923394945091566],[-90.29572100241198,38.923411002495072],[-90.294748002991781,38.923429009761755],[-90.294500006887915,38.923433949424101],[-90.29176798397053,38.923563005319558],[-90.28905196004834,38.923724005123852],[-90.286534991115019,38.923860999686333],[-90.285634008732814,38.923930001454004],[-90.284703980224222,38.923968022878803],[-90.283711981435744,38.924048003804891],[-90.280752014608282,38.923951965601368],[-90.277470985406666,38.923715997424182],[-90.275811993807949,38.923547998360831],[-90.273885012302088,38.923219993518472],[-90.269872002569329,38.922556014085934],[-90.267904003987596,38.922037014161674],[-90.265202989117185,38.920893008928729],[-90.262791993539622,38.920344000440636],[-90.260899992430907,38.920328002449082],[-90.259189971134163,38.920549994702959],[-90.256993004562943,38.920763003259438],[-90.254033001802838,38.92048901169094],[-90.250248009642007,38.91934398274644],[-90.246402981274116,38.917116003048292],[-90.241703011877277,38.914828017457964],[-90.236026989686579,38.912600030879993],[-90.230336024919438,38.910859980637312],[-90.228110981503988,38.909948027605445],[-90.225967033500822,38.908976009432465],[-90.225850011765388,38.908922999281536],[-90.223040993346686,38.907389000412223],[-90.219866992122974,38.905191994604337],[-90.216586003345554,38.902788005931839],[-90.215195016925335,38.901729991800131],[-90.213519015726717,38.900453998623938],[-90.211291996915961,38.898653012419281],[-90.209009996718251,38.896647974365145],[-90.20780001004799,38.895692002067136],[-90.203583982857637,38.892363966688237],[-90.197610018233277,38.887648009626155],[-90.195209988390374,38.88674801399204],[-90.192663001353537,38.88648798851726],[-90.190308994897592,38.886248008693769],[-90.186909004497835,38.885047964558204],[-90.182908957454643,38.883348008003658],[-90.182408951574232,38.883147964288703],[-90.180338012349154,38.882277959108215],[-90.174818023031719,38.87995798622012],[-90.170509005836422,38.878148028969314],[-90.166408991573448,38.876347993319285],[-90.163309005240947,38.874747994688633],[-90.157708009444463,38.871047987620166],[-90.155707967058248,38.869747984494545],[-90.151507981982235,38.867147992248654],[-90.146308007603309,38.864847983760093],[-90.144807982775589,38.864247985669515],[-90.144207997099002,38.864047983315558],[-90.141867001841618,38.863306008823081],[-90.140107994514125,38.862748008160722],[-90.134908023728443,38.859647995542879],[-90.131907013773969,38.857947986122781],[-90.121010995553291,38.852923988986113],[-90.116507037653122,38.850848011224187],[-90.113326997954076,38.849305992254905],[-90.111785998271301,38.846796000330833],[-90.110206980987371,38.844747994206287],[-90.109406994395954,38.843547994519291],[-90.10910702087142,38.837447948435603],[-90.110007041157942,38.833548012931196],[-90.114707001571645,38.815048028526753],[-90.117706982955141,38.805748008448475],[-90.12310701124953,38.798047983196909],[-90.1444079953189,38.784549034737694],[-90.146708027399328,38.783049006076936],[-90.160407981370838,38.776148991777909],[-90.166409010438073,38.772649008395469],[-90.167808993485863,38.770849006998354],[-90.171208978495713,38.766749012363093],[-90.17130903195374,38.766548989582333],[-90.172835004618449,38.764018990185789],[-90.174766007881829,38.760816985962542],[-90.17510898735226,38.760248988739953],[-90.175108985555624,38.760049011481428],[-90.175331977053531,38.759009949387909],[-90.176308992841385,38.754448995503139],[-90.183409001962588,38.746848989701185],[-90.183609002877461,38.746748967306416],[-90.191309008455022,38.742948999692132],[-90.205209997302276,38.732149993522654],[-90.209765979335486,38.726236022237785],[-90.209909999038459,38.726050003188817],[-90.211409996018432,38.721350016200432],[-90.211909981237568,38.71794999526611],[-90.212009987983208,38.711750007473164],[-90.211230439861126,38.709244284916537],[-90.20920998954827,38.702749979795449],[-90.204458592499719,38.696437595257059],[-90.202209974596286,38.693449981367138],[-90.199209975246475,38.690949999481646],[-90.197682971315814,38.689652998537703],[-90.196868074487298,38.688960041062032],[-90.195958986606286,38.688186978771839],[-90.195210018933096,38.687550002415378],[-90.192176973258952,38.683138995559077],[-90.190051992284694,38.680047001516435],[-90.188334000236424,38.677548984083892],[-90.186786013457365,38.675296984526852],[-90.186410001137304,38.674749992769726],[-90.185510020376654,38.672750014041128],[-90.183148653125272,38.666724498564157],[-90.182609969382,38.665349971287199],[-90.181410017791777,38.660649979986239],[-90.181309985893293,38.660350025334608],[-90.181109993063288,38.659549991878031],[-90.180537230831391,38.656754025305908],[-90.179790998528247,38.653111636241142],[-90.1789662022653,38.649085404468387],[-90.178384972513527,38.646247997116816],[-90.17812043662866,38.644955382281076],[-90.17770998559557,38.642950013584674],[-90.177709982900623,38.642749980979652],[-90.177610012087598,38.641249980359284],[-90.178009976188065,38.633750001042465],[-90.178410004967233,38.631150014552084],[-90.178809984339082,38.629149970550792],[-90.180614141891084,38.623788486903102],[-90.180870778889641,38.62302579785274],[-90.182409981043548,38.618451009956992],[-90.183710018431157,38.614951002070335],[-90.18450999873437,38.611551020324526],[-90.184709977191361,38.611251000531745],[-90.184994002924626,38.610714982495374],[-90.186509979136844,38.607850971191674],[-90.188215602281986,38.604941628837032],[-90.190776364983719,38.600674989717014],[-90.191811005002094,38.598950951741294],[-90.194776755183369,38.595773445473682],[-90.196010990078094,38.594451002275541],[-90.201110981965883,38.58995099540374],[-90.202510997353031,38.588650987187314],[-90.20287765012614,38.588432935119329],[-90.206210970260429,38.58645098971801],[-90.207383410046759,38.585699454786074],[-90.210111007863077,38.583950979113837],[-90.215871368384214,38.579413174805978],[-90.216711990267527,38.578750951283467],[-90.219912025566472,38.577451003656421],[-90.222112028443391,38.576450982016112],[-90.222911993475236,38.575950985639309],[-90.224211950014478,38.575050984514661],[-90.224511999895782,38.574651007707118],[-90.232511143564636,38.564609449703738],[-90.237813018337832,38.557952031121815],[-90.240012978095592,38.555251991943585],[-90.24281296754738,38.551951977751713],[-90.243862159375055,38.551077690022431],[-90.247012994844198,38.54845201535116],[-90.248912993653875,38.544751996880322],[-90.249342624616602,38.544099728006373],[-90.250340988867194,38.542584024249699],[-90.253754009330095,38.53740398602497],[-90.257413026247065,38.53185198833733],[-90.258014015341814,38.53115200835429],[-90.260313995319947,38.52835198167179],[-90.262113996367134,38.524151990706791],[-90.263433995218662,38.521355995009479],[-90.263813994261952,38.52055198016599],[-90.264168585355733,38.519083130779244],[-90.265213998869314,38.514752007221354],[-90.267413991864728,38.510051977620201],[-90.268813993777144,38.506151979877039],[-90.27131400072129,38.496051991446471],[-90.274913981256091,38.486252972865991],[-90.27591497397718,38.479553001533809],[-90.277222911149394,38.476737999276445],[-90.279215003445344,38.472453016318987],[-90.282515019438804,38.458053003184197],[-90.284014995757488,38.451052997384743],[-90.285214965314026,38.443452998084467],[-90.28686101308783,38.44116698754754],[-90.288815017714043,38.438453003650189],[-90.289314989458475,38.437552995819523],[-90.295315994271192,38.426752976736658],[-90.296015984896769,38.426052983915781],[-90.312842999525145,38.410504976052934],[-90.320931003643594,38.403033006269823],[-90.322317002617353,38.401752995827827],[-90.32851701121497,38.398152984817202],[-90.343118009552441,38.385452980610317],[-90.344793999971273,38.38344098795357],[-90.346118001715709,38.381853007930573],[-90.346798030877366,38.381102994767389],[-90.347469024783905,38.38040898407661],[-90.3480349813792,38.379794986487319],[-90.348200998128533,38.379615012323647],[-90.348780923526505,38.378851976950777],[-90.349269988825071,38.378249975135716],[-90.349742974280048,38.377608979080883],[-90.350093990078989,38.376868987462373],[-90.350337965323632,38.376280973560007],[-90.350688973936073,38.375739991788421],[-90.350918037146997,38.375052986200835],[-90.35499502758924,38.363956008952798],[-90.356317989084573,38.360353988895028],[-90.368218977766432,38.340253981631179],[-90.37081898247304,38.333553964205514],[-90.372518989351008,38.323353997922169],[-90.372508999186721,38.32308900735476],[-90.372119003690969,38.312553999470637],[-90.372018985267218,38.311954000787004],[-90.371718939877496,38.304354020140053],[-90.373818984517783,38.294454014369514],[-90.374081007814809,38.291488973422133],[-90.37404800999947,38.289589982035672],[-90.373990973267141,38.286250998955353],[-90.373974972475295,38.285348027818891],[-90.373929011970418,38.28185300039344],[-90.373612006388115,38.280605027672685],[-90.373319002891904,38.279453999524314],[-90.372784001342964,38.277802006725615],[-90.371869017818753,38.273926001606519],[-90.371213003319582,38.270599992108288],[-90.37089197867472,38.267440989119301],[-90.370830989355113,38.265869977382415],[-90.370918976642258,38.264054014055731],[-90.369819005746535,38.261754015418795],[-90.368343977439892,38.258361987067431],[-90.368210977370524,38.257776980483058],[-90.367764017905955,38.255807015381166],[-90.367351994821107,38.252571991728182],[-90.367012991294132,38.250053995708818],[-90.366625021499331,38.248333000865017],[-90.363925966752859,38.236355020828825],[-90.359558987560476,38.224524987748339],[-90.356661582104351,38.218509274184193],[-90.356175991489295,38.217500973499078],[-90.355793016327482,38.216887024201846],[-90.355430005324536,38.21630598703122],[-90.353902022230216,38.213854980071353],[-90.353413974722883,38.213212987468211],[-90.352362006202682,38.211828039286253],[-90.347775988997952,38.206537981383818],[-90.343303976985922,38.201303945325748],[-90.339863977420066,38.196329999448494],[-90.334257995075447,38.189931980481838],[-90.331553994205024,38.187580023753185],[-90.322352961279876,38.181592992602297],[-90.316839005946207,38.179456002491087],[-90.310629991737869,38.178571994337943],[-90.300489990270407,38.175245994199656],[-90.290764986209709,38.17045298219282],[-90.283090994944473,38.164446990236357],[-90.274927995872844,38.157614988913316],[-90.266405987792837,38.146199003765425],[-90.258189010752417,38.135123981297291],[-90.25575899065376,38.131907005612085],[-90.252665933027046,38.12781199876175],[-90.252484034961796,38.127570980989645],[-90.250117994674298,38.125054016576996],[-90.249976987022478,38.125054004563502],[-90.247098008707738,38.119855978678466],[-90.243116035768054,38.112668994901824],[-90.218707988438354,38.094364993844657],[-90.20712803248621,38.088204995646805],[-90.206685013930823,38.087968984459572],[-90.17221999731369,38.069635985340383],[-90.1683090074511,38.071756980269718],[-90.164364015456712,38.073897961920451],[-90.163410992771787,38.07434697416317],[-90.162613970620797,38.074586994376645],[-90.161561989524174,38.074890007518583],[-90.160595987081706,38.074919017280457],[-90.15980602209558,38.074931005734669],[-90.159140975036237,38.074712011944072],[-90.15885099167599,38.074734996065565],[-90.158532979082253,38.074734996772676],[-90.157201982156707,38.074048026394749],[-90.155118993828722,38.073178035689999],[-90.15419401385202,38.072674958742724],[-90.152544993552965,38.072011008446751],[-90.152198005799747,38.071828005338197],[-90.149159995137012,38.07059100741936],[-90.14752198997995,38.070088986216248],[-90.146328982366882,38.069777010539532],[-90.144553005863642,38.069023016797914],[-90.143202033101119,38.068417997943484],[-90.141640983919515,38.067634002993913],[-90.138604013505883,38.065854998335539],[-90.137558020578936,38.06519298766198],[-90.136714014741955,38.064659975589223],[-90.133864991648693,38.063955001952692],[-90.130788013865569,38.062340973718193],[-90.129599987410757,38.061435021738298],[-90.12879099520859,38.060659004526862],[-90.128158973812347,38.059644004828378],[-90.127431005157234,38.057771993714766],[-90.126395995032951,38.054897004337732],[-90.126301980948597,38.054435991252319],[-90.126005988757427,38.050569994407162],[-90.126139986855094,38.047087979780478],[-90.126176974986905,38.046972993742969],[-90.126611985959883,38.043980981408154],[-90.126555991273278,38.043142022726222],[-90.126531955949545,38.041666009911459],[-90.126193997163227,38.040701998055916],[-90.125113976951653,38.039260994252125],[-90.123445032019589,38.037868988043869],[-90.122525989008594,38.036959014402392],[-90.121303010004368,38.035657002922569],[-90.120237993454666,38.034534993650858],[-90.119105032828443,38.033267015218307],[-90.11742300662921,38.03170800570863],[-90.115714973304179,38.030324983848125],[-90.114871982563471,38.029585994389123],[-90.114256477592036,38.029074986281138],[-90.113425986908496,38.02864298588522],[-90.113018960253271,38.02836200580294],[-90.112529984786235,38.028006973118508],[-90.112012985475616,38.027612001613626],[-90.111426998246088,38.027158983359897],[-90.110519998049824,38.026546991515808],[-90.109367978766528,38.025954983736881],[-90.107735996813432,38.025138014374058],[-90.107046038572946,38.024771011147521],[-90.106482996112447,38.02455999455217],[-90.106007000402954,38.024148972679562],[-90.105046988825109,38.023640983712689],[-90.104096978191336,38.023109978865435],[-90.102146994424317,38.022028997042504],[-90.100219009500279,38.020900004409455],[-90.099100985162309,38.02019599357282],[-90.098556969019484,38.020034009474777],[-90.098183028214493,38.019971003924638],[-90.097817985222363,38.01994000500423],[-90.097410979228385,38.019618997012351],[-90.096605001772318,38.019395978645967],[-90.095403978491973,38.018778951778849],[-90.094455001819085,38.018223040785202],[-90.093774001578609,38.017832973339125],[-90.093656009662681,38.017765985024766],[-90.092996990298886,38.017360013510668],[-90.092838002866642,38.017260004183157],[-90.09236398255247,38.017123017941728],[-90.09144500152523,38.016971012248952],[-90.090459016957581,38.016622992385159],[-90.089719995431224,38.016215979844965],[-90.089053990767781,38.016043005855103],[-90.088259997735918,38.015771989708583],[-90.086824995663406,38.015521001385579],[-90.085266982787459,38.015679996095948],[-90.084148016116728,38.01538603530409],[-90.080959019315983,38.015427998230436],[-90.077165993521561,38.015965975368744],[-90.074701997342231,38.016495978184075],[-90.074152000216273,38.016615010700299],[-90.072283000470449,38.017000992603613],[-90.071292019473191,38.016950009998929],[-90.070619013340419,38.016916007657642],[-90.06951299768113,38.016863967661202],[-90.067847984675083,38.016859991694147],[-90.066640016519258,38.016862987469999],[-90.065949016233034,38.016883022292916],[-90.065350014211688,38.016864009416658],[-90.065044987663697,38.016874987557493],[-90.064227999557204,38.016675995761091],[-90.063621985286758,38.016584006821731],[-90.062824026192928,38.016449988216053],[-90.06177498168897,38.016172947995813],[-90.061173966543066,38.016023007604375],[-90.060354015792754,38.015818006287994],[-90.059525967628474,38.015586981111113],[-90.059366964026552,38.015542993454481],[-90.058614030291395,38.015118992790015],[-90.057269041206965,38.014362004921203],[-90.056432996240034,38.013051001078992],[-90.055399019178338,38.011953014709086],[-90.054446991826751,38.010322992159388],[-90.054286002948047,38.010063978007203],[-90.053831992606817,38.009628966424806],[-90.053792023864887,38.009187957251207],[-90.053540978878956,38.00843999346116],[-90.052941018355199,38.006721000918503],[-90.052883031205297,38.005906990313065],[-90.052551019266176,38.005482033552731],[-90.052357014605846,38.005163996008633],[-90.052123992519455,38.004782019000082],[-90.051808997366777,38.004091004354208],[-90.051356992065266,38.003583987678773],[-90.04997504000184,38.002551998917831],[-90.04910597925327,38.001715022761225],[-90.047487975086014,38.000816982925684],[-90.045897493502437,38.000051991302243],[-90.040431016826489,37.99811598601768],[-90.033691009352012,37.995732997776777],[-90.033589009244778,37.995704010436079],[-90.032409940789961,37.995258001656708],[-90.023827023340445,37.986310000127666],[-90.017157016186204,37.979357019134198],[-90.008352997294125,37.970178999819758],[-90.00010998797508,37.964562976082611],[-89.99710302129192,37.963224983512113],[-89.992221981178218,37.962636009189609],[-89.986295984793401,37.962197993112532],[-89.98439201093862,37.962354987188895],[-89.978933474471461,37.962796494666414],[-89.954909984236792,37.966647008326376],[-89.954832968972539,37.9666604875705],[-89.954735995837623,37.966644012623682],[-89.954635994481862,37.96663399507802],[-89.942099026426632,37.970121002809755],[-89.942027041727982,37.970041018458048],[-89.940007998176867,37.967778994886444],[-89.939305982748621,37.966458023156214],[-89.937739973968334,37.964993999254602],[-89.937566029586606,37.964407995962581],[-89.937339016331151,37.963382983920155],[-89.936991002701888,37.962213004402763],[-89.936929976551369,37.961041988478058],[-89.936407987997654,37.960018976345388],[-89.935886017410226,37.959580985738597],[-89.934841007240209,37.959288987952576],[-89.933796972640593,37.959143026517019],[-89.932056990732505,37.959289001409815],[-89.925085014895473,37.96002097578554],[-89.925069978894257,37.959688986527318],[-89.925041996373153,37.957217950916473],[-89.924810991004577,37.955822986341509],[-89.924868968273003,37.955113996040097],[-89.925388967058367,37.954130000157861],[-89.925966986231316,37.953490002677711],[-89.927404032869418,37.952101996911971],[-89.931108992324965,37.948525957431677],[-89.932466959370288,37.947496988397894],[-89.933305010275262,37.947131033934888],[-89.934055991971306,37.946948011391036],[-89.93593398744639,37.94676399592894],[-89.937176010734646,37.946512998163662],[-89.93792698434585,37.946193004132674],[-89.942691992667591,37.943012997544471],[-89.945002984194474,37.941617010860298],[-89.947428999603588,37.94033598679858],[-89.948207997058404,37.940130008119311],[-89.953348977275994,37.940083016685904],[-89.954505012028619,37.94026602232276],[-89.955832954682194,37.940219990937941],[-89.957738980289108,37.939900033972627],[-89.958169985674218,37.94000798222396],[-89.958460992215564,37.940081959663473],[-89.959646010212495,37.940195983392144],[-89.959876984140038,37.939784995974314],[-89.96065599147633,37.938365995458255],[-89.961291952883414,37.936651005751578],[-89.961494005550378,37.936398988634899],[-89.962734980504678,37.935826983913003],[-89.963052969742193,37.935551994283003],[-89.963023997277674,37.935232025498479],[-89.962272953597846,37.93436299563318],[-89.962244019760874,37.93415703918302],[-89.962475016146286,37.933951019097599],[-89.963975996781485,37.933515984906101],[-89.966517006428447,37.932508978532049],[-89.968365008054505,37.931455974630857],[-89.969291986782707,37.930852002814198],[-89.973560985828726,37.92806899124033],[-89.974456006990707,37.927244992951486],[-89.974917994371651,37.926718995841647],[-89.974945986774216,37.925780966271965],[-89.974569994217106,37.923790991593357],[-89.974250973713623,37.922006985306943],[-89.974221018492159,37.919216988873707],[-89.974105019937852,37.918598996175369],[-89.973642021053891,37.91766100617965],[-89.971649012476334,37.915259995531493],[-89.969193005014816,37.911235008474847],[-89.969105989704829,37.910938012602685],[-89.967950007952808,37.908994007630369],[-89.96789297211879,37.908718988521905],[-89.967805999927933,37.908696001230204],[-89.966246049385916,37.905699975489568],[-89.965726009278043,37.904557018519007],[-89.965609010000492,37.902726992710512],[-89.965696001055989,37.902497986779217],[-89.965637944735789,37.902338019603434],[-89.964599017058561,37.90146901353571],[-89.962721997153878,37.899594001037066],[-89.961162010679246,37.897764024069204],[-89.959054016847006,37.894608013042635],[-89.959024992280177,37.89437901516726],[-89.958447988203503,37.893556002691618],[-89.953610959250511,37.885087021919034],[-89.953250021559256,37.884452984412256],[-89.95316300445262,37.884064012579927],[-89.952846015039995,37.883789975159615],[-89.952499010218773,37.883217982427396],[-89.951575999349174,37.882302964479805],[-89.950593994318254,37.881526000735825],[-89.948195009216036,37.880196008965697],[-89.946179010055417,37.879078000178566],[-89.940205023871485,37.876036001983941],[-89.939390993917215,37.87576697270331],[-89.938154963290245,37.8753590139588],[-89.937739998222838,37.875052002124256],[-89.938387994359786,37.874494017714149],[-89.937843971030446,37.874567992977745],[-89.937383010423886,37.874692983661781],[-89.930745968745597,37.872822010445638],[-89.923184981949817,37.870672029662437],[-89.919491975477456,37.870054017186952],[-89.916693006511835,37.869801993152066],[-89.913316992147031,37.869641026669662],[-89.90414099167559,37.869548002520524],[-89.901832015968196,37.869821946138117],[-89.897301021472941,37.871604989588455],[-89.890326992985493,37.875051998578812],[-89.887248980343159,37.876505010275444],[-89.884160020830777,37.8780820047078],[-89.881474977107786,37.879591010746232],[-89.879511011961696,37.880916011943469],[-89.878384981837883,37.88173898278388],[-89.876594018740775,37.883293985907223],[-89.875107969902231,37.88485798095823],[-89.872604994924401,37.887574008009295],[-89.872412000868763,37.887785000228426],[-89.869497009992614,37.890954984760292],[-89.867189990815916,37.893244010755794],[-89.866987986657989,37.893518996248552],[-89.862948980579205,37.896905993398143],[-89.861794989493873,37.897639034261033],[-89.860237015245474,37.898325992489895],[-89.857551997573637,37.899013018028313],[-89.857032993223285,37.899287970628819],[-89.856080975753173,37.900729011029419],[-89.855331013644957,37.901277991530627],[-89.851781008186052,37.903315980812664],[-89.851637017229152,37.903544973566312],[-89.851399001408097,37.903741990475069],[-89.851047993693996,37.903980002193762],[-89.850524005490456,37.904171974782557],[-89.849693981930855,37.904246983442256],[-89.848732985799472,37.904432999966943],[-89.848409992047493,37.904495978557208],[-89.847306995625885,37.904728009811905],[-89.846340000545027,37.905093007273329],[-89.844785988765366,37.905571999548258],[-89.843835998792841,37.905403968723725],[-89.842648987434274,37.905195989061042],[-89.840314984663095,37.904095970172783],[-89.837086017323784,37.902271999727347],[-89.836254004894144,37.901801995188706],[-89.829868965805886,37.89774596920342],[-89.82456600496954,37.894563989741059],[-89.820437984829255,37.891841981997715],[-89.816601023332609,37.889535988427767],[-89.81364704736977,37.887710004568689],[-89.810905009135269,37.886300036925057],[-89.810676970902065,37.886183003670467],[-89.806871981344699,37.884407987967187],[-89.803913001765721,37.882985020499532],[-89.800710974901776,37.881991991224773],[-89.799332977222249,37.881516981947669],[-89.798269057515512,37.880481989970313],[-89.798040985146329,37.879654983396939],[-89.798285976385571,37.878587994793875],[-89.798381996407969,37.877160973885623],[-89.798321967387423,37.876639983523546],[-89.798213962940821,37.87570397591557],[-89.798070006119914,37.875051019330357],[-89.797677999296226,37.874201982610465],[-89.797755027136887,37.873741999961091],[-89.798222001964291,37.873090994461982],[-89.79864096812797,37.872610015222456],[-89.799152955737625,37.872023983107148],[-89.799834989040676,37.871367027785041],[-89.800033989232318,37.870883998551449],[-89.799929976000499,37.87034202384541],[-89.799976008370606,37.869931012722205],[-89.800359937543249,37.868625009866768],[-89.800274001109926,37.868529003171332],[-89.799356999969575,37.867510981134096],[-89.79751700592594,37.862084998833737],[-89.796861026461073,37.860932972522619],[-89.796086979621791,37.85950502735605],[-89.794993966177927,37.858259954944934],[-89.79371799914837,37.857053982860023],[-89.786368969843878,37.851734008289789],[-89.783147002177273,37.854229989236543],[-89.782035001941566,37.855091998278503],[-89.77982804610437,37.853896008693042],[-89.775996997318913,37.85268597397355],[-89.774306012221359,37.852122999034158],[-89.76952100290984,37.852212978847668],[-89.767265000854763,37.851991992723498],[-89.765222041455814,37.851782003086726],[-89.761991968290417,37.850656989850151],[-89.761163002946219,37.850221999432996],[-89.759883020447333,37.849378994662537],[-89.758594008083222,37.84839099493135],[-89.757362986462269,37.847613001094558],[-89.754103978561545,37.846357999632716],[-89.750103980027362,37.846963014653141],[-89.749960962844227,37.846983970468592],[-89.749858014116043,37.846983981108977],[-89.748981002378869,37.846990009930408],[-89.747784022415615,37.847003980706035],[-89.746978939681568,37.846489974301043],[-89.746139997647845,37.84631996501821],[-89.745645000773465,37.846185003622047],[-89.745003011670832,37.846379981358126],[-89.7447439608991,37.846118989443355],[-89.744668996488627,37.846135992209],[-89.74411198531692,37.84632200727421],[-89.743182958429855,37.846690989298317],[-89.741981989946751,37.846953007046835],[-89.740723025330567,37.847067961788248],[-89.739873017849163,37.846930002599258],[-89.739671030759226,37.846233004868473],[-89.738875972325445,37.845215997137949],[-89.738174994451356,37.844683984171766],[-89.737079966086313,37.844018000108591],[-89.736439008249633,37.843493975455686],[-89.735672992348981,37.842557976013673],[-89.735199019645506,37.841793993845165],[-89.734373963769428,37.84077598704998],[-89.733775012053755,37.839511015274731],[-89.732736962928882,37.838506994049347],[-89.731587971866404,37.837436989706646],[-89.731021004666417,37.836745004658965],[-89.730323040640101,37.836026994315731],[-89.729426017133363,37.835081005831789],[-89.728564972950394,37.834377004961596],[-89.727245991890086,37.833183991991291],[-89.725751991164643,37.832158992739899],[-89.72424600781163,37.831174012575367],[-89.722822998248148,37.830189994139253],[-89.721784015773693,37.829210005467822],[-89.720626003829139,37.82809097981562],[-89.719955989086273,37.827527008238995],[-89.719013005972968,37.826830987976265],[-89.717479955482148,37.825723993042807],[-89.715883994175329,37.824737988924163],[-89.711897037382428,37.822433998708966],[-89.710139991077199,37.821341003575583],[-89.708334987312199,37.820158987484206],[-89.706750963717184,37.819059991423707],[-89.704671019779695,37.817922003668933],[-89.703453000374168,37.817181987209921],[-89.702843962374459,37.816811981875645],[-89.700701008806305,37.815828027405658],[-89.699460989659471,37.815418977601283],[-89.696559019863372,37.814337036741691],[-89.694949971001193,37.813591992472645],[-89.693412956245012,37.812736001245838],[-89.691793001835265,37.811990982691839],[-89.690063016379654,37.811148001598568],[-89.689555009205009,37.810819964917584],[-89.688598980757149,37.810202993648929],[-89.687060977854145,37.80941100029353],[-89.686570977409374,37.809237976549468],[-89.684943954156665,37.808660960241376],[-89.68284999739906,37.807788971944518],[-89.681196996664966,37.806673026866584],[-89.679544002219089,37.806064998577114],[-89.67760501293283,37.805065965408801],[-89.675318973011272,37.803562977296153],[-89.674292009995327,37.80313999331694],[-89.673182000426294,37.802254973447269],[-89.67125500364908,37.801143992114291],[-89.669643973103376,37.799921989952061],[-89.668642992060384,37.798595008423895],[-89.667862996577284,37.797367973252179],[-89.667208994304346,37.796463990352045],[-89.665914023414942,37.793947049687908],[-89.664345024143074,37.791500009233737],[-89.663982009546885,37.790800979376506],[-89.663405018046632,37.790149008778506],[-89.662736976004112,37.789496010868497],[-89.662109007806436,37.788866976771679],[-89.661320015695765,37.788203973965722],[-89.660737993629922,37.787292986223342],[-89.660379993429629,37.786296015697438],[-89.660245020659886,37.784681007387697],[-89.660280010040196,37.782646989529447],[-89.660226997760333,37.781031995199385],[-89.660365983304459,37.779435996582642],[-89.660713990645519,37.777462005465075],[-89.661190005219638,37.77573200754987],[-89.662023984959731,37.77375699870759],[-89.6627890315782,37.771714975168202],[-89.663526991295896,37.770012980347175],[-89.664129948599438,37.768510019085674],[-89.664844004147412,37.76704201585008],[-89.665833012444324,37.765536016591398],[-89.666473976569222,37.764195000667634],[-89.666845998572754,37.762544970486161],[-89.667433003593487,37.761389005218355],[-89.667868043312552,37.760256980860916],[-89.667992999866883,37.759483985360724],[-89.667865969102536,37.758603036239947],[-89.667201968580514,37.757150015892186],[-89.666494051220866,37.755898994166316],[-89.666126974442946,37.75486197658708],[-89.666044984308641,37.753746989322998],[-89.665545972863256,37.752094994448278],[-89.665014995766811,37.751388009063348],[-89.664873007154696,37.751199013113002],[-89.664022002543319,37.750591978050167],[-89.663351999478564,37.750051992069018],[-89.660060957654792,37.748240009493919],[-89.65994899972263,37.748213990291433],[-89.658455003488754,37.747710031673286],[-89.655559986652946,37.746819977419939],[-89.652699987045239,37.746058988818135],[-89.64952998242623,37.745497997928425],[-89.648380994957037,37.745621994753819],[-89.648184996036761,37.745644019969895],[-89.646594016786509,37.746031027526151],[-89.6460979715782,37.746070991911886],[-89.645428973728229,37.746107987113916],[-89.643103985550908,37.74603102397451],[-89.640923023364778,37.74604000605413],[-89.640244992954635,37.746084994571788],[-89.63663597626639,37.746120984655839],[-89.63623300550465,37.746133007628671],[-89.6342329613218,37.745789984186594],[-89.633369997439061,37.745781981620368],[-89.632511983273517,37.746176976062763],[-89.631039006719007,37.746801011188474],[-89.629685011125545,37.747425024004812],[-89.628010016040022,37.748134980108112],[-89.627150026479185,37.748617994717897],[-89.626332004411807,37.749045995060257],[-89.625101016028523,37.749123003364438],[-89.624022976602134,37.74912001869663],[-89.622669973647064,37.749335000418469],[-89.621574982112961,37.749343979255904],[-89.619714996062669,37.749568015138706],[-89.618564985412362,37.749761991552404],[-89.618067010622809,37.749820015896525],[-89.61727799425762,37.749720006960814],[-89.61674802686754,37.749397986503297],[-89.616388972045115,37.749166984938341],[-89.616083977836496,37.748678968419377],[-89.615932994393418,37.74818399407684],[-89.616008001923021,37.747563971799728],[-89.615966002988557,37.746740036649989],[-89.616062999479666,37.746039982613382],[-89.616078998474862,37.745620010090242],[-89.616129987748707,37.744878979586105],[-89.616194007085738,37.744282996058196],[-89.616156988411205,37.743709002267806],[-89.61591599826825,37.743125015021462],[-89.615585966216017,37.74234997369787],[-89.613192995334614,37.74049798151011],[-89.612478004640408,37.740035978930443],[-89.612042970311265,37.74004499157369],[-89.611559013731721,37.73993295610633],[-89.611163995755206,37.739944006146494],[-89.61093903964175,37.740005016119987],[-89.610318974821951,37.740068978398476],[-89.609763983063019,37.739965008677302],[-89.608756986900872,37.739684007605881],[-89.608066011767477,37.739302999504666],[-89.606668001420047,37.738404006066858],[-89.60524299220674,37.737762983248437],[-89.603577992675412,37.736972991963484],[-89.602405974198959,37.736492002063407],[-89.602301066245118,37.736339015484042],[-89.601810992138496,37.735881991175468],[-89.600970013624007,37.735592999354871],[-89.600081975965068,37.735287982665575],[-89.597632048301406,37.733755995453819],[-89.596566003180683,37.732886002127728],[-89.595989005392227,37.732199984334834],[-89.59572997977331,37.731674044328734],[-89.595353972843156,37.731261993724509],[-89.595123031254971,37.730667989357109],[-89.594546957832932,37.729729999944503],[-89.594518009622902,37.729340998085213],[-89.593624007150467,37.727602024323318],[-89.593162999831492,37.727121967548179],[-89.592326987203904,37.725726010658036],[-89.59189402708472,37.724605990153698],[-89.591289044978552,37.723598993614956],[-89.591145036055337,37.723507982382749],[-89.591058009965565,37.723302005703133],[-89.590142023023176,37.72220999842542],[-89.588815029888835,37.720456991835448],[-89.588043999592287,37.719178977972149],[-89.587617015964696,37.718358014811976],[-89.587212989682499,37.717509952344649],[-89.586739962006703,37.716811981121388],[-89.586001981627774,37.715865987368119],[-89.585062981644441,37.714860016832439],[-89.584170011336241,37.71401197543841],[-89.584001976072472,37.713851973217039],[-89.583316016233297,37.713261000808807],[-89.58311598387742,37.713150002150151],[-89.582496029550384,37.712806003675936],[-89.58158500220668,37.712340995667901],[-89.580721025922614,37.712005994570141],[-89.579756002643805,37.711644964877749],[-89.578803009603291,37.711252009862072],[-89.577898004565242,37.710940995126613],[-89.577184004712805,37.710728979093957],[-89.576696957030364,37.710554984569264],[-89.573530977762161,37.709081495743014],[-89.566704031334496,37.707189000978943],[-89.556648994323268,37.705218003884156],[-89.5484959557715,37.703068988443349],[-89.538651985122783,37.701054001016473],[-89.535650057090052,37.700826993775749],[-89.534115995994526,37.700605994625263],[-89.531426996989339,37.700333986783939],[-89.5257299847637,37.69844098576943],[-89.521947990280992,37.696475018831499],[-89.519232986844955,37.69474403229885],[-89.516685008966348,37.692762004763203],[-89.516634012505989,37.692710017638262],[-89.516469002768076,37.692539003304347],[-89.516054989016553,37.692035980844963],[-89.514254982579473,37.689923001588014],[-89.512009003926337,37.685525002322422],[-89.512039951786207,37.680984968918509],[-89.513926986109681,37.67657497490606],[-89.515436018344758,37.671369980738227],[-89.516145999134622,37.66797498679319],[-89.516456977919674,37.664946972274407],[-89.516718013968216,37.660822990570047],[-89.516805987780614,37.656991990038804],[-89.516826977815541,37.656088973257852],[-89.515903006646894,37.650802983839476],[-89.515859977344803,37.645555025674838],[-89.517135983001907,37.643788992821101],[-89.517717959253687,37.641217008746779],[-89.515648992728956,37.636446006215415],[-89.510526012054711,37.631755013346336],[-89.509260971233971,37.629990017692052],[-89.5079209408499,37.627483026905864],[-89.506563033093386,37.625049987424568],[-89.503661014788264,37.622662993314101],[-89.503107998424625,37.622208985834824],[-89.502234971614058,37.621493014926223],[-89.501808983319819,37.621081992739299],[-89.50095997476501,37.620265019040616],[-89.500095991294415,37.619669006147369],[-89.49848799166449,37.617812995245892],[-89.497125006629972,37.616199993950204],[-89.496247985011351,37.615488004800333],[-89.495064008161833,37.614525984651841],[-89.492847011854707,37.613162983640706],[-89.49046200274168,37.611329993416255],[-89.487793004726299,37.609166978519191],[-89.485792036177003,37.607156986212672],[-89.483589925852442,37.604759991444027],[-89.480812032261696,37.601773998998688],[-89.478398974152242,37.598869013342245],[-89.476513969122976,37.595554000123066],[-89.475931996464482,37.592998002929207],[-89.476030022424908,37.590226006353802],[-89.476511010072429,37.588155944153208],[-89.477547981218976,37.585884980215745],[-89.479110950998674,37.584388009958644],[-89.481117964311508,37.582973006413042],[-89.482809984268272,37.582080970296623],[-89.484340005639964,37.581414993821213],[-89.486062011360914,37.580852972959057],[-89.487694000500525,37.580525021379671],[-89.489059989501328,37.580318054701827],[-89.489526007622956,37.580350970044577],[-89.49087198575252,37.58026400260146],[-89.492157965404232,37.580072992807587],[-89.492946995244139,37.580138022789924],[-89.494050942083319,37.580116030282035],[-89.495507978931442,37.580407987912594],[-89.497005006081068,37.58081301064734],[-89.500095957158422,37.581646990043829],[-89.50102599914176,37.581823011023367],[-89.502203989618224,37.582052000343154],[-89.503422981899206,37.58236098032647],[-89.50466198505147,37.582677993436164],[-89.505096956498562,37.582804006679979],[-89.505658994642602,37.582967997563671],[-89.505779983338314,37.583003979262259],[-89.506373982641847,37.583208992175848],[-89.507591004917415,37.58362899547847],[-89.509541980424515,37.584146997806926],[-89.511935996046574,37.584563967507478],[-89.512804021037638,37.584671976441115],[-89.513943003969516,37.584814978675631],[-89.515509995506733,37.584701015850413],[-89.516537986195374,37.584503982171817],[-89.517053991969291,37.58431299962924],[-89.518006981416562,37.58396200125361],[-89.519808008339794,37.582747997972604],[-89.520804006427909,37.581154976967383],[-89.521274013967712,37.578970989201181],[-89.52126499847553,37.577195933229234],[-89.521417973483565,37.574772991791541],[-89.521563982056605,37.572155987365761],[-89.521581010521132,37.571858008789206],[-89.52168001115362,37.568629981956633],[-89.521854993089519,37.566213993391045],[-89.52186199994874,37.566125986221763],[-89.521979000124603,37.56339700816001],[-89.521924998799605,37.560734994439144],[-89.521696999193978,37.557324969978502],[-89.521093016912701,37.55380497757146],[-89.52056800732467,37.551350005771894],[-89.519525032737107,37.548214993841256],[-89.518894004877566,37.54610798931003],[-89.518275000968103,37.542871980450371],[-89.517736994554539,37.540254994338163],[-89.517050990697939,37.53727800054299],[-89.516446967992479,37.535558009574359],[-89.515369951747203,37.534012994487739],[-89.513562961807111,37.53170099368586],[-89.512399992958819,37.529810012321299],[-89.511151008625447,37.528210006773215],[-89.509664994821193,37.526952002503563],[-89.508371969682699,37.525756004531303],[-89.507458983113366,37.524321979138605],[-89.506813999925896,37.523160000312238],[-89.506110997249166,37.522190993121576],[-89.504809007822445,37.520462982887928],[-89.50383798739081,37.519175024940658],[-89.502917007612069,37.517869977991722],[-89.50215496765486,37.51637000362858],[-89.501427000796383,37.515045979058371],[-89.500874983359353,37.514051993608163],[-89.500230975742284,37.512953995046985],[-89.500096010159055,37.512762011071658],[-89.499824990234444,37.5115820187117],[-89.499497998979464,37.510309972668487],[-89.498411987903239,37.507294009586253],[-89.497688997711435,37.504948033275049],[-89.49665302189824,37.502729999061884],[-89.495334007600249,37.500049028356685],[-89.494793964705948,37.498869996722036],[-89.494278997384498,37.497772000767085],[-89.493556975576567,37.496478011530272],[-89.492805000343822,37.495214004263516],[-89.492050988630297,37.494007957624795],[-89.49151999356755,37.493236005681666],[-89.491302986646033,37.492921995512063],[-89.490579031663628,37.49172396676687],[-89.48969600660395,37.490401998327634],[-89.488109985155759,37.48826901739239],[-89.486227944566934,37.485849034682033],[-89.484920974880296,37.484189998647203],[-89.483257017394678,37.481967001604673],[-89.482989989583217,37.481598992924255],[-89.482124982931509,37.480403011006707],[-89.481867018222957,37.480046997247307],[-89.480158981304655,37.477937022249044],[-89.478496019152402,37.475673980899138],[-89.477099999471619,37.473551980712386],[-89.475525007538494,37.471387995003724],[-89.474628962297089,37.47025100441838],[-89.472772009857522,37.468072986404735],[-89.47120101273245,37.466472976542612],[-89.469889988948935,37.465369025614763],[-89.468765014345578,37.46441400290513],[-89.466494979707448,37.462591994720555],[-89.46424999638765,37.460939986473576],[-89.462683017426841,37.459888005406924],[-89.46022904015787,37.457797018364531],[-89.457453974463633,37.455602966340216],[-89.454404992676331,37.453101996955525],[-89.452640006162298,37.451655020356419],[-89.450969012173076,37.450068982230079],[-89.448879977284903,37.447934978482309],[-89.446564023464404,37.445571000445604],[-89.445540967221618,37.444421984791717],[-89.444959971930132,37.443769016788963],[-89.443492998816652,37.442129011577258],[-89.441078003939438,37.439038009502106],[-89.439769006755199,37.437200016906552],[-89.438611010081999,37.435340016724041],[-89.436842995347135,37.432235979219719],[-89.435407984291473,37.429442999478923],[-89.434130012222184,37.426846979620571],[-89.433073000559986,37.42432002065339],[-89.432235018825281,37.422501974154905],[-89.431933007023403,37.421846999229096],[-89.430875982784769,37.419295985178159],[-89.429789014104458,37.416775987461001],[-89.42874800233578,37.414369013723039],[-89.427987001729363,37.412412001726118],[-89.427251013813716,37.410655989721612],[-89.426522027367398,37.408998003951339],[-89.425939969368926,37.40747098046932],[-89.425145001664973,37.405286979353612],[-89.424639014801429,37.403947000640109],[-89.424472013498516,37.40349900868285],[-89.423693008857185,37.401405015089885],[-89.423017986904924,37.399286997473375],[-89.422465010067171,37.397132001550005],[-89.4218790012781,37.394717011434032],[-89.421319967100374,37.392077012351976],[-89.421084003929749,37.389774027455523],[-89.421054016368927,37.387667974817241],[-89.42116500232396,37.385588982075184],[-89.421377032578789,37.38348700825874],[-89.422036992478695,37.380529995867228],[-89.422770980744517,37.377840001284895],[-89.423529993379205,37.375048994437726],[-89.424372012142797,37.372003960890154],[-89.426446005639832,37.364135999653726],[-89.428185002994397,37.356157985587195],[-89.429434967389739,37.35277503690812],[-89.429737997881162,37.35195598135725],[-89.430562991773471,37.350446958281147],[-89.431857983324136,37.348308991791143],[-89.432836027682981,37.347055995969285],[-89.434316038046177,37.3456239850358],[-89.436039971551736,37.34444101887938],[-89.438602004471292,37.343800961365872],[-89.441847038179446,37.34300600852302],[-89.443662962763355,37.34213599569501],[-89.445207023006319,37.341306947499241],[-89.447555980032064,37.340474999064469],[-89.449464970977715,37.340015990514878],[-89.451303003999087,37.339596017153205],[-89.452652021129239,37.339550013469577],[-89.454723020541437,37.339283014852512],[-89.45754898118642,37.339173011748947],[-89.461604007819972,37.339040982100286],[-89.464701990909361,37.33875199162992],[-89.468654971621589,37.338555968629386],[-89.470978003268229,37.338367996534295],[-89.474568995260299,37.338164961002498],[-89.476850006412889,37.337686997730927],[-89.478548008251138,37.33729999956104],[-89.481019008594743,37.336675972954161],[-89.482604982432235,37.336152972240171],[-89.484211027328101,37.335645964165955],[-89.486060000931317,37.334828980948991],[-89.486276992581452,37.334733981410189],[-89.487771988640233,37.334082983669141],[-89.488714996906367,37.33353495412306],[-89.489005008114376,37.33336799753986],[-89.489133991816132,37.333246968159692],[-89.489971993313745,37.332456987116259],[-89.490164003714156,37.332274998989604],[-89.491194016510491,37.331360986016321],[-89.491879989824398,37.33026998401521],[-89.492545979216473,37.329164010688707],[-89.493193004274588,37.328162008759065],[-89.493627997281251,37.327138007166091],[-89.494463996434106,37.325877024679095],[-89.49516000213309,37.324795002435991],[-89.496120002931136,37.323993009886621],[-89.497279008412391,37.322827978024222],[-89.49807898152909,37.322211992935685],[-89.499089995855513,37.321489978618544],[-89.500091999181294,37.320943998945971],[-89.508174009740173,37.315662013445738],[-89.509698974495123,37.314259994615391],[-89.510629007495311,37.312931999486104],[-89.510760010609815,37.312744003289865],[-89.511842024183025,37.310824991841422],[-89.51219100439954,37.309998974077843],[-89.512832983620697,37.308477990318188],[-89.514042004602032,37.303775918863977],[-89.514162969941552,37.302818987269212],[-89.514604982383858,37.299322987286274],[-89.515295979076811,37.296911009120421],[-89.515740994587091,37.295361992974357],[-89.51769196919588,37.292039989711938],[-89.517934968870122,37.291249989332833],[-89.518056989730113,37.290765994557546],[-89.518200010506504,37.290055973597319],[-89.518393021630118,37.289353991884639],[-89.518445001745718,37.288062987145118],[-89.518477023092345,37.287312987164476],[-89.518469020899801,37.286256010292064],[-89.518340000367104,37.28549696534035],[-89.518050988085704,37.284317951368735],[-89.518019988123569,37.284189965101007],[-89.517710010960045,37.283289002602061],[-89.517669988319184,37.283171987363318],[-89.517147985392441,37.282138973122883],[-89.517060009783393,37.282011990956612],[-89.517031986838091,37.281919949515796],[-89.516645981658826,37.281330988271861],[-89.515362023216511,37.278909011666464],[-89.513904990859956,37.277164001457152],[-89.511574983795143,37.274336976549414],[-89.509263966217119,37.27137299535098],[-89.50738899447127,37.269238020569183],[-89.506772978358441,37.268537008503699],[-89.50497404900139,37.266728048688464],[-89.50230300103054,37.263738005435947],[-89.500090015701147,37.261646015768726],[-89.49638601295139,37.258474024388597],[-89.491885014101783,37.253494005281603],[-89.489915005988763,37.25131497219035],[-89.489803988592698,37.251314977195662],[-89.489081014570544,37.251436009031508],[-89.488719995132598,37.251457002812501],[-89.488266970243245,37.251483982243649],[-89.487242994125594,37.251596973835561],[-89.485976996599078,37.251765985401441],[-89.484127964605349,37.251958985541904],[-89.482630941048996,37.252297016680892],[-89.480893001909848,37.252682998015977],[-89.479204972269557,37.253051982499763],[-89.476883956442435,37.253228974113391],[-89.474473005780609,37.253324981146498],[-89.472403029549525,37.253381000089078],[-89.470525001735069,37.253356987992156],[-89.468978006696076,37.253065991401449],[-89.466868972614748,37.252735984258365],[-89.46450899326048,37.252139989670226],[-89.462659998097692,37.251520003426691],[-89.460692004007541,37.250576983686678],[-89.460005965116636,37.250049968933979],[-89.459200982095581,37.249102998629269],[-89.458827031409115,37.24866099942605],[-89.458697993808443,37.24830700433246],[-89.458245957964223,37.247065988998273],[-89.458055977756359,37.245188958852324],[-89.457831998111629,37.242594001075034],[-89.457983015690644,37.241878006328399],[-89.458164018135577,37.241019999807229],[-89.458302001159836,37.240368014847824],[-89.459968969798297,37.236575014086199],[-89.46182900076434,37.233272971719614],[-89.463490015369075,37.230285993664452],[-89.464800948422763,37.227702967849375],[-89.465399994461549,37.226581981887811],[-89.465785015087278,37.22586301180781],[-89.466176986876647,37.22501900450326],[-89.466657985303968,37.223981971541463],[-89.467499947473669,37.221843986947292],[-89.467631033233204,37.218199972192295],[-89.467007009537937,37.216331983926665],[-89.462676002482795,37.203351004073497],[-89.461928008583371,37.199828013611416],[-89.461861993189771,37.199516974921863],[-89.457471990176657,37.190825991052932],[-89.456104995062717,37.188120000636523],[-89.455282017888237,37.186851964785276],[-89.454367005617925,37.185440991461057],[-89.452528993257815,37.182607994768503],[-89.44814698435242,37.175852992184453],[-89.447236970308367,37.174450019777119],[-89.444884011288025,37.170992983415658],[-89.438353982316286,37.16140297289072],[-89.438274979978615,37.161286989728033],[-89.435202008681657,37.152089992226138],[-89.425579984790176,37.138235000986654],[-89.415189981280847,37.125903007181357],[-89.414471006558358,37.125049966512663],[-89.413809998324538,37.124494038849313],[-89.412624995598946,37.123351008199002],[-89.41173000857296,37.122507013896744],[-89.410382992889254,37.121523963518271],[-89.409416008588195,37.120736973084909],[-89.408418984624035,37.119948988134276],[-89.407450982531742,37.119307010565059],[-89.40612197088295,37.118516952781171],[-89.404344023476,37.117434988890501],[-89.402587027476415,37.116360982974626],[-89.40099000525926,37.115352008081771],[-89.397584051842671,37.113405981587334],[-89.395505007118771,37.112313005044605],[-89.393426982881039,37.11119699772032],[-89.392281977643492,37.110442016115044],[-89.391601033098567,37.109993000921556],[-89.390313025050943,37.109154975717296],[-89.390247003369126,37.109112014915254],[-89.388976004921403,37.108277019662737],[-89.388049986492234,37.107481003021405],[-89.387005018543036,37.106418983497356],[-89.386011991183565,37.105357010694846],[-89.385066987759188,37.104424986043426],[-89.384174991224782,37.103266995964823],[-89.383424005935453,37.102085967543296],[-89.382782005154738,37.101010015801563],[-89.381773005749494,37.099488977882466],[-89.381042003483685,37.098323998146512],[-89.380240005564332,37.097166999599658],[-89.379597968850987,37.096115011466267],[-89.378710015633672,37.094586022070096],[-89.378306957735347,37.093720957549714],[-89.377741010123202,37.092170997849401],[-89.377113006891221,37.090764988975138],[-89.376409980858313,37.088777991159148],[-89.376040987075569,37.087590977569924],[-89.375798985429597,37.086605980523473],[-89.375614979916691,37.085936013121888],[-89.375601985786105,37.084371986571803],[-89.375542988929837,37.083251994431862],[-89.375538001483363,37.081832997013919],[-89.375711961136446,37.080505015492022],[-89.376309029084993,37.078186985695822],[-89.376612997417581,37.076971994014869],[-89.377091011641497,37.075435959423253],[-89.377629012665153,37.073915978536611],[-89.378031991511719,37.072749973515691],[-89.378312002673979,37.07201301769723],[-89.378889018428751,37.070498997591194],[-89.379752014650848,37.068666972994976],[-89.380977007677942,37.065691980369401],[-89.381663988901565,37.06431098193184],[-89.382308991851971,37.063121980987546],[-89.383107986703351,37.061619999148228],[-89.38380397443602,37.060286003327164],[-89.384713992971655,37.058736004474554],[-89.385060022222476,37.058012016318202],[-89.385186008246137,37.057747997304659],[-89.385372981792727,37.056186005266802],[-89.385433979197146,37.055130025894634],[-89.385252000283515,37.053340010302129],[-89.38513598645784,37.050937964477825],[-89.384680997851277,37.048250981996674],[-89.383936999658232,37.046440987317432],[-89.382592992432421,37.044378016886064],[-89.381644006776398,37.043010012256794],[-89.380622003359107,37.04180302061426],[-89.379609988309483,37.040668958859889],[-89.378276979157704,37.03960500364154],[-89.376631977921207,37.038482017082046],[-89.375078012853933,37.037625994371446],[-89.371968021984117,37.035677997135288],[-89.367952005590084,37.033243992179223],[-89.362396977485005,37.030156008463173],[-89.353046013043993,37.02757397998203],[-89.345995972710469,37.025521018738587],[-89.338519990795078,37.022737037512428],[-89.33116399325894,37.019936009509316],[-89.322981956191484,37.016089977663142],[-89.317167955468094,37.012766996835957],[-89.312703996852591,37.008971029138493],[-89.301778996285904,37.000049977701892],[-89.292129996884768,36.992188991397306],[-89.285369498838676,36.990427278452394],[-89.278628014533879,36.988670015743239],[-89.274197993371502,36.990495012008083],[-89.269563985469333,36.993400998111433],[-89.266242022735199,36.996302013097015],[-89.263526995942968,37.000050009986076],[-89.257608001027492,37.015496043250543],[-89.26000300479636,37.023288034984141],[-89.266285969217193,37.028682967615971],[-89.275209980573365,37.034706023867408],[-89.277714980353835,37.0361400101716],[-89.284103969334396,37.038279003305135],[-89.291185014121638,37.040407983598008],[-89.296814001422376,37.042879001750769],[-89.301367994585547,37.044981995103257],[-89.304751963532183,37.047564977502795],[-89.307396964851364,37.050431980604657],[-89.30940103618164,37.053768999968511],[-89.310396006597074,37.055940982725275],[-89.310818999908179,37.057896990169695],[-89.308290006126455,37.068371019058681],[-89.307726021333195,37.069653974973924],[-89.305237998813283,37.069134986765491],[-89.304323991757784,37.069158008814348],[-89.302068027431957,37.068860018282543],[-89.300183006233013,37.068699976316637],[-89.298897961727505,37.068310003064035],[-89.294036011711881,37.067344989068303],[-89.283684995984189,37.066736017858751],[-89.28348799364575,37.065810990170974],[-89.281590994310832,37.065671977173743],[-89.280375015877624,37.065223991229658],[-89.26448400175785,37.064813969444408],[-89.261671980271146,37.064098014642298],[-89.259936003052573,37.064070977574211],[-89.259308004312189,37.064732980835331],[-89.259456991698684,37.065196976783994],[-89.258689022860622,37.066446020872931],[-89.256803011718219,37.068939993265253],[-89.256660008009831,37.069055001953544],[-89.256717002521341,37.069169014152543],[-89.255344991214869,37.071352968768544],[-89.25492997763844,37.072014012541288],[-89.250076010052439,37.064832955706841],[-89.249474004064794,37.063734996146835],[-89.247825979099076,37.061212990152093],[-89.246830975445974,37.059598988597592],[-89.245647993929765,37.057782976082649],[-89.244350988356274,37.055327994918187],[-89.242853987257774,37.051982993638021],[-89.241036990085419,37.048540003909537],[-89.239374013560109,37.044807021359475],[-89.238252994238948,37.042852993935377],[-89.237111003747472,37.041011991249768],[-89.235517995203026,37.039006977252598],[-89.234052996586527,37.037276977037472],[-89.23225702807666,37.035680996004373],[-89.229390003643417,37.033891971722134],[-89.227631997039126,37.032442016444307],[-89.225482019543762,37.03107702671717],[-89.222104019003879,37.029210969553496],[-89.219184955166227,37.027694975151043],[-89.21655300636813,37.026525994959783],[-89.216217967106502,37.026377996917212],[-89.215673001444443,37.026135983544201],[-89.213642027368039,37.024892993918016],[-89.211125990885975,37.023532978603846],[-89.20964801610522,37.022714967464893],[-89.20615499527635,37.020483997702733],[-89.20503797615315,37.020047000625951],[-89.203408003731369,37.018855996543763],[-89.202099020021848,37.017650990812015],[-89.200792991769617,37.016163978851566],[-89.19980801780666,37.014583004569467],[-89.198488004582089,37.011723013900919],[-89.197572014944768,37.008698031302927],[-89.197265014798106,37.007682992234294],[-89.196475984958184,37.004988991906572],[-89.195327984737474,37.001071993691717],[-89.195028948155809,37.000050969184635],[-89.195008012918109,36.998836982146308],[-89.195278990621887,36.993406982684839],[-89.195038993117322,36.989768002504455],[-89.194086976545506,36.985659002416327],[-89.192097006070242,36.979994982462472],[-89.19097897544404,36.978899008236311],[-89.185490999388392,36.973517991386359],[-89.177235007616872,36.970885012609415],[-89.170008004562263,36.970297981794829],[-89.161767026334076,36.972768002340587],[-89.155649022243821,36.975414027597196],[-89.149882008799665,36.977635976091754],[-89.147428009072826,36.978272020527427],[-89.144109980959598,36.979132994706227],[-89.140814009181568,36.979416022668367],[-89.134714984696629,36.981503974483743],[-89.132684969122636,36.982200006206817],[-89.138437033702132,36.985088996471411],[-89.148192999097418,36.991655995238524],[-89.16066698986134,37.000051009360476],[-89.161311994608383,37.000531992472297],[-89.162023980437951,37.000917042359134],[-89.162693986197652,37.001145011577393],[-89.16307201074396,37.00124698569131],[-89.163145002454044,37.001307016061638],[-89.166447010910801,37.003336995525366],[-89.167049955637921,37.004082977205641],[-89.167701004250191,37.004887974058065],[-89.168112973436109,37.005223011470051],[-89.168634002589116,37.005645993824778],[-89.171120005696267,37.008072005848753],[-89.17123401897382,37.008232982675459],[-89.171439004640192,37.008520985476011],[-89.172370990577804,37.009832990083922],[-89.173595008932793,37.011409013257285],[-89.17421198444633,37.012583984596553],[-89.174328986418828,37.012749029753017],[-89.174912986574938,37.013575001887816],[-89.175618005071158,37.014928018294583],[-89.176158984908298,37.015844985660003],[-89.176517995713283,37.016558991342684],[-89.176960981929341,37.01744099475362],[-89.178132008665742,37.019266989597917],[-89.178974994914867,37.020928030434305],[-89.179078991078683,37.021436995922699],[-89.179455997833742,37.02230500577101],[-89.179713012124736,37.022895009004912],[-89.180390026540309,37.024941989559302],[-89.180691977256757,37.026192995731179],[-89.180849005463358,37.026842978254393],[-89.181065980943828,37.02882202685808],[-89.181284972243802,37.031445982937889],[-89.181640038546377,37.0335800046252],[-89.182226006012939,37.03575600641566],[-89.182508994192062,37.037274990740777],[-89.182560969816095,37.037945983899597],[-89.182554984341337,37.038453992094901],[-89.182483022100556,37.039406020562495],[-89.182395990620876,37.039985987082162],[-89.182316981096704,37.040673974572449],[-89.182221968984052,37.041008957456349],[-89.182097983508541,37.041444007650369],[-89.181823964109199,37.04256399267274],[-89.181585957271324,37.043982990593783],[-89.181362997214421,37.045029955340638],[-89.181368998858844,37.046304976713209],[-89.181064036989568,37.047496997973923],[-89.180818988258167,37.048722011093773],[-89.180475007166194,37.049824964275551],[-89.179790000439539,37.051779985853805],[-89.179383961931123,37.053011988698877],[-89.178777971016871,37.054184988109952],[-89.178658990954119,37.054902012174907],[-89.178275005187615,37.055981011448573],[-89.177837987378282,37.05731697984092],[-89.177180031619812,37.058724010489904],[-89.176610991108134,37.060171997848137],[-89.175725003404651,37.062068993465566],[-89.174877991804735,37.063312978788595],[-89.174375989867769,37.064172984070787],[-89.174136034584023,37.065001975310103],[-89.173829027250832,37.066338997682408],[-89.173466006366411,37.066513989161585],[-89.172745945580758,37.067104992159912],[-89.172223013795985,37.067721005706801],[-89.171780007816992,37.068243988899127],[-89.171173016179509,37.069449006794528],[-89.170088968820508,37.071216004376893],[-89.168086993259791,37.074218003719167],[-89.167256009401157,37.075147992476161],[-89.167105961104298,37.075317047146797],[-89.166062987415046,37.076484962130429],[-89.164894997882627,37.077602013313971],[-89.164022992456552,37.078438011012651],[-89.161582983091947,37.081136992015217],[-89.159943998771212,37.082980003190393],[-89.158582017154885,37.08444595202743],[-89.157198979926605,37.085951990764244],[-89.155877981250171,37.087368981269982],[-89.154504028684357,37.088907019875798],[-89.153542991230466,37.089528997408287],[-89.153366984316861,37.089614009646397],[-89.151848008629898,37.090354003916239],[-89.151294021187439,37.090486976827293],[-89.151036005274904,37.090282985044539],[-89.15116199040024,37.089816025474136],[-89.151429966832652,37.089221001733939],[-89.15145398419007,37.088929999375615],[-89.15088800244196,37.08923999335105],[-89.149796958105213,37.089827977279967],[-89.149058008444058,37.090370970214408],[-89.148337994370806,37.091019007302002],[-89.147945011976717,37.091119979373723],[-89.147578010657284,37.090843003252971],[-89.147209981665156,37.090590000433608],[-89.146596006524661,37.09071404877271],[-89.145634988833706,37.091343025200857],[-89.144298990986954,37.092308994202753],[-89.143568019263867,37.09299700814168],[-89.142451025293511,37.094051972355075],[-89.142069006837474,37.094138014915771],[-89.142091977657586,37.093904014261923],[-89.141964980130936,37.093571979886619],[-89.141320011316495,37.09386496858238],[-89.140286993655522,37.094598980568882],[-89.13823099431194,37.096905992253937],[-89.137051966281305,37.098978993853486],[-89.13636799710882,37.100723988779805],[-89.135847028142948,37.10219700977423],[-89.135539981283884,37.102743007014432],[-89.134930977420169,37.103277988470715],[-89.133729018095295,37.103897989586542],[-89.13230598517562,37.104490985898742],[-89.131397006889074,37.10496803485691],[-89.130183983913156,37.105692020331944],[-89.128666982723189,37.106622987719241],[-89.128109000472662,37.107077977733908],[-89.126087055363172,37.108263991863076],[-89.125071966278639,37.108812995079724],[-89.122020002084597,37.111341972726642],[-89.121675993144862,37.111811988194546],[-89.121127981295672,37.112738997675962],[-89.12046500485306,37.113486997715874],[-89.118076982790569,37.115894000036981],[-89.116302995157383,37.117221006819143],[-89.115039981834215,37.118225994898069],[-89.113923966129192,37.119369994727343],[-89.113160015455378,37.120470999990765],[-89.1124800204297,37.121098002405624],[-89.111984006662439,37.12125099799124],[-89.111340997971951,37.121604016878862],[-89.110534984583254,37.122059035784346],[-89.110183995733777,37.122384006786362],[-89.109853981647859,37.12271001927801],[-89.109729004432268,37.122877019609682],[-89.109506990301369,37.122897999737148],[-89.109566976202785,37.122181001247014],[-89.109877996310345,37.12180599324504],[-89.110147990358882,37.121511990926869],[-89.110372983303265,37.121345983929125],[-89.111158991210559,37.120923029491131],[-89.111486993968555,37.12066997814042],[-89.111964975853141,37.120451991132505],[-89.112350983727353,37.120321004798541],[-89.112753993116641,37.120254990087254],[-89.113061015721186,37.120065990944198],[-89.113297000451382,37.11949699364672],[-89.113589959031827,37.11872700655649],[-89.113878030777144,37.118101992322849],[-89.114262007560498,37.117640003526866],[-89.114587998990586,37.117121030119392],[-89.115399961921383,37.116076990992894],[-89.115579001547403,37.115780983617199],[-89.115250979924767,37.115655002821569],[-89.113584994043265,37.117436038294812],[-89.111866016543104,37.118553980812969],[-89.111189016500603,37.119052004755815],[-89.109726998494224,37.121085993932716],[-89.108949996197651,37.122678997747926],[-89.108539036718099,37.123745996422834],[-89.108368987431462,37.124477017163386],[-89.108208025502222,37.125050999337773],[-89.108138005419079,37.125288002954107],[-89.106936992020195,37.12678800924634],[-89.10659700753294,37.127312974200791],[-89.106114998500942,37.12822200597968],[-89.105736985632731,37.128934001828931],[-89.105077023936218,37.130031017704276],[-89.103525995461595,37.132225016071402],[-89.103275987131525,37.132821016901886],[-89.102368018551346,37.135418012194059],[-89.101729014550415,37.13669203295143],[-89.100457981966699,37.138620016949275],[-89.099015961356855,37.140395007411513],[-89.098965993467502,37.140548000508957],[-89.098997021277413,37.140724999719843],[-89.099047004438134,37.140966969771924],[-89.098538002828462,37.14223198257887],[-89.097404010936316,37.144636001427294],[-89.097032992350933,37.145424991740192],[-89.096669016557371,37.146200001644395],[-89.096469013845876,37.146813037221634],[-89.095982011079201,37.149407975542445],[-89.095752988292475,37.150390991622665],[-89.092933985997703,37.156438979196189],[-89.092313037235641,37.157342965178167],[-89.089258997933285,37.161464987764113],[-89.087047017818719,37.165069985804294],[-89.086785970990405,37.165401007233967],[-89.086525994953931,37.165602005503565],[-89.086083972630163,37.165885026322236],[-89.085172023614973,37.166578976130509],[-89.085020009804282,37.16670601464282],[-89.084008976613276,37.167555997122449],[-89.083167017138493,37.168362989186519],[-89.082455971845008,37.169250990621393],[-89.079358968817573,37.172292967427069],[-89.078125938563659,37.173341971487211],[-89.077545991606115,37.173768991279985],[-89.077172991337207,37.174044017733891],[-89.076220992731706,37.175125001030949],[-89.07562000992516,37.175602007748537],[-89.074998018219077,37.176038009034905],[-89.074025000832563,37.176563001517152],[-89.073072040131393,37.177143989345716],[-89.072410020394543,37.177708961464383],[-89.071618009046219,37.178468008693919],[-89.071327015979591,37.178855001368632],[-89.063657012335881,37.184574019515374],[-89.058036001176546,37.188767032033162],[-89.057102997447743,37.189251997796823],[-89.055938973078995,37.190180006371435],[-89.052719960869666,37.193205017288776],[-89.049500009920862,37.196126980680916],[-89.049119000272881,37.196377013903067],[-89.048166062029594,37.197096008113348],[-89.044687981082205,37.200008976901437],[-89.041262972601828,37.202880979949931],[-89.040971995704879,37.203090990466144],[-89.040710989300777,37.203203995920504],[-89.040258982202616,37.203292991764592],[-89.039786991182666,37.203373990326874],[-89.038571977540087,37.203520010756542],[-89.037938991353229,37.203705976556442],[-89.037567966479628,37.203931980445923],[-89.036936000778951,37.204481016344261],[-89.033423982378437,37.208271974706314],[-89.029980970761443,37.211144005302138],[-89.029608985588823,37.211322019653686],[-89.029208024358383,37.211386021785152],[-89.028795983307219,37.211386974018573],[-89.027921991706066,37.211243026382569],[-89.027399003327417,37.211171013470683],[-89.027087980524925,37.211210990206929],[-89.026645994133773,37.2113330086218],[-89.026054007954812,37.211598976217175],[-89.024617973718037,37.212422010282104],[-89.023271967740698,37.212995988774566],[-89.01965699432381,37.214465993297701],[-89.018060992592808,37.21507099567976],[-89.017257043532652,37.215321993446729],[-89.015760999139957,37.215605019694401],[-89.015238004473105,37.215678002730471],[-89.014003020383441,37.216089986170225],[-89.012467018028573,37.216904977647751],[-89.005919974067041,37.221197995890847],[-89.005859988165611,37.221285950448042],[-89.005900019789649,37.221366999799308],[-89.0060409762375,37.221382995345529],[-89.00840099511764,37.220406012545425],[-89.00851097855282,37.220381992088726],[-89.008592021862796,37.220461988714028],[-89.008531998232158,37.22058299355276],[-89.000967957164406,37.224400999003635],[-89.000067999759949,37.2243389914522],[-88.993092971447595,37.226122019217534],[-88.992256990261041,37.226335993535798],[-88.987527027015176,37.227298020349117],[-88.983260001567842,37.228685000298938],[-88.980545989871899,37.228935995680871],[-88.979023984167483,37.229041981494106],[-88.977954984487809,37.229310995160994],[-88.977309995012121,37.229276026235233],[-88.976473983282844,37.229304985570934],[-88.972210996661019,37.229768994323258],[-88.970336994197353,37.229841978675054],[-88.966830979237912,37.229890991304011],[-88.966159994314538,37.230119000996737],[-88.966106033413737,37.229894997427849],[-88.965877003440468,37.22961999201511],[-88.966631993419313,37.229550995709218],[-88.972338985029438,37.228746999985361],[-88.972943986898571,37.228523968676718],[-88.97262297033852,37.228401988796477],[-88.970365994509677,37.228552989098731],[-88.968707006504204,37.22803797276098],[-88.966893000721754,37.226756991393607],[-88.965756990315143,37.226356962120846],[-88.963323006849464,37.22589500170519],[-88.96049301276885,37.225881976283006],[-88.957412985205337,37.225649974610363],[-88.954626978929241,37.225074004444039],[-88.952675009885468,37.224791013008577],[-88.95075101348128,37.224910979441347],[-88.94800198096398,37.224615981773155],[-88.944771988646949,37.224246986106138],[-88.940432019998511,37.224217994069832],[-88.936712990230703,37.224571003595578],[-88.933588004682164,37.224975976468926],[-88.933385017767293,37.225004994679836],[-88.932941974957373,37.225068995932538],[-88.932697997017783,37.225462967778775],[-88.93350198201054,37.225699996378893],[-88.93798497053703,37.226930019168663],[-88.941771992890395,37.228277036069805],[-88.942212008377822,37.228658004838039],[-88.942111006298845,37.228810990194454],[-88.940742005246875,37.228586979163481],[-88.937139999909419,37.228190997284507],[-88.934179991759436,37.227958994132251],[-88.931744992299173,37.22759299035949],[-88.929181981114255,37.226831951404527],[-88.928019986039757,37.226516986244384],[-88.92721196491641,37.226298988242817],[-88.925101991197295,37.22549899567619],[-88.923183006494085,37.224949971083866],[-88.920877986068902,37.224768994642794],[-88.916934030730346,37.224291020990066],[-88.913478016897926,37.223129986729575],[-88.909879968639302,37.221952002095655],[-88.906816979421777,37.220785021706497],[-88.902840983871954,37.219299005550248],[-88.898860998005674,37.218311997152114],[-88.894319981006788,37.216685953912645],[-88.890722033359467,37.215806007418166],[-88.88770802478281,37.214952009423499],[-88.884241011978048,37.214047988037471],[-88.882001007121559,37.213278997993413],[-88.877621972538066,37.211798000760716],[-88.875060978969316,37.211091976400205],[-88.873692009358379,37.210993953147486],[-88.872563010302542,37.21056699716339],[-88.870899979878317,37.21008998735897],[-88.869529985289631,37.209710995293122],[-88.868602011228091,37.20946099407643],[-88.86641599871345,37.20862098435083],[-88.865349975152299,37.208165000993532],[-88.865076022228308,37.208047977796845],[-88.863785003926154,37.207610007049439],[-88.863483000209101,37.20750797696892],[-88.863030001370888,37.207377995682279],[-88.861759056822081,37.207054965380046],[-88.860067007220906,37.206175981205277],[-88.858887995359964,37.205650999963751],[-88.857367025413069,37.204851996873515],[-88.856751998345359,37.204626020065703],[-88.855895977541451,37.204383973315771],[-88.854716993528271,37.203859006797579],[-88.854385012131885,37.203632958328555],[-88.853850998729769,37.203489979000587],[-88.853629003463482,37.203430995146107],[-88.852621005679822,37.203204995480483],[-88.85130098976029,37.202752994834533],[-88.849990023468948,37.202283996610547],[-88.849154988208383,37.201984952222752],[-88.847220994453409,37.201346980271687],[-88.845497026811884,37.200653044303081],[-88.84508395808804,37.200563967353503],[-88.84438798742336,37.200411012002171],[-88.842887982358562,37.199602974859246],[-88.840122993066871,37.198502975543974],[-88.835050998073214,37.196486025804553],[-88.830242990093794,37.195216502496933],[-88.822434999832552,37.193067000936388],[-88.821621993957692,37.192598991609813],[-88.820935043276791,37.192202999012196],[-88.819676003202119,37.191750019364875],[-88.817700000631191,37.191498973251079],[-88.816873996134206,37.191434005347553],[-88.815222008699735,37.190770979026524],[-88.81416497637629,37.190173990085967],[-88.813328984409949,37.190019983892334],[-88.811733973520703,37.189689953409783],[-88.811291991621133,37.189598997151997],[-88.809205993936942,37.18923497995015],[-88.805719997933593,37.188594995207019],[-88.805094997769615,37.188336009967188],[-88.797372977179378,37.184853989903637],[-88.794404968633486,37.182568024353806],[-88.792965967261324,37.181687005141768],[-88.791505988430643,37.181154017962236],[-88.790075993567527,37.180595991894833],[-88.789322034854621,37.179763983423086],[-88.786947010515959,37.178583977656913],[-88.785751980795197,37.177106988557668],[-88.784930989795782,37.175257993262505],[-88.783773974082877,37.174506990604158],[-88.781559017849759,37.173689995216009],[-88.779466007018129,37.172494936596046],[-88.777879010897863,37.170459988073269],[-88.775950003691051,37.168780006896043],[-88.77372600321965,37.167462982647471],[-88.771241005327283,37.166154008867757],[-88.768042003989223,37.164520992635701],[-88.765356970147707,37.162661963288258],[-88.761978981285907,37.159738011482823],[-88.761355024065992,37.159453971803202],[-88.759402993038421,37.158564948894067],[-88.756515970310332,37.157174000484382],[-88.754776990922082,37.155759984934186],[-88.753067994603072,37.154700996134174],[-88.751327996525276,37.153811989645611],[-88.750054000399459,37.153342029501864],[-88.74865495609113,37.152704986242888],[-88.747605002492108,37.152173001785677],[-88.747520986656852,37.152131014083061],[-88.746064974786464,37.151564001323159],[-88.745340996447851,37.151345981588236],[-88.744779049033667,37.151054993832396],[-88.74426801273988,37.15059397876405],[-88.743614985139047,37.150117989168272],[-88.742394013869486,37.149394001806172],[-88.742305004299567,37.149340998103639],[-88.742211019859596,37.149285003567442],[-88.74151397480982,37.148798990760554],[-88.740354969328564,37.147991988169174],[-88.740164999002161,37.14787597154379],[-88.739773001161637,37.147637000134459],[-88.739171019428497,37.147264996021548],[-88.737936969586727,37.146512997009665],[-88.737640989971965,37.146364986748324],[-88.73680300105076,37.145947009035424],[-88.735106995269064,37.145227010978331],[-88.733570978541167,37.144579016676822],[-88.732104995371145,37.143956005379913],[-88.730489012413258,37.14337300589785],[-88.728158987382145,37.142619991457671],[-88.727014995444236,37.142255982787169],[-88.726607996636773,37.142151989706399],[-88.725587992869308,37.141891014242617],[-88.723440012328837,37.141193965566615],[-88.722715994464338,37.141015011084939],[-88.721680968170404,37.140804021643284],[-88.720666960657468,37.140690006224105],[-88.720223961865003,37.140641036642641],[-88.719167998536719,37.140615023687864],[-88.717801004321103,37.14070198723924],[-88.71608099106345,37.14093300326774],[-88.713776983039594,37.141332991131712],[-88.713616007635622,37.141358993814315],[-88.712348968063353,37.141572011102824],[-88.711332998629842,37.141716007766163],[-88.709955008136831,37.14199600303958],[-88.708968982246674,37.142204003092587],[-88.707961988779488,37.142437000940795],[-88.707770980000632,37.142469010439164],[-88.70743000736654,37.142403016478589],[-88.70739001257347,37.142314980760609],[-88.707320976145567,37.141910979418689],[-88.707242004350633,37.141676984588614],[-88.706991006975414,37.141410985546983],[-88.706458007771261,37.141425996224157],[-88.705622966222492,37.14171501455332],[-88.705219995460752,37.141850977177832],[-88.704798010059406,37.14194799815386],[-88.704244997289024,37.141987004005543],[-88.703891982738568,37.14207497637377],[-88.703821984215011,37.142090999461367],[-88.70389200429814,37.142236007676992],[-88.704323987050287,37.142365975051504],[-88.704573997177008,37.142519988872458],[-88.704653985864852,37.14270600533321],[-88.704572994657156,37.142859008794296],[-88.704039981978269,37.142882028495499],[-88.703103040035245,37.142814947890841],[-88.702893976915803,37.142749987531673],[-88.702552958467635,37.142645975079851],[-88.699267004701653,37.142059988740023],[-88.698372982466282,37.141856011977168],[-88.696604944375224,37.141659993978919],[-88.695148013528296,37.141358988085607],[-88.693982964181799,37.141154990097967],[-88.692185011293475,37.14068399888756],[-88.69060896743315,37.140206002705412],[-88.68898199538441,37.13975101986037],[-88.68776698713171,37.13937799947184],[-88.686332010212027,37.138907984718479],[-88.685471983820264,37.138654000962696],[-88.683702013453001,37.13796797509621],[-88.682838973213478,37.137603008779571],[-88.682106001840552,37.13735998600081],[-88.681665019765902,37.137140998646792],[-88.681384039321429,37.136987017558447],[-88.680982957716751,37.136695996040579],[-88.680150971338264,37.136179012383153],[-88.679658962260518,37.135976002309079],[-88.67830499002325,37.135336009051741],[-88.676998969855873,37.135027996245562],[-88.676861020967578,37.135010053810682],[-88.676074015031986,37.134913016775215],[-88.675072984581647,37.134711004486689],[-88.674498012494169,37.134418009081628],[-88.673766011301751,37.134078018891827],[-88.672391026571688,37.133632006383664],[-88.670744978797899,37.132926984399937],[-88.669340979382454,37.132214030632305],[-88.667935984633687,37.131654996511408],[-88.666100026720613,37.130853057819252],[-88.665347985012517,37.130489985174862],[-88.664444987709146,37.13010098517568],[-88.663230990959462,37.129638963611605],[-88.661895994734266,37.129159998092902],[-88.66011999128159,37.128552008409407],[-88.6585449903653,37.127976021593419],[-88.657130009943828,37.127488982325801],[-88.656536996092171,37.127334985176418],[-88.655624005929567,37.127066993306059],[-88.655021027964779,37.12687999368886],[-88.654269012307836,37.126483017088212],[-88.654058982601143,37.126417002737128],[-88.651417985073181,37.125581982011369],[-88.651237014069295,37.125564987070952],[-88.650523984397367,37.125483009779273],[-88.64984100876157,37.125361006662558],[-88.649550001321927,37.125303980176149],[-88.64917899171968,37.125142013231986],[-88.649007969557573,37.125054977361543],[-88.648977984691712,37.124467005416342],[-88.648177968455855,37.124123974428983],[-88.646405000410539,37.123569998216276],[-88.644871985852305,37.122844011226917],[-88.644089006165828,37.122669010116134],[-88.640951968819437,37.122132008942351],[-88.63981498463906,37.121957021227267],[-88.638971981321944,37.121647983409396],[-88.637976974075556,37.121308995942016],[-88.635744998361076,37.121026040358679],[-88.634096005011472,37.120869005906968],[-88.633676950812898,37.120928990405567],[-88.633297000278631,37.120984993754043],[-88.630604983832427,37.121002995384337],[-88.629603959670291,37.120525991563596],[-88.62838298840073,37.120246002793237],[-88.627230999660156,37.119944017776092],[-88.626914021925643,37.119860999352078],[-88.625889009152175,37.119458007718059],[-88.625047994705071,37.119098981233499],[-88.622933046115904,37.118098999577093],[-88.621301008467299,37.117484004291882],[-88.619904025792522,37.116801013536403],[-88.619649990315025,37.116677008627207],[-88.617565019405205,37.115637979864395],[-88.616359985147099,37.115141995802709],[-88.614527990601076,37.114389998426581],[-88.611439985099523,37.112744984307405],[-88.608388006532437,37.11109398995599],[-88.605387966758443,37.109472037259771],[-88.604739985892877,37.109121024306404],[-88.603274995361218,37.108288997212668],[-88.601143998369494,37.107081017482223],[-88.59924700442447,37.105601986055511],[-88.597941006714962,37.104170989732772],[-88.596313995140349,37.102656967777598],[-88.593922009710809,37.10176102548899],[-88.591476990441862,37.100765991397793],[-88.589207015092541,37.099654992676598],[-88.588638045547768,37.099057014721062],[-88.588066982030085,37.098095993193937],[-88.585607929279746,37.095097981759409],[-88.584893991411064,37.094282978865074],[-88.581634993391816,37.090567031469071],[-88.579832967541975,37.088758986527687],[-88.578060985846832,37.087179991063991],[-88.577546995892391,37.086538992649132],[-88.576718022463382,37.085851975655231],[-88.575375013265841,37.085074029516115],[-88.574263001352023,37.084654982359055],[-88.572518019421054,37.08399804330368],[-88.569375021752748,37.082213003071942],[-88.566225996388894,37.080068983793566],[-88.56480298143552,37.079099993506951],[-88.562232006685633,37.077474973532276],[-88.560766981119698,37.076498992329853],[-88.560031953503071,37.076009982874879],[-88.554489983308969,37.073445985267739],[-88.548576013569189,37.071271018090812],[-88.548403963734401,37.071233982714482],[-88.547133980382938,37.070718981895396],[-88.545402988814203,37.070003002552852],[-88.543139985289798,37.069550011182407],[-88.540353989793502,37.069099995302203],[-88.537754009341384,37.068489993835314],[-88.534062018863622,37.067687986189831],[-88.531575990603628,37.06719200000618],[-88.529392004688233,37.066778986201044],[-88.525933995697585,37.06614199496623],[-88.52143599811933,37.065583993442843],[-88.51847300666428,37.06538599240119],[-88.514356012445816,37.065230982999871],[-88.510885976810115,37.065276018041466],[-88.508025966422608,37.065314960890696],[-88.504437014504546,37.065264979881924],[-88.502362961718703,37.065540015158518],[-88.500759981874566,37.065758987380647],[-88.500043994050401,37.066058012973379],[-88.499305970552328,37.066046986396451],[-88.497725023687167,37.066288005942866],[-88.493924947016097,37.067353990523443],[-88.491596007149823,37.067993977057036],[-88.49019400289265,37.068453018744023],[-88.490078997875017,37.068569990711609],[-88.49006799261447,37.067873979366148],[-88.487091990859184,37.067711968455789],[-88.485747986328306,37.067388006524112],[-88.483626978602558,37.066967993575297],[-88.482855953695875,37.0671139699894],[-88.480454953672478,37.067680988911803],[-88.47853500058541,37.068085993483891],[-88.476127063771372,37.068223008685493],[-88.474048990126306,37.068815987422624],[-88.472849995241873,37.069296982451043],[-88.471985979431921,37.069779978511093],[-88.458947995789899,37.073795992365781],[-88.452384990562393,37.085146985999174],[-88.44460502683971,37.098600997794271],[-88.444338997954844,37.101303986674118],[-88.441682989578467,37.108067000656959],[-88.441682985086899,37.108291990346167],[-88.442742970172688,37.107841973046185],[-88.44300796689329,37.108517009455824],[-88.4435380061486,37.108517007306631],[-88.443537982792392,37.109191994715999],[-88.435828990468735,37.125054970199074],[-88.435707978416815,37.125054987388971],[-88.434701013695701,37.126423993876564],[-88.433733929681637,37.128857020162016],[-88.433435987247989,37.129870981722362],[-88.432979012466333,37.131434008814502],[-88.432118016792373,37.133341977458649],[-88.431313972510807,37.134839040436198],[-88.430118006745488,37.136296989117433],[-88.42931298330025,37.138987988182528],[-88.428840967127485,37.140506970220748],[-88.427713989281045,37.143069012914495],[-88.42703197484262,37.144790981600842],[-88.426383981400619,37.146900020856698],[-88.425911009420361,37.148297955495416],[-88.424776003330251,37.149900977701911],[-88.42444397432314,37.151258020719268],[-88.424402946467481,37.152427986202788],[-88.425219006614299,37.153851993887749],[-88.426692980298782,37.155876986786502],[-88.428096997680527,37.15775799038898],[-88.428652019982181,37.15800299591362],[-88.429035984189127,37.158172951035411],[-88.429905998050216,37.158668008747526],[-88.431488020198771,37.160298004287682],[-88.432374999642335,37.161645001350948],[-88.432843052448078,37.162355996098057],[-88.433782049736465,37.164069974552049],[-88.433670991916202,37.165248025758203],[-88.433454003859339,37.16587101840657],[-88.433609008161596,37.166442999980859],[-88.4340680131358,37.167173983265265],[-88.43475100134799,37.168299982814126],[-88.434959016133519,37.169145991704255],[-88.43481700955509,37.169464016670901],[-88.434741987652444,37.169711986410853],[-88.434961002308597,37.170791978725497],[-88.43704898526957,37.177808005649439],[-88.437780980173784,37.180007005912096],[-88.438278944183551,37.180617001104281],[-88.439527024811738,37.181739999047515],[-88.440618017046219,37.184889009478162],[-88.441175993906839,37.18664502866168],[-88.44194294585202,37.188148984358691],[-88.441956008254564,37.189035998958346],[-88.441961973966372,37.189382982846453],[-88.442748002534927,37.190734985354318],[-88.443716967621171,37.192229992490745],[-88.44399398919019,37.194221003461855],[-88.445823005821055,37.198883004908836],[-88.447763937264938,37.203526979742101],[-88.450652991982224,37.20704601415791],[-88.453937003590568,37.209648995698217],[-88.456451998026893,37.211797997899026],[-88.458763005723441,37.213536000407373],[-88.462373967264284,37.215347989989766],[-88.466980987978673,37.217026001069314],[-88.471752977108466,37.220154980904603],[-88.474678985821583,37.223188020268886],[-88.478179004526524,37.22725099593427],[-88.479729997068517,37.229605985907455],[-88.481412000809854,37.233226962351907],[-88.482953990436087,37.23688097453195],[-88.484264984575219,37.239383011457761],[-88.484982015343419,37.240773989189421],[-88.486105987426924,37.242655995044515],[-88.487277025841408,37.244077025956024],[-88.488304004128722,37.245208998276865],[-88.489025000060593,37.245566014216458],[-88.489246988140351,37.245832987378208],[-88.490017969029566,37.246384986301884],[-88.490585969292141,37.246817989425033],[-88.491063977227881,37.24739600881923],[-88.491617011557821,37.247835002090007],[-88.491867001023266,37.24803398178296],[-88.492383007695523,37.248444993297369],[-88.494385991165984,37.24936204347091],[-88.495190998441544,37.250053989002794],[-88.500041997095536,37.253057007743074],[-88.500776997762685,37.253578998420025],[-88.502000963117069,37.25471500298169],[-88.50312398927457,37.255841986351946],[-88.503934021725826,37.256678989094794],[-88.504470996873437,37.257339997693478],[-88.504977007093188,37.258033014645612],[-88.505685008894474,37.258644024356649],[-88.506393002610935,37.259263992011427],[-88.50722198053154,37.259810991435387],[-88.508031006869672,37.260260982148544],[-88.508787992006773,37.260500994256304],[-88.509847975295941,37.260788998624598],[-88.5106360089042,37.26102897830669],[-88.511009019952894,37.261116986489561],[-88.511261994520055,37.261391001885009],[-88.511525010455458,37.261616013591372],[-88.511768974920315,37.262018992939922],[-88.512092990056786,37.262566990432745],[-88.512326988611875,37.263001991033597],[-88.512327945317665,37.263478982143198],[-88.512268997868716,37.263712991448031],[-88.512138010025566,37.263786012994935],[-88.512026974663186,37.263859000869346],[-88.511845001139434,37.263866990917855],[-88.511553001061401,37.263802984714211],[-88.511117999071587,37.263505988725896],[-88.510602004975752,37.263078993322189],[-88.510045990035707,37.262580004511463],[-88.509661024207219,37.26220998999036],[-88.509328001663405,37.262129993335989],[-88.508903986967837,37.262188002572465],[-88.508411051727037,37.262480015605981],[-88.508160091182745,37.262730984247028],[-88.507835957468657,37.262610007019767],[-88.507503001400181,37.262458014683041],[-88.507250994318568,37.262425980246739],[-88.506827997414206,37.262774002170282],[-88.506446002314377,37.263009003853824],[-88.505820983285787,37.26317999735604],[-88.504984013054099,37.263456992950999],[-88.504572016918701,37.263740024399318],[-88.504189990377839,37.264120984796584],[-88.503959020043553,37.264492996003383],[-88.503929975713788,37.264911965571351],[-88.504163040919309,37.265185974308665],[-88.504617016226234,37.265216987385386],[-88.50517100726195,37.265070989175982],[-88.505452983039746,37.264827986822922],[-88.505482970600568,37.264641983706454],[-88.505744012937285,37.26453699808372],[-88.506087980554526,37.264600005632197],[-88.506491999650194,37.264825012040639],[-88.506694001113175,37.265001996010341],[-88.506866003337265,37.265147020636583],[-88.50693698910932,37.265275998700758],[-88.506907977118914,37.265688007105567],[-88.506868973167585,37.266074989329198],[-88.506870005331848,37.266268992283102],[-88.506920988317489,37.266455009968453],[-88.506941975657483,37.266656000117209],[-88.506992997270672,37.266930979062124],[-88.507256977098379,37.267471020492209],[-88.507510996406211,37.267930005229566],[-88.507876034906758,37.268543007101911],[-88.508332004473601,37.269308991494142],[-88.508657000570352,37.269962018516615],[-88.509085006480731,37.271236030600662],[-88.509279988508098,37.27226799567466],[-88.509586980569935,37.273397988218704],[-88.509719989622468,37.274042988663361],[-88.509801986044977,37.274526995925072],[-88.509873998591416,37.275010980774709],[-88.50996698769805,37.275478952715673],[-88.510140012204914,37.275939012325153],[-88.510353014436873,37.276269003583813],[-88.510728008067389,37.276720001044517],[-88.511173002018126,37.277138996932905],[-88.51185100907206,37.277709974505655],[-88.512639977826538,37.278200971025221],[-88.512963992962995,37.278394031376187],[-88.513226998118611,37.278611013084358],[-88.513378999352895,37.2788609980242],[-88.513399972319831,37.279094989545897],[-88.513410990156814,37.279344983600112],[-88.513562994984355,37.279496989740494],[-88.513744007310734,37.279495994765682],[-88.513975989148022,37.279446990096361],[-88.514157961773421,37.279454977776005],[-88.51420901213271,37.279518993547576],[-88.514097992940023,37.279672979274601],[-88.514007999714835,37.279914973057473],[-88.513937993106438,37.280189997927721],[-88.513868975543161,37.28047298863622],[-88.513838979897514,37.280754969027221],[-88.513951989756876,37.281360004798088],[-88.514217006240429,37.282053996490539],[-88.514370012689497,37.282441045408206],[-88.51446102011262,37.282554019862665],[-88.514653962964303,37.282844022661742],[-88.515118943531775,37.283253983675969],[-88.515482991190538,37.283486998781648],[-88.51572597559344,37.283729027474209],[-88.515939020944543,37.284042965884041],[-88.515960022657552,37.284316983617565],[-88.515941045747184,37.28455200383091],[-88.515850980656808,37.284842001789663],[-88.515610992135393,37.285342995817501],[-88.51534999201948,37.285950015215604],[-88.515239998702825,37.2862970021338],[-88.515210972339361,37.286603988535944],[-88.515082029061787,37.287241968174705],[-88.51505296407079,37.287660951944005],[-88.514953004037537,37.287783002425705],[-88.514600001165178,37.287831987373146],[-88.51433801020751,37.287953996839448],[-88.514297995651503,37.288083005157489],[-88.514348984027023,37.288203986481051],[-88.514672003830142,37.288210984803968],[-88.514975013660319,37.288259001057646],[-88.515086008598502,37.288419987931725],[-88.515088019926438,37.288903982075269],[-88.514898991034457,37.289800979467458],[-88.514770002841118,37.290519988456495],[-88.514660993179703,37.290947991714873],[-88.514349975767104,37.29165899049508],[-88.514010011042771,37.292458964629873],[-88.513538995593208,37.293437014402649],[-88.513189001178745,37.294437977077123],[-88.51297900470972,37.295101001766618],[-88.512680006755602,37.296069996500634],[-88.512118000052595,37.297242023216903],[-88.511497000086578,37.298526976427048],[-88.510533001785518,37.300151973521629],[-88.509810978180965,37.301389027096775],[-88.509187986649948,37.302382990562762],[-88.508656996977081,37.303352987612314],[-88.508083001358301,37.304007999379515],[-88.507037976815255,37.305285979597549],[-88.505870990701027,37.306807001489751],[-88.505087017477834,37.30785799353901],[-88.504645994080676,37.308731009840358],[-88.503962975325763,37.309821983737748],[-88.503201033284924,37.311421941551146],[-88.502689962855158,37.312659004068607],[-88.502360980035192,37.313861988917665],[-88.50198095044918,37.31496100587033],[-88.501569978393206,37.315978976393033],[-88.500977993112542,37.316957016795612],[-88.500566013146837,37.317821993127346],[-88.500041972841018,37.318557947952918],[-88.499049994713786,37.319739970825047],[-88.498544976234101,37.32064301140521],[-88.497942987314445,37.321739998244993],[-88.49728998127317,37.322774003137688],[-88.496468972307454,37.323994974371047],[-88.495816011181944,37.325085005255659],[-88.494820958121508,37.326178986328628],[-88.494136982660805,37.327689005671843],[-88.493388972591717,37.329030966984355],[-88.492745023365117,37.329553985140329],[-88.492273007192367,37.330166001398226],[-88.491844049966076,37.33082498173669],[-88.491593030132989,37.331852999494146],[-88.491421978326471,37.332799998101201],[-88.491185008144399,37.333497002237571],[-88.490786016021076,37.334204000274163],[-88.490309993362132,37.335041974328014],[-88.489878990671968,37.335652968787677],[-88.489102981912083,37.336631014554563],[-88.488545005051463,37.337413006603931],[-88.4880349748708,37.338137998356835],[-88.487385008728438,37.338847998846219],[-88.486947000077365,37.339595997155364],[-88.486529989546071,37.340417001615059],[-88.486314029161875,37.341145980288744],[-88.486238997377768,37.34188201020541],[-88.485996996630121,37.342844989962614],[-88.48566996764589,37.34357602045111],[-88.485253002030348,37.344395967287568],[-88.484645010567959,37.34521100034604],[-88.484461975235547,37.34560898283727],[-88.484694981152273,37.346598975112556],[-88.484706007074067,37.347106996164683],[-88.484218958493315,37.348389017505909],[-88.483855970846591,37.349354044740835],[-88.483648999005112,37.350058977552521],[-88.483407969336298,37.351053979839584],[-88.48328596823923,37.351951986726178],[-88.482826032610404,37.353555991103292],[-88.482674981793693,37.35451201179302],[-88.482612001807439,37.354914980560558],[-88.482543999340422,37.356441001025388],[-88.482523993859047,37.356732982394355],[-88.482451984007554,37.357797983218092],[-88.48249399641675,37.359750979683767],[-88.482510022361424,37.36143798938366],[-88.482454965515984,37.362657008409478],[-88.482273998105356,37.363644003480537],[-88.482113004735098,37.364614945484824],[-88.481693010898738,37.365741996917826],[-88.481431973053589,37.366730003061512],[-88.481076986701069,37.367590022679124],[-88.480929437517347,37.367917574873104],[-88.480748992027912,37.368321022107885],[-88.480530990671369,37.36946999392746],[-88.480048998707375,37.370501003672892],[-88.479889034806419,37.371057977149341],[-88.479747995713552,37.37154599822675],[-88.479407967208829,37.372663965459402],[-88.479184001038817,37.373489973155245],[-88.478919975397048,37.374389005142376],[-88.478523012567933,37.375051995556952],[-88.477523007095343,37.379960992666561],[-88.476592002118039,37.386875017609064],[-88.476073015734002,37.387877984692089],[-88.475469990158501,37.388846015018885],[-88.473190983147305,37.392084005284559],[-88.47022397622294,37.396255014881177],[-88.465861017889765,37.400546963205137],[-88.460695024083108,37.404696988978891],[-88.456000024166414,37.408481974167636],[-88.450127037366514,37.411717008377956],[-88.439332982422158,37.416415997784767],[-88.433181993092973,37.418168998077618],[-88.432474666824788,37.418293954376033],[-88.425981005249,37.419441007509803],[-88.423308004340726,37.420253996777355],[-88.421396018411897,37.421008004730247],[-88.418594025717027,37.421987020502826],[-88.41515697801519,37.423743010838763],[-88.413108003497129,37.424467996726101],[-88.410074998247154,37.425241007024596],[-88.408808016167072,37.425216019669513],[-88.404126980561458,37.424146044255032],[-88.397340012757198,37.421643989105974],[-88.396896021326356,37.421406001063865],[-88.38766901541139,37.41648200021924],[-88.382536999482028,37.413157004944097],[-88.379795025027917,37.41097400727454],[-88.377506991744738,37.409824997086062],[-88.375037996440852,37.40646198040961],[-88.37456899231924,37.406321985769068],[-88.374186994524436,37.405479001827544],[-88.373444996879542,37.404341988498103],[-88.372435005734246,37.403457996567681],[-88.371213999430395,37.402730003525981],[-88.369502023399576,37.402194026454318],[-88.367896995396606,37.401971990155076],[-88.366410962727741,37.401602964132088],[-88.365470998852118,37.401662997351067],[-88.363887027359382,37.401956978527089],[-88.361556974480507,37.402930990460625],[-88.360500003242464,37.403514999062921],[-88.359883982638081,37.403856014086529],[-88.358436001706323,37.404860009878988],[-88.357944991555186,37.405108007879342],[-88.357005992470164,37.40576598208542],[-88.355957029712883,37.406465008814457],[-88.354428009064435,37.407509978853064],[-88.353419989721175,37.408248982721005],[-88.352559996567081,37.408792995305767],[-88.351660934782956,37.408925007129227],[-88.350614962517284,37.409285015683444],[-88.34979599093063,37.409861012357112],[-88.349336999431159,37.410197003020009],[-88.348405007205358,37.410726018701936],[-88.34812199207677,37.411238004450389],[-88.347025020655778,37.412115960970624],[-88.346498012316246,37.412615019751108],[-88.345812989419912,37.413325984491465],[-88.345213002845014,37.414229980671848],[-88.344862991362561,37.414960999911052],[-88.344290013534987,37.415669993141343],[-88.343755960607027,37.41633098606686],[-88.343187983700645,37.416815019528279],[-88.342561984610057,37.417428015165747],[-88.342166951362188,37.417792972831059],[-88.341487981314259,37.418417987962968],[-88.340623016883384,37.419261001813503],[-88.340244991438766,37.419652996636344],[-88.339908941572446,37.420003997051737],[-88.339254002356697,37.420674993364727],[-88.338646997244467,37.421247008538167],[-88.337686033452442,37.422325003580085],[-88.336495013811103,37.423566977764565],[-88.335967991098514,37.424082982811676],[-88.335132989973943,37.424892002988493],[-88.334538989772099,37.425569985971578],[-88.33383602302797,37.426417970772995],[-88.333182994528812,37.427209997369218],[-88.332295981847608,37.427931016170533],[-88.331528999359705,37.428578002431081],[-88.33120999322928,37.428848981271223],[-88.330622000960048,37.429315982353955],[-88.329601000062638,37.429958988282472],[-88.328809004883951,37.430372025722136],[-88.327884013229166,37.430738996125797],[-88.327210988231784,37.431021014629941],[-88.326420998991154,37.431572010132349],[-88.325582001261864,37.432148003035316],[-88.325102024219049,37.432492973631327],[-88.324584028676753,37.432926985852752],[-88.324066003490074,37.433394002867118],[-88.323057002288209,37.434091984968205],[-88.322412957840214,37.4343339942602],[-88.321475982659521,37.434627969903715],[-88.321199006006282,37.434704993954924],[-88.320055992333721,37.435024997217191],[-88.319298985637047,37.4352480047759],[-88.319193998631476,37.435278519700951],[-88.318306968882283,37.435725004130745],[-88.317524967461154,37.436178003942523],[-88.316827008824745,37.436752010567361],[-88.3162379754081,37.437194993272527],[-88.315839989397887,37.437555015718509],[-88.315345007794875,37.438175004230246],[-88.315264977784537,37.438243991066443],[-88.31481699334222,37.438633986359427],[-88.314360010475738,37.439148001689965],[-88.313672027630545,37.439704986494419],[-88.313243012912096,37.44005797560159],[-88.312982970400284,37.440266997000606],[-88.312585022119308,37.440590983508756],[-88.311541025248943,37.441087970979019],[-88.310624983509314,37.441480975586472],[-88.310555997387056,37.441510995835024],[-88.309457999191707,37.441855999591681],[-88.308113000225816,37.442477026594894],[-88.307529997199694,37.442734993631888],[-88.305915003286955,37.443569994527834],[-88.304896979406394,37.44383999262314],[-88.304772010275627,37.443900986212149],[-88.303502007161228,37.444526975878631],[-88.301141999959185,37.445638013457859],[-88.300246994966912,37.445963010845617],[-88.299251958076141,37.446410957047739],[-88.297820999320706,37.44681599371922],[-88.297216990089979,37.447040995156627],[-88.295718012697876,37.447575995872718],[-88.294809966862587,37.447918999012693],[-88.293736018364001,37.448326013710208],[-88.291884992110383,37.449034984810822],[-88.290315993736826,37.449634994541427],[-88.289400987754718,37.449985019271075],[-88.287660979795461,37.450683984104934],[-88.286533000327509,37.451124995917596],[-88.284385988170897,37.451724006887794],[-88.283327991056808,37.452034978206306],[-88.281666984536912,37.452595981146871],[-88.280052006793852,37.452945980611013],[-88.278497994115867,37.453271005440158],[-88.276555019004689,37.453438987355213],[-88.275272929956472,37.45367198580567],[-88.27305100459337,37.454068991232333],[-88.272067997940894,37.454105040132092],[-88.269916024388976,37.454437002823049],[-88.268755967878832,37.454716975951477],[-88.266574006766106,37.455082019242766],[-88.264865021226868,37.455294998491148],[-88.263054983303022,37.455493987420752],[-88.259192002104172,37.455998998117359],[-88.25769697909594,37.456250986259882],[-88.255192995310054,37.456747978094356],[-88.251493993481475,37.456726005524267],[-88.250033003147806,37.456928983250421],[-88.246327042969043,37.456810991336418],[-88.24146998697509,37.456810991336418],[-88.237783992751844,37.456811018433953],[-88.234767972847251,37.456951981900417],[-88.232088007300575,37.457093005000864],[-88.226396007674239,37.457375021880338],[-88.225012026316605,37.457389974622544],[-88.223868010124164,37.457644975143104],[-88.222692010314375,37.457673988446977],[-88.221396013548912,37.457921989091219],[-88.219624030057133,37.458268989377046],[-88.218227005161552,37.458452976508468],[-88.215481980028741,37.458796000366249],[-88.213029997019703,37.458991968674809],[-88.211977001725131,37.459189990113714],[-88.210881973360088,37.459469027017398],[-88.210011990940032,37.459755024537444],[-88.209233004264988,37.460025009140288],[-88.208772976109671,37.460089991951023],[-88.20818000717378,37.460175019576148],[-88.20692300627482,37.460187963065003],[-88.205352001064895,37.460243967587324],[-88.203831995908629,37.460314984835136],[-88.20198798729399,37.460532002202378],[-88.201035014016398,37.460504005402292],[-88.19985899803693,37.460549979817628],[-88.198135990694439,37.460491961134707],[-88.19679800218104,37.460562999538766],[-88.195318988947804,37.460745993443609],[-88.194022976910986,37.460913008067806],[-88.191521008944576,37.461391962989026],[-88.188614994933076,37.461895961263778],[-88.184726007506754,37.462750985696992],[-88.182670992716709,37.463356950438992],[-88.181304014670772,37.463790000734669],[-88.18050400831639,37.463995005668409],[-88.179490999730049,37.464135983400624],[-88.177746969114963,37.463981960162975],[-88.17618401011508,37.463657982262404],[-88.175283023241292,37.463789991465312],[-88.174281001050886,37.464141005938686],[-88.173837022196423,37.464594992357519],[-88.17326201327802,37.4650809796861],[-88.172665012703121,37.465381993159909],[-88.171764009659682,37.465611976160162],[-88.170558016000854,37.465704988907092],[-88.168734017359171,37.465947010026525],[-88.165884001627518,37.466191995746108],[-88.165785986446863,37.466201035923156],[-88.164142994741667,37.466215007946268],[-88.162481961272306,37.466367000231095],[-88.161346956978818,37.466483999542035],[-88.160064019920966,37.466600986548833],[-88.159969012299882,37.466609966784425],[-88.159877002356907,37.466618986946862],[-88.158398001700078,37.466738000798038],[-88.157061018401492,37.466936999205771],[-88.154953009297884,37.467421001312758],[-88.153404019100648,37.467708963361716],[-88.152246993506282,37.467927996986312],[-88.151539996021469,37.468062998182532],[-88.150243988476248,37.46837400565623],[-88.149098981442066,37.468684999715364],[-88.148127011491169,37.468954990574076],[-88.146973018609202,37.46923398675807],[-88.145859974531135,37.469632999998851],[-88.144340007104091,37.469864974790347],[-88.143275993972566,37.470087007965994],[-88.141787025609361,37.470310994718439],[-88.140236997857969,37.470646978579346],[-88.138737978245047,37.47094300103295],[-88.137523021196301,37.471222000491345],[-88.136114970378941,37.471453012141737],[-88.135142000603139,37.471626009470477],[-88.134027040418587,37.471702984736652],[-88.132628012279937,37.471554994411008],[-88.131531006722952,37.471163985812147],[-88.13040498917556,37.470852984242477],[-88.129400020511028,37.470541978526917],[-88.128009988999935,37.470506969208188],[-88.12708798424346,37.470776962754762],[-88.126044998876097,37.471094985843834],[-88.125426987605024,37.471266958058138],[-88.125027995481688,37.471308987490957],[-88.12502799188843,37.471385002020988],[-88.119517967582468,37.471385007011698],[-88.115633999043624,37.471712993861026],[-88.109417002405678,37.472368999602374],[-88.095818012783894,37.47302499459559],[-88.091548993974925,37.474665006081281],[-88.088440000235067,37.476307010514937],[-88.088051985524515,37.476306964175912],[-88.087275965086548,37.476307002672932],[-88.087275984849484,37.475978984653679],[-88.087663986983628,37.475322994200141],[-88.089216002706749,37.474338984178011],[-88.089991960262637,37.473682989310561],[-88.091155980139817,37.472698994056032],[-88.091155986428035,37.471714976578689],[-88.090379975871514,37.471059014291363],[-88.088827985301236,37.471058997180357],[-88.087664010339822,37.471058972226849],[-88.086887978223757,37.471386985460263],[-88.085335991246737,37.472043003331109],[-88.084171020951985,37.472698999046663],[-88.083394958293212,37.473682992875233],[-88.083394951106683,37.474666978739698],[-88.08261900073731,37.475651015098606],[-88.080869962014503,37.476598015941555],[-88.080914999051274,37.476642994513355],[-88.079540015219521,37.47817701195126],[-88.077987001468131,37.480146007950104],[-88.07626799971348,37.481266995423923],[-88.074715036267747,37.481922985025911],[-88.073162009939935,37.482906995698215],[-88.072385991298589,37.483563008682168],[-88.072385990400264,37.485859014824818],[-88.07122198399783,37.485859038347726],[-88.070834018694626,37.486186985197442],[-88.07083399893169,37.486515007591009],[-88.071609932233059,37.487171010278594],[-88.070444987989475,37.491767019621797],[-88.070057014601417,37.49209496548157],[-88.069668998992526,37.492423023942052],[-88.068893003707387,37.492422995431902],[-88.068504995285025,37.492094985438783],[-88.068116976981216,37.486845001593984],[-88.068503928984796,37.482576976459399],[-88.068504008036527,37.481920990460594],[-88.068115978952932,37.481593011340713],[-88.06772799927667,37.481592999935017],[-88.064233970538055,37.484548044900933],[-88.063070011746333,37.486191986295033],[-88.062293995799934,37.487837022011298],[-88.062173987166176,37.488732995260854],[-88.062174015912262,37.489056982798942],[-88.062561983012117,37.489384994728773],[-88.062949980654679,37.489385001143823],[-88.063337984585459,37.489056962840927],[-88.065277973696638,37.487417003475215],[-88.065666001881908,37.487088999298336],[-88.06605500743423,37.487416991357598],[-88.066054991264565,37.487745014052727],[-88.064115015628133,37.492013011225716],[-88.062563018769637,37.495950984690332],[-88.061787023484484,37.499889999844513],[-88.061350987533785,37.502742963687332],[-88.061366038806383,37.50522597648709],[-88.06129201133875,37.505232003924469],[-88.061580012117162,37.5059520119556],[-88.062029982734543,37.506648981233411],[-88.062560996661929,37.507403005620525],[-88.062828017286876,37.508122962783474],[-88.062921992743682,37.509164973382184],[-88.062854011836265,37.510262999181272],[-88.06271302754061,37.511570006903547],[-88.062572996357503,37.512837057811673],[-88.062567980164957,37.513562982201286],[-88.062712964658544,37.51442800885399],[-88.063310958770131,37.51575498429105],[-88.064171021992834,37.517044007345895],[-88.065142036136265,37.518494022298462],[-88.065922986528506,37.519547995533067],[-88.066584975722634,37.520463991055742],[-88.067143991035749,37.521395049214533],[-88.067792999573982,37.522585009130722],[-88.068489003476358,37.524357019520622],[-88.069017978228018,37.525296990880555],[-88.069850943770192,37.526334010500022],[-88.070956007215244,37.527550989191333],[-88.072241997646756,37.528826002745731],[-88.073831985156914,37.529940016789993],[-88.075886971200887,37.531096983818145],[-88.078045991137898,37.532028996362904],[-88.079509962979998,37.532367002868405],[-88.081470987940179,37.532612010839387],[-88.081863993690462,37.532798989221632],[-88.082358002418033,37.53307601519019],[-88.083103988582792,37.533426998329297],[-88.084525968676957,37.533934972870433],[-88.086193999124049,37.534185999364666],[-88.087183017302408,37.53454602699491],[-88.087574991786752,37.534815032548138],[-88.088049014795857,37.535124013290101],[-88.088703007187334,37.535659973413345],[-88.089588016625456,37.53637497792667],[-88.090291993075951,37.5369840040048],[-88.091036966839397,37.537641985153279],[-88.091538984946027,37.538185975647529],[-88.092212018926588,37.538996005098859],[-88.092814014134447,37.539636964399506],[-88.094679974879682,37.542076990156502],[-88.095322028661016,37.542911991609202],[-88.09572297911167,37.543437990264366],[-88.097205980864743,37.545569040202096],[-88.097596980677011,37.546023004650792],[-88.097897998043877,37.546517016156571],[-88.098538983728332,37.547497988974634],[-88.099510977933747,37.548907000924821],[-88.100403009502458,37.550203983303653],[-88.101173955357396,37.551329990352336],[-88.102338997517364,37.552748007993443],[-88.103072011111095,37.553624000615272],[-88.104327994218849,37.554856979103398],[-88.105584987032984,37.556180007194115],[-88.105875973811379,37.556404992649504],[-88.106540989429689,37.556919001255281],[-88.108143985443505,37.557911990352018],[-88.112254982509143,37.560749977762079],[-88.114329996492359,37.562188993641257],[-88.115980987695153,37.563569006335271],[-88.117299015642956,37.564706001518402],[-88.118848958952711,37.565972998601247],[-88.119927010057182,37.566841992306841],[-88.121516979601054,37.568166011630964],[-88.123241011022984,37.569215949182883],[-88.124198989713321,37.569769004609675],[-88.125029982555105,37.570146999593845],[-88.125149997477052,37.570197990983331],[-88.125923974247769,37.570531016245084],[-88.126731950455337,37.570809986038682],[-88.127500015413148,37.571137998918815],[-88.128366997460148,37.571537982715085],[-88.129457014124227,37.572028020190523],[-88.129924977996737,37.572234971463651],[-88.130500993926617,37.57241802423232],[-88.131621974620188,37.5729680121485],[-88.131766008696218,37.57296795447774],[-88.13188096700145,37.573128963170333],[-88.133393021169141,37.574234996852311],[-88.133924054859463,37.575581008185999],[-88.134450020254945,37.576835977750584],[-88.135307047171963,37.578641030232212],[-88.13567198056964,37.579340983159334],[-88.136163973477693,37.580285022590537],[-88.137203978234936,37.581970982797777],[-88.138142027800711,37.583614992036971],[-88.138881978185083,37.584782008356768],[-88.139523012378561,37.585722013009295],[-88.139973011742057,37.586450979378576],[-88.140160001458327,37.587114985962742],[-88.140386049024855,37.587955990393532],[-88.140652997784571,37.588780979754119],[-88.140897989922124,37.589816013630241],[-88.140940007721198,37.590864985366011],[-88.140771000480285,37.591768986293232],[-88.140621015065506,37.592744994298748],[-88.140419998156062,37.59381798949596],[-88.140226006970465,37.595262949615297],[-88.140476014402239,37.597017027873648],[-88.140580979848238,37.597899983899936],[-88.140558989988392,37.598074957191862],[-88.140668011327904,37.598469024774019],[-88.14075199392552,37.599158009203776],[-88.141183965897881,37.600888972298549],[-88.141521993854454,37.601714952756005],[-88.141928980983806,37.602742023595432],[-88.142225011802537,37.603737003675654],[-88.142970993475714,37.605388989677621],[-88.143421991765806,37.606060992255166],[-88.144171978128512,37.607300971450243],[-88.145091021139493,37.60887201386587],[-88.146102019296222,37.610461012999963],[-88.146530985505649,37.611319011022587],[-88.147219994226887,37.612510005267211],[-88.147929015616015,37.613829990330359],[-88.148566994639239,37.615133009219313],[-88.149025987037021,37.615999973948796],[-88.149423988318603,37.61693100421526],[-88.150333957446904,37.618420986302958],[-88.150743049328966,37.619287989542208],[-88.150929938433933,37.619926022369079],[-88.151339952885806,37.6206389865077],[-88.151569027774826,37.621157042848161],[-88.151706975764796,37.621650976520705],[-88.151966010366863,37.622160981434085],[-88.152350021286225,37.622381021746079],[-88.152691001106817,37.622826981737177],[-88.152707001000337,37.623343994709444],[-88.152855965030653,37.623886000414501],[-88.153095999366144,37.624273980322378],[-88.153436992661469,37.624639966760384],[-88.153486985703651,37.625046996336536],[-88.154031010829613,37.626420991602771],[-88.154476027238218,37.627576956313753],[-88.154952006778032,37.62859600126167],[-88.155517998407618,37.629751994752574],[-88.156182979889948,37.631191973336129],[-88.156827002778385,37.632800982735553],[-88.157179986786133,37.634044988605815],[-88.157592944118875,37.635402035910658],[-88.157954033625415,37.636968984633768],[-88.158102032865116,37.638566971671828],[-88.15837398434266,37.639947986208114],[-88.158472993958313,37.641319999506607],[-88.158481011422225,37.642828982783968],[-88.158449020618335,37.644216035297028],[-88.158473999173111,37.645990996014525],[-88.158551051268304,37.647669008160065],[-88.158640019515715,37.649096986302759],[-88.158932023187049,37.650421976773657],[-88.159294935375314,37.65177098746247],[-88.159618981952804,37.652901969535641],[-88.160061998711583,37.654331993479538],[-88.160209996154634,37.655970979797637],[-88.16018700107999,37.657591977759402],[-88.159950987603708,37.659106978264447],[-88.159769054504167,37.660372990304765],[-88.159371980283964,37.661846980584279],[-88.158701007038687,37.663480008241258],[-88.158206998311115,37.664542005182163],[-88.157438980065692,37.665730961163206],[-88.15621295846762,37.667257006491901],[-88.154995972124667,37.668782989867992],[-88.154168981277451,37.669794986879261],[-88.153788009358735,37.67060801788277],[-88.153383992059702,37.671694986935499],[-88.152990008942382,37.672910975378279],[-88.152344031319899,37.673955994787136],[-88.151646005309843,37.675097997945024],[-88.150664019143534,37.676414993548597],[-88.149366038897938,37.678028991270324],[-88.148078986657765,37.679602996309121],[-88.14656700435529,37.681393976172835],[-88.145433987135192,37.682589974845278],[-88.144446022680668,37.683383009451184],[-88.143568992977208,37.684185009519901],[-88.142461003719248,37.684904005436344],[-88.141198986627728,37.685744012526328],[-88.140252991463271,37.686375977235947],[-88.139338023210428,37.686976004673838],[-88.138554934827795,37.687390997281355],[-88.138165012993895,37.688106974992749],[-88.137703992200173,37.688709991168516],[-88.137561982028501,37.688987033411848],[-88.137365031792356,37.689376991434742],[-88.136803008919671,37.690003007245352],[-88.135735993618454,37.690585989522376],[-88.134770957763251,37.691104973371296],[-88.134282010143977,37.691497980465357],[-88.134075974347056,37.691826958844757],[-88.133961990713914,37.692458979768631],[-88.1337779618448,37.693543985957689],[-88.13346497891834,37.694688006978559],[-88.133258994325374,37.695066006117742],[-88.133120985249974,37.69541000163607],[-88.132834989511281,37.696120008639156],[-88.132340987970252,37.697141994034084],[-88.131471006448493,37.698282023925159],[-88.130895979563775,37.69925501706404],[-88.129965987886095,37.700274018095882],[-88.129312037715465,37.701045002107811],[-88.128586989483338,37.701895990827126],[-88.127601976892848,37.703367011270224],[-88.126750978569675,37.704684982536676],[-88.125910002750146,37.705944998189274],[-88.125033008080976,37.707093985401855],[-88.124370020858578,37.707632988401521],[-88.123922004076917,37.707986019617586],[-88.123533970501754,37.708429002328238],[-88.123043981735066,37.70900099329635],[-88.122826001938122,37.709234957931351],[-88.122411971118623,37.709684970283945],[-88.120905002313748,37.710882029949545],[-88.119346984946219,37.711747010110244],[-88.119288024920863,37.711780994361526],[-88.117803011839854,37.712583004948002],[-88.115790976046256,37.713319998914223],[-88.114462006618297,37.713758979415296],[-88.112227050293697,37.714445979564275],[-88.109595999810864,37.7152119945872],[-88.107088002352299,37.715914986460049],[-88.104213008964166,37.716930019240742],[-88.102951957561572,37.717522981199615],[-88.101843971896884,37.718035982990912],[-88.101212977275011,37.718454000825773],[-88.100470004059716,37.718999992237727],[-88.099807015040682,37.71952997166084],[-88.098969974740413,37.720374988227391],[-88.098275989352501,37.72113099971623],[-88.097572983980825,37.721717970716213],[-88.096737972974779,37.7224089891399],[-88.095758990774783,37.72320500491692],[-88.094731001882749,37.723847002154677],[-88.093715018974521,37.72427999583801],[-88.093297975205545,37.724487999081191],[-88.09231102494897,37.724976985801305],[-88.091620007594784,37.725346003620309],[-88.090540997089562,37.726011992863498],[-88.08960499747927,37.726558003882182],[-88.088333010884753,37.727327981208454],[-88.086970015968774,37.728001993353836],[-88.08590097945816,37.728587023542268],[-88.085038023660246,37.72886700881083],[-88.084153007933921,37.729290997561023],[-88.083165980422223,37.729787994521743],[-88.081924974026904,37.730388972172811],[-88.080979986772192,37.730708960252841],[-88.080086000469407,37.730995975423781],[-88.078999979511735,37.731193996188324],[-88.077883999739342,37.731335996781489],[-88.076745975309862,37.731679039603719],[-88.074621963617787,37.732454007219381],[-88.072537971871625,37.733285992350496],[-88.070634015084821,37.734369003437585],[-88.069260002331873,37.735210996198347],[-88.068129015304336,37.736061979724312],[-88.066499984316977,37.737096993124482],[-88.065126995643467,37.737900014039987],[-88.064882002607604,37.737994956719945],[-88.063801960836457,37.738644969031519],[-88.062710998246388,37.73960898922315],[-88.061609023209257,37.740566010993369],[-88.060639014280639,37.741570993784968],[-88.059588015042621,37.742607992337447],[-88.058760018082296,37.7435819960358],[-88.058003021267112,37.744530980786195],[-88.057293976521777,37.745957002220628],[-88.056839967078858,37.747125987207092],[-88.056338964966812,37.747825957098833],[-88.05569497801099,37.748517018856205],[-88.054785997029484,37.749289019463056],[-88.053770045562302,37.750043989963658],[-88.053105939039042,37.750585971898161],[-88.052054006451456,37.751426985405033],[-88.050968982623729,37.752598973632672],[-88.049941983675168,37.754077987583791],[-88.048985020979401,37.75559798804062],[-88.048366970182457,37.756619988250982],[-88.047736993351819,37.757883042285641],[-88.046428930415459,37.760112008910838],[-88.045007975299043,37.762435982328377],[-88.044388999237356,37.763659013442336],[-88.044106992018541,37.764473006288597],[-88.043703008855488,37.765382997730448],[-88.043355995051115,37.765843014178152],[-88.043231018733849,37.76601000186097],[-88.042602001303919,37.767119996046333],[-88.041815982616825,37.768817985695904],[-88.041640021517296,37.769333985194393],[-88.041231968986011,37.770533984752312],[-88.040872995910263,37.772081994039162],[-88.040469978436136,37.773903973970341],[-88.040117978083643,37.775733982175147],[-88.040083003076361,37.775956985975547],[-88.039827033526038,37.777604996521006],[-88.039614042972175,37.77971899586796],[-88.039495980987653,37.78037999095406],[-88.039297023915168,37.78106500123311],[-88.038955989297335,37.781700977225888],[-88.038898955259924,37.782434972927383],[-88.039011998356969,37.783242994847789],[-88.03876897802148,37.784307001170347],[-88.038196022651789,37.785885019643764],[-88.037727993202239,37.787182002008322],[-88.037290007907387,37.788486968076604],[-88.036842964899492,37.789541983867309],[-88.036487977648662,37.790685995186692],[-88.03582699187271,37.791917027256751],[-88.035065977791575,37.793026987425989],[-88.034063021353262,37.794046014947938],[-88.033321979515833,37.795098997843908],[-88.032437999547,37.796360992872039],[-88.031067980703824,37.797499038234498],[-88.029710995517121,37.798394970425107],[-88.028030010465272,37.799224016485937],[-88.02835698375398,37.800033024592295],[-88.0283799779303,37.800767983828862],[-88.028289981111868,37.801473003028647],[-88.028269966647358,37.801639016600355],[-88.028190021078643,37.8025669822255],[-88.028371978432688,37.803729967075853],[-88.02847702113381,37.804417001637759],[-88.028685996218357,37.804789984083897],[-88.029107015930791,37.805349009203582],[-88.029817969596081,37.80627399482659],[-88.030459996427965,37.806964001540493],[-88.03078096807225,37.807329008574129],[-88.031678997692097,37.807929993721103],[-88.031775005138087,37.808025021112236],[-88.032899990521216,37.808620019738271],[-88.033302985537475,37.80872297883252],[-88.035456009219942,37.809520007201677],[-88.037623016078143,37.80986396498551],[-88.038717975272903,37.809839005776048],[-88.039885991754787,37.80974100772449],[-88.042102005304983,37.809212984481228],[-88.045753035300748,37.808128986723744],[-88.048828016129008,37.806830993043633],[-88.050825999576588,37.805817973921457],[-88.052529998567692,37.804737961328584],[-88.05439697979908,37.803521995638945],[-88.057555021553441,37.802030985733019],[-88.059661994899514,37.801195973393796],[-88.062222986671657,37.800580970207882],[-88.06418099149586,37.800431019967682],[-88.066877999880091,37.800558982645079],[-88.068922004918036,37.800982995708218],[-88.070670022256351,37.801703992403546],[-88.0764040046475,37.804635007324691],[-88.077029023676104,37.80499300492076],[-88.077319015121176,37.805266942094605],[-88.077381996904052,37.805326020173354],[-88.078477977483274,37.806333989093467],[-88.079794997521347,37.80768099940309],[-88.081173001489063,37.808923988149225],[-88.083203989040214,37.810897015348189],[-88.084227953479754,37.812104975635705],[-88.085160967090047,37.813184008994995],[-88.085906990085732,37.813768974522119],[-88.086844020961962,37.81444400104526],[-88.088670020151795,37.815512014695379],[-88.090038999644179,37.816771015377334],[-88.090569002068548,37.817628995774136],[-88.09123499325726,37.819150988017071],[-88.091766991738197,37.820912989553939],[-88.091848027861658,37.822108004011071],[-88.091543990358801,37.823220991703074],[-88.090884000814498,37.82446799754991],[-88.090091992161106,37.825641986187534],[-88.088852025116552,37.827023986146138],[-88.087624979439056,37.828194965418213],[-88.085726974889312,37.829387992364801],[-88.083670968359201,37.830175004148522],[-88.08193202131028,37.830682002159691],[-88.080853981883919,37.830901983618382],[-88.079940988128044,37.830985969838473],[-88.079463998881863,37.830991008072111],[-88.077994997372485,37.830773034799208],[-88.076427023078324,37.830238988477397],[-88.07404201037204,37.829160024911999],[-88.070892994889647,37.827358988803908],[-88.067754005504128,37.825644970604579],[-88.063672006055867,37.823861977030496],[-88.06101199119334,37.823015021560884],[-88.060211983940647,37.822848975862897],[-88.058054972636612,37.822448964726938],[-88.055134011557087,37.822366996098388],[-88.051941024439841,37.822122004335405],[-88.049640015890731,37.821938985188055],[-88.047946987125897,37.82172700683752],[-88.043830989139053,37.821524999907673],[-88.041940993968396,37.821926013745532],[-88.036958006748037,37.823162986644292],[-88.033011032171814,37.824382977157541],[-88.031533002593804,37.825091966562816],[-88.030011992222725,37.826075978481043],[-88.028692975229802,37.827108970856671],[-88.027788989779609,37.828297980228619],[-88.027045980631698,37.829592979767739],[-88.026381983702919,37.831106987391031],[-88.025921001536773,37.832693991495461],[-88.026053002679575,37.833687976720597],[-88.027360001112314,37.83705398163044],[-88.02821701814787,37.83858499176457],[-88.029687000617571,37.839820985916234],[-88.031418998299415,37.841202987746165],[-88.033308972808825,37.841916977165674],[-88.036020985753268,37.842643969330616],[-88.039849996261339,37.843401011944195],[-88.043323030473445,37.8441740008262],[-88.046290986917057,37.84462699053541],[-88.049452983055318,37.84518696318014],[-88.053480999144909,37.846315992585396],[-88.055918009933094,37.847225981969785],[-88.057575999910284,37.847890016857363],[-88.059424957343808,37.848732030679457],[-88.061007001950244,37.849919991448402],[-88.062729010366141,37.851341993103382],[-88.064129004193731,37.852480000263242],[-88.065035992711927,37.853171991597186],[-88.066211995216662,37.854453993042647],[-88.067364015398255,37.856050986343796],[-88.06853396146137,37.858010983614662],[-88.069338984906608,37.859830975247434],[-88.07033401461085,37.862049002805293],[-88.071346981874683,37.864467971983821],[-88.072352010726334,37.866766019223526],[-88.073160005798542,37.868353016219075],[-88.073770948226638,37.869243994507315],[-88.074771989456764,37.870808008503495],[-88.076018012044628,37.873316975363174],[-88.076793000318361,37.875045019749109],[-88.07852899550322,37.879117990460735],[-88.084384959228487,37.885581983119415],[-88.089332995696068,37.888677019612132],[-88.091845957244928,37.890715962514442],[-88.092159012036589,37.890946967432086],[-88.09352100173777,37.891951982241061],[-88.094956011895121,37.89368901150106],[-88.097891985619682,37.901517002873966],[-88.097759967408891,37.90402598396939],[-88.095661979910616,37.905807969702174],[-88.092658001922416,37.90619800678548],[-88.086236988001971,37.905712987480811],[-88.082889991915792,37.903627999521902],[-88.079008013145327,37.900505013934186],[-88.071449000846542,37.895813010352889],[-88.06789700921253,37.894848973533861],[-88.062144004995247,37.893934015757416],[-88.058155978308847,37.892752984502792],[-88.056664974363215,37.891686007730009],[-88.055372975999092,37.891237999645163],[-88.049544999286496,37.891103987522271],[-88.044926048046818,37.891215997269484],[-88.038778986152053,37.892050010740753],[-88.035991986339269,37.892776971383512],[-88.034591016042981,37.892779984984735],[-88.033818983226553,37.892782017446393],[-88.032896984758281,37.892931970709384],[-88.031276969263118,37.892965986539373],[-88.030479992926189,37.892874984606408],[-88.029138007808072,37.892636975256458],[-88.027803988949913,37.892043995530095],[-88.026568972520892,37.891023979544208],[-88.025770035161699,37.890082997187776],[-88.024817924266813,37.888859974524891],[-88.024216998054101,37.888628007386792],[-88.02321000548524,37.888331987258155],[-88.021117012619939,37.888056967503104],[-88.020283977907511,37.888050997339718],[-88.01869295104656,37.888402967455534],[-88.017072993941866,37.889221995813372],[-88.015154928215225,37.890791978814562],[-88.014350991731476,37.891916014983373],[-88.014225003012868,37.892205992035429],[-88.014000983842266,37.892723018613736],[-88.013450991207876,37.893951001112335],[-88.013355025084394,37.894853957071895],[-88.015958977886669,37.899951999999999],[-88.017816003089777,37.902696017268745],[-88.018793016182698,37.905903002124923],[-88.019977034354696,37.90977101532836],[-88.019921979305892,37.910666006542307],[-88.019878996716173,37.911697998670128],[-88.019892978993553,37.9123520165599],[-88.020059982991413,37.912899992555879],[-88.020204049406786,37.913062016865375],[-88.020823987564157,37.913757986291813],[-88.021878015921303,37.914182996458948],[-88.022512979300089,37.914756001590391],[-88.024073961108058,37.914550005809105],[-88.025085004180539,37.914550981697502],[-88.02730998740887,37.914710974058245],[-88.028754005871889,37.91462002098136],[-88.030198981939009,37.914346000920801],[-88.031845981028695,37.913750979947153],[-88.032481974775123,37.91363698111212],[-88.032944007970144,37.913659991665007],[-88.033493024135822,37.913865982851455],[-88.03412898913615,37.914323997657021],[-88.034792962708735,37.914621981260616],[-88.0363819980047,37.914896954915811],[-88.038000013850066,37.914965983244407],[-88.040455974599183,37.914921002615102],[-88.042046020499839,37.914967009445078],[-88.04848903146663,37.915470964379509],[-88.053371982296966,37.916067013217138],[-88.059209020315819,37.91718899303136],[-88.062241991429801,37.917898008367686],[-88.063022998415931,37.91819597749312],[-88.063802966949581,37.918584986533617],[-88.065189977426343,37.91968400431665],[-88.06692396307993,37.921332009465566],[-88.068023009609249,37.922704997399471],[-88.068224959868246,37.922704963385357],[-88.069005011046912,37.924238967329707],[-88.069468008134237,37.925703979901719],[-88.069613031255386,37.926847984414444],[-88.069496995870139,37.92735202162438],[-88.068948021026969,37.928565013935781],[-88.067966011504453,37.929779008686864],[-88.067560991685568,37.93021403523349],[-88.064815011643603,37.932022009925547],[-88.063341002924815,37.932778017970556],[-88.05990200408219,37.933830963966507],[-88.058542990499546,37.93408197245612],[-88.057127012049804,37.934150998365141],[-88.056144975577851,37.933967987421568],[-88.054756973360981,37.933487033926731],[-88.054121967761375,37.933028997463232],[-88.053629995514541,37.932526017333672],[-88.053255004578986,37.931129010961385],[-88.052793001926673,37.93048801884796],[-88.050538994131514,37.928130001723417],[-88.049354012067198,37.927192034795276],[-88.048660983385062,37.926757021545612],[-88.047129029737192,37.926001004021309],[-88.044987985089023,37.92510399562692],[-88.042465008223076,37.924459002607236],[-88.041294997481288,37.924285978812499],[-88.040126990880893,37.924321986230588],[-88.039648967673784,37.924315029077782],[-88.038604015894265,37.924439003485794],[-88.037731979027157,37.924602973020335],[-88.037133993898721,37.924831008800197],[-88.036375027078108,37.925163990306523],[-88.035362006813671,37.925530003134554],[-88.034065992081906,37.926158999457677],[-88.032490999250456,37.927499012724276],[-88.031098997733963,37.928857997579009],[-88.030536019053827,37.929625993001004],[-88.030414973764238,37.930103980940238],[-88.030338030365201,37.930408988270059],[-88.030341987444032,37.931062014327672],[-88.030705037972837,37.932068969668727],[-88.031279969636145,37.932955007256673],[-88.032994986464217,37.935530004448772],[-88.03612398478711,37.942745988393661],[-88.036213982503853,37.944122008036992],[-88.036674987127896,37.951130003402554],[-88.037012988135004,37.956275989197316],[-88.036792957484252,37.956792967099652],[-88.035883983689274,37.957481000535061],[-88.034799990229217,37.957993005569641],[-88.031989008093277,37.958590030628372],[-88.028217991023325,37.958408989369282],[-88.020867997826556,37.959350986061175],[-88.018235000694489,37.960713016778428],[-88.016310971950972,37.961573988874051],[-88.015098991919103,37.962739010965812],[-88.013881992101417,37.964573014449357],[-88.012928984687861,37.966543999284262],[-88.012270986708543,37.969941002664349],[-88.01257400372522,37.977062012393844],[-88.015216968563678,37.98295698478033],[-88.01949197913558,37.991056999122563],[-88.022863971742851,37.997982996209231],[-88.023082061134275,37.998635015257456],[-88.023130994164433,38.000044973363728],[-88.023230982045433,38.000244985056774],[-88.023331004960738,38.000344975833286],[-88.023631022502698,38.000945011068588],[-88.02413101131512,38.002344976506464],[-88.024930997008241,38.004545008245785],[-88.025430948091412,38.005644994761312],[-88.025830999328448,38.007245007461563],[-88.025630984040561,38.009144974360602],[-88.025259018630862,38.010632017818217],[-88.025130985346692,38.011145005377891],[-88.024430948907025,38.013045002845708],[-88.023330986096141,38.015444988778377],[-88.022430995454002,38.017144985467588],[-88.021166005837202,38.019133003725386],[-88.021031000728101,38.019345009738139],[-88.018931002800201,38.021944970451258],[-88.016930966702191,38.024044995624266],[-88.015030975079029,38.025144986036977],[-88.014074031247901,38.025353011179938],[-88.012730966354837,38.025644974676013],[-88.012515025733578,38.025717012539353],[-88.010630996274713,38.026345018564896],[-88.008631018567172,38.027545003840579],[-88.007631035552478,38.029144997741597],[-88.007931002788766,38.030845023333804],[-88.008930986701799,38.031944990193047],[-88.010530982342544,38.033044961054351],[-88.012130983373197,38.033845015873624],[-88.014130979047039,38.034344972024307],[-88.015931018721773,38.034644986246533],[-88.017631004040169,38.034744976799097],[-88.01963099701905,38.034245011350421],[-88.022130984200246,38.033344996167692],[-88.024630993839324,38.032545014426901],[-88.027731013409493,38.031744973003676],[-88.030431993245614,38.031544970127264],[-88.032531992071824,38.031644963496568],[-88.034131997594045,38.032045003535941],[-88.035631989184097,38.032844951113915],[-88.037931985331895,38.033944994782303],[-88.040231989564546,38.035645010156195],[-88.041532006290907,38.037344993854433],[-88.041748972788213,38.037924009451991],[-88.042132016221998,38.038945003644173],[-88.04213595353788,38.039011996650757],[-88.04223198793332,38.040544967864754],[-88.042332034204833,38.042445013818693],[-88.042432007712804,38.044544957877122],[-88.042132004543888,38.046345009643765],[-88.040431994072677,38.04844501021288],[-88.037831994755948,38.050245002168332],[-88.035332008473063,38.051145014088775],[-88.032631944020224,38.051745001268962],[-88.030032001297371,38.052144973248971],[-88.027232001065798,38.052145020643344],[-88.024130992450495,38.051945006985108],[-88.020630996203437,38.051844981205456],[-88.017230996820558,38.051744977925324],[-88.014030989369402,38.051444992731149],[-88.010530996715588,38.051244982111797],[-88.007431010383087,38.051144994281941],[-88.004731032168507,38.051044981556828],[-88.001329945824153,38.051545002080132],[-88.000030024319202,38.05234497150586],[-87.988770008745405,38.055590998119705],[-87.978734995181838,38.059814992316589],[-87.977609995425667,38.060527026476144],[-87.967225990865785,38.067104998918488],[-87.965813990156121,38.07053401979271],[-87.963993998898914,38.074285974890294],[-87.96125999609464,38.07829498040536],[-87.959023007780871,38.081521982634037],[-87.957878979012023,38.083791014326088],[-87.956664017471724,38.086201999304592],[-87.956878006952195,38.088283988514171],[-87.957245992825165,38.088977027159103],[-87.959138009205219,38.092538988429475],[-87.960279004363358,38.09647002618312],[-87.960462970350363,38.099086034763026],[-87.960253012508929,38.099810990120048],[-87.96022998958648,38.099892995341726],[-87.960450988621119,38.100039982281913],[-87.960677011034818,38.100190993387407],[-87.961079953948769,38.10010001633821],[-87.962209983372219,38.100054003240054],[-87.962933987761971,38.099916988800622],[-87.964006005781002,38.099413042505724],[-87.964642984979307,38.098977998931225],[-87.96629295928922,38.097511975962256],[-87.96803098915818,38.096276007765461],[-87.968812988782688,38.09593202259903],[-87.97529999653716,38.094167981467351],[-87.976516001919833,38.093755013109536],[-87.977454014654683,38.093346005042015],[-87.978774964822094,38.092770018287553],[-87.983407953136393,38.091189022099456],[-87.985550000304428,38.090340985754935],[-87.990095963427265,38.08873699054471],[-87.996988005373666,38.086650983373765],[-88.000030970245206,38.085396001878138],[-88.000968978488473,38.085100971136477],[-88.002634966166625,38.084490001684784],[-88.00469701296872,38.083965022549684],[-88.006716986276132,38.083924017378017],[-88.010142992784822,38.084380981252174],[-88.011389963993651,38.084690986977449],[-88.012130977983304,38.085275003110645],[-88.01312503301547,38.086807970501084],[-88.014150023331055,38.088824967696922],[-88.01463301601828,38.090398003195922],[-88.015656990339309,38.092890989803024],[-88.016152976258809,38.093930995526634],[-88.01680602721585,38.095716984211855],[-88.016728967035831,38.097257012720327],[-88.0159159970936,38.099817999914492],[-88.015113981207918,38.101411005625863],[-88.013117977647212,38.103526998788261],[-88.009880006493816,38.105065990431491],[-88.006742979028886,38.106171013427264],[-88.003230004820921,38.107269993852107],[-88.00003102055085,38.107895996800224],[-87.998309982315476,38.108488033156164],[-87.998224010847835,38.108557036343505],[-87.997450980901434,38.108577988283351],[-87.997383007180517,38.108580006997691],[-87.997146989212666,38.108531979110559],[-87.993675002436177,38.10782699440211],[-87.991270005808076,38.107461984832376],[-87.985853035287406,38.107075032901761],[-87.983070987886805,38.107144990253033],[-87.98005797194854,38.107968999133206],[-87.978493954733239,38.108427997509914],[-87.976061010618309,38.109572989282526],[-87.975308005017922,38.11005402607973],[-87.97478700191607,38.11051200979982],[-87.974496042985436,38.111106018153279],[-87.974236999400219,38.111633994272033],[-87.973832969524778,38.113395999453019],[-87.973774978781606,38.114449000730438],[-87.973951002763215,38.118249000098892],[-87.974124967806176,38.11843198453689],[-87.974356978389565,38.118913019527433],[-87.974502006002311,38.119599978904475],[-87.974444980049739,38.120836006952828],[-87.9742719744075,38.12198098795438],[-87.97409797433022,38.122073005581292],[-87.972997952230514,38.125045983820996],[-87.972887961608819,38.125233007520706],[-87.972243998907501,38.126324970185301],[-87.971490965459338,38.127904972197634],[-87.971307994805642,38.128169992832099],[-87.969869007806523,38.130262978356534],[-87.969463997869099,38.130743970731977],[-87.968392008596155,38.131567036420947],[-87.967349022330481,38.132139001271007],[-87.966392995679257,38.132505958554681],[-87.965754981621728,38.132620991721971],[-87.964403989994594,38.132642000351886],[-87.964305964034168,38.132644010628468],[-87.960480988758363,38.132094988262537],[-87.959351031200129,38.132210013598268],[-87.95694500240775,38.132873997207568],[-87.955873041880892,38.132896972225289],[-87.95485899663872,38.132622956070087],[-87.953613017169985,38.132072988814429],[-87.951410003140253,38.130792000264009],[-87.949178013951041,38.129074997822947],[-87.947960988082215,38.127861991166014],[-87.947670976874193,38.127588004160835],[-87.947468007925636,38.127220968446871],[-87.947265984903083,38.127014971227119],[-87.947207984278435,38.126924019104919],[-87.946399004652704,38.126554003605776],[-87.945867946707864,38.126452004404435],[-87.945472000771673,38.126616011475157],[-87.945208990226149,38.126818994518672],[-87.944825001764698,38.127272016287165],[-87.944627924866083,38.127626020442158],[-87.942952984577815,38.130634982561162],[-87.942460029574079,38.13134696726879],[-87.942176018213843,38.13175900521847],[-87.94041697495372,38.133742994746392],[-87.938811970306944,38.135772991625913],[-87.938618993319295,38.136016996531147],[-87.937900005122088,38.1367789750919],[-87.935134992474204,38.139428016843773],[-87.934237986035427,38.13971799484149],[-87.933342999009454,38.139908996156201],[-87.931386981258669,38.140196976304559],[-87.929422972095125,38.140726994466505],[-87.92783000666978,38.141545001269272],[-87.926626975654756,38.142546014743402],[-87.925810972101814,38.14363298136243],[-87.925435993742653,38.144863014218203],[-87.92549997804538,38.146251006193182],[-87.925893017931656,38.147832015181066],[-87.926894986223147,38.149182014158178],[-87.927780013627583,38.149990962955691],[-87.928233971866533,38.150416024595813],[-87.928269955681856,38.150892967023985],[-87.927899007165067,38.151645990412],[-87.927468000881632,38.15194599329763],[-87.927445030959817,38.152064977155938],[-87.927232973755537,38.152307999356339],[-87.925890988637434,38.152911996691941],[-87.925432940369006,38.152913993694831],[-87.924658014079043,38.152893989756201],[-87.924087989912152,38.152921994421014],[-87.923652960074548,38.153118998075726],[-87.923387012038063,38.153239961473631],[-87.922289977734991,38.15372099736549],[-87.921365014826293,38.154063980651856],[-87.919089996334947,38.155132009908073],[-87.917719015396116,38.15588898972964],[-87.916716005957213,38.156639988650717],[-87.915183960681162,38.157788021700256],[-87.913664033678316,38.159198004108916],[-87.913452996960189,38.159674975986661],[-87.912868005962352,38.160587988503799],[-87.912583928126779,38.160816015941087],[-87.911996016705942,38.161221991799842],[-87.911428007460202,38.161739986115883],[-87.91103396954567,38.162193974873745],[-87.910923969940825,38.162557002947189],[-87.910694997459743,38.165095999621443],[-87.910622988506546,38.166604014555276],[-87.91079197239128,38.167665976989667],[-87.911368965688155,38.16862200115353],[-87.912324972576471,38.170058988208375],[-87.912553005419767,38.17075899612],[-87.912678005991566,38.171049021883796],[-87.913088006070367,38.171529993256293],[-87.915666009239047,38.173321982958193],[-87.917000021809002,38.17407798298742],[-87.91729000606756,38.174169004857745],[-87.91824700020436,38.174123981213448],[-87.919058979304822,38.17398601469619],[-87.920712003395124,38.17403200097489],[-87.921727003546437,38.173803997220382],[-87.922916001080083,38.173277027292627],[-87.923659994781545,38.172646008062763],[-87.923989993596123,38.172364995015698],[-87.924076018962651,38.172293016122879],[-87.924240976598284,38.172230014582702],[-87.925028972477307,38.171086993627767],[-87.925229972318775,38.170633989651279],[-87.925289007802604,38.170316000280089],[-87.925308994419368,38.170214961997537],[-87.925896002135019,38.1664729835218],[-87.925812981633101,38.166118998325913],[-87.925131004025602,38.164615990138287],[-87.924655995564606,38.16367600152337],[-87.924509978906755,38.163103970297442],[-87.924512982873054,38.162025003966797],[-87.924580987136693,38.161412004467849],[-87.925962976031045,38.15934201311341],[-87.926388027382444,38.158839965892476],[-87.927412975477225,38.158172994780287],[-87.929580997431685,38.157118000780649],[-87.93024801180151,38.156793988603539],[-87.930480027774777,38.156682010439056],[-87.931210991413039,38.156347989883834],[-87.93173798178627,38.156340991166637],[-87.933768008140063,38.156317012714467],[-87.93429895110053,38.156459005073629],[-87.934636996125079,38.156748014759714],[-87.935250991926836,38.158734981588111],[-87.93523403622585,38.159314980720872],[-87.93504298342954,38.15962198648581],[-87.934177989354239,38.161334980096171],[-87.933751025489613,38.163094009985812],[-87.933759008817532,38.164351004406434],[-87.935048004113654,38.168373009683478],[-87.936442995223416,38.171354988110032],[-87.93716194479309,38.172188999639815],[-87.94049098625166,38.174902006777394],[-87.945135012165863,38.177560013571615],[-87.94768099398793,38.178906979362388],[-87.950920996232185,38.180314989925058],[-87.953415013210005,38.18140500545978],[-87.957515029269601,38.183242992650484],[-87.959499984450645,38.184375976396133],[-87.96986500581194,38.191785952328587],[-87.975818981124576,38.197833963871162],[-87.977494017532592,38.199782971426323],[-87.979808000449367,38.202653978403688],[-87.982763001389955,38.206705007431879],[-87.983402003594264,38.207973024896447],[-87.983973006924856,38.209106996133073],[-87.984233966616557,38.209959994853364],[-87.985185972408587,38.214853027257348],[-87.985251323048871,38.215322899414396],[-87.98527398125529,38.215486005068549],[-87.985627012873735,38.217993008882317],[-87.985557980039076,38.22248200655001],[-87.984995000460643,38.227964006226117],[-87.984848974819641,38.228615978810815],[-87.984837014649955,38.228673990483742],[-87.98453400032821,38.229126982801439],[-87.98373199701895,38.230353997859055],[-87.983373035621312,38.230905987064496],[-87.98121499484796,38.234214990689473],[-87.980468984428668,38.235411986789423],[-87.980157998457116,38.236114997602868],[-87.979688994335476,38.238946020446406],[-87.979629025502049,38.240550017607035],[-87.979788954368729,38.24166099901305],[-87.980904977260252,38.245119002401466],[-87.982119945987094,38.248052989606371],[-87.98240000206512,38.248696008798454],[-87.983057984773069,38.250046024696886],[-87.984647018272412,38.251876991639861],[-87.986337965640729,38.253662976791027],[-87.987660992713074,38.254905003112313],[-87.987871036792825,38.255141033039578],[-87.987988940673858,38.255351974994433],[-87.98816402950925,38.255838015139297],[-87.988122971110869,38.256450967636539],[-87.988077978091553,38.256717003663724],[-87.987910992958334,38.256957000488164],[-87.987617991258745,38.257380995056927],[-87.987102999682776,38.257730993487456],[-87.986108965311871,38.258058047621752],[-87.984704995540852,38.257952992593616],[-87.981868021550468,38.256444014512553],[-87.978333002685446,38.252893994895587],[-87.975468997489884,38.250046016231352],[-87.972812991808453,38.247519976221909],[-87.972258996281184,38.247038989609869],[-87.970465979635321,38.244567994511684],[-87.96994699504792,38.243353994261575],[-87.970004965129831,38.24280598067638],[-87.970503024361008,38.2411109886635],[-87.970593003213139,38.240860986303801],[-87.970346015019018,38.239105989100572],[-87.970199996564531,38.238622990968558],[-87.968967985000134,38.237389009483252],[-87.967556004053407,38.236728988547398],[-87.965381003985812,38.236410984339535],[-87.964279000202595,38.236297007521038],[-87.962321990711729,38.236549981302034],[-87.960967960982302,38.236806980300919],[-87.960225022801296,38.237117980529717],[-87.95886702970482,38.238294002173681],[-87.958259981473489,38.239021989778642],[-87.95799197270172,38.24009599647615],[-87.957896969572204,38.241256003424574],[-87.958407970831701,38.242896999894874],[-87.958840986646408,38.244973992523917],[-87.958882990970793,38.246666021695162],[-87.957880981356794,38.249371032933333],[-87.957609955144008,38.250045995772929],[-87.956144980782028,38.251651965948163],[-87.955370998621433,38.25223999457058],[-87.954031992316814,38.253032041870974],[-87.950722993170515,38.254049977756367],[-87.948892974019799,38.25443200839365],[-87.948176983500701,38.254577012099432],[-87.946065029894683,38.255318980833337],[-87.944704987741048,38.256190014468551],[-87.94359897477672,38.257080979138564],[-87.943029971994292,38.257789978642748],[-87.942713023005851,38.258183988884447],[-87.942070975512721,38.259298001912676],[-87.941794010537592,38.26058598061644],[-87.941924986702645,38.26178198810819],[-87.94261001678548,38.263346999826567],[-87.943011987722315,38.26364998117397],[-87.944033975868209,38.264041974143957],[-87.947253986105835,38.265782009888163],[-87.948605018157167,38.266547976346693],[-87.950687966060954,38.268025001012752],[-87.95127700846075,38.268749971283697],[-87.952162971909729,38.270512007774229],[-87.952296012403295,38.271626994718588],[-87.952197994527694,38.273102000671443],[-87.952125001020974,38.273762964258935],[-87.951923008541129,38.274253005397654],[-87.951170980307765,38.275834017649196],[-87.950297962480349,38.276792006423463],[-87.949278983690647,38.277344963837564],[-87.946739985371622,38.277992997219769],[-87.944519968928489,38.278467001390567],[-87.942332981741757,38.27940199699097],[-87.941134047942754,38.280291014183497],[-87.940285044777823,38.28106395679314],[-87.939919991005937,38.281527953084741],[-87.939211991899597,38.282923010575125],[-87.938867000202947,38.284524970223835],[-87.938955036897397,38.286421992910846],[-87.938853989902682,38.287534989729593],[-87.938608988781979,38.288677985024734],[-87.938243974535965,38.290278994847107],[-87.937518978406118,38.292046004797761],[-87.937328990113414,38.292431002684758],[-87.936818993170419,38.293013986572184],[-87.935642015993594,38.294404002308987],[-87.934843975153086,38.295144987498368],[-87.933555979681856,38.295895978470881],[-87.931872958149285,38.296497995896175],[-87.929898001217367,38.296934007709474],[-87.928790982139901,38.297259987836533],[-87.926798982370428,38.298042990517033],[-87.92497301013006,38.298658984879026],[-87.922832994951193,38.299197979885456],[-87.92142298400988,38.299342986572121],[-87.918547987028518,38.299397010103739],[-87.916488958565765,38.299372006486237],[-87.914812995994694,38.299004986623906],[-87.913324987930523,38.298446987839931],[-87.911393992751982,38.297576009077432],[-87.910128006903548,38.296577007805283],[-87.909536017131302,38.296061005017272],[-87.909337961069042,38.295719977236814],[-87.908973011501715,38.295054002007056],[-87.908634979053559,38.294589992768962],[-87.908294976600004,38.294238983274582],[-87.908008015172371,38.293766989214546],[-87.90786597894953,38.293175994333922],[-87.907993988877521,38.292331013108367],[-87.908310966612049,38.29173697760865],[-87.908528967070254,38.290956999997007],[-87.908915025250124,38.290477997355453],[-87.90985298678099,38.289334988808058],[-87.910685957713028,38.288384972999566],[-87.912025990792031,38.287013003307521],[-87.912642014091361,38.286197009353081],[-87.913691995538173,38.28451501171515],[-87.915443978040159,38.282349979887194],[-87.917085975310329,38.280078000222197],[-87.917711004220394,38.279351007760127],[-87.918112991326907,38.278516981416921],[-87.918938986840757,38.276832003358152],[-87.919291960068705,38.275908012619958],[-87.919469981005193,38.274546984910678],[-87.919372995293855,38.273705992110976],[-87.919216001223234,38.272801015088461],[-87.91879402929662,38.271915996633503],[-87.918252042448046,38.270941007445685],[-87.917614982401361,38.270077996055377],[-87.917091990429469,38.26970097470933],[-87.91612501421325,38.26908398485552],[-87.915275981403937,38.268734982668065],[-87.914081007378698,38.268308999867848],[-87.912850028876875,38.268133018489408],[-87.911109966120407,38.268030992427335],[-87.910119966981753,38.268107994932194],[-87.908541977370518,38.268580971853368],[-87.906840998515406,38.269633980287267],[-87.905719998957196,38.270757981954006],[-87.903716000390446,38.272759031384574],[-87.901791977935147,38.274873985905415],[-87.899700003759378,38.27722900261039],[-87.897802966695195,38.279481989373181],[-87.897066980576184,38.280133990710702],[-87.895632015334584,38.281149996909811],[-87.894560005400393,38.281789995658649],[-87.892430016318414,38.282853999654371],[-87.890942976638129,38.283383990391599],[-87.889058992993355,38.284378013155667],[-87.888222910297159,38.284916969689554],[-87.887848994644969,38.285298976906859],[-87.886858993709708,38.286465003813277],[-87.886451992207299,38.287009015246035],[-87.885762977197857,38.288953017638853],[-87.885319990981785,38.29135299555734],[-87.885145978328111,38.292479972631547],[-87.884277995557881,38.294236985212216],[-87.883587002458185,38.295221006647949],[-87.882764994565875,38.296639000001591],[-87.8821219750956,38.298285001011422],[-87.881586994207922,38.300175000614203],[-87.881168991936548,38.302349015483259],[-87.88084801759733,38.303724990440692],[-87.880082974572133,38.305353001736101],[-87.879388989184221,38.306506973846275],[-87.878303035600169,38.307849005822931],[-87.877503995833052,38.308572994765825],[-87.87643901611429,38.309374995365403],[-87.875663974839966,38.309930997047921],[-87.875030016675993,38.310220987663953],[-87.872896014819617,38.311406001448553],[-87.870536986781246,38.312220005463381],[-87.868885983900356,38.312277024211632],[-87.867264992834777,38.311979998854554],[-87.865964006826246,38.311452983555654],[-87.864270993332752,38.310702988193121],[-87.863109970235371,38.309822995239251],[-87.861635992059306,38.308398013958026],[-87.861119959335923,38.307825999987173],[-87.860453006949854,38.305372016369446],[-87.860452996170068,38.303112995251901],[-87.860808976957614,38.302246057615328],[-87.861785992745453,38.300000990744067],[-87.863086015760004,38.297906011852845],[-87.864812030662065,38.295388987359168],[-87.865119996497668,38.294377015127978],[-87.865835006954796,38.29203099067356],[-87.866248019084779,38.289980002502794],[-87.866032002106721,38.287822994781891],[-87.865521996180561,38.286081017842733],[-87.864262986648626,38.283286984486573],[-87.863963008632552,38.282620979072576],[-87.863031990180502,38.280171988059976],[-87.861773984965041,38.278637001742659],[-87.859650985674293,38.276711001932327],[-87.856605006954993,38.275521986334162],[-87.852847052287601,38.275241994520023],[-87.851130012453524,38.275119989034572],[-87.849187983268351,38.275543014414154],[-87.845937030560776,38.276666992324436],[-87.843449969238222,38.278171978554738],[-87.840984016528182,38.28010499765643],[-87.838978989390441,38.282326983594253],[-87.83649495089881,38.285485987033155],[-87.833933975296347,38.290614003652273],[-87.83280200551188,38.293340020972387],[-87.831523026431171,38.296726993564789],[-87.831282970536108,38.297844990815676],[-87.830952977111437,38.299364972168412],[-87.83075399578442,38.301354987888097],[-87.830713983923346,38.303072955697608],[-87.830848991727407,38.305608000708645],[-87.831135989985953,38.30681401160976],[-87.831476955433516,38.307488995412839],[-87.831847972222263,38.308155993496776],[-87.832254020612154,38.309976987640063],[-87.832533990451921,38.311482013427344],[-87.832880034075771,38.312825981910407],[-87.833343999546969,38.31564898169254],[-87.83340197951037,38.316649979953624],[-87.833382002775082,38.317536959973488],[-87.833443988326309,38.318376962123878],[-87.833477004107934,38.319554991396693],[-87.833273025453011,38.320891994386244],[-87.833204963697199,38.321656978341345],[-87.833032957879837,38.322896978338015],[-87.832722975326448,38.324852996830884],[-87.83242200826524,38.325978990474567],[-87.83198198828623,38.326972987828618],[-87.831396036091036,38.328085993973318],[-87.830637974772216,38.329147999189914],[-87.829988996776677,38.329929010770705],[-87.828759952347653,38.332000986790831],[-87.828236974748819,38.333018006511601],[-87.827684055403239,38.33402598826455],[-87.827319004326284,38.334835980478125],[-87.826985979087524,38.335606004758283],[-87.826483011461633,38.336630971325171],[-87.826075972229972,38.337529022922418],[-87.82581301917665,38.338315969245606],[-87.825577011090232,38.339247981880149],[-87.825334967223469,38.340042998194988],[-87.8251589800728,38.341024995332276],[-87.824773030589071,38.342285993979779],[-87.824538998796299,38.343177980405052],[-87.824324988654595,38.344055022946748],[-87.824170988668783,38.344527991726245],[-87.823716984615771,38.345223994427791],[-87.823513961768313,38.345639993407985],[-87.823414977305475,38.345962003676661],[-87.822720988324292,38.346911991712361],[-87.821826003094927,38.347730018546144],[-87.820049023173524,38.34923698482222],[-87.818146008719452,38.350467014324799],[-87.8171620094286,38.351202999017012],[-87.816156001413276,38.351970990934724],[-87.81548304019627,38.352413007287275],[-87.814992968784608,38.352931001431131],[-87.814370979773443,38.353396981091677],[-87.813790950170912,38.353791984793787],[-87.812842998475759,38.355126063186376],[-87.811886995180728,38.356370973036391],[-87.811135001083358,38.357585981541085],[-87.811014984364746,38.357939004732593],[-87.810313983134478,38.35871997432276],[-87.809032981946061,38.360266982621724],[-87.808897000368248,38.36043096808713],[-87.808321969890244,38.361126992637608],[-87.806814963356132,38.362477992879427],[-87.80607502285325,38.363142991712607],[-87.803574973688285,38.364188018086402],[-87.801986006664293,38.364591999002748],[-87.799616022772696,38.364896036030849],[-87.79727701548704,38.365594995593035],[-87.795441002776741,38.366117005918575],[-87.793498002512749,38.366419003842317],[-87.791587976707888,38.366608996806072],[-87.790250929628883,38.366701987174849],[-87.788112008598048,38.367129977844456],[-87.787750003708226,38.3672230041687],[-87.786093000979534,38.367649004874025],[-87.784994018230634,38.368011015357013],[-87.783698011583709,38.368564990269782],[-87.783078989707946,38.368862010502092],[-87.782456983628805,38.369312975428791],[-87.781682008829833,38.369777000866605],[-87.780660043141793,38.370343018341877],[-87.779995981534313,38.370841994502491],[-87.779049982776598,38.371641991161262],[-87.778893996615707,38.371788003730323],[-87.777823962975148,38.372792985935035],[-87.777569973311714,38.373031993206453],[-87.775369980316285,38.375045980354358],[-87.772022975246955,38.378514992098438],[-87.769720985737521,38.380694994948819],[-87.768674021731783,38.382075993385165],[-87.767564994919681,38.383552979683913],[-87.767153003275851,38.384087984577945],[-87.765741997001214,38.385929001793095],[-87.763117986615256,38.388525985656806],[-87.762702964055691,38.389035991641876],[-87.76167898703973,38.390292007676138],[-87.759401967101951,38.392661998364758],[-87.757306997044708,38.39484597658636],[-87.75685102657954,38.395423993458365],[-87.756741977392252,38.395572961492022],[-87.755958999502397,38.39665202010768],[-87.754775958697408,38.398140985468665],[-87.754103991915414,38.398987994904623],[-87.752735000744934,38.400411985802307],[-87.751539988990459,38.401657032515878],[-87.750027960873894,38.403027021080327],[-87.746889983889716,38.406960022176072],[-87.74525397928079,38.408996015112315],[-87.74429401531367,38.41171493950786],[-87.743772007895316,38.413114997767302],[-87.743690979856709,38.414386999728684],[-87.743533020097161,38.41688998359372],[-87.743504033259569,38.417319996449635],[-87.743217995300043,38.421680975632086],[-87.743116983339618,38.42313800097174],[-87.743107993898562,38.42326401309159],[-87.74282798812618,38.42733500871924],[-87.741565984509393,38.433206995841999],[-87.741040027198764,38.435575990294822],[-87.740585002659572,38.436634028263626],[-87.740393980405997,38.43707901248753],[-87.739767006643319,38.43797703283272],[-87.738812001376573,38.438929007917899],[-87.737676975523513,38.439507992891492],[-87.736144008575991,38.440066983566297],[-87.734607004599582,38.440875995171304],[-87.732849026741405,38.441392970314141],[-87.731640993008583,38.442164965815763],[-87.730699001635344,38.442907977294745],[-87.730392993228747,38.444228003248774],[-87.730211005331981,38.445429006229823],[-87.730133964016574,38.446517995320953],[-87.730369031566866,38.447883975042231],[-87.730819954398456,38.449228012727595],[-87.731973976026509,38.450780025855352],[-87.733218036693813,38.451825007747267],[-87.734590053390178,38.452498994452696],[-87.735728989609683,38.452985974058848],[-87.737747005488117,38.453616975664218],[-87.739314977985629,38.454163990130567],[-87.740524990707016,38.454715985242615],[-87.74216001974554,38.454915997141029],[-87.743898991947262,38.454996987444375],[-87.745387980971728,38.454623008876879],[-87.74842900278729,38.454528998286833],[-87.749474986731073,38.454417006792724],[-87.750027987823358,38.454179976621113],[-87.751477015292409,38.454212995659638],[-87.752826016252882,38.454414991341004],[-87.754833967406881,38.455175990253949],[-87.755930972963853,38.455875993353388],[-87.756533965301671,38.456944004113652],[-87.756825005080699,38.458501977478043],[-87.756713974209887,38.460298975692943],[-87.756435005093365,38.461491004457791],[-87.756178997813791,38.462537984304532],[-87.755354969610408,38.463959986073135],[-87.754667997369921,38.465069018658397],[-87.753951966426627,38.46593198899631],[-87.753724989103802,38.466208000084201],[-87.752813968048287,38.467250983258097],[-87.751899981654049,38.468486978746206],[-87.751432975385598,38.469137987434785],[-87.750933976516635,38.469843978176847],[-87.75054799020198,38.470519028043256],[-87.750028023755959,38.471426984956651],[-87.744641475580735,38.477268494156242],[-87.742166991570471,38.478305993115811],[-87.740875033630516,38.478858997566455],[-87.740024001171378,38.479223013669625],[-87.737736002922517,38.479533017889878],[-87.734859999828004,38.480039988361369],[-87.734645992381246,38.480078000401903],[-87.73004496253148,38.480254001500022],[-87.72801302366446,38.479855977003467],[-87.723982995348635,38.479608987633831],[-87.719920041981027,38.479491000672944],[-87.715735986729953,38.479767999931909],[-87.714046966247906,38.479879985115751],[-87.711558003191897,38.480623990724148],[-87.708053988780577,38.482189002138902],[-87.700968994101032,38.484835016620814],[-87.697652008033543,38.486103006319752],[-87.693188017078697,38.488038007435868],[-87.688326998616034,38.490510021065681],[-87.68592099587481,38.49184301245765],[-87.684190976283205,38.493110005601977],[-87.682323987865288,38.494617979812972],[-87.680972943237521,38.495943975605471],[-87.679442974866447,38.497479004464005],[-87.678373979678341,38.498438010122676],[-87.677775948735814,38.499335988711138],[-87.677406984597482,38.500046983130062],[-87.676802988841487,38.500654991872409],[-87.676434988595446,38.50133699215359],[-87.674910991326058,38.504397983825093],[-87.674238990408085,38.5057240104844],[-87.673831985312418,38.50626099901109],[-87.672381956221827,38.507395963143523],[-87.671897992455783,38.507610979696182],[-87.671322989825569,38.507662991989648],[-87.670708990430541,38.507537990479427],[-87.669810980573629,38.507178025858046],[-87.668986976624765,38.506641037139744],[-87.667890979875835,38.505738953579908],[-87.666792991561948,38.504949995093462],[-87.66548199472787,38.50403097080136],[-87.664536003156684,38.503395964594631],[-87.663700986760745,38.502931008752945],[-87.662894002293243,38.502627018847626],[-87.660952014430578,38.5020910000908],[-87.65952999391223,38.501790987090686],[-87.658802969386471,38.501737984933584],[-87.658177991680375,38.501669000451329],[-87.657665011432314,38.50169001349424],[-87.656740966601845,38.501756978203737],[-87.65583703145731,38.501895983874007],[-87.655024013006042,38.502156003738705],[-87.653797982424805,38.502615958496968],[-87.652364997070109,38.503219004184956],[-87.651290978502928,38.503832027303197],[-87.650091980923534,38.504605946449985],[-87.648349972416156,38.506060992456192],[-87.646718978609883,38.507767018572622],[-87.645810003916608,38.509082009598899],[-87.645344974840114,38.510158961491989],[-87.645117998415586,38.511108999867041],[-87.645129950500447,38.511793991162108],[-87.645149980236326,38.512648977325675],[-87.645255033717248,38.513212989217841],[-87.645371011610308,38.513834996701178],[-87.64575298515058,38.514425976150534],[-87.645995025424099,38.514750018057164],[-87.646225980487003,38.515089991426336],[-87.646693002925133,38.515520009568533],[-87.647190991189419,38.515854000654649],[-87.647719016421831,38.516276976396526],[-87.648237983042947,38.516626993547213],[-87.650011005885517,38.517727996069489],[-87.652643975169795,38.519363989638812],[-87.652918989004135,38.519558985960977],[-87.653235024405916,38.519714986995929],[-87.654591019649203,38.520327986350992],[-87.655283044913162,38.520799999388359],[-87.655779997419899,38.521205989087612],[-87.656143956145499,38.521667982626525],[-87.658326978168574,38.525083967711517],[-87.659476020435008,38.526710954669539],[-87.659672966179585,38.527365984958529],[-87.659727991583992,38.527865965839034],[-87.660535969588196,38.529748992128475],[-87.660752011719083,38.530491989407288],[-87.660902983484036,38.531539983732749],[-87.660977996403531,38.532145024610315],[-87.66123997927636,38.532526053252262],[-87.668787996196045,38.541077966544925],[-87.669232006491541,38.541742002222001],[-87.669583024087132,38.542380997599167],[-87.669829996111559,38.543124005644778],[-87.670083927384511,38.544133012185171],[-87.670117987906821,38.544706018551175],[-87.670070972779797,38.545237030946616],[-87.669734967829228,38.545880014033521],[-87.669219975354935,38.546812010295248],[-87.668450000578829,38.547741002263578],[-87.667486002277769,38.548516969408276],[-87.666284024088284,38.549338954159104],[-87.665434984092428,38.54994597543503],[-87.664238053536508,38.550542993807284],[-87.663442977136427,38.550892013896778],[-87.662401021238367,38.551336998319336],[-87.658143992243495,38.5529449815524],[-87.65636002073424,38.55364801119741],[-87.655028983384511,38.554172987013978],[-87.653288962848833,38.554685975139066],[-87.651999006355368,38.555209011529413],[-87.65128496787537,38.555664009152665],[-87.650703979770412,38.556240031401771],[-87.650344926744623,38.557036002437485],[-87.650140998395329,38.557736000277288],[-87.650146984768384,38.558090002428017],[-87.650214026936354,38.558420992412252],[-87.650384006154425,38.558816988845223],[-87.650573986362289,38.559181009646998],[-87.650693980622989,38.559447985442162],[-87.650791984125547,38.559778997973453],[-87.65099100857168,38.560335997498605],[-87.651500985751738,38.561355015878434],[-87.651864016517621,38.561905971473365],[-87.652224970378569,38.562601002155176],[-87.652513970083561,38.563279990078442],[-87.652669993075364,38.563917994719858],[-87.652744994316762,38.564459016301704],[-87.652737972186173,38.565039006833885],[-87.652448015775391,38.566027997648071],[-87.651951006674778,38.567241998365631],[-87.651529014985229,38.56816597485502],[-87.65130699995602,38.568615995721323],[-87.651106979278239,38.569025998528488],[-87.650597005691452,38.569626973502388],[-87.650181003069889,38.570058986236695],[-87.64968203654027,38.570522973219433],[-87.649094016423277,38.570817013589391],[-87.648618011730633,38.571055970764711],[-87.647885980893804,38.571341005057313],[-87.647248021633544,38.571473999229042],[-87.646404973400635,38.571541014893363],[-87.645088980136961,38.571774011814348],[-87.643966996923524,38.572000014924207],[-87.642937003890097,38.572283001712158],[-87.642308002629846,38.572504988053858],[-87.641388986568316,38.572933999340627],[-87.640592020112877,38.573444019036728],[-87.640053975970091,38.573770973075916],[-87.639567010932652,38.574162976605187],[-87.638910991043602,38.574876043832859],[-87.638521987287902,38.575605992662574],[-87.638246992318187,38.576272961717777],[-87.638116001780091,38.576828989262438],[-87.638048980273368,38.577262982644385],[-87.638072998529125,38.577828000693927],[-87.638096986242161,38.578343999128087],[-87.638255981759229,38.578796000519446],[-87.638404989806986,38.579136011822563],[-87.638585980573808,38.579466975098882],[-87.639105973969279,38.58057500315229],[-87.639525004811659,38.581488997981047],[-87.639774970920939,38.581997998397291],[-87.639850996241748,38.58252201364494],[-87.639983985531345,38.583296996495157],[-87.640092981718041,38.584433958066661],[-87.64017498532705,38.585144974737325],[-87.640259983919236,38.585870010614272],[-87.640257986964372,38.58919895503805],[-87.640210025013019,38.589794995042652],[-87.640113030318545,38.590100036431338],[-87.639839004631,38.590678994245472],[-87.639432991275413,38.591254995605816],[-87.63908804000296,38.591599992053865],[-87.638393017060892,38.592199993894518],[-87.637834997979439,38.592529998948258],[-87.637627012838337,38.592653992684973],[-87.636853021694591,38.592890982190561],[-87.636236947191279,38.592911010198335],[-87.635509004587306,38.592841972701677],[-87.634823018696991,38.59269199020175],[-87.63405697764351,38.592372002428512],[-87.633006997095052,38.591792966989431],[-87.632171997767102,38.591230994441943],[-87.628157032401958,38.588100999229887],[-87.627382962206468,38.587643974776071],[-87.626821996650889,38.587342000588656],[-87.625942978975701,38.587030015575579],[-87.625329027191398,38.58683999595538],[-87.625024012321504,38.58668499716854],[-87.62289696162884,38.586198006314341],[-87.621401005271025,38.586118000513586],[-87.61956198589948,38.586462994259733],[-87.616603992670676,38.587028998118711],[-87.614507976974451,38.587509995900277],[-87.613137976995887,38.588277015719939],[-87.61195997034973,38.589247992291455],[-87.611376026787511,38.590471015691854],[-87.610906998411352,38.591404991639813],[-87.610885975138757,38.592632011999065],[-87.611350014271821,38.593610985033287],[-87.612438966432279,38.594642011379179],[-87.61346099679902,38.595042002533226],[-87.616437005740821,38.59490501702124],[-87.619443019311461,38.594823984619218],[-87.620792990452429,38.595185975774243],[-87.622636016310167,38.595648005193723],[-87.623440988551408,38.596240987421957],[-87.624142972538621,38.596954994589218],[-87.625024015914775,38.598259001669518],[-87.625254976367572,38.598945006679642],[-87.62540600382809,38.599187986452435],[-87.625461974260176,38.599582982422],[-87.625475013306527,38.600220007534922],[-87.625561993582238,38.600640013817483],[-87.625636995721933,38.601139994857867],[-87.625852002993611,38.602052021283505],[-87.626050013241795,38.602601993628205],[-87.626248026184925,38.603167014489991],[-87.626610051736009,38.603718013762816],[-87.62724698781517,38.60520600776178],[-87.62728697632005,38.605298984205419],[-87.627347983605929,38.605439981458829],[-87.627423000118668,38.605972003845395],[-87.627449992696341,38.606278003505196],[-87.627445989803419,38.606585013423938],[-87.627379976206456,38.606907033261201],[-87.627344984131199,38.607236974211247],[-87.62721798750286,38.607549998786013],[-87.626986967761241,38.607959968870588],[-87.626601992051278,38.608320001264069],[-87.626080990746061,38.608904955021998],[-87.625509983822241,38.609440992898641],[-87.625024041067604,38.609726972705666],[-87.623932953611714,38.610261990823268],[-87.622656035266274,38.610820002809639],[-87.621305957225772,38.611515976022162],[-87.620532035252282,38.612164996532556],[-87.62035202005589,38.612785965695664],[-87.622424993965083,38.616468967592127],[-87.622758948960168,38.61708398050687],[-87.622555994384655,38.61801100410468],[-87.622375034160569,38.618872991971664],[-87.621793985868479,38.619596976906557],[-87.620473924134885,38.620477995367473],[-87.619095036224891,38.620954993071479],[-87.618207973238029,38.621514979681329],[-87.617043011926441,38.622194998199902],[-87.616151983775907,38.623215005816874],[-87.615584969863519,38.625047031796122],[-87.615468990173824,38.625889017359476],[-87.615583995191429,38.626455990389616],[-87.615678001190972,38.627094029611392],[-87.615735984747616,38.62729198581745],[-87.615784983354786,38.627457998421711],[-87.615943000606521,38.62795199519438],[-87.616424990773908,38.628673980360631],[-87.618923979926805,38.631381985064159],[-87.619818974139335,38.63273699499031],[-87.620382021091416,38.634306959472838],[-87.620585961118792,38.635023001725557],[-87.620899982497733,38.636128002558017],[-87.620980005321556,38.637655008710396],[-87.620119958268532,38.639489009295872],[-87.619196962670301,38.640750017145905],[-87.617314996641653,38.642156998646463],[-87.614321006122793,38.64303796654373],[-87.612206044957205,38.643539032187171],[-87.610877004562326,38.643917001166926],[-87.609830985584267,38.644215999566406],[-87.607895986614494,38.644983979973809],[-87.605817011060864,38.646517977585567],[-87.604329983058662,38.648355994513203],[-87.604154893324974,38.648721445842384],[-87.602949982136067,38.651235976869323],[-87.60289799663056,38.652616016921748],[-87.602759022764531,38.654375016130651],[-87.602862988385624,38.656362980036782],[-87.602031006498706,38.659053017665045],[-87.600180020669256,38.662462015642738],[-87.597247030249775,38.665313986732897],[-87.593678005659669,38.667402015584713],[-87.590092956023184,38.668944002288185],[-87.587684013096052,38.669980004922571],[-87.579397033040465,38.67247501684809],[-87.569606991851515,38.674358019029015],[-87.564359005215607,38.674934000671755],[-87.558428009706233,38.675584976708365],[-87.545538008235937,38.677612950355403],[-87.540051964456453,38.679143028243857],[-87.535061994631377,38.681485022899402],[-87.534435982066071,38.681753001715371],[-87.531231016812853,38.684035990215058],[-87.528557002604927,38.686443005326879],[-87.52813096400503,38.686827995529114],[-87.525694003522474,38.689310994500943],[-87.522039025431042,38.693349996389664],[-87.520877030356516,38.695093014111471],[-87.520635995297781,38.695453983771912],[-87.519608999942477,38.69719798294549],[-87.51903701565162,38.699526004496128],[-87.518945991160507,38.705144984879887],[-87.519180001393721,38.707322019408117],[-87.519518981564488,38.710455007154657],[-87.518597001062531,38.712740010368414],[-87.516706992417141,38.716332987568407],[-87.514605982087929,38.718979996000755],[-87.510706005570725,38.723348003536145],[-87.508514982253402,38.725767998026114],[-87.507696997915261,38.727335003606527],[-87.507129975019694,38.729947004280497],[-87.50622099224158,38.733532981406931],[-87.506172041245136,38.733724988432535],[-87.50533901821079,38.734970007330212],[-87.504059022237186,38.735823030540317],[-87.501937954324319,38.736434990214967],[-87.500019988310655,38.73700797959583],[-87.497526013553653,38.738531940917923],[-87.496520020809669,38.739336010863525],[-87.496041027422095,38.739981001352803],[-87.495799008708119,38.740698969598682],[-87.495796983905493,38.741005035703985],[-87.495793966464447,38.741360999210514],[-87.496076018599027,38.742112974815178],[-87.496494009192304,38.742727981687132],[-87.497405000603408,38.743408970911638],[-87.498450989038759,38.74399397148234],[-87.499559968240163,38.744456982338264],[-87.500019974835908,38.74491203661691],[-87.501590070950755,38.745724969085124],[-87.50331802980709,38.747079994068557],[-87.503879001650901,38.748054017202108],[-87.504045990377364,38.748506969184454],[-87.504006009957322,38.749709956621324],[-87.503575998108929,38.750046043968048],[-87.503530996106448,38.750402020551753],[-87.503379977629081,38.750979989627176],[-87.502613000531085,38.752601008493393],[-87.501813978730269,38.754196991748948],[-87.500919008772257,38.755294038170121],[-87.500020006276941,38.756182006507352],[-87.499647027567605,38.756807990456664],[-87.498947999037711,38.757774014180782],[-87.498515034426958,38.758983001389296],[-87.498237961653984,38.760062992430747],[-87.49788397422806,38.761876974775497],[-87.497653998328801,38.762591991047366],[-87.497333948356015,38.763592993946432],[-87.497110016321983,38.764535948614068],[-87.496870001749429,38.766180977607661],[-87.496906009819284,38.76681800557968],[-87.497476024104714,38.767646994802959],[-87.497528978892404,38.767724051651442],[-87.498216025693054,38.7683069576752],[-87.499131002929062,38.768834997539315],[-87.49974901689508,38.768990005093343],[-87.500019998192116,38.769035999367198],[-87.50049399515008,38.769176004048134],[-87.502515988768607,38.769172995155749],[-87.504953019319757,38.768860001017231],[-87.505880985296443,38.768430987636371],[-87.506564993096504,38.767855991620962],[-87.508183003551949,38.76731198141745],[-87.510329981572568,38.767181005611683],[-87.511969010809054,38.767538023696403],[-87.513651991917442,38.768474988929924],[-87.514372980662785,38.769171993592394],[-87.514861019186966,38.770502988156558],[-87.514547952717209,38.771821001781937],[-87.51379901199347,38.772757982200496],[-87.513137007527988,38.773196009035324],[-87.511797980562108,38.773558028339401],[-87.505668001030784,38.773670043775603],[-87.505257987477236,38.773721991503024],[-87.504301011306723,38.773845980533821],[-87.503767955508721,38.773980974598722],[-87.503497011940937,38.774049995138292],[-87.502114995198824,38.774627989811009],[-87.500020001785373,38.775652009684258],[-87.498586989481211,38.776479983032075],[-87.497412955185254,38.777453005477739],[-87.49653698818878,38.77857102556441],[-87.495738973399384,38.780303015857783],[-87.495199000573677,38.78197900567541],[-87.495210986794518,38.783060034434648],[-87.495380979487294,38.783811000732484],[-87.495509019958007,38.784625999801925],[-87.49590502248806,38.785433992815094],[-87.497820967292355,38.787070990831431],[-87.497792002014336,38.787166984380804],[-87.497841993259883,38.787408998662023],[-87.497912000766618,38.787698989266246],[-87.498566985796472,38.78850001613354],[-87.499273961721684,38.789220951104056],[-87.500020004480305,38.790244982691981],[-87.501122986528884,38.791379962829943],[-87.501546989546355,38.791695973210871],[-87.503129001813434,38.792873990873815],[-87.506559985887094,38.794546008038708],[-87.508210965411806,38.795716011783668],[-87.510552984748585,38.798396000917101],[-87.512271976621776,38.800766017506874],[-87.514919042269497,38.803712984720597],[-87.516688973110845,38.806179982471257],[-87.517746985496288,38.808069967615552],[-87.519219997983427,38.810477989612302],[-87.521594967524834,38.813013006569783],[-87.526815998414023,38.817368989544079],[-87.527342027589881,38.818121003994776],[-87.527406996446189,38.818765978036524],[-87.52713301028453,38.819432005538928],[-87.526463028779318,38.820538008737259],[-87.525900983448793,38.821170991487314],[-87.525239003237814,38.82160099000923],[-87.524381012428478,38.822110998366504],[-87.523636038665046,38.822596999662608],[-87.523379976588231,38.823440017160657],[-87.52317800117639,38.824010011662672],[-87.521680990196458,38.826575977049728],[-87.521841009792936,38.828734003241273],[-87.522212001428883,38.830482958674118],[-87.523234955263717,38.831874985977336],[-87.524570998026235,38.833637990307473],[-87.52596098012998,38.836198016384174],[-87.526695012413242,38.838577995162616],[-87.526717998504751,38.841128964517964],[-87.526681997621409,38.842546016620339],[-87.526523986657878,38.8428829909477],[-87.526105999657872,38.843468012478276],[-87.525904011669596,38.844142024967731],[-87.526049037485706,38.84492402627486],[-87.526167978022585,38.845367992469832],[-87.525996019815949,38.846059002170286],[-87.525907994799567,38.847507015212329],[-87.525893016290524,38.848794997094345],[-87.526728995680443,38.850362022316837],[-87.528193995195252,38.851690971874511],[-87.529185990390459,38.852131986991296],[-87.531144993242918,38.852506990998648],[-87.534519991613124,38.853123984851706],[-87.537248019722455,38.853591990077007],[-87.538844961989568,38.85417395391999],[-87.540308980544069,38.854715019222546],[-87.541690014529266,38.855343000597763],[-87.54260799483329,38.855952996823085],[-87.54483000373969,38.856827997129983],[-87.550515000100077,38.85955999987938],[-87.552028015465126,38.860317996299365],[-87.553105995602692,38.861411018250571],[-87.553393964940071,38.862410001773888],[-87.55338398825053,38.863343987872796],[-87.552871003510901,38.86414601418246],[-87.552065971082513,38.864510986180981],[-87.550985017521342,38.864600994347832],[-87.549468992800087,38.864181003989906],[-87.54790401977732,38.863405992927788],[-87.545718958578547,38.863029960809335],[-87.544235008204524,38.863374997401728],[-87.543188002876249,38.864213993324874],[-87.542641982592045,38.865281005118447],[-87.542605993386829,38.866640997355375],[-87.543271007208503,38.867941004144953],[-87.544329991571075,38.868872978809307],[-87.545869987835673,38.8699940139294],[-87.546956976278935,38.87118401237128],[-87.547610984840063,38.872515994187467],[-87.54773897141186,38.874013973835098],[-87.547547984192562,38.875043984723348],[-87.547510973602868,38.875302015570597],[-87.547369978527428,38.875613985493757],[-87.547064006951771,38.875957015434473],[-87.546654992324832,38.876258007718562],[-87.545936956341805,38.87658698065227],[-87.545202999517016,38.87672997698153],[-87.54372999152146,38.876764979477308],[-87.541815001626318,38.876761983519998],[-87.540411981374561,38.876886979310228],[-87.538438010792817,38.877164998083984],[-87.536816014512425,38.877407997523633],[-87.535943017346284,38.877758988331806],[-87.535471996506843,38.878091019451759],[-87.53514400632524,38.878473994471484],[-87.534919002601086,38.878873990870559],[-87.534833992330803,38.879413991983405],[-87.534991992514563,38.880593963506442],[-87.535535961944959,38.881554968298794],[-87.536124999853172,38.882329992675068],[-87.536520990705156,38.882578001571055],[-87.536741010576108,38.882846989299964],[-87.53722001923505,38.883976007096976],[-87.537552040157323,38.884756003359655],[-87.537745994512008,38.885120015746793],[-87.538030985035903,38.885456981347886],[-87.538280020490532,38.885798991820202],[-87.538735998142243,38.886136996074704],[-87.539854982779261,38.886717981706298],[-87.54061198228942,38.886915001659979],[-87.541542018882836,38.887201978938386],[-87.542560004135865,38.887700945460629],[-87.543382987598562,38.888196975234024],[-87.544291986546355,38.888952977693819],[-87.544853956418422,38.890059010665823],[-87.545051987327852,38.890821001518034],[-87.545129987145671,38.891467001669049],[-87.544918985461834,38.893449997769572],[-87.544640999102228,38.89437400025782],[-87.544089027479259,38.895093013156433],[-87.543228975036371,38.895750033601495],[-87.542436987942537,38.896167039430942],[-87.541628010113413,38.896380960837348],[-87.540804016944321,38.896385022860066],[-87.539869016260624,38.896307016602066],[-87.53912199613498,38.896118995537591],[-87.538590038078226,38.895529994814758],[-87.538494990032987,38.895174004742472],[-87.538576025258124,38.893448008624674],[-87.538411002943789,38.892581999545961],[-87.537916002476166,38.891442003463105],[-87.537718007499336,38.890924991074513],[-87.537651997495615,38.890253992963608],[-87.537595965978099,38.889550996141217],[-87.537379988525913,38.889088010249466],[-87.537190982091815,38.888770028169084],[-87.536879005278479,38.888459064148613],[-87.536520988010196,38.887897008243591],[-87.53626397282089,38.887425012462728],[-87.535955006262071,38.886993014737129],[-87.535702996485512,38.887206992443801],[-87.535172023880648,38.887926000980187],[-87.534789004701366,38.888872993578019],[-87.534362969694726,38.890375971034928],[-87.53434197067665,38.891295999445219],[-87.534472015288756,38.892338963903661],[-87.534640998275165,38.892583999902051],[-87.535032995217378,38.893008962073033],[-87.535464020365424,38.893515970229281],[-87.535827023283545,38.893851986386949],[-87.536397976308464,38.894562001471513],[-87.536602991619233,38.895042022990111],[-87.536590992821957,38.895566006013375],[-87.534046004536634,38.900016999026299],[-87.533857971876301,38.900587999112055],[-87.533695030958498,38.900957008618192],[-87.532929971763622,38.901518984246948],[-87.532100983961556,38.901717006189514],[-87.531336991965233,38.901786033683457],[-87.530607990247546,38.90171901118196],[-87.529004013273465,38.90158299594755],[-87.528260970887885,38.901652998105241],[-87.527328991238491,38.901890009282376],[-87.525291984974956,38.902238979025917],[-87.524465009399123,38.902364990504402],[-87.522938974750645,38.902390025412465],[-87.522736998440479,38.902512025284857],[-87.522119996875787,38.902522958941823],[-87.5205150021105,38.902516010057745],[-87.518895990033485,38.902612995166336],[-87.518007983815579,38.902704982411947],[-87.517424960128182,38.902987012831922],[-87.517120001852163,38.903248987749052],[-87.516831008435361,38.903697004394097],[-87.516728012096479,38.904122964045946],[-87.516810955343274,38.904543990651213],[-87.516975983047487,38.904998981321036],[-87.517234990700103,38.905342028768239],[-87.517731993512513,38.905671972928957],[-87.518479964055743,38.905835991279254],[-87.518952993528146,38.905859004708887],[-87.519603981054999,38.905795964349537],[-87.520233982140155,38.9056919867811],[-87.521797985880724,38.905318994898437],[-87.522731013864075,38.905098952906897],[-87.523430996404812,38.90509300951971],[-87.524313959480736,38.905193992508067],[-87.525264967244468,38.905515008348054],[-87.526068037752268,38.905945998635154],[-87.526624953702552,38.906381999855824],[-87.527295028632551,38.907214986630109],[-87.527645004182389,38.907687980530412],[-87.527910005394588,38.908209004927812],[-87.527899991874122,38.908635951090957],[-87.527886932166524,38.909200977962904],[-87.527627991887542,38.909721982867111],[-87.527199986875488,38.910401971480582],[-87.526829618670376,38.911259248060887],[-87.52604602004466,38.913072987500001],[-87.52603299087977,38.913605990526463],[-87.526087008374432,38.914381001384591],[-87.526307007584165,38.915110971967835],[-87.526651968738094,38.915761986304751],[-87.5270530108169,38.916251991555946],[-87.527481003252561,38.917331974922341],[-87.527701987914142,38.918449010103906],[-87.527704003733618,38.918811995015524],[-87.527714990129567,38.919231987463299],[-87.527461997596092,38.919906013407612],[-87.527183987880278,38.920345992326645],[-87.526770991919989,38.920833021448743],[-87.526058052079577,38.921354988612819],[-87.525477027143694,38.921523990193201],[-87.52518798881114,38.921567970291349],[-87.524836995470068,38.921660980616963],[-87.524169982896879,38.921555009276545],[-87.523525015879059,38.921407988779613],[-87.52247498053336,38.921344949649679],[-87.521679969710277,38.921462003704264],[-87.520634011817648,38.921665014635302],[-87.520216972540254,38.921892988018492],[-87.519119011175817,38.922603012029285],[-87.518825989713292,38.923204991379329],[-87.518603014385036,38.923943983086822],[-87.518469001016015,38.924798015497288],[-87.518618967566169,38.925879988415112],[-87.518727985312424,38.926946988908391],[-87.518788989903356,38.92784399628615],[-87.518696036729338,38.928327024158925],[-87.51843097712667,38.929065961114993],[-87.517045976181166,38.931466996919951],[-87.516767014251158,38.932342982070502],[-87.516627979299685,38.932994978018762],[-87.516658009081326,38.933480011246708],[-87.516750017227679,38.93396498315937],[-87.517354993045657,38.93494300801941],[-87.519921990953776,38.937531002807411],[-87.521240020698201,38.938889993370928],[-87.521607997588035,38.939460026029607],[-87.521850997262277,38.940068995490492],[-87.52187100993018,38.940553011228388],[-87.521765017709811,38.941116988137026],[-87.521284004909447,38.941835994302551],[-87.520999973786303,38.942107027601182],[-87.519468968759369,38.9429809871936],[-87.51931798351967,38.943066988197629],[-87.519234954932898,38.94312999055682],[-87.518614988029469,38.943605994617045],[-87.517481008713702,38.944493003646436],[-87.516342987877493,38.945557997744913],[-87.515360001886265,38.946608997983482],[-87.514310998704801,38.947837025032719],[-87.513597990592444,38.948795012667141],[-87.512927027228642,38.950132995889504],[-87.512327955138701,38.951941006458448],[-87.512197976103621,38.952648981107068],[-87.512129996992812,38.953810985764115],[-87.512187022047044,38.954416978290688],[-87.512605014436943,38.955085012909009],[-87.513345961951259,38.95599998820267],[-87.513782976167334,38.956232001332829],[-87.515121030257745,38.956775998670842],[-87.516365001093519,38.9573350105061],[-87.517538996761914,38.957934962687006],[-87.517892961729956,38.958115996690289],[-87.519172972974928,38.958909994817823],[-87.520613984776702,38.95984298510475],[-87.521799981038995,38.960714986043286],[-87.524335012397728,38.962964001617735],[-87.524963994793353,38.96384498988747],[-87.525485997720125,38.964876995813455],[-87.525967015012043,38.96636096743562],[-87.526488978412942,38.967394004630556],[-87.527001999085172,38.968829982640059],[-87.527596974857417,38.969830979452666],[-87.52870999018937,38.971171000853509],[-87.529495992706785,38.971924973404789],[-87.530852962622163,38.972525982324449],[-87.532448976929572,38.973058006409609],[-87.534518989093286,38.973580010294206],[-87.5378060082612,38.974555003801441],[-87.540799991593531,38.975260012813067],[-87.542492962866191,38.975598991940259],[-87.543562982133722,38.976146983231196],[-87.548033984439371,38.978503993770119],[-87.55127398488699,38.979299996642823],[-87.554414974820645,38.979885947241065],[-87.55798497857441,38.980686998043005],[-87.560279015298619,38.981365978806288],[-87.562563980835094,38.982454982000327],[-87.564366038125968,38.983021993318005],[-87.569263977346793,38.984356936542035],[-87.573465989920408,38.9854409653706],[-87.57560500437603,38.986165964675138],[-87.576530976092798,38.986710982720119],[-87.577585984511927,38.987912972101796],[-87.578318978342722,38.988786007191848],[-87.578493017047563,38.989749003220062],[-87.578296980398051,38.990199004565902],[-87.578018995835066,38.990647012441613],[-87.577546981458923,38.990987010603668],[-87.576984016253533,38.991270009625183],[-87.575803988397979,38.991462979453004],[-87.574534989600068,38.991518007166398],[-87.573401993041244,38.991429018689416],[-87.572539996644068,38.991247993720023],[-87.571773953793951,38.990929993272708],[-87.569781016183313,38.990143033929165],[-87.568371025004922,38.989606995644422],[-87.566794040608499,38.989132990302856],[-87.565193026278195,38.988794958534903],[-87.563965980600713,38.98880200021069],[-87.562980965315248,38.989021994099588],[-87.5620429992928,38.989469007471016],[-87.561268974911385,38.990377985744203],[-87.560742028555623,38.991314987486511],[-87.560573983410379,38.991862014411787],[-87.560427007351777,38.992425007665119],[-87.560654043065114,38.992943978957257],[-87.560990962500654,38.993514014585408],[-87.561404990625192,38.993882997988536],[-87.561975991260809,38.994197992072856],[-87.562888026514273,38.994429019239071],[-87.563351022703287,38.994467980999168],[-87.564022965230748,38.994405024285797],[-87.564675998221489,38.994276992417333],[-87.565152994654184,38.994145972107582],[-87.566096012801808,38.993933988328799],[-87.566495026484716,38.993624026983404],[-87.567084975284601,38.993543998180556],[-87.568204986696017,38.993704986375334],[-87.569464983476465,38.994069983567975],[-87.571305007164497,38.994781997131277],[-87.573112992437927,38.99553398821616],[-87.575422015756018,38.996477980760616],[-87.576564967444838,38.997026996606941],[-87.577001000700591,38.997331962456748],[-87.577626997096218,38.997913986852289],[-87.578258006989444,38.998762007302716],[-87.578654002332996,38.999502002065306],[-87.578805941583539,39.000041959358725],[-87.579116983250657,39.001607003800352],[-87.578889055510245,39.002412997069257],[-87.578568979486306,39.003049994925497],[-87.577763972210747,39.003800032164236],[-87.576836016115507,39.004790961897534],[-87.575649005655279,39.006426995806521],[-87.573760985879929,39.008683985937743],[-87.572976006543627,39.010271991855106],[-87.571870016935492,39.012544977477411],[-87.570317010370616,39.017332974833195],[-87.56969598615008,39.019412989798688],[-87.569626982959861,39.020413988151383],[-87.569590008302768,39.020960000757796],[-87.569578994059071,39.02186299611347],[-87.56987499164012,39.023104979301465],[-87.570685971814015,39.024967011517994],[-87.575026972626688,39.034061980417711],[-87.576086988255199,39.035151002274844],[-87.5776290003393,39.036659024084578],[-87.579511972481072,39.038400987575642],[-87.580252007307081,39.03937698729078],[-87.58037299151124,39.040707002559849],[-87.580206972965257,39.041939968873429],[-87.578824012093776,39.043527984183186],[-87.577472008963611,39.04448699705538],[-87.576419968578179,39.045543013918987],[-87.574727991740545,39.04692898955193],[-87.572982986453368,39.049201035931439],[-87.57255500120425,39.050055984139746],[-87.572290000890376,39.050586970484062],[-87.571926016113665,39.052739014397922],[-87.572137984384739,39.055448010399743],[-87.572588021477458,39.057285962503499],[-87.574327967452945,39.05853601038114],[-87.576983972236064,39.060181999415953],[-87.578701999318625,39.061697976336418],[-87.580099972835129,39.063890985692019],[-87.581858999925586,39.065825979877644],[-87.583545991113382,39.067946995663213],[-87.585687032168309,39.069728970006359],[-87.587725993165904,39.07102698586889],[-87.589853977208151,39.072277999748266],[-87.589950007112037,39.072333999527139],[-87.59151499091459,39.073180997650105],[-87.59244200916865,39.074252994996989],[-87.592822024381618,39.075227966490566],[-87.593397990904137,39.076324989192493],[-87.593954004945871,39.077154978221103],[-87.594592057630919,39.077986002817404],[-87.595559008694323,39.078978014590952],[-87.596373007207561,39.079639004005791],[-87.597474991227841,39.080194985425656],[-87.59855600048455,39.080621988666515],[-87.601101001346308,39.081404990677527],[-87.602904987320102,39.081557986304453],[-87.604122039240082,39.081405007413196],[-87.607120943543549,39.08117898391454],[-87.610695973371321,39.081233998289889],[-87.611863008892925,39.081251968220677],[-87.614170991063588,39.081784004405023],[-87.615963975370107,39.08256598521379],[-87.618590010558677,39.084862979306358],[-87.61873296575807,39.08500998335532],[-87.620258005971507,39.086572004477418],[-87.620978008366677,39.088096009609167],[-87.62114200121168,39.088965983047053],[-87.620728989980037,39.090263998538177],[-87.620386992368211,39.091522010267212],[-87.61899396048409,39.093021990187935],[-87.617611005900812,39.094287012474439],[-87.615465003450581,39.095771000321022],[-87.614308983969323,39.097777996919724],[-87.613946009797317,39.099535982939372],[-87.613996008229392,39.100995005740458],[-87.61488100239616,39.102655001387561],[-87.615684018106734,39.103316036616263],[-87.618384997942869,39.104284000795722],[-87.620765981705105,39.104396038724879],[-87.623508991018426,39.104475981758526],[-87.625023993456892,39.104225000996571],[-87.628686981825723,39.104489984902813],[-87.632656006448912,39.104907998531033],[-87.634722000448363,39.105386986177052],[-87.63711802021183,39.105729978510624],[-87.638585997641812,39.105894025097115],[-87.640312999792371,39.105655000097698],[-87.642353000140744,39.105159987632049],[-87.644609989444319,39.104431990480641],[-87.647070965487657,39.104268023445563],[-87.6491669874721,39.104802984565985],[-87.651198955085235,39.105828993446927],[-87.652797002280138,39.106837996394205],[-87.653619015562327,39.107804984427716],[-87.654636994527138,39.109110016712719],[-87.654865023777177,39.110131994684572],[-87.655041976616786,39.110921995520705],[-87.654858999674872,39.112395005887294],[-87.65418199693741,39.113383004083396],[-87.653278034843424,39.114404011214468],[-87.652082962003504,39.115543967093153],[-87.651376999377902,39.116123001578913],[-87.651021995059097,39.116439978775617],[-87.650433979433686,39.116496003434328],[-87.649915991976243,39.116409993650151],[-87.648818014442114,39.116036022543192],[-87.647644021468665,39.115637004187157],[-87.64616501272701,39.115394986630569],[-87.645219967980125,39.115386000439813],[-87.644432977315901,39.115265003531562],[-87.644351983413259,39.115222999118501],[-87.64416503591778,39.115127050172639],[-87.644001008936812,39.115039997421022],[-87.643472989992588,39.114909018369858],[-87.640270993671365,39.114275005562931],[-87.638284984766514,39.114327969357348],[-87.636259002628123,39.11431600268952],[-87.634343012009765,39.11491497272872],[-87.633272968487731,39.115815007699524],[-87.632437988922717,39.117342009186899],[-87.632245002053594,39.118701988009818],[-87.633618992348644,39.121086980220866],[-87.634617018832671,39.12208697312483],[-87.636927980715157,39.123104977305637],[-87.637988016106604,39.123428993168453],[-87.638187996360216,39.12346997799979],[-87.639327000851679,39.123053974931047],[-87.640889994885868,39.122774988835602],[-87.641375972674794,39.12290500895427],[-87.641935002360952,39.123121052133619],[-87.642170950260208,39.123211971782325],[-87.642199003748217,39.123695004578622],[-87.642055003808181,39.125040006629398],[-87.64219399204724,39.126002997092684],[-87.64233501137717,39.12689100811847],[-87.642719979002294,39.128009007473167],[-87.643144958488492,39.128561989451995],[-87.644065962521736,39.129103986880096],[-87.644803971646766,39.129522986876438],[-87.645523992008251,39.129691000936617],[-87.647067013798733,39.13015900802673],[-87.650037023791086,39.130576006019858],[-87.651501002819742,39.130817002136666],[-87.655239992254849,39.132282985198195],[-87.656016973890189,39.13279098590472],[-87.657045950030692,39.13372100718513],[-87.658111995151401,39.134934034240764],[-87.658745997332844,39.135997041617905],[-87.658707025720872,39.13698498544634],[-87.658693983979575,39.137311030539877],[-87.658200999331441,39.138404011252213],[-87.654080028271196,39.142686994310708],[-87.653201017782536,39.143992985678032],[-87.653052031294337,39.144862967324748],[-87.653340005123283,39.145608015377213],[-87.653333979224357,39.146640982693377],[-87.653311006607595,39.148027968888819],[-87.65278196807553,39.149435009251448],[-87.651719027532437,39.150602007891635],[-87.650049014503509,39.151576991579446],[-87.648205034634955,39.152469981340708],[-87.646380011015523,39.153427964958581],[-87.644969993785992,39.154301032241349],[-87.644216007225324,39.154857984497959],[-87.643792995947933,39.155427002788613],[-87.643462027851186,39.156069020843972],[-87.642948003760765,39.156531945225588],[-87.642560986180158,39.156841988689216],[-87.642173993752394,39.157097008789442],[-87.641529996016786,39.157135020572568],[-87.641128957531222,39.157158988116194],[-87.640550033754792,39.157137000918333],[-87.639712005307715,39.157160007892948],[-87.639019009863247,39.15715300041046],[-87.638545018295162,39.157067981342486],[-87.638122016000921,39.156983008841976],[-87.637443002833848,39.156774005324053],[-87.636873992864892,39.15620398788802],[-87.636335992739561,39.155560997238823],[-87.635757978956519,39.154860995166729],[-87.635330970176099,39.154461013246589],[-87.63477302924808,39.153778024496724],[-87.634378964384069,39.153419002428485],[-87.633348010153298,39.153068997529644],[-87.632397972570061,39.152954988966236],[-87.631570988011092,39.152986996814839],[-87.630835000993756,39.15309199747508],[-87.630222994062038,39.153206974101536],[-87.629712989932528,39.153394977185791],[-87.629242974307886,39.153680983552654],[-87.628742995376953,39.153917986384201],[-87.628325028139869,39.154212003592413],[-87.628039981022113,39.154539990415778],[-87.627712981682279,39.154907005024135],[-87.62750897517958,39.155381012775671],[-87.627743005175702,39.156231006063905],[-87.628186996606573,39.156920987565961],[-87.628726967635657,39.157427002903447],[-87.628949983388097,39.15769600091393],[-87.629377983908569,39.158022994919804],[-87.630375996019566,39.158340013405322],[-87.631170978994859,39.158430007830617],[-87.631756962631101,39.158603999001834],[-87.633895027567476,39.158770955952441],[-87.635702977806616,39.158845991371592],[-87.637426991262217,39.159024968814684],[-87.638324976864638,39.159139024660227],[-87.639850004501668,39.159493034455032],[-87.640856994375611,39.159866997703034],[-87.64123801570166,39.160199019683397],[-87.641549986226806,39.160470961801273],[-87.64206399594417,39.161330980014242],[-87.642065999187253,39.162476993848642],[-87.641806991534651,39.163739995455437],[-87.641286009992356,39.165260011186895],[-87.640434993702897,39.166726981967336],[-87.639502011533637,39.16748400899484],[-87.637934993945294,39.168428010173812],[-87.636491005126672,39.168833007940627],[-87.634793011373262,39.168992976098522],[-87.632911988575643,39.16889304009311],[-87.629624027973321,39.168892017700621],[-87.627833001095809,39.168993980381799],[-87.625024955552561,39.169295986230104],[-87.623606990029401,39.169489962925539],[-87.621811994394974,39.170060989107071],[-87.620520968007995,39.17032997920127],[-87.619618018315322,39.170975002162606],[-87.619406977105626,39.172077499012509],[-87.619543980966242,39.172579994978683],[-87.619773965848651,39.173418033456137],[-87.620795985435606,39.17478999221111],[-87.621397018547796,39.17886799683091],[-87.621435987464835,39.181942991903867],[-87.621139994375326,39.183897991475384],[-87.620492023391222,39.185033974437431],[-87.620399986498782,39.185194992649542],[-87.619602964347791,39.186032004146526],[-87.618551011098944,39.186403973486492],[-87.616307007841101,39.185849033302944],[-87.613064010613698,39.184179991248897],[-87.609975981755952,39.184043017525163],[-87.607878968031429,39.184463007879287],[-87.606293018448454,39.185129988269118],[-87.605172998053902,39.185896998945879],[-87.603713972335754,39.189297973971136],[-87.603044987062191,39.191303976061533],[-87.601630968736387,39.192493020022866],[-87.600099007003678,39.193440974091153],[-87.594150991114631,39.194931990408513],[-87.588613999383824,39.197823993277609],[-87.585725015633457,39.200395983847585],[-87.585917980044698,39.202605994856334],[-87.585735993046242,39.203865987556931],[-87.58497698939469,39.205275994920207],[-87.582880967410247,39.20670396481411],[-87.580331993299964,39.208409972208614],[-87.577029022747567,39.211123024802802],[-87.575600998788175,39.213837018682852],[-87.57455800892923,39.218403967328513],[-87.574615006135701,39.223931025539706],[-87.575372980317923,39.228355012942728],[-87.575799981013489,39.230207987858059],[-87.57760902090908,39.239184000550487],[-87.578481006572218,39.241903968445477],[-87.579230999223157,39.243027983472267],[-87.578828961810999,39.244903984673378],[-87.576989963999011,39.245465998229164],[-87.57446101153981,39.246292982569969],[-87.572299006501098,39.248342988959472],[-87.571641006725159,39.250038996694364],[-87.571459954872907,39.2509010124108],[-87.571615996729335,39.252614002433141],[-87.572506989845579,39.254163988061187],[-87.573793972915482,39.25507903559155],[-87.575259009261188,39.255523991757336],[-87.577116006616535,39.255670971299928],[-87.579971969195356,39.255352992297539],[-87.582438999883735,39.25493299665019],[-87.584177009989787,39.254004028078654],[-87.585179995174173,39.253137988100711],[-87.586854012892658,39.250038030438752],[-87.587157987513422,39.249616006432618],[-87.587506970424897,39.249281985974825],[-87.587949000833518,39.248979959371638],[-87.588338994532634,39.248702991290521],[-87.588679017647465,39.248538949220404],[-87.589152982266086,39.248276998824615],[-87.590315014171523,39.247565992731587],[-87.591109985468734,39.24726101742047],[-87.591802975523308,39.247125997725682],[-87.592393983436935,39.247146017922894],[-87.593008009781414,39.247326938943786],[-87.593486004242408,39.247451979504248],[-87.593990998467589,39.248021006546061],[-87.594684017268236,39.24874198659144],[-87.595495970317586,39.250037987308595],[-87.596046995116225,39.251158987177284],[-87.598134940347961,39.254092987373831],[-87.60053603379616,39.256088014623273],[-87.604141024235304,39.259458005630513],[-87.604947010674508,39.26021197406272],[-87.605542982678401,39.261122007117919],[-87.605574010488311,39.262398001050798],[-87.605262010318782,39.263402958995279],[-87.601500993294565,39.272241988367512],[-87.601271037158256,39.273582981280462],[-87.601392994237841,39.274390015183762],[-87.601948021929402,39.275165012500381],[-87.603068031544183,39.275542001912626],[-87.605270022392787,39.275823984836599],[-87.606394018730796,39.27589797664632],[-87.607341978510775,39.276205988628149],[-87.608542976638319,39.277186995130208],[-87.609437986122188,39.278534984044491],[-87.610050012816828,39.282232008381428],[-87.60976699050174,39.284714009055094],[-87.608752991073629,39.28668899365654],[-87.605483956177721,39.289320989449045],[-87.599907001094863,39.293582986386802],[-87.597544980768262,39.296387970477944],[-87.597323019637969,39.296956968016659],[-87.597526990208081,39.298166991881963],[-87.597946038118437,39.29947898982973],[-87.598415989962689,39.300085973147553],[-87.599835001124845,39.300933984184631],[-87.602995965997138,39.302286047615226],[-87.60405501054683,39.302739010791356],[-87.605347992566195,39.303216998855717],[-87.606770021169368,39.303024010883803],[-87.608418999247633,39.302702990779949],[-87.610244989454301,39.302175981373566],[-87.613102000367064,39.301167980816366],[-87.614015020174065,39.300937996551099],[-87.61499698208587,39.300900948190758],[-87.615841018465588,39.300869007728082],[-87.617785978853533,39.301256946976274],[-87.618964014245776,39.301690990354892],[-87.620526017438209,39.302835011698441],[-87.62093900890693,39.303406992419568],[-87.621176027598011,39.304161987997482],[-87.621147017404226,39.305305972429593],[-87.621058981608073,39.30565000497117],[-87.620735931262232,39.306405019449144],[-87.62058893993229,39.307046024001892],[-87.620178046928061,39.307394993477509],[-87.618538000798679,39.307863974249926],[-87.616674998205681,39.308188006058309],[-87.612605983006532,39.308565986824874],[-87.608527971179797,39.309815992546596],[-87.607261972754941,39.310427023155128],[-87.60591998943346,39.311075988722592],[-87.604042990190024,39.313525981709745],[-87.603817013590401,39.313849012889285],[-87.603762994299117,39.313927974187031],[-87.60065597505627,39.318529001477643],[-87.596729000571514,39.322028983518933],[-87.591801004619583,39.330323985792475],[-87.590451010122393,39.33206598399186],[-87.589083999737113,39.333830996974243],[-87.587661008139932,39.335007992166076],[-87.584852015772356,39.337329009918911],[-87.578330981631552,39.3403429883139],[-87.57576998985941,39.34116499353194],[-87.574080029739591,39.341423015935632],[-87.572132019571242,39.341444010309438],[-87.57070499453846,39.34126699431156],[-87.566133983690548,39.339725991900004],[-87.562464990084052,39.338930001247235],[-87.560691987004418,39.338850986190565],[-87.557744000109565,39.33933501584233],[-87.554399995413277,39.340488009936415],[-87.552139975193938,39.341480004818195],[-87.550831985021119,39.342377988518123],[-87.550259986357219,39.343347997118975],[-87.549937993328456,39.345158029009525],[-87.549686008704754,39.346569966935981],[-87.549477957986639,39.347740014132334],[-87.548156989852899,39.349880026368872],[-87.545881971361581,39.352147013472383],[-87.544012993175301,39.352906981695483],[-87.542237022061954,39.353095984529446],[-87.540377991819142,39.352948989933154],[-87.538693038908718,39.352635987806188],[-87.537270988745959,39.352088996892405],[-87.53619796461382,39.351242993109942],[-87.533454984944896,39.348706023437579],[-87.532423965137113,39.347927015686587],[-87.531645983676881,39.347887993623566],[-87.53164700595967,39.348759990827944],[-87.531662992378472,39.356879998566207],[-87.531690995560822,39.371042002122486],[-87.531422972416024,39.375036990461034],[-87.531421010495436,39.376184973546032],[-87.53140597449422,39.385280007671021],[-87.53139996925654,39.389460020481401],[-87.531375980645194,39.404889977044206],[-87.531374949379256,39.405900980772415],[-87.531367016356981,39.411754976268945],[-87.531364022272143,39.413732997385239],[-87.531355985045295,39.419005985202297],[-87.531356009299799,39.43315398078699],[-87.53135601019811,39.435523996980258],[-87.531354988813646,39.436655991244294],[-87.531355022051301,39.437211968732022],[-87.531354977135521,39.437731982338804],[-87.531413997348011,39.438442017476603],[-87.531452996807772,39.444734003792803],[-87.531469020955797,39.447251989358989],[-87.531488963555105,39.449473996517582],[-87.531492012437184,39.449812991542736],[-87.531497007968468,39.45031896994638],[-87.531607955295968,39.466225018742861],[-87.531618002054103,39.468324979298622],[-87.531623987528818,39.469377960716905],[-87.531635989021041,39.471820001610126],[-87.531649019982552,39.474516996440727],[-87.53165999200543,39.476474003072795],[-87.531662994175093,39.47712000520599],[-87.531659991107105,39.483931985660945],[-87.531659008350189,39.486343030654808],[-87.531649988366425,39.487947978367188],[-87.531649019982552,39.488059000511477],[-87.531626987901888,39.491698008465882],[-87.531692018741921,39.495516006306701],[-87.531731963229348,39.498599993782108],[-87.531813991092889,39.500034018277518],[-87.531829971223473,39.503110010349886],[-87.531862032095958,39.508810028852544],[-87.531926985680911,39.520359991734082],[-87.531943985399352,39.523345965084125],[-87.531946994755543,39.52382798926746],[-87.531964982620778,39.526937000376023],[-87.531959996072658,39.528126968150524],[-87.531931988398725,39.535037997961894],[-87.531930003121943,39.5392929715101],[-87.531927989997399,39.542637007382581],[-87.532016963634717,39.544192986143507],[-87.531926994664076,39.545428993458543],[-87.531939004241096,39.545852997193705],[-87.531955987789843,39.546458999593128],[-87.532044991071572,39.547603035243107],[-87.532043977771934,39.548861983468967],[-87.531955041863853,39.54925101130015],[-87.531987997458373,39.558573007096356],[-87.532008014617858,39.564013012030031],[-87.532024988285144,39.568353994003189],[-87.532037977924162,39.571268015261509],[-87.532064992959704,39.577578987056867],[-87.532068997649219,39.578454000517773],[-87.532082990706414,39.581614000014753],[-87.532090989305701,39.583409998251554],[-87.53210799710898,39.587549980618626],[-87.532130978708892,39.592900996542433],[-87.532194010797426,39.607272982186061],[-87.532241032212667,39.617920016657557],[-87.53225798252376,39.621780991898397],[-87.532216046471348,39.625034999492037],[-87.532275010988272,39.632673991245518],[-87.532301011825865,39.63610498681394],[-87.53235897831452,39.643429002259268],[-87.532374995276029,39.645432004965564],[-87.532364981755578,39.64612600060412],[-87.532443989483127,39.64610197984306],[-87.532589945953845,39.650792947432635],[-87.532615980927403,39.654009014606444],[-87.532628006674116,39.655541982352752],[-87.532681936133898,39.66225600930089],[-87.532702967491318,39.664867974109626],[-87.532707021588209,39.666202972596508],[-87.532736003035893,39.674015954831198],[-87.532737969448036,39.674527002054639],[-87.532774995309111,39.684704026824569],[-87.532780981682151,39.68623598664805],[-87.532782957975797,39.686752985380146],[-87.532793011920461,39.689476999548248],[-87.532807987734557,39.693750023921389],[-87.532809010017345,39.694464972519285],[-87.532820007193052,39.701491978612196],[-87.532836970080552,39.706476996934633],[-87.532844020058917,39.708821008452247],[-87.532858005031258,39.712649991366646],[-87.532861004505989,39.713431995821935],[-87.53291899974073,39.73075399622428],[-87.532928003554815,39.733311001086932],[-87.53296900715597,39.745464988725537],[-87.532955999550666,39.750036009214448],[-87.532989003654194,39.759864010662589],[-87.533015018864816,39.767133007678638],[-87.533039968673521,39.77428502128766],[-87.533066001850457,39.781742995799135],[-87.53305800325117,39.796242964790679],[-87.533056015279456,39.803619023969844],[-87.533055997313141,39.80392196656846],[-87.533142006510033,39.810946997285804],[-87.53313996374105,39.812540999960895],[-87.533130971605061,39.823330985102203],[-87.533130022085814,39.825193960432017],[-87.533124992418522,39.832586017149602],[-87.533177953494416,39.853380007030097],[-87.533187993066036,39.857429018292187],[-87.533270028116107,39.8610210052437],[-87.533227977079349,39.861601984238291],[-87.533235891236984,39.865455033015714],[-87.533242997809211,39.868898981266156],[-87.533256000024622,39.871982007140808],[-87.533268996850154,39.875036004159128],[-87.533226991627487,39.883126987916995],[-87.533197004964961,39.888780997572013],[-87.53313998260569,39.894474010038444],[-87.533109028457631,39.899233975306267],[-87.533070972228927,39.905098007332526],[-87.533020014396129,39.910356981089421],[-87.532995013383442,39.913059991970492],[-87.532980943969477,39.914535985741196],[-87.532946005793121,39.919423949823212],[-87.532886987377267,39.922908990674948],[-87.532878011410958,39.924051974369249],[-87.532872003478332,39.924868981125073],[-87.532884005868851,39.925030975803644],[-87.532794988214079,39.930609026376835],[-87.532741003957085,39.937036003222907],[-87.532749949380673,39.947112996117617],[-87.53275198765806,39.948769018318401],[-87.532754816452893,39.952109285856466],[-87.532755970788017,39.953458995063663],[-87.532759028653246,39.956129011982945],[-87.532761000455309,39.958144009262305],[-87.532772977693,39.969569002677652],[-87.532774979139447,39.970565005395599],[-87.53277595650647,39.971077011084567],[-87.532713983531636,39.974716003485121],[-87.532790004360876,39.97500995143622],[-87.532683022197062,39.977690973756616],[-87.532682994349287,39.978308017221366],[-87.532682994349287,39.978675040971012],[-87.53256300547848,39.986170002244165],[-87.532542005562092,39.987462000316299],[-87.532530008561466,39.988262993757793],[-87.532407981413257,39.994328004465558],[-87.532331016454663,39.997776015503405],[-87.532286972954608,39.999746997241992],[-87.532286982836069,40.00003699212899],[-87.532323979052734,40.010927966427836],[-87.532307983650782,40.01149203521765],[-87.532315981351758,40.011589515748639],[-87.532308018685072,40.011829011914607],[-87.532307957599627,40.012103004944869],[-87.532343350323501,40.013282051564197],[-87.532399979220727,40.01516996422037],[-87.532338992596081,40.029527997032076],[-87.532261986314978,40.045626002631103],[-87.532171010332888,40.058802023495765],[-87.532139965454988,40.066362993784033],[-87.532017983222545,40.081202031446203],[-87.531954983473355,40.088865004759512],[-87.531895966854151,40.095957001934536],[-87.531834998195819,40.1034039635299],[-87.531758986349729,40.108804001349483],[-87.53169802308129,40.117692929817963],[-87.53169803386109,40.118112005495512],[-87.531561016525728,40.133005023325524],[-87.531529978834342,40.142777990201182],[-87.531759001621083,40.144273011377024],[-87.531438968716301,40.148026984223542],[-87.531439004648888,40.148134004864573],[-87.531376982266721,40.155373999296685],[-87.531264993791837,40.162123987886815],[-87.531133021395135,40.170029983466357],[-87.531026998632044,40.177224973726418],[-87.530827978677479,40.191811975729649],[-87.530798009981282,40.194009013468509],[-87.530827994847144,40.195169009572055],[-87.530798000099807,40.196435976992298],[-87.530767037866923,40.197297996694466],[-87.530737013475189,40.19760302229502],[-87.530736958677934,40.1983120214161],[-87.530584016907568,40.199410972556059],[-87.530553963769734,40.206521967035393],[-87.530461995149267,40.214730952702858],[-87.530415932236423,40.220284979930973],[-87.530385971625094,40.221124011085514],[-87.530300978422787,40.228047002930467],[-87.530203003666315,40.236025002493299],[-87.529991998389235,40.25003597903595],[-87.530054011788252,40.250670976109205],[-87.529964005088345,40.251769983849748],[-87.529959983330841,40.25207299473265],[-87.529776941710224,40.266735994702451],[-87.529714986701691,40.272410993478488],[-87.529624985391706,40.273280000506361],[-87.529623030657646,40.273683017438096],[-87.529607991063159,40.277611011179367],[-87.529591011107669,40.28209099981941],[-87.529534036359067,40.286595020807816],[-87.529467027428765,40.29194300310634],[-87.529342021467102,40.301861989727691],[-87.529251984224473,40.303715002280171],[-87.529125966759793,40.315843985339718],[-87.529066019485938,40.316598997071516],[-87.528790974210565,40.330832000983754],[-87.528635028473872,40.343737987471791],[-87.528514991992367,40.344699994623689],[-87.528604981624255,40.345248973763773],[-87.528604995098988,40.345431994116709],[-87.528594026669353,40.345999975237774],[-87.528517997755301,40.349942990984282],[-87.528464983678802,40.352665967090608],[-87.528403011602293,40.35595096388063],[-87.528328997609407,40.359802976204278],[-87.528341003593184,40.36002497126497],[-87.528357989836877,40.360328989129222],[-87.52809999907717,40.371051967043137],[-87.52817201162361,40.375035993759312],[-87.528137983440644,40.377844963144483],[-87.528009998665496,40.388507985100482],[-87.528003988936248,40.388959016849057],[-87.527919989270657,40.396060953481957],[-87.527802115034021,40.400509245248152],[-87.52757605309445,40.409041023459721],[-87.527524041537816,40.411003986163792],[-87.527521988887401,40.415512017234846],[-87.527485007043779,40.417800010572833],[-87.527476995868071,40.418265014783259],[-87.527454965584042,40.419617984411232],[-87.527426958808434,40.421406996569807],[-87.527361976477422,40.425490988408022],[-87.527244000731145,40.432903004914628],[-87.527088011875321,40.443840995674549],[-87.527056991251925,40.447479013297951],[-87.527022017142983,40.44957198700525],[-87.526809017605956,40.462169991464506],[-87.526745997195505,40.469424004284228],[-87.526698956017327,40.470900984856186],[-87.526548964314358,40.475658985668865],[-87.526501961763742,40.477157987706903],[-87.526393994148066,40.489508975754404],[-87.526375999994599,40.491573989551924],[-87.526254986146057,40.492603982163132],[-87.526339991026433,40.500036008872883],[-87.526326969048085,40.501054992959091],[-87.52627704068459,40.505134972435791],[-87.526366962044534,40.505570015970306],[-87.526277003853664,40.505707000427051],[-87.526358995784605,40.52021504570088],[-87.526350955862796,40.520417998908876],[-87.526328957918125,40.520946999280461],[-87.526351974552327,40.535110997643535],[-87.526291994040804,40.535408983271772],[-87.52647800639005,40.546582980126729],[-87.526525003550773,40.549412988949271],[-87.526433970974821,40.549938971441641],[-87.526344001105855,40.550030991435015],[-87.526463016202911,40.551998977998572],[-87.526456978625887,40.552537996661258],[-87.526337002331488,40.56405795092531],[-87.526330020625096,40.56727099589552],[-87.52630101761784,40.578222003528346],[-87.52629999174178,40.578679993368262],[-87.526249979834972,40.589305993397112],[-87.526249439049167,40.589417588804189],[-87.526233024133973,40.592890010850667],[-87.526202987165817,40.593302014528106],[-87.526152008671787,40.604483003761814],[-87.526137986868505,40.607452985771346],[-87.526136006981616,40.607991988124319],[-87.526128962393159,40.610028008527507],[-87.526100000708382,40.618403982162846],[-87.526099025137995,40.620943027786168],[-87.526021660429095,40.622285254245071],[-87.52600800603679,40.622521995336186],[-87.526050984134912,40.625036004529456],[-87.526056967813034,40.625616013268314],[-87.526178989571335,40.636474989901302],[-87.526118974025508,40.636931996500202],[-87.526275974384347,40.647559994395401],[-87.526310018736979,40.649840988734788],[-87.526316031161187,40.650213974107174],[-87.526351995213588,40.652674959289534],[-87.526346011535466,40.664230966083963],[-87.526401016278641,40.672811996666056],[-87.526388023046351,40.675167004345738],[-87.526368975169078,40.678806992297758],[-87.526365008208785,40.680086985664204],[-87.526333007523419,40.690065004826934],[-87.526211001934797,40.693404984168666],[-87.526213999612892,40.694923992371919],[-87.52623501929223,40.704571956239505],[-87.526262992830169,40.707912989718352],[-87.52635400654151,40.70802698074273],[-87.526257988315734,40.719354023663051],[-87.52616697729934,40.722373995575651],[-87.526191004538248,40.733952002928007],[-87.526129006410599,40.736949984472808],[-87.526122987698201,40.748597974078443],[-87.526051006592795,40.749735991980288],[-87.526031990156554,40.75003700413761],[-87.525970991853811,40.751271028267162],[-87.526080994153617,40.765629999070683],[-87.526111015850418,40.769484008816555],[-87.526110987104317,40.769690001010723],[-87.526110996985793,40.769995004787056],[-87.526110959256556,40.770444975291646],[-87.52610996571984,40.771611989619934],[-87.526077016413524,40.777652992053049],[-87.526015019184214,40.780489979791106],[-87.526035002207706,40.782707992096135],[-87.526126944777019,40.792663973211965],[-87.526129008207235,40.792914970778128],[-87.526127015743924,40.794997003496306],[-87.52611699773189,40.795904002512962],[-87.526002027748561,40.806941980665087],[-87.525907989409689,40.813119993487433],[-87.525817004444448,40.813187983392424],[-87.525771012498524,40.817283005553826],[-87.525722984970187,40.821561985170518],[-87.525813001551526,40.821744988244994],[-87.525721993230107,40.822087999534602],[-87.525714988167508,40.835612970823888],[-87.52571501062539,40.836023015085189],[-87.525735996168748,40.851788002524977],[-87.525785950583384,40.853669977967911],[-87.52578304363513,40.854356999531461],[-87.525974957915793,40.865017006728621],[-87.525923995591413,40.875035034726864],[-87.526113036161476,40.879703000455557],[-87.525991980092115,40.879886022328336],[-87.525961987141415,40.88061798522083],[-87.526436988415881,40.894209011531991],[-87.526194989464855,40.894369000574649],[-87.526044015004942,40.894758008250975],[-87.526013965460379,40.895581983696196],[-87.526008993285274,40.906496001922569],[-87.52606799912472,40.908647013953797],[-87.526082991108495,40.911837002011403],[-87.526084015187919,40.911913994333709],[-87.52612296613863,40.919240992872304],[-87.526118008336582,40.926916997778271],[-87.526114990895536,40.933747021079895],[-87.526122974223469,40.93759398575807],[-87.526138955252364,40.944959036764196],[-87.525985950599917,40.947888007391619],[-87.52599899323954,40.95148398025686],[-87.52601398432499,40.955345993311745],[-87.526097993872057,40.966877986680807],[-87.526092950730046,40.975733007185035],[-87.526096992250515,40.97598698596488],[-87.526180986526185,40.981406989258758],[-87.526237996309078,40.987471007355659],[-87.526290014153915,41.000033013279982],[-87.526288969413244,41.002685008802857],[-87.526288990972802,41.003238003792923],[-87.526348032744863,41.005251928038064],[-87.52628700839098,41.005778007539647],[-87.526286981441515,41.0069899794658],[-87.526286995814573,41.008545970660222],[-87.526255992259152,41.010055970713495],[-87.526304998052865,41.010345973047322],[-87.526345960331497,41.010582979165555],[-87.526313991985489,41.013854985596048],[-87.526372001593273,41.017699018839544],[-87.526398961831589,41.024791964653915],[-87.526519998138014,41.024836998605977],[-87.526428969155319,41.024952025142085],[-87.526456999287134,41.0292759698373],[-87.526391010843,41.039526987265056],[-87.526390985690171,41.039772018401493],[-87.526388961785841,41.043072976659062],[-87.526446973190247,41.04819895745603],[-87.526386013515065,41.048289960735573],[-87.526351016948226,41.057601996719761],[-87.526440985020571,41.057781484410292],[-87.52643898357411,41.061378010322862],[-87.526530001777033,41.061445993766903],[-87.526438982675799,41.061560989523826],[-87.52644095807112,41.062675966582859],[-87.526479998853361,41.083242997326074],[-87.526480992390063,41.083532998242227],[-87.526481990418347,41.08432102239388],[-87.526486991339524,41.087027014842938],[-87.526397004402583,41.087094994787861],[-87.526436974941149,41.089079000104164],[-87.526475011406916,41.091001976260266],[-87.526543999325781,41.094463001139758],[-87.526541970031559,41.098332967265407],[-87.526539986551398,41.101555997428562],[-87.526570992801751,41.102981979312183],[-87.526575973960007,41.103185989221373],[-87.526657986552166,41.106864002104707],[-87.526621987465475,41.111965986278108],[-87.526618007030464,41.112546973172101],[-87.526593018594198,41.11606198251144],[-87.526710962899429,41.12148498109142],[-87.526679006231504,41.125033003398862],[-87.526613986171242,41.130710988068635],[-87.526700019622623,41.139657999675933],[-87.526695961034179,41.149221998762002],[-87.52669402696138,41.152538992703214],[-87.526693028034785,41.153957974409415],[-87.526718974973448,41.159448019718816],[-87.526719991866344,41.159518013173653],[-87.526659986202006,41.160090000637339],[-87.526629014985943,41.160364003462675],[-87.526630994872846,41.161227986778059],[-87.526603972650776,41.162340976928846],[-87.526586954966035,41.163032996440961],[-87.526566972840854,41.163864980934889],[-87.526625991256708,41.166060949400524],[-87.526594978718137,41.167411012679558],[-87.526594008537643,41.169835016376929],[-87.526621991957072,41.173841013114156],[-87.526649965495011,41.177479005490056],[-87.526599003170631,41.183904013389444],[-87.526557997772855,41.189070022012878],[-87.526556008902816,41.189262002247595],[-87.526552964512319,41.189673986482077],[-87.526520013409382,41.194500994346598],[-87.526524968516483,41.198330004311657],[-87.526540011704228,41.209138011023889],[-87.526541968234923,41.210242993934628],[-87.526561988987652,41.23049097696309],[-87.526632972064789,41.244910013266534],[-87.526658019789835,41.250033999602955],[-87.526730970177439,41.253379021681482],[-87.526636004777174,41.261066973652525],[-87.526726973572735,41.261226983865299],[-87.526749992901884,41.275411987145574],[-87.526715988075139,41.282962000336667],[-87.526733953482506,41.288337005202663],[-87.526754015557742,41.294074024404239],[-87.526767989750297,41.298177008354308],[-87.526766992620338,41.29936399839788],[-87.5267639877557,41.305453016498568],[-87.526762967269548,41.307003003675334],[-87.526760982891091,41.312293975508126],[-87.526751973687098,41.314221988489706],[-87.526699030577504,41.325920992845596],[-87.526694029656326,41.326911004790674],[-87.526693012763431,41.327142986291413],[-87.526594018419118,41.341647975469265],[-87.526500987989976,41.344760988098358],[-87.526468992694504,41.348374001264489],[-87.526403978024121,41.355811988288195],[-87.525922992173236,41.366626018256447],[-87.525574018244924,41.374482005723522],[-87.525523479027029,41.375035010688819],[-87.525397025879442,41.377218982574625],[-87.525349970328236,41.380851000913935],[-87.525338971355879,41.384632993585889],[-87.525318987434076,41.392147968849109],[-87.52530200298699,41.398819006859327],[-87.525516011332073,41.406726995450953],[-87.525701998528504,41.413538990190339],[-87.525733003880546,41.415734001021747],[-87.525734027061645,41.41582704194375],[-87.525733991129044,41.426658980153498],[-87.525734002807127,41.428633019071682],[-87.525734977479203,41.435395004585423],[-87.525700023133183,41.440240012471918],[-87.525678982792599,41.443135023333916],[-87.525673968396688,41.443781015467572],[-87.525622971936329,41.45105901124856],[-87.525623034818395,41.45361898745066],[-87.525638994287746,41.453954985617678],[-87.525629972507346,41.456670003856658],[-87.525622971936329,41.458819009915118],[-87.525595975765413,41.460630962346919],[-87.525590981132439,41.461010984686325],[-87.525651958773921,41.461722957862847],[-87.525670977905122,41.461938988079979],[-87.525670998566369,41.470115006421487],[-87.525629002326838,41.471733012453591],[-87.525537988615497,41.47524700442456],[-87.52543902481392,41.479035006038302],[-87.525433001609926,41.479221992531976],[-87.525416018959476,41.479829996081577],[-87.525382980719954,41.481022993854822],[-87.525381038562315,41.481142983454731],[-87.525339980163963,41.482634995852194],[-87.525340020588146,41.48503499550111],[-87.525340022384768,41.486034993793936],[-87.525439991401157,41.48803500127741],[-87.525261022742058,41.488659020315417],[-87.525240003961045,41.488734977703281],[-87.525339997231939,41.489734988200013],[-87.525239961740212,41.492135010165484],[-87.525239996774516,41.493334992514804],[-87.525140002605283,41.494535004444693],[-87.525139989130565,41.495075966282556],[-87.525140006198569,41.496635000423261],[-87.52513998733393,41.496831966698075],[-87.525140012486744,41.497471985546532],[-87.52513995319795,41.497534990833053],[-87.525140009791812,41.498735000306709],[-87.525140007995176,41.498900994131986],[-87.525139965774358,41.499035008283855],[-87.525184005681169,41.499694962004362],[-87.525240017435763,41.500534981573693],[-87.525240001266084,41.501035007335538],[-87.525202987981444,41.502936001399426],[-87.525139979249104,41.506235000774801],[-87.525107001196702,41.506828989520798],[-87.525059983374732,41.507674995906555],[-87.525039985079871,41.508034980099119],[-87.52504000035124,41.508534972837438],[-87.525040024605744,41.510538007618408],[-87.525040020114176,41.512234976943986],[-87.524939998097167,41.513635028122401],[-87.524943990210289,41.513950978238668],[-87.52504000124955,41.521134995590565],[-87.524940005283696,41.522735003677418],[-87.525039996757968,41.524634986655713],[-87.525040012927647,41.524738978437306],[-87.525039994063022,41.528134970660453],[-87.525029999407167,41.528294006028354],[-87.525014004903554,41.528546013090669],[-87.524991030490142,41.528917007691106],[-87.524939981029178,41.529735048429174],[-87.524941007803562,41.53553500515239],[-87.524918999977402,41.535890010416551],[-87.524840993871393,41.53713499806058],[-87.524939983724138,41.539928998986738],[-87.525040995684563,41.542735013856607],[-87.525030986655679,41.54281503875027],[-87.524841009142747,41.544435018966546],[-87.524881980404558,41.545799013379288],[-87.524917008412416,41.546962997954104],[-87.52493299033965,41.547481991819303],[-87.524940973667569,41.54773499375893],[-87.524920994237334,41.547913012419286],[-87.524870023828115,41.548376980031165],[-87.524840973210146,41.548635011253026],[-87.524916036435272,41.549924991912143],[-87.524940974565894,41.550334979561541],[-87.524940991633883,41.55183499969467],[-87.524941022176591,41.551948998685646],[-87.524940948514754,41.553935017134819],[-87.524941005108602,41.55403500435532],[-87.524941024871538,41.554134005923714],[-87.524940986243976,41.554332005244433],[-87.524940972769258,41.556334995107129],[-87.525040994786252,41.557534999410244],[-87.525040979514898,41.557712972262365],[-87.525040984904791,41.558935025564274],[-87.525040998379509,41.559234997838978],[-87.524840984888243,41.561334969784667],[-87.524806032338844,41.561684021263446],[-87.524640974990234,41.563335001633149],[-87.524640992058224,41.565500008214258],[-87.524640957922244,41.566434990764527],[-87.524666993794114,41.567424014588291],[-87.524741008685325,41.5701350240438],[-87.524741014973529,41.571124005339549],[-87.524741002397107,41.571635016110697],[-87.524740985329132,41.573635014749051],[-87.524740962871235,41.573734999043587],[-87.524741022160043,41.57473497527365],[-87.524740984430821,41.574841994590173],[-87.5247410185668,41.576435004369827],[-87.524740976345981,41.576835022738578],[-87.524640956125594,41.577334988455895],[-87.524641034279043,41.578335009077222],[-87.524641031584096,41.579034989435847],[-87.524640992058224,41.579437996762046],[-87.524640992058224,41.581234994081953],[-87.524741034736465,41.582035005166773],[-87.524740985329132,41.582834970727752],[-87.52484199639126,41.585234989364835],[-87.524842006272721,41.585534988697653],[-87.524841999984517,41.586235011955758],[-87.524842008069356,41.586435005880602],[-87.524842008967667,41.587134973020127],[-87.524941983373949,41.587235015698532],[-87.524942013916686,41.588034992087572],[-87.524742005815284,41.588835004251699],[-87.524842008967667,41.589434966052998],[-87.52494197528911,41.589934996811955],[-87.524876049727055,41.59022899945397],[-87.524742015696759,41.59083502118753],[-87.524841977526634,41.591735002110248],[-87.524841983814824,41.592634985937934],[-87.524841990103042,41.592838006799951],[-87.524842032323861,41.593334998723826],[-87.524742004916973,41.593634999384257],[-87.524842010764289,41.594134976112208],[-87.52482499667282,41.594329971428131],[-87.52474198156078,41.595335001870524],[-87.524841967645173,41.596734986145002],[-87.524841990103042,41.598934996334933],[-87.524741984255726,41.600034983383246],[-87.524741988747309,41.600274014621704],[-87.524741993238877,41.600535040855007],[-87.524742030968127,41.600735001898123],[-87.524762957222663,41.600929981304695],[-87.524841980221581,41.601634989882761],[-87.524641966730314,41.601935033916604],[-87.524742003120352,41.60293497917764],[-87.524741980662469,41.603834991560582],[-87.524641984696615,41.604634961055687],[-87.524842009865978,41.605535033689662],[-87.52474201839172,41.606434974206678],[-87.524741969882683,41.607334988818081],[-87.524741998628784,41.608235009009611],[-87.524742004018663,41.609135008585625],[-87.524742006713595,41.609935000355051],[-87.524741989645619,41.610934990220741],[-87.524741992340566,41.611734983176227],[-87.524541976154353,41.612734998869662],[-87.524641987391547,41.613535011814101],[-87.524641995476401,41.614434977745908],[-87.524641984696615,41.615534943679791],[-87.524741977967508,41.616534994484049],[-87.52474199952708,41.617134994286992],[-87.524730982588437,41.617310997719223],[-87.52464198559494,41.61883500292673],[-87.524641982001654,41.620235003177214],[-87.524941987865517,41.620634995268084],[-87.52464200086628,41.621434967977635],[-87.524742024679909,41.622235007317236],[-87.524642064646685,41.622534984423488],[-87.524642004459551,41.625334993987082],[-87.524641965832004,41.62573499338955],[-87.52484196225528,41.628135004838356],[-87.524841992797988,41.628830011534468],[-87.524842018849142,41.628934997306125],[-87.524842008967667,41.629547995174114],[-87.524841973035052,41.629734983204074],[-87.524841964950213,41.630234997130174],[-87.524841981119891,41.630634983589758],[-87.524841952373805,41.63113495897769],[-87.52484200537441,41.631934992103794],[-87.524742010306881,41.632434992994227],[-87.524642005357876,41.634935024538215],[-87.524541983340853,41.63543498671585],[-87.524552993991307,41.635830998534743],[-87.524642995301306,41.639034981239227],[-87.524642971046802,41.644135030244001],[-87.524668009788712,41.644636977895765],[-87.524743006538515,41.646134985056456],[-87.524742995758743,41.647935016030196],[-87.524714989881446,41.648422974007055],[-87.524643006979403,41.649734981274207],[-87.524642959368705,41.650234021138033],[-87.524643016860878,41.65133497587955],[-87.524665973307961,41.651736005355971],[-87.524742993063782,41.653034997585095],[-87.524831015385232,41.654633969218054],[-87.524842980046472,41.654834997525178],[-87.524792990597547,41.655631976558411],[-87.524743000250311,41.656434988951034],[-87.524742997555364,41.659198010479784],[-87.524743006538515,41.660434996976242],[-87.524742994860432,41.661334967949173],[-87.524942989487073,41.666434987760063],[-87.524843022267305,41.667434988460101],[-87.524843015080776,41.673234987900649],[-87.524743002945243,41.673435006673159],[-87.524785018947725,41.673733007611105],[-87.5248429513004,41.674134986628452],[-87.524843068081381,41.675034997598303],[-87.524842990826272,41.675435998928954],[-87.524842991724597,41.676234986833258],[-87.524842983639743,41.680735003159612],[-87.524821017136105,41.680951994919589],[-87.524742996657054,41.681735000434173],[-87.52481301135029,41.686937991538031],[-87.524843974481499,41.689234987102068],[-87.524843982566338,41.691634973083296],[-87.524943954277688,41.69333496649903],[-87.524944039617637,41.693820021431272],[-87.524944013566497,41.695134975424246],[-87.524943960565892,41.695590988872027],[-87.524943952481053,41.697034960603446],[-87.524944032431122,41.697449977519867],[-87.524943933616441,41.698834973298432],[-87.52504397090479,41.700534981655885],[-87.525019986785026,41.701034010100166],[-87.524943959667567,41.702635008956868],[-87.525043982582886,41.702834978597608],[-87.524943963260853,41.703835038125632],[-87.525044000549201,41.705835015957106],[-87.524044023822682,41.706735006039139],[-87.524044000466489,41.70743498320693],[-87.524043962737252,41.707755009971045],[-87.524043979805228,41.708334998506835],[-87.524235976730907,41.716979021327894],[-87.524230974013093,41.717272987128212],[-87.524216994430645,41.718354007951426],[-87.524201007113518,41.719511976135976],[-87.524161005133934,41.722436996136985],[-87.524154026122488,41.72295898268758],[-87.524152016591202,41.723134021191974],[-87.524141038280106,41.723989988320596],[-87.525041010955931,41.725090004785834],[-87.529468574327694,41.732113733124251],[-87.529374977959918,41.732544506058446],[-87.52930529564334,41.732865383864763],[-87.529179094922341,41.733446526098007],[-87.528744978671398,41.733635016412876],[-87.529397195093537,41.737455176733924],[-87.529445000738008,41.737735008278179],[-87.529844971126693,41.740635009153301],[-87.536844962722469,41.740735005992541],[-87.539445000666745,41.740634999769199],[-87.539545012802265,41.741034982170071],[-87.536944990129342,41.741034990213571],[-87.530145015618103,41.741535000571176],[-87.530441880971736,41.744850142629815],[-87.530744993209851,41.748234996692446],[-87.537144987450944,41.750834964989785],[-87.540628013623959,41.751628998492606],[-87.541480982850871,41.75182401656658],[-87.542844990168149,41.752135015537831],[-87.543946023770872,41.75513501195433],[-87.541845009848387,41.756334992302193],[-87.540345011970118,41.757534999132893],[-87.542446037570699,41.759534048209659],[-87.543145962619263,41.760034003618912],[-87.546646031629862,41.758734031308805],[-87.547645976017023,41.758533976942616],[-87.55064601309607,41.758933982525839],[-87.551680000937523,41.759382981770521],[-87.553366948107907,41.760369016238627],[-87.55484599907038,41.76196001969619],[-87.555527962304822,41.761730999458706],[-87.555834961553174,41.76193498722126],[-87.55624396540037,41.762240013138872],[-87.556756011400509,41.762672999554376],[-87.557545989861353,41.76313398275137],[-87.559246015603961,41.765034002128466],[-87.560646008533226,41.766034009616895],[-87.56034597212664,41.766534018236534],[-87.559345989111918,41.769333981495912],[-87.562647000438702,41.769533951942222],[-87.565647042907642,41.774134001234529],[-87.569647028865418,41.776933975105898],[-87.571747020505114,41.779034010944635],[-87.57208947356277,41.779034010274721],[-87.572346999893483,41.779034009604871],[-87.573162963022227,41.779032976632088],[-87.573714021058549,41.778996001957282],[-87.572346986418751,41.77983401320779],[-87.571047001133437,41.780634014199229],[-87.568846942560981,41.781434032004988],[-87.576346971478216,41.786033998129611],[-87.576547949760098,41.788134015264156],[-87.57724797631829,41.788234011110994],[-87.576548007252256,41.788333987377811],[-87.575948001812762,41.788634002985461],[-87.578224021925621,41.793449015735611],[-87.578548016400831,41.794133987612362],[-87.576947987522416,41.79503398897252],[-87.575848001355311,41.795133992808402],[-87.574848009357467,41.7957340091981],[-87.575248009390535,41.796933983604191],[-87.577048007742789,41.79693399231035],[-87.57944800524632,41.798433997031111],[-87.580147997668547,41.799634016647502],[-87.580148026414619,41.800951409092072],[-87.580147984193815,41.802533974908791],[-87.580013002440893,41.8028270180261],[-87.579548006602053,41.803834031220418],[-87.580043012459598,41.804011015493209],[-87.580835221437312,41.804293738921338],[-87.580947989649857,41.804333996920725],[-87.583771999154038,41.807256984179823],[-87.584661022264868,41.808176975236648],[-87.586647986078859,41.810233008974585],[-87.586649003870093,41.811533006149958],[-87.590348984862317,41.813632988602706],[-87.591663018002052,41.815915012823851],[-87.592249033079341,41.816933008238628],[-87.593044706859089,41.817946912987331],[-87.594036004961623,41.819209975517829],[-87.594719135107653,41.820080607499804],[-87.595089006544413,41.820552004504137],[-87.59734898813619,41.823432976873804],[-87.597984704303201,41.823962744915903],[-87.598548986438828,41.824433008802963],[-87.598548966675892,41.825632997314557],[-87.59976397852185,41.826361976053562],[-87.600549042299761,41.826832984086657],[-87.601649990562521,41.829733004347538],[-87.602550020730533,41.830533001682198],[-87.602860996820652,41.831156002591761],[-87.602950005492247,41.83133300240597],[-87.603349977677567,41.832933010002925],[-87.603562006135775,41.833018017307118],[-87.604849993522151,41.833533011743853],[-87.604563001551796,41.834776604513863],[-87.604549975081866,41.834832977703513],[-87.605348854948872,41.836571752246179],[-87.6062500448419,41.838532983987314],[-87.606772799658543,41.839627683602444],[-87.607912026932212,41.842012986482253],[-87.608564656579375,41.843379424403189],[-87.609098979900267,41.844497988027697],[-87.60944999120764,41.845233002922612],[-87.609350038360915,41.846233009482802],[-87.610960404153317,41.849301179396598],[-87.61139495249391,41.850128996896267],[-87.611449996762929,41.850232978453036],[-87.610850034442549,41.851433040015699],[-87.610849994916677,41.852833005765909],[-87.610997013196084,41.853153971826494],[-87.611448119284006,41.854146523173775],[-87.611850982247901,41.855033009328849],[-87.61235100789122,41.854932981915638],[-87.612951021415569,41.855633016631842],[-87.612951021415569,41.857033008213634],[-87.612251029891681,41.858532971016658],[-87.612350948602412,41.859933024228361],[-87.612451004755385,41.860732980563959],[-87.612551003416186,41.861232985072299],[-87.612850996703628,41.865233002814222],[-87.612451029009904,41.86523301552505],[-87.612551010602715,41.865733002238365],[-87.610550977199651,41.865733016287052],[-87.610650987538534,41.865232976054649],[-87.610350990657821,41.865232984751522],[-87.609850968607731,41.862332977615736],[-87.610351009522446,41.861332974532679],[-87.610350986166253,41.86083302767431],[-87.610450972250632,41.859833005147962],[-87.610450981233797,41.859233013831499],[-87.6100509812007,41.858733011749564],[-87.610051068337285,41.858432993235468],[-87.610050978505754,41.857733007231779],[-87.609650991947404,41.857232986061987],[-87.609151002236686,41.856632968344144],[-87.609450986540978,41.85643302675728],[-87.60975003480074,41.853532984511041],[-87.608749946683147,41.853132984977023],[-87.607760952759293,41.853174028597138],[-87.606350018349872,41.85323299647002],[-87.606850986325938,41.859932978064172],[-87.605951001972016,41.860333024052842],[-87.606050989853046,41.862033007435471],[-87.606351007395006,41.861933003682154],[-87.607351044308629,41.863733024565896],[-87.606659973953825,41.865114503775089],[-87.6061510037852,41.864833000860969],[-87.606051018599132,41.865633011630791],[-87.606051013209225,41.866313005689442],[-87.60597003457795,41.866476988299148],[-87.605931985535776,41.866662011774785],[-87.605951004666963,41.866961005614783],[-87.606160984966309,41.867232026443709],[-87.6065820262383,41.867316990187753],[-87.60711800874752,41.867289003213713],[-87.607519980582651,41.86706098678674],[-87.607652992330117,41.866818974617097],[-87.613048980900672,41.866762004786892],[-87.613125002628223,41.866876011293833],[-87.613277985721126,41.866904030559368],[-87.613259025878733,41.867516016046736],[-87.613163015737797,41.867601978178953],[-87.612971979111165,41.867644995325826],[-87.612819045425624,41.867857988110138],[-87.61287596986854,41.868142985062036],[-87.613087017366439,41.868328012412562],[-87.613488999083046,41.868385025667415],[-87.613851994814624,41.8683279963576],[-87.614024021293218,41.868214019198327],[-87.614850996869052,41.868232980173794],[-87.615351001851124,41.868233018304501],[-87.616250942187591,41.868932974993754],[-87.616151035154957,41.871633011456701],[-87.616210032909564,41.873278995970225],[-87.616250654726713,41.874423429968779],[-87.616248053205652,41.875033015741323],[-87.616333384174496,41.877094082657671],[-87.616435736421323,41.879565848048287],[-87.616451045510416,41.879932989516391],[-87.616450989814865,41.880632998670357],[-87.615750984816231,41.88073302199674],[-87.615772035936601,41.880903004441961],[-87.615850976290488,41.881533024396191],[-87.616451048205363,41.881432986939217],[-87.616451032933995,41.882333000059617],[-87.613451022804398,41.884433027967027],[-87.613582988014585,41.885187014023572],[-87.613686985076711,41.885777004335047],[-87.614041963344391,41.887800953300449],[-87.61415198001724,41.888432001316879],[-87.612651973155806,41.889131972866572],[-87.612652006393475,41.88963199332315],[-87.612751996969436,41.890232003610031],[-87.614251984966231,41.890231972179748],[-87.617715979431651,41.890175969469723],[-87.618674991184562,41.890160992606766],[-87.619819968574348,41.890141999350135],[-87.620452020513298,41.890132019896789],[-87.620352002987886,41.890431999990952],[-87.619819949709722,41.890431985947707],[-87.618674970523315,41.890431987953868],[-87.617951983026458,41.890432006678232],[-87.617851987060618,41.890531983903344],[-87.617723991505656,41.890531996609155],[-87.614252020898846,41.890531989253191],[-87.611652000022559,41.890631951609883],[-87.611350988045572,41.889332966436378],[-87.6095510049647,41.889332937680656],[-87.609550956455678,41.890932987942293],[-87.60105100830414,41.891232985005296],[-87.60095099347366,41.891433000319857],[-87.598651012597216,41.891432990289147],[-87.598750954664155,41.892233023217237],[-87.609852046586084,41.89213199343196],[-87.609852025026527,41.893131997508128],[-87.606948011563134,41.893210994138364],[-87.602451038962641,41.893333001896323],[-87.602460814429563,41.893626949388484],[-87.602551014267235,41.89633303177564],[-87.605351018092065,41.896331986652491],[-87.605950951666372,41.896432023515338],[-87.606036599740506,41.896346408414217],[-87.606551987473509,41.896231995102212],[-87.606751955150699,41.896432006798754],[-87.607052008625288,41.896332028109718],[-87.608052023979354,41.896332004037781],[-87.609740005110595,41.896259010535807],[-87.610352016533881,41.89623199844555],[-87.612351987953204,41.893431993605098],[-87.613752020408327,41.893231999930073],[-87.614028005321487,41.893645999116522],[-87.614472999272238,41.894312989449602],[-87.615515017154038,41.895877002069213],[-87.616152004437154,41.896831983512428],[-87.617477960017325,41.898759975548018],[-87.617876996158131,41.89934099247958],[-87.618352011805641,41.900032001237044],[-87.618751975906108,41.900132008233577],[-87.619254019165567,41.900834856338079],[-87.619752020904585,41.901531982762265],[-87.622860024700998,41.902046761884392],[-87.623112551907127,41.902509884172119],[-87.623443028625431,41.90311595998368],[-87.624052036082418,41.904231985740076],[-87.624429001514983,41.905916055043427],[-87.624474990765947,41.906120017029252],[-87.624636004797466,41.906835996496],[-87.624885976296639,41.907950004412847],[-87.625241059667189,41.909531984634675],[-87.625352975378561,41.910032019865724],[-87.624652971278252,41.911532001781765],[-87.620451979190818,41.914231996320837],[-87.625002388974309,41.916798682673154],[-87.628253022779958,41.918632017575568],[-87.628580339225081,41.920479301037034],[-87.629652977979973,41.926532008315178],[-87.631053006841853,41.928732001403951],[-87.631253020333119,41.929632017659458],[-87.63105304457109,41.932332002266712],[-87.631453005976624,41.932832037292947],[-87.630953024350731,41.933132001895466],[-87.630844006604491,41.933267987255071],[-87.630553051267114,41.933632014611483],[-87.63155299565426,41.935031975501417],[-87.632354001833534,41.936831982591578],[-87.63405398086374,41.940331988039922],[-87.634253999744914,41.941732006993256],[-87.634653998879671,41.941732035057186],[-87.635053979149816,41.941732003652305],[-87.63545400882731,41.940332030804953],[-87.636854013434672,41.939832019832437],[-87.637353949246474,41.940231975868613],[-87.637954026551213,41.940931980262569],[-87.63855399246485,41.941732026370723],[-87.638853984853995,41.943131968480941],[-87.639953963834543,41.944031973976884],[-87.640453992172837,41.944931998840147],[-87.640153984512338,41.946131991960677],[-87.641554004391082,41.947232012749389],[-87.641954015203936,41.947531985788061],[-87.642253976152034,41.948031994506259],[-87.641254007510355,41.947532007168135],[-87.641053985035938,41.947331991224615],[-87.640054020885842,41.946432028303462],[-87.637754022941408,41.94603199757254],[-87.636354023723939,41.943132020598554],[-87.635654023216887,41.943032012818989],[-87.634853973743375,41.943332024328214],[-87.634254001541535,41.942431980220185],[-87.633153997408129,41.942731990543621],[-87.638154045432358,41.948231993554877],[-87.638714074943422,41.949351998679305],[-87.640154031224739,41.952231988402772],[-87.6407539692906,41.953832000771754],[-87.641053993120778,41.95473198682199],[-87.642054012068101,41.958632015328298],[-87.642043279895404,41.958745199870236],[-87.641854984028697,41.960731967841816],[-87.64235498272258,41.961132003848824],[-87.642354993502366,41.962131981680685],[-87.641700507935795,41.962336525464828],[-87.640755001454863,41.962631994770334],[-87.63685397480711,41.963031995470068],[-87.635953976978456,41.962931974155602],[-87.635854030419949,41.962232013602609],[-87.637254004484589,41.961132005184822],[-87.638354003228102,41.960731956485944],[-87.639553999734076,41.960832015989375],[-87.640554015986453,41.961332015900659],[-87.641253997628894,41.961131992493073],[-87.641254003917112,41.960432009494731],[-87.639554006920605,41.959831999720592],[-87.638054062941251,41.959631986300352],[-87.636453983757164,41.960132014999779],[-87.633353999221299,41.962331969886471],[-87.631853989664933,41.963032004821606],[-87.631929994324508,41.963410038416697],[-87.632353979375665,41.965532001729166],[-87.635954017402639,41.96573201332798],[-87.638955007594205,41.966431971499006],[-87.640742531940404,41.967027866828587],[-87.642654996671283,41.968531999575049],[-87.643854994075568,41.969431978393743],[-87.644164984713825,41.969831039419084],[-87.644555000870838,41.97033197254909],[-87.64507966370914,41.971136521201103],[-87.645600010142545,41.971934328202536],[-87.646055020308665,41.972631985552546],[-87.6460757516288,41.972802204846637],[-87.646181815714399,41.973671758001643],[-87.646554990256462,41.976731996800162],[-87.646955004662573,41.9779319822172],[-87.648055015982507,41.978132018324665],[-87.649455021488194,41.978231008054394],[-87.649854998165083,41.97783103667242],[-87.650754967247622,41.978930993832492],[-87.650355040876406,41.980031022812398],[-87.650854972196626,41.981031012513235],[-87.650655000027854,41.98423099248258],[-87.650503022149792,41.985331996939692],[-87.651570990563513,41.985733022958236],[-87.654361995065827,41.988101009530681],[-87.655070012138466,41.9891960646979],[-87.655171991584496,41.990444990445546],[-87.654556005116063,41.990430999906899],[-87.65475601860733,41.991231012212545],[-87.65460801397775,41.992263985327774],[-87.65455600781101,41.992630980677241],[-87.654755988962933,41.994167015482063],[-87.654856059488949,41.994930998840317],[-87.65475600153934,41.996731007471084],[-87.655156017742101,41.998230983228744],[-87.655555988130772,41.999030987620642],[-87.655955936959884,41.999431044124968],[-87.65605599760444,41.999830987963513],[-87.656556020552827,42.000830990437329],[-87.656456003925726,42.001130997527703],[-87.656542034682175,42.001731018813594],[-87.656552031134666,42.001821003193939],[-87.656901988718204,42.002694996469927],[-87.657200017390124,42.003655041062224],[-87.657226990204848,42.003748014631604],[-87.657351940470974,42.004398011423966],[-87.657360970336214,42.004633018375827],[-87.657360055851257,42.004726982463893],[-87.657441017414556,42.005596002185264],[-87.657452051421174,42.005724002953386],[-87.65733400560633,42.006288989269841],[-87.656005968629643,42.006435988007318],[-87.656365021655432,42.0068510021676],[-87.657393015937359,42.007971990652464],[-87.658384957233636,42.009233004495997],[-87.658507014026227,42.009397017834559],[-87.658970987582279,42.009704021740291],[-87.658605986810969,42.009827996042226],[-87.659255981699417,42.010380996874545],[-87.660121025182036,42.011028009087525],[-87.661172006453754,42.011976036599251],[-87.661472988786329,42.012814013271722],[-87.66170599380473,42.013454993802178],[-87.66191499134716,42.014030998157203],[-87.661956971417013,42.014131015303974],[-87.662320994821286,42.015130977895375],[-87.662357019959117,42.015231014669766],[-87.662961463974455,42.016240006681826],[-87.66345700971948,42.017231000996347],[-87.663456982770015,42.018331004140663],[-87.664197352667628,42.019256452910973],[-87.66425699361595,42.01933100080187],[-87.664032964563887,42.019330978778498],[-87.663856981006461,42.019330976109003],[-87.663870913876522,42.019404150455287],[-87.664256944208617,42.021430993323328],[-87.664757004886255,42.022030981308475],[-87.665257041309374,42.023031035233863],[-87.665358995602546,42.023640014411079],[-87.667070054453447,42.026390004379905],[-87.666970019860045,42.026489982737537],[-87.667874003513603,42.027308009662853],[-87.668376046773062,42.027413978180093],[-87.668778997771867,42.028126981611791],[-87.668982014331135,42.029141999328345],[-87.669031995695207,42.029514002680834],[-87.669393013336546,42.032187993462827],[-87.669556973842205,42.033830035936852],[-87.66985703540162,42.034329981073839],[-87.669557012469767,42.034329979739383],[-87.669657021910339,42.034930021471567],[-87.669857005757208,42.035430001324414],[-87.669057008385977,42.035530002827834],[-87.670157012519383,42.037229992969039],[-87.669856995875747,42.037530024538299],[-87.669757018774504,42.039030011023939],[-87.669357016944787,42.039730001940917],[-87.669657033588436,42.041230011218083],[-87.670758034851787,42.042330018777406],[-87.67215800801813,42.043730014259239],[-87.672058037205105,42.044130017785662],[-87.672457993220732,42.044930003274288],[-87.672357990068363,42.045530014965991],[-87.673358012608958,42.047930001731096],[-87.673169990728411,42.048000049267181],[-87.672557979305125,42.048230004791812],[-87.673457997795026,42.04912997945798],[-87.673758010845404,42.050030014082708],[-87.673558014422127,42.050329961199481],[-87.673558004540666,42.050730019893336],[-87.673758008150472,42.052030003643424],[-87.672558024220876,42.051930010096747],[-87.672057994984286,42.052030011647808],[-87.671758007086723,42.052329999347641],[-87.671658047951823,42.052429972253805],[-87.672257970746315,42.052529973017712],[-87.672258021051974,42.053530013352621],[-87.673627022103943,42.053627979988548],[-87.67435799562368,42.054129991842672],[-87.674158051302683,42.055028995806801],[-87.672558014339401,42.056128997227425],[-87.671358034003092,42.056228988832451],[-87.671357996273869,42.055329028704989],[-87.672457995017368,42.055529001603666],[-87.672379986216399,42.055024996470287],[-87.672257962661476,42.054230030617617],[-87.671558016053353,42.053730008591089],[-87.670758044733262,42.053129978297093],[-87.670857980511983,42.052429990263569],[-87.67145798595152,42.052330007351976],[-87.671158008833743,42.051929994087928],[-87.67065802720785,42.051730015860763],[-87.669958045565423,42.051730010524494],[-87.669457949853495,42.052029989635763],[-87.670158024022385,42.054529995920561],[-87.670140007411064,42.055021014475479],[-87.670058006496973,42.057229006274781],[-87.669858010972007,42.059528987633051],[-87.670758015987175,42.060229010139501],[-87.67175801247663,42.060528996461677],[-87.672258004882295,42.059829045958203],[-87.672957990117979,42.059829033286128],[-87.674357989335462,42.060829023383846],[-87.674357983047244,42.061328996854215],[-87.674058017607578,42.061628997320717],[-87.6737579865909,42.061828967721695],[-87.673957991099016,42.062329028021729],[-87.674757954334254,42.062329054698644],[-87.674758005538223,42.062829013690092],[-87.675676012791669,42.065058994317738],[-87.67567700543006,42.065228989726577],[-87.675678033102756,42.065362018856007],[-87.675985058402233,42.066173033960396],[-87.676293005373211,42.066636011604714],[-87.676592957338158,42.067085976494084],[-87.677296006727275,42.067090993387744],[-87.678057998175461,42.06862899237035],[-87.679169006671103,42.070480975754919],[-87.679558031986346,42.071128999368774],[-87.679859025098722,42.071728996293132],[-87.680142984356635,42.072037032169476],[-87.681059008129964,42.073028968283317],[-87.681307005132126,42.073544995063486],[-87.682359024856311,42.075728962649372],[-87.6824589938727,42.077228962636447],[-87.683858981412087,42.075929014660225],[-87.684558990902275,42.076129022033058],[-87.683958952225098,42.076928994546513],[-87.683259016396747,42.077228987973591],[-87.682158988907176,42.077629033900891],[-87.681359023875302,42.077129006769127],[-87.681458983908541,42.078129009752963],[-87.680059001759048,42.078829009199843],[-87.681859007297817,42.078629017670565],[-87.683858985903655,42.079629004351354],[-87.691298996580116,42.082850012097275],[-87.693019022414191,42.083594007059915],[-87.693558961103903,42.083828009892876],[-87.695459038067014,42.08512798939644],[-87.697059040894274,42.086028001808693],[-87.7030599927064,42.089828013967967],[-87.706710004012649,42.092510013795675],[-87.707959959424826,42.093427996266747],[-87.708459997644582,42.093727998345187],[-87.708519975461158,42.093768009980536],[-87.709360005354711,42.094327991579163],[-87.710222001751887,42.094866990228979],[-87.710960027944907,42.095327978798807],[-87.713059975567148,42.097027989542426],[-87.715360004952615,42.098927976204827],[-87.715892024094785,42.099460001808012],[-87.716059998273153,42.09962802612025],[-87.717360009609607,42.100828007918764],[-87.722060964458308,42.105427995584847],[-87.72236104937393,42.105927028579174],[-87.723346973754431,42.10673400238931],[-87.723460987930295,42.106826992462722],[-87.724166951454208,42.107355999411325],[-87.724660972758187,42.10772697689292],[-87.727961005819623,42.111527003832073],[-87.728261001802025,42.112127007919916],[-87.729467975522809,42.113620996158708],[-87.730361020391157,42.114727017753651],[-87.730544968411891,42.115291042365982],[-87.730413041829266,42.115408979971996],[-87.73036404142546,42.115448516801756],[-87.729757991222385,42.116056001634441],[-87.7293250059504,42.116489039835841],[-87.737390994157849,42.122919023623965],[-87.73915001855336,42.125027004896651],[-87.741661995548654,42.128227000721019],[-87.742072983774307,42.12864803694783],[-87.742962003291851,42.130326992747094],[-87.743361983561982,42.130925989417207],[-87.748661991636013,42.13742599640419],[-87.748062002366169,42.13782602834565],[-87.748461991619465,42.138026016390548],[-87.749562020905699,42.139126013953224],[-87.750562993863852,42.14022599840299],[-87.75059205526162,42.140280018849253],[-87.751362999319895,42.141725998359092],[-87.753171525379145,42.144141501086736],[-87.753763009399876,42.145225993944301],[-87.75514301122081,42.147152994125904],[-87.75906297884633,42.152626027732026],[-87.7639629886839,42.159924992854457],[-87.768064005466741,42.165725022069708],[-87.767964072382952,42.165925039171206],[-87.770064016411936,42.168524970911605],[-87.770564002529397,42.169224980371105],[-87.772664007643826,42.17112498954048],[-87.772903977300601,42.171489036389694],[-87.77350399351991,42.172372998018012],[-87.774544022531671,42.173696991606334],[-87.775151997824381,42.174253032088124],[-87.776024026606663,42.175368976960776],[-87.776816034361744,42.176288979357977],[-87.777295993438258,42.176773008723622],[-87.777959979587266,42.177276982548186],[-87.778351984614304,42.177760983714798],[-87.778665004371689,42.178225012681949],[-87.779265010709523,42.1796249695849],[-87.779330042447896,42.179704992870725],[-87.782965000684896,42.184124999272697],[-87.784264962614031,42.185624965953416],[-87.786765021660429,42.188723980237945],[-87.787464960183726,42.190024011356911],[-87.787364965116211,42.190823998888924],[-87.789264987282053,42.192824019928096],[-87.791443483592758,42.194705488498606],[-87.791965004124208,42.196023997824589],[-87.796721966235935,42.203400000060846],[-87.79686599941364,42.203623996844549],[-87.797565974767878,42.204585987840176],[-87.800065981711995,42.208023998655257],[-87.801766008352899,42.21112400923564],[-87.802866056503746,42.21322396818946],[-87.805196992426545,42.218660996248538],[-87.806767040032369,42.222323000376797],[-87.806970969279959,42.222906984095232],[-87.807030987520719,42.22297101690279],[-87.808667034350464,42.224722973120372],[-87.8089739868864,42.225329006287893],[-87.81226703374989,42.231822998613559],[-87.815066994455591,42.23972299252781],[-87.817894977208255,42.248106979375208],[-87.817967994071182,42.248322990929317],[-87.820480999637468,42.253812008931661],[-87.821059012522198,42.255074993725152],[-87.821767981809046,42.256622972392186],[-87.825367991089948,42.262221987364583],[-87.825531012856146,42.262605995766471],[-87.827148001028789,42.266417964745195],[-87.828168989349805,42.268821990800433],[-87.828532995686075,42.269822002071209],[-87.828569024417178,42.269922020140747],[-87.82933297149772,42.276127017949044],[-87.82936899483893,42.276422020744612],[-87.83000600188501,42.27982100627289],[-87.830269025905253,42.281221992342381],[-87.830968987784743,42.282522006271535],[-87.832268994629615,42.287022012531764],[-87.832768979848765,42.290522009820194],[-87.833168963712183,42.291421998650982],[-87.833468977660885,42.292122021386596],[-87.833969014084005,42.294322015612124],[-87.83336898079672,42.295521987925206],[-87.833668996542031,42.297121970814203],[-87.8344739867496,42.300341005703373],[-87.834769023133333,42.301522018122007],[-87.834493971569728,42.302396990040734],[-87.83366999546864,42.305022021522497],[-87.832169922131882,42.308122040736585],[-87.833069964876287,42.308322024883218],[-87.833169960842142,42.309021992627116],[-87.832369999403539,42.30882198014509],[-87.829669081551174,42.31182202491469],[-87.831970010150243,42.321422058656225],[-87.83197000476035,42.327021996482948],[-87.831670000693109,42.328521999766537],[-87.830986024334109,42.330316989276668],[-87.826855982984441,42.341354011688466],[-87.82636898111609,42.349416990882865],[-87.826024010978998,42.355127994216197],[-87.82596998360286,42.35602197508522],[-87.825670001993515,42.35672199501419],[-87.824870027978491,42.358921994271448],[-87.82477001135139,42.359422002822292],[-87.824535994829986,42.360423000344866],[-87.824470988244443,42.360702997076288],[-87.824069996471295,42.362421000816738],[-87.823869981183392,42.363120989950772],[-87.824391984110179,42.363888990824513],[-87.825569999739457,42.365621005055495],[-87.822970035457047,42.3661209782179],[-87.823175971540977,42.367108018647514],[-87.823470001811572,42.368520978782058],[-87.821070008799595,42.368121015585899],[-87.821332960056296,42.367105016671999],[-87.822150999191678,42.363951008691863],[-87.822469971186138,42.362721034854296],[-87.820857967764979,42.361584006863048],[-87.820770014613828,42.361521994624475],[-87.815269993946856,42.361521964090969],[-87.816237003400744,42.36382800369659],[-87.81657000528331,42.36462099834057],[-87.815506946162614,42.367094005666061],[-87.812097929490918,42.375021002313574],[-87.812044994466149,42.375166008561706],[-87.811070006175896,42.377521014329851],[-87.811004971742605,42.377640990377081],[-87.807969979419212,42.383221029805767],[-87.811369979700416,42.381521018047088],[-87.814669995693862,42.381921011371567],[-87.813369963696161,42.383320991827546],[-87.805369972017672,42.384721000784211],[-87.805069958068955,42.391721001880931],[-87.804270014596653,42.404320998164003],[-87.804269978664053,42.404520994142402],[-87.803970020410915,42.408621001354305],[-87.803870004682111,42.41382100700006],[-87.80336999341182,42.420620986838593],[-87.80340699771331,42.421064961305007],[-87.803971055270111,42.427921009957977],[-87.803891969389127,42.428525031743675],[-87.803000012380579,42.435384998979721],[-87.802070990883422,42.442520999997981],[-87.800594007842747,42.449694013988591],[-87.799971004633633,42.45272099702553],[-87.799658991887682,42.455464976893531],[-87.799449031351273,42.456515000950709],[-87.799470978990286,42.457120980641449],[-87.799387007172484,42.457222004632847],[-87.799328984089968,42.457426006600912],[-87.799116979886293,42.45922998808944],[-87.79908896412752,42.460610025824707],[-87.798871017568231,42.461383028297305],[-87.798827986469476,42.462408004913009],[-87.798870988822145,42.46252097622498],[-87.798744972255761,42.463560981991222],[-87.798670996890436,42.464221015113019],[-87.798070991450928,42.471720993756023],[-87.799183970850279,42.478658042515342],[-87.799771981085811,42.482319989977491],[-87.799885014301381,42.482560010036551],[-87.800721976448216,42.484332011125893],[-87.801472020303109,42.485919967620632],[-87.803571998468058,42.489520022288779],[-87.803671989942359,42.490520001919528],[-87.803772035315546,42.491619978204682],[-87.804169988986402,42.491454010627962],[-87.804346037222516,42.491074002331054],[-87.804898000760659,42.49103401708161],[-87.805242002513864,42.491205994409299],[-87.805370023221627,42.491773997067881]]]},"properties":{"OBJECTID":1,"NHGISST":"170","STATENAM":"Illinois","GISJOIN":"G170","Office":null,"Start":null,"End":null,"map_n":null,"id":null,"sh_id":null,"Shape_Length":2784914.9194295872,"Shape_Area":249660157237.04449}}]}