id,date_begin,date_end,source_no,name_michno,name_freeman,state,ident_freeman,source,xcoord,ycoord,nation 1,nation 2,nation 3,nation 4,pop_group,US casualties,Native casualties,total casualties,share of native casualties,type_engagement,x,y
"1",1862/05/05,1862/05/05,"8", Dragoon Springs,Dragoon Springs,Arizona,AZ-1862/05/05,Michno: Forgotten Fights,-1302096.651,1113644.412,Chiricahua Apache,,,,"3","4","0","4",0,"0",-109.9364720279,32.2352463338
"2",1862/06/18,1862/06/18,"9", Jones’s Fight,Apache Pass,Arizona,AZ-1862/06/18,Michno: Forgotten Fights,-1243001.743,1107840.448,Chiricahua Apache,,,,"3","2","0","2",0,"0",-109.3037617334,32.2594334735
"3",1862/06/25,1862/06/25,"10", Apache Pass / Eyre’s Scout,Apache Pass,Arizona,AZ-1862/06/25,Michno: Forgotten Fights,-1259886.002,1088845.656,Chiricahua Apache,,,,"3","1","0","1",0,"0",-109.4534905218,32.0694296209
"4",1862/07/15,1862/07/15,"12",Apache Pass,Apache War- Battle of Apache Pass,Arizona,AZ-1862/07/15,Michno: Encyclopedia,-1273848.836,1091352.626,Chiricahua Apache,,,,"3","2","30","32",93.75,"9",-109.6043793399,32.0739217332
"5",1863/04/25,1863/04/25,"14",Apache Pass,Apache War- Apache Pass,Arizona,AZ-1863/04/25,Michno: Encyclopedia,-1282290.966,1105598.72,Chiricahua Apache,,,,"3","0","3","3",100,"10",-109.7151040006,32.1895844904
"6",1863/03/27,1863/03/27,"13",Rio Bonito,Rio Bonito retaliation,Arizona,AZ-1863/03/27,Michno: Encyclopedia,-1263823.807,1188964.752,Gila Apache,,,,"3","0","28","28",100,"10",-109.6474618333,32.9531113937
"7",1863/05/07,1863/05/07,"15",Aravaipa Canyon,Apache War- Aravaipa Canyon,Arizona,AZ-1863/05/07,Michno: Encyclopedia,-1339275.342,1192130.55,Arivaipa,,,,"1","1","60","61",98.36065574,"10",-110.4552280800,32.8815600312
"8",1863/08/05,1863/08/19,"16",Pueblo Colorado Expedition,Pueblo Colorado Expedition,Arizona,AZ-1863/08/05,Michno: Encyclopedia,-1262240.908,1457002.372,Navajo,,,,"4","0","0","0",,"5",-110.0556837294,35.3278407560
"9",1863/11/15,1863/12/04,"17",Oraibi Expedition,Oraibi Expedition,Arizona,AZ-1863/11/15,Michno: Encyclopedia,-1319752.917,1494464.323,Navajo,,,,"4","0","2","2",100,"10",-110.7503654665,35.5811130652
"10",1863/12/11,1863/12/11,"18",Riconde Massacre,Riconde Massacres,Arizona,AZ-1863/12/11,Michno: Encyclopedia,-1233221.087,1477052.431,Navajo,,,,"4","0","15","15",100,"10",-109.7692019645,35.5428723350
"11",1863/12/29,1863/12/29,"11", Butterworth’s Fight,Patagonia,Arizona,AZ-1863/12/29,Michno: Forgotten Fights,-1412899.605,1039248.144,Chiricahua Apache,,,,"3","0","0","0",,"5",-110.9789931505,31.4242623707
"12",1864/01/12,1864/01/14,"19",Canyon de Chelly,Canyon de Chelly,Arizona,AZ-1864/01/12,Michno: Encyclopedia,-1207367.064,1545117.102,Navajo,,,,"4","0","131","131",100,"10",-109.5924284662,36.1775897207
"13",1864/01/24,1864/01/24,"20",Fish Creek Canyon,Apache War- Woolsey raid,Arizona,AZ-1864/01/24,Michno: Encyclopedia,-1404701.848,1271803.15,Pinal Apache,Coyo Apache,,,"1","1","24","25",96,"10",-111.2868069937,33.4952074602
"14",1864/04/07,1864/04/07,"21",Sierra Bonita,Apache War- Sierra Bonita,Arizona,AZ-1864/04/07,Michno: Encyclopedia,-1247994.814,1159417.298,Chiricahua Apache,,,,"3","0","21","21",100,"10",-109.4340179093,32.7111148930
"15",1864/05/04,1864/05/04,"22",Doubtful Canyon,Apache War- Doubtful Canyon,Arizona,AZ-1864/05/04,Michno: Encyclopedia,-1230582.921,1109292.152,Chiricahua Apache,,,,"3","2","10","12",83.33333333,"8",-109.1746887826,32.2878007547
"16",1864/05/29,1864/05/29,"23",Mescal Creek,Apache War- Mescal Creek,Arizona,AZ-1864/05/29,Michno: Encyclopedia,-1357742.501,1226954.336,Mescalero Apache,,,,"3","0","67","67",100,"10",-110.7091297059,33.1646284899
"17",1864/06/03,1864/06/03,"12", Battle Flat,Battle Flat,Arizona,AZ-1864/06/03,Michno: Forgotten Fights,-1494814.645,1368623.113,Yavapai,,,,"2","0","14","14",100,"10",-112.4291844022,34.2157340614
"18",1864/06/07,1864/06/08,"24",San Carlos River,Apache War- San Carlos,Arizona,AZ-1864/06/07,Michno: Encyclopedia,-1344024.04,1243310.962,Yuma Apache,,,,"3","0","20","20",100,"10",-110.5898337219,33.3282662164
"19",1864/07/09,1864/07/21,"26",Little Colorado River Expedition,Little Colorado River Expedition,Arizona,AZ-1864/07/09,Michno: Encyclopedia,-1261185.641,1399490.363,Navajo,,,,"4","0","12","12",100,"10",-109.9507663030,34.8208063203
"20",1864/06/15,1864/06/15,"25",Little Colorado River,Apache War- Little Colorado River,Arizona,AZ-1864/06/15,Michno: Encyclopedia,-1239552.684,1382606.104,Apache,,,,"2","0","5","5",100,"10",-109.6880859266,34.6994793837
"21",1864/07/28,1864/08/04,"27",Pinal Mountains Expedition,Apache War- Pinal Mountains Expedition,Arizona,AZ-1864/07/28,Michno: Encyclopedia,-1375154.394,1243310.962,Pinal Apache,,,,"1","0","10","10",100,"10",-110.9222978453,33.2851477574
"22",1864/08/05,1864/08/05,"28",Pinal Creek,Apache War- Pinal Creek,Arizona,AZ-1864/08/05,Michno: Encyclopedia,-1368822.796,1258084.689,Pinal Apache,,,,"1","0","5","5",100,"10",-110.8796063043,33.4246884045
"23",1864/12/15,1864/12/15,"29",HassayampaRiver,Hassayampa River,Arizona,AZ-1864/12/15,Michno: Encyclopedia,-1525002.197,1359917.88,Tonto Apache,,,,"1","0","17","17",100,"10",-112.7375319241,34.0921507691
"24",1865/01/01,1865/01/01,"30",Sycamore Springs,Sycamore Springs,Arizona,AZ-1865/01/01,Michno: Encyclopedia,-1464324.389,1358334.98,Chiricahua Apache,,,,"3","0","4","4",100,"10",-112.0815527508,34.1714700486
"25",1865/02/17,1865/02/17,"13", Fort Buchanan,Ft. Buchanan,Arizona,AZ-1865/03/17,Michno: Forgotten Fights,-1391794.28,1056660.036,Chiricahua Apache,,,,"3","1","0","1",0,"0",-110.7873493323,31.6083325623
"26",1865/07/22,1865/07/22,"14", Huachuca Mountains,Huachaca Mountains,Arizona,AZ-1865/07/22,Michno: Forgotten Fights,-1369633.69,1041886.309,Chiricahua Apache,,,,"3","2","0","2",0,"0",-110.5317730775,31.5077883939
"27",1865/11/05,1865/11/05,"15", Mescal Canyon,Mescal Canyon,Arizona,AZ-1865/11/05,Michno: Forgotten Fights,-1263051.801,1062464.001,Chiricahua Apache,,,,"3","0","7","7",100,"10",-109.4472494755,31.8309874824
"28",1866/01/21,1866/01/21,"16", Cottonwood Springs,Ft. Grant,Arizona,AZ-1866/01/21,Michno: Forgotten Fights,-1305790.083,1190678.847,Chiricahua Apache,,,,"3","0","19","19",100,"10",-110.0968490087,32.9136071694
"29",1866/02/13,1866/02/13,"31",Gallegos's Fight,Apache War- Gallegos's Fight,Arizona,AZ-1866/02/13,Michno: Encyclopedia,-1405757.114,1403711.428,Apache,,,,"2","0","42","42",100,"10",-111.5306356480,34.6584082921
"30",1866/03/11,1866/03/11,"17", Black Hills,Camp Verde,Arizona,AZ-1866/03/11,Michno: Forgotten Fights,-1452076.363,1386035.006,Apache,,,,"2","0","7","7",100,"10",-112.0003095927,34.4341176376
"31",1866/03/22,1866/03/22,"18", Cottonwood Springs,J.F. Millar,Arizona,AZ-1866/03/22,Michno: Forgotten Fights,-1379658.719,1186985.415,Apache,,,,"2","4","2","6",33.33333333,"3",-110.8754892882,32.7803597511
"32",1866/03/25,1866/03/25,"19", Salt River,Salt River,Arizona,AZ-1866/03/25,Michno: Forgotten Fights,-1382824.517,1296733.102,Tonto Apache,,,,"1","0","24","24",100,"10",-111.0954634176,33.7467186256
"33",1866/03/31,1866/03/31,"32",Walker's Fight,Apache War- Pinal Mountains,Arizona,AZ-1866/03/31,Michno: Encyclopedia,-1396787.351,1254918.891,Pinal Apache,,,,"1","1","25","26",96.15384615,"10",-111.1730519059,33.3572592504
"34",1866/08/13,1866/08/13,"20", Grapevine Spring,Grape Vine Spring,Arizona,AZ-1866/08/13,Michno: Forgotten Fights,-1477930.386,1371788.912,Yavapai,,,,"2","1","26","27",96.2962963,"10",-112.2531222814,34.2694778254
"35",1866/10/03,1866/10/03,"21", Cedar Valley,Cedar Valley,Arizona,AZ-1866/10/03,Michno: Forgotten Fights,-1358685.302,1365457.315,Tonto Apache,,,,"1","0","25","25",100,"10",-110.9533646764,34.3879407557
"36",1866/11/08,1866/11/08,"22", Big Bug,Big Bug,Arizona,AZ-1866/11/08,Michno: Forgotten Fights,-1486900.149,1384452.107,Yavapai,,,,"2","3","2","5",40,"4",-112.3735900092,34.3673731653
"37",1866/11/17,1866/11/17,"23", Sierra Ancha,Sierra Ancha,Arizona,AZ-1866/11/17,Michno: Forgotten Fights,-1382824.517,1317838.426,Chiricahua Apache,,,,"3","0","11","11",100,"10",-111.1318401154,33.9332221340
"38",1866/11/18,1866/11/18,"24", Bell’s Canyon,Bell's Canyon,Arizona,AZ-1866/11/18,Michno: Forgotten Fights,-1506950.207,1396060.035,Yavapai,,,,"2","5","0","5",0,"0",-112.6120614368,34.4386649894
"39",1867/01/15,1867/01/15,"33",Aquarius Mountains,Aquarius Mountains,Arizona,AZ-1867/01/15,Michno: Encyclopedia,-1572489.177,1465972.135,Arivaipa,Mojave Apache,,,"1","1","23","24",95.83333333,"10",-113.4588543992,34.9492342316
"40",1867/02/23,1867/02/23,"25", Meadow Valley / Camp Reno,Meadow Valley,Arizona,AZ-1867/02/23,Michno: Forgotten Fights,-1411316.705,1314144.995,Apache,,,,"2","1","1","2",50,"5",-111.4317157461,33.8597703681
"41",1867/03/02,1867/03/02,"26", Date Creek,Date Creek,Arizona,AZ-1867/03/02,Michno: Forgotten Fights,-1528055.531,1383924.474,Yavapai,,,,"2","3","0","3",0,"0",-112.8164918192,34.2987721190
"42",1867/04/10,1867/04/18,"34",Black Mountains,Black Mountain,Arizona,AZ-1867/04/10,Michno: Encyclopedia,-1461686.224,1419540.421,Yavapai,,,,"2","0","3","3",100,"10",-112.1663863916,34.7149614467
"43",1867/05/30,1867/05/30,"35",Beale's Springs,Beale's Springs,Arizona,AZ-1867/05/30,Michno: Encyclopedia,-1613644.56,1486549.827,Hualapai,,,,"1","1","15","16",93.75,"9",-113.9477979555,35.0618426659
"44",1867/06/14,1867/06/14,"36",Yampai Valley,Yampai Valley,Arizona,AZ-1867/06/14,Michno: Encyclopedia,-1590956.336,1523484.144,Hualapai,,,,"1","0","29","29",100,"10",-113.7772668290,35.4239425258
"45",1867/07/09,1867/07/09,"37",Music Mountain,Music Mountain,Arizona,AZ-1867/07/09,Michno: Encyclopedia,-1573544.443,1528760.475,Hualapai,,,,"1","0","3","3",100,"10",-113.5979387573,35.4990512435
"46",1867/10/06,1867/10/06,"38",Hualapai Mountain,Hualapai Mountain,Arizona,AZ-1867/10/06,Michno: Encyclopedia,-1609423.495,1470720.833,Hualapai,,,,"1","0","6","6",100,"10",-113.8692357548,34.9299391459
"47",1867/11/07,1867/11/07,"39",The Willows,The Willows,Arizona,AZ-1867/11/07,Michno: Encyclopedia,-1561936.515,1487077.46,Hualapai,,,,"1","0","36","36",100,"10",-113.3866864676,35.1518907535
"48",1867/11/05,1867/11/05,"27", Camp Bowie,Camp Bowie,Arizona,AZ-1867/11/05,Michno: Forgotten Fights,-1271493.931,1099398.318,Chiricahua Apache,,,,"3","1","0","1",0,"0",-109.5917768765,32.1483948000
"49",1868/01/14,1868/01/14,"40",Difficult Canyon,Red Wing Canyon,Arizona,AZ-1868/01/14,Michno: Encyclopedia,-1607840.596,1507127.518,Hualapai,,,,"1","0","16","16",100,"10",-113.9274304498,35.2521974229
"50",1868/03/21,1868/03/21,"41",Camp Willow Grove,Camp Willow Grove,Arizona,AZ-1868/03/21,Michno: Encyclopedia,-1580403.674,1482328.762,Hualapai,,,,"1","2","2","4",50,"5",-113.5779542911,35.0799802399
"51",1868/05/30,1868/05/30,"28", San Carlos Trail,Apache War- San Carlos,Arizona,AZ-1868/05/30,Michno: Forgotten Fights,-1316870.378,1281959.375,Yuma Apache,,,,"3","1","4","5",80,"8",-110.3624915181,33.7071954238
"52",1868/06/16,1868/06/16,"42",Sugarloaf Mountain,Sugarloaf Mountain,Arizona,AZ-1868/06/16,Michno: Encyclopedia,-1429500.604,1295019.007,Yavapai,,,,"2","4","1","5",20,"2",-111.5930020658,33.6644063065
"53",1868/07/08,1868/07/08,"43",Big Rump Canyon,Apache War- Big Rump Canyon,Arizona,AZ-1868/07/08,Michno: Encyclopedia,-1414199.244,1293436.108,Apache,,,,"2","0","3","3",100,"10",-111.4262488976,33.6726802547
"54",1868/09/09,1868/09/13,"29", Agua Fria / Verde River,Tonto Plateau,Arizona,AZ-1868/09/09,Michno: Forgotten Fights,-1469356.348,1311506.829,Tonto Apache,,,,"1","0","6","6",100,"10",-112.0497392033,33.7508330743
"55",1868/09/25,1868/09/25,"30", La Paz Massacre,La Paz,Arizona,AZ-1868/09/25,Michno: Forgotten Fights,-1680013.867,1331688.796,Hualapai,,,,"1","0","15","15",100,"10",-114.3396110652,33.5891987062
"56",1869/10/08,1869/10/08,"44",Chiricahua Pass / Pedregosa Mountains,Chiricahua Pass,Arizona,AZ-1869/10/08,Michno: Encyclopedia,-1258019.843,1018539.257,Chiricahua Apache,,,,"3","0","12","12",100,"10",-109.3292197672,31.4467492647
"57",1869/10/19,1869/10/19,"45",Chiricahua Mountains / Tex Canyon,Apache War- Chiricahua Mtns.,Arizona,AZ-1869/10/20,Michno: Encyclopedia,-1259075.109,1050724.877,Chiricahua Apache,,,,"3","2","18","20",90,"9",-109.3879798624,31.7316584521
"58",1869/02/04,1869/02/04,"31", Aravaipa Mountains,Arivaipa Mountains,Arizona,AZ-1869/02/04,Michno: Forgotten Fights,-1326367.774,1176432.753,Arivaipa,,,,"1","0","16","16",100,"10",-110.2927273927,32.7599002045
"59",1869/06/04,1869/06/04,"32", Pinal Mountains,Apache War- Picacho Mountain,Arizona,AZ-1869/06/04,Michno: Forgotten Fights,-1371744.222,1252939.554,Apache,,,,"2","0","1","1",100,"10",-110.9021468723,33.3750949779
"60",1869/07/06,1869/07/07,"33", Harquahala Mountains,Hac-qua-hallawater,Arizona,AZ-1869/07/06,Michno: Forgotten Fights,-1602451.8,1329578.263,Yavapai,,,,"2","0","9","9",100,"10",-113.5081970235,33.7008235727
"61",1869/10/05,1869/10/05,"34", Stone Massacre,Apache War- Dragoon Springs,Arizona,AZ-1869/10/05,Michno: Forgotten Fights,-1291543.989,1102036.484,Chiricahua Apache,,,,"3","6","0","6",0,"0",-109.8071930178,32.1459765318
"62",1869/12/10,1869/12/10,"35", Chilson’s Creek,Mount Buford,Arizona,AZ-1869/12/10,Michno: Forgotten Fights,-1441391.793,1313617.362,Apache,,,,"2","0","11","11",100,"10",-111.7536861134,33.8111456726
"63",1870/05/26,1870/05/26,"46",Israel-Kennedy Wagon Train,Israel-Kennedy wagons,Arizona,AZ-1870/05/26,Michno: Encyclopedia,-1374626.76,1157834.398,Pinal Apache,,,,"1","20","0","20",0,"0",-110.7736412337,32.5291953014
"64",1870/06/05,1870/06/05,"47",Signal Peak,Black Canyon,Arizona,AZ-1870/06/05,Michno: Encyclopedia,-1362491.199,1247532.027,Arivaipa,,,,"1","0","2","2",100,"10",-110.7941763632,33.3401515391
"65",1870/08/01,1870/08/01,"48",Skirmish Canyon,Skirmish Canyon,Arizona,AZ-1870/08/01,Michno: Encyclopedia,-1382541.257,1267054.452,Pinal Apache,,,,"1","1","8","9",88.88888889,"9",-111.0415718022,33.4847558870
"66",1870/10/06,1870/10/06,"49",Deer Creek,Deer Creek Station,Arizona,AZ-1870/10/06,Michno: Encyclopedia,-1331360.845,1175773.924,Arivaipa,,,,"1","0","2","2",100,"10",-110.3446563194,32.7473433866
"67",1870/01/28,1870/01/28,"36", Dragoon Mountains,Dragoon Mountains,Arizona,AZ-1870/01/28,Michno: Forgotten Fights,-1307372.982,1095177.254,Chiricahua Apache,,,,"3","0","15","15",100,"10",-109.9633028790,32.0644008938
"68",1870/05/24,1870/05/24,"37", Tonto Valley,Tonto Valley,Arizona,AZ-1870/05/25,Michno: Forgotten Fights,-1403929.842,1338416.118,Tonto Apache,,,,"1","0","33","33",100,"10",-111.3949690393,34.0847768167
"69",1871/04/04,1870/04/12,"50",Apache Mountains,Apache Mountains,Arizona,AZ-1871/04/04,Michno: Encyclopedia,-1404701.848,1265471.553,Chiricahua Apache,,,,"3","0","1","1",100,"10",-111.2758263222,33.4392440041
"70",1871/04/30,1871/04/30,"51",Camp Grant Massacre,Apache War- Camp Grant Massacre,Arizona,AZ-1871/04/28,Michno: Encyclopedia,-1303202.562,1144530.956,Arivaipa,,,,"1","0","171","171",100,"10",-109.9964771637,32.5078425782
"71",1871/05/05,1871/05/05,"52",Whetstone Mountains,Apache War- Bear Springs,Arizona,AZ-1871/05/05,Michno: Encyclopedia,-1372516.228,1059694.639,Chiricahua Apache,,,,"3","2","13","15",86.66666667,"9",-110.5906623000,31.6619170084
"72",1871/07/01,1871/07/01,"53",Salt River,Salt River,Arizona,AZ-1871/07/01,Michno: Encyclopedia,-1355104.335,1294491.374,Tonto Apache,,,,"1","0","18","18",100,"10",-110.7939948962,33.7657587158
"73",1871/07/13,1871/07/13,"42", Cienaga de los Pinos,Cienaga de Los Pintos,Arizona,AZ-1871/07/13,Michno: Forgotten Fights,-1367523.157,1104674.65,Chiricahua Apache,,,,"3","1","25","26",96.15384615,"10",-110.6113560556,32.0678226859
"74",1871/10/24,1871/10/24,"43", Horseshoe Canyon,Horseshoe Canyon,Arizona,AZ-1871/10/24,Michno: Forgotten Fights,-1251971.506,1068267.965,Chiricahua Apache,,,,"3","1","0","1",0,"0",-109.3394475796,31.8965478436
"75",1871/11/05,1871/11/05,"54",Wickenburg Massacre,Wickenburg,Arizona,AZ-1871/11/05,Michno: Encyclopedia,-1523419.298,1355169.182,Yuma Apache,Mojave Apache,,,"3","6","0","6",0,"0",-112.7114443544,34.0527995827
"76",1871/01/01,1871/01/01,"38", Pinal Mountains,Apache War- Pinal Mountains,Arizona,AZ-1871/01/01,Michno: Forgotten Fights,-1371216.589,1238165.827,Chiricahua Apache,,,,"3","0","9","9",100,"10",-110.8715969795,33.2451347161
"77",1871/02/12,1871/02/12,"39", Chiricahua Peak,Chiricahua Peak,Arizona,AZ-1871/02/12,Michno: Forgotten Fights,-1257775.47,1079348.26,Chiricahua Apache,,,,"3","0","15","15",100,"10",-109.4170291431,31.9877122707
"78",1871/03/28,1871/03/28,"40", Gila River,Gila River,Arizona,AZ-1871/03/28,Michno: Forgotten Fights,-1232976.714,1166935.357,Chiricahua Apache,,,,"3","0","15","15",100,"10",-109.2857050717,32.7967034778
"79",1871/06/08,1871/06/09,"41", Rye Creek/Morton's Fight,Verde River,Arizona,AZ-1871/06/08,Michno: Forgotten Fights,-1396542.978,1353189.845,Tonto Apache,,,,"1","0","56","56",100,"10",-111.3412949636,34.2258605935
"80",1872/05/19,1872/05/19,"55",Camp Hualpai Scout,Williamson Valley,Arizona,AZ-1872/05/19,Michno: Encyclopedia,-1519198.233,1450143.142,Apache,,,,"2","0","0","0",,"5",-112.8489013778,34.8955610927
"81",1872/06/10,1872/06/10,"56", Bill Williams Mountain,Bill Williams Mountain,Arizona,AZ-1872/06/10,Michno: Encyclopedia,-1444274.331,1465444.502,Apache,,,,"2","1","1","2",50,"5",-112.0624601064,35.1456478969
"82",1872/08/27,1872/08/27,"57",Davidson Canyon,Davidson Canyon,Arizona,AZ-1872/08/27,Michno: Encyclopedia,-1387817.588,1085548.662,Chiricahua Apache,,,,"3","3","0","3",0,"0",-110.7931709055,31.8701353903
"83",1872/09/08,1872/09/08,"58",Date Creek,Apache War- Date Creek retaliation,Arizona,AZ-1872/09/08,Michno: Encyclopedia,-1549273.32,1381023.204,Yuma Apache,,,,"3","0","7","7",100,"10",-113.0393920447,34.2396026961
"84",1872/09/25,1872/09/25,"59",Muchos Canyon,Muchos Canyon,Arizona,AZ-1872/09/25,Michno: Encyclopedia,-1552966.752,1404766.694,Yuma Apache,,,,"3","0","40","40",100,"10",-113.1256964040,34.4426402887
"85",1872/09/30,1872/09/30,"60",Camp Crittenden,Camp Crittenden,Arizona,AZ-1872/09/30,Michno: Encyclopedia,-1389928.121,1061805.172,Apache,,,,"2","1","0","1",0,"0",-110.7762714885,31.6565805732
"86",1872/11/25,1872/11/25,"61",Hell Canyon,Hell Canyon,Arizona,AZ-1872/11/25,Michno: Encyclopedia,-1466434.922,1449615.509,Mojave Apache,,,,"3","1","14","15",93.33333333,"9",-112.2743019477,34.9726904273
"87",1872/12/07,1872/12/07,"62",Red Rocks,Red Rocks,Arizona,AZ-1872/12/07,Michno: Encyclopedia,-1440580.899,1436952.314,Apache,,,,"2","1","16","17",94.11764706,"9",-111.9694092322,34.9001433997
"88",1872/12/11,1872/12/11,"63",Bad Rock Mountain,Bad Rock Mountain,Arizona,AZ-1872/12/11,Michno: Encyclopedia,-1418420.309,1317707.231,Apache,,,,"2","0","14","14",100,"10",-111.5143221033,33.8809234849
"89",1872/12/13,1872/12/13,"64",Mazatzal Mountains,Mazatzal Mountain,Arizona,AZ-1872/12/13,Michno: Encyclopedia,-1422641.374,1306099.302,Tonto Apache,,,,"1","0","17","17",100,"10",-111.5390969491,33.7722724179
"90",1872/12/28,1872/12/28,"65",Skull Cave,Skull Cave,Arizona,AZ-1872/12/28,Michno: Encyclopedia,-1417892.676,1284466.345,Yavapai,,,,"2","1","76","77",98.7012987,"10",-111.4500641939,33.5880901934
"91",1872/12/30,1872/12/30,"66",Baby Canyon,Baby Canyon,Arizona,AZ-1872/12/30,Michno: Encyclopedia,-1495982.376,1310320.367,Apache,,,,"2","0","15","15",100,"10",-112.3327242864,33.6999570912
"92",1873/01/16,1873/01/16,"67",Superstition Mountains,Superstition Mountains,Arizona,AZ-1873/01/16,Michno: Encyclopedia,-1403118.948,1251225.459,Arivaipa,,,,"1","0","16","16",100,"10",-111.2342840597,33.3155702657
"93",1873/01/19,1873/01/19,"68",East Verde River,East Verde River,Arizona,AZ-1873/01/19,Michno: Encyclopedia,-1410505.812,1359917.88,Tonto Apache,,,,"1","0","5","5",100,"10",-111.5039384721,34.2650725093
"94",1873/01/22,1873/01/22,"69",Tonto Creek,Apache War- Tonto Creek,Arizona,AZ-1873/01/22,Michno: Encyclopedia,-1393621.552,1333008.591,Tonto Apache,,,,"1","1","17","18",94.44444444,"9",-111.2744282578,34.0518413216
"95",1873/02/06,1873/02/06,"70",Hell Canyon,Hell Canyon,Arizona,AZ-1873/02/06,Michno: Encyclopedia,-1452716.461,1453308.941,Mojave Apache,,,,"3","0","3","3",100,"10",-112.1318675437,35.0260266721
"96",1873/03/19,1873/03/19,"71",Mazatzal Mountains,Mazatzal Mountain,Arizona,AZ-1873/03/19,Michno: Encyclopedia,-1426862.438,1295019.007,Tonto Apache,,,,"1","0","13","13",100,"10",-111.5647372624,33.6682604392
"97",1873/03/27,1873/03/27,"72",Turret Mountain,Apache War- Turret Peak,Arizona,AZ-1873/03/27,Michno: Encyclopedia,-1443219.065,1350948.117,Apache,,,,"2","0","23","23",100,"10",-111.8406751325,34.1378784381
"98",1873/06/16,1873/06/16,"73",Forks of Tonto Creek,Tonto Creek,Arizona,AZ-1873/06/16,Michno: Encyclopedia,-1370405.696,1338284.922,Tonto Apache,,,,"1","1","19","20",95,"10",-111.0333049966,34.1314298870
"99",1873/09/23,1873/09/23,"74",Hardscarbble Creek,Hardscrabble Creek,Arizona,AZ-1873/09/23,Michno: Encyclopedia,-1420530.841,1372581.074,Apache,,,,"2","0","14","14",100,"10",-111.6348572262,34.3621962374
"100",1873/12/04,1873/12/04,"75",East Verde River,East Verde River,Arizona,AZ-1873/12/04,Michno: Encyclopedia,-1424224.273,1360445.513,Tonto Apache,,,,"1","0","15","15",100,"10",-111.6529754935,34.2497031241
"101",1873/12/23,1873/12/23,"76",Cave Creek,Apache War- Cave Creek,Arizona,AZ-1873/12/23,Michno: Encyclopedia,-1474349.418,1300295.338,Arivaipa,,,,"1","0","9","9",100,"10",-112.0827160381,33.6443847592
"102",1874/01/10,1874/01/10,"77",Canyon Creek,Canyon Creek,Arizona,AZ-1874/01/10,Michno: Encyclopedia,-1425279.539,1349892.851,Tonto Apache,,,,"1","0","7","7",100,"10",-111.6454430765,34.1550323619
"103",1874/03/08,1874/03/08,"78",Pinal Mountains Expedition,Pinal Mountains,Arizona,AZ-1874/03/08,Michno: Encyclopedia,-1380430.725,1245421.495,Pinal Apache,,,,"1","0","37","37",100,"10",-110.9821919835,33.2964125854
"104",1874/03/25,1874/03/25,"79",Superstition Mountains,Apache War- Superstition Mountains,Arizona,AZ-1874/03/25,Michno: Encyclopedia,-1422113.74,1264416.287,Apache,,,,"2","0","14","14",100,"10",-111.4600226525,33.4048131618
"105",1874/04/02,1874/04/02,"80",Pinal Creek,Apache War- Apache Creek,Arizona,AZ-1874/04/02,Michno: Encyclopedia,-1372516.228,1260195.222,Chiricahua Apache,,,,"3","0","98","98",100,"10",-110.9226725820,33.4381910898
"106",1874/04/28,1874/04/28,"81",Aravaipa Mountains,Aravaipa Mountains,Arizona,AZ-1874/04/28,Michno: Encyclopedia,-1348245.105,1174718.658,Arivaipa,,,,"1","0","35","35",100,"10",-110.5220487767,32.7150938914
"107",1874/05/17,1874/05/18,"82",Four Peaks,Four Peaks,Arizona,AZ-1874/05/17,Michno: Encyclopedia,-1410505.812,1292908.475,Yuma Apache,,,,"3","0","50","50",100,"10",-111.3857380781,33.6733553442
"108",1874/09/17,1874/09/17,"83",Cave Creek,Cave Creek,Arizona,AZ-1874/09/17,Michno: Encyclopedia,-1487012.613,1292380.842,Mojave Apache,,,,"3","1","16","17",94.11764706,"9",-112.2036193535,33.5553837436
"109",1874/10/27,1874/10/27,"84",Cave Creek,Cave Creek,Arizona,AZ-1874/10/27,Michno: Encyclopedia,-1472766.519,1286576.877,Mojave Apache,,,,"3","0","13","13",100,"10",-112.0407564683,33.5256997769
"110",1874/11/01,1874/11/01,"85",Sunset Pass,Sunset Pass,Arizona,AZ-1874/11/01,Michno: Encyclopedia,-1371988.595,1402656.162,Tonto Apache,,,,"1","0","1","1",100,"10",-111.1620957130,34.6976391785
"111",1874/11/25,1874/11/26,"86",Snow Lake,Snow Lake,Arizona,AZ-1874/11/25,Michno: Encyclopedia,-1310255.521,1359917.88,Tonto Apache,,,,"1","0","12","12",100,"10",-110.4194735711,34.4056594450
"112",1874/12/01,1874/12/01,"87",Canyon Creek,Canyon Creek,Arizona,AZ-1874/12/01,Michno: Encyclopedia,-1412616.344,1344616.52,Tonto Apache,,,,"1","0","22","22",100,"10",-111.4995391595,34.1269419507
"113",1875/07/01,1875/07/01,"88",East Verde River,East Verde River,Arizona,AZ-1875/07/01,Michno: Encyclopedia,-1437415.101,1368887.643,Tonto Apache,,,,"1","0","34","34",100,"10",-111.8105982241,34.3047413294
"114",1875/07/04,1875/07/04,"89",Red Rock Canyon,Red Rock Canyon,Arizona,AZ-1875/07/04,Michno: Encyclopedia,-1424224.273,1441173.379,Apache,,,,"2","0","11","11",100,"10",-111.7991367581,34.9616699670
"115",1876/08/15,1876/08/15,"90",Red Rocks,Red Rocks,Arizona,AZ-1876/08/15,Michno: Encyclopedia,-1427917.705,1424289.119,Apache,,,,"2","0","14","14",100,"10",-111.8084865445,34.8073626747
"116",1876/09/18,1876/09/18,"91",The Caves,The Caves,Arizona,AZ-1876/09/18,Michno: Encyclopedia,-1415782.143,1385244.269,Apache,,,,"2","0","18","18",100,"10",-111.6062095139,34.4808698955
"117",1876/10/04,1876/10/04,"92",Tonto Creek,Tonto Creek,Arizona,AZ-1876/10/04,Michno: Encyclopedia,-1377792.559,1352003.383,Tonto Apache,,,,"1","0","10","10",100,"10",-111.1367490105,34.2421643719
"118",1877/01/12,1877/01/14,"93",East Verde Creek,East Verde River,Arizona,AZ-1877/01/12,Michno: Encyclopedia,-1403118.948,1369942.909,Tonto Apache,,,,"1","0","12","12",100,"10",-111.4419158497,34.3642647979
"119",1877/01/21,1877/01/21,"94",Tonto Creek,Hill Ranch,Arizona,AZ-1877/01/21,Michno: Encyclopedia,-1397314.984,1319817.763,Tonto Apache,,,,"1","0","0","0",,"5",-111.2911517629,33.9300409599
"120",1877/01/30,1877/01/30,"95",North Peak,North Peak,Arizona,AZ-1877/01/30,Michno: Encyclopedia,-1412616.344,1331953.325,Apache,,,,"2","0","15","15",100,"10",-111.4771104775,34.0151446067
"121",1878/04/05,1878/04/05,"96",Hell Canyon,Mogollon Mountains,Arizona,AZ-1878/04/05,Michno: Encyclopedia,-1474349.418,1465972.135,Mogollon Apache,,,,"3","0","14","14",100,"10",-112.3914127286,35.1046248287
"122",1879/06/25,1879/06/25,"97",Tonto Basin,Tonto Basin,Arizona,AZ-1879/06/25,Michno: Encyclopedia,-1394676.819,1348309.951,Tonto Apache,,,,"1","1","0","1",0,"0",-111.3125852260,34.1854542526
"123",1880/05/07,1880/05/07,"98",Ash Creek Valley,Ash Creek Valley,Arizona,AZ-1880/05/07,Michno: Encyclopedia,-1282818.599,1203210.846,Mimbres Apache,,,,"3","5","0","5",0,"0",-109.8719991748,33.0548688038
"124",1881/08/30,1881/08/30,"99",Cibicue Creek,White Mountain Apache Rebellion- Cibecue Creek,Arizona,AZ-1881/08/30,Michno: Encyclopedia,-1326084.514,1319290.13,White Mountain Apache,,,,"1","7","18","25",72,"7",-110.5231808291,34.0249501080
"125",1881/08/31,1881/09/01,"100",Fort Apache,Ft. Apache,Arizona,AZ-1881/08/31,Michno: Encyclopedia,-1287567.297,1293963.741,Chiricahua Apache,,,,"3","8","0","8",0,"0",-110.0668282910,33.8525243414
"126",1881/10/02,1881/10/02,"101",Cedar Springs,Cedar Springs,Arizona,AZ-1881/10/02,Michno: Encyclopedia,-1319225.284,1166276.528,Chiricahua Apache,,,,"3","10","0","10",0,"0",-110.2006737381,32.6794402633
"127",1881/10/02,1881/10/02,"44", K-H Butte,Cedar Springs,Arizona,AZ-1881/10/02,Michno: Forgotten Fights,-1303679.551,1178015.652,Chiricahua Apache,,,,"3","10","0","10",0,"0",-110.0543256549,32.8041490069
"128",1881/10/04,1881/10/04,"102",Dragoon Mountains,Dragoon Mountains,Arizona,AZ-1881/10/04,Michno: Encyclopedia,-1232693.453,1114568.483,Mimbres Apache,Mescalero Apache,,,"3","0","5","5",100,"10",-109.2047936643,32.3320570784
"129",1881/11/01,1881/11/02,"45", Dravo’s Scout,Ft. Apache,Arizona,AZ-1881/11/01,Michno: Forgotten Fights,-1287322.924,1273517.245,Chiricahua Apache,,,,"3","0","6","6",100,"10",-110.0314550788,33.6718330732
"130",1882/04/23,1882/04/23,"102",Horseshoe Canyon,Horseshoe Canyon,Arizona,AZ-1882/04/23,Michno: Encyclopedia,-1304979.19,1064970.971,Chiricahua Apache,,,,"3","6","2","8",25,"3",-109.8912786369,31.7993048421
"131",1882/07/17,1882/07/17,"104",Big Dry Wash / General Spring,Canyon Diablo,Arizona,AZ-1882/07/17,Michno: Encyclopedia,-1364074.098,1369942.909,White Mountain Apache,,,,"1","0","20","20",100,"10",-111.0194297017,34.4199911761
"132",1883/03/21,1883/03/21,"105",Canelo Hills,Huacacha Mountains,Arizona,AZ-1883/03/21,Michno: Encyclopedia,-1375154.394,1039116.948,Chiricahua Apache,,,,"3","26","1","27",3.703703704,"0",-110.5849595102,31.4756330548
"133",1890/03/07,1890/03/07,"46", Salt River,Last Apache Fight,Arizona,AZ-1890/03/07,Michno: Forgotten Fights,-1363829.725,1272461.979,Apache,,,,"2","0","5","5",100,"10",-110.8504336075,33.5588151881
"134",1862/05/31,1862/05/31,"32",Eel River,,California,CA-1862/05/31,Michno: Encyclopedia,-2291653.108,2244758.608,Eel River,,,,"1","0","13","13",100,"10",-123.5436834764,40.2083094652
"135",1862/06/06,1862/06/06,"33",Daley's Ferry,,California,CA-1862/06/06,Michno: Encyclopedia,-2311703.166,2337622.035,Unidentified,,,,"3","2","0","2",0,"0",-124.0916160039,40.9504715966
"136",1862/06/24,1862/06/24,"35",Owens Lake,,California,CA-1862/06/24,Michno: Encyclopedia,-1882737.447,1640354.879,Ute,,,,"3","0","13","13",100,"10",-117.2264534947,35.9149511015
"137",1862/06/07,1862/06/07,"34",Mattole Valley,,California,CA-1862/06/07,Michno: Encyclopedia,-2344416.419,2257421.802,Unidentified,,,,"3","0","12","12",100,"10",-124.1855757608,40.1803964021
"138",1862/07/28,1862/07/28,"36",Whitney's Ranch,,California,CA-1862/07/28,Michno: Encyclopedia,-2291782.365,2328817.186,Unidentified,,,,"3","3","0","3",0,"0",-123.8327660909,40.9268132590
"139",1862/09/08,1862/09/08,"37",Reedwood Creek,,California,CA-1862/09/08,Michno: Encyclopedia,-2304843.936,2288024.523,Unidentified,,,,"3","0","0","0",,"5",-123.8414386831,40.5444209932
"140",1863/04/09,1863/04/09,"39",Williams Valley,,California,CA-1863/04/09,Michno: Encyclopedia,-2267909.618,2177749.202,Nome Cult,,,,"4","0","8","8",100,"10",-123.0505925313,39.6948044032
"141",1863/04/19,1863/04/19,"11",Kern River,,California,CA-1863/04/19,Michno: Forgotten Fights,-1962375.886,1655280.404,Paiute,Tehachapi,,,"4","0","35","35",100,"10",-118.1313601087,35.8839521347
"142",1863/03/21,1863/03/23,"38",North Fork Eel River,,California,CA-1863/03/21,Michno: Encyclopedia,-2280045.179,2221015.118,Eel River,,,,"1","1","83","84",98.80952381,"10",-123.3319418040,40.0346594231
"143",1863/05/09,1863/05/09,"40",Shealter Cove,,California,CA-1863/05/09,Michno: Encyclopedia,-2339660.953,2238084.758,Eel River,,,,"1","0","10","10",100,"10",-124.0650030854,40.0276891450
"144",1863/07/09,1863/07/09,"41",Redwood Creek,,California,CA-1863/07/09,Michno: Encyclopedia,-2292309.998,2327234.287,Unidentified,,,,"3","2","0","2",0,"0",-123.8333426984,40.9119194401
"145",1863/11/13,1863/11/14,"42",Thomas's Ranch,Thomas's Ranch,California,CA-1863/11/13,Michno: Encyclopedia,-2258126.499,2301674.586,Hoopa,,,,"1","0","2","2",100,"10",-123.3541766564,40.7806258683
"146",1863/11/17,1863/11/17,"43",Willow Creek,Willow Creek,California,CA-1863/11/17,Michno: Encyclopedia,-2238200.636,2277861.529,Hoopa,,,,"1","0","5","5",100,"10",-123.0458185206,40.6268856736
"147",1863/12/23,1863/12/26,"12",Christmas Pairie,Arcata,California,CA-1863/12/25,Michno: Forgotten Fights,-2307975.573,2312183.628,Unidentified,,,,"3","0","2","2",100,"10",-123.9605494654,40.7427984806
"148",1864/02/29,1864/02/29,"44",Redwood Creek,Redwood Creek,California,CA-1864/02/29,Michno: Encyclopedia,-2301213.807,2301116.448,Unidentified,,,,"3","0","8","8",100,"10",-123.8450813640,40.6656851992
"149",1864/03/19,1864/03/28,"45","East Branch, South Fork Eel River",Eel River,California,CA-1864/03/19,Michno: Encyclopedia,-2301741.44,2213793.168,Eel River,,,,"1","0","4","4",100,"10",-123.5533377714,39.9177322846
"150",1864/04/28,1864/04/28,"46",Big Bend Eel River,Eel River,California,CA-1864/04/28,Michno: Encyclopedia,-2288286.796,2216958.966,Eel River,,,,"1","0","20","20",100,"10",-123.4117145942,39.9790558801
"151",1864/05/02,1864/05/02,"47",Kneeland's Prairie,Kneeland's Prairie,California,CA-1864/05/02,Michno: Encyclopedia,-2314140.818,2322485.589,Unidentified,,,,"3","0","11","11",100,"10",-124.0667839857,40.8148245900
"152",1864/05/24,1864/05/24,"13",Grouse Creek,Grouse Creek,California,CA-1864/05/23,Michno: Forgotten Fights,-2291091.314,2314294.16,Unidentified,,,,"3","0","9","9",100,"10",-123.7747495841,40.8044175824
"153",1864/05/27,1864/05/27,"48",Thomas's Ranch,Thomas's Ranch,California,CA-1864/05/27,Michno: Encyclopedia,-2259794.607,2290299.969,Hoopa,,,,"1","0","0","0",,"5",-123.3347361779,40.6790128800
"154",1864/05/28,1864/05/28,"49",Big Flat,Big Flat,California,CA-1864/05/28,Michno: Encyclopedia,-2338939.574,2247825.503,Unidentified,,,,"3","0","2","2",100,"10",-124.0903888369,40.1127346974
"155",1866/07/29,1866/07/29,"14",Camp Cady,Owen's Lake,California,CA-1866/07/29,Michno: Forgotten Fights,-1840492.637,1511764.198,Ute,,,,"3","0","7","7",100,"10",-116.4579001926,34.8756899520
"156",1867/08/22,1867/08/22,"50",Surprise Valley,Surprise Valley,California,CA-1867/08/22,Michno: Encyclopedia,-1978566.159,2325915.204,Paiute,Pit River,,,"4","0","2","2",100,"10",-120.1942553108,41.6583482032
"157",1867/09/26,1867/09/28,"51",Infernal Caverns,Infernal Caverns,California,CA-1867/09/26,Michno: Encyclopedia,-2020415.528,2292133.57,Paiute,Pit River,Modoc,,"4","8","22","30",73.33333333,"7",-120.5791349359,41.2715135031
"158",1872/12/21,1872/12/21,"52",Land's Ranch,Modoc War- Land's ranch,California,CA-1872/12/21,Michno: Encyclopedia,-2069485.407,2371278.537,Modoc,,,,"1","2","0","2",0,"0",-121.3999675622,41.8404207728
"159",1873/01/17,1873/01/17,"53",Battle of Stronghold,Modoc War- Battle of the Lava Beds,California,CA-1873/01/17,Michno: Encyclopedia,-2080038.069,2378665.4,Modoc,,,,"1","11","0","11",0,"0",-121.5471474903,41.8791066596
"160",1873/04/11,1873/04/11,"54",Canby Massacre,Modoc War- Canby Murder,California,CA-1873/04/11,Michno: Encyclopedia,-2081093.336,2373389.069,Modoc,,,,"1","1","0","1",0,"0",-121.5424908133,41.8311350767
"161",1873/04/15,1873/04/17,"55",Lava Beds,Modoc War- Lava Beds,California,CA-1873/04/15,Michno: Encyclopedia,-2074761.738,2376027.235,Modoc,,,,"1","8","11","19",57.89473684,"6",-121.4769281913,41.8688797632
"162",1873/04/26,1873/04/26,"56",Hardin Butte / Lava Beds,Modoc War- Thomas Wright Massacre,California,CA-1873/04/26,Michno: Encyclopedia,-2075817.004,2371278.537,Modoc,,,,"1","23","0","23",0,"0",-121.4740146327,41.8254536587
"163",1873/05/07,1873/05/07,"57",Scorpion Point,Modoc War- Scorpion Point,California,CA-1873/05/07,Michno: Encyclopedia,-2079510.436,2368640.371,Modoc,,,,"1","0","0","0",,"5",-121.5087115493,41.7939691395
"164",1873/05/10,1873/05/10,"58",Sorass Lake / Dry Lake,Modoc War- Dry Lake,California,CA-1873/05/10,Michno: Encyclopedia,-2072123.573,2366002.205,Modoc,,,,"1","2","1","3",33.33333333,"3",-121.4139164989,41.7887090336
"165",1873/05/19,1873/05/19,"59",Willow Creek Ridge,Modoc War- Willow Creek,California,CA-1873/05/22,Michno: Encyclopedia,-2087424.933,2377082.501,Modoc,,,,"1","0","0","0",,"5",-121.6284273907,41.8479049821
"166",1848/06/19,1848/06/19,"1",Manco Burro Pass,Fremont's Orchard,Colorado,CO-1848/06/19,Michno: Forgotten Fights,-737304.9469,1597417.017,,,,,,,,,,,-104.3881919930,37.1258366541
"167",1848/07/23,1848/07/23,"2",Cumbress Pass,Eayre's Fight,Colorado,CO-1848/07/23,Michno: Forgotten Fights,-918468.1393,1615309.678,,,,,,,,,,,-106.4566189009,37.1246954578
"168",1855/04/29,1855/04/29,"5",Poncha Pass,Cedar Canyon,Colorado,CO-1855/04/29,Michno: Encyclopedia,-878959.3452,1761043.73,,,,,,,,,,,-106.1874626504,38.4555640157
"169",1864/04/12,1864/04/12,"7",Fremont's Orchard,Hungate Massacre,Colorado,CO-1864/04/12,Michno: Encyclopedia,-671943.0693,1936211.348,Cheyenne,,,,"3","2","0","2",0,"0",-103.9706345778,40.1877755388
"170",1864/04/15,1864/04/15,"8",Eayre's Fight,Sand Creek,Colorado,CO-1864/04/15,Michno: Encyclopedia,-601421.0412,1825878.498,Cheyenne,,,,"3","0","0","0",,"5",-103.0405957648,39.2558881892
"171",1864/05/03,1864/05/03,"9",Cedar Canyon,White Butte Creek,Colorado,CO-1864/05/03,Michno: Encyclopedia,-617914.0962,1999908.664,Cheyenne,,,,"3","1","4","5",80,"8",-103.3910579694,40.7935131227
"172",1864/06/11,1864/06/11,"10",Hungate Massacre,Sand Creek Massacre,Colorado,CO-1864/06/11,Michno: Encyclopedia,-734502.9329,1814503.977,Cheyenne,Arapaho,,,"3","4","0","4",0,"0",-104.5788438774,39.0572687285
"173",1864/08/11,1864/08/11,"11",Sand Creek,Valley Station,Colorado,CO-1864/08/11,Michno: Encyclopedia,-569572.3834,1708720.935,Arapaho,,,,"3","0","0","0",,"5",-102.5742690076,38.2336383407
"174",1864/10/10,1864/10/10,"12",White Butte Creek,Valley Station,Colorado,CO-1864/10/10,Michno: Encyclopedia,-594880.6918,1945026.602,Cheyenne,,,,"3","0","10","10",100,"10",-103.0678578124,40.3205847858
"175",1864/11/29,1864/11/29,"13",Sand Creek / Chivington Massacre,American Ranch,Colorado,CO-1864/11/29,Michno: Encyclopedia,-567297.4792,1747394.305,Cheyenne,,,,"3","15","300","315",95.23809524,"10",-102.5789478515,38.5792473818
"176",1865/01/07,1865/01/07,"14",Julesburg,American Ranch,Colorado,CO-1865/01/07,Michno: Encyclopedia,-522936.8487,2002183.568,Cheyenne,Lakota Sioux,,,"3","12","0","12",0,"0",-102.2603756110,40.8746377987
"177",1865/01/07,1865/01/07,"15",Valley Station,Julesburg,Colorado,CO-1865/01/07,Michno: Encyclopedia,-584359.2602,1977728.348,Cheyenne,Lakota Sioux,,,"3","12","0","12",0,"0",-102.9717539015,40.6186561341
"178",1865/01/14,1865/01/14,"16",American Ranch,Spring Canyon,Colorado,CO-1865/01/14,Michno: Encyclopedia,-602558.4933,1958960.389,Lakota Sioux,Cheyenne,,,"4","7","3","10",30,"3",-103.1712043910,40.4394890217
"179",1865/01/14,1865/01/15,"17",Godfrey's Ranch,Big Timber,Colorado,CO-1865/01/14,Michno: Encyclopedia,-619335.9112,1953273.129,Lakota Sioux,Cheyenne,,,"4","7","3","10",30,"3",-103.3648534805,40.3774249437
"180",1865/02/02,1865/02/02,"18",Julesburg,Kiowa,Colorado,CO-1865/02/02,Michno: Encyclopedia,-512699.7801,2006733.376,Cheyenne,Lakota Sioux,,,"3","0","0","0",,"5",-102.1416811777,40.9211415774
"181",1865/06/14,1865/06/14,"19",Spring Canyon,Rule Creek,Colorado,CO-1865/06/14,Michno: Encyclopedia,-545685.89,1582463.756,Kiowa,Comanche,,,"2","1","0","1",0,"0",-102.2043662486,37.1239455392
"182",1867/06/11,1867/06/11,"20",Big Timber,Big Sandy Creek,Colorado,CO-1867/06/11,Michno: Encyclopedia,-529761.5611,1783792.771,Cheyenne,,,,"3","1","3","4",75,"8",-102.1722818584,38.9257063281
"183",1868/08/25,1868/08/25,"3",Dietemann Massacre,Beecher Island,Colorado,CO-1868/08/25,Michno: Forgotten Fights,-759670.7731,1842322.814,Arapaho,,,,"3","2","0","2",0,"0",-104.9014621656,39.2838050703
"184",1868/09/10,1868/09/10,"21",Rule Creek,Dog Creek,Colorado,CO-1868/09/10,Michno: Encyclopedia,-613933.0139,1668910.113,Unidentified,,,,"3","2","4","6",66.66666667,"7",-103.0504536353,37.8510120705
"185",1868/09/15,1868/09/15,"22",Big Sandy Creek,Battle of Summit Springs,Colorado,CO-1868/09/15,Michno: Encyclopedia,-612795.5619,1795167.292,Cheyenne,,,,"3","0","11","11",100,"10",-103.1462698605,38.9750713415
"186",1868/09/17,1868/09/21,"23",Beecher's Island,Siege of Milk Creek,Colorado,CO-1868/09/17,Michno: Encyclopedia,-529192.8351,1883319.827,Lakota Sioux,Cheyenne,,,"4","6","30","36",83.33333333,"8",-102.2417278781,39.8122064492
"187",1869/07/08,1869/07/08,"24",Dog Creek,Siege of Milk Creek,Colorado,CO-1869/07/08,Michno: Encyclopedia,-522368.1227,1904362.69,Cheyenne,,,,"3","0","0","0",,"5",-102.1775703533,40.0035792900
"188",1869/07/11,1869/07/11,"25",Summit Springs,Rangeley,Colorado,CO-1869/07/11,Michno: Encyclopedia,-578387.6369,1949292.047,Cheyenne,Lakota Sioux,,,"3","0","67","67",100,"10",-102.8762546537,40.3693494014
"189",1879/09/29,1879/09/29,"27",White River Massacre / Meeker Massacre,,Colorado,CO-1879/09/29,Michno: Encyclopedia,-1000666.716,1962372.746,Ute,,,,"3","13","37","50",74,"7",-107.8747695882,40.1141977213
"190",1879/09/29,1879/10/05,"26",Milk Creek,,Colorado,CO-1879/09/29,Michno: Encyclopedia,-973367.8667,1973747.266,Ute,,,,"3","13","37","50",74,"7",-107.5704024244,40.2449318380
"191",1887/08/25,1887/08/25,"4",Colorow's War,,Colorado,CO-1887/08/25,Michno: Forgotten Fights,-1085093.545,1982109.228,Ute,,,,"3","4","8","12",66.66666667,"7",-108.8964818082,40.1909310792
"192",1862/08/09,1862/08/10,"9",Massacre Rocks,Flenns Ferry,Idaho,ID-1862/08/09,Michno: Encyclopedia,-1380897.36,2310403.181,Shoshone,Bannock,,,"3","5","0","5",0,"0",-113.0402403536,42.6739234104
"193",1862/09/12,1862/09/12,"10",City of Rocks,Bruneau Valley,Idaho,ID-1862/09/12,Michno: Encyclopedia,-1430427.774,2263526.182,Shoshone,Bannock,,,"3","6","0","6",0,"0",-113.5323144466,42.1814137086
"194",1863/01/29,1863/01/29,"11",Bear River,Silver City,Idaho,ID-1863/01/29,Michno: Encyclopedia,-1296872.549,2245836.748,Shoshone,Paiute,,,"3","21","300","321",93.45794393,"9",-111.8913787032,42.2346065883
"195",1864/09/13,1864/09/16,"2",Three Island Crossing,Battle Creek,Idaho,ID-1864/09/13,Michno: Forgotten Fights,-1557913.312,2364927.049,Paiute,,,,"4","0","6","6",100,"10",-115.3034750739,42.8519017954
"196",1865/02/15,1865/02/15,"12",Bruneau Valley,Juniper Canyon,Idaho,ID-1865/02/15,Michno: Encyclopedia,-1595823.98,2359049.124,Bannock,,,,"3","0","0","0",,"5",-115.7450354975,42.7311965508
"197",1866/07/03,1866/07/07,"3",Jennings's Fight,Bannock War- Clark's Fork,Idaho,ID-1866/07/02,Michno: Forgotten Fights,-1681379.461,2345932.257,Paiute,,,,"4","1","5","6",83.33333333,"8",-116.7362267220,42.4547051560
"198",1868/06/24,1868/06/24,"4",Battle Creek,Nez Perce War- White Bird Canyon,Idaho,ID-1868/06/24,Michno: Forgotten Fights,-1638113.545,2339600.659,Comanche,,,,"4","0","7","7",100,"10",-116.2024270461,42.4820935926
"199",1868/07/26,1868/07/26,"5",Juniper Canyon,Nez Perce War- Clear Creek,Idaho,ID-1868/07/26,Michno: Forgotten Fights,-1673992.597,2397640.302,Paiute,,,,"4","0","9","9",100,"10",-116.7852720808,42.9206947943
"200",1878/06/08,1878/06/08,"22",South Mountains,Nez Perce War- Cottonwood Ranch,Idaho,ID-1878/06/08,Michno: Encyclopedia,-1672330.781,2378949.737,Bannock,,,,"3","2","1","3",33.33333333,"3",-116.7154977022,42.7606161178
"201",1877/06/17,1877/06/17,"13",White Bird Canyon,,Idaho,ID-1877/06/17,Michno: Encyclopedia,-1557791.698,2666845.272,Nez Perce,,,,"3","34","0","34",0,"0",-116.0812578835,45.5028543636
"202",1877/07/01,1877/07/01,"14",Clear Creek,Nez Perce War- Brave Seventee,Idaho,ID-1877/07/01,Michno: Encyclopedia,-1530373.075,2718144.63,Nez Perce,,,,"3","0","3","3",100,"10",-115.8743478226,46.0060785550
"203",1877/07/03,1877/07/03,"15",Cottonwood Creek / Craig's Mountain,Nez Perce War- Clearwater River,Idaho,ID-1877/07/04,Michno: Encyclopedia,-1574154.424,2721240.281,Nez Perce,,,,"3","12","0","12",0,"0",-116.4343040657,45.9503191143
"204",1877/07/04,1877/07/04,"16",Cottonwood House,Nez Perce War- Weippe Prairie,Idaho,ID-1877/07/04b,Michno: Encyclopedia,-1555580.518,2713280.036,Nez Perce,,,,,,,,,,-116.1788112107,45.9157242904
"205",1877/07/05,1877/07/05,"17","""Brave Seventeen"" Fight",Nez Perce War- Birch Creek Massacre,Idaho,ID-1877/07/05,Michno: Encyclopedia,-1558233.933,2699128.489,Nez Perce,,,,"3","3","1","4",25,"3",-116.1738190604,45.7861034047
"206",1877/07/11,1877/07/12,"18",Clearwater River,Nez Perce War- Battle of Camas Meadow,Idaho,ID-1877/07/11,Michno: Encyclopedia,-1532142.019,2703550.847,Nez Perce,,,,"3","13","63","76",82.89473684,"8",-115.8576289000,45.8741717402
"207",1877/07/17,1877/07/17,"19",Weippe Prairie,Clearwater River,Idaho,ID-1877/07/17,Michno: Encyclopedia,-1514452.585,2748658.904,Nez Perce,,,,"3","1","1","2",50,"5",-115.7547049150,46.3048667026
"208",1877/08/15,1877/08/15,"20",Birch Creek,Big Creek Station pursuit,Idaho,ID-1877/08/15,Michno: Encyclopedia,-1354363.209,2464743.491,Nez Perce,,,,"3","5","0","5",0,"0",-113.0580003722,44.0766368985
"209",1877/08/20,1877/08/20,"21",Camas Meadows,,Idaho,ID-1877/08/20,Michno: Encyclopedia,-1292007.955,2477568.331,Nez Perce,,,,"3","6","0","6",0,"0",-112.3157801250,44.2876287604
"210",1878/07/21,1878/07/21,"23",Middle Fork Clearwater River,,Idaho,MT-1878/07/21,Michno: Encyclopedia,-1508427.121,2709465.752,Nez Perce,,,,"3","0","6","6",100,"10",-115.5745136034,45.9703090414
"211",1879/07/29,1879/07/29,"24",Big Creek / Vinegar Hill,,Idaho,ID-1879/07/29,Michno: Encyclopedia,-1489632.098,2599349.026,Bannock,Shoshone,,,"3","0","0","0",,"5",-115.0545959900,45.0340326238
"212",1864/05/16,1864/05/16,"2",Spirit Lake,Cow Creek,Iowa,IA-1864/05/16,Michno: Encyclopedia,84921.25052,2258015.027,Santee Sioux,,,,"4","0","0","0",,"5",-94.9479741089,43.3119772824
"213",1857/07/29,1857/07/29,"1",Solomon's Fork,Ulysses,Kansas,KS-1857/07/29,Michno: Encyclopedia,-332831.2502,1821667.303,,,,,,,,,,,-99.8992494815,39.3562518572
"214",1859/05/13,1859/05/13,"2",Crooked Creek,Lincoln,Kansas,KS-1859/05/13,Michno: Encyclopedia,-360894.7126,1610671.641,,,,,,,,,,,-100.1205086428,37.4648450416
"215",1863/05/15,1863/05/15,"13",Verdigris River,Smoky Hill Crossing,Kansas,KS-1863/05/15,Michno: Forgotten Fights,84918.73951,1597976.163,Osage,,,,"4","22","0","22",0,"0",-95.0313458144,37.4175247560
"216",1864/05/16,1864/05/16,"3",Big Bushes,Cimarron Crossing,Kansas,KS-1864/05/16,Michno: Encyclopedia,-278263.4066,1742154.159,Cheyenne,,,,"3","4","3","7",42.85714286,"4",-99.2288734281,38.6655777906
"217",1864/07/20,1864/07/22,"14",Cow Creek,Pawnee Fork,Kansas,KS-1864/07/20,Michno: Forgotten Fights,-201922.9818,1711482.731,Comanche,Kiowa,Arapaho,,"4","0","30","30",100,"10",-98.3347286986,38.4119856843
"218",1864/08/01,1864/08/01,"15",Wagon Bed Spring,Ft. Zarah,Kansas,KS-1864/08/01,Michno: Forgotten Fights,-474786.0617,1631524.902,Kiowa,Comanche,,,"2","5","0","5",0,"0",-101.4319695980,37.5996316681
"219",1864/08/06,1864/08/06,"16",Moffitt Massacre,Cow Creek,Kansas,KS-1864/08/06,Michno: Forgotten Fights,-174524.8446,1780816.792,Unidentified,,,,"3","4","0","4",0,"0",-98.0352079241,39.0360255615
"220",1864/08/16,1864/08/16,"4",Smoky Hill Crossing,Point of Rocks,Kansas,KS-1864/08/16,Michno: Encyclopedia,-170686.8006,1748910.178,Cheyenne,,,,"3","4","0","4",0,"0",-97.9827024574,38.7521456574
"221",1864/08/21,1864/08/21,"17",Cimarron Crossing,Cow Creek,Kansas,KS-1864/08/21,Michno: Forgotten Fights,-368548.3871,1652213.291,Cheyenne,,,,"3","1","0","1",0,"0",-100.2288727950,37.8321498413
"222",1864/09/25,1864/09/25,"5",Pawnee Fork,Ft. Dodge,Kansas,KS-1864/09/25,Michno: Encyclopedia,-381162.7688,1690184.785,Cheyenne,,,,"3","2","9","11",81.81818182,"8",-100.3935423343,38.1654793082
"223",1864/11/20,1864/11/20,"6",Fort Zarah,Jamestown,Kansas,KS-1864/11/20,Michno: Encyclopedia,-241365.1504,1705255.903,Arapaho,,,,"3","0","0","0",,"5",-98.7884252083,38.3469680474
"224",1864/12/04,1864/12/04,"7",Cow Creek,Lookout Station,Kansas,KS-1864/12/04,Michno: Encyclopedia,-202388.1193,1715649.778,Kiowa,,,,"2","0","0","0",,"5",-98.3412914485,38.4490493389
"225",1865/01/20,1865/01/20,"8",Point of Rocks,Cimarron Crossing,Kansas,KS-1865/01/20,Michno: Encyclopedia,-356737.1627,1647050.203,Cheyenne,Arapaho,,,"3","1","3","4",75,"8",-100.0909675651,37.7907388855
"226",1865/06/11,1865/06/11,"9",Cow Creek,Ft. Dodge,Kansas,KS-1865/06/11,Michno: Encyclopedia,-211222.913,1697980.191,Kiowa,,,,"2","0","5","5",100,"10",-98.4382080035,38.2894748701
"227",1865/06/12,1865/06/12,"18",Fort Dodge,Ft. Wallace,Kansas,KS-1865/06/12,Michno: Forgotten Fights,-338913.6674,1642707.815,Kiowa,,,,"2","2","0","2",0,"0",-99.8847716621,37.7586999275
"228",1866/05/18,1866/05/18,"19",Little Cheyenne Creek,Ft. Wallace,Kansas,KS-1866/05/18,Michno: Forgotten Fights,-151599.8728,1835053.921,Cheyenne,,,,"3","6","0","6",0,"0",-97.7797806693,39.5239674545
"229",1867/04/15,1867/04/15,"10",Lookout Station,Ft. Wallace,Kansas,KS-1867/04/15,Michno: Encyclopedia,-292295.1378,1759823.747,Lakota Sioux,Cheyenne,,,"4","3","0","3",0,"0",-99.3988875462,38.8187610982
"230",1867/04/19,1867/04/19,"11",Cimarron Crossing,Wilson's Creek,Kansas,KS-1867/04/19,Michno: Encyclopedia,-375965.8314,1653286.528,Lakota Sioux,Cheyenne,,,"4","0","6","6",100,"10",-100.3144265041,37.8387421187
"231",1867/06/12,1867/06/12,"12",Fort Dodge,Wilson's Creek,Kansas,KS-1867/06/12,Michno: Encyclopedia,-345823.5939,1654325.916,Kiowa,,,,"2","1","0","1",0,"0",-99.9694443326,37.8597246069
"232",1867/06/21,1867/06/22,"13",Fort Wallace,Kidder Massacre,Kansas,KS-1867/06/21,Michno: Encyclopedia,-500952.1779,1783989.506,Cheyenne,Lakota Sioux,,,"3","2","0","2",0,"0",-101.8376305986,38.9436888428
"233",1867/06/21,1867/06/27,"20",Union Pacific Railroad,Big Creek Station,Kansas,KS-1867/06/21,Michno: Forgotten Fights,-253923.5277,1762364.985,Cheyenne,Lakota Sioux,,,"3","2","0","2",0,"0",-98.9539191465,38.8528614441
"234",1867/06/22,1867/06/22,"14",Baca's Wagon Train,Prairie Dog Creek,Kansas,KS-1867/06/22,Michno: Encyclopedia,-384280.9313,1640813.878,Cheyenne,,,,"3","5","0","5",0,"0",-100.4030850812,37.7241722189
"235",1867/06/26,1867/06/26,"15",Pond Creek Station,Davis's Fight,Kansas,KS-1867/06/26,Michno: Encyclopedia,-511346.0529,1791265.219,Unidentified,,,,"3","0","5","5",100,"10",-101.9637505209,39.0027232937
"236",1867/06/26,1867/06/26,"16",Black Butte Creek / Cooke's Fight,Southern,Kansas,KS-1867/06/26,Michno: Encyclopedia,-488999.2217,1814651.437,Unidentified,,,,"3","0","5","5",100,"10",-101.7201617563,39.2232347401
"237",1867/07/02,1867/07/02,"17",Kidder's Fight,Pawnee Fork,Kansas,KS-1867/07/02,Michno: Encyclopedia,-479384.8874,1850770.153,Lakota Sioux,Cheyenne,,,"4","11","2","13",15.38461538,"2",-101.6329752431,39.5500608088
"238",1867/08/01,1867/08/02,"18",Saline River,Coon Creek,Kansas,KS-1867/08/01,Michno: Encyclopedia,-278263.4066,1791005.372,Cheyenne,,,,"3","1","2","3",66.66666667,"7",-99.2482409939,39.1011699562
"239",1867/08/21,1867/08/22,"19",Prairie Dog Creek,Prairie Dog Creek,Kansas,KS-1867/08/20,Michno: Encyclopedia,-312043.5003,1864801.884,Cheyenne,Lakota Sioux,,,"3","8","10","18",55.55555556,"6",-99.6754970617,39.7482376555
"240",1867/09/15,1867/09/15,"20",Davis's Fight,Beaver Creek,Kansas,KS-1867/09/15,Michno: Encyclopedia,-344264.5127,1782690.272,Cheyenne,,,,"3","2","5","7",71.42857143,"7",-100.0137628451,39.0045413702
"241",1868/08/13,1868/08/13,"21",Elkhorn Creek,Beaver Creek,Kansas,KS-1868/08/13,Michno: Encyclopedia,-173804.9631,1775934.253,Kiowa,,,,"2","1","10","11",90.90909091,"9",-98.0256022135,38.9926105297
"242",1868/08/18,1868/08/21,"22",Pawnee Fork,Ft. Dodge,Kansas,KS-1868/08/18,Michno: Encyclopedia,-300610.2378,1674593.972,Cheyenne,,,,"3","0","5","5",100,"10",-99.4594313450,38.0561828570
"243",1868/09/02,1868/09/02,"23",Little Coon Creek,Mulberry Creek,Kansas,KS-1868/09/02,Michno: Encyclopedia,-322957.069,1654845.61,Kiowa,,,,"2","0","3","3",100,"10",-99.7074852174,37.8725959156
"244",1868/10/14,1868/10/14,"24",Prairie Dog Creek,Elephant Rock,Kansas,KS-1868/10/14,Michno: Encyclopedia,-336988.8002,1878313.922,Cheyenne,,,,"3","1","0","1",0,"0",-99.9756474874,39.8597636411
"245",1868/10/18,1868/10/18,"25",Beaver Creek,Fossil Creek,Kansas,KS-1868/10/18,Michno: Encyclopedia,-428974.5937,1878313.922,Cheyenne,Lakota Sioux,,,"3","0","10","10",100,"10",-101.0590260084,39.8207567598
"246",1868/10/25,1868/10/26,"26",Beaver Creek,Saline,Kansas,KS-1868/10/25,Michno: Encyclopedia,-406627.7625,1887668.409,Cheyenne,Lakota Sioux,,,"3","0","10","10",100,"10",-100.8015122998,39.9144686341
"247",1868/11/19,1868/11/19,"27",Wilson's Fight,Sheridan,Kansas,KS-1868/11/19,Michno: Encyclopedia,-295932.9941,1712531.616,Kiowa,Cheyenne,,,"2","0","4","4",100,"10",-99.4213633027,38.3959423008
"248",1869/01/29,1869/01/29,"28",Mulberry Creek,Prairie Dog Creek,Kansas,KS-1869/01/29,Michno: Encyclopedia,-329193.394,1625742.76,Pawnee,,,,"4","0","0","0",,"5",-99.7657707117,37.6109410715
"249",1869/05/13,1869/05/13,"29",Elephant Rock,Bear Creek Station,Kansas,KS-1869/05/13,Michno: Encyclopedia,-393115.7251,1890786.572,Lakota Sioux,,,,"4","4","25","29",86.20689655,"9",-100.6440164300,39.9482528865
"250",1869/05/28,1869/05/28,"30",Fossil Creek Station,Solomon River,Kansas,KS-1869/05/28,Michno: Encyclopedia,-246562.0879,1762422.216,Cheyenne,,,,"3","2","0","2",0,"0",-98.8683556057,38.8553833871
"251",1869/05/30,1869/05/30,"21",Spillman Creek Raids,Ft. Dodge,Kansas,KS-1869/05/30,Michno: Forgotten Fights,-182912.0295,1789203.977,Cheyenne,,,,"3","11","0","11",0,"0",-98.1351794250,39.1091972776
"252",1869/06/19,1869/06/19,"31",Sheridan,Bear Creek,Kansas,KS-1869/06/19,Michno: Encyclopedia,-483802.2842,1798540.931,Cheyenne,,,,"3","0","4","4",100,"10",-101.6483259927,39.0825213439
"253",1869/09/26,1869/09/26,"32",Prairie Dog Creek,Lone Tree Massacre,Kansas,KS-1869/09/26,Michno: Encyclopedia,-376485.5251,1865321.578,Lakota Sioux,,,,"4","0","2","2",100,"10",-100.4338250711,39.7283425981
"254",1870/05/31,1870/05/31,"33",Bear Creek Station,Sappa Creek Fight,Kansas,KS-1870/05/31,Michno: Encyclopedia,-341146.3502,1580789.25,Kiowa,,,,"2","2","15","17",88.23529412,"9",-99.8813640775,37.2058430899
"255",1870/06/01,1870/06/01,"34",North Fork Solomon River,Smoky Hill Station,Kansas,KS-1870/06/01,Michno: Encyclopedia,-254877.1879,1849211.072,Cheyenne,,,,"3","0","0","0",,"5",-98.9968547694,39.6271001779
"256",1872/05/22,1872/05/22,"35",Cimarron Crossing,Dull Knife's Raid- Scott City/Squaw's Den,Kansas,KS-1872/05/22,Michno: Encyclopedia,-339327.4221,1564159.051,Kiowa,Cheyenne,,,"2","1","0","1",0,"0",-99.8530250877,37.0582157040
"257",1874/06/24,1874/06/24,"36",Bear Creek Redoubt,,Kansas,OK-1874/06/24,Michno: Encyclopedia,-347382.6752,1597939.144,Cheyenne,,,,"3","0","4","4",100,"10",-99.9603628184,37.3564571178
"258",1874/08/25,1874/08/25,"22",Lone Tree Massacre,,Kansas,KS-1874/08/24,Michno: Forgotten Fights,-390914.2133,1578965.21,Cheyenne,,,,"3","6","0","6",0,"0",-100.4458501243,37.1701289873
"259",1875/04/23,1875/04/23,"37",Sappa Creek,,Kansas,KS-1875/04/23,Michno: Encyclopedia,-419620.1062,1861164.028,Cheyenne,,,,"3","0","27","27",100,"10",-100.9384062046,39.6723139050
"260",1875/10/27,1875/10/27,"38",Smoky Hill Station,,Kansas,KS-1875/10/27,Michno: Encyclopedia,-451581.2718,1775414.559,Arapaho,,,,"3","0","2","2",100,"10",-101.2580236059,38.8930138350
"261",1878/09/27,1878/09/27,"39",Punished Woman's Fork,,Kansas,KS-1878/09/27,Michno: Encyclopedia,-439888.1624,1749429.872,Cheyenne,,,,"3","1","2","3",66.66666667,"7",-101.1059002561,38.6672144356
"262",1862/08/18,1862/08/18,"1",Redwood Agency,,Minnesota,MN-1862/08/18,Michno: Encyclopedia,72987.14518,2386306.659,Santee Sioux,,,,"4","24","0","24",0,"0",-95.0804288193,44.4632301806
"263",1862/08/18,1862/08/18,"2",Lower Sioux Agency,,Minnesota,MN-1862/08/18,Michno: Encyclopedia,84324.54525,2401224.291,Santee Sioux,,,,"4","24","0","24",0,"0",-94.9354938843,44.5960760252
"264",1862/08/19,1862/08/23,"3",New Ulm,,Minnesota,MN-1862/08/19,Michno: Encyclopedia,114159.8086,2369598.912,Santee Sioux,,,,"4","34","100","134",74.62686567,"7",-94.5649342362,44.3087241133
"265",1862/08/20,1862/08/22,,Fort Ridgely,Powder River expedition,Minnesota,MN-1862/08/20,Michno: Encyclopedia,101927.3506,2405401.228,Santee Sioux,,,,"4","5","100","105",95.23809524,"10",-94.7125880658,44.6316206795
"266",1862/09/02,1862/09/03,"5",Birch Coulee,Hayfield Fight,Minnesota,MN-1862/09/02,Michno: Encyclopedia,71495.38201,2413158.396,Santee Sioux,,,,"4","22","2","24",8.333333333,"1",-95.0960045038,44.7044239051
"267",1862/09/03,1862/09/03,"6",Hutchinson,Ft. C.F. Smith,Minnesota,MN-1862/09/03,Michno: Encyclopedia,117441.6876,2436131.549,Santee Sioux,,,,"4","6","0","6",0,"0",-94.5105784966,44.9055669986
"268",1862/09/23,1862/09/23,"7",Wood Lake,Sixteenmile Creek pursuit,Minnesota,MN-1862/09/23,Michno: Encyclopedia,37483.18177,2409876.517,Santee Sioux,,,,"4","7","25","32",78.125,"8",-95.5262550137,44.6771668261
"269",1863/06/29,1863/06/29,"8",Dustin Massacre,Piegan River,Minnesota,MN-1863/06/29,Michno: Encyclopedia,138923.0772,2451049.181,Santee Sioux,,,,"4","4","0","4",0,"0",-94.2346905491,45.0362903375
"270",1865/09/01,1865/09/08,"1",Powder River,Pryor's Fork,Montana,MT-1865/09/01,Michno: Encyclopedia,-712904.1467,2560132.445,Lakota Sioux,,,,"4","7","0","7",0,"0",-105.1655798675,45.7196138596
"271",1867/08/01,1867/08/01,"2",Hayfield Fight,Tongue River,Montana,MT-1867/08/01,Michno: Encyclopedia,-939257.1078,2526008.883,Lakota Sioux,Cheyenne,,,"4","3","8","11",72.72727273,"7",-107.9933922644,45.1882307248
"272",1868/04/16,1868/04/16,"5",Fort C. F. Smith,Rosebud River,Montana,MT-1868/04/16,Michno: Forgotten Fights,-938916.7424,2518863.064,Lakota Sioux,Cheyenne,,,"4","0","1","1",100,"10",-107.9776526733,45.1248859995
"273",1869/04/07,1869/04/07,"3",Sixteenmile Creek,,Montana,MT-1869/04/07,Michno: Encyclopedia,-1154235.548,2698901.597,Blackfeet,,,,"2","1","9","10",90,"9",-111.0445765013,46.4551640420
"274",1870/01/23,1870/01/23,"4",Marias River,Battle of Powder River,Montana,MT-1870/01/23,Michno: Encyclopedia,-1182671.85,2910467.681,Blackfeet,,,,"2","1","173","174",99.42528736,"10",-111.8648623864,48.3026713926
"275",1872/08/14,1872/08/14,"7",Pryor's Fork,Great Sioux War- Battle of the Rosebud,Montana,MT-1872/08/14,Michno: Encyclopedia,-963143.6011,2615867.596,Lakota Sioux,Cheyenne,,,"4","2","2","4",50,"5",-108.4444120560,45.9626678847
"276",1873/08/04,1873/08/04,"6",Tongue River,Great Sioux War- Battle of the Little Big Horn,Montana,MT-1873/08/04,Michno: Encyclopedia,-773189.1062,2640891.541,Cheyenne,Arapaho,,,"3","0","0","0",,"5",-106.0445054102,46.3888170967
"277",1873/08/11,1873/08/11,"7",Bighorn,Great Sioux War- Cedar Creek,Montana,MT-1873/08/11,Michno: Encyclopedia,-897171.3813,2644303.897,Lakota Sioux,,,,"4","3","40","43",93.02325581,"9",-107.6455915394,46.2920664628
"278",1876/02/22,1876/03/17,"6",Fort Pease,Great Sioux War- Ash Creek,Montana,MT-1876/02/22,Michno: Forgotten Fights / Peters: Indian Battles,-893304.6083,2649183.447,Lakota Sioux,,,,,"6","0","6",0,"0",-107.6035929004,46.3399946283
"279",1876/03/17,1876/03/17,"8",Powder River / Reynold's Fight,Great Sioux War- Battle of Wolf Mountain,Montana,MT-1876/03/17,Michno: Encyclopedia,-768639.2979,2507809.65,Cheyenne,Lakota Sioux,,,"3","4","2","6",33.33333333,"3",-105.8080401927,45.2012507072
"280",1876/06/17,1876/06/17,"9",Rosebud Creek,Great Sioux War- Battle of Lame Deer,Montana,MT-1876/06/17,Michno: Encyclopedia,-873284.888,2535108.499,Lakota Sioux,Cheyenne,,,"4","10","36","46",78.26086957,"8",-107.1726081017,45.3415779941
"281",1876/06/25,1876/06/25,"10",Little Bighorn,Nez Perce War- Big Hole,Montana,MT-1876/06/25,Michno: Encyclopedia,-907408.4499,2545345.568,Lakota Sioux,,,,"4","253","40","293",13.65187713,"1",-107.6208601604,45.3962750814
"282",1876/10/21,1876/10/21,"11",Cedar Creek,Nez Perce War- Montague-Winters ranch,Montana,MT-1876/10/21,Michno: Encyclopedia,-707216.8864,2714825.925,Lakota Sioux,,,,"4","0","5","5",100,"10",-105.2866626321,47.1134590214
"283",1876/12/18,1876/12/18,"12",Ash Creek,Nez Perce War- Canyon Creek,Montana,MT-1876/12/18,Michno: Encyclopedia,-716316.5029,2736437.515,Lakota Sioux,,,,"4","0","1","1",100,"10",-105.4334541110,47.2998515848
"284",1877/01/08,1877/01/08,"13",Wolf Mountain,Nez Perce War- Cow Creek,Montana,MT-1877/01/08,Michno: Encyclopedia,-815274.8326,2538520.855,Lakota Sioux,Cheyenne,,,"4","3","5","8",62.5,"6",-106.4413826487,45.4312843313
"285",1877/05/07,1877/05/07,"14",Little Muddy Creek / Lame Deer Fight,Nez Perce War- Cow Creek,Montana,MT-1877/05/07,Michno: Encyclopedia,-833474.0657,2554445.184,Lakota Sioux,,,,"4","4","70","74",94.59459459,"9",-106.6953821474,45.5555045409
"286",1877/08/09,1877/08/10,"15",Big Hole,Nez Perce War- Battle of Bear Paw Mountain,Montana,MT-1877/08/09,Michno: Encyclopedia,-1364664.18,2629517.021,Nez Perce,,,,"3","23","50","73",68.49315068,"7",-113.5641838595,45.5154853927
"287",1877/08/12,1877/08/12,"16",Horse Prairie,Clark's Fork,Montana,ID-1877/08/13,Michno: Encyclopedia,-1345327.495,2584018.938,Nez Perce,,,,"3","5","0","5",0,"0",-113.2158655273,45.1447666473
"288",1877/09/13,1877/09/13,"17",Canyon Creek,Mitzpah Creek,Montana,MT-1877/09/13,Michno: Encyclopedia,-979067.9301,2611317.787,Nez Perce,,,,"3","3","7","10",70,"7",-108.6399911587,45.9031635744
"289",1877/09/25,1877/09/25,"18",Cow Island,Careless Creek,Montana,MT-1877/09/25,Michno: Encyclopedia,-967693.4094,2802409.734,Nez Perce,,,,"3","2","0","2",0,"0",-108.8258768229,47.6270717970
"290",1877/09/25,1877/09/25,"19",Cow Creek,Milk River,Montana,MT-1877/09/25,Michno: Encyclopedia,-959731.2449,2825158.776,Nez Perce,,,,"3","2","0","2",0,"0",-108.7618593104,47.8409823202
"291",1877/09/30,1877/10/05,"20",Bear's Paw / Snake Creek,Pumpkin Creek,Montana,MT-1877/09/30,Michno: Encyclopedia,-980205.3821,2877481.571,Nez Perce,,,,"3","24","17","41",41.46341463,"4",-109.1262150821,48.2859629514
"292",1878/09/04,1878/09/04,"21",Clark's Fork,Rosebud Creek,Montana,MT-1878/09/04,Michno: Encyclopedia,-1029115.821,2539658.307,Bannock,,,,"3","3","42","45",93.33333333,"9",-109.1508234823,45.2033105346
"293",1879/04/05,1879/04/05,"7",Mizpah Creek,Little Missouri River,Montana,MT-1879/04/05,Michno: Forgotten Fights,-722584.9065,2586629.663,Lakota Sioux,,,,"4","1","0","1",0,"0",-105.3225654342,45.9486390904
"294",1879/04/17,1879/04/17,"22",Careless Creek,Poplar River,Montana,MT-1879/04/17,Michno: Encyclopedia,-1026840.917,2686389.624,Lakota Sioux,,,,"4","2","8","10",80,"8",-109.3845032132,46.5148188556
"295",1879/07/17,1879/07/17,"23",Milk River,Wild Horse Lake,Montana,MT-1879/07/17,Michno: Encyclopedia,-873284.888,2882031.379,Lakota Sioux,,,,"4","3","3","6",50,"5",-107.7172124183,48.4534841107
"296",1880/02/12,1880/02/12,"24",Pumpkin Creek,Crow Agency,Montana,MT-1880/02/12,Michno: Encyclopedia,-756127.3252,2576056.773,Lakota Sioux,,,,"4","1","4","5",80,"8",-105.7384288648,45.8236435573
"297",1880/03/08,1880/03/08,"8",Rosebud Creek,,Montana,MT-1880/03/08,Michno: Forgotten Fights,-859421.3087,2630938.593,Lakota Sioux,,,,"4","2","0","2",0,"0",-107.1399210507,46.2131338683
"298",1880/08/17,1880/08/17,"9",Little Missouri River,,Montana,MT-1880/08/17,Michno: Forgotten Fights,-637876.6575,2539714.325,Lakota Sioux,,,,"4","0","2","2",100,"10",-104.1834791817,45.5981475913
"299",1881/01/02,1881/01/02,"25",Poplar River,,Montana,MT-1881/01/02,Michno: Encyclopedia,-692430.0095,2833120.94,Lakota Sioux,,,,"4","0","8","8",100,"10",-105.2443425702,48.1928086628
"300",1883/04/19,1883/04/19,"10",Wilde Horse Lake,,Montana,MT-1883/04/19,Michno: Forgotten Fights,-1032747.418,2951526.736,Lakota Sioux,Nez Perce,,,"4","0","2","2",100,"10",-109.9647587034,48.8842985588
"301",1887/11/05,1887/11/05,"26",Crow Agency,,Montana,MT-1887/11/05,Michno: Encyclopedia,-905133.5458,2566957.157,Crow,,,,"4","1","17","18",94.44444444,"9",-107.6257058857,45.5917678751
"302",1849/10/29,1849/10/29,"1",Fort Kearny,,Nebraska,NE-1849/10/29,Michno: Forgotten Fights,-234073.857,1984345.811,,,,,,,,,,,-98.7991816963,40.8384311160
"303",1855/09/03,1855/09/03,"1",Bluewater Creek,,Nebraska,NE-1855/09/03,Michno: Encyclopedia,-504745.7018,2057686.916,,,,,,,,,,,-102.0856931483,41.3798753060
"304",1856/08/26,1856/08/26,"2",Grand Island,,Nebraska,NE-1856/08/26,Michno: Encyclopedia,-220377.2946,1978663.647,,,,,,,,,,,-98.6335947271,40.7912091042
"305",1856/08/26,1856/09/05,"2",Babbitt's Wagon Train,,Nebraska,NE-1856/08/26,Michno: Forgotten Fights,-201643.4089,2000001.889,,,,,,,,,,,-98.4163003676,40.9861338666
"306",1857/08/02,1857/08/03,"3",Plum Creek,,Nebraska,NE-1857/08/02,Michno: Encyclopedia,-318435.3661,1960205.657,,,,,,,,,,,-99.7955651970,40.5968868572
"307",1857/09/10,1857/09/10,"4",Ash Hollow,,Nebraska,NE-1857/09/10,Michno: Encyclopedia,-502438.4531,2040382.551,,,,,,,,,,,-102.0446973475,41.2269242468
"308",1860/08/03,1860/08/06,"5",Republican Fork,,Nebraska,NE-1860/08/03,Michno: Encyclopedia,-347852.7875,1924443.301,,,,,,,,,,,-100.1272787897,40.2669692588
"309",1863/06/23,1863/06/23,"6",Pawnee Agency,,Nebraska,NE-1863/06/23,Michno: Encyclopedia,-184038.127,2038940.52,Lakota Sioux,,,,"4","2","5","7",71.42857143,"7",-98.2162951901,41.3376589624
"310",1863/12/04,1863/12/04,"7",Niobrara,,Nebraska,NE-1863/12/04,Michno: Encyclopedia,-156399.659,2194135.342,Ponca,,,,"1","0","7","7",100,"10",-97.9213336807,42.7301781852
"311",1864/06/24,1864/06/24,"8",Looking Glass Creek,,Nebraska,NE-1864/06/24,Michno: Encyclopedia,-139046.7766,2053937.637,Lakota Sioux,,,,"4","3","0","3",0,"0",-97.6778016839,41.4798489016
"312",1864/08/07,1864/08/07,"10",Plum Creek Massacre,North Platte River pursuit,Nebraska,NE-1864/08/07,Michno: Encyclopedia,-287287.5081,1969434.652,Cheyenne,,,,"3","100","0","100",0,"0",-99.4286068977,40.6897937307
"313",1864/08/07,1864/08/09,"9",Little Blue River Raid,Republican River,Nebraska,NE-1864/08/07,Michno: Encyclopedia,-129817.7816,1918675.18,Cheyenne,,,,"3","100","0","100",0,"0",-97.5400144917,40.2735281185
"314",1864/08/16,1864/08/16,"11",Elk Creek,Lexington,Nebraska,NE-1864/08/16,Michno: Encyclopedia,-165868.5432,1897044.723,Cheyenne,,,,"3","2","0","2",0,"0",-97.9622745979,40.0745654027
"315",1864/09/20,1864/09/20,"12",Cottonwood Canyon,Lexington,Nebraska,NE-1864/09/20,Michno: Encyclopedia,-373232.5236,2000005.698,Cheyenne,,,,"3","3","0","3",0,"0",-100.4701255204,40.9306570836
"316",1864/10/12,1864/10/12,"13",Mullahla's Station,Tobin Massacre,Nebraska,NE-1864/10/12,Michno: Encyclopedia,-329971.6098,1979817.271,Unidentified,,,,"3","2","3","5",60,"6",-99.9426082829,40.7676515807
"317",1864/11/26,1864/11/26,"14",Plum Creek,Spring Creek,Nebraska,NE-1864/11/26,Michno: Encyclopedia,-301131.0005,1955014.347,Cheyenne,,,,"3","2","0","2",0,"0",-99.5871742412,40.5565739951
"318",1865/02/04,1865/02/06,"15",Mud Springs,Frenchman's Fork,Nebraska,NE-1865/02/04,Michno: Encyclopedia,-580884.9102,2068069.535,Cheyenne,Lakota Sioux,,,"3","3","0","3",0,"0",-103.0098114733,41.4255829851
"319",1865/02/08,1865/02/09,"16",Rush Creek,Marion,Nebraska,NE-1865/02/08,Michno: Encyclopedia,-563580.5447,2081913.028,Cheyenne,Nakota Sioux,,,"3","2","3","5",60,"6",-102.8136731709,41.5601774848
"320",1865/05/12,1865/05/12,"17",Smith's Ranch,Spring Creek,Nebraska,NE-1865/05/12,Michno: Encyclopedia,-349583.2241,1991930.327,Lakota Sioux,,,,"4","1","0","1",0,"0",-100.1830070134,40.8682305373
"321",1865/05/18,1865/05/18,"18",Elm Creek Station,Red Willow Canyon pursuit,Nebraska,NE-1865/05/18,Michno: Encyclopedia,-197304.8072,1950399.85,Pawnee,,,,"4","2","0","2",0,"0",-98.3496395400,40.5443453785
"322",1865/06/14,1865/06/14,"19",Horse Creek / Fouts's Fight,Platte River,Nebraska,NE-1865/06/14,Michno: Encyclopedia,-652409.6211,2126904.378,Lakota Sioux,,,,"4","1","0","1",0,"0",-103.9282758411,41.8995442163
"323",1865/06/17,1865/06/17,"20",Dead Man's Fork,Grace Creek,Nebraska,NE-1865/06/17,Michno: Encyclopedia,-622415.3875,2204197.211,Lakota Sioux,,,,"4","2","4","6",66.66666667,"7",-103.6407256252,42.6103570542
"324",1866/10/23,1866/10/23,"21",North Platte River,War Bonnet Creek,Nebraska,NE-1866/10/23,Michno: Encyclopedia,-403226.7572,2032307.18,Lakota Sioux,,,,"4","2","4","6",66.66666667,"7",-100.8484829955,41.2056724791
"325",1867/06/24,1867/06/24,"22",North Fork Republican River,Ft. Robinson,Nebraska,KS-1867/06/24,Michno: Encyclopedia,-474463.0621,1905120.093,Lakota Sioux,,,,"4","0","2","2",100,"10",-101.6129520896,40.0368317298
"326",1867/08/06,1867/08/06,"23",Turkey Leg's Raid,,Nebraska,NE-1867/08/06,Michno: Encyclopedia,-309206.3711,1980970.895,Cheyenne,,,,"3","7","0","7",0,"0",-99.6952925114,40.7853930723
"327",1867/08/17,1867/08/17,"24",Plum Creek,,Nebraska,NE-1867/08/17,Michno: Encyclopedia,-301131.0005,1965973.779,Cheyenne,,,,"3","2","17","19",89.47368421,"9",-99.5921065739,40.6543501154
"328",1868/04/29,1868/04/29,"25",Tobin Massacre,,Nebraska,NE-1868/04/29,Michno: Encyclopedia,-279788.9497,1981547.708,Lakota Sioux,,,,"4","4","0","4",0,"0",-99.3442759006,40.8002665985
"329",1869/05/16,1869/05/16,"26",Spring Creek,,Nebraska,NE-1869/05/16,Michno: Encyclopedia,-310936.8077,1938286.794,Lakota Sioux,,,,"4","3","0","3",0,"0",-99.6961221198,40.4039985547
"330",1869/07/06,1869/07/06,"27",Frenchman's Fork,,Nebraska,NE-1869/07/06,Michno: Encyclopedia,-468694.9402,1943189.697,Cheyenne,,,,"3","0","3","3",100,"10",-101.5712433534,40.3790743600
"331",1869/08/24,1869/08/24,"3",Nelson Buck Massacre,,Nebraska,NE-1869/08/24,Michno: Forgotten Fights,-338074.9489,1908302.002,Lakota Sioux,,,,"4","11","3","14",21.42857143,"2",-100.0033410443,40.1267598492
"332",1870/05/17,1870/05/17,"28",Spring Creek,,Nebraska,NE-1870/05/17,Michno: Encyclopedia,-151448.2385,1905120.093,Lakota Sioux,,,,"4","1","1","2",50,"5",-97.7935232216,40.1491700798
"333",1870/06/08,1870/06/08,"29",Red Willow Creek,,Nebraska,NE-1870/06/08,Michno: Encyclopedia,-383326.7369,1936267.951,Unidentified,,,,"3","0","2","2",100,"10",-100.5542827189,40.3579517985
"334",1872/04/26,1872/04/26,"30",South Fork Loup River,,Nebraska,NE-1872/04/26,Michno: Encyclopedia,-379000.6455,2061147.789,Lakota Sioux,,,,"4","0","0","0",,"5",-100.5743248505,41.4737238436
"335",1876/04/28,1876/04/28,"31",Gracie Creek,,Nebraska,NE-1876/04/28,Michno: Encyclopedia,-275174.4522,2118829.008,Unidentified,,,,"3","1","1","2",50,"5",-99.3469314289,42.0274493218
"336",1876/07/17,1876/07/17,"32",Hat Creek / Warbonnet Creek,,Nebraska,NE-1876/07/17,Michno: Encyclopedia,-628183.5094,2238805.942,Cheyenne,,,,"3","0","1","1",100,"10",-103.7457761963,42.9148659038
"337",1879/01/09,1879/01/22,"33",Fort Robinson,,Nebraska,NE-1879/01/09,Michno: Encyclopedia,-606264.6463,2216887.079,Cheyenne,,,,"3","7","150","157",95.54140127,"10",-103.4554783382,42.7350053895
"338",1862/09/01,1862/09/01,"2",Gravelly Ford Massacre,,Nevada,NV-1862/09/01,Michno: Forgotten Fights,-1671156.569,2140551.068,Paiute,,,,"4","0","24","24",100,"10",-116.0867342781,40.6811019570
"339",1863/03/22,1863/03/22,"3",Eight Mile Station,,Nevada,NV-1863/03/22,Michno: Forgotten Fights,-1526585.096,2061406.101,Goshute,,,,"2","0","0","0",,"5",-114.2135432445,40.2471505373
"340",1863/05/04,1863/05/04,"4",Duck Creek,,Nevada,NV-1863/05/04,Michno: Forgotten Fights,-1593066.869,1955879.479,Goshute,,,,"2","0","29","29",100,"10",-114.7414282313,39.2085515400
"341",1863/05/06,1863/05/06,"5",Cedar Swamp,,Nevada,NV-1863/05/06,Michno: Forgotten Fights,-1583569.473,1940050.486,Goshute,,,,"2","0","23","23",100,"10",-114.5965650149,39.0865772718
"342",1863/06/20,1863/06/20,"8",Government Springs,,Nevada,NV-1863/06/20,Michno: Encyclopedia,-1585645.844,2060502.634,Goshute,,,,"2","2","10","12",83.33333333,"8",-114.8979735445,40.1369606316
"343",1863/06/23,1863/06/23,"9",Egan Canyon Station,,Nevada,NV-1863/06/23,Michno: Encyclopedia,-1590922.175,2014070.92,Goshute,,,,"2","4","0","4",0,"0",-114.8508856690,39.7214318646
"344",1863/07/06,1863/07/06,"6",Egan Canyon Station,,Nevada,NV-1863/07/06,Michno: Forgotten Fights,-1586735.271,2050853.439,Goshute,,,,"2","4","0","4",0,"0",-114.8880610886,40.0506148399
"345",1863/08/15,1863/08/15,"7",Steptoe Valley,Eden Valley,Nevada,NV-1863/08/15,Michno: Forgotten Fights,-1573016.81,2100450.952,Goshute,,,,"2","0","5","5",100,"10",-114.8445544565,40.5087874927
"346",1865/03/15,1865/03/15,"8",Granite Creek Station,Black Slate Mountains,Nevada,NM-1865/03/15,Michno: Forgotten Fights,-1948691.586,2205977.574,unidentified,,,,,"3","1","4",25,"3",-119.4888992549,40.6868290179
"347",1865/04/06,1865/04/06,"9",Cottonwood Creek,Owyhee River,Nevada,NV-1865/04/05,Michno: Forgotten Fights,-1720754.081,2258740.885,Paiute,,,,"4","2","12","14",85.71428571,"9",-116.9727745041,41.6172769369
"348",1865/03/14,1865/03/14,"10",Mud Lake,Camp Scott,Nevada,NV-1865/03/14,Michno: Encyclopedia,-1976094.346,2153366.062,Paiute,,,,"4","0","29","29",100,"10",-119.6511615411,40.1714852011
"349",1865/05/20,1865/05/20,"11",Tuscarora,,Nevada,NV-1865/05/20,Michno: Encyclopedia,-1682730.337,2209295.171,Paiute,,,,"4","2","0","2",0,"0",-116.3963192838,41.2592987652
"350",1865/07/26,1865/07/26,"10",Willow Point,,Nevada,NV-1865/07/26,Michno: Forgotten Fights,-1734472.542,2235525.028,Paiute,,,,"4","2","21","23",91.30434783,"9",-117.0728355567,41.3880101059
"351",1865/07/31,1865/07/31,"11",Cottonwood Canyon,,Nevada,NV-1865/07/31,Michno: Forgotten Fights,-1648995.978,2152158.997,Paiute,,,,"4","0","12","12",100,"10",-115.8568266977,40.8237464394
"352",1865/09/03,1865/09/03,"12",Table Mountain,,Nevada,NV-1865/09/03,Michno: Forgotten Fights,-1844220.23,2129998.406,Paiute,,,,"4","0","10","10",100,"10",-118.0672037440,40.2493296828
"353",1865/09/13,1865/09/13,"13",Willow Creek,,Nevada,NV-1865/09/13,Michno: Forgotten Fights,-1756633.133,2268238.281,Paiute,,,,"4","0","31","31",100,"10",-117.4212232432,41.6291218702
"354",1865/11/17,1865/11/17,"14",Leonard Creek,,Nevada,NV-1865/11/17,Michno: Forgotten Fights,-1850551.827,2290398.872,Paiute,,,,"4","1","55","56",98.21428571,"10",-118.5880317574,41.6292685540
"355",1866/01/12,1866/01/12,"15",Battle Creek,,Nevada,NV-1866/01/12,Michno: Forgotten Fights,-1865325.554,2273514.612,Bannock,Paiute,Shoshone,,"3","0","34","34",100,"10",-118.7132596926,41.4515058349
"356",1866/02/15,1866/02/15,"16",Guano Valley,,Nevada,NV-1866/02/15,Michno: Forgotten Fights,-1906480.937,2339996.384,Bannock,Paiute,Shoshone,,"3","0","96","96",100,"10",-119.3900455352,41.9398935300
"357",1867/01/18,1867/01/18,"17",Eden Valley,,Nevada,NV-1867/01/18,Michno: Forgotten Fights,-1701759.289,2241856.625,Paiute,,,,"4","0","2","2",100,"10",-116.7044462045,41.5069429271
"358",1867/02/15,1867/02/15,"18",Black Slate Mountain,,Nevada,NV-1867/02/15,Michno: Forgotten Fights,-1739748.873,2208088.106,Paiute,,,,"4","0","6","6",100,"10",-117.0621844215,41.1385589394
"359",1867/03/22,1867/03/22,"19",South Form Owyhee,,Nevada,NV-1867/03/22,Michno: Forgotten Fights,-1654272.309,2265072.482,Paiute,,,,"4","0","6","6",100,"10",-116.2032836202,41.8002456331
"360",1868/04/29,1868/04/29,"20",Deep Canyon,,Nevada,NV-1868/04/29,Michno: Forgotten Fights,-1735527.809,2273514.612,Paiute,,,,"4","2","0","2",0,"0",-117.1864495680,41.7170194486
"361",1862/10/25,1862/10/25,"27",Graydon Affair,,New Mexico,NM-1862/10/26,Michno: Encyclopedia,-901339.8595,1216929.307,Mescalero Apache,,,,"3","0","12","12",100,"10",-105.7972294147,33.6012755677
"362",1863/01/18,1863/01/18,"28",Mangas Coloradas Affair,,New Mexico,NM-1863/01/18,Michno: Encyclopedia,-1122945.766,1122482.98,Mimbres Apache,,,,"3","0","1","1",100,"10",-108.0530133343,32.5328314231
"363",1863/01/19,1863/01/19,"29",Pinos Altos Mines,,New Mexico,NM-1863/01/19,Michno: Encyclopedia,-1143523.458,1155723.866,Mimbres Apache,,,,"3","0","11","11",100,"10",-108.3174337135,32.8048025487
"364",1863/01/29,1863/01/29,"30",Pinos Altos Mines,,New Mexico,NM-1863/01/29,Michno: Encyclopedia,-1132970.795,1142005.405,Mimbres Apache,,,,"3","1","20","21",95.23809524,"10",-108.1861709075,32.6950134725
"365",1863/06/16,1863/06/16,"31",Jornada de Muerto,,New Mexico,NM-1863/06/16,Michno: Encyclopedia,-1017946.777,1128286.944,Mimbres Apache,,,,"3","3","0","3",0,"0",-106.9435950736,32.6981161825
"366",1863/06/20,1863/06/20,"32",Warm Springs,,New Mexico,NM-1863/06/20,Michno: Encyclopedia,-1031137.605,1176301.557,Apache,,,,"2","2","0","2",0,"0",-107.1443807672,33.1118013544
"367",1863/07/04,1863/07/04,"33",Fort Craig,,New Mexico,NM-1863/07/04,Michno: Encyclopedia,-1023223.108,1238034.631,Navajo,Mimbres Apache,,,"4","0","0","0",,"5",-107.1374588624,33.6691334267
"368",1863/07/10,1863/07/10,"34",Cooke's Canyon,,New Mexico,NM-1863/07/11,Michno: Encyclopedia,-1089177.247,1112457.951,Chiricahua Apache,,,,"3","0","4","4",100,"10",-107.6811024678,32.4813480296
"369",1863/07/12,1863/07/12,"35",Fort Thorn,,New Mexico,NM-1863/07/12,Michno: Encyclopedia,-1048549.498,1116151.382,Apache,,,,"2","0","10","10",100,"10",-107.2541890435,32.5580828741
"370",1863/07/18,1863/07/18,"36",Rio Hondo,,New Mexico,NM-1863/07/18,Michno: Encyclopedia,-805838.2664,1178939.723,Mescalero Apache,,,,"3","1","6","7",85.71428571,"9",-104.7275424220,33.3459337891
"371",1863/07/19,1863/07/19,"37",Paraje,,New Mexico,NM-1863/07/19,Michno: Encyclopedia,-1006866.482,1214818.774,Navajo,,,,"4","2","2","4",50,"5",-106.9320648671,33.4796484330
"372",1863/07/22,1863/07/22,"38",Conchas Springs,,New Mexico,NM-1863/07/22,Michno: Encyclopedia,-762572.3513,1405821.961,Navajo,,,,"4","2","2","4",50,"5",-104.4801435762,35.4018956736
"373",1863/07/24,1863/07/24,"39",Cooke's Canyon,,New Mexico,NM-1863/07/24,Michno: Encyclopedia,-1083373.283,1098739.49,Chiricahua Apache,,,,"3","1","0","1",0,"0",-107.6016039282,32.3655943083
"374",1863/08/27,1863/08/27,"40",Las Animas Creek,,New Mexico,NM-1863/08/27,Michno: Encyclopedia,-1045911.332,1171552.859,Mimbres Apache,,,,"3","1","1","2",50,"5",-107.2964907497,33.0539610929
"375",1863/08/27,1863/08/28,"41",Salt Lakes,,New Mexico,NM-1863/08/27,Michno: Encyclopedia,-1150382.688,1407404.86,Mimbres Apache,,,,"3","1","1","2",50,"5",-108.7521197195,35.0295426954
"376",1863/09/08,1863/09/08,"12",Mimbres River,Ft. Sumner,New Mexico,NM-1863/09/08,Michno: Forgotten Fights,-1093058.965,1122144.318,Chiricahua Apache,,,,"3","0","0","0",,"5",-107.7350749634,32.5632716734
"377",1863/09/27,1863/09/27,"42",Jemez,Loving,New Mexico,NM-1863/09/27,Michno: Encyclopedia,-959907.1349,1454364.207,Navajo,,,,"4","0","0","0",,"5",-106.7186400832,35.6555807243
"378",1863/12/16,1863/12/16,"43",Fort Sumner,Dona Ana Mountains,New Mexico,AZ-1863/12/16,Michno: Encyclopedia,-775235.5459,1333536.224,Navajo,,,,"4","1","13","14",92.85714286,"9",-104.5480967609,34.7483375219
"379",1864/01/04,1864/01/04,"44",Bosque Redondo,Tularosa,New Mexico,AZ-1864/01/04,Michno: Encyclopedia,-771014.481,1281300.546,Navajo,,,,"4","0","40","40",100,"10",-104.4507183451,34.2864663269
"380",1864/01/12,1864/01/12,"45",Datil Mountains,Nesmith's Mills,New Mexico,NM-1864/01/12,Michno: Encyclopedia,-1079679.851,1317179.598,Navajo,,,,"4","0","6","6",100,"10",-107.8527316789,34.3111991480
"381",1864/01/29,1864/01/29,"46",San Andres Mountains,Apache Springs,New Mexico,NM-1864/01/29,Michno: Encyclopedia,-974153.2289,1203210.846,Mimbres Apache,,,,"3","0","7","7",100,"10",-106.5658975814,33.4094309438
"382",1864/02/25,1864/02/25,"47",Pinos Altos Mines,Hatchet Mountains,New Mexico,NM-1864/02/25,Michno: Encyclopedia,-1148272.156,1138311.973,Chiricahua Apache,,,,"3","5","0","5",0,"0",-108.3437868766,32.6445220655
"383",1864/08/25,1864/08/25,"48",Sacramento Mountains,Sangre Canyon,New Mexico,NM-1864/08/25,Michno: Encyclopedia,-899229.3271,1115623.749,Mescalero Apache,,,,"3","3","1","4",25,"3",-105.6628741253,32.7004198761
"384",1864/12/01,1864/12/01,"49",Red River,San Augustin Pass,New Mexico,NM-1864/12/01,Michno: Encyclopedia,-1121362.867,1296601.906,Navajo,Apache,,,"4","0","3","3",100,"10",-108.2763158295,34.0813871109
"385",1865/07/01,1865/07/01,"13",San Andreas Pass,San Augustin Pass,New Mexico,NM-1865/07/01,Michno: Forgotten Fights,-964367.6665,1102440.387,Mimbres Apache,,,,"3","0","10","10",100,"10",-106.3421396816,32.5215155266
"386",1865/09/17,1865/09/17,"14",Mimbres Mountains,Guadalupe Mountains,New Mexico,NM-1865/09/17,Michno: Forgotten Fights,-1066581.808,1160320.684,Mimbres Apache,,,,"3","0","5","5",100,"10",-107.5029760651,32.9318736756
"387",1866/01/17,1866/01/17,"15",Oak Grove,Sanguinara Canyon,New Mexico,NM-1866/01/17,Michno: Forgotten Fights,-1055498.347,1072884.491,Chiricahua Apache,,,,"3","4","1","5",20,"2",-107.2732444199,32.1653487156
"388",1867/07/09,1867/07/09,"50",Fort Sumner,Ft. Bascom,New Mexico,NM-1867/07/09,Michno: Encyclopedia,-766793.4161,1291325.575,Navajo,,,,"4","5","0","5",0,"0",-104.4143986365,34.3791254499
"389",1867/08/01,1867/08/01,"16",Loving's Fight,Canada Alamosa,New Mexico,NM-1867/08/01,Michno: Forgotten Fights,-778411.8185,1031321.511,Comanche,,,,"4","1","0","1",0,"0",-104.2929073185,32.0498548970
"390",1867/11/20,1867/11/20,"51",Dona Ana Mountains,Florida Mountains,New Mexico,NM-1867/11/20,Michno: Encyclopedia,-993148.0209,1086076.295,Chiricahua Apache,,,,"3","0","3","3",100,"10",-106.6287070214,32.3472250248
"391",1868/03/11,1868/03/11,"52",Tularosa,,New Mexico,NM-1868/03/11,Michno: Encyclopedia,-914530.6873,1142005.405,Mescalero Apache,,,,"3","14","0","14",0,"0",-105.8554296538,32.9215748473
"392",1868/04/17,1868/04/17,"53",Nesmith's Mills,Florida Mountains,New Mexico,NM-1868/04/17,Michno: Encyclopedia,-893425.3629,1145171.204,Mescalero Apache,,,,"3","0","10","10",100,"10",-105.6330070571,32.9691533755
"393",1868/06/13,1868/06/13,"54",Apache Springs,Alma,New Mexico,AZ-1868/06/13,Michno: Encyclopedia,-837496.2531,1417957.522,Navajo,,,,"4","0","14","14",100,"10",-105.3214351554,35.4472391318
"394",1868/08/27,1868/08/27,"55",Hatchet Mountains,Animas Mountains,New Mexico,NM-1868/08/27,Michno: Encyclopedia,-1159352.451,1019066.89,Chiricahua Apache,,,,"3","0","6","6",100,"10",-108.2966332109,31.5705898423
"395",1869/04/22,1869/04/22,"56",Sangre Cayon,Dog Canyon,New Mexico,NM-1869/04/22,Michno: Encyclopedia,-861767.3762,1057056.474,Apache,,,,"2","0","0","0",,"5",-105.2021517918,32.2110521253
"396",1869/05/02,1869/05/02,"57",San Augustin Pass,Bear Creek,New Mexico,NM-1869/05/02,Michno: Encyclopedia,-966766.3653,1077106.532,Jicarilla Apache,,,,"1","2","5","7",71.42857143,"7",-106.3382223312,32.2933060584
"397",1869/05/07,1869/05/07,"58",San Augustin Pass,Mimbres Mountains,New Mexico,NM-1869/05/07,Michno: Encyclopedia,-952520.2713,1070247.302,Jicarilla Apache,,,,"1","1","0","1",0,"0",-106.1792255343,32.2458994044
"398",1869/11/18,1869/11/18,"59",Guadalupe Mountains,Ojo Caliente,New Mexico,NM-1869/11/18,Michno: Encyclopedia,-842772.5842,1046503.812,Mescalero Apache,,,,"3","0","1","1",100,"10",-104.9899159819,32.1330895404
"399",1869/12/26,1869/12/30,"60",Sanguinara Canyon,Hillsboro,New Mexico,NM-1869/12/26,Michno: Encyclopedia,-853325.2464,1042810.38,Apache,,,,"2","1","0","1",0,"0",-105.0980390975,32.0910987128
"400",1873/02/26,1873/02/26,"61",Fort Bascom,Las Animas Creek,New Mexico,NM-1873/02/26,Michno: Encyclopedia,-680261.5859,1407668.676,Cheyenne,,,,"3","0","2","2",100,"10",-103.5705426893,35.4803622311
"401",1873/07/13,1873/07/13,"62",Canada Alamosa,Chuchillo Negro Creek,New Mexico,NM-1873/07/13,Michno: Encyclopedia,-1057783.077,1202947.029,Mimbres Apache,,,,"3","1","3","4",75,"8",-107.4641904784,33.3204682464
"402",1876/09/15,1876/09/15,"63",Florida Mountains,Lloyd/Slocum ranches,New Mexico,NM-1876/09/15,Michno: Encyclopedia,-1075986.419,1062332.805,Chiricahua Apache,,,,"3","0","1","1",100,"10",-107.4764198543,32.0493874813
"403",1877/01/09,1877/01/09,"64",Animas Mountains,Percha Creek,New Mexico,NM-1877/01/09,Michno: Encyclopedia,-1180985.409,1031466.268,Chiricahua Apache,,,,"3","0","0","0",,"5",-108.5407098117,31.6556875796
"404",1877/01/24,1877/01/24,"65",Florida Mountains,San Mateo Mountains,New Mexico,NM-1877/01/24,Michno: Encyclopedia,-1077833.135,1052043.959,Chiricahua Apache,,,,"3","0","5","5",100,"10",-107.4827303331,31.9557191515
"405",1877/09/08,1877/09/09,"17",San Francisco River,Caballo Mountains,New Mexico,NM-1877/09/08,Michno: Forgotten Fights,-1172490.437,1224666.334,Mimbres Apache,,,,"3","0","25","25",100,"10",-108.7246534514,33.3830234321
"406",1877/12/18,1877/12/18,"66",Animas Mountains,San Andres Mountains,New Mexico,NM-1877/12/18,Michno: Encyclopedia,-1186525.556,1014582.008,Chiricahua Apache,,,,"3","0","0","0",,"5",-108.5752694369,31.4987968205
"407",1878/08/05,1878/08/05,"67",Dog Canyon,Victorio War- San Andres Mountains,New Mexico,NM-1878/08/05,Michno: Encyclopedia,-910837.2555,1119580.998,Mescalero Apache,,,,"3","1","4","5",80,"8",-105.7911005349,32.7250765249
"408",1878/09/17,1878/09/17,"18",Bear Creek,Palomas,New Mexico,NM-1878/09/17,Michno: Forgotten Fights,-1128156.592,1181563.985,Apache,,,,"2","1","2","3",66.66666667,"7",-108.1892315988,33.0521505839
"409",1879/05/29,1879/05/29,"68",Black Range,Victorio War- Hembrillo Canyon,New Mexico,NM-1879/05/29,Michno: Encyclopedia,-1091287.78,1191075.284,Mimbres Apache,,,,"3","1","0","1",0,"0",-107.8077339226,33.1782747144
"410",1879/09/04,1879/09/04,"69",Ojo Calente,Shakehand Springs,New Mexico,NM-1879/09/04,Michno: Encyclopedia,-1071237.721,1231966.85,Mimbres Apache,,,,"3","8","0","8",0,"0",-107.6469229310,33.5637966021
"411",1879/09/10,1879/09/10,"19",McEnver's Farm,Victorio War- Surrender goes awry,New Mexico,NM-1879/09/10,Michno: Forgotten Fights,-1058577.086,1113831.722,Mimbres Apache,,,,"3","9","0","9",0,"0",-107.3578372998,32.5267576979
"412",1879/09/18,1879/09/18,"70",Las Animas Creek,Dog Canyon,New Mexico,NM-1879/09/18,Michno: Encyclopedia,-1069654.822,1164165.996,Mimbres Apache,,,,"3","8","0","8",0,"0",-107.5408054868,32.9627485583
"413",1879/09/29,1879/09/30,"71",Cuchillo Negro Creek,Ft. Tularosa,New Mexico,NM-1879/09/29,Michno: Encyclopedia,-1070710.088,1188700.935,Mimbres Apache,,,,"3","2","3","5",60,"6",-107.5841875776,33.1797954875
"414",1879/10/13,1879/10/13,"72",Lloyd's and Slocum's Ranches,Victorio War- Palomas River,New Mexico,NM-1879/10/13,Michno: Encyclopedia,-1068071.923,1129078.394,Apache,,,,"2","17","0","17",0,"0",-107.4783915308,32.6522730299
"415",1880/01/12,1880/01/12,"73",Percha Creek,Victorio War- Cooke's Canyon,New Mexico,NM-1880/01/12,Michno: Encyclopedia,-1079679.851,1152821.884,Mimbres Apache,,,,"3","2","0","2",0,"0",-107.6329871034,32.8509140715
"416",1880/01/17,1880/01/17,"74",San Mateo Mountains,Agua Chita Canyon,New Mexico,NM-1880/01/17,Michno: Encyclopedia,-1050923.847,1256765.607,Mimbres Apache,,,,"3","1","0","1",0,"0",-107.4605701029,33.8061995686
"417",1880/01/30,1880/01/30,"75",Caballo Mountains,Victorio War- Ft. Cummings stagecoach,New Mexico,NM-1880/01/30,Michno: Encyclopedia,-1034039.587,1162319.28,Mimbres Apache,,,,"3","0","1","1",100,"10",-107.1577962396,32.9843410927
"418",1880/02/03,1880/02/03,"76",San Andres Mountains,Canada Alamosa,New Mexico,NM-1880/02/03,Michno: Encyclopedia,-983650.6249,1176829.19,Mimbres Apache,,,,"3","0","0","0",,"5",-106.6361608432,33.1651407787
"419",1880/02/09,1880/02/09,"77",San Andres Mountains,San Andres Mountains,New Mexico,NM-1880/02/09,Michno: Encyclopedia,-977846.6607,1185535.137,Mimbres Apache,,,,"3","0","0","0",,"5",-106.5843629035,33.2484323999
"420",1880/03/05,1880/03/05,"20",Palomas,Red Canyon,New Mexico,NM-1880/03/05,Michno: Forgotten Fights,-1026558.198,1154471.08,Mimbres Apache,,,,"3","0","0","0",,"5",-107.0679813002,32.9223150063
"421",1880/04/07,1880/04/08,"78",Hembrillo Canyon / San Andres Springs,Monica Springs,New Mexico,AZ-1880/04/08,Michno: Encyclopedia,-992620.3878,1151766.617,Mimbres Apache,Mescalero Apache,,,"3","0","3","3",100,"10",-106.7019449213,32.9329965756
"422",1880/04/09,1880/04/09,"79",Shakehand Springs,Carrizo Canyon,New Mexico,NM-1880/04/09,Michno: Encyclopedia,-846466.016,1043074.196,Apache,,,,"2","0","6","6",100,"10",-105.0256139609,32.0993157779
"423",1880/04/16,1880/04/16,"80",Mescalero Agency,Victorio War- Cuchillo Negro Mountains,New Mexico,NM-1880/04/16,Michno: Encyclopedia,-903978.0251,1149656.085,Mescalero Apache,,,,"3","0","11","11",100,"10",-105.7509393493,32.9995050479
"424",1880/04/17,1880/04/17,"81",Dog Canyon,Hillsboro,New Mexico,NM-1880/04/17,Michno: Encyclopedia,-920334.6515,1107445.436,Mescalero Apache,,,,"3","0","3","3",100,"10",-105.8789502415,32.6080662368
"425",1880/05/14,1880/05/14,"21",Old Fort Tularosa,Gavilan Canyon,New Mexico,NM-1880/05/14,Michno: Forgotten Fights,-1150939.262,1258532.465,Mimbres Apache,,,,"3","3","0","3",0,"0",-108.5417111235,33.7091366507
"426",1880/05/24,1880/05/24,"82",Palomas River,Cloverdale,New Mexico,AZ-1880/05/23,Michno: Encyclopedia,-1085219.999,1177093.007,Mimbres Apache,,,,"3","0","30","30",100,"10",-107.7241778695,33.0606822946
"427",1880/06/05,1880/06/05,"83",Cooke's Canyon,Mescalero Agency,New Mexico,NM-1880/06/05,Michno: Encyclopedia,-1093134.496,1110347.418,Mimbres Apache,,,,"3","0","10","10",100,"10",-107.7203370119,32.4582057160
"428",1880/09/01,1880/09/01,"84",Agua Chiquita Canyon,McComas Massacre,New Mexico,NM-1880/09/01,Michno: Encyclopedia,-890011.4979,1117032.608,Apache,,,,"2","2","0","2",0,"0",-105.5660116550,32.7213305977
"429",1880/09/07,1880/09/07,"85",Fort Cummings,Devil's Creek,New Mexico,NM-1880/09/07,Michno: Encyclopedia,-1097883.194,1100586.206,Mimbres Apache,,,,"3","3","0","3",0,"0",-107.7578514122,32.3660784999
"430",1881/01/24,1881/01/24,"22",Canada Alamosa,Florida Mountains,New Mexico,NM-1881/01/24,Michno: Forgotten Fights,-1050572.364,1248064.751,Mimbres Apache,,,,"3","1","0","1",0,"0",-107.4454017606,33.7292648495
"431",1881/07/25,1881/07/25,"86",San Andres Mountains,Alma,New Mexico,NM-1881/07/25,Michno: Encyclopedia,-982595.3587,1137784.34,Mimbres Apache,Mescalero Apache,,,"3","0","2","2",100,"10",-106.5780458909,32.8185084149
"432",1881/08/01,1881/08/01,"87",Red Canyon,Alma,New Mexico,NM-1881/08/01,Michno: Encyclopedia,-1043536.983,1228537.235,Mimbres Apache,Mescalero Apache,,,"3","2","0","2",0,"0",-107.3442107600,33.5632420825
"433",1881/08/03,1881/08/03,"88",Monica Springs,,New Mexico,NM-1881/08/03,Michno: Encyclopedia,-1049604.764,1241991.879,Mimbres Apache,Mescalero Apache,,,"3","0","0","0",,"5",-107.4270446974,33.6763372547
"434",1881/08/12,1881/08/12,"89",Carrizo Canyon,,New Mexico,NM-1881/08/12,Michno: Encyclopedia,-1022167.842,1320081.58,Mimbres Apache,Mescalero Apache,,,"3","6","1","7",14.28571429,"1",-107.2311347570,34.3992834583
"435",1881/08/16,1881/08/16,"90",Cuchillo Negro Creek,,New Mexico,NM-1881/08/16,Michno: Encyclopedia,-1082054.2,1207431.911,Mimbres Apache,Mescalero Apache,,,"3","2","0","2",0,"0",-107.7305758350,33.3338749951
"436",1881/08/18,1881/08/18,"23",Gold Dust,,New Mexico,NM-1881/08/18,Michno: Forgotten Fights,-1059192.834,1135998.644,Mimbres Apache,Mescalero Apache,,,"3","3","0","3",0,"0",-107.3927572260,32.7234182157
"437",1881/08/19,1881/08/19,"91",Gavilan Canyon,,New Mexico,NM-1881/08/19,Michno: Encyclopedia,-1092606.862,1132771.825,Mimbres Apache,Mescalero Apache,,,"3","6","0","6",0,"0",-107.7442990633,32.6583301575
"438",1882/06/01,1882/06/01,"24",Cloverdale Canyon,,New Mexico,NM-1882/06/01,Michno: Forgotten Fights,-1214361.29,1020238.05,Chiricahua Apache,,,,"3","0","80","80",100,"10",-108.8748013231,31.5157690614
"439",1882/06/23,1882/06/23,"92",Mescalero Agency,,New Mexico,NM-1882/06/23,Michno: Encyclopedia,-892897.7298,1160208.747,Mescalero Apache,,,,"3","0","3","3",100,"10",-105.6437539112,33.1036747398
"440",1883/03/28,1883/03/28,"93",McComas Massacre,,New Mexico,NM-1883/03/28,Michno: Encyclopedia,-1165947.865,1119053.364,Apache,,,,"2","3","0","3",0,"0",-108.5045409389,32.4526455769
"441",1885/05/22,1885/05/22,"94",Devil's Creek,,New Mexico,NM-1885/05/22,Michno: Encyclopedia,-1177291.977,1224579.987,Coyo Apache,,,,"1","0","0","0",,"5",-108.7760134102,33.3765052658
"442",1885/11/08,1885/11/08,"95",Florida Mountains,,New Mexico,NM-1885/11/08,Michno: Encyclopedia,-1088913.431,1061013.722,Chiricahua Apache,,,,"3","5","0","5",0,"0",-107.6112279934,32.0235785684
"443",1885/12/09,1885/12/09,"25",Lilie's Ranch,,New Mexico,NM-1885/12/09,Michno: Forgotten Fights,-1119228.248,1223742.712,Mimbres Apache,,,,"3","1","2","3",66.66666667,"7",-108.1517692341,33.4370715260
"444",1885/12/19,1885/12/19,"96",Little Dry Creek,,New Mexico,NM-1885/12/19,Michno: Encyclopedia,-1186261.74,1193977.266,Mimbres Apache,,,,"3","5","0","5",0,"0",-108.8276211601,33.0940815855
"445",1862/09/03,1862/09/06,"1",Fort Abercrombie,,North Dakota,DK-1862/09/03,Michno: Encyclopedia,-62294.33582,2578238.088,Lakota Sioux,,,,"4","0","10","10",100,"10",-96.8053504072,46.1902776646
"446",1863/07/26,1863/07/26,"3",Dead Buffalo Lake,,North Dakota,DK-1863/07/26,Michno: Encyclopedia,-297015.6942,2639091.774,Lakota Sioux,,,,"4","1","15","16",93.75,"9",-99.8698693139,46.6870588577
"447",1863/07/24,1863/07/24,"2",Big Mound,Ft. Buford,North Dakota,DK-1863/07/24,Michno: Encyclopedia,-281560.79,2642955.5,Santee Sioux,,,,"4","3","40","43",93.02325581,"9",-99.6706537219,46.7274486864
"448",1863/07/28,1863/07/28,"4",Stony Lake,Ft. McKeen,North Dakota,DK-1863/07/28,Michno: Encyclopedia,-323095.8451,2631847.287,Lakota Sioux,,,,"4","0","11","11",100,"10",-100.2050723536,46.6117250421
"449",1863/08/03,1863/08/03,"5",Mackinaw Massacre,Ft. McKeen,North Dakota,DK-1863/08/03,Michno: Encyclopedia,-356903.4482,2628949.493,Lakota Sioux,,,,"4","22","12","34",35.29411765,"4",-100.6425683175,46.5714021234
"450",1863/09/03,1863/09/03,"6",Whitestone Hill,Heart River,North Dakota,DK-1863/09/03,Michno: Encyclopedia,-246304.2896,2594658.924,Lakota Sioux,Nakota Sioux,Santee Sioux,,"4","20","150","170",88.23529412,"9",-99.1902650943,46.3034286732
"451",1863/12/16,1863/12/16,"7",St. Joseph,Ft. Lincoln,North Dakota,DK-1863/12/16,Michno: Encyclopedia,-170961.6314,2882506.516,Lakota Sioux,,,,"4","0","6","6",100,"10",-98.3052585466,48.9290938350
"452",1864/07/28,1864/07/28,"8",Killdeer Mountain,,North Dakota,DK-1864/07/28,Michno: Encyclopedia,-510003.5935,2715400.364,Santee Sioux,Lakota Sioux,Nakota Sioux,,"4","5","150","155",96.77419355,"10",-102.7077719092,47.2685388015
"453",1864/08/07,1864/08/07,"9",Badlands,Sand Hills,North Dakota,DK-1864/08/07,Michno: Encyclopedia,-598386.3272,2685939.452,Lakota Sioux,,,,"4","9","100","109",91.74311927,"9",-103.8334578822,46.9419233693
"454",1864/09/02,1864/09/02,"10",Red Buttes / Fort Dilts,Battle of the Washita,North Dakota,DK-1864/09/02,Michno: Encyclopedia,-587278.1148,2600937.479,Lakota Sioux,,,,"4","12","6","18",33.33333333,"3",-103.5998765307,46.1854846195
"455",1864/11/21,1864/11/27,"11",Fort Rice,Soldier Spring,North Dakota,DK-1864/11/21,Michno: Encyclopedia,-373324.284,2600937.479,Nakota Sioux,,,,"4","0","0","0",,"5",-100.8372759573,46.3116331080
"456",1865/04/12,1865/04/26,"12",Fort Rice,Bodamer's Fight,North Dakota,DK-1865/04/12,Michno: Encyclopedia,-375256.147,2621222.041,Santee Sioux,Nakota Sioux,,,"4","2","0","2",0,"0",-100.8757370477,46.4934709040
"457",1865/05/26,1865/05/26,"1",Fort Rice,Camp Supply,North Dakota,DK-1865/05/26,Michno: Forgotten Fights,-352668.6026,2623718.206,Lakota Sioux,,,,"4","1","2","3",66.66666667,"7",-100.5842878001,46.5261052977
"458",1865/07/28,1865/07/28,"13",Fort Rice,Ft. Sill,North Dakota,DK-1865/07/28,Michno: Encyclopedia,-393125.8801,2610113.828,Lakota Sioux,,,,"4","2","12","14",85.71428571,"9",-101.0997463455,46.3849451412
"459",1868/08/20,1868/08/20,"2",Fort Buford,Hennessy Wagon Train,North Dakota,DK-1868/08/20,Michno: Forgotten Fights,-601423.7091,2802029.526,Lakota Sioux,,,,"4","3","0","3",0,"0",-104.0006824325,47.9867244372
"460",1872/08/26,1872/08/26,"3",Fort McKean,Buffalo Creek,North Dakota,DK-1872/08/26,Michno: Forgotten Fights,-371939.8085,2651502.436,Lakota Sioux,,,,"4","8","0","8",0,"0",-100.8527955611,46.7679619573
"461",1872/10/02,1872/10/02,"5",Fort McKean,Wichita Agency,North Dakota,DK-1872/10/02,Michno: Forgotten Fights,-371587.0274,2652913.56,Lakota Sioux,,,,"4","3","0","3",0,"0",-100.8491393571,46.7808506812
"462",1872/10/03,1872/10/04,"4",Heart River,Sand Hills,North Dakota,DK-1872/10/03,Michno: Forgotten Fights,-464553.2757,2644769.299,Lakota Sioux,,,,"4","3","0","3",0,"0",-102.0526166890,46.6593194903
"463",1873/05/07,1873/05/07,"6",Fort Abraham Lincoln,Turkey Springs,North Dakota,DK-1873/05/07,Michno: Forgotten Fights,-372351.3864,2652149.201,Lakota Sioux,,,,"4","0","1","1",100,"10",-100.8585872233,46.7736048915
"464",1862/10/23,1862/10/24,"6",Fort Cobb,,Oklahoma,OK-1862/10/23,Michno: Encyclopedia,-219309.6339,1335217.864,Indian Territory Nations,,,,,"10",,,,"10",-98.4246980051,35.0502211239
"465",1868/09/10,1868/09/13,"7",Sand Hills,,Oklahoma,OK-1868/09/10,Michno: Encyclopedia,-307756.8029,1494422.768,Kiowa,Comanche,Cheyenne,,"2","3","22","25",88,"9",-99.4660140362,36.4470743004
"466",1868/11/27,1868/11/27,"8",Washita River,,Oklahoma,OK-1868/11/27,Michno: Encyclopedia,-339597.7837,1401553.241,Cheyenne,,,,"3","21","157","178",88.20224719,"9",-99.7826395250,35.6075257638
"467",1868/12/25,1868/12/25,"9",Soldier Spring,,Oklahoma,OK-1868/12/25,Michno: Encyclopedia,-298027.6143,1323719.732,Comanche,Kiowa,,,"4","1","6","7",85.71428571,"9",-99.2900043264,34.9263472784
"468",1870/06/08,1870/06/08,"10",Bodamer's Fight,,Oklahoma,OK-1870/06/08,Michno: Encyclopedia,-319254.9349,1550144.485,Cheyenne,,,,"3","0","3","3",100,"10",-99.6192742798,36.9402778260
"469",1870/06/11,1870/06/11,"11",Camp Supply,,Oklahoma,OK-1870/06/11,Michno: Encyclopedia,-327215.1801,1514765.617,Comanche,Kiowa,,,"4","0","0","0",,"5",-99.6938448960,36.6220004096
"470",1871/09/19,1871/09/19,"12",Foster Springs,,Oklahoma,OK-1871/09/19,Michno: Encyclopedia,-272377.9353,1257384.356,Kiowa,Comanche,,,"2","1","2","3",66.66666667,"7",-98.9840606463,34.3411212804
"471",1874/07/03,1874/07/03,"14",Hennessey Wagon Train,,Oklahoma,OK-1874/07/03,Michno: Encyclopedia,-170663.691,1455506.014,Cheyenne,Arapaho,,,"3","4","0","4",0,"0",-97.9138084859,36.1343886707
"472",1874/06/21,1874/06/21,"13",Buffalo Creek,,Oklahoma,OK-1874/06/21,Michno: Encyclopedia,-310410.218,1528917.164,Cheyenne,,,,"3","0","0","0",,"5",-99.5102130978,36.7539111209
"473",1874/08/22,1874/08/23,"15",Anadarko / Wichita Agency,,Oklahoma,KS-1874/08/22,Michno: Encyclopedia,-202504.6718,1346715.996,Comanche,Kiowa,,,"4","4","16","20",80,"8",-98.2419716996,35.1566336264
"474",1875/04/06,1875/04/06,"16",Sand Hills Fight,,Oklahoma,OK-1875/04/06,Michno: Encyclopedia,-180392.8796,1403322.184,Cheyenne,,,,"3","1","11","12",91.66666667,"9",-98.0105007466,35.6666600957
"475",1878/09/13,1878/09/13,"17",Turkey Springs,,Oklahoma,OK-1878/09/13,Michno: Encyclopedia,-259110.86,1541299.768,Cheyenne,,,,"3","2","0","2",0,"0",-98.9348319365,36.8798914794
"476",1862/08/14,1862/08/14,"35",Grande Ronde Prairie,,Oregon,OR-1862/08/14,Michno: Encyclopedia,-1704397.455,2673988.144,Cayuse,Rogue,,,"2","0","2","2",100,"10",-117.9283996036,45.2764261937
"477",1863/04/01,1863/04/01,"6",Standifer's Fight,,Oregon,OR-1863/04/01,Michno: Forgotten Fights,-1728067.154,2513282.471,Shoshone,,,,"3","0","20","20",100,"10",-117.7572697392,43.8231866714
"478",1864/04/07,1864/04/07,"36",Harney Lake Valley,,Oregon,OR-1864/04/07,Michno: Encyclopedia,-1859521.59,2434442.711,Paiute,,,,"4","0","0","0",,"5",-119.1127318882,42.8612170277
"479",1864/05/18,1864/05/18,"37",Crooked River,,Oregon,OR-1864/05/18,Michno: Encyclopedia,-1902787.505,2589566.846,Shoshone,,,,"3","4","3","7",42.85714286,"4",-120.1073135421,44.1130197430
"480",1864/06/24,1864/06/24,"38",John Day's Road,,Oregon,OR-1864/06/24,Michno: Encyclopedia,-2029419.452,2501979.749,Klamath,Modoc,,,"1","0","0","0",,"5",-121.3490557099,43.0626509884
"481",1864/10/17,1864/10/17,"7",Paulina Creek,,Oregon,OR-1864/10/17,Michno: Forgotten Fights,-2026431.866,2572546.694,Paiute,,,,"4","0","9","9",100,"10",-121.5448241803,43.6792832739
"482",1865/07/09,1865/07/09,"39",Malheur River,,Oregon,OR-1865/07/09,Michno: Encyclopedia,-1778266.091,2511477.145,Paiute,,,,"4","0","5","5",100,"10",-118.3612806533,43.7039313001
"483",1865/07/17,1865/07/17,"40",Owyhee River,,Oregon,OR-1865/07/17,Michno: Encyclopedia,-1698065.858,2461879.633,Paiute,,,,"4","0","4","4",100,"10",-117.2498872273,43.4346157433
"484",1866/02/23,1866/02/23,"8",Dry Creek,Donner and Blitzen Creek,Oregon,OR-1866/02/23,Michno: Forgotten Fights,-1723447.48,2459731.142,Paiute,,,,"4","1","18","19",94.73684211,"9",-117.5508181280,43.3650901579
"485",1866/05/27,1866/05/28,"9",Three Forks,Malheur River,Oregon,OR-1866/05/27,Michno: Forgotten Fights,-1717162.123,2388878.025,Paiute,,,,"4","1","7","8",87.5,"9",-117.2797869411,42.7593795685
"486",1866/07/18,1866/07/18,"10",Rattlesnake Creek,Malheur River,Oregon,OR-1866/07/18,Michno: Forgotten Fights,-1802871.54,2512299.584,Unidentified,,,,"3","1","11","12",91.66666667,"9",-118.6615873138,43.6593482821
"487",1866/10/26,1866/10/26,"11",Lake Albert,Camp Warner,Oregon,OR-1866/10/26,Michno: Forgotten Fights,-1967433.619,2426590.168,Paiute,Klamath,Modoc,,"4","0","21","21",100,"10",-120.3729123835,42.5543935666
"488",1866/10/30,1866/10/30,"12",O'Beirne's Fight / Malheur Country,Owyhee River,Oregon,OR-1866/10/30,Michno: Forgotten Fights,-1776587.319,2459159.746,Paiute,,,,"4","0","10","10",100,"10",-118.1901113075,43.2515436832
"489",1866/11/17,1866/11/17,"13",Fort Klamath,Silver River,Oregon,OR-1866/11/17,Michno: Forgotten Fights,-2079427.256,2458588.35,Paiute,,,,"4","0","33","33",100,"10",-121.8000812091,42.5693183343
"490",1866/12/26,1866/12/26,"41",Owyhee River,Donner and Blitzen Creek,Oregon,OR-1866/12/26,Michno: Encyclopedia,-1727613.312,2456603.302,Paiute,,,,"4","1","37","38",97.36842105,"10",-117.5924019876,43.3293966962
"491",1867/01/06,1867/01/07,"14",Crooked River,Malheur River,Oregon,OR-1867/01/06,Michno: Forgotten Fights,-1942292.19,2615722.28,Paiute,,,,"4","0","36","36",100,"10",-120.6700300606,44.2500137136
"492",1867/01/29,1867/01/29,"42",Steen's Mountain,Modoc War- Lost River,Oregon,OR-1867/01/29,Michno: Encyclopedia,-1819421.473,2405950.523,Paiute,,,,"4","1","87","88",98.86363636,"10",-118.5506067295,42.6989556356
"493",1867/02/26,1867/02/26,"43",Pueblo Mountain,Umatilla Agency,Oregon,OR-1867/02/26,Michno: Encyclopedia,-1847386.028,2370071.471,Paiute,,,,"4","0","7","7",100,"10",-118.7795608525,42.3279913200
"494",1867/04/27,1867/04/27,"15",Silvies River,Bannock War- Silver Creek,Oregon,OR-1867/04/27,Michno: Forgotten Fights,-1854868.585,2508871.208,Paiute,,,,"4","0","6","6",100,"10",-119.2793239287,43.5179975405
"495",1867/06/19,1867/06/19,"44",Steen's Mountain,Bannock War- John Day River,Oregon,OR-1867/06/19,Michno: Encyclopedia,-1833667.567,2389066.264,Paiute,,,,"4","0","13","13",100,"10",-118.6715824130,42.5221153367
"496",1867/07/05,1867/07/05,"45",Donner and Blitzen Creek,Willow Springs,Oregon,OR-1867/07/05,Michno: Encyclopedia,-1834722.834,2450271.704,Paiute,,,,"4","0","8","8",100,"10",-118.8627334390,43.0519512661
"497",1867/07/08,1867/07/08,"16",Malheur River,Bannock War- Birch Creek,Oregon,OR-1867/07/07,Michno: Forgotten Fights,-1776587.319,2565439.422,Paiute,,,,"4","0","16","16",100,"10",-118.4986336276,44.1778787063
"498",1867/07/15,1867/07/15,"17",South Fork Malheur,Bannock War- End,Oregon,OR-1867/07/13,Michno: Forgotten Fights,-1790872.221,2472301.857,Paiute,,,,"4","1","7","8",87.5,"9",-118.4000149607,43.3362799550
"499",1867/07/27,1867/07/27,"46",Camp Warner,,Oregon,OR-1867/07/27,Michno: Encyclopedia,-1933917.858,2409116.322,Paiute,,,,"4","0","46","46",100,"10",-119.9218631426,42.4784650454
"500",1867/08/11,1867/08/15,"18",Owyhee River,Red Canyon,Oregon,OR-1867/08/11,Michno: Forgotten Fights,-1713733.747,2363165.2,Paiute,,,,"4","0","2","2",100,"10",-117.1688896813,42.5418323193
"501",1867/09/06,1867/09/08,"19",Silver Lake,Great Sioux War- Slim Buttes,Oregon,OR-1867/09/06,Michno: Forgotten Fights,-1986861.086,2516299.357,Paiute,,,,"4","0","6","6",100,"10",-120.8874182442,43.2859723715
"502",1868/03/14,1868/03/14,"47",Donner and Blitzen Creek,Wounded Knee,Oregon,OR-1868/03/14,Michno: Encyclopedia,-1825225.438,2468211.23,Paiute,,,,"4","0","14","14",100,"10",-118.8014929040,43.2281967854
"503",1868/05/31,1868/05/31,"20",Castle Rock,,Oregon,OR-1868/05/31,Michno: Forgotten Fights,-1765159.396,2527727.279,Paiute,,,,"4","0","5","5",100,"10",-118.2494075420,43.8729211081
"504",1872/11/30,1872/11/30,"48",Lost River,,Oregon,OR-1872/11/29,Michno: Encyclopedia,-2078489.331,2399618.926,Modoc,,,,"1","2","1","3",33.33333333,"3",-121.5966912675,42.0633557283
"505",1878/07/13,1878/07/13,"52",Umatilla Agency,,Oregon,OR-1878/07/13,Michno: Encyclopedia,-1758743.665,2721475.124,Bannock,Paiute,,,"3","0","0","0",,"5",-118.7452255189,45.5780153673
"506",1878/06/28,1878/06/28,"49",Silver River,,Oregon,OR-1878/06/23,Michno: Encyclopedia,-1882209.814,2523085.074,Bannock,Paiute,,,"3","3","5","8",62.5,"6",-119.6520820610,43.5816126230
"507",1878/07/02,1878/07/02,"50",North Fork John Day River,San Juan County,Oregon,OR-1878/07/02,Michno: Encyclopedia,-1797788.516,2678209.209,Bannock,Paiute,,,"3","2","0","2",0,"0",-119.0972963649,45.1162597168
"508",1878/07/06,1878/07/06,"21",Willow Spring,,Oregon,OR-1878/07/06,Michno: Forgotten Fights,-1767444.981,2703717.28,Paiute,Shoshone,Bannock,,"4","1","5","6",83.33333333,"8",-118.7994427253,45.4042263719
"509",1878/07/08,1878/07/08,"51",Birch Creek / Pilot Rock,,Oregon,OR-1878/07/08,Michno: Encyclopedia,-1784070.055,2714088.26,Bannock,Paiute,,,"3","1","1","2",50,"5",-119.0374458239,45.4591041685
"510",1878/07/20,1878/07/20,"53",North Fork John Day River,,Oregon,OR-1878/07/20,Michno: Encyclopedia,-1760326.565,2651827.553,Bannock,Paiute,,,"3","1","0","1",0,"0",-118.5551719839,44.9660576453
"511",1864/06/26,1864/06/26,"3",Little Cheyenne River,,South Dakota,DK-1864/06/26,Michno: Forgotten Fights,-539410.5854,2338995.596,Lakota Sioux,,,,"4","1","0","1",0,"0",-102.7425908886,43.8702811243
"512",1876/08/01,1876/08/01,"4",Red Canyon,,South Dakota,DK-1876/08/01,Michno: Forgotten Fights,-619374.2965,2307010.111,Unidentified,,,,"3","0","0","0",,"5",-103.7056719802,43.5300171700
"513",1876/09/09,1876/09/09,"1",Slim Buttes,,South Dakota,DK-1876/09/09,Michno: Encyclopedia,-546226.0253,2528009.649,Lakota Sioux,,,,"4","3","38","41",92.68292683,"9",-103.0012388618,45.5589725430
"514",1890/12/29,1890/12/29,"2",Wounded Knee Creek,,South Dakota,DK-1890/12/29,Michno: Encyclopedia,-529805.1896,2260446.62,Lakota Sioux,,,,"4","25","128","153",83.66013072,"8",-102.5552930810,43.1742619095
"515",1890/12/30,1890/12/30,"3",White Clay Creek / Drexel Mission,,South Dakota,DK-1890/12/30,Michno: Encyclopedia,-505656.9017,2271071.866,Lakota Sioux,,,,,"1",,"1",0,"0",-102.2660460125,43.2837705925
"516",1862/11/23,1862/11/23,"6",Cache Valley,,Utah,UT-1862/11/23,Michno: Encyclopedia,-1310915.592,2210159.015,Shoshone,,,,"3","0","4","4",100,"10",-111.9873783366,41.8991549492
"517",1862/12/06,1862/12/06,"7",Empey's Ferry,,Utah,UT-1862/12/06,Michno: Encyclopedia,-1335941.13,2189084.878,Shoshone,,,,"3","0","4","4",100,"10",-112.2432065342,41.6757621009
"518",1863/04/12,1863/04/15,"8",Spanish Fork Canyon,,Utah,UT-1863/04/12,Michno: Encyclopedia,-1300378.524,2003369.045,Ute,Goshute,,,"3","0","0","0",,"5",-111.4547637519,40.0930069425
"519",1884/07/15,1884/07/15,"9",White River / Wormington Canyon,,Utah,UT-1884/07/15,Michno: Forgotten Fights,-1245058.914,1724136.73,Ute,,,,"3","2","0","2",0,"0",-110.3118737039,37.7089773054
"520",1863/02/20,1863/02/20,"4",Pass Creek,,Wyoming,WY-1863/02/20,Michno: Encyclopedia,-904111.8396,2132347.974,Ute,,,,"3","0","0","0",,"5",-106.9712831392,41.7246078900
"521",1863/07/07,1863/07/07,"5",Grand Pass,,Wyoming,WY-1863/07/07,Michno: Encyclopedia,-859003.7834,2084586.503,Ute,,,,"3","1","60","61",98.36065574,"10",-106.3654088460,41.3456917336
"522",1864/07/07,1864/07/07,"2",Townsend's Wagon Train,,Wyoming,WY-1864/07/07,Michno: Forgotten Fights,-838551.5193,2343162.183,Cheyenne,,,,"3","5","12","17",70.58823529,"7",-106.4627410259,43.6650477775
"523",1864/07/12,1864/07/12,"6",Kelly Wagon Train,,Wyoming,WY-1864/07/12,Michno: Encyclopedia,-794437.3501,2230524.332,Lakota Sioux,,,,"4","8","0","8",0,"0",-105.7723555334,42.7041186076
"524",1864/07/19,1864/07/19,"3",Brown's Spring,,Wyoming,WY-1864/07/19,Michno: Forgotten Fights,-785788.2082,2266127.749,Lakota Sioux,,,,"4","2","0","2",0,"0",-105.7113016931,43.0290140285
"525",1865/05/20,1865/05/20,"7",Deer Creek Station,,Wyoming,WY-1865/05/20,Michno: Encyclopedia,-805051.0103,2248213.766,Unidentified,,,,"3","1","3","4",75,"8",-105.9246171004,42.8517418132
"526",1865/06/03,1865/06/03,"8",Dry Creek,,Wyoming,WY-1865/06/03,Michno: Encyclopedia,-860772.7268,2251751.652,Unidentified,,,,"3","2","1","3",33.33333333,"3",-106.6108899947,42.8294445598
"527",1865/06/08,1865/06/08,"9",Sage Creek Station,,Wyoming,WY-1865/06/08,Michno: Encyclopedia,-935952.8204,2130579.031,Cheyenne,Lakota Sioux,,,"3","5","0","5",0,"0",-107.3515133829,41.6755657681
"528",1865/06/21,1865/06/21,"4",Sweetwater Station,,Wyoming,WY-1865/06/21,Michno: Forgotten Fights,-890259.5642,2235525.028,Arapaho,,,,"3","3","0","3",0,"0",-106.9482751245,42.6553125787
"529",1865/07/26,1865/07/26,"10",Platte Bridge,,Wyoming,WY-1865/07/26,Michno: Encyclopedia,-839545.4062,2249098.237,Cheyenne,Lakota Sioux,Arapaho,,"3","11","5","16",31.25,"3",-106.3477595945,42.8267481094
"530",1865/07/26,1865/07/26,"11",Red Buttes / Custard's Wagon Train,,Wyoming,WY-1865/07/26,Michno: Encyclopedia,-855023.6608,2262807.549,Cheyenne,Lakota Sioux,Arapaho,,"3","11","5","16",31.25,"3",-106.5556787748,42.9335011499
"531",1865/08/13,1865/08/13,"12",Crazy Woman's Fork,,Wyoming,WY-1865/08/13,Michno: Encyclopedia,-820971.5007,2403438.547,Cheyenne,Lakota Sioux,,,"3","2","2","4",50,"5",-106.3265233160,44.2194827526
"532",1865/08/13,1865/08/15,"13",Bone Pile Creek,Goose Creek,Wyoming,WY-1865/08/13,Michno: Encyclopedia,-772325.5578,2397247.245,Cheyenne,Lakota Sioux,,,"3","2","2","4",50,"5",-105.7110905628,44.2101710764
"533",1865/08/16,1865/08/16,"14",Powder River,Crazy Woman's Creek,Wyoming,WY-1865/08/16,Michno: Encyclopedia,-805493.2462,2416705.623,Cheyenne,,,,"3","0","27","27",100,"10",-106.1510780914,44.3527637001
"534",1865/08/29,1865/08/29,"15",Tongue River,Ft. Reno,Wyoming,WY-1865/08/29,Michno: Encyclopedia,-860330.4909,2490116.773,Cheyenne,Arapaho,,,"3","8","35","43",81.39534884,"8",-106.9423696068,44.9533710227
"535",1865/09/01,1865/09/01,"5",Sawyers's Wagon Train,La Bonte Creek,Wyoming,WY-1865/08/31,Michno: Forgotten Fights,-869154.2397,2481402.058,Cheyenne,Arapaho,,,"3","0","0","0",,"5",-107.0407744804,44.8664469181
"536",1866/07/17,1866/07/17,"16",Cazeau Wagon Train,Popo Agie,Wyoming,WY-1866/07/17,Michno: Encyclopedia,-857677.0759,2440586.358,Lakota Sioux,,,,"4","5","0","5",0,"0",-106.8373883150,44.5141782546
"537",1866/07/20,1866/07/20,"17",Crazy Woman Creek,Horseshoe Creek,Wyoming,WY-1866/07/20,Michno: Encyclopedia,-839103.1704,2390834.826,Lakota Sioux,Cheyenne,,,"4","2","0","2",0,"0",-106.5352409478,44.0892917937
"538",1866/07/24,1866/07/24,"18",Clear Creek,Miner's Delight,Wyoming,WY-1866/07/24,Michno: Encyclopedia,-843525.5288,2402775.193,Lakota Sioux,,,,"4","1","2","3",66.66666667,"7",-106.6069704836,44.1913286740
"539",1866/07/24,1866/07/24,"6",Floyd's Wagon Train,Cottonwood Creek,Wyoming,WY-1866/07/24,Michno: Forgotten Fights,-791592.1724,2279318.576,Lakota Sioux,,,,"4","1","2","3",66.66666667,"7",-105.7992767533,43.1411637418
"540",1866/12/06,1866/12/06,"19",Peno Creek,Snake Mountains,Wyoming,WY-1866/12/06,Michno: Encyclopedia,-851485.774,2450536.665,Lakota Sioux,,,,"4","2","10","12",83.33333333,"8",-106.7740199587,44.6092378863
"541",1866/12/21,1866/12/21,"20",Fort Phil Kearny / Fetterman Fight,Great Sioux War- Goose Creek,Wyoming,WY-1866/12/21,Michno: Encyclopedia,-845736.708,2438154.061,Lakota Sioux,Cheyenne,Arapaho,,"4","79","63","142",44.36619718,"4",-106.6843494832,44.5045951233
"542",1867/06/23,1867/06/23,"7",Bitter Creek,Great Sioux War- Big Horn Mountains,Wyoming,WY-1867/06/23,Michno: Forgotten Fights,-1041954.084,2134747.104,Lakota Sioux,,,,"4","1","0","1",0,"0",-108.6294849811,41.5933179616
"543",1867/08/02,1867/08/02,"21",Wagon Box Fight,Glendo,Wyoming,WY-1867/08/02,Michno: Encyclopedia,-868511.8541,2428424.872,Lakota Sioux,,,,"4","6","60","66",90.90909091,"9",-106.9554530060,44.3946129638
"544",1867/11/04,1867/11/04,"8",Goose Creek/ Shurly's Fight,Great Sioux War- Dull Knife's Village,Wyoming,DK-1867/11/04,Michno: Forgotten Fights,-857018.6782,2462934.899,Unidentified,,,,"3","1","10","11",90.90909091,"9",-106.8612753767,44.7142050739
"545",1867/12/01,1867/12/02,"9",Crazy Woman Creek,Snake River,Wyoming,DK-1867/12/02,Michno: Forgotten Fights,-837364.3448,2397772.21,Lakota Sioux,Cheyenne,,,"4","1","0","1",0,"0",-106.5231929761,44.1528589601
"546",1868/07/19,1868/07/19,"10",Fort Reno,Ft. Washakie,Wyoming,NV-1868/07/19,Michno: Forgotten Fights,-829779.6188,2365982.315,Lakota Sioux,,,,"4","1","0","1",0,"0",-106.3851556692,43.8769716417
"547",1869/04/06,1869/04/06,"11",La Bonte Creek,,Wyoming,WY-1869/04/06,Michno: Forgotten Fights,-783875.5381,2229852.972,Arapaho,,,,"3","2","0","2",0,"0",-105.6424957302,42.7077794068
"548",1869/09/14,1869/09/14,"22",Popo Agie,,Wyoming,WY-1869/09/14,Michno: Encyclopedia,-1016218.626,2289120.581,Lakota Sioux,,,,"4","2","0","2",0,"0",-108.5671744620,42.9921923403
"549",1869/12/01,1869/12/01,"23",Horseshoe Creek,,Wyoming,WY-1869/12/01,Michno: Encyclopedia,-768124.3173,2208191.422,Lakota Sioux,,,,"4","0","0","0",,"5",-105.4236872080,42.5290673512
"550",1870/05/04,1870/05/04,"24",Miner's Delight,,Wyoming,WY-1870/05/04,Michno: Encyclopedia,-1042310.541,2259490.78,Arapaho,,,,"3","1","7","8",87.5,"9",-108.8367722420,42.6982639990
"551",1874/02/09,1874/02/09,"12",Cottonwood Creek,,Wyoming,WY-1874/02/09,Michno: Forgotten Fights,-769101.811,2185531.791,Lakota Sioux,Arapaho,,,"3","2","0","2",0,"0",-105.4081697135,42.3265210226
"552",1874/07/04,1874/07/04,"25",Snake Mountain,,Wyoming,WY-1874/07/04,Michno: Encyclopedia,-943249.7118,2312559.081,Arapaho,Lakota Sioux,Cheyenne,,"3","3","25","28",89.28571429,"9",-107.7097555640,43.2835691137
"553",1876/06/09,1876/06/09,"13",Prairie Dog Creek/ Tongue River,,Wyoming,MT-1876/06/09,Michno: Forgotten Fights,-847191.5115,2483116.866,Santee Sioux,,,,"4","0","2","2",100,"10",-106.7666526763,44.9043411873
"554",1876/07/07,1876/07/07,"14",Sibley's Scout,,Wyoming,WY-1876/07/07,Michno: Forgotten Fights,-882015.2968,2470453.671,Santee Sioux,Cheyenne,,,"4","0","1","1",100,"10",-107.1863557885,44.7552946453
"555",1876/08/01,1876/08/01,"15",Heck Reel's Wagon Train,,Wyoming,WY-1876/08/01,Michno: Forgotten Fights,-779654.4732,2211913.446,Lakota Sioux,,,,"4","1","0","1",0,"0",-105.5687798081,42.5519076746
"556",1876/11/25,1876/11/25,"26",Red Fork Powder River,,Wyoming,WY-1876/11/25,Michno: Encyclopedia,-881336.6936,2370049.741,Cheyenne,,,,"3","6","40","46",86.95652174,"9",-107.0306932813,43.8612351552
"557",1878/09/12,1878/09/12,"27",Snake River,,Wyoming,WY-1878/09/12,Michno: Encyclopedia,-1149331.615,2402775.193,Bannock,,,,"3","0","8","8",100,"10",-110.4014015607,43.8314715020
"558",1882/04/29,1882/04/29,"28",Fort Washakie,,Wyoming,WY-1882/04/29,Michno: Encyclopedia,-1022409.928,2304156.6,Shoshone,,,,"3","1","1","2",50,"5",-108.6674799367,43.1182798192
