{"type":"FeatureCollection","features":[{"type":"Feature","id":1,"geometry":{"type":"MultiPolygon","coordinates":[[[[-84.620232940098049,30.548069342825954],[-84.620370607417556,30.580390508615153],[-84.659260355780759,30.579234521855767],[-84.657150754903398,30.546102896031869],[-84.620232940098049,30.548069342825954]]],[[[-88.065926293963287,31.74971849920945],[-88.11026735395518,31.742902636347651],[-88.107642107896936,31.74160566017315],[-88.109459159312735,31.73580364802001],[-88.110394247396584,31.73063456793102],[-88.107538268576207,31.726580431341858],[-88.10545828597111,31.722933234381287],[-88.105035772782628,31.719060184380055],[-88.105742049056289,31.712128121915327],[-88.104438089646067,31.708887976099277],[-88.102023957639517,31.704517458913642],[-88.097107089720396,31.700658828642077],[-88.095539708090996,31.696002078832919],[-88.094959941248248,31.689672893089607],[-88.09397496956916,31.68331355667533],[-88.051994958200737,31.682532625880015],[-88.065926293963287,31.74971849920945]]],[[[-88.137608226238626,31.756403880334858],[-88.153995549355102,31.796384744660315],[-88.191179585969053,31.796682092904291],[-88.190696167993735,31.789312128052302],[-88.188680542672842,31.784972751691214],[-88.185307675808531,31.781930424349639],[-88.182886719746307,31.777561115852848],[-88.182264225213771,31.771578054883378],[-88.179948775815319,31.766168777567088],[-88.1758706372201,31.762026469645889],[-88.170806293075941,31.759557435827048],[-88.161720261680671,31.756441855107596],[-88.155033971340686,31.753852188028134],[-88.148578113389192,31.75302535133892],[-88.137608226238626,31.756403880334858]]],[[[-118.777571112217,34.858387043827065],[-118.73279517335851,34.922630098900015],[-118.70509579173739,34.955115861308002],[-118.6125349443322,34.961191796164485],[-118.63784062204701,34.990696127924025],[-118.71952568466259,34.998742381156035],[-118.8317482049157,35.069932065012836],[-118.83209196627121,35.05948655276228],[-118.82970532114365,35.051840164192299],[-118.81752178000613,35.035888682216978],[-118.81680004978244,34.967142251313874],[-118.8248326638963,34.966927559759142],[-118.8395513462176,34.956408937122774],[-118.92312536104652,34.892764363784408],[-118.99647752501772,34.834175170148058],[-118.90996361382969,34.836283787167076],[-118.90981020567642,34.818534685427437],[-118.8089420183594,34.817689188705174],[-118.777571112217,34.858387043827065]]],[[[-120.17259830996397,36.857018988435641],[-120.17201224786692,36.952116356584668],[-120.2602346353201,36.951102218092956],[-120.25773215391575,36.85634756988452],[-120.17259830996397,36.857018988435641]]],[[[-94.597758704800356,38.042770462087219],[-94.648125775584049,38.042765995154582],[-94.648439683944218,38.022866453424115],[-94.761271877095396,38.024138627195953],[-94.76172593400463,37.99778090816244],[-94.782175107195428,37.997400455366801],[-94.784094274830863,37.973454956381204],[-94.597916952205537,37.972530205104931],[-94.597806037918303,38.021775144107664],[-94.597758704800356,38.042770462087219]]],[[[-94.645173038704741,38.413190682703885],[-94.692683706188063,38.413738255616067],[-94.692989409133872,38.422010388868387],[-94.737771260135503,38.422148931228264],[-94.738418628117131,38.437255215955531],[-94.752585359626607,38.437409046790151],[-94.752340646003972,38.451427077197934],[-94.763767716107168,38.451549893113111],[-94.763574913151672,38.46269245189518],[-94.77591811722732,38.462823843745468],[-94.775708699297013,38.475044740022781],[-94.84702644481456,38.476497092067177],[-94.849243407657127,38.452432715297618],[-94.833256862014537,38.45155340676439],[-94.833438769683426,38.440410739164349],[-94.805133881723236,38.438323972073704],[-94.803648829429903,38.417817014743491],[-94.818292484010897,38.41652976203892],[-94.818482576409735,38.405027687577785],[-94.828063391412343,38.405844316062371],[-94.827756963612956,38.424535214828381],[-94.895854612800122,38.424127722116737],[-94.895703095021759,38.404353948775793],[-94.855505757584581,38.40396255482807],[-94.855649569971661,38.394976516353211],[-94.838750672905178,38.394807796342775],[-94.839188257831779,38.367849760058448],[-94.826410671315386,38.367361045076223],[-94.824154157188559,38.310177712131747],[-94.621579554153072,38.309731893012497],[-94.621351159628261,38.32159299302225],[-94.605831919707271,38.321765964128019],[-94.605677900015053,38.329673347646917],[-94.644006825754389,38.330130264400225],[-94.644211220971044,38.343434501101399],[-94.631425609804012,38.343643061078467],[-94.632001707412826,38.361265888110324],[-94.625168068551488,38.360465658763189],[-94.625445021070846,38.369816237429461],[-94.630916764397114,38.370240781287066],[-94.630737891040781,38.379585931645465],[-94.626171752424398,38.379531680043044],[-94.626040571914814,38.386360827690112],[-94.637000359678837,38.386490741954219],[-94.63671946003501,38.401227353159868],[-94.644920586415878,38.402402416338475],[-94.645173038704741,38.413190682703885]]],[[[-96.341839737713713,38.642796477375555],[-96.620699121966879,38.644509308158092],[-96.621686839276151,38.527606190773156],[-96.344916837342112,38.526687973071546],[-96.341839737713713,38.642796477375555]]],[[[-95.165042430563688,38.710321596564484],[-95.230232264007725,38.71095834625072],[-95.345709969439497,38.711996323071901],[-95.346337538846285,38.627243520971774],[-95.34724390977857,38.611671183278531],[-95.391359640135249,38.612525042796563],[-95.392458394938956,38.546629080567641],[-95.356066167319739,38.546418262392933],[-95.356253217312087,38.525683790074879],[-95.339780249958551,38.525589130134279],[-95.152413689040486,38.52425703993049],[-95.15248604219704,38.53006040556329],[-95.152462157102832,38.535805267599073],[-95.152280405016654,38.579488283757314],[-95.160265901849868,38.581943057026535],[-95.169389865749679,38.585004592987616],[-95.168658446230268,38.674690904961324],[-95.168500387682684,38.694042016725746],[-95.165060417004611,38.694017297959988],[-95.165042430563688,38.710321596564484]]],[[[-95.518450139162553,38.713478482246217],[-95.719477751796774,38.715474130027133],[-95.729468254756114,38.715550749567512],[-95.730093733239187,38.688210044557934],[-95.733167350692668,38.553550841298318],[-95.518942384883132,38.550941405321623],[-95.518450139162553,38.713478482246217]]],[[[-95.165042430563688,38.710321596564484],[-95.032319118732289,38.708235980606048],[-94.616619441434011,38.700719857935155],[-94.595783217121721,38.700215709687313],[-94.59553276582443,38.709832424726699],[-94.594444197641565,38.775417542585558],[-94.593107876127533,38.855764134307378],[-94.59291914260433,38.86709704719101],[-94.590673004855262,39.001693624361337],[-94.589434829953404,39.110247173268476],[-94.594976893968465,39.117473307746991],[-94.622912156970415,39.094437768887985],[-94.639078022033061,39.09342925025976],[-94.65943151635139,39.094563752215436],[-94.679022522271566,39.095386484398773],[-94.693321290445169,39.091353534038433],[-94.71854739074945,39.078152648326125],[-94.728007941213491,39.07330300832723],[-94.725122907995797,39.150615639999842],[-94.723960535150525,39.172878353653175],[-94.730117096926449,39.172945486245226],[-94.736252265629503,39.174210336837632],[-94.742366349727206,39.176672909027559],[-94.747711220296537,39.179126907081127],[-94.753847238858953,39.180390832271144],[-94.759192788416442,39.182844302422666],[-94.763748055128588,39.186487421857066],[-94.846795403584963,39.188270048124252],[-94.847430026374582,39.149332990025528],[-94.874347055372255,39.150194850811772],[-94.874699565332662,39.128030469030989],[-94.919302986343723,39.128751725311929],[-94.920212761209939,39.084244851918413],[-95.028852556000629,39.085644647582455],[-95.03037728188599,39.041657570640439],[-95.057662998748356,39.041881427186183],[-95.057898098618296,39.024197116203993],[-95.084255588324709,39.024407288665486],[-95.085254477911803,39.004140702131735],[-95.112706591835718,39.004640667632771],[-95.112501826098367,38.991554197268442],[-95.169797204677195,38.992120585796442],[-95.170703470388787,38.975343090910997],[-95.164817807795544,38.977707602823671],[-95.157100147953429,38.98124673005259],[-95.159842149395615,38.911767796846391],[-95.161683847631423,38.840831023033331],[-95.161977880974405,38.829492563131339],[-95.163259933798884,38.780011768828103],[-95.16475181464449,38.721693132632026],[-95.165042430563688,38.710321596564484]]],[[[-95.709114441178485,39.351448381237844],[-95.706618833292509,39.419167369078878],[-95.837027315358284,39.421405343681727],[-95.895735037841689,39.421600312204703],[-95.898776805804914,39.26888788167048],[-95.840885769362728,39.268820035915951],[-95.710957694342085,39.268563392786405],[-95.709114441178485,39.351448381237844]]],[[[-123.70337391907105,39.441779582661638],[-123.69006920213195,39.457898102915181],[-123.69011303778643,39.505926453443124],[-123.69396910858745,39.536385037839295],[-123.71319556981967,39.54677237564465],[-123.73751342140724,39.559684568188345],[-123.75589469708257,39.575926845947208],[-123.75568536908446,39.568440882041102],[-123.75431258365876,39.558098414110589],[-123.76194843037575,39.549953564605403],[-123.77793288509451,39.534429069046325],[-123.78899980729523,39.519789009055557],[-123.79922767641608,39.504095607326462],[-123.79858683031796,39.487605228198788],[-123.79697650785954,39.470723931764098],[-123.8056447331179,39.459178691643331],[-123.80891903968188,39.442357067025057],[-123.8056986285888,39.426498047047289],[-123.79736387194509,39.42791146833963],[-123.77425834244849,39.428856416590406],[-123.75194507970161,39.432743492418297],[-123.73759809797383,39.435307724871677],[-123.7227311111518,39.433600637159714],[-123.7152535747926,39.429146060342475],[-123.70337391907105,39.441779582661638]]],[[[-95.482853729715828,39.630124886554313],[-95.482003253447374,39.825309944698233],[-95.710847893415519,39.826812332323357],[-95.711964202985541,39.56942224204289],[-95.664104628225971,39.562930467866863],[-95.48334468940584,39.516947315965922],[-95.482853729715828,39.630124886554313]]],[[[-122.53917561915944,39.971679474827965],[-122.53642846190394,40.008337712015873],[-122.51105048229391,40.010824040696946],[-122.50953785588729,40.038187619962741],[-122.51473513961497,40.04524234635727],[-122.53237915377491,40.044169739342067],[-122.54527281578777,40.039689503068189],[-122.5592741260001,40.025569815094968],[-122.56991130985904,40.01034939201088],[-122.57871111042937,39.99667824720342],[-122.57913847186296,39.981567630441816],[-122.57784360909523,39.949592343012284],[-122.57309411670008,39.942436496846881],[-122.57738179463411,39.938440472649745],[-122.57696824318981,39.929904482805682],[-122.5677508712057,39.923784348968582],[-122.54945537016914,39.911886011630202],[-122.55382971217142,39.905618958248397],[-122.57214449197471,39.897621298983836],[-122.57731803899628,39.889666105706283],[-122.57738482085279,39.872386521121086],[-122.57160847535084,39.861341535183726],[-122.55570657389922,39.860525904946599],[-122.54928356998073,39.870270844423999],[-122.54921325019131,39.89130234123013],[-122.5130215767843,39.899680560309662],[-122.47445172896408,39.911971428338802],[-122.47753451770382,39.923640347723904],[-122.49881645411602,39.934482442111062],[-122.49049997619289,39.935653360314404],[-122.46800885722297,39.936719136079319],[-122.44985123124928,39.943908874994634],[-122.44769955019405,39.953408222211749],[-122.46214283222588,39.961707285662783],[-122.47828969191573,39.968111571092209],[-122.48061495021972,39.980330791033225],[-122.4805692655591,39.992721914584763],[-122.4917562148774,39.98638865491256],[-122.51439579483002,39.981910780258374],[-122.51810405395889,39.970172621169581],[-122.52941840123822,39.964179896085398],[-122.53917561915944,39.971679474827965]]],[[[-96.648661902424806,39.963880992014197],[-96.495479666053711,39.963904296146382],[-96.493822007779386,40.109326207038862],[-96.646784688162768,40.109536735631877],[-96.984998886789185,40.109127932608033],[-96.983467141695201,39.993192420094147],[-96.983966449791808,39.962281951550892],[-96.648661902424806,39.963880992014197]]],[[[-95.569919595313024,40.29919072037552],[-95.582029330888872,40.306936852753608],[-95.592479739048656,40.312108416770059],[-95.596635027784259,40.318541620799238],[-95.595736760642978,40.328808935084339],[-95.601184648552646,40.329469255102083],[-95.610397890849924,40.331746475219688],[-95.622951140582643,40.336922148238614],[-95.650565513787399,40.350165347952498],[-95.670659586970316,40.358888210622467],[-95.686130199648971,40.370483952172719],[-95.704117191854891,40.383688563776275],[-95.721713109372445,40.39143353333094],[-95.737643529225465,40.396604718732817],[-95.747685211703129,40.405612587351072],[-95.759831078441493,40.413981963396964],[-95.777316346971816,40.422663281884979],[-95.522874182197711,40.040926919841525],[-95.531982154352932,40.029274321352887],[-95.534802111728027,40.023934239673451],[-95.534878113434161,40.012518578369736],[-95.529375675347126,40.002864527975646],[-95.526049174829495,39.998202673614571],[-95.470100593967175,39.998042156320537],[-95.448802252122221,39.998060072614294],[-95.406829858910839,39.998082641101064],[-95.311518045621256,39.998266050637767],[-95.286077408445635,39.998265550614747],[-95.286282434986333,39.998341766359488],[-95.293369714140965,40.00097601103414],[-95.305402137698479,40.010372849927137],[-95.317443870138447,40.019146761713728],[-95.342347282900732,40.030461094603879],[-95.34518991488261,40.036885542833602],[-95.34932696716578,40.04108139099344],[-95.355117299823519,40.047212109851046],[-95.358375965378457,40.05621779311673],[-95.357887418569476,40.063919072707108],[-95.357819518855649,40.0713016136786],[-95.354367302109267,40.083159621819163],[-95.354293072067605,40.091184044907777],[-95.357574367263226,40.097942737867129],[-95.360876875667259,40.102454493580069],[-95.366264042251714,40.107619307285233],[-95.375371329123482,40.117618373589096],[-95.379492142348454,40.124380780748481],[-95.382353598939403,40.131778424934396],[-95.383096241997919,40.142374790364329],[-95.388036082199392,40.151387946096861],[-95.395927779743204,40.15784809381455],[-95.399629078119403,40.165249462093072],[-95.399956277560136,40.175843421836475],[-95.401150893798672,40.182910968966098],[-95.407392449601844,40.187115045023347],[-95.418203642384128,40.195513974590313],[-95.423612871137038,40.199392095868575],[-95.428159177004375,40.206475525025496],[-95.432269443879704,40.215803457863331],[-95.435150671166525,40.221915655183409],[-95.440105467093588,40.230605315782725],[-95.44000998697129,40.242480645765227],[-95.440757429711596,40.253717950822818],[-95.445733076420311,40.260160577049021],[-95.454465312723983,40.268546071643925],[-95.470766703820289,40.273755283979199],[-95.479139838132994,40.274755217679228],[-95.491701164676954,40.276093535688176],[-95.501322797209298,40.278381080022882],[-95.507583503176079,40.281937769212732],[-95.513826911582669,40.288061702685468],[-95.519244226140074,40.292577160907285],[-95.528445547024319,40.295502678905564],[-95.545209435167237,40.295889059132833],[-95.559883824079179,40.295302476328288],[-95.569919595313024,40.29919072037552]]],[[[-91.376453289887365,40.446183343986206],[-91.377742120902099,40.455106863391109],[-91.380846621974001,40.465060148806856],[-91.380968149160708,40.482091914410375],[-91.381859843157201,40.496995083656259],[-91.387855837277016,40.501304570149841],[-91.394947114817455,40.508054227620562],[-91.405574919646767,40.523093472385881],[-91.415520059003484,40.534268295245681],[-91.421281530618103,40.546959828333456],[-91.417996576081066,40.555274420378225],[-91.411548651948692,40.560061883049514],[-91.405451264664123,40.566661048868355],[-91.402717783398941,40.572310744645222],[-91.400924944430585,40.577996708281489],[-91.397720061931295,40.583628074975707],[-91.39171482817676,40.588791339149054],[-91.382509897413797,40.592391519553018],[-91.363928930875431,40.602101088694326],[-91.339464533861133,40.607980856231563],[-91.361709495796561,40.607050504876952],[-91.479068207032071,40.602210100915499],[-91.650815985669169,40.594937126147499],[-91.719746718236422,40.591288134140143],[-91.743589916641326,40.590016576403912],[-91.740564357159315,40.583986491683277],[-91.732225023865738,40.581530167083599],[-91.720405395192813,40.579427740997517],[-91.713917417954463,40.572481166172906],[-91.711671705584706,40.56304964312659],[-91.710036587018863,40.548844735396301],[-91.697056411124436,40.540224202984632],[-91.681317297755072,40.530542928313537],[-91.666044249042841,40.528549068384848],[-91.660357118086495,40.524025893080534],[-91.655284181819525,40.514729324099108],[-91.651854698135764,40.504293629747281],[-91.643187000779449,40.49726267423307],[-91.630818023033328,40.49417137700749],[-91.620956877657761,40.491171110958078],[-91.613233877641278,40.484172525641611],[-91.60476973643415,40.474028717051681],[-91.602137804815811,40.46601836115849],[-91.594465085894967,40.458300764268927],[-91.583327450001775,40.455729339037816],[-91.57096854106527,40.452631746557927],[-91.570819836366297,40.452463823346818],[-91.565698718920714,40.446680151068165],[-91.56692857689228,40.442169881934547],[-91.573641316293674,40.440261912657206],[-91.581705885118481,40.441760986280542],[-91.584323034580336,40.441720486211523],[-91.590816593910631,40.441619753149155],[-91.591822837254085,40.435662210442729],[-91.58514807082679,40.432057272625059],[-91.57051029601331,40.430313534841787],[-91.555638651602465,40.428383147264469],[-91.554949438165977,40.428293636841943],[-91.54941584306664,40.421611836816851],[-91.550296412449427,40.41277210185109],[-91.552231684244816,40.405677015681761],[-91.552756769609175,40.403751679596382],[-91.549728585006164,40.397163509788186],[-91.542495363869932,40.392575719993545],[-91.53185736792318,40.392175946163036],[-91.524101501283212,40.395720836247619],[-91.515749930015204,40.39876313121357],[-91.509424430592958,40.398356678118262],[-91.505969493397345,40.396429984056567],[-91.503980443942282,40.391603423359356],[-91.500520549683586,40.386915923031495],[-91.494012793655486,40.385709891698184],[-91.486411239886763,40.386860082327019],[-91.479732418416347,40.388284739748997],[-91.462869335051721,40.377569201557435],[-91.44949656191676,40.380654729632113],[-91.43217984432431,40.386465011950804],[-91.419647852766161,40.391018566353807],[-91.403221101572569,40.392782074832951],[-91.39085600619967,40.399497594938111],[-91.381803286592344,40.408259350588594],[-91.378481914009114,40.425157804289313],[-91.375138764342466,40.432941924030615],[-91.375477844726731,40.437271948341788],[-91.376453289887365,40.446183343986206]]],[[[-85.825817109771776,40.698041289773755],[-85.824773934869143,40.654791684788449],[-85.821084989580584,40.652050787713733],[-85.816535660192528,40.648576254290731],[-85.812501071267377,40.647939052245533],[-85.80577843932349,40.648210720348516],[-85.801166625039684,40.648586110860379],[-85.796018064781833,40.650534742984064],[-85.790666166910057,40.653853866362908],[-85.785355574899825,40.653474553907586],[-85.777090682089295,40.652532360280247],[-85.770219685390146,40.649704424119932],[-85.762564021212597,40.641255554300471],[-85.757422321882586,40.63633914143827],[-85.750274576810227,40.634025827030371],[-85.741628068380635,40.631582601056266],[-85.735816730257852,40.628458231262414],[-85.730706331831698,40.617912780950121],[-85.726733189984714,40.609933425587201],[-85.724470823069964,40.60746789103041],[-85.723120034162207,40.605995689149779],[-85.722661700976687,40.645085139167918],[-85.825817109771776,40.698041289773755]]],[[[-97.675205531809809,41.511857947786098],[-97.865677952675355,41.512754621328781],[-97.865342476773833,41.50047194162687],[-98.00178005070876,41.498903547360896],[-98.001330231405007,41.483550468879116],[-98.078913466383312,41.482240482212546],[-98.079337636123,41.469329906649932],[-98.243547079733901,41.469463974882615],[-98.240622395407172,41.255662019586566],[-98.063087760891392,41.255762198666559],[-98.062717297765062,41.270517841325386],[-97.994293391626684,41.270441290133476],[-97.993836561208298,41.282739583864782],[-97.855352855150102,41.28310869620941],[-97.855070550765276,41.302777301930973],[-97.676616079768223,41.302934606846691],[-97.675205531809809,41.511857947786098]]],[[[-123.63776919599155,41.234834137385576],[-123.66009060209956,41.262378895869404],[-123.70096117112109,41.29659676602796],[-123.70913428991554,41.303383930623966],[-123.73152164061122,41.321965031161312],[-123.74720527930015,41.339571515712919],[-123.75069573162267,41.363838721979505],[-123.78122405664487,41.392976767963546],[-123.8135368659336,41.43423818864153],[-123.83271483841901,41.479878266268997],[-123.85126515516276,41.508097733023988],[-123.87997701422779,41.532643739916693],[-123.91960085219756,41.567140488942471],[-123.94918409407063,41.601516164939142],[-124.0013155960379,41.61795291119796],[-124.04045021990169,41.623416940139748],[-124.03626263021619,41.597795996987713],[-124.03414690585498,41.5691676291828],[-124.03526793596643,41.551317733226881],[-124.03884984844171,41.542422684559313],[-124.03616148616362,41.523474898048164],[-123.97883699113419,41.519106855796792],[-123.94665415006892,41.506203186128175],[-123.91712807270238,41.471067102764607],[-123.89863537102553,41.428778790308968],[-123.88506757001232,41.402891396021175],[-123.85524237903252,41.376362226635479],[-123.83424849996828,41.353349587213756],[-123.83098267760846,41.326513723829351],[-123.82313469341136,41.30779923224884],[-123.7813379144132,41.287111435644306],[-123.77862633523716,41.285768363818988],[-123.75083359679303,41.262262456147482],[-123.73490168676341,41.238443947730048],[-123.70393497731732,41.20451062576484],[-123.63776919599155,41.234834137385576]]],[[[-124.06124941283008,41.87650644091957],[-124.06619974002592,41.974804260608209],[-124.06682696229444,42.067553227299641],[-124.14871393170256,42.063622841021356],[-124.14955336069903,42.035629614914853],[-124.14493858314904,42.00722106210236],[-124.13748778093628,41.98200091171276],[-124.13697023638724,41.96705538619716],[-124.14554826324172,41.953704674331334],[-124.14637166092336,41.934042487071167],[-124.15768979884513,41.923173826710808],[-124.16665700911364,41.916633452272038],[-124.16256562440401,41.90316860564667],[-124.17110080755617,41.891706334279945],[-124.18627712698776,41.876139880850872],[-124.06124941283008,41.87650644091957]]],[[[-78.772827699138986,42.196910150982717],[-78.783861600932084,42.193316958311016],[-78.796087269012219,42.187544187614208],[-78.807377659251529,42.185394887064433],[-78.810890321231284,42.184016267736638],[-78.819679005281841,42.186676345437036],[-78.839200477420036,42.15986295970788],[-78.841687319614095,42.132974581311942],[-78.86166712673645,42.126421117240795],[-78.874018396831502,42.122539305144869],[-78.882860521295981,42.120037116020114],[-78.891759701449018,42.122239006225186],[-78.891583710419866,42.157437308285182],[-78.903737502883416,42.166673453617022],[-78.917222747931419,42.155903239343047],[-78.914424938160323,42.107605401568094],[-79.003657516081489,42.031933851865801],[-79.00268574555065,41.993974435072175],[-78.957773375041199,41.994394563258538],[-78.959732292711124,42.023849506949261],[-78.921530698382981,42.04520955577641],[-78.904942142066147,42.068219236428661],[-78.876322977923053,42.071671283203216],[-78.854618435692203,42.085025372922701],[-78.82938052189354,42.087539404320125],[-78.806276441204773,42.096459625911052],[-78.792795830363218,42.119433420915698],[-78.788103762378682,42.135205189567898],[-78.778722197571312,42.144670557700124],[-78.770365000144579,42.14770515267071],[-78.72316299617529,42.132497892064123],[-78.722232830080998,42.099476987173261],[-78.688536895861034,42.068799319832806],[-78.652589958559702,42.068797760408358],[-78.645728125052869,42.075798216314695],[-78.6345486266178,42.075127334658816],[-78.625056064785497,42.07281890986485],[-78.622427737649957,42.078079172216064],[-78.613737632785501,42.084814672559162],[-78.594379659193862,42.079200180743783],[-78.586376167825847,42.080863584786641],[-78.571790685891415,42.095674295632307],[-78.588728995746521,42.117860923942544],[-78.594402949836251,42.113040793397943],[-78.599585750881658,42.107679642401649],[-78.65828279301644,42.122245886938174],[-78.662466319564942,42.128016137734619],[-78.684677279932487,42.16409632668416],[-78.772827699138986,42.196910150982717]]],[[[-78.276455043665294,42.250085588679042],[-78.318950048206148,42.24973225134238],[-78.31821584528501,42.216712985016272],[-78.276711228140641,42.215797809721209],[-78.276455043665294,42.250085588679042]]],[[[-96.254732721837627,42.224881985815045],[-96.25957046560444,42.22786108991744],[-96.265213081018828,42.230838249685519],[-96.270056495011204,42.235012610343745],[-96.274093533689609,42.238590721384753],[-96.279742642209158,42.242762851724308],[-96.284590327981221,42.247534414381789],[-96.287829298383372,42.252309557240324],[-96.290261395247171,42.256488668117584],[-96.287864985280805,42.260679169807872],[-96.286275662891512,42.265465546997461],[-96.389104819231989,42.265401237377262],[-96.776386154597333,42.264383296551955],[-96.777612411683435,42.144064473096989],[-96.779068682973332,42.000597600199114],[-96.470513691053952,42.000457797889112],[-96.176922068998238,41.999599227722229],[-96.177737885395061,42.004980075670005],[-96.180154314270169,42.00916253292462],[-96.18016703068389,42.013946498132441],[-96.179377820729826,42.01873162076771],[-96.178588498360455,42.023516713725428],[-96.176193422088716,42.027706121840083],[-96.17379804904067,42.031895464304284],[-96.169798110094689,42.036086984027122],[-96.163383906941704,42.037291712242791],[-96.159383003922471,42.041482865941589],[-96.164203450129094,42.04446635513824],[-96.16982659162386,42.047448530425413],[-96.175448678213911,42.049832463197674],[-96.181069564208997,42.051618163347598],[-96.185092600443113,42.055797917240113],[-96.189117804043406,42.06057548197299],[-96.193141868202645,42.064754929196681],[-96.196363906169324,42.068935517660066],[-96.200387147448851,42.0725167313621],[-96.203610000201309,42.076697094095664],[-96.205229734964234,42.081478013299716],[-96.207652426718084,42.086257519668834],[-96.210876383838013,42.090437627894289],[-96.214102630631885,42.095215570342361],[-96.217327413329429,42.099395465428415],[-96.220554543257549,42.104173190240601],[-96.226183130147319,42.106554636387386],[-96.22780517257064,42.111335096037919],[-96.222996865412995,42.114333636288336],[-96.218190059223843,42.117929902842775],[-96.218207414340668,42.123311213042086],[-96.222235044311788,42.126891489650575],[-96.227865580032471,42.129272798201157],[-96.234303921888454,42.132848130336981],[-96.238335079000649,42.137025750138321],[-96.242364591252851,42.140605308188469],[-96.247195760076238,42.14358518660714],[-96.252828562987759,42.145965299059355],[-96.259262937934182,42.1477455367272],[-96.265699999155572,42.150123335223782],[-96.270532875791559,42.153102258562456],[-96.27616973734348,42.156079167419705],[-96.280202387330291,42.159657398969841],[-96.285041626669681,42.163831505119902],[-96.285044146570044,42.164429396899209],[-96.29553871503964,42.175166568282577],[-96.512287546333141,42.175760913135662],[-96.51250237188691,42.204093909406424],[-96.386415676342381,42.204348827636352],[-96.302099910582399,42.20444672243832],[-96.299706080770989,42.208637707963931],[-96.296510347974163,42.213428437872153],[-96.290890973739408,42.215833396793869],[-96.286078029677299,42.218834066638919],[-96.278851640690618,42.221840064967068],[-96.272412103635645,42.220658863915503],[-96.265972794109132,42.21947732202085],[-96.259536003583662,42.218893295089572],[-96.253103805895876,42.219504641625974],[-96.254732721837627,42.224881985815045]]],[[[-78.075586960869487,42.474939321592444],[-78.108894090289994,42.496055577702805],[-78.220673923762547,42.409022800861635],[-78.185365974560057,42.388342975847706],[-78.075586960869487,42.474939321592444]]],[[[-77.94627051207442,42.681096581741883],[-78.072142429729297,42.677901259935254],[-78.073597599349682,42.605604579887483],[-77.947135564554628,42.604468505017564],[-77.94627051207442,42.681096581741883]]],[[[-77.93773988129044,42.729823556212182],[-77.936056029362248,42.746472356314257],[-77.979218481048008,42.745831995849983],[-77.978137811610679,42.72877464093699],[-77.93773988129044,42.729823556212182]]],[[[-77.902915797026367,42.780275477131624],[-77.892786149161395,42.789331245440678],[-77.895321401861167,42.804494960873797],[-77.945508860945154,42.802792821231776],[-77.951582758837219,42.798060842234122],[-77.951230358594159,42.788856043671558],[-77.950340988445816,42.771122761905985],[-77.90257018216812,42.771070324236121],[-77.902915797026367,42.780275477131624]]],[[[-77.848887017821596,42.896867544201882],[-77.83375924469334,42.906585073242582],[-77.877339735440387,42.925740423281979],[-77.891934796053931,42.907490763388068],[-77.85185525991227,42.889564151664331],[-77.848887017821596,42.896867544201882]]],[[[-76.675779001299816,42.890839140314142],[-76.747745839698723,43.002737838980124],[-76.770172774054231,42.97919485675726],[-76.771506009094992,42.968002300166063],[-76.775490602009654,42.954377141292071],[-76.78033266971687,42.944450588224129],[-76.781265373697977,42.934619976630643],[-76.781799730173361,42.926151835239068],[-76.825575185846105,42.922360411303998],[-76.82709653657588,42.910484988691337],[-76.837755530793061,42.907174120189552],[-76.85156762904279,42.729747932221358],[-76.642773071020372,42.729434785586932],[-76.675779001299816,42.890839140314142]]],[[[-90.967174844843157,42.914540423901485],[-90.96801553468913,43.02632981536874],[-90.970693179746434,43.040066135843574],[-90.972809069582866,43.038304470974595],[-90.98486496994235,43.028264330834247],[-90.994282808005153,43.023335570280381],[-91.016351358928034,43.010508664043641],[-91.033438456219756,42.999690574360557],[-91.048990263289966,42.99323388273757],[-91.072626655395766,42.991522807431693],[-91.08898459856033,42.990403449159885],[-91.093166624140338,42.990383452734193],[-91.107570351290633,42.990313501666833],[-91.108883354283364,42.990307041836559],[-91.115301824719381,42.989955190179955],[-91.12764449279905,42.989277633755819],[-91.138623957729408,42.987497253095796],[-91.148400833931305,42.985668741619179],[-91.159916060078046,42.984792508767327],[-91.159098615009043,42.979450605061402],[-91.159386986220397,42.975479439024923],[-91.162054314255158,42.963636361428996],[-91.162534506362363,42.957017582295634],[-91.157007734419381,42.950163503642841],[-91.156727496676581,42.945727383611938],[-91.16204479043472,42.938855405752406],[-91.158545306220844,42.928982860570613],[-91.155743368561559,42.91780980307999],[-91.147206098982224,42.912204814400695],[-90.967174844843157,42.914540423901485]]],[[[-98.153796831358648,43.084598497822469],[-98.149305259130358,43.151481930946431],[-98.145678110756194,43.160432486670004],[-98.134860357419541,43.177247439217979],[-98.12222538988982,43.198678958067489],[-98.13211763112372,43.201663038118795],[-98.142849545070419,43.206351941389016],[-98.162284614843088,43.213468837916594],[-98.192816288041229,43.224114148948843],[-98.234111067271897,43.239719079871691],[-98.277980726928945,43.25444520228433],[-98.312930744158507,43.267894471752527],[-98.463500030901685,43.322873188646781],[-98.638996625393929,43.385015759269947],[-98.737989939384136,43.421863167051583],[-98.735170946082235,43.304416486831428],[-98.733377393052194,43.247099487651269],[-98.732346857221671,43.214119340035552],[-98.732072409314185,43.205330414966738],[-98.731931634837053,43.187552321782277],[-98.731293469617867,43.1466774719878],[-98.73205791763877,43.117597360329967],[-98.732440148394119,43.103047008612634],[-98.718218682346276,43.094297615042933],[-98.702200861880215,43.086531803699813],[-98.686085131323694,43.080340802386161],[-98.674099924871598,43.078177274561597],[-98.659895922758608,43.078361807351598],[-98.651546436119077,43.079323390362219],[-98.643015171313095,43.081226272174774],[-98.63032125502184,43.083408142571784],[-98.610715633319785,43.082293214360391],[-98.593567894742534,43.077300167568751],[-98.581321705032622,43.070864490403949],[-98.571840544805241,43.061693654738406],[-98.563748525074345,43.047904801265645],[-98.553716674884583,43.02421324564483],[-98.545978520392339,43.005826638788392],[-98.53645333295492,42.995123851184815],[-98.526410743061319,42.984430796943798],[-98.509078883583584,42.97369366962721],[-98.498363616088,42.965688705169669],[-98.489300756624573,42.953060538313252],[-98.479911382104547,42.943459237653769],[-98.458865862169773,42.933840927217091],[-98.424430957722507,42.920753680737846],[-98.38561813466913,42.904873228117026],[-98.367530427387294,42.90091871572622],[-98.352943443584991,42.896608142851562],[-98.337868205253415,42.889436851729386],[-98.319598420330806,42.880029115751142],[-98.28018197861536,42.867855717167686],[-98.260863952909062,42.86161376656213],[-98.246388771024954,42.860156927800006],[-98.227267150058879,42.859642770997141],[-98.216965098560422,42.854665224920268],[-98.189803914419088,42.834784845943943],[-98.182883073694882,42.850075335208601],[-98.170806852254373,42.862334881649531],[-98.163328876126684,42.87221798307354],[-98.159709500592953,42.880885810831558],[-98.157203144909147,42.887813116781956],[-98.152523355368544,42.899940717390223],[-98.156328487669555,42.909052151036008],[-98.16125826625597,42.916709711883755],[-98.159502975781663,42.922763177178922],[-98.155555069810589,42.933443524898792],[-98.15067783681269,42.939551087113045],[-98.148352852801906,42.952210187949845],[-98.145682798921996,42.966308893840448],[-98.136145984149834,42.973356597429074],[-98.133752888185199,42.984008533766882],[-98.135934247767295,42.991140174679344],[-98.14002242999112,42.996804926905895],[-98.139535741181476,43.005989836961476],[-98.140563223813672,43.00857179235436],[-98.142936160575289,43.014533890126984],[-98.149686610348738,43.017857996649298],[-98.151507909262591,43.025855592961307],[-98.149248948080469,43.064892615202098],[-98.153796831358648,43.084598497822469]]],[[[-86.031503321221237,43.488175395777944],[-86.150907216694634,43.48928696232349],[-86.459249913752501,43.493219846019144],[-86.455673927809471,43.480342492312218],[-86.449472942222485,43.471944281303593],[-86.444791937697744,43.463302282074721],[-86.437592020255465,43.45158522737637],[-86.436466235428384,43.438894543248637],[-86.431197283827544,43.430926271130545],[-86.428217762439772,43.424214415762719],[-86.428146664736744,43.414485328635067],[-86.427432150673155,43.405786921229492],[-86.424815745849969,43.396581574979734],[-86.41967818879732,43.391143139844075],[-86.417523236907812,43.385574498164601],[-86.416270463311207,43.377194115316229],[-86.413811814863323,43.366919607354021],[-86.407368140926906,43.360298738196263],[-86.405347849023997,43.350417717803509],[-86.396621793760744,43.342538816713102],[-86.389568864211697,43.333347917172716],[-86.380441392955902,43.321473982038697],[-86.37744088678744,43.315537846794257],[-86.147293855826774,43.314873754120526],[-86.148372883102013,43.401428201350484],[-86.028313651653662,43.400248770164637],[-86.031503321221237,43.488175395777944]]],[[[-84.611280868117547,43.811331497150945],[-84.731539248137778,43.812024175675219],[-84.732008077310866,43.727300309261921],[-84.869042525891814,43.728318906592335],[-84.965489604661514,43.728945947197758],[-84.963977595189817,43.555691299613841],[-84.952632859818607,43.555595545198287],[-84.844283964233512,43.554629118439095],[-84.843664629019372,43.597264115046926],[-84.729804232879019,43.595419288069763],[-84.61177479736898,43.593689969116838],[-84.611280868117547,43.811331497150945]]],[[[-83.943270468757078,43.827266721182298],[-83.938780723051877,43.840794421425471],[-83.937819092377197,43.853218512324531],[-83.933066837264676,43.860943378434229],[-83.930057729980206,43.866429510013916],[-83.930401805199097,43.878979383691672],[-83.92943802964129,43.891402611241574],[-83.922107736582745,43.902247562774846],[-83.907135939172235,43.921980642692574],[-83.884381844946176,43.947697565989927],[-83.876638208186705,43.964276595788306],[-83.866105189203097,43.97432675257761],[-83.857582826785972,43.980720371148266],[-83.853730950422971,43.987085643987314],[-83.846301238211538,43.991177848878692],[-84.18560831727001,43.994795278279526],[-84.179887139779623,43.816689863846193],[-83.941356146668795,43.816008584228825],[-83.943270468757078,43.827266721182298]]],[[[-86.15923028934634,44.000907097884294],[-86.280167734853023,44.001221883083474],[-86.276186381296441,43.661591540017582],[-86.152745721437839,43.66006589772303],[-86.15923028934634,44.000907097884294]]],[[[-88.123387060564369,43.99617220328463],[-88.125474417610235,44.123926841750404],[-88.225727565774491,44.122361612198688],[-88.301627903005283,44.121123549712081],[-88.303527144362192,44.118243376430712],[-88.315449194124994,44.1001569668706],[-88.317677483029399,44.081207539996001],[-88.315991041952998,44.063381642448917],[-88.303080846803596,44.028507495624467],[-88.290184381603865,43.993629916087798],[-88.289063576322974,43.939017805127662],[-88.126205176127939,43.936466406899228],[-88.123387060564369,43.99617220328463]]],[[[-93.649986609794155,44.116210690071341],[-93.665870961875328,44.116505682990919],[-93.667505183817127,44.13662251891418],[-93.905063840723642,44.138524719939937],[-93.903858918254457,44.007007272167925],[-93.903224085922773,43.937490457718525],[-93.662077329205317,43.935289863436481],[-93.66235298490227,43.950734652981907],[-93.648006969945698,43.950109214968336],[-93.649986609794155,44.116210690071341]]],[[[-85.329733891206104,44.862615765605142],[-85.33028576917286,44.944666465584987],[-85.417958732909142,44.945267372791079],[-85.416785996276644,44.86221570668954],[-85.329733891206104,44.862615765605142]]],[[[-83.529436396372546,44.964038358883215],[-83.565300848755101,44.965025675094864],[-83.565788743555629,44.933707378392853],[-83.529374800006963,44.933025089736134],[-83.529436396372546,44.964038358883215]]],[[[-74.51893314135134,44.978006324931982],[-74.766620831885859,44.975145726294272],[-74.767582315071763,44.970082384894226],[-74.76476213466475,44.967515563292693],[-74.756568104834116,44.965608099434291],[-74.736796059090807,44.967490261766216],[-74.701261780206949,44.972448329426925],[-74.701729424972939,44.968868902677741],[-74.712083352065008,44.964351420082039],[-74.722167523912049,44.965014116108648],[-74.752488291701241,44.960214876815144],[-74.753386516574437,44.929009207608885],[-74.532434060683329,44.931682421706455],[-74.532189488254232,44.954126695890352],[-74.520549180800003,44.953705188143942],[-74.51893314135134,44.978006324931982]]],[[[-83.448808933785244,44.958861675026355],[-83.452049084997213,44.966092547133371],[-83.454724373830743,44.978375529906828],[-83.489243488096463,44.97937097509049],[-83.489506138697323,44.973688088934182],[-83.485615928732102,44.96759663897376],[-83.47969563414614,44.958901308148882],[-83.474734480012216,44.951802277553099],[-83.465843132954205,44.951827641132809],[-83.444266331326105,44.951802437632466],[-83.448808933785244,44.958861675026355]]],[[[-88.474039094428633,44.915635644869155],[-88.474882019089875,45.112101980621958],[-88.514426748195831,45.111958286945423],[-88.641809973851196,45.111412568435355],[-88.967636287384721,45.109441309369004],[-88.965459854288781,44.938948283736352],[-88.965822665983239,44.864610469997274],[-88.965908744592866,44.846946629383467],[-88.716632739809086,44.847720674069933],[-88.65977820080326,44.847738608350141],[-88.708134982843148,44.816417299818568],[-88.691258153341039,44.804408555410532],[-88.636082177350545,44.765099233742717],[-88.565362758884191,44.714606873908167],[-88.551720449039465,44.704852356650974],[-88.47457180244669,44.649603225308681],[-88.433160049296816,44.619886036611376],[-88.445117419033636,44.610217722070274],[-88.471153234733947,44.589151580680948],[-88.513182418333884,44.555102933253806],[-88.538460207172761,44.534599944631793],[-88.61685195515355,44.470896363176678],[-88.686711385222225,44.413973760780493],[-88.691032000826112,44.410448517285317],[-88.622022698988303,44.374140902380816],[-88.58164062641373,44.352857468597335],[-88.461745585090625,44.28950370902902],[-88.377574627267222,44.311858084283244],[-88.275617667621248,44.338839488551628],[-88.189982790673241,44.361419840952976],[-88.185519628927693,44.362594653220697],[-88.161339843059295,44.387284026436703],[-88.157014545584786,44.391697901736848],[-88.172766415837373,44.398208239718542],[-88.103118418180429,44.46554172417126],[-88.100385261570523,44.468180264008026],[-88.094422026155542,44.465558535198284],[-88.09180207170823,44.464406516247777],[-88.084913543625078,44.473226836649246],[-88.113923588203022,44.486211270833508],[-88.114933853314653,44.486663231423051],[-88.110157419928953,44.490882658008331],[-88.096834401786168,44.502647989213358],[-88.126703587600446,44.517457878078687],[-88.114859109760062,44.528209533942913],[-88.111444501762321,44.531308187622813],[-88.086826469066239,44.521336566829177],[-88.083104773166724,44.519828383073445],[-88.07400952192188,44.530390431273418],[-88.036368849143059,44.513647096236582],[-88.020483018576385,44.528186415071048],[-88.020165184675477,44.539154087191434],[-88.021762766438485,44.546501390926494],[-88.026631079061019,44.550744160314821],[-88.033840945703048,44.563803963082478],[-88.036934490334431,44.574503437583644],[-88.032735662720597,44.584744683220606],[-88.106004753616446,44.640037624137108],[-88.18880384242334,44.702351434671016],[-88.295250704256546,44.782196682231131],[-88.354825453232024,44.826753386159908],[-88.474039094428633,44.915635644869155]]],[[[-85.542964569259425,45.161133979949284],[-85.540646519920926,45.175319375988465],[-85.543239926381432,45.188468459851606],[-85.547826259274416,45.192883949434759],[-85.557226769199985,45.193411936911389],[-85.565392510855645,45.189047268017077],[-85.567924933388952,45.181827239035897],[-85.572693528283651,45.17335198220826],[-85.586047200717701,45.164138415255707],[-85.597138205863473,45.160489237987974],[-85.602474031051656,45.163079273789492],[-85.603891897692904,45.168944089198419],[-85.605014149083672,45.174545212591568],[-85.608460879066286,45.176262609232083],[-85.619569289690901,45.176685381425273],[-85.629466139950352,45.17413434472428],[-85.641168722758323,45.166698255420215],[-85.64863847368656,45.158199994833922],[-85.653642687360104,45.152376520360178],[-85.660832359725589,45.147687820336671],[-85.664583815090964,45.139127476851627],[-85.666511276274321,45.131377763373109],[-85.672933335904702,45.123032913638099],[-85.681615554614098,45.11534938126897],[-85.683143947035489,45.103494315710179],[-85.690353531290384,45.096529759840621],[-85.698607869657394,45.092523969006038],[-85.701763436933049,45.082356901250023],[-85.70858182599045,45.074641084118809],[-85.73847044705343,45.055843863003929],[-85.752582038430319,45.043680758060589],[-85.758672563887671,45.034107149325507],[-85.762807386751433,45.027251360162211],[-85.768168260756568,45.019056207078336],[-85.766702936890965,45.006000684184301],[-85.761558565675216,44.996962273690031],[-85.759142331053681,44.98670486094062],[-85.761660910322689,44.980437685251047],[-85.77191315916491,44.970118713008276],[-85.784484145326985,44.964297852863695],[-85.791941528778466,44.958785239846975],[-85.806895013294195,44.95387201058486],[-85.932037970176168,44.965974440967727],[-85.927839891697602,44.870045862726442],[-85.806405740732316,44.870801101689551],[-85.645811370298475,44.869698718121413],[-85.637292139320721,44.888061073859546],[-85.633423361099176,44.896374925762245],[-85.630526447837269,44.898655720685042],[-85.626812021157832,44.909139059320182],[-85.62050076699677,44.916893865659404],[-85.609078474991577,44.924950506960386],[-85.599628585091068,44.927055370209246],[-85.591676589802717,44.929281992669871],[-85.586857829824964,44.937157268593126],[-85.590319326675569,44.943911574659523],[-85.59046063894732,44.958663182060263],[-85.585294351253253,44.968666755766208],[-85.581913905802082,44.977018522187109],[-85.583050093087309,44.982503815598648],[-85.593663370268303,44.982651622774199],[-85.601236879578266,44.979674739097959],[-85.607999026833568,44.972317441196992],[-85.615972214645979,44.966855933954264],[-85.623084276418183,44.966716207187289],[-85.625837983436156,44.971613674031857],[-85.62202005827902,44.979570951937944],[-85.61208676299367,44.987748910883568],[-85.608387959336824,45.004342706650618],[-85.60254818734893,45.015369626107429],[-85.598845341239496,45.03196220059516],[-85.59247878596716,45.036834830862801],[-85.584473447391645,45.036181658656687],[-85.576756465638368,45.033754238267534],[-85.576316067632376,45.042704654596207],[-85.577722773687015,45.049649080041092],[-85.581977986994445,45.054669234197831],[-85.589582493237458,45.057805714262372],[-85.597808747575584,45.069618542261992],[-85.597969435740822,45.081133013877547],[-85.59625972200854,45.088541389673424],[-85.601848648796079,45.094746978890043],[-85.61028797590933,45.099027639414089],[-85.616552500397518,45.104209042013736],[-85.619311595253862,45.109105255203417],[-85.61984625659943,45.114419610876382],[-85.617705587742648,45.119276993138783],[-85.608182424679114,45.130003000338263],[-85.59904015687772,45.138363510867407],[-85.587400222642145,45.141249248254269],[-85.582915204672929,45.13968594325172],[-85.579932827937625,45.135130324005274],[-85.579801495442609,45.125536018272669],[-85.577449497596206,45.121271129159311],[-85.571065231075522,45.120989879679257],[-85.565169513162459,45.12601935710768],[-85.562218451720128,45.134435756904736],[-85.557489924320521,45.142674883239351],[-85.547722889399779,45.14858527359155],[-85.542964569259425,45.161133979949284]]],[[[-123.58335187009271,45.215301109958318],[-123.74592727342491,45.21661438544561],[-123.74221029716745,45.038653348173511],[-123.58444982989568,45.036222647057571],[-123.58335187009271,45.215301109958318]]],[[[-123.99897695492251,45.392786654080851],[-124.04355521739933,45.393064492432416],[-124.02813384799867,45.382686226088538],[-124.00667824170745,45.370325078739427],[-124.00595190515628,45.363697349553092],[-123.99688868686337,45.355544888186103],[-123.9909025223335,45.347301071886989],[-123.98703359392516,45.339980291857046],[-123.98246407925382,45.333615539725429],[-123.9749482794395,45.333903189680484],[-123.9753676989601,45.33860238029564],[-123.97030405898511,45.344331120185075],[-123.96123162174194,45.345565719382478],[-123.95618340334136,45.341904021753237],[-123.95657307688595,45.335226462031642],[-123.96127659683742,45.326183876884443],[-123.97292049798256,45.315584065252438],[-123.99285570862401,45.303919741402979],[-123.99867319001567,45.294223840158168],[-123.99996851323624,45.280149642591994],[-124.00442886370109,45.274353029968438],[-124.00438041362514,45.263576449393668],[-124.00640789740652,45.242343937922442],[-124.00020958100731,45.236745486415145],[-123.98835191011256,45.237413422791292],[-123.97929493131602,45.238649579614446],[-123.96467166796305,45.236940186940103],[-123.95626275772008,45.227042869033255],[-123.95095827210656,45.219644460423581],[-123.94987698393561,45.214094397838267],[-123.94732837090754,45.205278172050043],[-123.94419439005901,45.200188933772324],[-123.94316922228177,45.191197016429214],[-123.94861847356367,45.195466680942616],[-123.9551177606761,45.200499198079569],[-123.95902142539842,45.207612865141641],[-123.9646770773852,45.212335301433086],[-123.9684380511751,45.215985069555359],[-123.97007009316025,45.219613706307541],[-123.97426955029948,45.222665488221764],[-123.981503836233,45.223037470303041],[-123.98733847668933,45.218729301316273],[-123.99270561986845,45.216523612374885],[-123.99279342067979,45.201020485606989],[-124.00772120257142,45.188670493448569],[-124.00777651717249,45.174671509782399],[-124.01450770526634,45.167660660411229],[-124.01590081896757,45.150361895085439],[-124.02114262992842,45.143185630712367],[-124.02078680866424,45.128278130331523],[-124.02334980994573,45.127700226884031],[-124.02940542911722,45.122337625281261],[-124.03467162159802,45.113655119688076],[-124.0342001322303,45.104767960772847],[-124.03055497223414,45.09509798698258],[-124.03253259400395,45.091653721142393],[-124.03918045361502,45.081658529117874],[-124.04399800040738,45.057491056766935],[-124.04361705028663,45.035089566930026],[-124.04336905144055,45.019841001361158],[-124.04181730902155,45.010509119600215],[-124.04312116590904,45.004591953755721],[-124.0484036945748,44.998711748248638],[-124.04984552724926,44.985266057182855],[-124.05290188221608,44.970517223291267],[-124.05003038019788,44.968043369106226],[-124.04193155529703,44.968626769210061],[-124.03212502395064,44.968346453226275],[-124.0333016375605,44.962145297667405],[-124.03157266394726,44.955351919655413],[-124.02459935857348,44.952556261062625],[-124.02551862668327,44.938916314636288],[-124.02222955864715,44.930601564310791],[-124.03970778998251,44.931331382137614],[-124.04653478914918,44.93478390375418],[-124.04946260761324,44.941306117283546],[-124.05133774084402,44.947441895726968],[-124.05393640204329,44.950289816621819],[-124.05711370143615,44.950507451657643],[-124.06177805771114,44.949138527920752],[-124.06505803809796,44.943709228098442],[-124.06449925873375,44.930714183712666],[-124.06479025506621,44.914714311016667],[-124.065962755177,44.90851217789475],[-124.06565867910473,44.896083370950862],[-124.069843765977,44.89169721815216],[-124.07440166860209,44.881289343428534],[-124.07782136136672,44.875201292006068],[-124.08424325821977,44.8640565172945],[-124.08377495155275,44.85322565903698],[-124.08726926286613,44.850244537755259],[-124.08810684105782,44.840366647902556],[-124.08371269958138,44.83448977078632],[-124.08293977365162,44.825915132577336],[-124.08354008820447,44.814528193821161],[-124.07918186924786,44.806768078783875],[-124.07740957169432,44.794982521826],[-124.06853716255995,44.781060233243238],[-124.06475948566168,44.770667882616749],[-124.06515964530138,44.755888014920004],[-124.06782852916325,44.74715521384212],[-124.07377373496985,44.73986469869692],[-124.07720794279231,44.732061284900453],[-124.08001676925846,44.726681555709263],[-124.07919662622328,44.719366501662762],[-124.07627747632444,44.711278829254638],[-124.07536990659588,44.702983319924328],[-124.07813858192998,44.69585131478641],[-124.07665574736484,44.690187260433788],[-124.080784268679,44.683745502952661],[-124.08204924607583,44.67795564603631],[-124.07817746321933,44.670084720133787],[-124.07162689496522,44.670326223176687],[-124.06598960083937,44.672610086586303],[-124.05788116398452,44.677206440624786],[-124.04976684916073,44.676302167810832],[-124.04192509366811,44.672084813263552],[-124.03720570068253,44.664656603819253],[-124.0367790119418,44.653501379884801],[-124.03427343417161,44.646319706089628],[-124.03763825030495,44.641303177099985],[-124.03139121223461,44.636723133166129],[-124.03008527071864,44.627518045021816],[-124.03642905155942,44.626824640744644],[-124.04304892426842,44.628318679963172],[-124.0448730452548,44.632404710109313],[-124.04612136720732,44.639122495606728],[-124.05110271471847,44.649491742649843],[-124.05699320307383,44.656403106318351],[-124.06538224189694,44.659494533945633],[-124.07503727165272,44.656795363615174],[-124.08389277892854,44.651526430900105],[-124.09172324433223,44.63848678463745],[-124.09452722525123,44.6290934018391],[-124.09940042029314,44.621978866031895],[-124.10432903965341,44.605596213094827],[-124.10301732988586,44.590136910290255],[-124.10295933530506,44.581395107897947],[-124.10763819944333,44.573072183634395],[-124.11090834394486,44.560817800201391],[-124.11531938997786,44.549552840091565],[-124.11377433671623,44.541400118820491],[-124.11282519312812,44.535362701027907],[-124.11582453287588,44.526420973049539],[-124.11689348504626,44.519421492008291],[-124.11374975105014,44.512384661223166],[-124.11614221479135,44.495824984835224],[-124.11407849282813,44.487289987842701],[-124.11082221137593,44.48077923797149],[-124.10696822969999,44.478408426307908],[-124.10189486175841,44.479569021193413],[-124.09930531338949,44.483163603317678],[-124.09816018324585,44.488429238218828],[-124.09705455042712,44.491434087213406],[-124.09215600799337,44.494555447875655],[-124.083578637644,44.497266341768295],[-124.07346845380607,44.49732468438674],[-124.06790048931612,44.496595133658559],[-124.05901277731778,44.493121230660336],[-124.0495053955575,44.489037908372836],[-124.04664615489611,44.484187360958003],[-124.04607648474195,44.475062030088679],[-124.04496005915939,44.467062000211172],[-124.06169499003175,44.466475662921539],[-124.07571068310153,44.478483595241755],[-124.0866617240593,44.473578789929263],[-124.10363079342636,44.46149116328661],[-124.11347345233793,44.452232434179564],[-124.11710837714986,44.441591438094463],[-124.11605092640912,44.42481811516393],[-124.11808445723187,44.40933801463774],[-124.12454271097732,44.400650698570928],[-124.12614515987121,44.395478467257533],[-124.12727160659932,44.388613400687916],[-124.13603648379666,44.377593396118414],[-124.13640250607074,44.365896678688841],[-124.13654525725781,44.35745453579824],[-124.1428946435729,44.349789858615111],[-124.14393754867888,44.337736513229572],[-124.14412987679236,44.331284701327945],[-124.13985893074505,44.320451521020914],[-124.1367020738416,44.313367234810073],[-124.13382950792544,44.304415452411263],[-124.13371167785164,44.28161440008455],[-124.13610978483865,44.273854154645562],[-124.13783117986503,44.251429805840928],[-124.14021783398584,44.239265385189412],[-124.14438219058559,44.211069477974092],[-124.14553321488592,44.177355980893878],[-124.1490404035917,44.167234178714409],[-124.14985746734823,44.158432823216287],[-124.14536467204192,44.146448108693335],[-124.15235868970171,44.139027137892128],[-124.15324570362628,44.131010284397178],[-124.15169018765198,44.118748763944382],[-124.14801664505211,44.102969062372381],[-124.15134438213749,44.094188396677225],[-124.15878547077284,44.084658404162099],[-124.15709851438487,44.070222537939799],[-124.15351631232789,44.049011523862816],[-124.1470752823983,44.033869759082165],[-124.13900502716024,44.021307933414448],[-124.12901285326052,44.013797576297179],[-124.11990674719857,44.013294554000538],[-124.1127431129043,44.016549806628348],[-124.10325949213183,44.023344208068806],[-124.09568107072482,44.026292978038555],[-124.08508924956919,44.029334407856709],[-124.08177608509823,44.027493624231454],[-124.08629414415941,44.022646968183096],[-124.08824387975119,44.016388683191224],[-124.08353224971353,44.01326780726356],[-124.07500003522341,44.013430625922695],[-124.06665121408224,44.013505561032844],[-124.06981890331969,44.009370980986034],[-124.07638353876928,44.002250255145213],[-124.08513879142203,43.998830537199581],[-124.09099001897414,43.998884025277619],[-124.0969706229958,44.001110986782692],[-124.10621783988137,43.998177062821242],[-124.11175994076859,43.991890095751387],[-124.11084872878575,43.981682703294155],[-124.1016595631383,43.976590844392035],[-124.09898485976345,43.97179884733896],[-124.10290357643885,43.967488918378933],[-124.11151266677609,43.962496719647959],[-124.11954700938696,43.956834901009927],[-124.12442021791867,43.950299602344842],[-124.13139474457176,43.947886679027079],[-124.13596325829769,43.949435674916515],[-124.13663698900581,43.954088831034767],[-124.13370748880953,43.959374227638534],[-124.124294278658,43.967559515159564],[-124.12384936695469,43.974073590723663],[-124.13443917093099,43.980443512158388],[-124.13584801467408,43.986128827383538],[-124.13962331286558,43.995274678983321],[-124.14486005794527,44.002079382157831],[-124.1493023662112,44.011471858439563],[-124.15432029184797,44.021532782811732],[-124.16182751842518,44.027812858376763],[-124.17055223279925,44.026197479929806],[-124.17388514008712,44.021820440860722],[-124.17186616389233,44.012268552551689],[-124.16708287137737,43.987726380368201],[-124.16718065916007,43.951033303444262],[-124.17110894012546,43.915061925267707],[-124.16947624882977,43.879115432231458],[-124.12731912407827,43.873845135244835],[-124.09613119669734,43.867906318222083],[-124.07443167178417,43.863840014704977],[-124.02273000708414,43.875139760591537],[-123.9709196233419,43.891132854197906],[-123.9296613889619,43.906554571636207],[-123.90238812501195,43.913435314288392],[-123.86235990328686,43.915408337824601],[-123.83517260103469,43.913241359301367],[-123.81977034762343,43.912011038178946],[-123.76905091256953,43.904826122327734],[-123.73705110332571,43.90086378313714],[-123.7373882339798,43.918709997268593],[-123.74309996858864,44.219513509440958],[-123.74646533510708,44.413585562124069],[-123.74542305323126,44.433813709834908],[-123.75068196390146,44.433875529232353],[-123.75596622196355,44.594476183229347],[-123.75650417932439,44.687450806909283],[-123.75676283603605,44.732053372665064],[-123.75600416885726,44.765192443976161],[-123.753451427941,44.950148027709361],[-123.75322708935863,45.038687409096724],[-123.75366605834188,45.046415593704751],[-123.75514097527576,45.072367456792733],[-123.75729123540214,45.1101623030479],[-123.76380153291439,45.121811545266667],[-123.78362454863395,45.138598787903788],[-123.80179104731894,45.158562821816815],[-123.80687974060749,45.174897013886152],[-123.80401067215479,45.190200967800479],[-123.79938710642978,45.200592493748616],[-123.79051729813477,45.204444292769949],[-123.78943952091714,45.210923726448868],[-123.78709367893009,45.22049334489202],[-123.77629527720524,45.232883247164182],[-123.76063390662944,45.242299872940862],[-123.74268802063563,45.24982452568139],[-123.74329651362319,45.392875979243115],[-123.81090655309492,45.392062341903625],[-123.8902013643015,45.392314034265326],[-123.9544302388644,45.392179728611666],[-123.99897695492251,45.392786654080851]]],[[[-95.814896496276219,44.962467299926004],[-95.821246150589332,44.971527851729036],[-95.827604846686313,44.97787254088513],[-95.831195556329817,44.98647600686229],[-95.833077060357994,44.998697389672827],[-95.837406667383732,45.010167342149145],[-95.847160956213145,45.021794300966292],[-95.861177169091036,45.031614859937861],[-95.871146020872118,45.046105556925966],[-95.886869603849107,45.058186964756658],[-95.905687798053407,45.068609358135404],[-95.918443397944429,45.080382456785003],[-95.935670299344793,45.096831694627042],[-95.957381382344863,45.109358470117343],[-95.981550407825011,45.122635666003248],[-96.006901912293358,45.141940065181927],[-96.025020655179048,45.158827520173986],[-96.051677496818968,45.176613424869743],[-96.086456152729227,45.196800513133212],[-96.108114593913342,45.203871019032363],[-96.119424548903794,45.20687668011476],[-96.153142399602018,45.213776904780389],[-96.170222169217709,45.219032729876631],[-96.186240135373907,45.225041659844806],[-96.198852160298941,45.232712360686946],[-96.215943749704252,45.238866532964153],[-96.254079539738939,45.249652399039064],[-96.278889778240625,45.261360904782009],[-96.294721894999441,45.268863862277499],[-96.318647124165409,45.271369824058183],[-96.347270864059112,45.273707975043067],[-96.382731376951426,45.276321129716393],[-96.420265499852917,45.289499527880935],[-96.451272541194783,45.318745042849514],[-96.45493079531991,45.323963387800177],[-96.467620652071389,45.342057089063474],[-96.484735134618745,45.36318921371128],[-96.524242072413699,45.386402780563913],[-96.582327109708331,45.413324495029485],[-96.621784198082253,45.424551715089649],[-96.641868351743028,45.426626941180416],[-96.661993156558879,45.432502523272888],[-96.70087086389924,45.458922314413314],[-96.731359366041886,45.491896608341847],[-96.741539698798022,45.503791343895443],[-96.755728809936613,45.527613749974648],[-96.772108918691629,45.549376239122182],[-96.79350616078068,45.560254220955585],[-96.810318506194051,45.562115598156367],[-96.853901514143502,45.598787071566164],[-96.858687395806612,45.588999327057365],[-96.903965287667859,45.496231881995811],[-96.885620419246891,45.480217539208127],[-96.773693721088307,45.382266911788577],[-96.684666436806594,45.315541792619683],[-96.292174016717468,45.109423199720936],[-96.123892620048366,45.020246709817854],[-95.870827267864058,44.885805349337431],[-95.598634336705231,44.74162178871461],[-95.432949059751252,44.65451491403212],[-95.145349359685156,44.499210352276009],[-94.867014006790953,44.3479313385605],[-94.610386554196054,44.206243349850752],[-94.610346839235206,44.254889407819974],[-94.613564114392318,44.398656710938496],[-94.618977914399181,44.401222295072898],[-94.626288213730049,44.404685918820178],[-94.631567083953712,44.40413885312563],[-94.644341063289403,44.40790109675828],[-94.650950774558567,44.414315261240347],[-94.660310209748332,44.420304966401147],[-94.671297375573374,44.418910217732389],[-94.68592979492405,44.414380577201939],[-94.694181425432419,44.423225928433908],[-94.697961376716137,44.425296803604681],[-94.709946230633989,44.42899490219304],[-94.711057807072109,44.435859368914805],[-94.713768171264064,44.446017483919775],[-94.723221615285297,44.45177411358452],[-94.736027237267137,44.456371605265417],[-94.752635259409658,44.458025720210856],[-94.774229753400391,44.460023863610445],[-94.788698931410522,44.464929919879978],[-94.80698578186832,44.477318615261936],[-94.826768295720228,44.487930591123927],[-94.853148017566923,44.502471926238456],[-94.863516968733109,44.504650577961854],[-94.881733796177741,44.510472683667444],[-94.90192473893552,44.522863110244373],[-94.913146242005439,44.524151240687274],[-94.93578752167673,44.540131546833493],[-94.946237693314856,44.537835496710841],[-94.958764515569897,44.535853516826421],[-94.971996223746714,44.541919126566484],[-94.985951879875302,44.555138292798006],[-95.000432955916153,44.562204732862199],[-95.012212198733948,44.563154272152019],[-95.012878187178558,44.563207923906589],[-95.022305990628922,44.568263371057753],[-95.040311418936824,44.571873249750752],[-95.052853648377152,44.580875348318727],[-95.064347401411396,44.589566357901163],[-95.076339829419567,44.593126543655103],[-95.093353541132956,44.592796041903853],[-95.102105845808126,44.601614791189718],[-95.104112602914256,44.609328631611106],[-95.111258384766586,44.612247235621453],[-95.127350280590917,44.6100940526984],[-95.140422643290322,44.612447636948957],[-95.147058442992716,44.622154393010874],[-95.159648645868288,44.62933364313318],[-95.172312883632628,44.63092630380595],[-95.188358291701775,44.632690270939293],[-95.192078965072142,44.639507327201443],[-95.200710209308681,44.642581070560027],[-95.211503735808719,44.650498348420115],[-95.220308916123543,44.656892836635166],[-95.231394069380769,44.667376192357438],[-95.242704351724399,44.670864095101933],[-95.250364304768823,44.673225500756303],[-95.264308585372873,44.674816336704623],[-95.273658697291012,44.671096204726098],[-95.27383196787099,44.671045398426429],[-95.288302307805225,44.666801245880833],[-95.300994905690288,44.666720600075678],[-95.31259714394298,44.671260545937514],[-95.314687627032299,44.672078366923131],[-95.32852538114139,44.684077118963899],[-95.340483711354182,44.694102063259663],[-95.35287655440942,44.703373165239441],[-95.365320251428443,44.707813051631092],[-95.38663704916047,44.714256896438656],[-95.408973875044239,44.725380809576734],[-95.429459849392515,44.739963050354561],[-95.438853623395971,44.746646249724677],[-95.454687513617841,44.752601107055511],[-95.465149127330335,44.755362076998324],[-95.478886296765154,44.759192063862713],[-95.489233376419122,44.763308852621492],[-95.504028267290664,44.767743977102896],[-95.513536531285865,44.771100846826698],[-95.523459524837165,44.775816805301361],[-95.534891061872997,44.777217258369831],[-95.542714649261598,44.77950930561002],[-95.549292639643568,44.778174452688916],[-95.555874499808283,44.776235598893834],[-95.562847093818277,44.779127120720091],[-95.56577706615866,44.784570124411744],[-95.564680996730601,44.789999328006616],[-95.556388083743059,44.794045438146497],[-95.540257389367014,44.797308425843255],[-95.530283865607885,44.798932142804176],[-95.533214170697363,44.804073867315196],[-95.543337531401903,44.811354117598512],[-95.556854396613062,44.818796181098946],[-95.559559238068346,44.826350759679883],[-95.55739028013727,44.83343566462429],[-95.58010693738521,44.845886096666106],[-95.590483888920289,44.848485031259258],[-95.600222504365036,44.851533794149361],[-95.606967379241098,44.858646749847708],[-95.610106821672446,44.865748294048558],[-95.615396742765427,44.868178573382522],[-95.621541115130299,44.869705817369606],[-95.628315404132536,44.872441706119901],[-95.632424857121407,44.877432894012884],[-95.638334649424507,44.88318343436805],[-95.648926425614036,44.886834199838518],[-95.665428893428668,44.896987589805462],[-95.668355030160455,44.905897113960691],[-95.675539257130993,44.912705018721681],[-95.684223983150275,44.916951271184246],[-95.689709308937438,44.924357505694388],[-95.698606800163645,44.929055803282722],[-95.703930842434374,44.925899934734275],[-95.709279498250226,44.91716155336303],[-95.719674401152645,44.919447871921818],[-95.72793312281533,44.924897133995614],[-95.730448139869736,44.93289861627818],[-95.737214630850474,44.940305250087249],[-95.739310169029068,44.947400251720296],[-95.738215527724378,44.955393804680398],[-95.749262073985506,44.955868510923096],[-95.767320858171047,44.956204342056822],[-95.778357910289287,44.959542890791852],[-95.788975068944239,44.961672887393888],[-95.801518381168307,44.959580900638116],[-95.814896496276219,44.962467299926004]]],[[[-85.680136028654772,45.698733585086927],[-85.67597361009399,45.708569357889587],[-85.675735912981963,45.720512998576055],[-85.677665225869418,45.729638920299976],[-85.690578050636475,45.734258503826936],[-85.703321209306353,45.734676521304493],[-85.715317198629748,45.734435729625261],[-85.714750374829919,45.725299770568029],[-85.706673325213728,45.72035018081624],[-85.70468259672441,45.711578778138175],[-85.704573705911741,45.70068427665808],[-85.702449635841958,45.692739137801027],[-85.690941443292957,45.690026325654458],[-85.680136028654772,45.698733585086927]]],[[[-84.677991725837444,45.735799978686146],[-84.6808116364478,45.739161450240772],[-84.683084154909807,45.743672580924908],[-84.685820362919401,45.747505586813418],[-84.691462821851701,45.75039528841188],[-84.698032298351848,45.7538448908291],[-84.702749378281169,45.758090192708266],[-84.704813628146383,45.763779992852449],[-84.709447725831865,45.76849664920104],[-84.716273450659173,45.774362552789626],[-84.723985520315466,45.781023807802569],[-84.732456463994595,45.785355437403553],[-84.745183953776404,45.788859617877108],[-84.76166154004801,45.790533075441147],[-84.763970093445039,45.7905399030941],[-84.766959525361756,45.790548683175246],[-84.778770071781366,45.790582700031621],[-84.781994605366719,45.789955164799096],[-84.787279883259941,45.78892638084784],[-84.794142483888493,45.784971311776644],[-84.796201189433305,45.781078473093089],[-84.795032836096482,45.774944558944298],[-84.791972712070958,45.773002860593579],[-84.780924787149161,45.765991113698988],[-84.774055292317826,45.760095269880878],[-84.769323368178846,45.756033133822143],[-84.768755282630138,45.752732055340118],[-84.76970046380535,45.748613092919982],[-84.773436068619617,45.747287438264721],[-84.778306215859118,45.746348953441498],[-84.789096070427263,45.745789149749498],[-84.798778814590605,45.744234273193229],[-84.805244452669342,45.739106570012268],[-84.809659917071485,45.735896636020982],[-84.824237595588556,45.735662304172081],[-84.832290581145344,45.73605969389979],[-84.831827433888918,45.741109087714278],[-84.829154285441859,45.746566030897668],[-84.829434048342591,45.75467328064741],[-84.837338655654378,45.75835030991891],[-84.845233188760631,45.757236125446866],[-84.849699839875655,45.753730087873294],[-84.856329892010876,45.752506115964536],[-84.861650239866663,45.753863105697803],[-84.873393344327326,45.755174568151858],[-84.87875099516225,45.757104766871521],[-84.881499565252682,45.760933518966795],[-84.894508326997652,45.76235182627579],[-84.900812948658597,45.758104258105107],[-84.905417550379582,45.754355137379719],[-84.916651084579826,45.75557278075928],[-84.927191908779548,45.758871381609026],[-84.928000167273865,45.764029179702959],[-84.941104559327925,45.762457680077944],[-84.9504162594028,45.760560577308866],[-84.95990134517092,45.762568725666199],[-84.979859596443191,45.763374724164237],[-84.961321827040649,45.749520239067806],[-84.953392029718373,45.741059818356007],[-84.945721763248741,45.731124095800453],[-84.94430926735879,45.719628117843399],[-84.946798394730081,45.71026208702574],[-84.959183911907985,45.702940327634053],[-84.974348710124843,45.69435824483719],[-84.984469818027662,45.687738874849231],[-84.997728269344123,45.67779415097931],[-85.002567533864578,45.667130611588505],[-85.003118934291365,45.661489757946015],[-85.012618491050489,45.658407740824657],[-85.019860496764466,45.656030957662608],[-85.034304472173631,45.653967088210607],[-85.042220692430988,45.650149704445369],[-85.056662609291948,45.648083314193627],[-85.076899300562218,45.63962145096923],[-85.091800770988755,45.62741250038664],[-85.093865213308902,45.612918778978496],[-85.105596813642023,45.599242474760445],[-85.121962295823266,45.588351478837751],[-85.132337996401361,45.577552043791854],[-85.137870097726818,45.565145801737401],[-85.137871167920025,45.557661449416401],[-85.134008690348765,45.545360062017323],[-85.122216615104662,45.539573654900323],[-85.118020295700035,45.531733825755509],[-85.114513132175261,45.524850180091789],[-85.112165118325493,45.518663212237527],[-85.102478886591314,45.513052302421897],[-85.101811461929401,45.507007226002713],[-85.097083978642672,45.49732412121125],[-85.090491662060515,45.491075634333129],[-85.080160702754199,45.481814047180592],[-85.079315242004782,45.471860128642049],[-85.067781395395059,45.462195059754265],[-85.064117639217613,45.453797481868321],[-85.051763935557119,45.44645624585911],[-85.015648134353853,45.421508954274884],[-84.988977264189373,45.418326123152099],[-84.974625816428272,45.417693693808985],[-84.961675536696646,45.413885110809247],[-84.942399309680354,45.412226355362066],[-84.932547689923922,45.410179215998085],[-84.921782377854413,45.401162337971584],[-84.922553418805194,45.382055967708823],[-84.93852696294897,45.370851612911679],[-84.952196806437428,45.36064542644533],[-84.977615821213135,45.35863815672559],[-84.996163498446663,45.364424583627681],[-85.015555664262479,45.360394919390046],[-85.036074466563321,45.362150312387087],[-85.078291987085493,45.369944864264141],[-85.096973752336737,45.370036135559246],[-85.105921028232842,45.369897577910933],[-85.118990749623379,45.368011478347114],[-85.138677072888584,45.369679465335082],[-85.15372263898854,45.366160166358668],[-85.162769629015145,45.365427149643267],[-85.170978700906289,45.364622796904598],[-85.189071643141801,45.363153703980288],[-85.212190039238862,45.362104791403056],[-85.231787238789991,45.359258935351647],[-85.244660843223301,45.353450943606219],[-85.247999623983446,45.346243958391995],[-85.251167726909046,45.337525125584136],[-85.260465869704092,45.330218119570588],[-85.26735662181062,45.317018768101718],[-85.27760790657959,45.311587335087495],[-85.293460411868466,45.307162208369277],[-85.299178067613695,45.301410372990347],[-85.306665926391361,45.297243544154298],[-85.316435597224995,45.295662439769842],[-85.329868552091966,45.292469007438797],[-85.336330054188636,45.286298486386102],[-85.344246608094466,45.283602868377727],[-85.355588533983621,45.280712244974154],[-85.367511457887417,45.272693950765245],[-84.863338011040355,45.274929072718578],[-84.741124312437023,45.274731631959298],[-84.621352397295254,45.275099740660551],[-84.622484291217006,45.359400172979633],[-84.624780335044363,45.529677389200231],[-84.625951084175142,45.606473572597338],[-84.629836595182667,45.703861057142149],[-84.629154179721581,45.714507439266981],[-84.629384034745385,45.720978961609831],[-84.655450085652888,45.724562916445507],[-84.661339865342484,45.726942374191253],[-84.661180056714215,45.727052161628023],[-84.6621218771229,45.730813755950123],[-84.664183726697615,45.732671772384435],[-84.667214846687784,45.73293790605959],[-84.671929974188913,45.7333517506828],[-84.677991725837444,45.735799978686146]]],[[[-118.37541677266591,45.756304362156641],[-118.38357688096823,45.760015252701805],[-118.39434441975914,45.769516431837928],[-118.40386190090595,45.771149306595248],[-118.4148619980827,45.772520339242305],[-118.42216280956598,45.776748482956179],[-118.44021784088062,45.781653614722586],[-118.44727219675445,45.78518887216876],[-118.45411355809421,45.799791435826137],[-118.45584918579124,45.801239279569131],[-118.4653926321642,45.809198651096949],[-118.47134295511324,45.814031006126072],[-118.47543679227414,45.818087961190486],[-118.48398013317654,45.821359105738168],[-118.50351887139874,45.821583676345654],[-118.51573918581477,45.816113479853243],[-118.52820141066655,45.809863415564223],[-118.53719602687511,45.802754820678501],[-118.54508194537544,45.79694485761911],[-118.55678633132408,45.788618239839934],[-118.56788972013442,45.784442219932544],[-118.5795961529401,45.777583241773243],[-118.58969336315818,45.770640692314146],[-118.59732750925713,45.76560597003953],[-118.60854163608758,45.76030182257108],[-118.61974563295456,45.75352663064956],[-118.63009416411433,45.748741686979315],[-118.63907745605974,45.743095083071694],[-118.65375631999814,45.740111470667898],[-118.66325748924169,45.738785323184175],[-118.67631873092466,45.734247532097982],[-118.68850739460055,45.728759984985345],[-118.69181497338229,45.724857548736964],[-118.6958369888859,45.71714748816612],[-118.70454808212827,45.709334775379659],[-118.71056061118321,45.704211666835022],[-118.7185549186745,45.700205547747885],[-118.72494323214443,45.69611815243087],[-118.73379560798088,45.691589034406491],[-118.74144206220137,45.690955599621304],[-118.75895840320771,45.690024820189365],[-118.76474729335285,45.688618733767612],[-118.76968902123133,45.688683270916272],[-118.78005067170108,45.688817977667611],[-118.79484898179504,45.68763370722985],[-118.80962146695708,45.683507282235325],[-118.81871886668233,45.679663077089401],[-118.82463192622237,45.678599697118386],[-118.84189059797268,45.676966872723028],[-118.85655840204856,45.675430134593114],[-118.85557638644104,45.66272049635387],[-118.85304529670304,45.655812646336585],[-118.8467873948224,45.645894186267753],[-118.84030524429159,45.638225129386285],[-118.83196842730104,45.629785309444514],[-118.82024959913963,45.61495837572852],[-118.81273858911459,45.60158264742131],[-118.80640447328778,45.581367093816368],[-118.79949584625626,45.550944227793934],[-118.79810230537709,45.516948883184455],[-118.79542364138791,45.490916643188598],[-118.76876106207334,45.479515954697604],[-118.76072868358187,45.474701655357137],[-118.75119004768254,45.4657391116707],[-118.74420212922485,45.452266540768278],[-118.74630635755233,45.437894074052338],[-118.75272458966805,45.425322078850911],[-118.76077260107462,45.4172431739334],[-118.74417611183804,45.41618122478377],[-118.73444111076861,45.412409481612315],[-118.72541685110679,45.404826627446937],[-118.7167392737984,45.393866623845668],[-118.70919169194298,45.386017493912277],[-118.69696018906143,45.375327638559725],[-118.67807714294577,45.360676759724754],[-118.66971032367246,45.357760793425939],[-118.65910518895328,45.350090878591232],[-118.58336198666632,45.34857085256283],[-118.51757064077242,45.348544902625235],[-118.48294543258561,45.41654638910461],[-118.40916329375096,45.552149690755698],[-118.39447858331994,45.579246215440548],[-118.3482392739233,45.664396203122351],[-118.29129762838284,45.767764548894888],[-118.30007049875451,45.768799916782768],[-118.31106568743149,45.767239800776224],[-118.32156347907124,45.76282546682188],[-118.32971815906575,45.76359971475506],[-118.33688314594042,45.763076972124622],[-118.35120659690688,45.757620286147358],[-118.36318189732668,45.75294204883653],[-118.37541677266591,45.756304362156641]]],[[[-85.471279013615572,45.796613703859407],[-85.482439970728024,45.799435921230838],[-85.502944672558556,45.807800782680033],[-85.515870773117626,45.816504901679934],[-85.525736501438359,45.823045696102042],[-85.539059302844521,45.829386502884859],[-85.552879254873687,45.828589023664563],[-85.552701450811242,45.796517095987269],[-85.54911903021906,45.793356722734643],[-85.540784844644804,45.794118498869693],[-85.533125477958379,45.794934369225814],[-85.526609792607815,45.792971374029719],[-85.525444460093695,45.787613358070075],[-85.531781103914795,45.78238428510673],[-85.533677391898095,45.779188161104798],[-85.530927882915421,45.77513737628891],[-85.524492426084578,45.772701978913233],[-85.515691471684022,45.77629537932836],[-85.501960721609976,45.776616815913371],[-85.471203463369079,45.776508453002748],[-85.465629614615011,45.789454021186202],[-85.464765069352438,45.794647616794123],[-85.471279013615572,45.796613703859407]]],[[[-91.299940353364605,45.991379363167141],[-91.420725588614971,45.991318720082916],[-91.420679181798789,45.976555771331846],[-91.430238861833971,45.975337728653301],[-91.43718706892804,45.971696745108773],[-91.437050256863813,45.965864957302017],[-91.431745273025911,45.962182690378938],[-91.424522145880303,45.961929044689725],[-91.420273350134948,45.959060314382043],[-91.41835935719854,45.954719675372758],[-91.412438890842111,45.959561438209846],[-91.404104955279422,45.9592674983964],[-91.401636508717843,45.954906999658363],[-91.405918932812483,45.949619366440686],[-91.408421892656179,45.945822765108574],[-91.410369110146291,45.942006492905364],[-91.4145377394251,45.938268457223558],[-91.419149177792292,45.936099865316578],[-91.419406331736809,45.924842256265151],[-91.441702090978652,45.924459777296931],[-91.441425582724435,45.920565007768971],[-91.436625481880469,45.778190682553998],[-91.296786217809654,45.778909106869833],[-91.29729080762462,45.820336288788724],[-91.222286664597846,45.819740058956597],[-91.22354748712678,45.864048621047061],[-91.175521439762576,45.864059223154698],[-91.175573185853807,45.903680124837933],[-91.070933562034213,45.901540525275095],[-91.071122803674427,45.912255609309],[-91.108961017936565,45.912256370135424],[-91.108784150967779,45.921172569958173],[-91.099013257955448,45.92187554302194],[-91.100874922939283,45.930868356989151],[-91.118242175236162,45.931164260921946],[-91.117178484099725,45.925056999980598],[-91.130437233091811,45.925553970739202],[-91.129780683032038,45.934094959015226],[-91.123095595984921,45.934558351786563],[-91.123085065823091,45.941338925251273],[-91.109313001793566,45.940822056093054],[-91.109563809222379,45.950824377942752],[-91.119794352027668,45.950851503294302],[-91.119717718098173,45.96512369740077],[-91.098231505179797,45.965030214672709],[-91.098937210383895,45.988966731229709],[-91.118417134742913,45.988627755166817],[-91.117572058903363,45.979674705623211],[-91.127296871553369,45.979682101647711],[-91.126395869573685,45.971440596606328],[-91.136711759839784,45.970398875008129],[-91.135973688035222,45.960022157296748],[-91.146260282885692,45.959335499733584],[-91.146241062574916,45.952911074886231],[-91.15542436464267,45.953253203972224],[-91.154770894760929,45.961793754278403],[-91.170616082266349,45.962025669648995],[-91.170681254336387,45.947753342442866],[-91.158947964177173,45.947317430255282],[-91.158070510945265,45.93871963630221],[-91.17801765828824,45.938746562903589],[-91.177408648190521,45.926589864730545],[-91.188655269325182,45.926649387259488],[-91.189303812720766,45.91810795291974],[-91.201568777576995,45.918204073359334],[-91.201599995743152,45.904286153683074],[-91.212842685941155,45.904343588885581],[-91.213617019309936,45.934707716587923],[-91.242797508797935,45.934350338597312],[-91.243458535682862,45.905110066676286],[-91.298653395637643,45.905332600319298],[-91.299940353364605,45.991379363167141]]],[[[-89.757817005650281,46.071101757040481],[-90.015786891551784,46.071048768985577],[-90.01432083024207,45.989307160597036],[-89.979994720379977,45.98873690768221],[-89.979055917196774,45.901936864594688],[-89.782889633949424,45.900128788412928],[-89.782725770278034,45.877159454045625],[-89.746471497761377,45.877107602733759],[-89.749037775273052,45.988315425116809],[-89.755852498693798,45.987967329928381],[-89.757817005650281,46.071101757040481]]],[[[-84.386909395751957,46.14160101157745],[-84.511867377377541,46.141928298252424],[-84.510784787887587,46.057442563323718],[-84.641542491093048,46.058891683204649],[-84.641204560042354,46.012179453618955],[-84.62794539106693,46.014250055395792],[-84.61767336433428,46.011194536798484],[-84.603023801207428,46.009549294564351],[-84.595231055169052,46.004195573766765],[-84.5831947015742,45.996671946253343],[-84.565826940261047,45.992986929203482],[-84.552447527431411,45.992884144787524],[-84.546368348720307,45.989473920085402],[-84.547217477804338,45.979132446805011],[-84.552693429058479,45.968840204212086],[-84.552770923639173,45.962740618085093],[-84.54467400440177,45.956277883917267],[-84.534729374061328,45.954320826045318],[-84.529702062200386,45.962138014757613],[-84.530564301601203,45.971553825748515],[-84.525100326618713,45.976099204414822],[-84.518509036163039,45.975515631641144],[-84.510276523442769,45.972630969843465],[-84.503334379577893,45.962675630376111],[-84.492901860732275,45.954924288225357],[-84.487953068679133,45.956640217172321],[-84.490339273138886,45.963318446888877],[-84.495915175045241,45.983570765678337],[-84.493932832734004,45.988783070782119],[-84.483089919064469,45.988898130044731],[-84.471113773281957,45.986756195841792],[-84.464219618140817,45.982191482650876],[-84.452363728802993,45.982213757059299],[-84.445082536030156,45.979768810682117],[-84.440154015595283,45.975736959293272],[-84.431211294765376,45.976735457675261],[-84.426688823630286,45.981720591332305],[-84.418876263728578,45.984974727901431],[-84.406968066223214,45.982473430004859],[-84.394451296590034,45.974886664687858],[-84.383806046711641,45.973933130609566],[-84.386909395751957,46.14160101157745]]],[[[-85.75951518098077,46.227677645407084],[-85.878040570116184,46.229167578321153],[-85.875394282619993,46.144143960675308],[-85.757781108211532,46.143308067813109],[-85.75951518098077,46.227677645407084]]],[[[-84.253148858932661,46.298736172136671],[-84.272918731014613,46.308615631306395],[-84.276519059806731,46.310414117117887],[-84.30880320320523,46.311397509587437],[-84.308449264222133,46.272589584241985],[-84.274474693052582,46.273367192042315],[-84.270240686658326,46.259101673603425],[-84.26421946385716,46.258080640908929],[-84.255069151620035,46.2553408580942],[-84.252700158385551,46.242199434656243],[-84.242520903916557,46.241280898594653],[-84.240094637357572,46.22478142911973],[-84.237497278376679,46.220237153921573],[-84.227852017956252,46.216492161983751],[-84.218591713236947,46.218048748151261],[-84.215495176561092,46.223514877010018],[-84.226115348844246,46.233095025615],[-84.228920467405601,46.243883029378367],[-84.235766568172551,46.24972156210049],[-84.240224845700027,46.253522877678733],[-84.241763907678148,46.263716685876432],[-84.250446248695368,46.272639288872142],[-84.253148858932661,46.298736172136671]]],[[[-84.57644759727873,46.408134242901042],[-84.58549301708905,46.418253145666199],[-84.59467978694255,46.421925316799957],[-84.60597483926739,46.425421722634439],[-84.609686702879003,46.41928735792527],[-84.605674363181265,46.412838450833874],[-84.58590577982784,46.401784763955732],[-84.577162846987733,46.401379544730275],[-84.57644759727873,46.408134242901042]]],[[[-84.916904708685308,46.45196288178164],[-84.92509680767148,46.456481521804847],[-84.925639768860208,46.44170578379493],[-84.978943277210419,46.441426623439952],[-84.977727811988871,46.416940594133166],[-84.859415424582153,46.417432331736791],[-84.859725759036507,46.438977207432231],[-84.866035709180608,46.442383522781427],[-84.877367736232031,46.444782110905749],[-84.886237516648009,46.44936119256505],[-84.895275988296191,46.452997566184763],[-84.903788768436868,46.45180734133578],[-84.916904708685308,46.45196288178164]]],[[[-84.654334184375045,46.461494293426938],[-84.663529665061958,46.468030715345265],[-84.68491143881181,46.468446825360729],[-84.695048371185351,46.473627251296648],[-84.706208776114067,46.473156263750639],[-84.714727856005709,46.47197834342586],[-84.714890430049252,46.440428018038631],[-84.690026870743452,46.440193146596471],[-84.688752317365527,46.424299199648374],[-84.65419066516705,46.424174132730116],[-84.654334184375045,46.461494293426938]]],[[[-84.192289970705531,46.470018360059328],[-84.178033386131801,46.481293279261479],[-84.174507766720012,46.49533176295057],[-84.181353146230663,46.504923121604804],[-84.202758677371037,46.506256321572039],[-84.223202265771931,46.50809753867054],[-84.223940787237495,46.49500464534816],[-84.256117929298966,46.494307677057691],[-84.256200462781067,46.452443340987429],[-84.226043605428004,46.456311531951712],[-84.22311901732877,46.448869409096005],[-84.205432225117079,46.450864403969149],[-84.192289970705531,46.470018360059328]]],[[[-94.394845382908045,46.554161386738656],[-94.420266484110925,46.490720116839952],[-94.455317543769581,46.420653232960376],[-94.455602999378868,46.343686861859226],[-94.452074386123968,46.340710217402659],[-94.443932848821873,46.337290476973976],[-94.438911059697602,46.332483006185839],[-94.437646663262854,46.328194875892848],[-94.427434347916801,46.325461482761284],[-94.412036723316078,46.324563774098976],[-94.409560038964571,46.314088118372013],[-94.404170169917393,46.310461552758511],[-94.392837855082917,46.311510177552691],[-94.38470331180838,46.308086511583269],[-94.377976147281345,46.303255251029043],[-94.366021373887236,46.301919738005552],[-94.363109155063398,46.301981218358605],[-94.360179189917631,46.302043008078385],[-94.353592598419652,46.308088077302955],[-94.341842397408698,46.311975973312599],[-94.329704162317228,46.317519696576767],[-94.31688503611548,46.322816108976326],[-94.304038176620509,46.329060468865578],[-94.290613115103156,46.331260201597104],[-94.281886386247663,46.33708114537859],[-94.273151531118231,46.34313872866943],[-94.25934033488852,46.346754507814353],[-94.248529208656009,46.350092379359864],[-94.239234090281002,46.363736414104267],[-94.233283332060068,46.380272913164447],[-94.224827093195756,46.388229466216956],[-94.208259890381612,46.391802343203608],[-94.197795604783323,46.397830667051721],[-94.190608854315144,46.409125193273098],[-94.184832921602037,46.419014426274828],[-94.177147914344744,46.423655050340358],[-94.16261342037302,46.427724893589016],[-94.156914902200924,46.434765478144357],[-94.157294994368442,46.445213810668861],[-94.148862349218007,46.451740741142316],[-94.163992630555413,46.451003590243545],[-94.180275518999963,46.457875259635557],[-94.194529380426502,46.463767602392977],[-94.199872675383631,46.469061959841611],[-94.207331265725315,46.472486322785642],[-94.214871623326701,46.473063526560566],[-94.225872575758729,46.472737756142578],[-94.394845382908045,46.554161386738656]]],[[[-120.75556232803899,46.556750941402868],[-120.76590676008885,46.56245418101571],[-120.77827425395361,46.566535171361124],[-120.79076149344814,46.563202448434311],[-120.80271756186596,46.559662895826023],[-120.81559971255666,46.55840653573307],[-120.82755346432089,46.554864686256337],[-120.83915778180614,46.550465153344192],[-120.85213830933549,46.551649464251454],[-120.86219295104382,46.557710806708428],[-120.86620850941512,46.548925725342031],[-120.868865550105,46.540095249795968],[-120.87583995984625,46.533590910292332],[-120.89150720479364,46.523235184556199],[-120.89941520614684,46.519871459300475],[-120.91066154219641,46.514944135863232],[-120.9219061128768,46.510015788997521],[-120.93506805074992,46.506543429235933],[-120.94438995183475,46.500156027678599],[-120.95528336873247,46.494376816037288],[-120.96652075023241,46.489444397940645],[-120.97810246505668,46.485358715832149],[-120.9896826717179,46.481271971624267],[-121.00126137291397,46.477184166216375],[-121.01283856414841,46.473095296910458],[-121.02372098413605,46.467310020241314],[-121.03529489104636,46.463219070803518],[-121.04652040509256,46.458279426654258],[-121.05705016223516,46.451643522630491],[-121.06827189643082,46.446701874791756],[-121.07949186615667,46.441759207121777],[-121.08844213499651,46.434512947614508],[-121.09424415434421,46.426051203100599],[-121.09148595791061,46.412856880640561],[-121.09113872517202,46.412009264216238],[-121.08731978917689,46.402685299187283],[-121.08629926100207,46.393728432920909],[-121.09524191078555,46.386480822631938],[-121.10261052395646,46.378625118654384],[-121.11346833309705,46.372831024132495],[-121.12083307198867,46.364974025131232],[-121.1266243192569,46.356509358719961],[-121.13555703243105,46.349258322014009],[-121.1467543374427,46.344308689994079],[-121.15603068696657,46.337903668019919],[-121.16530514971288,46.331497886118598],[-121.17108733811011,46.323030544224309],[-121.17529690992444,46.313956186029202],[-121.17426530839725,46.30499800225607],[-121.17166343481961,46.295432955966191],[-121.16783964608277,46.286108596134852],[-121.16401698779373,46.276783907151639],[-121.15809801880852,46.268788415253198],[-121.14973597313661,46.261274135293149],[-121.13927853407705,46.255088450771439],[-121.12794782902904,46.249990319098004],[-121.11539684468858,46.245131643610534],[-121.10197214559798,46.241360038035396],[-121.09064692821312,46.236258506025308],[-121.08351915438544,46.228499112244265],[-121.07517133598833,46.220979322138078],[-121.06594961308417,46.214547022826878],[-121.0546321199763,46.209442034722201],[-121.04751180692432,46.201680166906215],[-121.03410041600137,46.197901197682199],[-121.02138081327388,46.19581734889158],[-121.00847526941811,46.196516671607185],[-120.99556943687998,46.197214720882698],[-120.98250667534273,46.194278757258871],[-120.96925661919761,46.194125847330042],[-120.95635084601469,46.194820033118106],[-120.9436344367798,46.192728610237225],[-120.9323307608559,46.18761277810728],[-120.92400637699268,46.180082599932121],[-120.91568397703389,46.172551750862681],[-120.90648559243613,46.166107458192698],[-120.90060963802432,46.158098173392034],[-120.89683421212914,46.14876277258395],[-120.89584481668493,46.13979877109648],[-120.89485570182916,46.130834563664223],[-120.89508743733535,46.121631647382685],[-120.89409871638264,46.112667036154846],[-120.89154718775251,46.103091927350647],[-120.88777638527193,46.093755010285577],[-120.88400669615208,46.08441777126319],[-120.87814118017127,46.076405880227242],[-120.8668635989759,46.07128293356061],[-120.85646530562934,46.065071803620867],[-120.85060507136694,46.05705830099987],[-120.84230759791728,46.049520522654063],[-120.83732804185564,46.040418997738584],[-120.84034763883244,46.031587164216319],[-120.83780751270649,46.022009123622183],[-120.83404946620988,46.012668825106232],[-120.83029252857727,46.003328207330981],[-120.82653669890948,45.993987272095012],[-120.8138649221284,45.99188221189462],[-120.80270399109628,45.996807673735191],[-120.79188228703788,46.00258138782084],[-120.7788173167657,46.006043768705013],[-120.76541026417232,46.00865549525497],[-120.75185915997224,46.007631170142417],[-120.73918714037421,46.005518919862311],[-120.72597722906585,46.005341294765003],[-120.71140777125163,46.001764450868791],[-120.7001569916518,45.996626188747655],[-120.68714937834113,45.99365930643188],[-120.67414298271245,45.990691104810708],[-120.66201751619536,45.986635542796137],[-120.64915073401914,45.987299759576274],[-120.63628368114695,45.98796270561445],[-120.62253596266453,45.989710157597756],[-120.60966814356993,45.990370473118901],[-120.59591916873461,45.992115108425594],[-120.58271247160326,45.991922963773789],[-120.56883001489325,45.990029746075948],[-120.55528610796745,45.988984950595068],[-120.54228686734501,45.986003564912664],[-120.53017075287789,45.981935699273151],[-120.51662921386708,45.980886866735545],[-120.50308812541664,45.979836624960342],[-120.48988427643815,45.979635073399947],[-120.47634389935143,45.978582050021657],[-120.46314039930996,45.978377786106023],[-120.45161835900001,45.982423158801794],[-120.44577120537679,45.990865577784234],[-120.44147864232542,45.999923409138091],[-120.43874121303651,46.009596767976518],[-120.43133331837788,46.017422134224148],[-120.42013822389987,46.022314506409373],[-120.40671303557809,46.024889235749697],[-120.39383585364169,46.025528193271555],[-120.38062283427632,46.025315595338498],[-120.34021791802246,46.029388452215358],[-120.33899705956662,46.029621823588343],[-120.328127594313,46.035356524184294],[-120.31658656661671,46.039389406196165],[-120.30760406157816,46.046589911795024],[-120.29672883706615,46.05232176064078],[-120.28585164124024,46.058052623829553],[-120.27241342084267,46.060613307558128],[-120.26119841177723,46.065491524414369],[-120.25376202209958,46.073305736370685],[-120.24031926282368,46.075863023359886],[-120.22687541716675,46.078418909205368],[-120.21476503407905,46.084375765729078],[-120.203207841069,46.088398139162848],[-120.19231596920656,46.094120705206421],[-120.18108884177661,46.098991640252052],[-120.17019314060093,46.104712213397988],[-120.15896242937259,46.109581122271038],[-120.14584100056169,46.112979126985181],[-120.13294329070027,46.113592198421259],[-120.11971279840691,46.113353226969878],[-120.10658847827563,46.116747257579902],[-120.09535072895295,46.1216105546834],[-120.08444337166424,46.127323658959767],[-120.07542194396751,46.134506625080746],[-120.0667304298654,46.142539687056967],[-120.05581687085186,46.148250109554965],[-120.04645743476277,46.154579862770504],[-120.04054025362979,46.163000505568903],[-120.03306509867531,46.170800269916583],[-120.02370003822614,46.177128042824961],[-120.01433310089186,46.183455047712357],[-120.00685228470513,46.191252919886381],[-120.00092638104763,46.199671010408849],[-119.9977814149803,46.208479423786457],[-119.99062691599931,46.217126750599107],[-119.99540246625077,46.256403479936694],[-120.01312170780056,46.256486011620211],[-120.02665310515664,46.261631418854961],[-120.03718387943246,46.267032033901273],[-120.04485762717769,46.259441335849033],[-120.04138968488604,46.250562081974579],[-120.03792272015738,46.241682539417695],[-120.05083185680473,46.239563133232082],[-120.06452366983149,46.239447393182729],[-120.07723634508125,46.241359522723826],[-120.08348659732854,46.249407558412145],[-120.07885618326623,46.257966441398196],[-120.07234865926318,46.266262966063096],[-120.064075370382,46.274583266104912],[-120.06225491862955,46.283534192349123],[-120.06313679832454,46.292591745812445],[-120.07010461603517,46.300197700863237],[-120.08294789532908,46.299012237025181],[-120.08247617033896,46.289877243839783],[-120.08200458114646,46.280742040213056],[-120.08979951073877,46.288191736259648],[-120.09522978092963,46.296393747573461],[-120.10160001712705,46.304726160583925],[-120.10857382072521,46.31232983855125],[-120.11637580459967,46.31977736543314],[-120.12335306159446,46.327379969609979],[-120.13341375574021,46.333786545612668],[-120.14516917012105,46.33772086012965],[-120.15662525415212,46.342018292110538],[-120.16135467277991,46.350658595218022],[-120.16875422083058,46.358180239726323],[-120.17608007663421,46.366638023625967],[-120.18194189100541,46.374756826966063],[-120.19148980521032,46.380949977659384],[-120.20002448024553,46.387948945187702],[-120.20814743125891,46.395025329055727],[-120.21740026980655,46.401580550402116],[-120.22947429420327,46.405142345043259],[-120.24215093631665,46.40797431016631],[-120.25471561193592,46.410518896929602],[-120.26397558660403,46.417070579443759],[-120.27323749301587,46.423621500232116],[-120.28381655279162,46.429000079190359],[-120.29082618088353,46.436591663974184],[-120.29433961807888,46.445460119688846],[-120.29868185608274,46.454171551975605],[-120.30825334421644,46.460354957615266],[-120.32139192669604,46.460941338971679],[-120.33453075289191,46.461526406418557],[-120.34729653041052,46.463411261320687],[-120.35938979580243,46.466960551788077],[-120.36896920876194,46.473139334912446],[-120.37599405877876,46.480725519267367],[-120.38189236314201,46.488833017230036],[-120.38820626310854,46.496861444100432],[-120.39327942060874,46.505125369240432],[-120.39918225305848,46.513231583870549],[-120.40948702770413,46.518963409333935],[-120.42248264585737,46.518031294408786],[-120.43612028192541,46.517590908094007],[-120.45092856909815,46.517849105252083],[-120.46198139172782,46.520974359978766],[-120.46243841370182,46.522117854255612],[-120.47275042609124,46.527844593153532],[-120.48103658157294,46.535187394882428],[-120.48582521696017,46.543811694554108],[-120.48594326107263,46.553018180244862],[-120.49806164362991,46.556553900841891],[-120.51175099341356,46.557327962615432],[-120.52463843121859,46.556100052575403],[-120.53775468622973,46.555442444912956],[-120.55064122741067,46.554211985294955],[-120.56368691621816,46.554488248034261],[-120.57666301458642,46.555699687890353],[-120.58982402795647,46.556259110269764],[-120.60277902643088,46.554087075757991],[-120.61451394076573,46.54999306862527],[-120.62723667942919,46.547247150635542],[-120.64023488403262,46.546293612959914],[-120.6539922684284,46.546116391658188],[-120.66735697824191,46.543858482682879],[-120.68051630628247,46.544408859681198],[-120.69115056464682,46.549752938847121],[-120.70351068317143,46.553841079702124],[-120.71653719303697,46.556260911611844],[-120.72988251166856,46.556155429229705],[-120.74294821308951,46.554255228296199],[-120.75556232803899,46.556750941402868]]],[[[-93.986304354961987,46.552345141115438],[-94.001143164225596,46.56158775437143],[-94.009364918356255,46.562661355137493],[-94.02561500762647,46.570973119713756],[-94.034451797312556,46.574426982219506],[-94.047446177998665,46.576992829855271],[-94.056329163160342,46.579022259769545],[-94.064700665203475,46.575349284641845],[-94.066925085224455,46.570162114689879],[-94.062360101337561,46.562027905963134],[-94.058483883024735,46.553903505242602],[-94.06214176033393,46.546839012210683],[-94.071093927642607,46.546495880380633],[-94.081992395132886,46.549976967163332],[-94.084887480972441,46.545273513761686],[-94.085119301014913,46.537683830144715],[-94.092738513871268,46.535896134399138],[-94.103593297692498,46.540798602373627],[-94.111112327871581,46.542330366353383],[-94.116038603598668,46.538604428351732],[-94.115593546205162,46.530530350994979],[-94.111025134102647,46.522396993926179],[-94.10986509319946,46.515261476036358],[-94.115017398234329,46.50394492811597],[-94.114700999651404,46.491600373258677],[-94.105299175816299,46.484345861572308],[-94.099419445151227,46.474293589577542],[-94.100979461333054,46.468145673883782],[-94.111379123447762,46.46497286390661],[-94.108045769196849,46.438817939296541],[-93.941033490403242,46.527441348839204],[-93.941834268336777,46.565894521315158],[-93.95108445838099,46.556547580406573],[-93.96848957033734,46.550173281971411],[-93.986304354961987,46.552345141115438]]],[[[-90.702603703098362,46.658125328321319],[-90.716103397553695,46.660380931434872],[-90.723726193309119,46.658543918666965],[-90.741855721764125,46.657554412606089],[-90.755941096104664,46.660257700032901],[-90.766222341787625,46.656381746120758],[-90.764612164120024,46.653318635446738],[-90.74597174969648,46.6530054726245],[-90.735645101740033,46.650022685798376],[-90.733488454628457,46.646080307959892],[-90.746581890241998,46.645745886963141],[-90.759126708830536,46.644531426284345],[-90.769476629442863,46.639800960845719],[-90.773112297994146,46.633518122563373],[-90.780979653588133,46.62868823167662],[-90.792971592365063,46.626591804967859],[-90.804662143143332,46.620626111705747],[-90.814012922358415,46.612853339610012],[-90.823043304604766,46.608923671890011],[-90.835100570135182,46.605969100393736],[-90.834969207063239,46.58496738014054],[-90.816313405239441,46.585091229376815],[-90.815015314804896,46.413166088244452],[-90.562646117024656,46.41409996134422],[-90.564854222444353,46.538945307380061],[-90.494147415171028,46.537719131232961],[-90.495795781649974,46.575508324349755],[-90.504053252355675,46.580568117924372],[-90.514544553588223,46.581434340422504],[-90.532147618018143,46.579166494837921],[-90.543048671059296,46.575332843236197],[-90.553613956818594,46.575341846349204],[-90.566905076907744,46.579748497395315],[-90.585218412399797,46.590789028091251],[-90.604703714704613,46.602731567108208],[-90.623030433008012,46.613766183862367],[-90.645228840638424,46.623241004768602],[-90.659375111672034,46.632385473211059],[-90.677829208151422,46.642130562875252],[-90.694356213068716,46.65265199229566],[-90.702603703098362,46.658125328321319]]],[[[-93.288663490327792,46.80957330306552],[-93.344559453655847,46.811062596561612],[-93.353571640818529,46.806262705259712],[-93.370804638723087,46.80304879176839],[-93.369157901815697,46.706951383799378],[-93.287968380935979,46.706376593804805],[-93.288663490327792,46.80957330306552]]],[[[-88.302221823378432,46.670839348956861],[-88.298961727901371,46.761127215648514],[-88.301288925143751,46.820745018767639],[-88.295886694914998,46.825188167899682],[-88.278841464661809,46.828475189078745],[-88.266478805552424,46.838695728724929],[-88.253600103761755,46.847457407033744],[-88.55590881933648,46.848134994034808],[-88.552830895029729,46.760903245788199],[-88.437652352673922,46.760061313978497],[-88.433113582225985,46.669143153833545],[-88.302221823378432,46.670839348956861]]],[[[-90.594646400211161,46.845187255587405],[-90.596260099623862,46.851574980900693],[-90.60184819543781,46.855893598211026],[-90.60804145404984,46.859492846018099],[-90.616460459182804,46.862438602359646],[-90.617045984384617,46.843125647031059],[-90.60780078917503,46.84349286000753],[-90.6077206254065,46.825639276831225],[-90.599011631181781,46.832349768826816],[-90.596781020227866,46.839324435774131],[-90.594646400211161,46.845187255587405]]],[[[-92.68455281905733,46.88219530027294],[-92.690542132113649,46.884052700671646],[-92.696511698755842,46.886288793892788],[-92.703391114008696,46.887029354121466],[-92.710024335354774,46.887194234026708],[-92.716904008713016,46.887934090985539],[-92.723507452606839,46.888666756066016],[-92.730101101984246,46.889588574653033],[-92.735796210826436,46.89181604427506],[-92.742084221109906,46.893298905819904],[-92.748668742368523,46.89440927626714],[-92.755253498350214,46.895519314864544],[-92.761887759312629,46.895681595729116],[-92.772086177435085,46.896499587585936],[-92.770300233568889,46.794179851319143],[-92.768517735005446,46.673868948193444],[-92.460561256296899,46.669171694717988],[-92.458884330047738,46.680518438275385],[-92.463962163123313,46.691334008058107],[-92.472919022195072,46.697625153378169],[-92.47450417892469,46.706210629317127],[-92.474484124942364,46.706566053980282],[-92.474885691121699,46.714123042744291],[-92.476271955586242,46.718906040281581],[-92.479641296208797,46.722792645764059],[-92.485874196936606,46.724856984662154],[-92.491237962262119,46.727657255877716],[-92.496591575141053,46.730646837981226],[-92.502550141275947,46.732703036216208],[-92.508509098615946,46.734758954762015],[-92.513874729135409,46.737558233126038],[-92.518371424801387,46.741093664141317],[-92.522020316084706,46.744986224934394],[-92.524831854906154,46.749046434645322],[-92.524843849164256,46.753792211941061],[-92.523763222894388,46.758319380235264],[-92.520762313829664,46.762606142659422],[-92.519957071661509,46.767140433584188],[-92.519703416979098,46.771689191003418],[-92.519725596059402,46.776245153790853],[-92.517264749668414,46.780735681006945],[-92.513731676675491,46.784628445946055],[-92.509932839628789,46.788324272846978],[-92.505581673155632,46.792005373349355],[-92.500179334108964,46.794709504340233],[-92.493503251074117,46.79548166134964],[-92.486869696079566,46.795495418278961],[-92.483599178359384,46.799584068150295],[-92.482238774799555,46.804103005849072],[-92.486451791017316,46.807821063091637],[-92.492109393633598,46.810438502135241],[-92.498680695757457,46.811561535936164],[-92.505252232604391,46.81268423878663],[-92.510624418282248,46.815483066590332],[-92.515710436987035,46.818463894693025],[-92.518524877021434,46.822523440704288],[-92.5216052043167,46.826779643265979],[-92.527563221865137,46.829023688292637],[-92.534444836859677,46.829583628681576],[-92.5410925193043,46.829377986105214],[-92.547271904974423,46.827641572400694],[-92.553940288013848,46.827056272029381],[-92.560577183090516,46.827039154333534],[-92.567203637937496,46.827211209030111],[-92.572855968727936,46.830014564920305],[-92.578519210093418,46.832628153066878],[-92.583609871997965,46.835606232841428],[-92.589591699097582,46.837468429324588],[-92.592974502571224,46.841350913214114],[-92.593554436687839,46.845920226437329],[-92.594124099647445,46.850678975554331],[-92.597221327901934,46.854743600936501],[-92.602007444288063,46.858282175981685],[-92.606814744205053,46.861441559080731],[-92.611049368433555,46.864965584893866],[-92.616727677040615,46.867387803604288],[-92.621536424866065,46.870546576063703],[-92.625485917241235,46.874252490659956],[-92.630295639931774,46.877410887202757],[-92.635975829920596,46.87983219939656],[-92.642557031781564,46.880947880340443],[-92.649435213164509,46.881691250950496],[-92.656067723146862,46.881858834217894],[-92.664358409413012,46.882067845654603],[-92.671011254865505,46.881855709973081],[-92.677653947871363,46.881832725999573],[-92.68455281905733,46.88219530027294]]],[[[-90.84205786667718,46.926815234635399],[-90.843914126735513,46.93060478438332],[-90.844953210622123,46.937707984236113],[-90.850382129131901,46.944238220617422],[-90.856057470875555,46.947803981268748],[-90.861764091039959,46.950998946943912],[-90.870390912410642,46.951704737583611],[-90.88115182679536,46.95286407701559],[-90.886890678661871,46.95568740325109],[-90.900236729341543,46.958431566663535],[-90.908865014808555,46.95913484279879],[-90.91509073714775,46.956028586250284],[-90.91719896386104,46.950162402073261],[-90.915580089749312,46.943409796624849],[-90.916034590024253,46.937851701295017],[-90.922829042726107,46.934395104850239],[-90.931605269367651,46.933244209152974],[-90.937316505752108,46.929745447094774],[-90.940893659914423,46.925793256753423],[-90.948857430026351,46.921264818616521],[-90.95964457044056,46.922047323225456],[-90.964302356268718,46.924826383031188],[-90.969080464192018,46.92612299498029],[-90.976052374717256,46.927130911962081],[-90.982271541898115,46.924021234392512],[-90.988068665336584,46.919408471323948],[-90.995036003708549,46.913724511377154],[-91.003564820559973,46.908842479596785],[-90.926538011420064,46.908888551865232],[-90.926770144426598,46.92599669958804],[-90.858345327275003,46.92670477990174],[-90.858009474557548,46.911078778762658],[-90.825442669743381,46.911297615292767],[-90.823782793740918,46.87256842199514],[-90.849844595351783,46.872097828352139],[-90.848515178832372,46.842301960666987],[-90.808962640913137,46.842243177380794],[-90.803344991578058,46.844625410434389],[-90.794516931611042,46.846509306659243],[-90.78896036512873,46.848149694352969],[-90.790177843033007,46.853031325035658],[-90.796319738664977,46.857362979817708],[-90.800872568214402,46.861260039918989],[-90.797228304842349,46.865950315554699],[-90.792409766097762,46.871709660272643],[-90.787900638203837,46.873762985173698],[-90.779900175752459,46.87865290490771],[-90.774278133229245,46.881033671167017],[-90.776389468898856,46.888181023235688],[-90.779613521346903,46.895000272944287],[-90.785988908861043,46.903058706594095],[-90.794931868910567,46.90638459827062],[-90.802980111442935,46.90744415432431],[-90.812171825769099,46.907804481191931],[-90.813871238666707,46.913447369100879],[-90.815540073715397,46.919460685961951],[-90.825924491422086,46.925071019312156],[-90.833465600856755,46.925737016749963],[-90.84205786667718,46.926815234635399]]],[[[-89.082564998975499,46.947830825132542],[-89.082231617595028,46.974192988615584],[-89.143784911944067,46.963846769612758],[-89.142000684883669,46.947000407342955],[-89.082564998975499,46.947830825132542]]],[[[-122.62376145132987,46.995055770807255],[-122.62308390479831,47.032875030957939],[-122.644124813909,47.037603450438951],[-122.68446244468606,47.04704353503115],[-122.69510568907623,47.043038249615563],[-122.69448719113092,47.021911858145813],[-122.65523830570322,46.994577569799048],[-122.62376145132987,46.995055770807255]]],[[[-122.89647522215375,47.168471104757714],[-122.89549827332661,47.170871267594976],[-122.89715538481312,47.173922057556979],[-122.89878984777323,47.177576724286439],[-122.90064692441598,47.182383430650873],[-122.9008599162521,47.186133891366069],[-122.89811111323723,47.188502861218126],[-122.90016423938812,47.190472668778682],[-122.90529337069245,47.190804289286575],[-122.9080691857443,47.192424030344796],[-122.90886424039235,47.194855101082112],[-122.9098456417629,47.19704769229719],[-122.91187673092634,47.199621157190677],[-122.91340825568642,47.203696548357073],[-122.9136035704484,47.204073297744571],[-122.91555802478297,47.207843072300022],[-122.91719446894956,47.211497160765418],[-122.91984444726342,47.214141585765617],[-122.92354464127214,47.217166725264235],[-122.9265451519372,47.219937899814283],[-122.92882331364495,47.223059014961621],[-122.93119176189026,47.223764679696274],[-122.93253208268942,47.222752563779864],[-122.93338206523009,47.222110691555201],[-122.93339014024275,47.219512589734279],[-122.93283945028037,47.217629904896228],[-122.93157570405549,47.215362568327919],[-122.93134315466284,47.21494531977072],[-122.93123204432334,47.213858684230956],[-122.93108319663219,47.212402950735623],[-122.93084513799272,47.212165455971046],[-122.92843281362343,47.209758736176809],[-122.92568664832015,47.204937414929816],[-122.92480326585797,47.197731188743433],[-122.92289868972273,47.194132822271968],[-122.92171661812739,47.190184373110412],[-122.91985767359273,47.185378065145642],[-122.91817651333537,47.182931571035226],[-122.91272979904096,47.179271160335816],[-122.90833292362549,47.175991438054496],[-122.90836210302859,47.174378760271622],[-122.90710666833803,47.173250521194632],[-122.90497215444134,47.171097993877368],[-122.90251087817444,47.168214483211898],[-122.89979520978108,47.167381192987705],[-122.89647522215375,47.168471104757714]]],[[[-122.39084411726219,47.29905271081401],[-122.40899404863643,47.31086648310179],[-122.42126915694598,47.320230556095339],[-122.42491578103841,47.321724419946065],[-122.42988023208699,47.322136931774025],[-122.43437988022725,47.32081446071885],[-122.43539676794643,47.318371443387434],[-122.43605712663503,47.315797703301428],[-122.43688169073738,47.313597046066889],[-122.43940622082039,47.311863281765113],[-122.4423691811927,47.310446697557097],[-122.44705983274503,47.30888133490572],[-122.44862455507911,47.306326373563365],[-122.44857142043469,47.303491144800546],[-122.44605011082393,47.301158807033346],[-122.44317262381747,47.298695722229866],[-122.43996773322425,47.298489438436889],[-122.43513912926738,47.298096014719363],[-122.42872326596591,47.297776320121102],[-122.42321228342013,47.297475398870631],[-122.41945699424485,47.296410355153796],[-122.41512754819774,47.29403916937224],[-122.41268991420816,47.291892717874703],[-122.41113144486025,47.288347683898564],[-122.40822775970332,47.286499313592515],[-122.4047758289413,47.284762462817469],[-122.39858202623947,47.283583366179471],[-122.39463575973247,47.282759955907295],[-122.38951398128518,47.279939604629078],[-122.38647587176405,47.277101947696792],[-122.39132618715377,47.277944909230257],[-122.39943860890463,47.278733880863967],[-122.40478382931025,47.278662617685711],[-122.40547853310778,47.27140650520613],[-122.40833016730335,47.270419500159846],[-122.41160612322398,47.267965786292052],[-122.41214481623024,47.266187046894743],[-122.41428387799851,47.264938338233776],[-122.41765519982755,47.264455076740433],[-122.42067249274129,47.261807580555455],[-122.4227852754201,47.25914091711968],[-122.4253339909709,47.25882495920456],[-122.43023931339354,47.25843533512267],[-122.43224159097662,47.256197523297089],[-122.41277981943307,47.242613541681635],[-122.39865372289097,47.232747927574849],[-122.41622263376752,47.222459683367731],[-122.3695111919879,47.192941558706025],[-122.36146498102403,47.188070424010903],[-122.31136626524091,47.220815171383094],[-122.31841575218516,47.226701182913303],[-122.31396737259615,47.230855992310239],[-122.32509499543767,47.23855633930367],[-122.31971318431596,47.243307065568672],[-122.3289010639329,47.249978330035958],[-122.32253268573481,47.25452264390492],[-122.39084411726219,47.29905271081401]]],[[[-123.1429627979947,47.342947413892091],[-123.14549212686012,47.343715421429636],[-123.1474087611054,47.345538331029218],[-123.1474573235966,47.345581974228764],[-123.1474681559306,47.345582018295545],[-123.18965231879946,47.345740906018079],[-123.19546351033273,47.345665189397039],[-123.19470540343161,47.31875929400627],[-123.19175286260452,47.315856447017495],[-123.18721181417385,47.313657550655478],[-123.17997257567379,47.313322054069602],[-123.17690687585161,47.311369644793331],[-123.17079830279943,47.311723492944907],[-123.16742774809205,47.311503175231394],[-123.16457384580633,47.310618389826857],[-123.16095308711522,47.308040594697729],[-123.15677823003125,47.307247146238865],[-123.15114885533535,47.308055838206428],[-123.14617048278154,47.309098629098514],[-123.14337533500367,47.311352208737503],[-123.14211229114926,47.314582343300572],[-123.14213256636481,47.318841170983319],[-123.14180757116247,47.321133402584508],[-123.14100359793764,47.322969846081605],[-123.14062090133348,47.324532730201383],[-123.14061250256492,47.325884901367147],[-123.14066009828485,47.328231425040315],[-123.14031597360326,47.331083602426361],[-123.13983751628831,47.333037159237563],[-123.1388228831695,47.336214940667048],[-123.13704149077216,47.33769974744547],[-123.13609199644844,47.33970012206305],[-123.13606477127212,47.339757479024513],[-123.13596943684001,47.342557439074596],[-123.13866910899213,47.342234374716668],[-123.14010779583805,47.34206218602111],[-123.1429627979947,47.342947413892091]]],[[[-124.12674908520211,47.400253101399585],[-124.34004736259567,47.399715936341465],[-124.34108060088897,47.396379948875619],[-124.34080372121474,47.395107774204462],[-124.33731606398516,47.391206479195716],[-124.33807252242894,47.386598219032635],[-124.33725200077919,47.382112997816648],[-124.33574360298485,47.37755621125018],[-124.3359075502932,47.373077505622462],[-124.33567978709249,47.36846237104163],[-124.33485968092953,47.363976901612773],[-124.33335190186875,47.359419849746303],[-124.32828066621971,47.35630957142962],[-124.32150857695922,47.355126553747539],[-124.31854406615571,47.353729583753363],[-124.31603675898918,47.352547957322429],[-124.30944598564366,47.352435444939886],[-124.30217769904152,47.351582321966646],[-124.29570279434847,47.35033318882563],[-124.30221825936513,47.348907888388396],[-124.30891407082765,47.348553413409377],[-124.30780005093158,47.344132331841706],[-124.30322825108288,47.340690075986288],[-124.30005229617649,47.336053766867906],[-124.29813371669763,47.334052843663869],[-124.29617917782679,47.33201424696],[-124.29299396080262,47.328046304993052],[-124.29021072274662,47.323546109165648],[-124.2858422173444,47.319836985788299],[-124.2850263748673,47.315350585561134],[-124.28450663777107,47.310799363999479],[-124.28595319458424,47.306262117003143],[-124.28563419785991,47.301444700612478],[-124.27956638298218,47.299662451161225],[-124.27440887087266,47.302567927767711],[-124.27227441543187,47.307033250584084],[-124.26993882032025,47.311764530808489],[-124.26306702412381,47.311045767448263],[-124.25650202894542,47.309593268814353],[-124.25272852490144,47.305753514413198],[-124.2480675437821,47.30210766014045],[-124.24459098868317,47.298202909037059],[-124.24348247893323,47.293780654753448],[-124.24237412566532,47.289358335718646],[-124.24421422580582,47.284957942155359],[-124.24310597865798,47.280535517899864],[-124.2407194000802,47.276170360673632],[-124.24207333661514,47.271431780652222],[-124.24155713025732,47.266879820747192],[-124.23917118839961,47.262514466569428],[-124.23843764108426,47.257878387677522],[-124.23691305819108,47.25634404534145],[-124.08354382938421,47.256910630820983],[-124.12674908520211,47.400253101399585]]],[[[-123.48407932919764,47.098469529645115],[-123.48950898515153,47.102002095420403],[-123.49028841317971,47.107046569043973],[-123.48511442908762,47.110754120406398],[-123.48246041731437,47.114966661782091],[-123.48232682392376,47.119684328968674],[-123.48010627098756,47.124846313406692],[-123.47471320395118,47.1280784813369],[-123.46931957303985,47.131310399255597],[-123.46757637035319,47.135849142723828],[-123.4688333087102,47.140270415847056],[-123.47078632502883,47.144543558038833],[-123.47295665622465,47.149291401976654],[-123.47121321431837,47.153829964681165],[-123.47247077680487,47.158250979699005],[-123.47651285708264,47.162079611285094],[-123.48146871960569,47.166234712062362],[-123.48364063001105,47.170982092849385],[-123.48581287316551,47.175729373811578],[-123.48707192223139,47.180149979637918],[-123.48785213536775,47.185193364182453],[-123.48911152167938,47.189613832412476],[-123.48897827542703,47.194330518438733],[-123.4856244786867,47.198690270739462],[-123.48409789660059,47.203703060348005],[-123.4832676559775,47.208567657871185],[-123.48661706762351,47.212543539952435],[-123.49205686972874,47.216074871857927],[-123.49797647723261,47.218983128268803],[-123.49392525444688,47.223490958441005],[-123.49239873441405,47.22850349084348],[-123.4924831465799,47.233694297653756],[-123.49235006130624,47.238410400019973],[-123.49243448426398,47.243601062039431],[-123.49369538593328,47.248020756852497],[-123.49587110496748,47.252766841716436],[-123.49804715765015,47.257512827654921],[-123.50231497405679,47.261814192371162],[-123.50797772888905,47.265818957978581],[-123.51368506311513,47.268251544073564],[-123.51939284610296,47.270683869365143],[-123.52558040031516,47.272493109269647],[-123.53080975926292,47.275547735739451],[-123.5367368797032,47.278453781616804],[-123.54148806732042,47.282130786606558],[-123.5441478950093,47.286252766252233],[-123.54493410122774,47.291294300891309],[-123.54410746778535,47.296158068340219],[-123.54467566395067,47.300725000158707],[-123.54454641518487,47.305440255363521],[-123.54302197618324,47.310452197810719],[-123.54311075185967,47.315641761757945],[-123.54437674818837,47.320060073413686],[-123.54263373256066,47.324597374369375],[-123.54089045972688,47.329134594386062],[-123.53844906926912,47.333820072138678],[-123.53692343506845,47.338831537945168],[-123.53561576775343,47.344317331379784],[-123.53295516394962,47.348528095695087],[-123.53121050615988,47.353064876842666],[-123.52968380806124,47.358075983819674],[-123.53046974718103,47.363116566076712],[-123.52985927028908,47.368453635027265],[-123.52994702343636,47.373642344618588],[-123.52981649943189,47.378356598877986],[-123.52850736082598,47.383841698036008],[-123.52767819579208,47.388704073334395],[-123.52824602683262,47.393269863013813],[-123.52872683587475,47.400978213074154],[-123.52719875012218,47.405988598794863],[-123.52776670526919,47.410554162744461],[-123.53043115277546,47.41467489503043],[-123.5323971166336,47.418943797818088],[-123.5324851557653,47.424131749280832],[-123.53165576140424,47.428993582288058],[-123.53152524999024,47.433707083814909],[-123.53209378070341,47.438272261955376],[-123.5312641642098,47.443133892615094],[-123.5318327641707,47.447698948447794],[-123.53240144596992,47.452263940428566],[-123.53388808107007,47.457154872799208],[-123.53445700298829,47.461719730780999],[-123.53200987215786,47.466403296574924],[-123.5367752663654,47.470078481336884],[-123.53769335186666,47.470404446907764],[-123.57907237508999,47.448606933663086],[-123.65934766676139,47.408084806968304],[-123.71364595929356,47.38450842932059],[-123.78868335385368,47.352803871101798],[-123.83540033096045,47.332865940011175],[-123.90422991857582,47.304486632252349],[-123.96593743676328,47.282291630354507],[-124.02412135901346,47.260821293168192],[-124.13074607167385,47.226684353000564],[-124.17089479715713,47.214274543335534],[-124.19906039721951,47.211304474721771],[-124.19965159624417,47.21117529340512],[-124.20642790692233,47.211027237117378],[-124.20660076921007,47.206546568269573],[-124.2067736081155,47.202065842764512],[-124.2065560998841,47.197448243141935],[-124.20476631411407,47.192952194987868],[-124.20395801694889,47.188463684951159],[-124.20187321307827,47.18403208940947],[-124.19840619708827,47.180124830096872],[-124.19868551662324,47.175176295249855],[-124.19423824140171,47.171261168668025],[-124.18988622327055,47.167547308561495],[-124.19104098515334,47.163073829793461],[-124.19219558066146,47.158600285374916],[-124.19138864237192,47.154111266321934],[-124.18901057407868,47.149743626966881],[-124.18445971674248,47.146295413102905],[-124.18463398556992,47.14181395824761],[-124.18334329925381,47.136986296780208],[-124.18096645403858,47.132618303991592],[-124.17986544283588,47.128193454264533],[-124.17630835344772,47.124083520138413],[-124.17746328530234,47.11960961509169],[-124.18086193483038,47.115755717052764],[-124.18103637812629,47.111273883582896],[-124.17856611943085,47.106704037961038],[-124.17698153107278,47.10194040732398],[-124.17667205097433,47.097119959318718],[-124.17518238425959,47.092557686887801],[-124.17300833886372,47.087922938992506],[-124.17249872633511,47.083368363858938],[-124.17032520434469,47.078733455884333],[-124.16981586341132,47.074178753946399],[-124.17097033481309,47.069704284125464],[-124.17046102085942,47.065149470671599],[-124.17063607479497,47.060667021166125],[-124.17130641955561,47.055853870259966],[-124.17266084981833,47.051113065315747],[-124.17342538957001,47.046501313085173],[-124.17262126525912,47.042010781372539],[-124.17309089662757,47.037463476358425],[-124.17228691171158,47.032972828633206],[-124.17168338118307,47.028216012159305],[-124.17215297657856,47.023668538971947],[-124.17193866723568,47.019048585823612],[-124.17104060693845,47.01435614911702],[-124.1711210818724,47.009671511331248],[-124.17110716216575,47.004785253636612],[-124.17226025220884,47.000309914171282],[-124.17145680778543,46.995818803295208],[-124.16967536772398,46.991319758600014],[-124.1690724406406,46.986562386345099],[-124.16915302888913,46.981877390629109],[-124.17060035192469,46.977337219037508],[-124.17038631867365,46.972716675933896],[-124.17115006432397,46.96810393984498],[-124.16936943904835,46.963604553407492],[-124.16650562893159,46.959564931876173],[-124.16433687874394,46.954928343068616],[-124.16275724924765,46.950162547763398],[-124.16097774272862,46.945662826778062],[-124.15831541762242,46.941356674071301],[-124.15457031596725,46.937510195439245],[-124.14864769213727,46.93525241956354],[-124.14191307402911,46.934728277588022],[-124.13553148658877,46.936349033980775],[-124.12963223883673,46.93830824482967],[-124.12459182205492,46.941412485098169],[-124.12081066298168,46.94512963582406],[-124.12385913359213,46.94957365100322],[-124.12938298363775,46.946808269885821],[-124.13384669127174,46.943163526275782],[-124.14032320665063,46.941744498609751],[-124.14696436001719,46.942067098018185],[-124.15259319242188,46.944389443418117],[-124.15545539904741,46.948429530798251],[-124.15664575160014,46.953058379140941],[-124.15822498809268,46.957824210419005],[-124.15239454657103,46.955768324248822],[-124.1497323842421,46.951462117582707],[-124.14450341380149,46.948607443678611],[-124.13763766284785,46.949889536073272],[-124.13746054496812,46.954373307582159],[-124.14120560435515,46.958220092883039],[-124.14524559730643,46.962002215130155],[-124.14741317118086,46.966639026070254],[-124.1483087619398,46.971332237992442],[-124.14822661606547,46.97601735511688],[-124.14746107356967,46.980629857382041],[-124.14698999699073,46.985177782029098],[-124.14779153665006,46.98966917169497],[-124.14702579270613,46.994281498592329],[-124.14694352182602,46.998966319839838],[-124.14822851633295,47.003796181948303],[-124.15010308299088,47.00849693108853],[-124.15197793383453,47.013197592994572],[-124.15513799322378,47.017172403983295],[-124.15691912301907,47.021671321874067],[-124.15488023493486,47.026339845607424],[-124.15002264582841,47.029847418323754],[-124.14468101281847,47.033016155271412],[-124.13877287706657,47.034975252805737],[-124.1322866067415,47.036393841602546],[-124.1256114670955,47.037408958556625],[-124.11904243755839,47.037956136666423],[-124.11256753736194,47.038704572258268],[-124.10602266091706,47.037912744377707],[-124.09927727702467,47.037386587021444],[-124.09223712594257,47.036924472186683],[-124.08569269736006,47.036131639763425],[-124.07902931814846,47.036475238341609],[-124.07311878300538,47.038431397790816],[-124.06607870836564,47.037967898899467],[-124.06055139772877,47.035174924783007],[-124.05522543360684,47.032115766629374],[-124.0488956713981,47.030385991720209],[-124.04366469636864,47.02752796514352],[-124.0382333056225,47.024935620782344],[-124.03199870787404,47.023406650996208],[-124.02805555931656,47.019823376947329],[-124.0256941158907,47.015451196915251],[-124.02539680182093,47.010629249740134],[-124.02519344532124,47.006008900890095],[-124.01835831988052,47.005276927388365],[-124.01130919536303,47.005479717315154],[-124.00475582482142,47.005352062148006],[-124.00893623611836,47.001776304632813],[-124.01484530356788,46.999822801780908],[-124.01941340540429,46.996384116234026],[-124.02349848226913,46.992606138062854],[-124.02320144608984,46.987783882420274],[-124.01995745477268,46.983603936072825],[-124.01403533366368,46.981340439609653],[-124.00751100492892,46.979874357615586],[-124.00096034224595,46.979746508194864],[-123.99391405329089,46.979948389806395],[-123.98705521992241,46.980553305290869],[-123.9802097972443,46.980488591875087],[-123.97325706386238,46.98089108615477],[-123.96649161069922,46.981696651179561],[-123.95981964835806,46.982703593296264],[-123.95297401793653,46.982637476938066],[-123.94654461264372,46.981370133424946],[-123.93932475633238,46.980496382701972],[-123.93260107757766,46.979292411715505],[-123.92589178977425,46.97741882441926],[-123.91849984729009,46.975471152771547],[-123.91187061263861,46.97446787269422],[-123.9051481191903,46.973262493369418],[-123.89813111216108,46.972120734784141],[-123.89147356865021,46.972454989406287],[-123.88442775813451,46.972651064095373],[-123.87769134497955,46.972113567187421],[-123.87166743320546,46.970311145942674],[-123.8651180628483,46.970176590277447],[-123.85847540311732,46.969839911083056],[-123.85153800677358,46.969566761796671],[-123.84501875201374,46.968092650655365],[-123.83890292772787,46.966086911581783],[-123.83226084626102,46.965748916679217],[-123.82577484303454,46.967152806956506],[-123.81930381801675,46.967887096212564],[-123.82116433726429,46.963488631695043],[-123.82254343233348,46.958750225242738],[-123.82760029411827,46.955657623100876],[-123.83428659884743,46.953987946286759],[-123.84058457361914,46.952179943849387],[-123.84621446182791,46.949628206576506],[-123.85260491388561,46.948021433742213],[-123.85947629819259,46.946754089329829],[-123.86701531580417,46.946229716228459],[-123.87377819870488,46.945429140642375],[-123.87931277136727,46.94267415029185],[-123.88455221801041,46.939982848130001],[-123.89120632431241,46.939648910968515],[-123.89824838015858,46.939452458564176],[-123.90329990986294,46.936356811317864],[-123.90864551877564,46.933196948880152],[-123.91512611258003,46.931788878553959],[-123.92218135968199,46.930921795404572],[-123.92884838204714,46.92991660426793],[-123.93550117264095,46.929580435888454],[-123.94192500393575,46.930848492563939],[-123.94840460129126,46.929438789068911],[-123.95326570584763,46.925937632116074],[-123.95860788294743,46.922775666164114],[-123.96423027081033,46.920218721816639],[-123.97118991458285,46.919147248846514],[-123.97782777013543,46.919478335157123],[-123.98533553001067,46.920285968622579],[-123.99095659497084,46.917727874941534],[-123.99280348589213,46.913326409386343],[-123.99171973178017,46.908897338241616],[-123.99511837321432,46.905045955606397],[-124.00053750979822,46.907640913397472],[-124.00535509795935,46.911033464622733],[-124.01037386895888,46.914159860589166],[-124.01719889861027,46.914892427643451],[-124.02098440410691,46.911177926320306],[-124.0228289783746,46.906775965238637],[-124.01889374115319,46.903191273858283],[-124.0248999443769,46.900769101013282],[-124.03191122901995,46.901904379083874],[-124.03854756831561,46.902232440075124],[-124.04502199726733,46.900817908120018],[-124.05026352763963,46.897450328369985],[-124.05549177502536,46.894751949442991],[-124.05888569861605,46.890898786150103],[-124.06004474486906,46.886423032097298],[-124.05954504376871,46.881865509885415],[-124.06099803073448,46.877325298723633],[-124.06516662314112,46.873746523083639],[-124.06962885139035,46.870103218388863],[-124.07176286526396,46.865635721011756],[-124.06773357784232,46.86185037199715],[-124.06108873635606,46.862193233131279],[-124.0546997582872,46.864479913217451],[-124.0488985528259,46.86663763411957],[-124.04319071138218,46.868996813052547],[-124.03729493771118,46.870952274627825],[-124.04166483886121,46.867108153118807],[-124.04756011071049,46.865152475706225],[-124.04930767331047,46.860547871287281],[-124.04360935388854,46.857349382068378],[-124.03938197279979,46.853829129810549],[-124.03466066425824,46.850639032165645],[-124.0285502709782,46.848641396883011],[-124.02284104727647,46.846111434894851],[-124.01911002900459,46.84226014309121],[-124.02424133756762,46.83936083493461],[-124.03079027085431,46.83881805001306],[-124.03725829123709,46.837403652956255],[-124.03961380003682,46.841777747644983],[-124.04583041763965,46.843307117629422],[-124.05234135636846,46.844771859633681],[-124.05934684398164,46.845905857969001],[-124.06590875178745,46.844691819072239],[-124.07209512698847,46.842670571189956],[-124.0790193482643,46.842932283797893],[-124.08463669722579,46.84525813475517],[-124.08611382199524,46.849824509893267],[-124.08311171143629,46.853816107627324],[-124.08039081888114,46.858412711677374],[-124.08216201206716,46.8629145784451],[-124.0891824293256,46.863377446911727],[-124.09573331683907,46.86283148558465],[-124.09838796263432,46.867139811053505],[-124.10320774334264,46.870529176880041],[-124.10635745423309,46.874506696626781],[-124.10431959407396,46.879176320231068],[-124.10355198943273,46.883789785670103],[-124.10054935906561,46.887781412182505],[-124.10036974556726,46.892265893256422],[-124.10460317999275,46.895783833357257],[-124.11123924679379,46.89610826108742],[-124.10862475392923,46.900237145727772],[-124.10186982103539,46.901049785719067],[-124.10110176673311,46.905662964274427],[-124.1083273562225,46.905858672939473],[-124.11478849409372,46.905110171697117],[-124.12090718721686,46.907103522609532],[-124.12673203405609,46.909161065330977],[-124.1323462803565,46.906596903024706],[-124.13281783267678,46.902048055673276],[-124.1313360458218,46.897482846955882],[-124.13093702922049,46.892457933586797],[-124.13013795730086,46.8879652506958],[-124.12904488261523,46.883537002430785],[-124.12658746983584,46.878963331092905],[-124.12549480524103,46.874534946130893],[-124.12528447000227,46.869913036957144],[-124.12350996281452,46.865411832989764],[-124.12241775417596,46.860983259170155],[-124.1209377057105,46.856417426323219],[-124.12004582915165,46.851722565044383],[-124.12022390660798,46.847237565960938],[-124.12030798782337,46.842550828258197],[-124.11941635588011,46.837855786215641],[-124.1173492929355,46.833418590595556],[-124.11528252316987,46.82898131043919],[-124.11350990096111,46.824479474248392],[-124.11252512533423,46.819582455266129],[-124.11172831161224,46.815088777724952],[-124.11025013463598,46.810522263191956],[-124.10974737314274,46.805963999039363],[-124.10852692118044,46.803341716247246],[-124.10833916701893,46.802938284874017],[-124.1055927076373,46.798427694682402],[-124.10567782037509,46.793740350836572],[-124.10458813163694,46.789310777870128],[-124.10311108690712,46.784743867635427],[-124.1031963678181,46.780056353817713],[-124.10366908835772,46.775506061255783],[-124.10257986097179,46.77107625536496],[-124.10257136237846,46.76618683115737],[-124.1010012207297,46.761417872936534],[-124.09991242861565,46.756987878188056],[-124.09911732090762,46.752493374169944],[-124.09754778899924,46.747724201011124],[-124.09695271119864,46.742963368164965],[-124.0977190720775,46.738348197611288],[-124.09771095569602,46.733458348024385],[-124.0977028420125,46.728568434585668],[-124.09690825501195,46.724073577133936],[-124.09484655382539,46.719634681795185],[-124.09502606570032,46.715148134079186],[-124.09481852015853,46.710524205927413],[-124.09275741342384,46.706085118133728],[-124.08815052922353,46.702427662606624],[-124.08354418281777,46.69877001192657],[-124.0784454270148,46.695442789253377],[-124.07344081134431,46.692317138824933],[-124.06783762130914,46.689989864240886],[-124.0613424396019,46.688525279618034],[-124.05514082988537,46.686996006760353],[-124.0493433692011,46.689824575144087],[-124.05316068461786,46.693878395171851],[-124.05977504987862,46.694205575726812],[-124.06676380020917,46.695339637014683],[-124.07286042666732,46.697336325311198],[-124.0739462627098,46.701767244562745],[-124.06714384291399,46.701037182120331],[-124.06135296976373,46.698306083159252],[-124.05249782761263,46.698025872396158],[-124.04752401102428,46.698450034941231],[-124.04436526284655,46.700699174627289],[-124.03955248336041,46.702866231391511],[-124.03707048311628,46.704724589568229],[-124.03619334734509,46.705381290714058],[-124.03663507544832,46.707729928693311],[-124.04023632064963,46.70782964282381],[-124.04296165225838,46.706567942556546],[-124.04662258816188,46.704872927343786],[-124.05687720042243,46.703290348071164],[-124.06416025209393,46.704360156396149],[-124.07141853823492,46.706769113703672],[-124.07339703234715,46.707724423943091],[-124.07427359884747,46.70814765299184],[-124.07933287441261,46.710590163105621],[-124.07726693202324,46.711710807407883],[-124.07513873586396,46.711676982107065],[-124.06782307837233,46.711560448855664],[-124.06486418113701,46.713543820890663],[-124.06014471170903,46.715913347423111],[-124.05243527706637,46.716715177563458],[-124.04902060881403,46.717019407419798],[-124.04908866500983,46.718560720401001],[-124.05146597157727,46.721596498879364],[-124.05356276790741,46.724026821380733],[-124.05675261014483,46.725328122395013],[-124.05719525016065,46.727676567020012],[-124.05638312368217,46.729410913183131],[-124.03817072000271,46.729179719068838],[-124.03774165615249,46.726161480068299],[-124.03507138193868,46.723189804366029],[-124.03004379668386,46.721679464036072],[-124.02751913529983,46.720843251015253],[-124.0250105178211,46.71961446773355],[-124.02260850417912,46.717917704238687],[-124.01848519263751,46.714597295728652],[-124.01510199526086,46.713043584693708],[-124.01394921008796,46.712478689939644],[-124.00883986386862,46.709818667097863],[-123.99754220530849,46.704956753151691],[-123.99019363442864,46.702341871779993],[-123.9845657705938,46.701350684886279],[-123.97983180319511,46.699496897064193],[-123.97447067558119,46.699780641263658],[-123.9725762150203,46.701973185713996],[-123.97329540465915,46.704927649291619],[-123.97696265200477,46.706570487637975],[-123.98056373442876,46.706671828642015],[-123.98520493316113,46.708323701577626],[-123.9906199742324,46.71025067173116],[-123.99772923731445,46.710250662737963],[-124.00234465698031,46.713241436443184],[-124.00992137776933,46.714249963165344],[-124.01184786768493,46.715454419785715],[-124.01492457430965,46.717377839415803],[-124.01856748869864,46.720358964294803],[-124.01872826319874,46.722102102230281],[-124.01607389709267,46.723350307270891],[-124.01035029413072,46.722158450152392],[-124.00738802533709,46.719250441954387],[-124.00302565241191,46.718204903633477],[-124.00175130857599,46.717521028572662],[-123.99743606821994,46.715205047674885],[-123.99268731506749,46.714021546157483],[-123.98881911600938,46.712645236288665],[-123.98377726301027,46.71152561721351],[-123.98034906086042,46.712497834707335],[-123.98447020773386,46.715819451906214],[-123.98948564224855,46.718278530230066],[-123.99584888172046,46.721553926772344],[-123.99930431983847,46.724131874786224],[-124.00434746696197,46.725250864335976],[-124.00525528760141,46.728608628885183],[-124.00349418390942,46.728994091803941],[-123.99863756786942,46.728278748565458],[-123.99455489489247,46.727838456679478],[-123.98952510270129,46.726049367884059],[-123.98512224499558,46.727012460856429],[-123.98517529870105,46.729223495368046],[-123.98638912265983,46.73184743111409],[-123.98811019393025,46.733471368408971],[-123.98766961156326,46.736012612392187],[-123.9870422184236,46.738150163299451],[-123.98446647015146,46.740269225944076],[-123.98083647362432,46.741507415235105],[-123.97715354929682,46.740534543934132],[-123.97553946227634,46.738442628224789],[-123.97413928080312,46.735414945443438],[-123.97045681962652,46.734441870895694],[-123.96638758342021,46.733330997727421],[-123.96440082903501,46.730431486324107],[-123.96278743089516,46.728339359274059],[-123.95961310376168,46.726366072236488],[-123.95330319768442,46.725300041064088],[-123.94639254627896,46.725031670775024],[-123.9392955283659,46.724359185627975],[-123.93238504063709,46.724090084190095],[-123.92643443799886,46.724500025755617],[-123.92369905916422,46.724874752567814],[-123.923255918226,46.72741583827036],[-123.92241185772104,46.73048880101743],[-123.92224813344455,46.733635499179002],[-123.92415394434903,46.735664027073256],[-123.92655396419406,46.737362500179302],[-123.92669814710177,46.739775373134989],[-123.92439985676793,46.742498886314593],[-123.92075440898873,46.744405112705863],[-123.91632084033449,46.746705250247146],[-123.90819038627728,46.748700137201638],[-123.90327605534566,46.750660063910857],[-123.89983009698136,46.752299769918523],[-123.89571775087347,46.753195809439092],[-123.88908353577654,46.753530141402962],[-123.88640466764127,46.75122536066192],[-123.88599729094221,46.747537124938447],[-123.88877731212324,46.745154139152248],[-123.88844842915165,46.742337451712103],[-123.88748259594502,46.737437697891494],[-123.88738953230103,46.737235791998273],[-123.88631631014954,46.732803764781977],[-123.88210622841967,46.729277323389795],[-123.87610560458995,46.727473922783361],[-123.87001730495462,46.729688553683843],[-123.86441835432356,46.727352885727157],[-123.85942190089997,46.724219397707088],[-123.85413231435479,46.721149607768211],[-123.84793255634236,46.719610741842303],[-123.84074433188539,46.718731008829025],[-123.83673852935959,46.714937156724432],[-123.83655008991468,46.710312839166249],[-123.83205074034936,46.706848467183079],[-123.82645525390683,46.704511049145651],[-123.81936186206025,46.703832085282556],[-123.81308830388207,46.705640288268739],[-123.80891599907409,46.703896561277361],[-123.80749363402396,46.703302059042869],[-123.80672023774872,46.698805178116515],[-123.80639999726202,46.695760737368175],[-123.80624051238971,46.694244430935782],[-123.80104878827092,46.691374260813518],[-123.79525499412267,46.689301217377306],[-123.79204175242489,46.685112353352451],[-123.79282990207827,46.68049827007917],[-123.78998081476277,46.680106860843011],[-123.78594046118332,46.679551683263639],[-123.77929784731776,46.680550362409349],[-123.77321226093704,46.67854004398788],[-123.76703249485371,46.680548196841869],[-123.76113005270975,46.683162125831473],[-123.75468766840112,46.683893823241419],[-123.74946409569145,46.686581840179826],[-123.74490379817172,46.690014091077501],[-123.73812261856398,46.688597291931558],[-123.73735439428981,46.68409983184182],[-123.74152860566056,46.680529417198898],[-123.74800273333943,46.67845877495256],[-123.75475406444849,46.676993901647279],[-123.76045523741925,46.674645957045357],[-123.76578568735954,46.67148964243313],[-123.77130076991455,46.668737136909385],[-123.77783400823284,46.668206621438458],[-123.78427450666311,46.66747376480248],[-123.79082300737588,46.666272786759748],[-123.79814344926075,46.665347908679109],[-123.80473808159718,46.666357705243968],[-123.81122492928705,46.667834990992105],[-123.81621446332679,46.670970766887422],[-123.82050965779445,46.674701839118654],[-123.82137651071736,46.679400909224626],[-123.8227786032499,46.681729254001937],[-123.82409722700538,46.683918803709901],[-123.82780677126544,46.687777210949605],[-123.83201099571085,46.691305769345831],[-123.836215694099,46.69483416136751],[-123.84201135703847,46.696905378280633],[-123.84680408793827,46.700305604320249],[-123.85360383584833,46.701047012609592],[-123.86032559005389,46.700916360901374],[-123.86703262055897,46.701455133048],[-123.87347549589737,46.700717990243106],[-123.87860193463155,46.697823235354065],[-123.87945045937118,46.697301156423293],[-123.88363491312072,46.694726328157572],[-123.88999833965164,46.693116652311687],[-123.89626841655416,46.69130473692411],[-123.90148606542954,46.688610949036104],[-123.90594461275361,46.684971362138697],[-123.91117553562242,46.681607342804682],[-123.91753692069233,46.679996284700849],[-123.92341842931705,46.678045158757129],[-123.92902025238271,46.675488030947918],[-123.92935845143137,46.675425134162651],[-123.9358601343377,46.674215799619503],[-123.93322488332166,46.66990200627265],[-123.93045210887772,46.668017715245412],[-123.92852287692921,46.666706562158197],[-123.92884369298201,46.663693569802433],[-123.92900744783543,46.662155533051475],[-123.93239654206673,46.658303218718629],[-123.92848212504998,46.654713465054442],[-123.92574249781796,46.653735954150989],[-123.92268750892134,46.652645814852519],[-123.92581135171247,46.649961130801614],[-123.92684903985128,46.649069252444122],[-123.933392868586,46.647861146374851],[-123.93984334769232,46.646450792670009],[-123.94032693833748,46.641899480276834],[-123.93423994721576,46.63989638341144],[-123.92773906470603,46.639094919295133],[-123.9219459207676,46.637027151282041],[-123.91635332114885,46.634693111997592],[-123.91359156609786,46.632943475560978],[-123.91008493227378,46.628857695426348],[-123.91440661177569,46.625300676185304],[-123.91450179692038,46.620800981280297],[-123.91345655177838,46.616177259073311],[-123.91241146401779,46.611553472115077],[-123.91299884991696,46.606946044724225],[-123.92033246237321,46.607582188267429],[-123.92350263194089,46.612114649971147],[-123.92602494789298,46.6164154939799],[-123.93036002009882,46.619946617242647],[-123.93469557973719,46.623477565137591],[-123.9368831896075,46.628224810126937],[-123.9394070721786,46.632525216165845],[-123.94325176115984,46.636163428899181],[-123.94890962907607,46.639031655586507],[-123.95557563970397,46.640559299771894],[-123.96231080639859,46.638711958290287],[-123.96126173104403,46.634088832333816],[-123.95576012303121,46.631560158174807],[-123.95307879974678,46.626920987413712],[-123.95153847332188,46.622405358320691],[-123.95261517764828,46.61769017056497],[-123.95156717158767,46.613066712758666],[-123.95002729482377,46.608550902901925],[-123.94750364787501,46.604250431212506],[-123.94448837933521,46.600057554412672],[-123.94230117685777,46.595310086391407],[-123.93879477685743,46.591224668683594],[-123.93676447819809,46.586816120067965],[-123.93473446642247,46.582407489614013],[-123.93073745926631,46.578429380811315],[-123.92772455594348,46.574235839412495],[-123.92339279504142,46.570704208032851],[-123.91973297969321,46.566278866376649],[-123.91622967605866,46.562192538554882],[-123.91207917081704,46.557874483320802],[-123.9085768339537,46.553787864118704],[-123.90704151135662,46.549270854566316],[-123.90599801089945,46.544646212352859],[-123.90966664499962,46.540856934200178],[-123.91618905098386,46.540922603595334],[-123.9179144668791,46.536438286198006],[-123.91785333726165,46.531598355279925],[-123.92408645832336,46.529860052999084],[-123.93063120706449,46.528799809863415],[-123.93715238097758,46.528864443239513],[-123.94226910703361,46.525876248789928],[-123.94626975014882,46.521638887924382],[-123.94783643300497,46.516814783275663],[-123.94679046390877,46.512190076311015],[-123.94313241392973,46.507764713071083],[-123.94094853084999,46.503016086723051],[-123.93662094280222,46.499484242204062],[-123.93557608976471,46.494859237563844],[-123.93665180393759,46.490142622584017],[-123.93348684684048,46.485609044821615],[-123.93146033792425,46.481199210175475],[-123.92992514303091,46.476681623258344],[-123.92774334008305,46.471932397961837],[-123.92571767742885,46.467522321398064],[-123.9207466721212,46.463758046196915],[-123.91593200315941,46.460332804615291],[-123.91160876243441,46.4567997487095],[-123.90762121524688,46.452819649707124],[-123.90412502884698,46.44873180562837],[-123.89882158015178,46.445413390915292],[-123.89269261856947,46.44264912225924],[-123.88788109633549,46.439222669290814],[-123.88487773122228,46.435026643964477],[-123.88187476540804,46.430830505323627],[-123.87657400388713,46.427511041101695],[-123.87142921178867,46.424530676149857],[-123.86793695272814,46.420441574818881],[-123.86591714555976,46.416029997286614],[-123.86389762167789,46.411618338815344],[-123.86904100184074,46.414599095871608],[-123.87534601920339,46.41657849290317],[-123.88183118785901,46.417771400429842],[-123.88798143999145,46.419410842036768],[-123.8937968781234,46.421496859992146],[-123.89927759578438,46.424029491168142],[-123.90475875321386,46.426561877728545],[-123.90874445409327,46.430542331063805],[-123.90978626112701,46.435168306971832],[-123.91279129807992,46.439363762127982],[-123.91711340475979,46.442896935844942],[-123.92362564570698,46.442962255403813],[-123.92889177613455,46.440313187203856],[-123.92882989468387,46.435472067382079],[-123.9286741491926,46.435132801737439],[-123.92615893069006,46.430829996307352],[-123.92315340990189,46.426634756988506],[-123.92681411917624,46.422843851062908],[-123.92982809898757,46.418821218624373],[-123.92780400115367,46.41441057638707],[-123.92397377506961,46.410769827565559],[-123.9208137282709,46.406235025825822],[-123.92416211109253,46.4017653925589],[-123.92942476564036,46.399116026683316],[-123.93533305697497,46.39669800780689],[-123.93689746364697,46.391872490323237],[-123.93699068467231,46.387370073170416],[-123.93594766894972,46.382743749224687],[-123.93474916763995,46.377778057111698],[-123.93306064463303,46.372920004854393],[-123.93299850957351,46.368078057656305],[-123.93536372475609,46.36382313303119],[-123.94081786295396,46.367480069649559],[-123.94676281065517,46.371028984200336],[-123.95108213033603,46.37456165519626],[-123.95359680115143,46.378864599121982],[-123.95905330456634,46.38252064091489],[-123.96602678620718,46.383601686268833],[-123.97224390293371,46.38186044500361],[-123.97460698042778,46.377604961899522],[-123.97696973866249,46.373349389762609],[-123.9825620262165,46.37025056431213],[-123.98766368772897,46.367259394005885],[-123.99356674680786,46.364838561150748],[-123.99946934903119,46.362417447707116],[-124.00381313656698,46.364822776250151],[-124.00731113689943,46.368908837872596],[-124.01145570841419,46.373225980294819],[-124.01495467281984,46.377311751436253],[-124.01796395906945,46.38150541514284],[-124.01738637398194,46.386115980268301],[-124.02171069479272,46.389646190719191],[-124.02226991212672,46.394379791194467],[-124.02218278760552,46.398882186763558],[-124.02160535180553,46.40349256572938],[-124.02368307621299,46.413868849967514],[-124.02463234390751,46.440557017692242],[-124.02445431231661,46.441343344419863],[-124.02599544183613,46.445860234362385],[-124.02753679438752,46.450377054157798],[-124.02760629669319,46.455217941055196],[-124.02751946984762,46.459719643247013],[-124.02857051112017,46.464344328627931],[-124.02848374093185,46.468845924699735],[-124.02904417235067,46.473578542215989],[-124.02705910419428,46.475136075369619],[-124.02965736879253,46.492493438721283],[-124.03281307366439,46.506366091022358],[-124.03209389571668,46.535283339954219],[-124.0324387182722,46.551266836895081],[-124.03608953410469,46.565029272782738],[-124.03714862520883,46.577867276653535],[-124.04011049380421,46.593647758837051],[-124.04117089432128,46.606484772554268],[-124.04829188456279,46.618363557732039],[-124.05388908331452,46.62460225369108],[-124.05715471681668,46.624631551804725],[-124.06290128126909,46.622995206563587],[-124.0620019664176,46.618711640329991],[-124.06112223969956,46.569981677412557],[-124.05991025035775,46.565019515138545],[-124.05623298006793,46.552382894654897],[-124.05299821939229,46.533672617297498],[-124.0501425499387,46.512263657941503],[-124.04849838958899,46.495816683693079],[-124.05205524875072,46.480091346138749],[-124.05120130109913,46.473555358592989],[-124.04908132384401,46.447872237214028],[-124.04820685905929,46.416682586732065],[-124.05306014311111,46.409634261711858],[-124.05612893660111,46.402231852917737],[-124.05614199385792,46.392887893261729],[-124.05555101786513,46.381061429741237],[-124.05253160075273,46.368649747687755],[-124.05169282286545,46.352766999997129],[-124.05452344440141,46.33196250286727],[-124.05611129819783,46.316663219132295],[-124.05736504665953,46.301810749166805],[-124.06022120534431,46.28809824273975],[-124.05821327732087,46.282562232960743],[-124.03859542573827,46.25513097431508],[-124.01148964702958,46.254767203044025],[-124.02572616323181,46.265823815416809],[-124.02853171706505,46.271931032291377],[-124.02859300676181,46.302561785597959],[-124.0248803139753,46.309734229651042],[-124.02205533568514,46.312973572372528],[-124.01569048282948,46.314378209986444],[-124.01181738786215,46.312990783597854],[-124.00654173271477,46.308549730785501],[-124.00200167893428,46.308056564159187],[-123.99697210258046,46.307671210058345],[-123.99027337461649,46.309521893420708],[-123.95677869158334,46.310549964209542],[-123.95048173304554,46.308573945031583],[-123.94549867772179,46.305934935748724],[-123.94133986274443,46.302740834322094],[-123.93898453021188,46.298776200061639],[-123.94067848422463,46.29541469163479],[-123.94572985025235,46.294676343738331],[-123.95614330886656,46.293877766445803],[-123.9631297281544,46.293833329144888],[-123.96273141662152,46.289437629143322],[-123.95648221927894,46.285209991747763],[-123.94847756598682,46.279500745562984],[-123.93157909070243,46.272013243816218],[-123.91942328195887,46.263107175755636],[-123.89456065704866,46.248776668708331],[-123.87618463161544,46.24273027028579],[-123.8692038169026,46.242770077876855],[-123.86346234531095,46.245525559257203],[-123.78532328074476,46.283198402584276],[-123.77954837775542,46.287075796311001],[-123.76931461088054,46.287074075008604],[-123.76109301413129,46.284391465693659],[-123.75413405024619,46.283299266947665],[-123.74485386961038,46.284207367276224],[-123.74010971828886,46.285617223656004],[-123.73064772980882,46.28731055623723],[-123.71997830705317,46.285160246648104],[-123.71224894703124,46.28236761877065],[-123.70853870129997,46.281310783166191],[-123.70410227010365,46.283398656422889],[-123.69602673134852,46.288146403233952],[-123.6935493113516,46.28980647079203],[-123.69390122416212,46.295328791990187],[-123.69118635166876,46.300026574267065],[-123.68641205687089,46.302560236965405],[-123.68408791912213,46.304559729348057],[-123.6826882385713,46.308597158332248],[-123.68149817560027,46.310722642136284],[-123.67515395589032,46.310984974377106],[-123.67049034875055,46.309014886228056],[-123.66404855709521,46.306685436184011],[-123.66075849261028,46.301803513221614],[-123.65811297313519,46.29715444542137],[-123.65268136835044,46.293485131433727],[-123.64624182320154,46.291154716417054],[-123.64179151096943,46.287271563431943],[-123.64045321274551,46.275993250188378],[-123.63272850401722,46.27319586939393],[-123.62693542303134,46.271097521733282],[-123.61621430994239,46.271190443284411],[-123.60962477856066,46.268518324561057],[-123.60156597708811,46.266165373433296],[-123.58922226669421,46.266235790349526],[-123.57455225658134,46.268302775053087],[-123.56230155227479,46.270962221429443],[-123.55026346118973,46.271708638043265],[-123.52885133532084,46.270755201991051],[-123.52045829991056,46.268843383615319],[-123.51644585499218,46.267101299685294],[-123.50168230279598,46.266568504432996],[-123.49267875542017,46.26329523119],[-123.48869869598798,46.260426396561002],[-123.48147272338747,46.257513912437162],[-123.47648192669953,46.255982663768975],[-123.45360594285995,46.25533499991036],[-123.42760458558314,46.256104375316738],[-123.42524156474639,46.259225369055571],[-123.41981689733194,46.26151540900895],[-123.41041531181713,46.260934003601449],[-123.40095992526028,46.256634307127626],[-123.39478471424314,46.251253744264943],[-123.39216094217369,46.246598741838511],[-123.39134563029654,46.24118069433365],[-123.3944509182752,46.234916738216953],[-123.39529086168386,46.22839546088187],[-123.39383321622989,46.222742852200895],[-123.3824249113805,46.218864346912142],[-123.37199788019797,46.214773499997079],[-123.37067601618514,46.204616454285997],[-123.37280195144888,46.198563754313852],[-123.37342491722609,46.193953977893841],[-123.36616001837012,46.187316387641204],[-123.36112601105651,46.182062160640271],[-123.35865963923095,46.17774584109776],[-123.34884885319201,46.175013355382077],[-123.33758618725273,46.177441229029569],[-123.32868759525627,46.176748297795768],[-123.31639542231085,46.175666950269601],[-123.3042417197795,46.170080143184123],[-123.29613760776436,46.169960012644538],[-123.25120948203192,46.170298852909809],[-123.23753045826402,46.172118136442919],[-123.22253235028768,46.174591626402503],[-123.21262618395122,46.180071522083153],[-123.20237952799278,46.185995950852487],[-123.18760583504121,46.191397997619561],[-123.17863341140276,46.192946864905934],[-123.16400416935687,46.193842250619412],[-123.12271603971345,46.191491102632313],[-123.11215862392135,46.191883207943761],[-123.09771756591289,46.191985645221393],[-123.08648368277568,46.188421520436862],[-123.07653252605519,46.185328233011603],[-123.06420425432287,46.185349195309186],[-123.0511572650957,46.187384889001464],[-123.03909001619127,46.189210441708553],[-123.04845021310683,46.181255815903228],[-123.05238311658752,46.170731136332904],[-123.05194334181175,46.160020357353687],[-123.0465649669996,46.15148000489836],[-123.03334903562944,46.144610007345989],[-122.98471072711834,46.126653244951342],[-122.96017096511792,46.119579371091163],[-122.95313529895486,46.116977436359662],[-122.93973188681707,46.115728090079358],[-122.93248051736197,46.110191359943371],[-122.92278129761877,46.105174190636433],[-122.91410464841078,46.098822136932142],[-122.90699009641577,46.098469922848722],[-122.90092131386751,46.100502546255541],[-122.89864582134754,46.105082068582647],[-122.89295846915797,46.105543493637356],[-122.8853298862652,46.101574807931115],[-122.87544438185273,46.097339414782198],[-122.87426975034867,46.089767724800708],[-122.86872997061164,46.082004016072517],[-122.86894104419378,46.076372993818666],[-122.86814482042706,46.050099102391698],[-122.86307653275577,46.038510829711072],[-122.85430761490449,46.022120478577278],[-122.83933253496849,46.007418223272452],[-122.82914709586174,45.998776446176123],[-122.81941436468117,45.982589545970825],[-122.80922188028552,45.961657954850807],[-122.78874605208858,45.947746448240025],[-122.77870826637337,45.935719813618562],[-122.7728802242429,45.923546314311011],[-122.76664817697178,45.896932774128288],[-122.76376768982698,45.875567769137263],[-122.76044925892614,45.865469215332098],[-122.7570278934225,45.853902455334094],[-122.7616688979013,45.842489154750751],[-122.75958052282283,45.833991929284139],[-122.7565009680452,45.821979707197784],[-122.75810884344833,45.809718323441928],[-122.76092734392176,45.795336928256688],[-122.75970781826118,45.772870483985685],[-122.755508489725,45.760722293399169],[-122.75232954457277,45.747239674371542],[-122.75197174659877,45.731667564206759],[-122.75022777409248,45.722723319925308],[-122.74731830809338,45.714771659184748],[-122.74223954062228,45.700573953225387],[-122.74284322943146,45.681070373099317],[-122.74029034462365,45.664099767690175],[-122.73927245865701,45.653137267570912],[-122.73381694719433,45.640509280578897],[-122.72827479594503,45.630135401127916],[-122.7118855150045,45.62169339943091],[-122.68845327799636,45.616608123566095],[-122.66989997370479,45.614210416777382],[-122.64637279796619,45.607648655561036],[-122.62422541517071,45.60675186330792],[-122.60221170490621,45.598745554363916],[-122.58045501638588,45.596269456370351],[-122.56682369985384,45.591700963328833],[-122.54847243365583,45.5847761233195],[-122.52536144707307,45.58406781637666],[-122.50205467358427,45.57669356805377],[-122.4756876096954,45.577035814051612],[-122.4298143180763,45.57514507398605],[-122.40806332676107,45.580087524919406],[-122.38894391183203,45.580006290058293],[-122.37323131497317,45.57920780989258],[-122.35207896097523,45.574336444971038],[-122.33209963319149,45.568472202430257],[-122.3127972044274,45.565441359431247],[-122.29723405690618,45.564975464745942],[-122.23493068210524,45.564220491082835],[-122.21581627819864,45.564113673207487],[-122.19046334920415,45.566791430680041],[-122.15049960437324,45.57250194041228],[-122.13067618665667,45.576992844444248],[-122.07560628390286,45.5921351083486],[-122.05081098224099,45.596153648871848],[-122.02649994391726,45.600066647657741],[-121.99467321010053,45.606269762839361],[-121.97718045831147,45.608764341001574],[-121.94953187399676,45.614835975300082],[-121.92635183117204,45.621467598550907],[-121.90729627710147,45.629104130551241],[-121.88263189424652,45.642348053320063],[-121.86196814911074,45.658851270269963],[-121.84778361192411,45.674392130792228],[-121.84087276176848,45.683238607076134],[-121.82879061289646,45.69239999626285],[-121.80668934733546,45.699151315680751],[-121.78167303997878,45.700179156243109],[-121.74985862057883,45.698875382093263],[-121.73989112317673,45.692631004217503],[-121.74375470241756,45.701931635436665],[-121.74341778939942,45.730824215964844],[-121.7350364226927,45.735414840422607],[-121.73051836902749,45.749304882914089],[-121.74733362284837,45.784786630598603],[-121.7529362418141,45.808141695882625],[-121.74286107128137,45.843332129774012],[-121.75922865427896,45.887546272042869],[-121.8114742793145,45.987845493374891],[-121.82799164889542,46.007533235770268],[-121.85366764764382,46.044082824063139],[-121.85695859975954,46.076545231976922],[-121.80230572343038,46.168299205843709],[-121.78136993607365,46.217173405628216],[-121.78471162344266,46.259684574583503],[-121.80105982694943,46.318274518254441],[-121.82142295300685,46.361655631102565],[-121.81816683613056,46.398294606610875],[-121.79388965638248,46.449242881353939],[-121.76101551005769,46.49470922884791],[-121.73801698999205,46.543922500922747],[-121.719250592241,46.573575541877801],[-121.67060869903219,46.67101602437009],[-121.6128079940936,46.736961509566072],[-122.48223282518472,46.735326629320525],[-122.48511393286168,46.737431370261561],[-122.48911183664194,46.741194988957602],[-122.4950910476137,46.743200324235602],[-122.50056651593195,46.74584920807456],[-122.50679858118951,46.747532077043786],[-122.51227492634672,46.750180445571175],[-122.51713952027262,46.753224874628302],[-122.52114036393664,46.756987365574503],[-122.5260059201371,46.760031414218417],[-122.53252747086606,46.76057398420204],[-122.53876186716639,46.762255279357703],[-122.54154021380981,46.766809840102098],[-122.54712806590749,46.76970417230973],[-122.55422781955821,46.770666288618372],[-122.56060726931003,46.771776983720883],[-122.56461192070356,46.77553797369859],[-122.56739274497914,46.780091829374499],[-122.57373849983185,46.782018902050766],[-122.58112665886819,46.781840482852033],[-122.58761625578552,46.783197343982295],[-122.59209213484411,46.787130330200625],[-122.5980444713752,46.789947791057784],[-122.6044266685559,46.79105631519684],[-122.61120382010017,46.791272887234015],[-122.61679709241184,46.794164087103013],[-122.6230371103743,46.795841257068389],[-122.62941414814441,46.79425002991502],[-122.6349956321427,46.791743361267152],[-122.64184097388181,46.790324291333036],[-122.64879478734952,46.789152302936486],[-122.65532043988634,46.789688773718012],[-122.66191369086408,46.788590830102805],[-122.66886693236302,46.787417781405566],[-122.67564391033818,46.787631053830125],[-122.68227854811647,46.788413618693596],[-122.68908906540798,46.787809148373526],[-122.6955725577273,46.786462108739386],[-122.70234952311199,46.786674014194432],[-122.70923555107976,46.787132966113575],[-122.71561943089199,46.788236134789827],[-122.72200353463541,46.789338992300713],[-122.72863893683746,46.790119228819435],[-122.73490357014362,46.78827551610226],[-122.74149526889153,46.787173601080895],[-122.74802150778635,46.78770550330637],[-122.75401346664813,46.789698872205236],[-122.75936228703989,46.792906408603926],[-122.76399133413275,46.796263761263617],[-122.77020318263072,46.798751034232907],[-122.77641552665517,46.801237998734734],[-122.78240968975535,46.803230008757964],[-122.78915668613212,46.804254503842344],[-122.79615468239263,46.804956226848446],[-122.80307531537346,46.80459322719571],[-122.80971334899181,46.80536936460453],[-122.81556775924469,46.807929597772784],[-122.82234745676971,46.808135344670461],[-122.8290492316367,46.807276413875456],[-122.83520307026544,46.805180755187735],[-122.84179477710722,46.804073893895122],[-122.84642908793205,46.807428260805636],[-122.85267658555597,46.809094538182421],[-122.85767102359881,46.806159326391878],[-122.86186630788376,46.802310166880773],[-122.86779921276343,46.799718444850384],[-122.87438976487573,46.798609944093698],[-122.88130923683178,46.798242847129757],[-122.88811888178094,46.797628147920761],[-122.89470885113252,46.796518629131469],[-122.89901098207116,46.792915429703385],[-122.89977429874483,46.788431890219613],[-122.90002447574892,46.788109253938956],[-122.90482598942782,46.783860504059078],[-122.90955865820547,46.783375392660275],[-122.92796006160751,46.792377338343556],[-122.97559911540679,46.818488689901187],[-123.03238946889883,46.852064186912742],[-123.07925123235844,46.884253090307936],[-123.11723220410289,46.909399228291818],[-123.13681925660336,46.930502713129783],[-123.14052870373666,46.950005651139918],[-123.14104372928466,46.980075483796611],[-123.14389737706227,47.012123772793927],[-123.15305631559647,47.038885184903393],[-123.1699978333333,47.055597800897829],[-123.18740568732255,47.071716479432041],[-123.20970431899912,47.085813598918492],[-123.23552403930296,47.099660328261621],[-123.2724566686403,47.115609409946387],[-123.32220151918472,47.135768382704725],[-123.34923052456901,47.147365695370581],[-123.37188869710565,47.158895818787073],[-123.38545793793344,47.168394221716028],[-123.39378484619368,47.159858470192319],[-123.39448109322785,47.159710813203503],[-123.40057729160867,47.156334492043243],[-123.40484744984991,47.152303533681163],[-123.407291790084,47.14761809100213],[-123.40995230665362,47.143407432806839],[-123.41261246079637,47.139196671189495],[-123.41709722875407,47.135640024267786],[-123.42271056224263,47.132885141835857],[-123.42606522323143,47.12852616744874],[-123.4305484479525,47.124968960249362],[-123.43594354565806,47.121738553191733],[-123.44020902382738,47.117706072277485],[-123.44560298658854,47.11447520836424],[-123.44917177525718,47.110590302600428],[-123.45252336955781,47.106230390220389],[-123.45926150041788,47.104275497915921],[-123.46508694530627,47.101993453834893],[-123.47139048868007,47.099088206555564],[-123.47699810337974,47.096330756559212],[-123.48282214982231,47.094047886001192],[-123.48407932919764,47.098469529645115]]],[[[-122.59223716221521,47.695746550363083],[-122.58733122825356,47.699588389392716],[-122.58565255012508,47.702570624035104],[-122.58474826112331,47.706614204382106],[-122.58497425355893,47.709818523905824],[-122.5844636607693,47.711812896448066],[-122.58075822371302,47.714535080429698],[-122.57855352582453,47.717014446559517],[-122.5778650921003,47.718169991751779],[-122.57618245335749,47.719121267632431],[-122.57460812986125,47.719623144192781],[-122.57091172829359,47.720801406259966],[-122.56883264590982,47.721492182718123],[-122.56776576667676,47.721846635214092],[-122.56638835783639,47.724157572713864],[-122.56437570027833,47.726394334131271],[-122.56139546932542,47.727811894103695],[-122.5597684986173,47.729563976696227],[-122.55982713981064,47.732395620761338],[-122.55905753957376,47.735395357110121],[-122.55776256529015,47.73789235894526],[-122.55663361934603,47.740761820401758],[-122.55801654732579,47.742512198779025],[-122.5603378737938,47.743665921045476],[-122.56054200730773,47.743739913666161],[-122.56285231798006,47.744577313792036],[-122.56476093386999,47.746830273798139],[-122.56490856028182,47.748053258251332],[-122.57460832411482,47.748029808428953],[-122.57879935190851,47.748019459930163],[-122.59313489336063,47.747983079655455],[-122.60064362540294,47.747963415978916],[-122.6000856176571,47.718814695941546],[-122.59969310585211,47.698292948360915],[-122.59645833798186,47.695091047114204],[-122.59449715402042,47.694067911804723],[-122.59223716221521,47.695746550363083]]],[[[-94.94272582004055,47.638554108185588],[-95.264999747640218,47.433376152187748],[-95.337578278814476,47.386855001557137],[-95.337152393168367,47.375748142263035],[-95.279992821211692,47.345422835595457],[-95.200515078907756,47.310408387337247],[-94.977625420376796,47.201387715270869],[-94.792425465662689,47.111727526803975],[-94.648730257595275,47.041877357953751],[-94.506115791810316,47.012390359727362],[-94.386349837375064,46.988239711893243],[-94.199336570626201,46.952180337752452],[-94.185323581817784,46.951989441359672],[-93.988194255060762,46.951991365908839],[-93.700749127769996,46.953084149214192],[-93.702851897397125,47.132000312364596],[-93.508046299197304,47.132761324075886],[-93.509898470937628,47.21630825222411],[-93.53062717320546,47.232683091851243],[-93.559117869194267,47.250972427135878],[-93.575678185000186,47.254471913148336],[-93.591169752781809,47.258660546047395],[-93.603739408846593,47.270966046046226],[-93.617795205384368,47.271928158757589],[-93.64911408214914,47.285627723041046],[-93.657983454272937,47.285783589940763],[-93.67223060315979,47.281769793341368],[-93.685847937931953,47.280585531896861],[-93.689725283095299,47.274613447152944],[-93.705883009293416,47.275247345988305],[-93.706166888391124,47.313304467826981],[-93.695701296077914,47.329867609302767],[-93.677112232043839,47.342569454916486],[-93.654916577238225,47.358283336007219],[-93.635487612063628,47.397007997621074],[-93.634730957567626,47.407648456810875],[-93.642203912780303,47.421984884994515],[-93.649824651786219,47.432535170062124],[-93.666014053905428,47.438026346838512],[-93.679228272067064,47.439202907388335],[-93.815601209028557,47.543978266783654],[-93.950911791246142,47.647139718123526],[-93.953204417649715,47.648887320293625],[-93.982956122327153,47.671552788130725],[-94.040625150330413,47.715415567074842],[-94.098154777121238,47.758808616624435],[-94.683758705599757,47.676045650886124],[-94.94272582004055,47.638554108185588]]],[[[-113.65434542909821,47.22851789528471],[-113.6543689445711,47.253129452862026],[-113.64852524164655,47.335947526357302],[-113.64925162136518,47.385062465660326],[-113.6510002919299,47.420527511135788],[-113.65337898525195,47.438540329172895],[-113.69228497267329,47.494119765314963],[-113.7169153917319,47.53712902108748],[-113.77223046226601,47.604477730163183],[-113.83241217987819,47.707317978741798],[-113.8599770472029,47.7499049263713],[-113.88675091222478,47.796931124571813],[-113.89760261317002,47.826326339788807],[-113.89814107415123,47.845054109859348],[-113.98490364518705,47.845422771643655],[-114.18472273266792,47.851208495275898],[-114.3859855827684,47.851316668429547],[-114.54586580786071,47.851827329567641],[-114.81278732417564,47.850825484808354],[-114.79885654419411,47.837216715179295],[-114.78209792068247,47.820262642007378],[-114.76313026095272,47.812313294323133],[-114.75058913677918,47.811184027321076],[-114.7376174127134,47.808665315851727],[-114.72541527359596,47.801690133592842],[-114.72257506168972,47.794845038267965],[-114.73158455898016,47.789228726224792],[-114.73878817713262,47.782416959774935],[-114.73808772037194,47.770922459404005],[-114.73959027437161,47.7595999435826],[-114.75599863982535,47.752453347843755],[-114.77080875621908,47.749395006274597],[-114.7749382191235,47.739631673862732],[-114.77225166987864,47.724067348229596],[-114.76660118359769,47.712787010612089],[-114.76511309069656,47.694153044327606],[-114.76228745680066,47.678123484111552],[-114.754874016023,47.668057830204759],[-114.74186921399297,47.660715159776828],[-114.73237447670073,47.648526570744707],[-114.72581723817495,47.62964020433202],[-114.7294851923877,47.616073685752042],[-114.72716372742406,47.606252972996344],[-114.72090920609497,47.599887791888136],[-114.71782335516366,47.594524452841256],[-114.72602666959511,47.581765276346459],[-114.72558607283895,47.56877770262895],[-114.71428123139367,47.552976320201083],[-114.70546250638955,47.538272653859963],[-114.71060967089954,47.522560098369922],[-114.72576119602235,47.486091967070649],[-114.72006946773172,47.458373650223848],[-114.70044870234568,47.443264162111461],[-114.68384996030738,47.417087875005507],[-114.68318625344278,47.384785431302646],[-114.67942680670171,47.356303866130588],[-114.68422272569819,47.334829178923542],[-114.68126338509711,47.315903467171324],[-114.65545247455202,47.291993940168254],[-114.64436183093369,47.265029031264817],[-114.62573863133275,47.234292256882213],[-114.60584005097752,47.222597702322162],[-114.58224844421028,47.222063546395589],[-114.5629067951125,47.223827381328647],[-114.51738930677107,47.22589038923013],[-114.48298011933701,47.220091075942435],[-114.45300229002362,47.2054419202085],[-114.41907628764051,47.189406458641201],[-114.39489713489485,47.19037393221123],[-114.35755067622267,47.188824682713005],[-114.31660449759943,47.177614755716434],[-114.27821673641324,47.1583036233136],[-114.25740106520698,47.136059555304314],[-114.22803650068391,47.115966626958311],[-114.18374277201127,47.100354243353706],[-114.15844561267483,47.103371634293524],[-114.14418082088815,47.11017679432365],[-114.12078793821274,47.114856290685339],[-114.09832147235801,47.11070441577624],[-114.07937951525241,47.099298090334628],[-114.06669139689041,47.082679645948929],[-114.06584466719761,47.067813839037512],[-114.07248434657532,47.056749850425319],[-114.08482602000481,47.043448835095717],[-114.08344446439048,47.033971918769112],[-114.07390666126338,47.023202309738849],[-114.06043392218771,47.013457635561508],[-114.04084946872797,47.002136311341758],[-114.0197206023239,46.998758820163459],[-113.98466889695197,46.992456024126284],[-113.95465139944247,46.993671332865745],[-113.91648070581988,47.000826688900645],[-113.87231173110149,47.018934096731243],[-113.84224199107501,47.044285023834846],[-113.82056607516421,47.076696761246581],[-113.80964208401491,47.097499242995696],[-113.79832193161184,47.109658920622735],[-113.78387535536331,47.118376164328595],[-113.74245796256491,47.131699850667644],[-113.70688428078489,47.143255384428528],[-113.68721601500704,47.15845490007365],[-113.67651161222108,47.177755969962107],[-113.67290753055806,47.192239405823955],[-113.6652104139294,47.207271136753604],[-113.65434542909821,47.22851789528471]]],[[[-89.72448115727957,48.032307753699911],[-89.752192693238158,48.034727046915748],[-89.773429766970139,48.034190813555256],[-89.778902361055088,48.027623331751386],[-89.789578947810185,48.022620610053139],[-89.803715263348693,48.019669884957295],[-89.818067619425051,48.020137260826004],[-89.828332563996582,48.021932028840126],[-89.836878839386884,48.021185208430666],[-89.83615486265677,48.015275090573027],[-89.834845985753589,48.010775741907025],[-89.831282413152792,48.006765431079828],[-89.833047143810575,48.002406125742141],[-89.83396349631829,47.997712063061329],[-89.834001820027936,47.992977885221308],[-89.833132490372122,47.988498229909453],[-89.832263284822716,47.984018506249129],[-89.830955364798228,47.979518682741059],[-89.829647635429978,47.975018783689961],[-89.826993911439843,47.970753333399671],[-89.827032758554935,47.966018760757265],[-89.829674047619164,47.961699039079463],[-89.828805479689095,47.957218923314713],[-89.828844179315411,47.952484151922135],[-89.82841442208786,47.948023946248156],[-89.829739073099688,47.943643845886811],[-89.834482590399205,47.940307968138256],[-89.838378287128194,47.936637179262448],[-89.839293241190092,47.931942126428055],[-89.838454167425823,47.927166961985733],[-89.837147008227817,47.922666408228224],[-89.835840038786728,47.91816577982695],[-89.837163510787377,47.913785203724217],[-89.840210413879447,47.909779312165597],[-89.844980462977958,47.906147999930283],[-89.846741312161782,47.901787162147855],[-89.847684818799337,47.896796821416217],[-89.84816023910372,47.892081148026591],[-89.848635585663715,47.887365406288495],[-89.849957472159588,47.882984292391257],[-89.851279170697126,47.878603104749516],[-89.851261051156541,47.878612848004593],[-89.837967254684997,47.882480656756968],[-89.837202124078715,47.882703213782349],[-89.827646654669365,47.882801385575533],[-89.823665871282913,47.882842085294044],[-89.800133887768652,47.895406793288942],[-89.79433999919155,47.89419290997489],[-89.769683981830269,47.903858177612847],[-89.758967173796009,47.903931430990781],[-89.744372120377022,47.917089060211993],[-89.725212272828117,47.933443599442626],[-89.709980786284234,47.933492793257869],[-89.697189189229675,47.931759266377071],[-89.668087076557299,47.947262403037541],[-89.65226871942582,47.955615253141445],[-89.642749552949454,47.957630867670446],[-89.63772652905601,47.962510480274489],[-89.635362796855532,47.974336461758355],[-89.630722010012732,47.980938935283689],[-89.610178473657584,47.991148074224327],[-89.600612749278923,47.993537572900721],[-89.600694260231876,47.97933073342665],[-89.594830401701643,47.973368410823582],[-89.583718359614579,47.971704225269832],[-89.568638575210059,47.972882091635256],[-89.559639100863762,47.980601362163213],[-89.549974530200359,47.986582870902851],[-89.54020631267116,47.988200613667459],[-89.52811069285417,47.990464172183863],[-89.516475522327482,47.993696188128638],[-89.504658130268467,47.998623826328583],[-89.490411526370792,48.002486078170023],[-89.481820006987675,48.008893432086268],[-89.484989321300077,48.010940994131602],[-89.491470921445853,48.011063701228863],[-89.50198626515396,48.010432646049821],[-89.50690288486021,48.009342531932361],[-89.520487900696025,48.006394273676847],[-89.533530103731266,48.004555578277348],[-89.548737001911093,47.999597901821744],[-89.557102382269079,47.997912664038267],[-89.563542885195943,47.998408973795165],[-89.569523409177975,48.000588346774862],[-89.573836438101125,47.999846094022075],[-89.58436885363966,47.999020093702427],[-89.590029577802738,48.001562278376525],[-89.596817811692631,48.006810106701096],[-89.60405394933025,48.015867829236981],[-89.609657680757323,48.018974618184131],[-89.621139081603303,48.019895601301016],[-89.628129408445432,48.023256373183131],[-89.632231247773802,48.027238537928213],[-89.64070185420718,48.027258183618358],[-89.649147172603875,48.024813320878081],[-89.658511886814097,48.029799381736154],[-89.663610172271603,48.029659430138622],[-89.673662798599253,48.028046138118839],[-89.689800194723148,48.027663331797385],[-89.701799892850715,48.033147941724167],[-89.712636876390718,48.032136611815247],[-89.72448115727957,48.032307753699911]]],[[[-122.19546763842072,48.121666597335661],[-122.19539802459911,48.125560150080901],[-122.36407644407262,48.124539637194573],[-122.36752999901023,48.123918592369193],[-122.36287782585094,48.120600242407306],[-122.36156442355929,48.119891393173305],[-122.35713389101625,48.117499992430737],[-122.35335771418715,48.113475350007434],[-122.35165770144175,48.108770254443755],[-122.35105000255555,48.103846820574347],[-122.35097482642709,48.102666378550566],[-122.35036704300461,48.101606550002316],[-122.34836285885882,48.101371003169334],[-122.34472927673471,48.101450374635135],[-122.34070471704899,48.101538172748519],[-122.33528255874307,48.098804953186118],[-122.3348539328627,48.098325295276197],[-122.33176885534834,48.094872637862011],[-122.32915996256219,48.093588520194089],[-122.32638482290122,48.092222453603426],[-122.32616755568813,48.09184156913318],[-122.32391882519357,48.087899067188232],[-122.31955856027929,48.08449909925406],[-122.31541076379568,48.08096576635711],[-122.312150669218,48.079708729074639],[-122.30935562396286,48.078630898796973],[-122.30563277872972,48.074830839571632],[-122.30357962559918,48.070515735013203],[-122.3020911729692,48.068933145848064],[-122.29998215934916,48.066690567615638],[-122.29857534177859,48.067777323664586],[-122.29629238038899,48.069540773687834],[-122.29554118387853,48.070120993788862],[-122.29495466582512,48.074599356774968],[-122.29047575874921,48.077946072253496],[-122.28891393762808,48.078514805314057],[-122.28440683680606,48.080155887284434],[-122.28674818937742,48.075963828867657],[-122.2869786028802,48.075626750374283],[-122.28962442992349,48.071755769713036],[-122.28698693509892,48.067648055113693],[-122.28045671670407,48.066679071581916],[-122.27693201909739,48.062928889656575],[-122.28162499539718,48.060889164303546],[-122.285648748391,48.064599984701601],[-122.2919814666713,48.06280553414814],[-122.28857680787337,48.058705797434641],[-122.28305901116443,48.056089612945357],[-122.27677496419324,48.054422606218338],[-122.27089425866308,48.051878452928293],[-122.26588906742649,48.048628577347017],[-122.26000937723092,48.0460839060475],[-122.25504463570132,48.042029248750907],[-122.25066049378671,48.03838975358434],[-122.24540182593347,48.035455426726628],[-122.24235492643868,48.033938676029152],[-122.2396323062859,48.033153719868324],[-122.23301674402751,48.033409672318555],[-122.22981136780032,48.03510997284701],[-122.2290329353217,48.038716120252786],[-122.23020997341149,48.044056574251556],[-122.22653212575699,48.045585224778335],[-122.22249026311511,48.047186186193585],[-122.21695289805774,48.049880930060908],[-122.21392220974218,48.052872973608885],[-122.20715998874243,48.060854010704077],[-122.20633983311677,48.065263989241771],[-122.20941535893161,48.068633844276519],[-122.21172325582359,48.072952594686569],[-122.21279142018784,48.078048683100292],[-122.21156739072245,48.083335043777311],[-122.20560647286038,48.082396707342241],[-122.19929417998236,48.078873874929457],[-122.19851082281616,48.075313790798873],[-122.19920858790596,48.066150922227337],[-122.19935401997202,48.058424700839339],[-122.20216983237185,48.054945095239987],[-122.2055372466466,48.050028421574439],[-122.2021267485506,48.048583207449099],[-122.19675044127979,48.04981972579975],[-122.19546763842072,48.121666597335661]]],[[[-124.65135921365675,48.387907548094915],[-124.65806285101974,48.389530918816888],[-124.66478148008122,48.389610791205087],[-124.67141469872934,48.39056447007431],[-124.67852200578591,48.390388077048158],[-124.68540651210083,48.389233036375572],[-124.69183109522885,48.387664273387543],[-124.69854956331164,48.387742482929298],[-124.70534844967119,48.387460590433932],[-124.7121517508026,48.386663961972317],[-124.71887896928899,48.385712381221481],[-124.7258337288435,48.385224293966075],[-124.73195311084737,48.383035178630621],[-124.73422817618933,48.378773919181072],[-124.73357056403029,48.374295960889924],[-124.73028457527289,48.370219709971707],[-124.72537037744092,48.3670117616835],[-124.71874330655834,48.365546203994199],[-124.71297780867889,48.362694622858612],[-124.70829716927892,48.359435431200268],[-124.70585234161223,48.356544922010585],[-124.70640578170145,48.355055139283309],[-124.7051348435981,48.350368505901884],[-124.70045557836221,48.34710891404518],[-124.69639696494795,48.343542906080302],[-124.6907103843767,48.340844829325476],[-124.68416277129484,48.339532118612453],[-124.67774309306924,48.341100765587896],[-124.67102500539966,48.341535987995485],[-124.66681708024402,48.337659706730108],[-124.66338129591003,48.333786508340722],[-124.65940635721756,48.329859429768931],[-124.65354018293306,48.327314897864312],[-124.65015774008759,48.328790777072754],[-124.64209930643779,48.332254382833582],[-124.63852353003682,48.334914095409204],[-124.63532045517485,48.338861579598301],[-124.63251054232762,48.342038959030788],[-124.62962471141128,48.34506156334055],[-124.63035511739474,48.349180670551561],[-124.63062664520351,48.352886096815951],[-124.63013665768057,48.355559147236931],[-124.63057498724584,48.358030533682211],[-124.63025076995706,48.358696488851933],[-124.62955028711605,48.360135249442237],[-124.62828822172401,48.362804779017381],[-124.62848922379862,48.36584094690221],[-124.62947782334282,48.367337266801485],[-124.62999186413322,48.369963232317389],[-124.62792291890753,48.374057496656178],[-124.6315394148121,48.377326571863875],[-124.6315342554015,48.37784097867825],[-124.63351718856734,48.380319042589804],[-124.63380447339767,48.382480895876711],[-124.63848288427766,48.385742402390008],[-124.64527678119845,48.385977891666414],[-124.65135921365675,48.387907548094915]]],[[[-122.52660076861054,48.462762617700719],[-122.52584092691723,48.463238661235266],[-122.53187535356466,48.460411575833632],[-122.53797461233847,48.458843876743572],[-122.54322976743975,48.4574928513141],[-122.54278273963172,48.457582254717352],[-122.54693709666964,48.45383329586997],[-122.54800587976752,48.449728724401155],[-122.55059338038018,48.444671681852697],[-122.55827789840623,48.441188168699057],[-122.55675164367341,48.435657126775027],[-122.55764148596575,48.432236387199566],[-122.55937736907032,48.426376295030025],[-122.55624238188039,48.42051866610359],[-122.55494203594617,48.416563509798209],[-122.55453521592744,48.412429381211041],[-122.5570335352694,48.409334751097958],[-122.5522946953439,48.40639247872997],[-122.54456423814906,48.40437341080434],[-122.53629726430728,48.401164305088685],[-122.53311938665036,48.393045035000398],[-122.53365117016534,48.387750109180274],[-122.53793552510439,48.384297987761954],[-122.53873524813315,48.379597726054271],[-122.52891285094728,48.38156445883277],[-122.52069577239195,48.380614912348392],[-122.51234486122632,48.379367424966745],[-122.50890794284726,48.379056677723554],[-122.50819347374977,48.383116239922572],[-122.50931167639271,48.38775646109184],[-122.50587428856755,48.392010654568082],[-122.50395477829034,48.395312662949095],[-122.50350909586803,48.398644172690467],[-122.50467159192038,48.402302621968488],[-122.50570011237028,48.405663595298734],[-122.5024399710278,48.409233319262341],[-122.50270909135145,48.41307022730922],[-122.50275530571275,48.418572725650847],[-122.50137130214387,48.423064049666209],[-122.50177456084725,48.42719819264255],[-122.50204371804313,48.43103487765751],[-122.50079353539331,48.435823412320701],[-122.49824674708969,48.439898200941286],[-122.49762175424053,48.4439132565916],[-122.49717536495109,48.447244216847196],[-122.49862309987611,48.45124753094882],[-122.49914351685976,48.45268645341713],[-122.50473313522599,48.456432974202471],[-122.50831090182663,48.458960266103475],[-122.51394833534738,48.461952321342608],[-122.51408021013356,48.462022308382871],[-122.51452731168604,48.461932997609779],[-122.52660076861054,48.462762617700719]]],[[[-92.898270328013211,48.610081725791076],[-92.904382661130853,48.618524326436557],[-92.939029572656636,48.625719489163146],[-93.001913134283711,48.62635484490022],[-93.019583997703307,48.628816218293878],[-93.075362818039594,48.640963116554644],[-93.1426619627793,48.647854734708289],[-93.203421449839993,48.651749272211191],[-93.276395339173519,48.650199259188526],[-93.315777739750843,48.641918913327231],[-93.329206564930985,48.628029157719482],[-93.325141795657316,48.613797151617291],[-93.337944710679835,48.607441703871586],[-93.338288434263802,48.612543529060645],[-93.343524647844163,48.616419275229418],[-93.352196379559246,48.613379140435029],[-93.358490116725477,48.606141015295691],[-93.363525255386207,48.608125105888973],[-93.368647407951471,48.614639603235162],[-93.37961424100439,48.617680324387493],[-93.388333376883793,48.613506631925588],[-93.390284530706481,48.60788264416874],[-93.386404108962438,48.598939281222897],[-93.392942607415364,48.599063888587636],[-93.401373542055296,48.601488637090995],[-93.414581755443635,48.605324036974764],[-93.429690715653976,48.60466482402245],[-93.4399219005752,48.611649757630289],[-93.445917171640133,48.611195548735623],[-93.457094214026711,48.609327735986255],[-93.464512138824091,48.602105756375636],[-93.474928689307546,48.604751331608725],[-93.486158702661953,48.601561188098401],[-93.49406231892084,48.596233507170666],[-93.507888880067696,48.595542239682686],[-93.510743351624342,48.588423159601177],[-93.508544273599284,48.56592553043896],[-93.508996128068816,48.554987410041008],[-93.513646150949057,48.545635164930957],[-93.520481458052814,48.538398306936358],[-93.531980706844081,48.535208851407447],[-93.544852598968248,48.533175533723977],[-93.558613711953228,48.530213151615726],[-93.570908117015961,48.528355823162769],[-93.581630809314333,48.530244530760513],[-93.591869000853649,48.530047664668018],[-93.596794236964456,48.527680601378677],[-93.611410863320657,48.524539204720554],[-93.622186165958738,48.525104449310959],[-93.636457813277445,48.523464358393483],[-93.644585045063764,48.519074636185564],[-93.655141701828029,48.517934808444693],[-93.664976887373427,48.520745546869534],[-93.672927149668169,48.52088105221884],[-93.683664559371891,48.515023426889684],[-93.711480993153259,48.515680509348101],[-93.732384693598704,48.518859897866037],[-93.743847842703758,48.516218323716714],[-93.756228276913419,48.51944190312139],[-93.771872807683906,48.518942707440033],[-93.784587640407267,48.515928909291802],[-93.784113401812021,48.510673306328101],[-93.784030306253612,48.505198267885817],[-93.784334860765171,48.48915906244082],[-93.787455757377245,48.473730952621395],[-93.787835705653265,48.463354636007693],[-93.797444649650799,48.456713926906275],[-93.798010149648633,48.448983009258541],[-93.7876680450442,48.436922227378943],[-93.791672253971285,48.436043087918222],[-93.807267538765871,48.436294427745679],[-93.823565909039417,48.432779368173328],[-93.825392051701783,48.430467557431882],[-93.839908736399025,48.412082340927327],[-93.842755027722319,48.39588977409386],[-93.855287593047933,48.386268906884595],[-93.853237612725593,48.364143981059954],[-93.857340221873699,48.352311817636348],[-93.859203052378916,48.33968854938712],[-93.863049632634386,48.318975000695787],[-93.870522801885784,48.307760238943899],[-93.86928446510592,48.2797109913692],[-93.869104357879792,48.275629066628198],[-93.864728683981525,48.26328263578506],[-93.850885641858838,48.254753235273654],[-93.84493433055485,48.247103006598536],[-93.845229299192795,48.238795771008085],[-93.837012771921877,48.231297772374376],[-93.836521628770129,48.221277330984094],[-93.838828799009832,48.212056788889754],[-93.834060211309691,48.203101235633596],[-93.811221517858712,48.201601756415982],[-93.789195605592681,48.185563261435448],[-93.765605523176305,48.166282214053012],[-93.748402059907107,48.150314180954751],[-93.727864315185968,48.133153368033561],[-93.708260039768959,48.121484758914562],[-93.70033324708163,48.107176289754022],[-93.69909827376631,48.095059391078109],[-93.698259952734588,48.079924568164358],[-93.700689697871212,48.067868809897732],[-93.704335109677515,48.060936826573368],[-93.713219745994422,48.057117530849439],[-93.734783354568094,48.061071095354805],[-93.747788054075386,48.060153696935629],[-93.761101928810945,48.058484077678088],[-93.767225117645012,48.060664316704901],[-93.777644828346126,48.061024589613169],[-93.791631254778565,48.056338690078519],[-93.803072873214489,48.051799104844861],[-93.804703709208752,48.037837520385324],[-93.80304274412731,48.021364437918521],[-93.82617618138562,48.020603490958422],[-93.842878670114487,48.01841303473384],[-93.857393558865624,48.014295510329589],[-93.861720218812991,48.00339925697017],[-93.860187053689515,47.990897568068362],[-93.846493198302426,47.979903955902898],[-93.845071603071972,47.972318702346286],[-93.844051898676128,47.961336336203033],[-93.838223770210789,47.95103313267299],[-93.822004848744712,47.940184177357935],[-93.811459750067399,47.936043031360839],[-93.797405246754693,47.935625712656588],[-93.781848710149802,47.937829582269444],[-93.768820308110719,47.947826020754292],[-93.760066023128445,47.948626735735331],[-93.743753641417356,47.955918958693019],[-93.729906055020365,47.957389001301408],[-93.717796561362206,47.949999984311887],[-93.709251661035296,47.95269182336898],[-93.698772479066633,47.954404788150498],[-93.690152218250262,47.951610626029606],[-93.6892107989392,47.939303598981951],[-93.683360717123378,47.930315885969435],[-93.673270378625034,47.926581169685278],[-93.666764569629152,47.912758723836077],[-93.658711630837047,47.902690907059764],[-93.635911456248664,47.890962727747763],[-93.622280396023427,47.88125080418132],[-93.618765557684299,47.863220786610043],[-93.611798222909613,47.843709945357773],[-93.59966357521381,47.830726425783951],[-93.607762409107863,47.821175554608203],[-93.607712467955992,47.817819625575339],[-93.607568848023902,47.808166575227347],[-93.612405545879199,47.801158150428364],[-93.628991106554281,47.798849581742843],[-93.635413775025654,47.796124663822241],[-93.649992675721364,47.791177058874212],[-93.658365803738832,47.783282401661552],[-93.661561757768879,47.766665388996557],[-93.669098650282422,47.762184286675563],[-93.67195660940996,47.756202947907752],[-92.721092189253113,47.731497350922041],[-92.702917773836134,47.731278778792671],[-92.681764009701226,47.730759086662545],[-92.64452061513424,47.724346747804248],[-92.61940153415344,47.722014671739771],[-92.601153993062269,47.717201428203396],[-92.576842471802593,47.710527773338129],[-92.564207356784038,47.710773692951648],[-92.551749517026565,47.717837755208279],[-92.538327130992286,47.719575496312132],[-92.522264312048321,47.720865117830954],[-92.517180117168664,47.726412575080303],[-92.505899037610448,47.732366965663005],[-92.489788875656075,47.734408715389975],[-92.470318372594761,47.731438832935851],[-92.45533616013563,47.723662497726139],[-92.442011128410797,47.721228603117595],[-92.433849182793494,47.726502413755441],[-92.42718406699106,47.739765906671323],[-92.424452774675785,47.743289999933609],[-92.414346898590452,47.748132189049329],[-92.415844315662582,47.770507671391954],[-92.421300499818187,47.778034469015608],[-92.432854861762451,47.791778922958997],[-92.438381021267105,47.798170729395679],[-92.429091375266694,47.808144941136163],[-92.41371164807407,47.811711108281088],[-92.407543384319695,47.816278265829339],[-92.402167220041122,47.824204292294326],[-92.399851615959278,47.82761740471949],[-92.385912977701707,47.830461839842087],[-92.358323689286806,47.835964948823403],[-92.344335713322494,47.838550137279071],[-92.333311899224725,47.840586313907295],[-92.330525348066317,47.844863164903188],[-92.342759599276064,47.851818742840749],[-92.355772100402078,47.855198564162436],[-92.362132655397716,47.853601772004254],[-92.364620249424945,47.852977164964273],[-92.369569367931945,47.853936877385024],[-92.379352090626469,47.855833270589017],[-92.38895231659609,47.855144337741024],[-92.389234817932447,47.854961707916516],[-92.396259806444903,47.850419626164864],[-92.400649463901573,47.85082427881747],[-92.404928031703264,47.851218546998382],[-92.412082080123866,47.853868967778681],[-92.41319741842608,47.858818582711478],[-92.418321053973443,47.862549958913519],[-92.424723127070649,47.863665820621179],[-92.428218422242367,47.866407484817614],[-92.42794236814575,47.871130706217173],[-92.422280443387706,47.877473319737987],[-92.426934461955796,47.880553057077975],[-92.439427545244996,47.877335327763205],[-92.449132345281498,47.876703979405193],[-92.452824359956196,47.881235713557373],[-92.445511377947696,47.886069309650964],[-92.42282589210123,47.898182658702808],[-92.422849937274748,47.905278384290057],[-92.431999653261357,47.906702866344233],[-92.455968969892012,47.895213213319209],[-92.470470399389399,47.895297337702004],[-92.463298965274987,47.911287121803298],[-92.455211602233646,47.920065550884544],[-92.453811995427202,47.924973437274389],[-92.456659027791886,47.92969298044676],[-92.473536182848534,47.94242039918214],[-92.477658601363316,47.965945930060684],[-92.477729643308351,47.96635117176919],[-92.47508531723355,47.977368403728917],[-92.464813480257874,47.987137515184259],[-92.46502231902474,47.995082594686039],[-92.454329931181348,48.010082414072201],[-92.460530450919521,48.018633136609992],[-92.472934498628149,48.024199496709457],[-92.481850988931967,48.028325929797859],[-92.484812211814074,48.032005265830435],[-92.487268721674127,48.03505707472425],[-92.487769063091775,48.05349274409491],[-92.494467927752623,48.061304588136295],[-92.496671738010264,48.069598799744881],[-92.500215048885366,48.077927337576625],[-92.512351827974442,48.086476900888329],[-92.516867500234923,48.089588111801959],[-92.52254443827519,48.099767238567267],[-92.528042674729591,48.109192454668118],[-92.539165647176844,48.114118779857847],[-92.551717918447139,48.121476224348328],[-92.555763970131068,48.132958849171587],[-92.55834933035726,48.142607143005307],[-92.568511256689135,48.148853469711923],[-92.574780043064493,48.160690010135909],[-92.578250576302992,48.166616453386666],[-92.58839337765221,48.173309317770872],[-92.606403886230339,48.179449510086897],[-92.623945202309187,48.190066498769966],[-92.625492229582676,48.198488064272794],[-92.6253845249758,48.199117471893885],[-92.623170531694655,48.212052500022935],[-92.629150223803776,48.221331901845872],[-92.627193442923044,48.232359911280923],[-92.624175318136395,48.242313446708238],[-92.617013579612944,48.246176701293791],[-92.603279428302926,48.247331101649081],[-92.596378867290866,48.254492574872472],[-92.599549247299876,48.261905692793562],[-92.604071954057417,48.269202638990635],[-92.596813494347259,48.274708481011658],[-92.585429188805961,48.27382462011019],[-92.577589587189664,48.277668552761554],[-92.569351923152681,48.280604012765025],[-92.55915243573628,48.276677122151511],[-92.542827235088794,48.271302808677717],[-92.531046200821493,48.273128900978065],[-92.520149871919045,48.284188914586764],[-92.520518218041275,48.290103511068253],[-92.515367729636978,48.299656019909435],[-92.518645150553198,48.304227600323543],[-92.51855151673908,48.312019522582943],[-92.511195226978089,48.316791176071945],[-92.510475271116832,48.329290316295101],[-92.496722695396045,48.334369341871707],[-92.470234285983452,48.339117576115314],[-92.467175368848132,48.343363416688362],[-92.461214591280338,48.348119313155848],[-92.461850524382157,48.356637709562676],[-92.451337813888983,48.37639021663523],[-92.448588928136473,48.403899314301952],[-92.459539979886131,48.43006208459758],[-92.474032998923747,48.437048073110134],[-92.500140057117903,48.446974699023201],[-92.529470088573703,48.450367531736276],[-92.583281750752178,48.452668984985735],[-92.63570611244711,48.451893270258267],[-92.673265407372639,48.450358401818846],[-92.700591135972104,48.454231881696046],[-92.714412469359957,48.455887065036052],[-92.722205449222088,48.464005799128358],[-92.725462630895663,48.472015171163264],[-92.723259601249538,48.481215211412916],[-92.716526904992634,48.490117365623973],[-92.694955091004601,48.500171522597725],[-92.683495344934158,48.507069105954542],[-92.675743270735325,48.513678210181297],[-92.677653946072724,48.525430922998737],[-92.691004914245354,48.535949988101549],[-92.7172758361109,48.539037378672163],[-92.751236408433442,48.5419248859248],[-92.785617430000343,48.547645532815125],[-92.802846544632303,48.557865837738291],[-92.826856631128578,48.566353169763033],[-92.854499302400825,48.570766598999398],[-92.88893959108924,48.586843114618091],[-92.897686588864929,48.599310244372361],[-92.898270328013211,48.610081725791076]]],[[[-122.63868652626212,48.713332333220649],[-122.64392504120764,48.715789324218008],[-122.64792815386119,48.720050105228211],[-122.64791849694103,48.726474941065703],[-122.64437296833779,48.732243452573357],[-122.64231244526309,48.73868822098467],[-122.63773786021403,48.74349383557211],[-122.63062810520285,48.749194173972],[-122.62233094741526,48.755519783111538],[-122.61726531634122,48.759254254780103],[-122.61327826198215,48.762773365798239],[-122.60715796356914,48.766133619670882],[-122.60303304403971,48.768706741922642],[-122.60117750164034,48.772384148909396],[-122.60321090296077,48.77684333385281],[-122.60510386794914,48.778411928667651],[-122.60297825464272,48.782143001798147],[-122.60444260813983,48.785353500563645],[-122.60682798971993,48.789937032967771],[-122.60812997961483,48.792790699631155],[-122.60787160798827,48.79508172344282],[-122.60786463374581,48.79514356981997],[-122.60754635737845,48.797965504804267],[-122.60812001422727,48.801158735687181],[-122.60982528620798,48.802959248570517],[-122.61301766813085,48.805436351106778],[-122.61418890919077,48.805736955795908],[-122.61660634620586,48.80622335592318],[-122.62147951966409,48.809398217254],[-122.62483377685726,48.81174497025421],[-122.63204779027325,48.808799865921117],[-122.63910324511863,48.805508921899275],[-122.64243832157126,48.800320984825646],[-122.64838705811621,48.794611379811386],[-122.65350662333196,48.792082184045626],[-122.65705740577465,48.789865802165082],[-122.65286457933684,48.786933109375525],[-122.65242964381298,48.780988723750681],[-122.65738999485234,48.778113817798499],[-122.6577930431144,48.772755826120544],[-122.66085735258474,48.769626718698134],[-122.66465381272326,48.76633853019905],[-122.66521278274371,48.76369685622501],[-122.66568437823145,48.758931773182837],[-122.66610545520257,48.75534443599696],[-122.67049645804508,48.752715409188852],[-122.67518189892547,48.74944338690284],[-122.67902648268597,48.74497670970743],[-122.67939023237329,48.740621879396258],[-122.67340855096381,48.734616113243078],[-122.66959673669999,48.732069264684867],[-122.66532749666658,48.729808431114236],[-122.66070187509143,48.725477702633896],[-122.65837108955412,48.721661452014473],[-122.65461137301639,48.717936111162658],[-122.64801919942647,48.713803506926354],[-122.64450473700396,48.710612928144144],[-122.64055840124917,48.707119301214846],[-122.63683106390243,48.704749697340731],[-122.63357970983571,48.703669298599323],[-122.6287058178192,48.701117408441689],[-122.62258381429154,48.70058819968574],[-122.61748863329376,48.701021532617688],[-122.61503722888494,48.702094742178645],[-122.61380904455172,48.70378162392285],[-122.61127596101676,48.708684064917691],[-122.60966659723562,48.712897529897134],[-122.6112664452902,48.717054479680542],[-122.61386367386945,48.720817797103734],[-122.61569926301053,48.72215517532112],[-122.61826729060294,48.724026042168191],[-122.62134885266738,48.726914186140846],[-122.62418668766549,48.729267086906589],[-122.62925864367145,48.729422504145305],[-122.63079041034911,48.726975936290501],[-122.62778973690678,48.724266386884324],[-122.62249545230327,48.721041490872153],[-122.62022292215011,48.717991905102394],[-122.6226960865551,48.714384338566447],[-122.62749262788242,48.712648287288687],[-122.63868652626212,48.713332333220649]]],[[[-94.94272582004055,47.638554108185588],[-94.867631733117946,47.713622553638004],[-94.744994362100101,47.8313442015737],[-94.631973793355826,47.940152449276184],[-94.505285901922775,48.059905208858368],[-94.493536723441025,48.071882030031702],[-94.376948915559979,48.18125174157467],[-94.246066566318916,48.303879221848661],[-94.202849263182941,48.344329892010933],[-94.15357771144221,48.39045542098097],[-94.132310701077984,48.410335201008763],[-94.121713055912778,48.420234978561439],[-94.070955010265493,48.469375141149897],[-94.063446906849208,48.468384126026649],[-94.040461661676318,48.465991836753915],[-94.021901328283661,48.463954721233449],[-94.003766027080474,48.462511154666117],[-93.989640473728855,48.460534332393593],[-93.977574153824094,48.463305715586387],[-93.965969858821893,48.465493014291212],[-93.951904800166346,48.461743504159415],[-93.946142522759203,48.461656993875238],[-93.933217692942151,48.463526724878477],[-93.922982122926612,48.464551296405261],[-93.908970956144685,48.459323353889715],[-93.898950929341879,48.454155297229249],[-93.885046988727538,48.458660091290255],[-93.872999951186785,48.448149279265863],[-93.859402899723989,48.456490875253735],[-93.847182259753424,48.450989424622321],[-93.838034321726525,48.458809003732597],[-93.835891956748355,48.469098581634285],[-93.84035725078644,48.480672138708314],[-93.839249060295856,48.486848315597342],[-93.836810237402517,48.493003310754261],[-93.836546244113833,48.500372271063497],[-93.830927497605899,48.508540957099569],[-93.827687741196257,48.512206634228846],[-93.823986932051241,48.516393283223522],[-93.827597818884215,48.527067156723945],[-93.833354891015347,48.539838736668401],[-93.832498158163446,48.551325421930756],[-93.82688473744065,48.559197873083406],[-93.826438668309834,48.5715748880707],[-93.828319258626834,48.58103988658155],[-93.848677521150648,48.595808162017136],[-93.86052523115444,48.600121279073846],[-93.866667578246108,48.614957828341176],[-93.873569507127002,48.62096119600244],[-93.883232768377525,48.624353582651793],[-93.894364428275708,48.623935463550879],[-93.910343863878154,48.624769627016747],[-93.925808262241446,48.627657666668028],[-93.940071669072211,48.626693614119063],[-93.952042198588572,48.627757367308732],[-93.965237104708592,48.632080885924211],[-93.980918395267679,48.635260571218453],[-94.019390799745565,48.628452321117777],[-94.04932428169019,48.624165054173943],[-94.065230184225584,48.627338341691143],[-94.085573479332595,48.630866550251142],[-94.103770681771493,48.632003810427591],[-94.119013293828402,48.628086967939282],[-94.134689266696284,48.624469084380792],[-94.146753419234869,48.622569283645589],[-94.159660687090991,48.622153647572816],[-94.173420943022052,48.622927285765684],[-94.18231907996153,48.622750807303987],[-94.193857423181498,48.623492900876727],[-94.207059931270749,48.628087846576932],[-94.214956204565169,48.631728132247531],[-94.22335014379405,48.633605772788258],[-94.241183643310478,48.63206715237726],[-94.250168536049046,48.628939712297949],[-94.262161920036533,48.629387056667383],[-94.270950781253532,48.633035367887999],[-94.275413112924809,48.632502053726853],[-94.288396973341605,48.629422389231934],[-94.306721777887731,48.626112795968822],[-94.320855381970262,48.629529074906941],[-94.325540356102522,48.636955351708195],[-94.324874482771122,48.644905500688367],[-94.320642646440945,48.653106555123486],[-94.313716345033242,48.662158364616914],[-94.316598977960439,48.670446119992505],[-94.331411953298982,48.676963909756694],[-94.353183938387986,48.689177475660017],[-94.36370550360607,48.700506477392082],[-94.382353080230416,48.703565542915499],[-94.399360595614951,48.700478743199483],[-94.413065420932412,48.69421483834418],[-94.425226503300451,48.695101773128386],[-94.445178843328904,48.700109129033137],[-94.462581982172708,48.703441892429453],[-94.476652639107954,48.700312640216225],[-94.48995071275516,48.691945414449378],[-94.510998234580825,48.689337276194408],[-94.526259024634271,48.692638824122469],[-94.541150009865021,48.692648535001922],[-94.560358934317321,48.69135764723768],[-94.576183027324817,48.699588650895578],[-94.594670097447022,48.709935907716044],[-94.608033079662846,48.712760519082735],[-94.629855999654637,48.715817821934991],[-94.650572902817203,48.717964604383042],[-94.665095314397206,48.724678116302073],[-94.685456955673942,48.732939392938704],[-94.699702984005455,48.742334369335708],[-94.711511351367733,48.749763296439028],[-94.721115338302184,48.75478113843883],[-94.725774942559497,48.758707123435045],[-94.730211092268064,48.773233183564628],[-94.728825767595083,48.785315566260408],[-94.72175894082244,48.798837899349621],[-94.709777414396115,48.809476432191673],[-94.700875384291521,48.834326143736575],[-94.706075796760558,48.83437512800981],[-94.717881138803477,48.832246155735561],[-94.727946554389916,48.826815531211821],[-94.738562793937774,48.827361141803294],[-94.7507369371599,48.829114463661597],[-94.761706199281662,48.823540246185473],[-94.775169068297828,48.817539376840841],[-94.786715443362993,48.816745853738212],[-94.790015770011735,48.821253967196867],[-94.781638225423706,48.832974577814582],[-94.773150337617949,48.838870926152367],[-94.757448847386343,48.84350741423583],[-94.740837163204503,48.848283025641194],[-94.726930610059583,48.853380188744779],[-94.731846546281076,48.85626196192004],[-94.740787274213289,48.856045440244941],[-94.757645836685981,48.850376450412909],[-94.775161362007225,48.845606895042238],[-94.799065585708149,48.837905115428782],[-94.814465490090242,48.836844269747303],[-94.828452770878641,48.838606227795253],[-94.843745877170477,48.843064925306123],[-94.856593337412562,48.845411538012115],[-94.871711840329112,48.8473276983147],[-94.883617733771359,48.85175399235294],[-94.898237618371354,48.862470631314636],[-94.901006084163441,48.871897067795487],[-94.905653955865318,48.88999546711716],[-94.922327489122267,48.906843817788001],[-94.940227165251429,48.918922646363114],[-94.959310545245444,48.928470422072394],[-94.969625391398665,48.934517497684396],[-94.974660918566485,48.944703095071816],[-94.981948623330254,48.955800141863108],[-94.994999640620904,48.961267957850055],[-95.003452179674298,48.9640152859767],[-95.01071092267091,48.963619839683929],[-95.031317345918751,48.964661350840743],[-95.038952505553652,48.969042143680042],[-95.045675077243004,48.973863785984975],[-95.054958008005656,48.974524519690874],[-95.057051910317398,48.971106829716462],[-95.057390434021272,48.949620858715718],[-95.062528820248815,48.939806547334342],[-95.070956168392399,48.936878855674706],[-95.083400158590393,48.937857523106288],[-95.09606430732191,48.939284209398807],[-95.113534569764568,48.937457536136435],[-95.121059682058672,48.934073268566522],[-95.120223876430714,48.9292923259801],[-95.114184094320478,48.924179485894626],[-95.112904940910255,48.918798504847189],[-95.116600560067752,48.913897118757063],[-95.121590504198366,48.913332011762975],[-95.131317721635526,48.913990632961372],[-95.136544707272378,48.91268024339854],[-95.140789017199324,48.908826303091473],[-95.14882962089024,48.900667361209798],[-95.162719448443738,48.894931504085719],[-95.168376053711881,48.89511500984986],[-95.17445454713959,48.897539637844091],[-95.179874861835344,48.898467523257636],[-95.183306893298436,48.895801317576797],[-95.193567005812611,48.890339241063202],[-95.200827494393309,48.889038213442859],[-95.217126859317091,48.888833258847853],[-95.234095547371567,48.889376390008465],[-95.240436504341176,48.889112969587927],[-95.251715574813886,48.8921598187207],[-95.264105547233157,48.897002691321177],[-95.27449629077114,48.8988488151208],[-95.284893018398066,48.900246416439018],[-95.286164103990188,48.907566244986299],[-95.287628201180496,48.917722498394653],[-95.291161091611059,48.925351978810852],[-95.297423314734147,48.93209968565202],[-95.300932299386091,48.936138263070461],[-95.309774517380049,48.944426288242653],[-95.318205735306378,48.949767474289558],[-95.322161738773161,48.955674917563442],[-95.323589798330488,48.964951293167701],[-95.292010076803592,48.987722698443804],[-95.589354001386027,48.987867456018307],[-95.822556294637252,48.988364059853552],[-95.845760584982997,48.988391928045075],[-97.238025036626084,48.98369778442526],[-97.438432272631246,48.984940935275972],[-97.669224193941375,48.986865427797284],[-97.723644010962289,48.987704106759168],[-98.105247275141608,48.99119338996303],[-98.105592515881881,48.944075602107432],[-98.099721444788827,48.738296547347829],[-98.09890421465775,48.69040142778374],[-98.097564198728776,48.595171746878691],[-98.095568416948822,48.520720471972254],[-98.094520202245519,48.439334103885813],[-98.092736520174242,48.355010496936927],[-98.090934659207107,48.292426421242396],[-98.09008486642341,48.243139471309632],[-98.090249418975475,48.198646946599354],[-98.213169403744928,48.104564412117952],[-98.213160817018036,48.104328312201915],[-98.344341898559719,48.003535545629006],[-98.682816141551655,48.07681610737751],[-99.008541802961815,48.14494437038644],[-99.261480047666055,48.126711751745972],[-99.432780599744831,48.006641062934762],[-99.667003163065488,47.845532342343802],[-99.765313764818359,47.774544604849666],[-99.853273294826636,47.719352140688784],[-99.86613910843306,47.706259810342033],[-99.855395441246571,47.713838592377215],[-99.834014267344514,47.72005362537459],[-99.816306282608821,47.724040501667844],[-99.802254307290411,47.721863378791966],[-99.789298764726198,47.720721156156458],[-99.764593640783858,47.720467825230003],[-99.755897467294233,47.725065144241057],[-99.750353258396103,47.726166322717688],[-99.739766806193131,47.727407442899221],[-99.733861362112123,47.727192747747154],[-99.724311869597045,47.71780209798851],[-99.711462147560042,47.709448275717421],[-99.661524367255709,47.70930177525679],[-99.647578450784863,47.710627107055416],[-99.532803891985964,47.709713564929132],[-99.50840654572545,47.711752694930965],[-99.499151859970311,47.718657110437334],[-99.490110372895344,47.729341075230479],[-99.475290115746191,47.737144669790723],[-99.464985765580593,47.741498828308352],[-99.447432334734401,47.740737943401427],[-99.423238783842748,47.741658012807079],[-99.410617623604423,47.740766868296362],[-99.3991237392691,47.735909023782483],[-99.384667755212718,47.730216102990823],[-99.371551329330373,47.728425220947258],[-99.34108722219753,47.725399020248631],[-99.321599463844166,47.721944152300864],[-99.287094894313896,47.720257893786822],[-99.272545494978601,47.715691015028369],[-99.25930829464204,47.70938719556267],[-99.238882523609561,47.699658710980771],[-99.20952974560123,47.696008361896418],[-99.177045482363098,47.696779312914998],[-99.15649533599094,47.695180805749658],[-99.136380632360272,47.691108278923991],[-99.121733915587697,47.684255906285102],[-99.105035061019237,47.675556309975775],[-99.089953764854329,47.665492267654088],[-99.076523003433806,47.649873451198857],[-99.064838518582746,47.640296219095262],[-99.048719188939401,47.631575732434158],[-99.027010059266786,47.622979236202866],[-99.007581500585729,47.615085407265781],[-98.995204534161871,47.60816760355209],[-98.98611231812896,47.599660953190494],[-98.985148786287425,47.591351741789481],[-98.983291804073474,47.581926144376098],[-98.977614077327758,47.57447851856881],[-98.963415522408411,47.56783429221889],[-98.948032962351306,47.567936341888696],[-98.93754122944415,47.567929683308307],[-98.925550844695692,47.565824751710977],[-98.907024663957031,47.56599059658879],[-98.900030307252848,47.558568087946981],[-98.888968710837275,47.55383628071985],[-98.871938460591423,47.548521351279419],[-98.866523442003199,47.544850110044592],[-98.865590369300094,47.532325189855669],[-98.854525168401779,47.527353712403965],[-98.843101727962335,47.522152176681686],[-98.833872650402441,47.519033638991289],[-98.8293128196309,47.518656507391938],[-98.823814314279161,47.520666041604613],[-98.817628064983182,47.522926485768778],[-98.805463174885574,47.524365010736688],[-98.801622888085774,47.524445286920525],[-98.79790590913035,47.51955215211018],[-98.798796790139704,47.508408334277249],[-98.80431004437304,47.499061264765601],[-98.814090416239708,47.476130558978184],[-98.816432444201894,47.450986564078732],[-98.817997320320046,47.431894575774095],[-98.836092691624401,47.400494608039764],[-98.842287370265865,47.39112827325124],[-98.846257575826428,47.363811311243069],[-98.852153535657123,47.355633880199491],[-98.865116690083141,47.342094433011709],[-98.86621248431868,47.335676455404155],[-98.866795314252329,47.325716747030299],[-98.85571233285782,47.319559337193709],[-98.848441244867502,47.308409020859699],[-98.849178147553403,47.294181899874843],[-98.850245266006198,47.281084118737169],[-98.855503003061131,47.274339307712921],[-98.861403454106096,47.269475396372513],[-98.869261534991836,47.270822721091747],[-98.875174616115601,47.260272617687235],[-98.881692637904905,47.246619715627446],[-98.886507017284998,47.23647107138288],[-98.8849844587657,47.221720936172346],[-98.821441131103256,47.170388516017226],[-98.819449354903782,47.157161682165963],[-98.799568894988454,47.135401941346572],[-98.798218997308823,47.116573838411966],[-98.785678849799069,47.099546814034284],[-98.782761646033123,47.074126219149775],[-98.775956209911101,47.065925886870218],[-98.776397097148276,47.041039491979006],[-98.774943244135386,47.033333312882121],[-98.769806634968177,47.028851588230282],[-98.748481806290272,47.013213999326638],[-98.749788373734418,46.981590342320487],[-98.749043795334842,46.974778352838769],[-98.747239061933101,46.96905025506527],[-98.743401735701525,46.962453729655977],[-98.74022941225752,46.955843257560332],[-98.736340300364532,46.948033536818343],[-98.731471904105035,46.943126681950844],[-98.729932790865575,46.933295534361491],[-98.732147628610164,46.92824253696358],[-98.737982623399319,46.92493562817674],[-98.739338123855305,46.920507093027993],[-98.738755498967066,46.917332497896496],[-98.736135049892596,46.913137725325839],[-98.731174537874608,46.911115555638446],[-98.723143634271253,46.909763295439802],[-98.70672610742389,46.909037297933025],[-98.698689430173033,46.907531935350562],[-98.693255345957425,46.904759254436101],[-98.686792983209557,46.898668701099723],[-98.678725514071175,46.896403995048388],[-98.666265360358068,46.894075491990407],[-98.649695046788963,46.888337775068294],[-98.635022703834693,46.881611762572845],[-98.624411644381837,46.872717014278862],[-98.62369624808332,46.862297701078091],[-98.619840841881285,46.856113793616714],[-98.613191546052974,46.849226018266165],[-98.601602793134361,46.843193802152314],[-98.600749755596723,46.836001482182724],[-98.596519431026877,46.827357567397883],[-98.590594005808668,46.817797916140989],[-98.584915075770084,46.807474064176802],[-98.585500877963113,46.794940354014159],[-98.598087766836954,46.775435112840228],[-98.607121873175856,46.766908403100388],[-98.615546151933302,46.757064614640285],[-98.620546405891901,46.744631256227535],[-98.621243819346773,46.734939435206797],[-98.624827597915271,46.715131987651148],[-98.623917903988058,46.706609999352054],[-98.628584537346512,46.69949521083538],[-98.628880559090476,46.69341614184151],[-98.625003204933932,46.686471065287492],[-98.622520283784013,46.679877656928397],[-98.622291991781935,46.662926825812406],[-98.615551946265271,46.653380533984489],[-98.610018310696432,46.646277381795812],[-98.605877431797978,46.632882468251353],[-98.605797387639313,46.624342185043872],[-98.598419328888895,46.619172757816557],[-98.590138271663875,46.612122355362487],[-98.572374429136573,46.588741270892967],[-98.560892089398351,46.584029139033589],[-98.546567954947136,46.577092849755275],[-98.531566575237207,46.566940600128646],[-98.501398889147367,46.549119395243963],[-98.483331710689868,46.537614456442043],[-98.471887500407774,46.532058148964438],[-98.467078112265028,46.52728795417579],[-98.467225298908374,46.519842565881788],[-98.471751488740153,46.511859169864863],[-98.472360141807087,46.499392128244153],[-98.467790919415336,46.495072794174177],[-98.457264641749759,46.490257070307621],[-98.447381489064412,46.484972795158399],[-98.432701086385975,46.480687996853646],[-98.423515842681979,46.476300396146428],[-98.415729655399218,46.468240617110837],[-98.41327006266323,46.461449792274152],[-98.410360046279095,46.454363241570377],[-98.397784566204734,46.445946678996108],[-98.384781575409363,46.436308528615768],[-98.378672415999176,46.427303920939266],[-98.374962946382823,46.416356397230004],[-98.354398364093186,46.402483166664865],[-98.35207050225182,46.384292572444338],[-98.332912413776853,46.348737315075084],[-98.331670147859029,46.335570205200838],[-98.324819575662843,46.326431824269321],[-98.324846566116094,46.317883478639658],[-98.322477649324014,46.3001168311269],[-98.319327895266099,46.289012132004359],[-98.315671259021371,46.273404140688569],[-98.311007412661922,46.258288201739163],[-98.303003201836248,46.245367729137456],[-98.295910989900221,46.238605161898761],[-98.288897843660493,46.23397816076357],[-98.279842361335852,46.229623827777459],[-98.273677927794097,46.229493542093337],[-98.266162610016409,46.229861341427807],[-98.256629195580899,46.231213470325429],[-98.244692839403001,46.232368626111281],[-98.238127224591722,46.230581120122622],[-98.228467271047691,46.228371012812033],[-98.215071229753391,46.226935934945516],[-98.198893457666884,46.217669425803422],[-98.179537349269197,46.20208083106553],[-98.163787563645087,46.191654524736578],[-98.163657268967768,46.177881014597176],[-98.168470054749207,46.153219765879555],[-98.180829648069789,46.124839658623387],[-98.189036781921914,46.111818524905061],[-98.194695764098185,46.100284241224813],[-98.19550366466234,46.087571165776751],[-98.199887835355298,46.04401021459978],[-98.203952020069607,46.029039359678734],[-98.210140435832386,46.02682851672273],[-98.223655988033386,46.020059806215158],[-98.229560854749593,46.014180250917889],[-98.231229423598961,46.005787598618838],[-98.232089539700439,45.999233542793831],[-98.234123780987659,45.988857209092998],[-98.237099178983897,45.980441541344135],[-98.241580702187605,45.977626977203272],[-98.244172469184093,45.97073839336224],[-98.24919032737165,45.95848450815356],[-98.253836485865122,45.937262537636059],[-98.240393715797325,45.926999376420156],[-98.234956743858618,45.921160682719403],[-98.233632067665781,45.91449065122265],[-98.236568540305882,45.911245912568859],[-98.244774167793594,45.909127201559158],[-98.25996932622337,45.907495224325203],[-98.270133494565073,45.905340848001799],[-98.276426118370637,45.898537832854743],[-98.276795827865101,45.88215469338445],[-98.276522344930243,45.865045300100576],[-98.285115040626579,45.858001174914364],[-98.291777602354443,45.854080593944332],[-98.295250999034351,45.846650279187088],[-98.299622806747095,45.835875775146974],[-98.302319905938873,45.825843683938899],[-98.307290943622093,45.812918141858802],[-98.313601365910245,45.799492651364801],[-98.314386765436836,45.793059611911588],[-98.311689543037971,45.784311025933164],[-98.303758335578664,45.781123483262206],[-98.301181446966154,45.770162794377484],[-98.301777958286095,45.756609416691276],[-98.305022394767661,45.750160700256174],[-98.314537322739227,45.742839230446179],[-98.331005126185573,45.735544343696574],[-98.351600538134278,45.728324603397766],[-98.362849451640841,45.72111980083821],[-98.363319178337349,45.693200439648649],[-98.369492135653502,45.683444650750062],[-98.373108180997747,45.674337874693208],[-98.37848251965255,45.6477767047312],[-98.377788877054968,45.635003609429077],[-98.37375003793386,45.631424540610112],[-98.368878359148937,45.628773865321705],[-98.364046571591985,45.627187785887656],[-98.358803950342008,45.62621787695349],[-98.349892798413862,45.625771034405773],[-98.338185740579434,45.625982961444549],[-98.326511917191169,45.627106523147575],[-98.320619474609032,45.62614675317019],[-98.317064218938526,45.621219009749552],[-98.315607354096073,45.610970335712466],[-98.310349339150662,45.608019875916568],[-98.309100388572062,45.603475512584907],[-98.308616091059719,45.597585493675638],[-98.311145724795324,45.592593020651407],[-98.315369003176897,45.58947298828781],[-98.318370326829097,45.582568954993349],[-98.316621141852181,45.579175098851806],[-98.312122934425872,45.574688614088302],[-98.309520698421466,45.570168102575906],[-98.30885639440703,45.542072897846026],[-98.316915042994822,45.532794013133241],[-98.324554828742293,45.526947549290014],[-98.327822769904856,45.520037459061541],[-98.329175561602824,45.51259074606611],[-98.326886714150476,45.509206244672498],[-98.322316658986608,45.502627245251233],[-98.314259270348998,45.496871817980093],[-98.309448469371318,45.491057839447762],[-98.308417314807173,45.484985796857075],[-98.308135665128816,45.477187290660993],[-98.306376182015129,45.473412074307817],[-98.302669731422952,45.468148858582992],[-98.300849207724696,45.462661554287365],[-98.302043223216117,45.458262481828115],[-98.309279192680549,45.456420188241168],[-98.314510923140574,45.458991262736618],[-98.32141322973672,45.462864462924699],[-98.327561042008426,45.46085038443772],[-98.327304855734496,45.453812374641416],[-98.326411373885776,45.444120898061044],[-98.334842377773498,45.43730010331717],[-98.335714780412729,45.431573775409447],[-98.331627259190611,45.423272119212982],[-98.329202972938788,45.416082334432247],[-98.333358228399504,45.411438604108355],[-98.33629370459073,45.403009504984709],[-98.338730075932233,45.395731430161447],[-98.349749749551279,45.38677407376457],[-98.353179885243492,45.377192801906347],[-97.483424320376059,45.066002648903179],[-97.357773903043153,45.019252521886415],[-97.257365394297494,44.981753263002759],[-97.239141809346961,44.976216203714898],[-97.235073574985449,44.976945393814901],[-97.232120890266856,44.977474539618356],[-97.084676824975475,45.238540469367194],[-97.003277193687495,45.381630224155572],[-96.881713157236391,45.593961906616755],[-96.874702496722819,45.640934211145009],[-96.852699906575367,45.668470104112089],[-96.806770055693505,45.704709662820733],[-96.79310925308954,45.719342435604972],[-96.781384135069743,45.726259770771833],[-96.758914045846495,45.734832661598091],[-96.745991785392562,45.740226636949785],[-96.740108038355231,45.748056951267358],[-96.733699319268112,45.757601222318613],[-96.724837050889164,45.766588218571485],[-96.708897047860432,45.774662502772344],[-96.695668393781318,45.782530018445641],[-96.68624138982824,45.79037599535593],[-96.677670071016905,45.802209525749049],[-96.67129270679294,45.816122253639151],[-96.666340106110965,45.836491021143786],[-96.66294923302064,45.850386856168541],[-96.663955276714603,45.879388859908033],[-96.659368016620647,45.883214176593015],[-96.652305047939592,45.884580464416956],[-96.645473364204349,45.881953157112548],[-96.638052057956088,45.87476594619153],[-96.633153485844673,45.874789878050478],[-96.630483036263058,45.879935567672362],[-96.62926655660624,45.921951381051429],[-96.619195600296678,45.928001481083527],[-96.620423870964828,45.949141264357934],[-96.622670369342018,45.969799964296953],[-96.621210811030096,45.975223573209405],[-96.614367962211645,45.986374156642057],[-96.598188247589519,46.005264032209368],[-96.601322464060445,46.030180067855895],[-96.604916481410442,46.049403660250789],[-96.602610089084294,46.057965243900924],[-96.598574545978465,46.064159361365512],[-96.590146525141961,46.075123467673961],[-96.587181053862537,46.08653729436071],[-96.587082078974731,46.091475597620786],[-96.586947759831219,46.098175982135899],[-96.595299694425307,46.115000314612871],[-96.598492139300731,46.127572504967191],[-96.600361362187073,46.144563381095224],[-96.60833552936117,46.156637460350566],[-96.611537275025171,46.169682945011971],[-96.616479680992427,46.185806597696399],[-96.62210381443947,46.201451317324484],[-96.62247580461468,46.209172649098548],[-96.622533833369687,46.210376915062625],[-96.623869233078608,46.220912523194443],[-96.630584597601057,46.235695627551252],[-96.636524966853699,46.254755011834391],[-96.636186169755888,46.261878859222008],[-96.633480055759946,46.278699862408757],[-96.639318381637963,46.287217631988199],[-96.643540714832113,46.298306655028171],[-96.641564264878866,46.306007479561572],[-96.631757219120345,46.311752136551888],[-96.627720585136842,46.319177549104666],[-96.626152689095306,46.326875770100742],[-96.634392794791609,46.328545208594562],[-96.646742069291008,46.329909095228629],[-96.648019540069697,46.334175326130435],[-96.642315172707015,46.339330359708413],[-96.637438160043018,46.345050708923111],[-96.644085406316435,46.351569201957147],[-96.654850469273697,46.358351593851012],[-96.664335553243177,46.360582459313093],[-96.68204268542155,46.362200534826854],[-96.689858776061612,46.362159689418206],[-96.693674180419066,46.372392796190638],[-96.695841647274165,46.382349475647857],[-96.69922551014912,46.39059063714825],[-96.710771674772957,46.39252221542796],[-96.723559852605092,46.395015521948835],[-96.726131328198221,46.403829794409546],[-96.727096244995664,46.416070062083747],[-96.729227554607917,46.42232329828164],[-96.739588705953963,46.427960807345414],[-96.745829949692393,46.43333610827483],[-96.746862358810802,46.440496767611762],[-96.758486313892263,46.450256029692071],[-96.758652742430058,46.450395728580077],[-96.762143228027526,46.455121397934192],[-96.760481236819601,46.459639529840501],[-96.758512899650555,46.467244057667187],[-96.760298764376444,46.472928519435698],[-96.757625897417199,46.47911318502554],[-96.757365460047879,46.485995647181426],[-96.767378726646882,46.49020850601778],[-96.779460414166749,46.494882866351247],[-96.788135135228288,46.501711896187089],[-96.787449780782708,46.529237594439508],[-96.790286236220766,46.536100695990399],[-96.794818232975047,46.541055482924264],[-96.794229819150814,46.548887860286584],[-96.787750726314925,46.553196969964233],[-96.779595614645871,46.561074058021404],[-96.78072480340694,46.568895782914126],[-96.780472439251639,46.576251095112013],[-96.782619260370552,46.582880401709247],[-96.789900391989477,46.587343999625944],[-96.792715734043838,46.592308497439262],[-96.793137880308905,46.598473316790205],[-96.7945774673762,46.603445904904618],[-96.801837547664661,46.606011158088506],[-96.809798803272145,46.60952048538212],[-96.811596450016111,46.615439332059566],[-96.811365964567585,46.624216831241824],[-96.8130537726135,46.627996696190621],[-96.831753551285317,46.636134119993699],[-96.835957440283607,46.641515255724528],[-96.838099672162116,46.647193908771953],[-96.844463401764528,46.659391380407953],[-96.850389130953602,46.669598841213599],[-96.8509031609521,46.67699489000222],[-96.846849705149737,46.682997253120789],[-96.836183010937191,46.689326010786829],[-96.832533322854545,46.694756019274905],[-96.829834818921711,46.709570568427068],[-96.830403454855514,46.721233897626348],[-96.82907315879919,46.745713117266575],[-96.832456336390749,46.751097997774423],[-96.834594405307541,46.756206054365975],[-96.834309665558578,46.765881675898697],[-96.833154895581913,46.772432870080934],[-96.826206067056319,46.779304766102143],[-96.826399235136535,46.781918017902285],[-96.826710601113291,46.786129795753538],[-96.838855047822165,46.796010903380534],[-96.84935005156359,46.806185744876302],[-96.852339476285749,46.812709748955797],[-96.851308224594845,46.81980079537044],[-96.843251280222375,46.836920755688368],[-96.829582902628829,46.84814851803975],[-96.825534474936035,46.855522226769381],[-96.826709336666511,46.86594465791967],[-96.827510629911615,46.874235846007537],[-96.823469657598594,46.882319992173962],[-96.822729968812951,46.904841373330783],[-96.816084307145047,46.925501854826791],[-96.79916528325117,46.927974841166019],[-96.793011155040745,46.933699633031665],[-96.794279083113167,46.940489042335514],[-96.794868015846191,46.943642061831724],[-96.797748467917415,46.952393150623436],[-96.810454184213199,46.947537685715702],[-96.827361162587522,46.941073554900697],[-96.841127188568862,46.935536217722301],[-96.847377072993481,46.937155387711016],[-96.848899927389709,46.947336138651906],[-96.852780906713463,46.952761866367098],[-96.861174808170801,46.959106108560093],[-96.860208609839447,46.96432584026536],[-96.850242343609239,46.969603438847685],[-96.852044499553983,46.974805195803185],[-96.867009460318286,46.980395485962958],[-96.881654384742035,46.987644867017025],[-96.880736449427559,46.996181395555027],[-96.889805894626306,47.0020413321418],[-96.885206932553842,47.019605947856235],[-96.886354345176869,47.027180257562861],[-96.872618631744444,47.036037589563136],[-96.871002281130359,47.044340563266417],[-96.880415297028321,47.048211446800906],[-96.887670353703811,47.051385302689596],[-96.888303527685594,47.056877529874157],[-96.882334676903781,47.066204189271957],[-96.878222669840284,47.069642864926323],[-96.876686918266614,47.07875006186589],[-96.879266786333062,47.084608101782521],[-96.883808240357951,47.091779578165074],[-96.8797483463091,47.099007904291398],[-96.873715449408451,47.104164357898867],[-96.870467617086831,47.110060286253258],[-96.876950287425814,47.117029285673027],[-96.886488109438687,47.123977536833934],[-96.884418547278074,47.134602925184879],[-96.884796231061159,47.141611493875416],[-96.891545181664753,47.147440531555333],[-96.893021080658286,47.153494075990864],[-96.893166021694526,47.163270791214075],[-96.894620577077944,47.16780841412708],[-96.89718390121601,47.172149034250594],[-96.896198646250468,47.180871211637168],[-96.893749803110893,47.184487491704431],[-96.8932705283122,47.189795661840378],[-96.899158735986816,47.193355823312629],[-96.904783524140271,47.197864768644195],[-96.904049252870664,47.204690143635275],[-96.900493491781162,47.208692705903729],[-96.898043797882906,47.212308781824902],[-96.897828969631234,47.216667536777436],[-96.901231428687424,47.221191290345814],[-96.904067190748208,47.224960974969065],[-96.905268075261404,47.231014944783908],[-96.900898621074475,47.236538223760078],[-96.896779074094979,47.240165248927156],[-96.893209869040163,47.243409557704979],[-96.888252215966929,47.246852419703487],[-96.887780138442622,47.252727862401002],[-96.892018465180001,47.257245834227945],[-96.895392574008042,47.259685760589434],[-96.897921268851462,47.261373586621801],[-96.899444575606651,47.270455520705752],[-96.900987648561113,47.280862963754828],[-96.899491334057757,47.292805840916856],[-96.895682010016685,47.298892382377574],[-96.891023021794979,47.304037374125585],[-96.893318779637923,47.308757008129476],[-96.895620378577576,47.313855292687663],[-96.90040663435866,47.317421608220684],[-96.849851001822231,47.315753360429312],[-96.834062491390853,47.322102735053249],[-96.799547999640424,47.323828790366463],[-96.713386762988705,47.339656386233287],[-96.607003104609532,47.357982584728575],[-96.473749810605227,47.381279637445346],[-96.436244892287903,47.387809352219904],[-96.300996953246738,47.411281385127893],[-96.147794109810263,47.436718490665839],[-96.097516714025119,47.445668433051821],[-95.985252648690732,47.465574419324071],[-95.806078383710428,47.495154214995068],[-95.745819281234787,47.505896595251727],[-95.665643863773255,47.520141162184927],[-95.633205592763886,47.505777292987716],[-95.459271874297542,47.50548455197054],[-95.506263419820925,47.546246775168584],[-95.423110767947549,47.559867409553362],[-95.343926585943166,47.573330764203433],[-95.274058954057466,47.58516596823489],[-95.204694243744314,47.59641881267811],[-94.94272582004055,47.638554108185588]]],[[[-95.559336197207699,37.764992285065944],[-96.207563161810413,37.768911224773262],[-96.585081600035778,37.768898245757498],[-96.877397345810834,37.770841223843433],[-96.962847716049225,37.771767566020401],[-97.024443659847009,37.771992107849542],[-97.104125401665897,37.772769698562797],[-97.296316934179117,37.773273874689608],[-97.417516080602581,37.774540255028796],[-97.623120412377091,37.774349812793673],[-97.952325721654688,37.773622728905877],[-98.171999130255642,37.771517464559395],[-98.490424276958777,37.771574138935421],[-98.710464954294196,37.770026554082278],[-98.945415967572785,37.767593056974079],[-99.237690864341857,37.765451017550447],[-99.671218014799535,37.765551071624714],[-99.980915748263158,37.765986564728223],[-100.07610735726871,37.766232344047467],[-100.12301796740525,37.76754962331654],[-100.14061008168989,37.764315568608652],[-100.14891524614166,37.761615879369401],[-100.16760942113785,37.760936289578126],[-100.20049008215153,37.77556582120576],[-100.22726724588665,37.788972762283208],[-100.24211144298869,37.794660528160875],[-100.26861657799265,37.798112915778518],[-100.30599942323477,37.797612008687281],[-100.3394504100084,37.800846576008723],[-100.36715749072556,37.802791406698134],[-100.40022987640765,37.799725232933213],[-100.41783094614124,37.803245549042913],[-100.43869843538442,37.804537331632616],[-100.45499772656382,37.811401401753358],[-100.47378590769347,37.821764833780094],[-100.48624156389701,37.833573357624402],[-100.50877516504181,37.843184876380974],[-100.53048565089205,37.845626912552007],[-100.58903625102215,37.844494910711603],[-100.63176045767892,37.844274180209311],[-100.64936434139122,37.847459785740568],[-100.66450336593755,37.853442594899889],[-100.68163637092175,37.855142893629704],[-100.70942114586916,37.86930061303292],[-100.72657452319567,37.876992477620774],[-100.74348940121484,37.892490504333352],[-100.75745387969278,37.897610563276942],[-100.77517561776051,37.902272530952587],[-100.78459392616872,37.90727886792547],[-100.7919275350277,37.915071319885556],[-100.80550439401253,37.925601401683366],[-100.8187676863796,37.937043143326434],[-100.82530871912206,37.938567792769447],[-100.83245034790519,37.937171079082077],[-100.8779782288122,37.979399316825038],[-100.9210334282501,38.013078483185495],[-100.95188036508677,38.045158701712751],[-100.98005422092552,38.073315911999771],[-100.9864804381217,38.078413088593209],[-100.99037665735682,38.08553992173006],[-101.00500751008849,38.100263604281963],[-101.01665786027201,38.110507745735902],[-101.03154150973285,38.125217519373052],[-101.0710940413569,38.162073489599891],[-101.0889163883806,38.179064277594364],[-101.0929464492192,38.182904810808452],[-101.0990090849013,38.188681289410056],[-101.14452144081179,38.239100778078523],[-101.1736033493151,38.278302880773367],[-101.19085140007201,38.311431906657219],[-101.20416557338245,38.342636476891926],[-101.21103307621547,38.374131604589934],[-101.22252042967403,38.468728999144048],[-101.23013955889348,38.504990931186569],[-101.23484535233109,38.517080108260416],[-101.27982189486454,38.603552766646942],[-101.29491351794445,38.631669467871689],[-101.3038923510511,38.659764869553157],[-101.30785117838911,38.687189841038389],[-101.30886894204798,38.72135110427007],[-101.30640344526273,38.760172847698811],[-101.30598002106109,38.800701316412699],[-101.31014878793616,38.830817345444189],[-101.31404511239197,38.877749488947813],[-101.32953685734003,38.973601230912152],[-101.33284982396015,38.989977731587089],[-101.33777957017099,39.014331987731111],[-101.34145380974547,39.032472630007931],[-101.37373705741925,39.191457553923044],[-101.3814817922509,39.227672436134071],[-101.3830706793683,39.235097499749884],[-101.39318371675506,39.28231957658727],[-101.39659841378574,39.320869616839389],[-101.39885044659081,39.346270554342652],[-101.3953855062361,39.373195492877755],[-101.38896696835087,39.397945709726798],[-101.38426283775971,39.426682731822666],[-101.38250756257389,39.437399414851143],[-101.3785101246425,39.468637797796191],[-101.37829814364437,39.536756714151068],[-101.37755529643977,39.57009474967299],[-101.3857936079886,39.639624240965986],[-101.39375246690281,39.680062694737614],[-101.43687346703683,39.85294001107269],[-101.45123075679396,39.942889714688647],[-101.45294512811512,39.980565047339098],[-101.45025229440785,40.004168761679068],[-101.39491433612767,40.053388852413661],[-101.32014117137794,40.136325987154635],[-101.25841136888954,40.210520234920978],[-101.20713151410803,40.266991401032385],[-101.13620064434423,40.354173378998269],[-101.07228712155336,40.439988695022294],[-101.03916881738695,40.485967347615031],[-101.00115572185905,40.529100867211298],[-100.96109808061192,40.581419744725508],[-100.94616593790767,40.604829032833663],[-100.93586246907768,40.62804403500428],[-100.917276715448,40.665777876647724],[-100.89465440068,40.70316638941739],[-100.88033711906274,40.726538341271464],[-100.87536217022796,40.740919034086232],[-100.86914114414844,40.765982894894762],[-100.86133806939637,40.787566036743272],[-100.85027337841365,40.838645670961],[-100.84566506608991,40.848958281399632],[-100.83133632441178,40.872826823599098],[-100.82326192060111,40.890872001941375],[-100.81756251839545,40.90477060507942],[-100.80441003779299,40.945798890006813],[-100.79982289820816,40.956613743929211],[-100.7919746190334,40.968571237772437],[-100.78223048085198,40.982122342871889],[-100.73618907536547,41.050768179208148],[-100.68971092042261,41.114344762900544],[-100.67847863627998,41.126492939997263],[-100.04005599518797,42.527418126445411],[-99.842956200368292,42.998335198011034],[-99.827744435956902,43.045846138888237],[-99.815248092625325,43.046231789765329],[-99.801661785363081,43.04808423579891],[-99.789945933058334,43.048443353078312],[-99.774081170009936,43.044624144588681],[-99.76170029693111,43.040123314739219],[-99.747239899901444,43.033388893582639],[-99.736943566292496,43.031117858102732],[-99.727707044144722,43.026805655656517],[-99.716615610022359,43.024269984772047],[-99.700449950005179,43.021885131993315],[-99.686237344977428,43.019440047120554],[-99.678129358682895,43.014229860819455],[-99.666805523556036,43.007392963714381],[-99.661973170325496,43.002436415907937],[-99.661900498808961,43.002361869304877],[-99.658105888575847,42.998469050406413],[-99.608011831280976,42.997357604369995],[-99.589596863404495,42.989285793304759],[-99.575524347570536,42.981946594259966],[-99.561806811235328,42.981194651312137],[-99.552948165325517,42.976284935701301],[-99.542170639563324,42.972003390244311],[-99.52700107134234,42.973297620788628],[-99.515115743596652,42.970193000106917],[-99.505182041817761,42.967031962255305],[-99.49747008097944,42.968971754942572],[-99.488662207195091,42.972376510867321],[-99.481984988316526,42.971703932190792],[-99.475188493254336,42.968739081443516],[-99.464220498277314,42.968186040653279],[-99.45935698263861,42.9723388535553],[-99.451598599695558,42.973416305218336],[-99.43429914099255,42.971315695762826],[-99.424199586241855,42.97245640214129],[-99.410368539276647,42.969395708844957],[-99.400757007929542,42.964783035708592],[-99.394584644165946,42.958640755166755],[-99.385712231434297,42.953145912753712],[-99.376451266612605,42.947661043822166],[-99.366252882664355,42.939045028705152],[-99.357471884220047,42.935267108989933],[-99.350091736344496,42.936041142884505],[-99.339692154269471,42.938904674211415],[-99.333309582071536,42.93620788168846],[-99.327650257253538,42.932343674720869],[-99.322600252799418,42.925019937719981],[-99.314617526777397,42.921504465358851],[-99.303311305772127,42.921807161871072],[-99.293295909578546,42.916623199800881],[-99.284146261041087,42.913136879863146],[-99.277308264065084,42.909014785104318],[-99.267854845224917,42.907256784073354],[-99.258365912157103,42.906359730117515],[-99.25033375759682,42.909727245116301],[-99.242189480959723,42.910801909780389],[-99.234254326376004,42.908140803255492],[-99.227712747745102,42.901999930152726],[-99.219361834780841,42.898774925322584],[-99.207572943136768,42.897073202066679],[-99.201864181686574,42.900090328605813],[-99.199813942359526,42.906168403848824],[-99.194548703160081,42.910321241032477],[-99.18362000316057,42.910316375700233],[-99.174654050144284,42.910547033818602],[-99.167034205064454,42.914472192337882],[-99.157867524266806,42.918723260669992],[-99.148134107802775,42.919258459810123],[-99.140551128631671,42.915721795824254],[-99.132915173996025,42.911038444068993],[-99.123384856825624,42.90755008716684],[-99.110977451947804,42.90929752476103],[-99.102737786919306,42.908357118985919],[-99.095574820821298,42.905380970055774],[-99.083398129819784,42.903677183755065],[-99.071353849600428,42.904837808318234],[-99.062269983772694,42.902481267996166],[-99.054680352316382,42.89865269396671],[-99.045260418833209,42.897450780629072],[-99.033216600865387,42.898607699086085],[-99.019912304808997,42.897786048787168],[-99.007571173670669,42.892349362832874],[-98.997686073053785,42.889433864181512],[-98.984607308980117,42.884873464139105],[-98.976193697081442,42.879912489869582],[-98.969614934181834,42.872324829727177],[-98.962711605056484,42.866179027440239],[-98.955147668130337,42.864466775821086],[-98.94864867869353,42.858597387359566],[-98.944852226648891,42.852089418192122],[-98.936910731844762,42.848835832907412],[-98.921557307123976,42.845470473583532],[-98.91202242139758,42.841392317001862],[-98.906358147610376,42.836648559583409],[-98.897914823909957,42.839716034667333],[-98.886793929795999,42.843993116788965],[-98.874268946654524,42.842850905844671],[-98.862461967845491,42.840256327567488],[-98.854403524303166,42.83413129602252],[-98.843037012747914,42.832672269209922],[-98.826657108138988,42.832474687257047],[-98.815644691149544,42.830144372964469],[-98.803308644778099,42.824113566987592],[-98.790327689171477,42.82125193502884],[-98.77820987858297,42.820377766121055],[-98.769112254926597,42.817139547552131],[-98.760381173352414,42.813318683410557],[-98.749067380055521,42.812997477051965],[-98.73191394337374,42.812804665103272],[-98.714748971987433,42.812322836229953],[-98.699726610194887,42.812477805606306],[-98.691447065629518,42.810076699380204],[-98.68240102438773,42.807978591838605],[-98.674408803323558,42.802988117107986],[-98.667276249599183,42.799986754784982],[-98.6589880247775,42.797296787217022],[-98.649978789189731,42.796056202132092],[-98.638910703266333,42.791990137834659],[-98.62429631712132,42.786851033048777],[-98.614065617833944,42.78419938739188],[-98.603858035619794,42.782120190794217],[-98.593195298424234,42.778328391841853],[-98.584556823638479,42.776501500943539],[-98.577886479177664,42.775206665155508],[-98.569325856902765,42.775385317278619],[-98.563187748315897,42.777808151125328],[-98.552280997170271,42.777747463075002],[-98.546323975171276,42.774714846612937],[-98.536887297210967,42.772327350726698],[-98.528986004800231,42.769333883551951],[-98.522684925568797,42.767454738445451],[-98.516016680125631,42.766156540991631],[-98.507435574891815,42.765757563960449],[-98.502366919397787,42.765573645407471],[-98.496994767894194,42.767690754724583],[-98.489213066429841,42.767848088418589],[-98.479475269368152,42.767757392689589],[-98.469086214756942,42.771121564009036],[-98.456718908850519,42.773663609288178],[-98.44462462182878,42.773043310900107],[-98.432509724144438,42.771848482421603],[-98.418050239926572,42.770411587025194],[-98.406387232684608,42.770926607177216],[-98.395440725209255,42.769705347623756],[-98.387105868740832,42.765276950970588],[-98.372269863563304,42.764128888137748],[-98.364488290702013,42.764278352763824],[-98.35429153632532,42.762178460967277],[-98.341201583786017,42.755255803612499],[-98.337852676659679,42.754795545877812],[-98.310288259895231,42.751003515799653],[-98.290333773185068,42.746116463104329],[-98.274846971810291,42.738992247893975],[-98.263657319129948,42.734177891896252],[-98.249276667684057,42.730855197309552],[-98.237489976681047,42.727483766662544],[-98.226281108186583,42.721949176013709],[-98.214378681630819,42.714991615071028],[-98.205227795626229,42.712765053764258],[-98.196077517563367,42.710537807174092],[-98.179652645952785,42.703896489231624],[-98.165837882112555,42.697685256769262],[-98.15273487501446,42.693372608259324],[-98.139972696582618,42.689530790813421],[-98.122120772655478,42.688644328173268],[-98.107583303726472,42.690089309374173],[-98.100478173029217,42.693761618104247],[-98.098972762782751,42.694539587432075],[-98.097260505767679,42.696732448443811],[-98.093675132701151,42.701323613394095],[-98.094350049615059,42.712548134588815],[-98.094150111438466,42.726895117215918],[-98.095104650958831,42.736680188939602],[-98.099889571246706,42.744487529176183],[-98.099812635144986,42.75237752430337],[-98.098792929849822,42.761239674871149],[-98.096266325030854,42.763434073723602],[-98.104726911217938,42.764246138148792],[-98.113911663892111,42.767435676415403],[-98.118579982580115,42.771419336733061],[-98.124432344177308,42.771796751618865],[-98.136892630090756,42.775884294424714],[-98.148187484564744,42.784054621723442],[-98.155592456426689,42.792291907145852],[-98.16299152603807,42.800289751670732],[-98.171968143215224,42.806825122281623],[-98.1854268888398,42.811368231958397],[-98.197335601656675,42.818088805354137],[-98.212024760134511,42.830256168587368],[-98.225508232618779,42.845072735818178],[-98.230441541943549,42.84689594039537],[-98.239731880421914,42.848831216687358],[-98.246984848871648,42.848125775883886],[-98.255205620043284,42.845298772320518],[-98.271430841260269,42.848634613196907],[-98.285904905287111,42.853913001383944],[-98.312801492694689,42.86507680485073],[-98.33486999865147,42.871736805309354],[-98.347828690641506,42.877992695406647],[-98.363094685071644,42.88324701144046],[-98.378841988566876,42.887342864881361],[-98.397067252551608,42.895213062333028],[-98.40972814663661,42.900129711716886],[-98.431093718200486,42.90831605863923],[-98.455359331767738,42.917397234594773],[-98.476251441750605,42.926541282154517],[-98.491314247854234,42.932739968175042],[-98.501980412366095,42.939599503014733],[-98.507934246268405,42.945674177021715],[-98.514196774261677,42.953004247947717],[-98.516320107786726,42.960991851892516],[-98.525959930906026,42.96806127230991],[-98.535074149752177,42.974949479335066],[-98.545586126398575,42.984293892249354],[-98.560367940228218,42.996225914594334],[-98.566007113037813,43.007389939294342],[-98.573830642869837,43.027838491952878],[-98.580164183130535,43.050076037179451],[-98.587493923106024,43.057570649865625],[-98.602924392746502,43.065468432222417],[-98.619265575246061,43.069903714984491],[-98.629532805894257,43.072362860757494],[-98.646929808663685,43.070462991673764],[-98.660126547602033,43.067886146228716],[-98.674716979405048,43.067572058004146],[-98.68867713394252,43.066288484426082],[-98.702096145720532,43.06924681688713],[-98.718402592805376,43.079023225441574],[-98.741749495842498,43.094951084025354],[-98.756701372370401,43.103222837763781],[-98.776224394040526,43.114640624165531],[-98.801981442389604,43.137576565805944],[-98.810813934215673,43.142729723398077],[-98.825525501100969,43.144880842377006],[-98.858626133589155,43.14354901567458],[-98.870176490852316,43.145002955921711],[-98.882725050620536,43.151403320307054],[-98.90011066887223,43.166865981180138],[-98.907381825211019,43.17755779705476],[-98.911736392920147,43.186326147433817],[-98.916731968605404,43.195385073262571],[-98.920980821008072,43.206449411711048],[-98.921625649304247,43.221115684241511],[-98.923936047210759,43.230848781446184],[-98.928545797550498,43.235786816708298],[-98.937638441660738,43.238019004173736],[-98.957515734163792,43.238159169809876],[-98.958079753877485,43.238203274361695],[-98.968010916870298,43.238979410871195],[-98.98756407482216,43.24585139142863],[-99.002077863702425,43.252230443680105],[-99.02733503018743,43.26655365542689],[-99.052432496862195,43.284443828420024],[-99.081520874188982,43.306817577769039],[-99.09669403789951,43.322344291955574],[-99.111137632895407,43.340028003089913],[-99.119244858363459,43.356492491635208],[-99.126145270088102,43.364141687888662],[-99.139883837968739,43.374188968646024],[-99.153853759143658,43.389007115086372],[-99.174434755859238,43.408313971212863],[-99.198287702015818,43.429403950032338],[-99.209266117437323,43.436508541136334],[-99.225742988747925,43.440442648809267],[-99.245458485120935,43.442595013349262],[-99.269260437019511,43.446695811262714],[-99.293213279868951,43.450424845630153],[-99.307232687138765,43.454897588752772],[-99.318516604957324,43.461136934022363],[-99.322304517039811,43.469094345028054],[-99.322753097077737,43.487429640165828],[-99.328445473779539,43.506656653581729],[-99.328267920627979,43.514093215029902],[-99.327938570908259,43.527882925556639],[-99.341756655045572,43.53703069900763],[-99.363237996336409,43.551359753649763],[-99.37650527719677,43.564187482766158],[-99.381737238782534,43.57569632462571],[-99.383218501332749,43.588191770433923],[-99.381417545083593,43.602304479668078],[-99.378073842333947,43.610955399272314],[-99.376363374070422,43.618644812308276],[-99.379633387270985,43.62497669062185],[-99.38928091308361,43.636638719401446],[-99.39464905361092,43.646887511249702],[-99.399169423030401,43.652909600098042],[-99.403665403735374,43.658443018030937],[-99.412130386707929,43.659282425443621],[-99.420437238287889,43.657068465437362],[-99.430968702343705,43.653111502393983],[-99.438675330202273,43.651524168405672],[-99.454643800371059,43.650931329917],[-99.465412825741282,43.651550622862999],[-99.474192453618798,43.654364311963491],[-99.481581788069036,43.65874469471197],[-99.485834478778145,43.663517784418275],[-99.490006786284141,43.670738676748613],[-99.494277038954124,43.67581664921903],[-99.499963366815905,43.679784868177194],[-99.507000775865095,43.681422136122762],[-99.506405706158375,43.689172614024983],[-99.502806710161508,43.695769633162115],[-99.491945560039539,43.70232890415565],[-99.479583889285038,43.709791552238414],[-99.451403037620082,43.724900560112815],[-99.438628222814202,43.732511829257589],[-99.442190290849226,43.745214138022106],[-99.450348033934574,43.760082163561037],[-99.459442189805202,43.772631110937084],[-99.465021558598039,43.786688240270109],[-99.465217324819662,43.787181349339846],[-99.458802374330048,43.795572843312129],[-99.447504991861877,43.801423774987256],[-99.426932104333105,43.803214515837283],[-99.415472460785395,43.804210498815507],[-99.377408405173696,43.807724581724131],[-99.362777026338676,43.819483228268439],[-99.361919758390115,43.820704870033751],[-99.351709084306776,43.835251373552126],[-99.350515725320406,43.848080721448184],[-99.356722108638394,43.866251142975898],[-99.359846092623059,43.875717503060343],[-99.368850568998539,43.881397146261349],[-99.381226063232191,43.88583945003063],[-99.39200114193909,43.889941789382135],[-99.395462306939862,43.893540446334612],[-99.4014913916144,43.899807811781159],[-99.402683990673609,43.917728534744128],[-99.402960012394601,43.938347264314871],[-99.397088594163279,43.951034197370348],[-99.393493855556926,43.958197310057869],[-99.394478087094001,43.972111594674402],[-99.402214022958731,43.988707599176394],[-99.410178392019134,44.004532732699488],[-99.422628929281643,44.020044177296995],[-99.429404784003566,44.023105984853373],[-99.443204744103639,44.027200790584061],[-99.454177787874585,44.034538333976968],[-99.4664245171777,44.040885081681211],[-99.479161822160336,44.046453280894241],[-99.491545455258517,44.050311454310247],[-99.502293299795895,44.053259173871822],[-99.513570882789963,44.056191211954911],[-99.523863691056476,44.060486456784588],[-99.540139940705672,44.067668031654364],[-99.552319038292922,44.073039356681022],[-99.558047932865747,44.075565232149813],[-99.57394840259667,44.085426310975549],[-99.584413241278014,44.097540428947696],[-99.58847943417851,44.108881147946647],[-99.590817056362027,44.127335334358236],[-99.590978564708962,44.13321136431307],[-99.591288420724027,44.144481470343635],[-99.591832311811686,44.164253870419827],[-99.592336925908342,44.170742390848716],[-99.593550504352265,44.186341479775535],[-99.596609772223189,44.20222116257662],[-99.605457074983974,44.210194014042543],[-99.620015902811645,44.218002608833388],[-99.639959041876239,44.225775422297943],[-99.659664520701028,44.2322214893303],[-99.669013467097784,44.231842498832293],[-99.680645174335268,44.231369996827937],[-99.692687089337653,44.227147883068426],[-99.70118680772498,44.219915194330781],[-99.700138493196846,44.210782149076977],[-99.688621427936539,44.204246219987112],[-99.66321845616676,44.18665792422388],[-99.642765987860002,44.171976302964083],[-99.628116166627763,44.15655173287621],[-99.620365528646175,44.145891559647794],[-99.620385086202702,44.143649670296099],[-99.620473804322557,44.133477951246505],[-99.625038593056615,44.12017226843551],[-99.634442161576487,44.112833740284941],[-99.639772058433721,44.108673215696399],[-99.654015379805912,44.102723735412098],[-99.666289347775148,44.099503094991917],[-99.678408022612132,44.102968960748967],[-99.695802386770708,44.110670901341052],[-99.712498173751669,44.121373563039583],[-99.713474227753352,44.121799204070044],[-99.726792867996437,44.12760588999987],[-99.749817420737315,44.133698306731503],[-99.779128270553201,44.140929176140617],[-99.797960985211262,44.14121033478915],[-99.818670880856416,44.136229520575966],[-99.83911313916002,44.132463192222588],[-99.86032352191296,44.130363786059945],[-99.888845027775801,44.135415890431034],[-99.908802055970057,44.143268149105836],[-99.924219521413761,44.152024951290514],[-99.941085073417355,44.16782552522784],[-99.952569449220675,44.180068864086877],[-99.957770187244307,44.193653860137601],[-99.958514902340823,44.205946133807061],[-99.967381257239197,44.214260004595587],[-99.968650468644171,44.220009127619221],[-99.96957913107201,44.224214979837484],[-99.967715046911849,44.232865448881398],[-99.958451593666098,44.244325298373894],[-99.944273277090019,44.266819931894418],[-99.947766761926459,44.271865563844756],[-99.959909171670915,44.27492219670205],[-99.975909224231259,44.275851800720091],[-99.995109889309902,44.276964652396828],[-100.00755528604759,44.278408275621473],[-100.02727858134142,44.281504353643072],[-100.04490006928273,44.289246693580083],[-100.07169273193398,44.306115433680361],[-100.07519606974279,44.308320043435288],[-100.09565274867538,44.316536711000481],[-100.11153719518535,44.321748759797458],[-100.14280513165147,44.324165049277667],[-100.17986865731262,44.329818815386091],[-100.20906792464496,44.337155620435567],[-100.22754983175929,44.339116828678755],[-100.25844480858103,44.347817658857934],[-100.2869618906787,44.35057774206922],[-100.30632093806082,44.357177622849065],[-100.31064460326581,44.358651047807655],[-100.3368360142706,44.362338403994215],[-100.36729676063698,44.364154896930984],[-100.38486542779719,44.370134353417711],[-100.40670676770316,44.391999980414823],[-100.41451812341262,44.401178240883155],[-100.41855928907989,44.420828414999391],[-100.41858838034943,44.440872291623009],[-100.42564206442967,44.450552944862579],[-100.44051904631692,44.457668588634533],[-100.46996855090788,44.467323949340823],[-100.49458935261652,44.472562333884639],[-100.51126482031515,44.470824801423475],[-100.53044003997582,44.46288686163939],[-100.54227812633445,44.458455598846854],[-100.55355863392379,44.454231424740499],[-100.57653013385857,44.454931475007641],[-100.59239094708448,44.45683974196055],[-100.60220851940761,44.463738380222139],[-100.62534291714189,44.474160297859498],[-100.62819811894798,44.481183387003739],[-100.62872352537039,44.488561833361985],[-100.62627319025552,44.496287364070668],[-100.61904776893937,44.502516286197704],[-100.60872624711857,44.507425452322821],[-100.59604113159293,44.511942074267381],[-100.59412744892262,44.512939710199532],[-100.58767864795118,44.51630113139214],[-100.58605774317027,44.517625949677893],[-100.5779032916036,44.524289672430484],[-100.57404761110831,44.531109661381834],[-100.56506588218468,44.53620504292843],[-100.55618293659319,44.542727731299806],[-100.55090918980721,44.54840456411938],[-100.5483139604209,44.554223765914116],[-100.55715168540195,44.556531419989085],[-100.57199838171988,44.558860872731145],[-100.58712856682985,44.560462603066753],[-100.60193117478383,44.566846287726037],[-100.62440028104811,44.577721230750228],[-100.63589060226946,44.579688343042676],[-100.65007050974617,44.586566421003567],[-100.66322919477147,44.597774989124503],[-100.66899217364988,44.608251968653462],[-100.67037802172831,44.61822141488642],[-100.6753880063514,44.632113193069472],[-100.68026954800121,44.639567874957493],[-100.68139323111268,44.650500590429942],[-100.67850662857802,44.656809425414679],[-100.67342307491492,44.665107275680271],[-100.66825250105205,44.67221517269212],[-100.66504123966143,44.684260408890793],[-100.65934733681013,44.707368854888784],[-100.65660160677868,44.729652528141742],[-100.6575288230967,44.738442054856989],[-100.65765436755498,44.739631952352795],[-100.66385024769073,44.745495146284043],[-100.666633545102,44.748128531206817],[-100.68336943105436,44.752761832092915],[-100.69587687831523,44.754448156257467],[-100.71154558016434,44.75816308925522],[-100.73176532011342,44.764569458413803],[-100.75075820582651,44.772449525025593],[-100.76585328590039,44.781903686705846],[-100.76664978485962,44.782768528744668],[-100.77604786211913,44.792970778878384],[-100.77961693587287,44.805000949634177],[-100.78109442666641,44.815916696698253],[-100.77741864115734,44.825117326903182],[-100.77045259601044,44.830624847059084],[-100.76116309390164,44.836457085426218],[-100.75596259599695,44.837360027243506],[-100.7489178197016,44.838582801255313],[-100.73579393034555,44.837878120379003],[-100.7193449973737,44.837533599096389],[-100.70261922070046,44.833381484967617],[-100.68756677029018,44.829165759092575],[-100.65063946583865,44.80499957187277],[-100.63094028316749,44.791884082184708],[-100.6150248136442,44.780059545911342],[-100.59798234071241,44.771135586738012],[-100.58642545886778,44.768690007238092],[-100.57584023513868,44.770501427998568],[-100.57014843130503,44.775236982700619],[-100.56718890184629,44.781189699644983],[-100.56604375641422,44.78349268623856],[-100.5640263837106,44.792865798318019],[-100.55480861692411,44.804642326082558],[-100.54802730061937,44.81776175659985],[-100.54164425357942,44.827050824336141],[-100.5335711780674,44.836160928783897],[-100.52343952831154,44.842036351696322],[-100.52262119111504,44.842510827712601],[-100.50063188575291,44.854018265730417],[-100.48649810630252,44.861632292196589],[-100.4694838406067,44.870011562583613],[-100.45795820120998,44.877128641673551],[-100.45094755238762,44.884392410081716],[-100.44838177310032,44.896994076615385],[-100.45217812082359,44.908458318396754],[-100.45813150596422,44.926255342310242],[-100.46052990792884,44.932240101199739],[-100.46410229388573,44.941152045430613],[-100.46754574224218,44.956746710592256],[-100.46602083919032,44.972473717288267],[-100.46844010902379,44.994968331923019],[-100.46793792579462,45.012529710078127],[-100.45629447341116,45.024529335360569],[-100.44420094811522,45.033187116792078],[-100.43193654803321,45.039408755309864],[-100.42608326373158,45.048153361788252],[-100.41652754610931,45.050008559747312],[-100.41239072405261,45.050906245926569],[-100.4023210960417,45.053090673096165],[-100.38083890309287,45.05047139044234],[-100.36141240835593,45.046405779403244],[-100.34599386642378,45.037930393972545],[-100.33085575019265,45.033562111602237],[-100.32042048301884,45.035134855888941],[-100.315554797316,45.039569812197101],[-100.32256662604891,45.044671948551638],[-100.33193085732319,45.049541627244366],[-100.34315262209577,45.054917099944248],[-100.34990041077532,45.059524049795129],[-100.35443325199293,45.062618184381733],[-100.36641456707855,45.074260024280761],[-100.37228477212449,45.087786941214404],[-100.36728263318696,45.102904219254356],[-100.3610074940006,45.115166332360388],[-100.35757008728967,45.127016829363242],[-100.35251008956897,45.141771837100634],[-100.34314756970457,45.158673291839023],[-100.33301197462288,45.176171221924392],[-100.32577163085602,45.188709608561624],[-100.32044922085481,45.211760845986305],[-100.31939126019847,45.22609088268814],[-100.31523809566153,45.236522136187716],[-100.31171742521894,45.250362201554424],[-100.31408077340893,45.261431681426984],[-100.31689310813039,45.264972857311591],[-100.32159994568093,45.27089843991115],[-100.3354510574203,45.284153308328541],[-100.34821173668229,45.299158424721554],[-100.357053440264,45.311560322151195],[-100.35716615139671,45.311718379799458],[-100.35543901689709,45.322066882180934],[-100.35140174619357,45.334208153383599],[-100.34299198339329,45.347639723294662],[-100.3334415600799,45.356249926093255],[-100.32105668231998,45.370956032295112],[-100.31891749644529,45.38131627712454],[-100.31641140606149,45.392260080338474],[-100.32051572212282,45.398981275165795],[-100.32496783569701,45.404833277034186],[-100.32905455742184,45.41126889124638],[-100.33239035513077,45.418586848304471],[-100.33576558091681,45.426474828050914],[-100.34105023557987,45.432583800402142],[-100.34739571703869,45.436370695351343],[-100.35297080955519,45.440754786903938],[-100.35860499112738,45.445993886408758],[-100.36696260044363,45.455426815095507],[-100.37387308817245,45.461479201204213],[-100.38142462704485,45.470938329840124],[-100.38922692838003,45.478102466855432],[-100.39683474502743,45.48241534379315],[-100.40154777081295,45.485969295446694],[-100.40510444561363,45.490419726389291],[-100.40831533018832,45.495739030132199],[-100.41655744137279,45.50917225839305],[-100.43861851892945,45.516701896075688],[-100.51054170693419,45.516495982803406],[-100.52588618879656,45.520816663158541],[-100.5298645736911,45.527726512368702],[-100.53330468016679,45.53370006120889],[-100.53573678242651,45.550757906252443],[-100.53212436135016,45.568598555379083],[-100.51154370277965,45.588174152315332],[-100.4896364848359,45.600649390357148],[-100.47832370867218,45.607611982107358],[-100.47458608218193,45.629737227191356],[-100.47707499731325,45.659358218107343],[-100.47210656586526,45.669812620156335],[-100.45590200297499,45.676940466829137],[-100.44892464165883,45.678352742385187],[-100.4338040676036,45.681411750352027],[-100.40633916801818,45.68491933655821],[-100.39337748668163,45.691632584076558],[-100.39217595735454,45.692254751255803],[-100.37578038565624,45.696807841608631],[-100.3720757058291,45.714068225668143],[-100.3690303225913,45.735017948919278],[-100.38838687165679,45.755496151326383],[-100.41360527826095,45.772059521229949],[-100.41873692137176,45.781307986374543],[-100.42031343831451,45.7981011951141],[-100.42625313397491,45.801325225978474],[-100.43198493875389,45.807411395119857],[-100.43797666109401,45.817200218815117],[-100.440303357414,45.827113955644563],[-100.43757533863095,45.864037453265894],[-100.43678128672695,45.876055116250654],[-100.44315683342109,45.879548672133581],[-100.45026871173161,45.881874775800327],[-100.46170653143122,45.881768241211432],[-100.47200132180353,45.882841966983221],[-100.48043862184488,45.886548285375113],[-100.4881217288347,45.891136542817264],[-100.49429563673419,45.897489384327685],[-100.50012351788598,45.904710282053941],[-100.50205515372232,45.914634979820505],[-100.50680616597174,45.918181565127156],[-100.51663873718792,45.918411503787922],[-100.52775641262832,45.919452392613891],[-100.53695672896981,45.92227204421954],[-100.55034140373277,45.932081469584205],[-100.5600774408212,45.942302786244625],[-100.56700207938241,45.954353651300039],[-100.56832944904482,45.955951034312818],[-100.57506994062521,45.964061127718935],[-100.58371353075478,45.976031234553886],[-100.58833361880141,45.983289943376235],[-100.59185335844569,45.992299779711118],[-100.59815096089807,46.000069649694638],[-100.60636852688594,46.006058728927258],[-100.61715683641881,46.007960280642465],[-100.62782084525577,46.008152820096598],[-100.63892040205485,46.014711136909511],[-100.64533592990921,46.02304523255151],[-100.64767487589478,46.03164323874455],[-100.64669130535941,46.039170310661348],[-100.64305185695758,46.047743166414079],[-100.64218942420251,46.056930374237425],[-100.64708494221628,46.065436702641762],[-100.65985988742381,46.076515350203294],[-100.67092061869158,46.101328099612147],[-100.67535866327165,46.119717763264191],[-100.67654591406267,46.140363048915617],[-100.6723299957327,46.159655109395828],[-100.66367306685851,46.174468204344237],[-100.65664475804908,46.181257216147685],[-100.63465740241713,46.215085247286368],[-100.63258558655554,46.21799170415386],[-100.62161509236256,46.233376363228615],[-100.61534581765534,46.248336158287145],[-100.61534716843704,46.24836192476306],[-100.61577434101298,46.256522072635619],[-100.62084402083485,46.264900645148714],[-100.62190741879232,46.267275917449695],[-100.62555896757226,46.275430717953327],[-100.62660647360985,46.285020394875403],[-100.6256475435992,46.294841658915459],[-100.62562837724778,46.295037924260839],[-100.62200610859497,46.30407893109782],[-100.61428614558912,46.313382799876365],[-100.60936546184655,46.318784780093551],[-100.60476986863449,46.333325118759262],[-100.60386519202495,46.360805822131056],[-100.60891213968347,46.373461205170543],[-100.61425421605918,46.387769095167641],[-100.61880919768629,46.40768811261637],[-100.62401999192906,46.422474385284715],[-100.63160997142302,46.439195709414491],[-100.63275656926021,46.447508397594504],[-100.63604717963358,46.471351675139772],[-100.6350032789781,46.489800675161064],[-100.63182622420084,46.5049980809967],[-100.6183561740981,46.518299840964914],[-100.5863850820059,46.532839679607605],[-100.57972089520314,46.540554170238806],[-100.58009632258717,46.550398577432475],[-100.58689182929447,46.556218810749556],[-100.60373008417599,46.565131867441778],[-100.61456997432481,46.574371858274674],[-100.61922848590586,46.58382782039763],[-100.61813390125849,46.594672799809928],[-100.61225319662771,46.606041347430278],[-100.60971819304012,46.613729865640835],[-100.61401481203393,46.620585421879753],[-100.62126373623238,46.623062519919415],[-100.63720148196279,46.624165083351954],[-100.65293264442596,46.624798048691048],[-100.66155887134482,46.627224343129001],[-100.67440533333945,46.633062804804638],[-100.68196301098413,46.637306821552613],[-100.6964202972589,46.646173194437438],[-100.7107591940815,46.651123726678691],[-100.72597817735095,46.656278657733935],[-100.73968762068711,46.661961077142053],[-100.75168844206792,46.667822385194995],[-100.75949002304611,46.675140289193052],[-100.76798163314584,46.682432718994846],[-100.78337594644273,46.687455982107963],[-100.79572928407919,46.691044497405699],[-100.81036436272512,46.690630469320752],[-100.82450465956236,46.694982328271863],[-100.84559964220966,46.704420535979011],[-100.85859544382464,46.71617217140863],[-100.86640981765891,46.732268857921497],[-100.87054947078144,46.743276336733629],[-100.87939288487371,46.752566383831606],[-100.88700531324457,46.761545093731172],[-100.88813817213889,46.771594104784185],[-100.88428360770229,46.781945977824648],[-100.87345078802343,46.791486494206424],[-100.87127435402817,46.796848658738668],[-100.86955311818184,46.810928591281538],[-100.87763872304862,46.823051355335849],[-100.89301613358765,46.837068847049693],[-100.919405150827,46.868450288749898],[-100.93655652985996,46.908759671821429],[-100.94002813239234,46.925263370807954],[-100.94976728563171,46.941076740299366],[-100.96465617634141,46.969226582440854],[-100.96948441067696,46.985904227398237],[-100.97100003182595,46.998604705143066],[-100.96324885425116,47.009943129971532],[-100.9531670296347,47.017153529911525],[-100.93565883109017,47.023158638660277],[-100.92268529758837,47.029676503967551],[-100.91965667591484,47.035597041370409],[-100.92257635191709,47.043005319140207],[-100.92929444318395,47.047880947747615],[-100.934173446947,47.054760536569574],[-100.94701376207541,47.065329444798067],[-100.95894018703996,47.079005740022922],[-100.96092466164379,47.093393657990987],[-100.96185986034425,47.119662146291091],[-100.96955444358269,47.136567897090856],[-100.98089993978039,47.149009493293534],[-100.99482117705566,47.160214702446638],[-101.00893112537108,47.173688187060236],[-101.01207729832862,47.18780069304762],[-101.01336053286229,47.211886737183249],[-101.01281194101824,47.236040074889615],[-101.01936494913303,47.247176291652579],[-101.0270829480196,47.259861533982644],[-101.03992615266975,47.269734563899078],[-101.06096313893767,47.283620716822668],[-101.08021111285257,47.295978080723899],[-101.08989800109185,47.301868737252448],[-101.10566993881656,47.302404400442754],[-101.13260756318846,47.302395427007411],[-101.16051527456023,47.29596961810347],[-101.20198853234484,47.281838290204973],[-101.25216141701577,47.261658559295142],[-101.26576980982884,47.260438803408078],[-101.27967033391872,47.260685997360952],[-101.29087225065382,47.264567919174169],[-101.29877119763262,47.268921714365661],[-101.30521868739248,47.275837212217596],[-101.30894070974591,47.284113008408667],[-101.31345757990334,47.293836715791826],[-101.32044010782471,47.297201084962182],[-101.34052874460582,47.297309190666681],[-101.36134354257041,47.298068107856921],[-101.37729460636098,47.300613594841593],[-101.39134651962615,47.306307487800382],[-101.39960512707489,47.314624909112297],[-101.40110212596232,47.320255891796023],[-101.40380299511207,47.331984742901625],[-101.40050749062817,47.34406964100117],[-101.39300664833809,47.354047479707503],[-101.38938389944735,47.366258228934157],[-101.38686753610784,47.375806154830229],[-101.38900923019179,47.388807835313401],[-101.39472543712918,47.398592138116726],[-101.40616486301798,47.410534537738783],[-101.41896282367532,47.420713712168151],[-101.43386027413231,47.431830427132581],[-101.44647673001703,47.445541663716881],[-101.45467824670368,47.456700475046944],[-101.45905979227558,47.464487005870694],[-101.4603961920306,47.473876705045939],[-101.45586947429678,47.483391407287684],[-101.44573114077951,47.492109952312489],[-101.43227412904776,47.501303349270188],[-101.42131774701636,47.506525644043279],[-101.41384041210529,47.516953400079387],[-101.40823714292975,47.523891809959139],[-101.40450365871686,47.531095688914945],[-101.40324040172311,47.537744686168367],[-101.41371340894665,47.542213715090952],[-101.429030214173,47.54443821065496],[-101.44837271582816,47.544677289125673],[-101.46872388090236,47.546806372915853],[-101.48458752339548,47.545703236615111],[-101.50547240732573,47.540637832170262],[-101.53175068384695,47.535801536311908],[-101.5548312589554,47.532799019259357],[-101.57674374602703,47.52620022755849],[-101.60289661928351,47.520102950890532],[-101.62622713217638,47.519921718612466],[-101.63756032474913,47.524451708079937],[-101.65022287268738,47.530631404016162],[-101.66164301621217,47.537886396839781],[-101.67366214329326,47.54431858643369],[-101.68399860555115,47.547066423576666],[-101.70358578665468,47.547713528956251],[-101.72142853389971,47.540808955169211],[-101.73897491136302,47.534369533227448],[-101.74964045894001,47.5316366086426],[-101.76456273518204,47.529516236585096],[-101.77674149102694,47.532177850327571],[-101.79296959816838,47.535004763059419],[-101.8120341814323,47.528717222222099],[-101.82684319165992,47.520108310849935],[-101.84138754939585,47.512660769578929],[-101.84123677985349,47.538408098954676],[-101.84090695978836,47.594651364269112],[-101.84036716331389,47.686459507899997],[-101.83392531859852,48.085699036781193],[-101.83214067695064,48.509757175053664],[-101.83270481267692,48.542064053313482],[-101.88988045102195,48.542460646241864],[-102.08315166911422,48.543624370768157],[-102.41602988157376,48.54553370881365],[-102.71975735321922,48.544552287658007],[-102.71849814587267,48.525600448801697],[-102.72386395715586,48.516254678810412],[-102.73655383459175,48.505759114791374],[-102.74095706012019,48.49834850957609],[-102.74313396536019,48.49200668925738],[-102.74288409232696,48.481708209866042],[-102.74445417372112,48.471559215785248],[-102.74796334543203,48.462632850925388],[-102.75228951884617,48.456183673138071],[-102.75807342494858,48.44666418200643],[-102.76195322885837,48.4410757723291],[-102.7637595774425,48.433071779139368],[-102.76238580006458,48.424026166874171],[-102.75984066561421,48.418995850378224],[-102.75447027408387,48.407205861561295],[-102.74834022432185,48.398140367084352],[-102.74786344064523,48.386239043996738],[-102.74387002717998,48.373375732304282],[-102.73846661973869,48.363137240391382],[-102.73809860906351,48.340722462171925],[-102.73637292337168,48.329373105184686],[-102.73114229907782,48.320639177256282],[-102.72412279283259,48.311756684023806],[-102.71459634814289,48.305837510892445],[-102.70435238205675,48.303029706056122],[-102.69284276138427,48.298390135096724],[-102.68303179368229,48.29626945277306],[-102.67704991082468,48.293486726431354],[-102.67548773806863,48.285753325755422],[-102.67332441439015,48.278995971886673],[-102.66819525520685,48.274277489014935],[-102.65989332291849,48.26971433075181],[-102.6508357415762,48.264714287234597],[-102.64497857759926,48.259793811235454],[-102.64075601867529,48.253609695131388],[-102.63924240301446,48.243032423207808],[-102.64111560899812,48.227791715915032],[-102.6476634136356,48.219659661963874],[-102.64858032372291,48.205411340361138],[-102.64978078105815,48.193752575221197],[-102.65751520156527,48.183572085083711],[-102.66425292683107,48.174007894049112],[-102.66539802999506,48.161876843641494],[-102.6696582192514,48.149118509811444],[-102.68285710127418,48.134024627634517],[-102.68678245584562,48.12791118475343],[-102.69362755386845,48.116206793408821],[-102.6944945093141,48.098403112713527],[-102.70377101891734,48.085412226792869],[-102.75129407725984,48.120184927392529],[-102.76373949468189,48.128278802424859],[-102.77050208620227,48.138171085027579],[-102.78208136386382,48.145548638359003],[-102.80818935285629,48.146134103306281],[-102.84607761618901,48.145741132847036],[-102.87197303422812,48.144430567916402],[-102.90167917205611,48.141784221964315],[-102.94367921402448,48.137743923243534],[-102.95939522740781,48.136558698625095],[-102.98234031425409,48.134241363348281],[-102.99844373039383,48.13151569899037],[-103.02071942935817,48.132305397276298],[-103.04490223065341,48.139458556267414],[-103.07527938773353,48.149600260443719],[-103.09826090431727,48.158464896737655],[-103.12000660582015,48.162772036900037],[-103.14300205110374,48.162628092312673],[-103.15753462682153,48.156768914753684],[-103.166741164673,48.149294704986687],[-103.17233080282426,48.141181999050048],[-103.19005160829505,48.132425456769454],[-103.19816495005239,48.127730483075368],[-103.20121748739712,48.119158272136588],[-103.20246070030106,48.104285330004018],[-103.20595849109145,48.081591425603847],[-103.21409529706028,48.072185474779872],[-103.22881708474063,48.066660818941671],[-103.25271738829679,48.065500126030031],[-103.26363408684358,48.062189417607613],[-103.26858557866149,48.057776628688543],[-103.28611616402969,48.053634375625961],[-103.30110006091905,48.056262441058834],[-103.31153373989014,48.059253417111563],[-103.31975553089302,48.055609595306635],[-103.32606984544697,48.049343245194677],[-103.33845111063022,48.043576746369808],[-103.3530931131566,48.043373799960932],[-103.3632285580515,48.048273078939474],[-103.36906616537118,48.05269489435392],[-103.3757480948986,48.05387107359121],[-103.37879639014125,48.046950528743935],[-103.38219910820226,48.038588374254118],[-103.41181272737543,48.033650038618418],[-103.44215617067073,48.034708700746023],[-103.45785329379441,48.031591947310574],[-103.49087755585447,48.014240011367463],[-103.5068864712336,48.013707181041639],[-103.52669044111093,48.025287528896399],[-103.546617982334,48.043495076236809],[-103.5591389014391,48.051802862212355],[-103.58619013986305,48.057517474651775],[-103.59535020974437,48.060084745914367],[-103.60114903470014,48.066869859156725],[-103.60266225465926,48.074725149446124],[-103.59542399731959,48.083308823143739],[-103.58481549913591,48.088999617038723],[-103.57429351123653,48.096817528805957],[-103.57009344795421,48.102858920702658],[-103.5745167868202,48.108536290417533],[-103.58160429260397,48.11003547195952],[-103.60708247017982,48.110028156873966],[-103.6176393229963,48.109553021654676],[-103.62834895893729,48.114519446715121],[-103.63440452684739,48.120458531735892],[-103.6382782972056,48.125927909845188],[-103.64154940038446,48.129416720904999],[-103.64702738230784,48.129344493653491],[-103.64849883325451,48.124166038132216],[-103.64997601737929,48.11341760903548],[-103.65320373726263,48.108139543705022],[-103.6596227131177,48.102917739062434],[-103.66908196765866,48.10356717728348],[-103.68037230124065,48.111696538664376],[-103.68840398275756,48.115032819309192],[-103.69634374906474,48.116240764399834],[-103.70579843594902,48.114043842949059],[-103.71667291941964,48.111883791903551],[-103.73494085443684,48.099700857808386],[-103.74306328024613,48.094021579732157],[-103.74996850784032,48.092678122097709],[-103.75575588172853,48.085353699813425],[-103.76106020636342,48.078412079354052],[-103.76528998324608,48.069990828613925],[-103.76894007602368,48.037402778215721],[-103.7770485902202,48.027832158827096],[-103.78639428107118,48.021319097698267],[-103.79689221930045,48.013885059747736],[-103.80478144370863,48.012575934631741],[-103.81471689017229,48.013993356108529],[-103.81968882537893,48.0196809241354],[-103.82643962139139,48.022704469135988],[-103.83170979427155,48.02410631705294],[-103.83597689841508,48.021013588106655],[-103.84991250865534,48.007400106929424],[-103.85842257734004,48.004344296052466],[-103.86823081919692,48.001496815825419],[-103.88583232690036,47.999901146021102],[-103.91333158328592,47.999431002938479],[-103.92661306983729,47.997229235940551],[-103.93368712086391,47.98969915669079],[-103.93681053917499,47.984392913801969],[-103.93740950384552,47.979234927749758],[-103.93312387456712,47.972371767742914],[-103.92525408001177,47.96401123293208],[-103.92115462208812,47.958559655104068],[-103.91910121804676,47.949287774311415],[-103.9169915002575,47.936318731124572],[-103.91275477701129,47.906964290269855],[-103.91954279956053,47.894040430821292],[-103.93375615462281,47.876408231055052],[-103.9460393973003,47.853762191272153],[-103.96498547959618,47.840115079047735],[-103.98432967467471,47.829572829422602],[-104.0045313175662,47.82239316920942],[-104.01784530831429,47.820746357658322],[-104.03857118581152,47.814384082259664],[-104.048518759633,47.803252568950938],[-104.05060529919518,47.788247235821302],[-104.07473374906323,47.776541778780143],[-104.0881500691703,47.768335369781539],[-104.10279037467603,47.75926475636345],[-104.1150499319088,47.748199450244499],[-104.1256871886128,47.736874438804364],[-104.13080330223056,47.723745718290331],[-104.13810486015115,47.711195946235989],[-104.13684257442526,47.697739942644318],[-104.13976631356451,47.684029610777941],[-104.15433180896576,47.674597799049252],[-104.17259680319989,47.669212611872581],[-104.18895884817226,47.661447564953221],[-104.20175351371364,47.650692509651662],[-104.21345078692423,47.639646627090201],[-104.2206780455553,47.626735901340851],[-104.22253462577231,47.613084973292928],[-104.2281421559357,47.599915645690544],[-104.24267414799351,47.590471909850805],[-104.25102901707544,47.578200120039583],[-104.26384311516762,47.567789877400969],[-104.2760831661052,47.557056987689862],[-104.28385720174845,47.544460827705109],[-104.29551953270021,47.533404334942134],[-104.30006077088785,47.520293612560238],[-104.30184875441643,47.506283887391533],[-104.30420517602801,47.492594611352274],[-104.30603919765082,47.478937141635811],[-104.31825424383823,47.468197610431446],[-104.32657747656924,47.455916718581761],[-104.33992238960656,47.445816479447046],[-104.35558695457428,47.437351625976817],[-104.36441945629286,47.425034689299537],[-104.37106917839981,47.412140384271368],[-104.38496617624799,47.402355218118885],[-104.39824169579759,47.391894092738255],[-104.4109922405994,47.381464148651617],[-104.42094313471785,47.369782904057843],[-104.43482268931564,47.359991367107966],[-104.44419696062118,47.347987043767091],[-104.45351907124808,47.335628109649576],[-104.45441362868598,47.334501518130594],[-104.46506299835863,47.324196633767713],[-104.46909622660951,47.315381024914416],[-104.47814703066092,47.308742350079456],[-104.4877643437494,47.302423378835897],[-104.49510594488339,47.294821951871654],[-104.50296537475219,47.28718677784758],[-104.51252798567793,47.280512059084288],[-104.52270577065474,47.274510425315952],[-104.53288158341832,47.268507912010591],[-104.54243807805483,47.261830695829985],[-104.55359954058628,47.255406122594536],[-104.56604270970325,47.250681577392925],[-104.57964242136063,47.250518900826648],[-104.59254823861028,47.252896924153788],[-104.60508370604816,47.256367960113323],[-104.61757118296367,47.259484227015491],[-104.63137059267865,47.260730511104271],[-104.63982717328537,47.253759981937662],[-104.64605634182669,47.245863081815799],[-104.64845172296862,47.236787754151578],[-104.65302175295147,47.228284240625271],[-104.66322694386832,47.222624592950638],[-104.67281196500016,47.216290763108304],[-104.67903315565559,47.208391486078256],[-104.68250956686296,47.199600428716849],[-104.68479836755057,47.189816059363693],[-104.68506162609316,47.180520600145655],[-104.68480624830966,47.171258798954455],[-104.68615610192251,47.162248680232437],[-104.68698715463347,47.153272230329208],[-104.69258240905089,47.144697538160926],[-104.69822587522395,47.136476054726188],[-104.70552200034001,47.128859513755629],[-104.71570603830298,47.123194268700615],[-104.72645620758789,47.117847747875317],[-104.73038891861364,47.108665477329964],[-104.73933158728289,47.101651579257009],[-104.74879011607095,47.094602789287364],[-104.758346623298,47.088260539992007],[-104.76557960341592,47.080286003196534],[-104.77012205658758,47.07177475190332],[-104.77007194096728,47.07142106473043],[-104.77608183231069,47.058528061920583],[-104.77875186100954,47.051567869561609],[-104.78142129075991,47.044607491042939],[-104.78300517944547,47.037361799907217],[-104.78567352101612,47.030401061659745],[-104.78673928239192,47.023189346910897],[-104.78827182968115,47.015589430807665],[-104.79305742086325,47.008844583810571],[-104.79624050199754,47.001848750419526],[-104.79890583803399,46.994887065185935],[-104.80157057871918,46.987925193792705],[-104.80366758009473,46.980643753706318],[-104.80736487019254,46.973612730742957],[-104.81106132212227,46.966581470358619],[-104.81739084691003,46.959731599633642],[-104.824386629939,46.953908182716532],[-104.83133073882249,46.947730521046765],[-104.84125959505423,46.944210058347551],[-104.85123780068392,46.941042602034486],[-104.86131604599871,46.938581931910676],[-104.87072525776438,46.935093783651268],[-104.87884739489135,46.929905383426785],[-104.88645178332308,46.924751118769166],[-104.89235379738983,46.91863918495045],[-104.89717136666519,46.91224259681843],[-104.90420509478923,46.906768018829041],[-104.91355630208164,46.902922731798697],[-104.92172151223798,46.898085052783017],[-104.92993633529358,46.893600606782627],[-104.93933490718018,46.890107166012967],[-104.94579543800904,46.884311164928363],[-104.9533887189142,46.879152427042925],[-104.96211470492966,46.87463078418341],[-104.97027243632385,46.869789745300579],[-104.97848003512547,46.865301946627596],[-104.98663527359895,46.860459779095606],[-104.99484046581483,46.855970853572103],[-105.00417845487175,46.852118648057228],[-105.01289697111827,46.847593329668484],[-105.02228395524031,46.844093574758745],[-105.03233975707411,46.841619267315366],[-105.04167328099709,46.837764267606929],[-105.05224285472394,46.83525308706038],[-105.06312109556205,46.834863868572711],[-105.07399920419988,46.834473757957596],[-105.08492888715836,46.834436547608618],[-105.09549834217472,46.835495337439909],[-105.105964490269,46.835845707913165],[-105.11705007789874,46.836867201959876],[-105.12787623809788,46.836118885977839],[-105.13803058314488,46.834344060430112],[-105.14813228097995,46.832214671769748],[-105.15756146938628,46.829058963300554],[-105.1675572954328,46.826220515864179],[-105.17626032175639,46.8216841367136],[-105.1832593090698,46.816193439275878],[-105.19082463364987,46.811020164748868],[-105.19725358568439,46.805210690920717],[-105.20533160207174,46.800000506418314],[-105.2146481962572,46.796132891020136],[-105.22164093867832,46.790639786996621],[-105.23038756863133,46.786453203652457],[-105.2411510586744,46.785341742327603],[-105.25160960120212,46.785680646444746],[-105.2625306119981,46.785628769951813],[-105.27314753143338,46.787027284081944],[-105.28371212831206,46.78807118024082],[-105.29473925371354,46.788724166287295],[-105.30571368603773,46.789022481302538],[-105.31622617709638,46.789710024697911],[-105.32673889928077,46.790396731723831],[-105.33766066820522,46.790338656204085],[-105.34847607790863,46.789572209889627],[-105.35934445138531,46.789158609882008],[-105.37031926412271,46.789451564937849],[-105.38118747122479,46.789036169883389],[-105.39241026302318,46.787522040709689],[-105.40249566334415,46.785372988372785],[-105.4110688590406,46.780113249426961],[-105.41417091125851,46.773098422354337],[-105.41411738540899,46.772744700107864],[-105.41345472895256,46.764925943877245],[-105.4163951765961,46.756849567853351],[-105.42488868516466,46.747660568580443],[-105.43483768800888,46.741227048889243],[-105.43401195658652,46.732346483803212],[-105.43157724179622,46.717170809185575],[-105.45721863193427,46.703410528073448],[-105.46235544524757,46.691596925757551],[-105.47683931098538,46.691995121277898],[-105.47620169615135,46.699193936151289],[-105.47114398900385,46.705816647120628],[-105.46513842339948,46.711911088226202],[-105.45818487343314,46.71747715424732],[-105.45174825018154,46.723601590441092],[-105.44801687487882,46.730425454571105],[-105.45166324806041,46.737315757016631],[-105.44750222794545,46.744170127949076],[-105.44058823016263,46.750029567210788],[-105.43504902958898,46.756385962841989],[-105.4348795928189,46.763847402235854],[-105.43423640668476,46.771044639698403],[-105.43187683564742,46.778364561775163],[-105.42495758402526,46.784222650255174],[-105.41652644613856,46.788698476253728],[-105.406583655811,46.791791802349849],[-105.39542523568605,46.792587460442974],[-105.38431101184369,46.793676936041834],[-105.37367003014776,46.795029730437761],[-105.36298420555659,46.796086895194094],[-105.35178013764317,46.796584095279854],[-105.33615077393904,46.796500007769168],[-105.32524304792827,46.796080239311664],[-105.31395038330351,46.795984677351044],[-105.30274594307076,46.796477726166188],[-105.29201462897191,46.797234368071656],[-105.28141504217041,46.798874518344405],[-105.27050727299223,46.798450240686122],[-105.25925815713822,46.798644809010796],[-105.24864833874977,46.797304184240772],[-105.23804760261476,46.798940858633785],[-105.22749005372299,46.800871489028054],[-105.21744857988801,46.803360880800085],[-105.20848330496051,46.807263599435601],[-105.20097960462499,46.812255058923881],[-105.19351829743147,46.817540834142221],[-105.18652877638186,46.823091015438081],[-105.17953801067063,46.828640745274242],[-105.17061022937855,46.832835433308674],[-105.16107783117695,46.835880082699703],[-105.15120170759269,46.839543417095058],[-105.14136779099073,46.843500782135436],[-105.13131601811972,46.845983354348391],[-105.12070393613772,46.847610415888028],[-105.10953193714914,46.848381844446635],[-105.09900322861608,46.847619026896609],[-105.08843165929363,46.846560551828077],[-105.07760301876425,46.846710068614811],[-105.06686036241575,46.847448349961439],[-105.05607448375036,46.847890930621986],[-105.04541720004369,46.849217124870449],[-105.0449874679972,46.849246568674232],[-105.02659271418236,46.854078704268829],[-105.01709283456665,46.857407641049861],[-105.00707662268798,46.860175519584629],[-104.9991205813497,46.865184133640923],[-104.9911205829485,46.869897368968452],[-104.98268943786724,46.874639301662512],[-104.97425701035269,46.87938063720668],[-104.96625331034198,46.884092191701313],[-104.95824839984374,46.888803203005466],[-104.94925463439381,46.89268745136485],[-104.94077476404408,46.897131601442311],[-104.93375382338019,46.902667227210827],[-104.92574406823411,46.907376036974597],[-104.91541257922711,46.911050120966365],[-104.90795755289872,46.916613186849133],[-104.90097378121499,46.922441598600926],[-104.89626724223939,46.929009246779344],[-104.88971138327366,46.934807915253145],[-104.88074889534522,46.938981838840846],[-104.87273045724476,46.943686981169321],[-104.8616224090469,46.945026918857252],[-104.85158519889779,46.947782384049844],[-104.84407803167579,46.953046491902114],[-104.83562442872437,46.957777993359741],[-104.82807273966517,46.962746245842652],[-104.82150697196914,46.968541008560749],[-104.81541259831272,46.974601470581433],[-104.81249990374755,46.981640040655407],[-104.81096277531179,46.989181988258224],[-104.80804889633947,46.996220177918929],[-104.8047034444084,47.003286821229892],[-104.80290184244603,47.007091615385775],[-104.80135723344955,47.010353242408257],[-104.80020718581295,47.017571056359202],[-104.79823661023136,47.025140743550537],[-104.79579257756535,47.032444102813145],[-104.7951145031318,47.039927571100577],[-104.7939631838538,47.047144742935586],[-104.79061338729792,47.054210038162807],[-104.78678967230547,47.061008957797242],[-104.78434287962017,47.068311381764886],[-104.78008618872661,47.075138422300427],[-104.77716477523416,47.082174264730611],[-104.77251660855461,47.089324077344372],[-104.7686887467882,47.096121814370292],[-104.76119835282168,47.101673796108855],[-104.75319154655261,47.106664319402853],[-104.74681196370113,47.11392663540596],[-104.73927581312824,47.119182401146929],[-104.73173838461872,47.124437663267599],[-104.72415809531981,47.129397716631388],[-104.71803841024439,47.135451011055352],[-104.71191753176862,47.141503923267521],[-104.70579545629522,47.147556450569766],[-104.7006191699387,47.154141380120677],[-104.70036033785925,47.161593525021203],[-104.6987636167475,47.168835722290794],[-104.69850449958295,47.176287556025954],[-104.69958346660366,47.18394901993139],[-104.70062118621871,47.191315650097238],[-104.70079451615396,47.198738718117397],[-104.69919688942485,47.205980162654441],[-104.69496285515163,47.213096492609111],[-104.68973845776355,47.219385145907836],[-104.6845129982762,47.225673482645163],[-104.67794736278051,47.231751539002403],[-104.67414173315444,47.238838467421374],[-104.66559475809157,47.24326075138265],[-104.66312646801208,47.250557210147178],[-104.65836977114799,47.257110413414921],[-104.65369474531622,47.264252555710925],[-104.64708067503307,47.270033818705826],[-104.63702249179454,47.273065177915669],[-104.62646871465944,47.272560366867481],[-104.6157504560187,47.270876234350794],[-104.6053011864006,47.267984742202145],[-104.5972192192915,47.272668920434398],[-104.59016604602618,47.278475179186216],[-104.58057765693326,47.281768899415226],[-104.57039143991301,47.283911273386593],[-104.55933853184774,47.286108525787881],[-104.54863614264383,47.287687795555371],[-104.53793320665216,47.289266201973703],[-104.52842188496197,47.293145329593358],[-104.51775820167961,47.295016724342418],[-104.51018054199835,47.300256826591351],[-104.50678463540254,47.307309918018348],[-104.49873069836298,47.312282227342962],[-104.48921337459751,47.316158309858167],[-104.48348549805723,47.322170012436175],[-104.47874479743444,47.329010078752162],[-104.47486980489754,47.335794736937601],[-104.46827186305597,47.341860555320409],[-104.46068425777224,47.347097149314038],[-104.45692752878239,47.354764730408021],[-104.45028536367857,47.360534736588875],[-104.44273434011768,47.366064622884096],[-104.43415321330014,47.370470468137626],[-104.42892930424398,47.37704064970626],[-104.42232243842977,47.383103481440571],[-104.41614805478883,47.38913852142565],[-104.41044655356558,47.395440409147625],[-104.4052180094036,47.402009191371121],[-104.39765787031445,47.407535870683944],[-104.38906775477301,47.41193829671505],[-104.38051655199723,47.416634685042709],[-104.37800762695036,47.423922212640036],[-104.37901098616805,47.431286249161133],[-104.37559286901563,47.438333339412111],[-104.36854000241914,47.444419663236943],[-104.36144567617697,47.450210961766516],[-104.35430997932207,47.455707242195501],[-104.34958470027368,47.462834624818129],[-104.34663585476085,47.470147723738535],[-104.3441207459756,47.477433482369349],[-104.34022160394386,47.484211319197072],[-104.33493806893671,47.490481141591488],[-104.3328553263122,47.497739167828399],[-104.3307720917586,47.504997007006295],[-104.32872831855701,47.512549162813684],[-104.32620935707615,47.519833683078048],[-104.32234548735431,47.526904650329413],[-104.31978525868271,47.533894255915243],[-104.3145352800791,47.540456845407164],[-104.30928418002088,47.547019101250555],[-104.30494180082343,47.553821530039613],[-104.30241833194043,47.561104719307423],[-104.30210959827929,47.568547301716649],[-104.29728991829506,47.575081568859389],[-104.28775906962534,47.579234802644066],[-104.27814742316502,47.582798394130634],[-104.27649011023038,47.590026676190234],[-104.27028064673442,47.596051332602997],[-104.2616550844146,47.600443155627204],[-104.25203860769557,47.60400465619],[-104.24721082481966,47.610536440304543],[-104.24467818644911,47.617817321911957],[-104.2438870330601,47.624990875728372],[-104.23620579755948,47.629915970645584],[-104.22951319307936,47.635670366394322],[-104.22899796968051,47.638373658317732],[-104.22428440879838,47.642521866690856],[-104.21913452743644,47.646696562796194],[-104.21723149004117,47.652156258804382],[-104.21441708508036,47.657374804303856],[-104.21021583469297,47.662084412665592],[-104.20458806708558,47.665990573905901],[-104.19852372538958,47.669923086181541],[-104.19289449368591,47.673828665560507],[-104.18579929330269,47.676636139446316],[-104.17826750803903,47.6794697800064],[-104.17117098565245,47.682276432811193],[-104.16411308914769,47.685377091079943],[-104.15943078690128,47.689816840774654],[-104.15613444334986,47.694765686787093],[-104.15331288787945,47.699982287052933],[-104.1514023402458,47.705440181719041],[-104.15028064283734,47.713520923951535],[-104.14888407843745,47.719540838239141],[-104.1474087990768,47.724971887242873],[-104.14728141370625,47.730617817558311],[-104.14624207800944,47.736022210656529],[-104.14341778320409,47.741237956566522],[-104.13972014956522,47.746506438721212],[-104.13411931305581,47.750703012634006],[-104.12855685781273,47.755193649567332],[-104.12386664692815,47.759631232795186],[-104.11822442092023,47.76353263662196],[-104.11163014471538,47.766897761222765],[-104.10598646989962,47.770798566101007],[-104.09557555816542,47.777766661702117],[-104.08958863280913,47.783798540570217],[-104.08543828584817,47.787979134429577],[-104.07783982394869,47.793081974953225],[-104.0730892532664,47.802349689186883],[-104.06549601373001,47.813461474067822],[-104.07102136204617,47.879168220736858],[-104.07415657316727,47.943322210551628],[-104.07373701605042,47.957200972846692],[-104.07160354266932,48.019947136051542],[-104.13483538384583,48.022487022058499],[-104.14248413943147,48.024160879820784],[-104.1497018220814,48.026571873193461],[-104.15706213810716,48.030041201340396],[-104.16289217943051,48.033958364886701],[-104.16776541134465,48.038644641237283],[-104.17110809156515,48.043779026381003],[-104.17344621197304,48.049329785041607],[-104.17525840974776,48.054912240307715],[-104.17754983825438,48.060109863079788],[-104.18189986078988,48.064827087799927],[-104.18821372298487,48.06835801770842],[-104.19682740076388,48.069259088935837],[-104.20506001960416,48.067336787163072],[-104.2103261887026,48.063103849163383],[-104.21391713576719,48.05826088213405],[-104.21640716785646,48.05312887030118],[-104.22047557308917,48.047900713746969],[-104.22459103264998,48.043025226333157],[-104.23037992279518,48.038759160906579],[-104.23506791685082,48.034204047978506],[-104.2420988148084,48.031284764980001],[-104.24970300898661,48.028685849272563],[-104.2574024188865,48.026792246664911],[-104.2658672939404,48.026630407367463],[-104.27390213207769,48.0272060049532],[-104.28198519815834,48.028133995587496],[-104.29064269810198,48.029382088212856],[-104.29882265983787,48.031014798394267],[-104.30647697323371,48.032679349972057],[-104.31417997322717,48.034696312584799],[-104.32150230818496,48.037803766130935],[-104.32734365218778,48.041713753986585],[-104.33414132536183,48.044852878057952],[-104.34046192977422,48.048376932649376],[-104.3472610220785,48.051515334565067],[-104.35539694671166,48.052791695580368],[-104.36338750942599,48.053009123772085],[-104.3718071234,48.052487864123691],[-104.38022659168382,48.05196607927121],[-104.38917211929783,48.051411109435207],[-104.39764005474467,48.051241047636267],[-104.40582581081247,48.052867184672891],[-104.41305728366666,48.055263921992434],[-104.41938353222417,48.058784181444878],[-104.42780346096094,48.058259452211985],[-104.43612526107188,48.057028631965863],[-104.44387147798631,48.055477391368584],[-104.45156822139626,48.053572916856695],[-104.45998715368415,48.053046179437672],[-104.46898128695682,48.052838723828074],[-104.47669220188357,48.05484631910241],[-104.4821174349716,48.059487954905251],[-104.48601400044572,48.064581184374219],[-104.49048683979578,48.069993915986515],[-104.49681909132795,48.073510398286317],[-104.50119477332009,48.078217150401201],[-104.50404129936646,48.0833757470931],[-104.50989872324743,48.08727730110661],[-104.51794384063572,48.087838317084731],[-104.52631739493182,48.086954796126975],[-104.53334038604993,48.08402089824591],[-104.54103793615178,48.082111516133637],[-104.54988706903299,48.080840554647921],[-104.55835863414359,48.080660469904842],[-104.56660239108743,48.082629457283701],[-104.57294034971733,48.086142244269183],[-104.5792790376974,48.08965469580761],[-104.58692596675991,48.087390046413589],[-104.59447246313363,48.084419557816375],[-104.60264452162733,48.082120527340521],[-104.61028963585795,48.079854505581011],[-104.61808436759947,48.078646119822622],[-104.62703161471723,48.078075499984379],[-104.63507658821396,48.078629583988175],[-104.64337276034456,48.080946600904952],[-104.65029157039965,48.084774819702204],[-104.65721124919975,48.088602641898433],[-104.66207649423478,48.092917610659242],[-104.66441088065756,48.098106312156631],[-104.66358665470034,48.103497260390327],[-104.66170918143354,48.108955545362164],[-104.65983137092098,48.11441370982493],[-104.65742657567591,48.11990545227485],[-104.65717845991793,48.12561492059217],[-104.66204666282317,48.129929389329902],[-104.66906806304064,48.12698886344532],[-104.67315288539731,48.122101023843243],[-104.67502973723253,48.116642806320499],[-104.6758531268203,48.111252011870931],[-104.67504640256936,48.105609788560969],[-104.67912930937007,48.10072144084188],[-104.68321155966572,48.09583289527194],[-104.69348739772516,48.093393257592822],[-104.70128220860698,48.092180142299753],[-104.70932971909122,48.092729796243134],[-104.71805572309313,48.09430295691601],[-104.72572937101364,48.095943481306676],[-104.73345417956671,48.097936191901795],[-104.74075464930758,48.100667719839464],[-104.74710452305527,48.104172163814383],[-104.75303037814939,48.108415562728112],[-104.75943267697642,48.112271949191154],[-104.76626043607024,48.115388674747578],[-104.77414203872405,48.118436730770554],[-104.78097124572639,48.121552655930373],[-104.78827667882564,48.124281423848686],[-104.79600713332252,48.126270395962081],[-104.80448426343798,48.12607496428825],[-104.81343671583176,48.125492134354545],[-104.82113068483318,48.123567113931244],[-104.82751446931729,48.119947525258112],[-104.83578517984216,48.118339854001135],[-104.84352893801002,48.116766090782505],[-104.85132373989865,48.115544443621218],[-104.85911822882315,48.11432234320165],[-104.8674904143511,48.113417841060595],[-104.8759139358794,48.112865379433742],[-104.88396574242506,48.113404637214273],[-104.89164625936735,48.115035674656724],[-104.89937891180728,48.117018815565928],[-104.90809597744737,48.116445063388994],[-104.90832911769456,48.116429710163061],[-104.91412871336939,48.112488091352361],[-104.91708825182133,48.107309536905632],[-104.91952094133836,48.10216555239839],[-104.91979617885056,48.096807766665165],[-104.91896703989693,48.091166758339284],[-104.91713744473725,48.085947638173025],[-104.91846514355149,48.080520161276468],[-104.91926649165521,48.075127298386178],[-104.91954162934269,48.069769059394616],[-104.91981671936605,48.064410728672271],[-104.92277343934273,48.059231271306203],[-104.92851481200893,48.0549357243043],[-104.93546279517182,48.051628129334745],[-104.9431954925779,48.050048348752341],[-104.95166153315319,48.049843677443789],[-104.95970567657565,48.050378545633407],[-104.9670105700817,48.053098295150278],[-104.97336848107051,48.056592658624368],[-104.98162230772328,48.058536545924881],[-104.98982446112996,48.060127343202396],[-104.9980270426139,48.061717636859498],[-105.00570408997174,48.063342481570317],[-105.01422410875557,48.06348647382174],[-105.02258699079698,48.062572259002593],[-105.0303712508325,48.061340120350337],[-105.03810271706669,48.059754974412613],[-105.04583377770666,48.05816937881383],[-105.05356443904759,48.056583336252004],[-105.06176794413528,48.054609021289366],[-105.06876129629677,48.05164714729807],[-105.07575397036942,48.048684885698947],[-105.08342991695707,48.046744538129985],[-105.09178946071501,48.045826004766354],[-105.10025440321812,48.045612048857038],[-105.10893079072338,48.046807734389461],[-105.11587488701639,48.050612558223065],[-105.12224106907007,48.054099960944484],[-105.12718942764991,48.058751179923092],[-105.13166567722919,48.063790209050978],[-105.13556368071926,48.068512060783007],[-105.1395153674402,48.073586232718526],[-105.14546553390721,48.077812858376774],[-105.1513633742203,48.081686679996324],[-105.15910021840034,48.083655218613501],[-105.1672571260155,48.084882675395193],[-105.17494159457891,48.086497816421172],[-105.18262647233382,48.088112514081331],[-105.19073106368762,48.088986074148067],[-105.19883588706648,48.08985914678226],[-105.20694094157113,48.090731732883228],[-105.21509976204436,48.091956283955369],[-105.22147594635783,48.095438574030993],[-105.22538294037037,48.100157374363391],[-105.22776557901824,48.105336162633876],[-105.23067486335424,48.110478906976027],[-105.23705387783417,48.113960261756745],[-105.24558150218456,48.114089693084907],[-105.25363667938922,48.114607010105487],[-105.26163817066504,48.114771441249047],[-105.26969357539815,48.11528780408895],[-105.27785694734024,48.116508486277667],[-105.28602064663551,48.117728671141322],[-105.29329414660754,48.120077856807711],[-105.30056820865587,48.122426635980503],[-105.30831504880041,48.124386410704346],[-105.31695258379466,48.125216107237634],[-105.3215655815863,48.120624971065638],[-105.32396458789538,48.115474000624658],[-105.32636318861023,48.110322905178009],[-105.32928751680544,48.10513537909452],[-105.33005278680662,48.099740559279439],[-105.33245025077844,48.094589101405973],[-105.3382202416708,48.090629127432351],[-105.34600165355346,48.089378981654761],[-105.35369141732502,48.090983969334786],[-105.3591321052624,48.095237377702858],[-105.36357582276599,48.099915773294356],[-105.36996132585449,48.103390992000755],[-105.37768923526994,48.101786701295282],[-105.3822958739554,48.097193164832731],[-105.38632130328546,48.092283551744572],[-105.39034608060712,48.087373745302159],[-105.39268340781297,48.081868630832673],[-105.39560072039689,48.07667921437428],[-105.40014952368153,48.07173230909882],[-105.40417182966615,48.06682177510487],[-105.40708744163209,48.061631865818015],[-105.41168882827679,48.057036753743262],[-105.41231498934525,48.056714157932106],[-105.41808508365966,48.053741115260323],[-105.42448064566526,48.050445142229592],[-105.43214565289952,48.048485068031539],[-105.43975537521038,48.046172137634073],[-105.44810940072824,48.045231631134925],[-105.45610228908936,48.045384630096635],[-105.46426001238962,48.046594360341487],[-105.47241805944583,48.047803595059918],[-105.48104695735117,48.048623043818452],[-105.48909544989505,48.049126485199167],[-105.49808491928354,48.048850753059867],[-105.50643841240276,48.047906658265731],[-105.51462597161128,48.045904904987424],[-105.52308934569669,48.04566453958688],[-105.53124843416788,48.046870237271662],[-105.53508280972386,48.048101908276521],[-105.53852290540772,48.049206791060612],[-105.54585334325714,48.051895299028899],[-105.55312897372312,48.054231032636096],[-105.56040516266808,48.056566358850432],[-105.56856644818299,48.057769767760647],[-105.57703125668712,48.057526043392215],[-105.58474787331568,48.055909728751033],[-105.59315667204277,48.055312653556143],[-105.60162104077835,48.055067392246428],[-105.60931317696151,48.056658052826947],[-105.61736378201289,48.057153864359407],[-105.62560480681634,48.055497795187136],[-105.63193340530239,48.051839729020344],[-105.63709846002587,48.047551684162954],[-105.63731034299792,48.042191693292068],[-105.63683374098434,48.040877683058682],[-105.63542075136655,48.036981626600834],[-105.63452621011646,48.031344113040461],[-105.63578879441729,48.025908856108856],[-105.64031430076432,48.02095312488683],[-105.64733150564444,48.01831350496434],[-105.65579051891729,48.018064830727383],[-105.66389246626426,48.01891029057748],[-105.67028657316678,48.022372232592488],[-105.67574319888951,48.026613825667596],[-105.68260787785124,48.029685112977631],[-105.68806601803226,48.033926113399446],[-105.69302256044278,48.036854772729612],[-105.6945193273051,48.037739067104326],[-105.70350616527725,48.037449700343473],[-105.71074552158854,48.035580919923575],[-105.71116052723653,48.035473773795673],[-105.71753828896084,48.032163801018669],[-105.72524795832658,48.030539361002752],[-105.73365187013763,48.029933522813906],[-105.74258084303142,48.02928924760073],[-105.75098441040217,48.028682331124742],[-105.75916132613423,48.026665692267954],[-105.76547890702591,48.023001064647474],[-105.77179572888974,48.019336101579881],[-105.77578460797326,48.014413779272559],[-105.78035460378192,48.009805511914919],[-105.78661240583784,48.005787393173705],[-105.79489868092935,48.004473079868774],[-105.80288703670732,48.004605640837724],[-105.81093232496681,48.005090032778867],[-105.81892079675731,48.00522164766096],[-105.82690930182281,48.005352791298321],[-105.83577664327743,48.004350025633244],[-105.84406166381467,48.003032699599487],[-105.85228919069357,48.001362572224991],[-105.85993419160963,47.999378022078133],[-105.86763591456577,47.997745316393264],[-105.87539448726574,47.996464449774578],[-105.88367757875722,47.99514466679301],[-105.89207502714078,47.994528935162293],[-105.90006228574583,47.994655765651089],[-105.90880422393576,47.996152653921911],[-105.91666940317037,47.998782959565972],[-105.92401038736944,48.001451412652614],[-105.93129442110063,48.00376719120294],[-105.93905242003314,48.002482700316421],[-105.94669473467422,48.000493259656253],[-105.9544519925654,47.999207873944272],[-105.96255552991374,48.000035513728051],[-105.97060147198033,48.000510425915479],[-105.97824250868479,47.998519192906485],[-105.98582514611354,47.996175277267298],[-105.99340719988231,47.993830920060987],[-106.00087270511119,47.99078164455733],[-106.00723004233254,47.987457590195675],[-106.01358668617661,47.984133201286284],[-106.02203939520189,47.98386162671278],[-106.03008366363014,47.984333027946946],[-106.03818624859645,47.985156179214357],[-106.0459973408046,47.987426833381733],[-106.05287619577979,47.990479705274254],[-106.06086324664147,47.990597052412113],[-106.06850009160593,47.988600663589807],[-106.07543655984932,47.985586413082558],[-106.08313218360337,47.9871505022939],[-106.0914113648426,47.989027077137962],[-106.09910783306003,47.990590240047595],[-106.10552359923469,47.994031899652498],[-106.11100789709673,47.998256285099558],[-106.11789122619911,48.001305748561492],[-106.12564863607565,48.003219521163999],[-106.13234285573816,48.004576932679356],[-106.13334777168228,48.004780668692945],[-106.14139565358653,48.005245424836517],[-106.14973300117703,48.004261570115432],[-106.15748643784877,48.002964570558561],[-106.15898130534293,48.002572700869507],[-106.16512166493288,48.000962810085696],[-106.17287435606664,47.999664916602683],[-106.1812104320158,47.998679106755446],[-106.18896249002688,47.997380284272765],[-106.19665510105204,47.995728861897533],[-106.20405150327423,47.992316256689946],[-106.2121492570825,47.989919916870747],[-106.22048336621435,47.988931659968159],[-106.2293417666092,47.987903080163051],[-106.23732880218245,47.988010015849625],[-106.24549404291571,47.989172884221261],[-106.252788769586,47.991471440754424],[-106.25382329480919,47.995393223218741],[-106.25426447882262,47.997065538643767],[-106.25620566366041,48.002267500644678],[-106.26071122844041,48.00691763324221],[-106.26667262833911,48.010743505708263],[-106.2744243949698,48.009439838577748],[-106.27954054815774,48.005126847426141],[-106.28524024803897,48.001125686301407],[-106.28860219083839,47.995875972098474],[-106.29494434480563,47.992538473771617],[-106.29621213797975,47.992162331426528],[-106.30303855708371,47.99013670024857],[-106.3114309908475,47.989494953929011],[-106.31947819736087,47.989949145736546],[-106.32082755544729,47.990279872318297],[-106.32724046807311,47.991851430399265],[-106.33413386328715,47.994889953608549],[-106.34015863930972,47.999064817887074],[-106.3389594302335,48.004506932149241],[-106.33501673583368,48.009445897310343],[-106.33165804138548,48.01469654231164],[-106.32882353837556,48.019906828437456],[-106.32867254400264,48.025268117030009],[-106.33516484787941,48.029050569328376],[-106.34291747785926,48.02774305489811],[-106.35048966696451,48.025378950378297],[-106.35806126881249,48.023014404291359],[-106.36498730222218,48.01998565491408],[-106.37191264585186,48.01695652242563],[-106.3799639253948,48.017407080072758],[-106.38599406497406,48.021579613308575],[-106.39097546644456,48.025832686229535],[-106.39828005508042,48.02812313897175],[-106.40603121107148,48.026812011065488],[-106.41301568512574,48.024132865939066],[-106.41870839367738,48.020126327767855],[-106.42498548798983,48.016430964917163],[-106.42892134394481,48.011489489748215],[-106.43110135004724,48.005613496665603],[-106.4317678259244,48.000211179202608],[-106.43027576431501,47.994619081405517],[-106.42622220239269,47.989581798761037],[-106.42170530885289,47.984936930794788],[-106.41567635098278,47.980765513617598],[-106.41162491505776,47.975727578065346],[-106.40757414822832,47.970689442863545],[-106.40358433205125,47.966003197089947],[-106.40255962832413,47.960017618018696],[-106.40316786410563,47.954262576556744],[-106.40546885870083,47.949090171674129],[-106.40940195373713,47.944148233354326],[-106.41281038878839,47.939246629628315],[-106.41732656376985,47.934615904400516],[-106.42184205526661,47.929984959738135],[-106.42408019264673,47.92445972473655],[-106.42917864897544,47.92013995089809],[-106.43691543739749,47.918826616055526],[-106.4438665142282,47.922212356714965],[-106.45029448060575,47.925638377109465],[-106.45678372139162,47.929416161027063],[-106.46321316985188,47.932841491641568],[-106.46871667723281,47.937052150736235],[-106.47940020765344,47.940502725320584],[-106.48707775593363,47.938834516200018],[-106.49404860705755,47.936150462573835],[-106.50172520655303,47.934481401795324],[-106.50804932011999,47.931133293266896],[-106.51489659540152,47.927743933735599],[-106.52121928714035,47.924395139923831],[-106.52671275538933,47.919326568066708],[-106.52900196976503,47.914151509284807],[-106.52913510540077,47.908788166640647],[-106.52816000018385,47.903154591211489],[-106.52718507303268,47.897520910561639],[-106.5266729495969,47.891494041816657],[-106.52622183706808,47.885819180310989],[-106.52629424868059,47.880103247666796],[-106.53319573689373,47.877064561680243],[-106.53874492803595,47.872346896292299],[-106.53416721244685,47.867351974414134],[-106.52866547223374,47.863143079789381],[-106.52368774988969,47.858892944953482],[-106.52120514709981,47.853733501999557],[-106.52186200742568,47.848328218572476],[-106.52694720774741,47.844003750272918],[-106.53467226181539,47.84268451497843],[-106.54310296892686,47.842380273430933],[-106.55113251185588,47.84282089267009],[-106.55879584095527,47.841148112295627],[-106.56510717785392,47.837796377700727],[-106.56628299196649,47.832349487139197],[-106.56530568430986,47.826714863100506],[-106.5633437961792,47.82151455944944],[-106.56184406425211,47.815920848268604],[-106.56750764825932,47.811905492244705],[-106.5754722502441,47.811992521437787],[-106.58275820492719,47.814274524150051],[-106.59010590975987,47.816908283190742],[-106.59653099560893,47.820328448099474],[-106.60468062321218,47.821470228268481],[-106.61028058468122,47.817100985422201],[-106.60982226768346,47.811425116675821],[-106.60884128719562,47.805790451268365],[-106.6053082483769,47.800714323307432],[-106.60432785334774,47.795079442062672],[-106.60276377133096,47.789133545576703],[-106.60614808836357,47.784224758066159],[-106.61355734099845,47.781139784873233],[-106.62151800575134,47.781224102610281],[-106.62880201520079,47.783503830037773],[-106.63627089558531,47.786839684403958],[-106.64229577413062,47.791003736133575],[-106.64970477495535,47.793986602100063],[-106.65779030967502,47.794773104195428],[-106.66538308695988,47.792741865744574],[-106.66550400980219,47.787376409693593],[-106.66301236073184,47.782218459614285],[-106.66150448904091,47.776625192698532],[-106.65849119271434,47.771508499917388],[-106.65600078111112,47.766350173022147],[-106.65298844975712,47.761233196954549],[-106.65357117536939,47.755473559057577],[-106.65986849903197,47.752116522059907],[-106.66794863871866,47.752902514239679],[-106.6752926446398,47.755532120211228],[-106.68125542140052,47.759342636753331],[-106.68814016513647,47.762365261747505],[-106.69542440661104,47.764641519590498],[-106.70270919307478,47.766917369141311],[-106.71066812843134,47.766996426743731],[-106.71819381359359,47.764609878742988],[-106.72267399680749,47.759966509047217],[-106.72494069575646,47.754785629852961],[-106.72505632878654,47.749419504706452],[-106.72531684169883,47.748195588555632],[-106.72621622759681,47.743969769589228],[-106.72574772217962,47.738293044688305],[-106.72527930129866,47.732616219962608],[-106.72330685332861,47.727416770667503],[-106.7213347399063,47.72221721165505],[-106.72086685142403,47.716540097347661],[-106.71987718528385,47.710904628845583],[-106.72610442208139,47.707191825442465],[-106.73174720027305,47.703168260406926],[-106.73861857738541,47.700117451559208],[-106.74632093256497,47.698785525931328],[-106.75402295319668,47.697453155139044],[-106.76166256627437,47.695768122400978],[-106.76930175936866,47.694082647196467],[-106.77687837493704,47.692044515442092],[-106.78445448778433,47.690005944818552],[-106.79215457757164,47.688671358096769],[-106.80108442370715,47.688308828789445],[-106.80949255603662,47.687987801395991],[-106.81777582469454,47.686961849409897],[-106.82605881815988,47.685935383910873],[-106.83363254060924,47.683894010100516],[-106.84101821661739,47.680795610029406],[-106.84846570033176,47.678048971682756],[-106.85591251674919,47.675301898963539],[-106.86271196608431,47.671892305585516],[-106.86834253777783,47.667862593683822],[-106.87222026425377,47.662903029551217],[-106.87661866941602,47.657900922989256],[-106.88283104131949,47.654180285591735],[-106.89110852014204,47.653149717385588],[-106.89938572197343,47.652118633867929],[-106.90766264681366,47.651087038635978],[-106.91529226302748,47.649393054046243],[-106.92298440730451,47.648050818590434],[-106.93048723979427,47.645651567665766],[-106.93734228971488,47.6425900955565],[-106.94361249072381,47.639218676600706],[-106.9512396400973,47.637522592993321],[-106.9588663676887,47.635826066919492],[-106.96655585986503,47.634481287281631],[-106.97449793742982,47.634544791109249],[-106.98250330838096,47.634960005399989],[-106.99057211031459,47.635726914865302],[-106.99864111639437,47.636493338696653],[-107.00631611419726,47.638006466924935],[-107.01399149241342,47.639519149988814],[-107.0217307539711,47.641383539918479],[-107.02940693258381,47.642895329056216],[-107.03806204392816,47.643968563798239],[-107.04606906873249,47.644379981151246],[-107.05440617530473,47.643691470984663],[-107.06274309391864,47.643002442808552],[-107.07107982367489,47.642312896622911],[-107.07941636727151,47.641622832427799],[-107.0877527238091,47.640932249323896],[-107.09608889328774,47.640241147311144],[-107.10403183959767,47.640296999706834],[-107.1113809689565,47.642903690053288],[-107.11827375532948,47.645905357246477],[-107.12608109916334,47.648115805400153],[-107.13376068260936,47.649621605053085],[-107.14150484996884,47.651479044122652],[-107.14977758936425,47.650432549822369],[-107.15857108568702,47.649342093962503],[-107.16619353340479,47.647633873104837],[-107.17446533390802,47.646585848158395],[-107.18253804339594,47.647341209429328],[-107.1904819825574,47.647391953675765],[-107.19881786695095,47.646694497053431],[-107.20643886496163,47.644983980226584],[-107.21470962225123,47.643933472252002],[-107.22239449640887,47.642574096617295],[-107.23072936097122,47.64187465339262],[-107.23880214330421,47.642626646702411],[-107.24570111971087,47.645621782119576],[-107.25344816220291,47.647472796432453],[-107.26119566964439,47.649323353889713],[-107.26926980275914,47.6500735017907],[-107.27793008700388,47.651131271790803],[-107.28522284775619,47.653376356433739],[-107.29342796802626,47.654829070005633],[-107.30163347680349,47.656281278158531],[-107.30899288990992,47.658877038144851],[-107.31680873323643,47.661076323913278],[-107.32495035777276,47.6621750931061],[-107.33270187529126,47.664021448930782],[-107.34045385685999,47.665867349698487],[-107.34846572181556,47.666260732946512],[-107.35660860090616,47.667357568596969],[-107.36429622069397,47.668850114041561],[-107.37211531327108,47.67104611998252],[-107.38025924906503,47.672141507724461],[-107.38879325590398,47.672488173890144],[-107.39732735986973,47.672834298663986],[-107.40547198184646,47.673928155759825],[-107.41348531269699,47.674317656634571],[-107.42169626057392,47.675762455273173],[-107.42970993406618,47.676150987578069],[-107.43798104209139,47.675086850377909],[-107.44559887538776,47.673362930954568],[-107.45308424843927,47.670934745242334],[-107.4597177980379,47.666791173773731],[-107.46354759784333,47.661814652923965],[-107.46678981929472,47.656530671853091],[-107.46951065069595,47.651291185639764],[-107.47112335635779,47.645788959792696],[-107.47117356191029,47.640420624112551],[-107.47330652357715,47.634873529290019],[-107.47771998698778,47.630203403864073],[-107.48271951789138,47.625840306984628],[-107.48954470942078,47.622750559290921],[-107.49780759134723,47.621682572992427],[-107.5062027122853,47.621317956358666],[-107.51427612594244,47.622053453404192],[-107.52196189402616,47.62353718639207],[-107.52984724775223,47.626076244123396],[-107.53630437284852,47.629453412445059],[-107.53990435000571,47.634507487230792],[-107.54636291401721,47.637884087180907],[-107.55327631734815,47.640863467375198],[-107.56096538234647,47.642344886407443],[-107.56910886218418,47.643428933698374],[-107.57718593428342,47.644160605027935],[-107.58512971066756,47.64418803524967],[-107.59280635422982,47.642807503963184],[-107.60073598787551,47.639973873295673],[-107.60762366969658,47.637230137061238],[-107.61385636178164,47.63382749993923],[-107.62218550485716,47.633103778616544],[-107.63032883900468,47.634184147680344],[-107.63731292814907,47.637511098758239],[-107.64092168718611,47.642562345176145],[-107.64550529063661,47.647170903914116],[-107.65249168024678,47.650496938582876],[-107.65937822892209,47.647750639280616],[-107.66156161917337,47.642552532673278],[-107.66374463890395,47.63735431095273],[-107.66481905265709,47.63189495488831],[-107.66921773301192,47.627218511725005],[-107.67479108174297,47.623154666954349],[-107.68160629979087,47.620055148126653],[-107.68927775336562,47.618669009567213],[-107.69760394936276,47.617940583890913],[-107.70513997942646,47.615849831004937],[-107.70842639895909,47.610911173411978],[-107.71053691174905,47.605359847279203],[-107.71271446899749,47.600160255891126],[-107.71326371015209,47.594745515193438],[-107.71544065855949,47.589545716961311],[-107.7176172409429,47.584345802716655],[-107.72259600020521,47.579973207197781],[-107.7276891496345,47.573443434866704],[-107.72927670485603,47.567936865294143],[-107.73601553718726,47.564482193398533],[-107.74361126964436,47.562740838818684],[-107.75186164379977,47.561657046935238],[-107.76017937897512,47.560924620175115],[-107.76849691629963,47.560191677204216],[-107.77688200170297,47.559810084967523],[-107.78454378936436,47.558418260894086],[-107.78886029866379,47.553385018903555],[-107.78888269987664,47.54801512829556],[-107.79502847878126,47.544251318943282],[-107.8026200419813,47.542506522657959],[-107.81204181457804,47.542030792986736],[-107.81997248334341,47.542044352964581],[-107.82797117592901,47.542409307743412],[-107.83635346803811,47.542023980622275],[-107.84401169438416,47.540628690561675],[-107.85160142026928,47.538881106378028],[-107.85957390211388,47.536383199824854],[-107.8670261927046,47.533931014804523],[-107.87323404911206,47.530515324023042],[-107.87760963307807,47.525830671848098],[-107.88250397477856,47.521099540911109],[-107.88518339779552,47.515849599179717],[-107.8857167137553,47.510432818819595],[-107.88624993618555,47.505015949426593],[-107.8867830659857,47.499598991900029],[-107.88569021792915,47.493968939115291],[-107.88294480176114,47.48526433987746],[-107.8810335085895,47.475411211957919],[-107.88208341221969,47.46920908692988],[-107.88977693695603,47.458976063794353],[-107.89884499090357,47.451304460032873],[-107.91162071942063,47.446880667009225],[-107.92320635438972,47.446264736628336],[-107.92919301624465,47.449905819098319],[-107.93281470303606,47.454951988843277],[-107.93433213541965,47.460484915746292],[-107.9320883377066,47.47381338288136],[-107.93323076898474,47.47967796986245],[-107.934316280372,47.485249225871144],[-107.93831590635398,47.489962778659333],[-107.93992429077338,47.493697065067579],[-107.94629199268127,47.497004922639121],[-107.95372939229759,47.499023272006468],[-107.98236253909988,47.503613106859461],[-107.99435471529785,47.510888459434909],[-107.99916860994335,47.515228826848954],[-108.00150155475291,47.520388980267285],[-108.0034595856913,47.525881121116925],[-108.00334151100191,47.52977003785702],[-108.00902324872391,47.534031913342176],[-108.01470577425204,47.538293494749041],[-108.02215040441757,47.54030780436176],[-108.03326104715956,47.540797820662931],[-108.0396820132143,47.543201876665307],[-108.04450163294399,47.547540207114935],[-108.05018786188026,47.551800115782783],[-108.05694269764734,47.554769945176872],[-108.06476586864989,47.556449565794878],[-108.07322398799664,47.556877984831203],[-108.08150850581285,47.556426579123354],[-108.08719508458546,47.556209983703866],[-108.09553738294386,47.556050807298959],[-108.10266984583666,47.558685965684845],[-108.10942797042446,47.561653092616211],[-108.11739603929573,47.56182492607951],[-108.12562278016713,47.561077727954853],[-108.1386308899036,47.553331177391954],[-108.14662339065694,47.551410367594428],[-108.15300816169724,47.554707841593654],[-108.15582160078623,47.562209201893211],[-108.14960798691902,47.575306056729175],[-108.14935721456379,47.580699183120885],[-108.15632804770121,47.586926640252273],[-108.16700618758546,47.582970483900738],[-108.1739019992778,47.579955000423013],[-108.17908923488022,47.575006408918682],[-108.18549212636049,47.571736726668632],[-108.19299410629293,47.569559752180851],[-108.20049555382673,47.56738234242124],[-108.2087220258008,47.566630065824938],[-108.21605930839036,47.56804738208109],[-108.22452006185136,47.568466253015231],[-108.23422118725796,47.568472507800038],[-108.24256475366042,47.568304200578439],[-108.25079083173148,47.567549348323837],[-108.25768080322644,47.564529423993804],[-108.26462888081818,47.561802134560935],[-108.28133669623151,47.556087464564882],[-108.2891072416059,47.557460991931293],[-108.29719311986656,47.558208167572957],[-108.30516125079106,47.558368860234793],[-108.31332621992908,47.557317155262581],[-108.32093999728301,47.555718934980916],[-108.3292225096111,47.555252240798325],[-108.33724946159333,47.555704019724772],[-108.34578716014931,47.554317321787039],[-108.35328133126836,47.552131282133018],[-108.36071573973959,47.549651829668278],[-108.36881933644321,47.548303739625965],[-108.38792612309209,47.55339571633931],[-108.39595326213333,47.553843986111133],[-108.4046676972564,47.553332423852339],[-108.41154851095496,47.550304482066224],[-108.41790937082078,47.542548520997514],[-108.42177593671005,47.537710876156041],[-108.43617140358737,47.536966224012076],[-108.44431597879935,47.537997538655532],[-108.45354405721241,47.54428958689499],[-108.45882557234228,47.54857258115976],[-108.47325921903769,47.550219712869534],[-108.49465300862943,47.547023185971284],[-108.50372508794243,47.548262722446736],[-108.50988886228112,47.550371561598354],[-108.50972972634577,47.556058625105493],[-108.50277986359981,47.560889555608583],[-108.4979328748023,47.565224471332328],[-108.48941562233307,47.573186278224227],[-108.4877763336109,47.578115756437057],[-108.4945551138274,47.581063302429527],[-108.50327258056512,47.580545380165233],[-108.51583853771831,47.577277893160272],[-108.52418248903064,47.577092093225588],[-108.53221370469868,47.577532183663379],[-108.53668614474975,47.578903230699609],[-108.54452538214065,47.580554752899559],[-108.55242520955574,47.582498677072351],[-108.56020511417466,47.583856399753074],[-108.56829772116288,47.584587187948443],[-108.57707535524344,47.584357340119197],[-108.58499777003101,47.582117772817014],[-108.59702638316099,47.574116158334107],[-108.60556074163486,47.572713018990669],[-108.61371287744731,47.573733944665889],[-108.61944084481911,47.577969328821496],[-108.63034522535185,47.585894512621735],[-108.63713168757727,47.58883479029339],[-108.63940988795594,47.58966414868155],[-108.64429104019933,47.591440873597492],[-108.65213475891198,47.593086053778393],[-108.66007140906822,47.592735526823162],[-108.66822710259868,47.593753083637978],[-108.70739544474395,47.593509013030598],[-108.715619079357,47.592725751192518],[-108.72381306422147,47.594230048977636],[-108.73184792664046,47.594658180230908],[-108.73969439637926,47.596298229779507],[-108.7453720322934,47.600235190102012],[-108.75067865919272,47.60450597157336],[-108.75911547539886,47.616045837345553],[-108.76597265041744,47.619272083240105],[-108.77351272473243,47.621536909800625],[-108.78130243286097,47.622881666056117],[-108.7896517378374,47.622679400434038],[-108.79719974237418,47.620761776934501],[-108.80462445435506,47.618258275698906],[-108.81477167227484,47.613999888683963],[-108.82417474526824,47.610409295052989],[-108.83443828599809,47.610916045039517],[-108.84537956841234,47.61464180317671],[-108.85557967366299,47.619035397865389],[-108.86126683069966,47.622967191582688],[-108.86410911734185,47.628068772156155],[-108.86614759263728,47.633546334096081],[-108.86868209620172,47.637184271636897],[-108.86824636118058,47.643497320844745],[-108.86762531095928,47.648932251322378],[-108.86731380918491,47.653740044967151],[-108.8666916168246,47.661265122187672],[-108.86875461483356,47.666544785613439],[-108.87145279501044,47.671257570380646],[-108.87918860317149,47.674394046847851],[-108.89014407418966,47.676025244369612],[-108.89695291694352,47.678951599636662],[-108.90376241170588,47.681877585282393],[-108.91063453705419,47.685095816418823],[-108.91639335656811,47.689317115392612],[-108.92048144796041,47.693998268305506],[-108.92605770419965,47.701521386802597],[-108.93287109122787,47.70444570240727],[-108.94110826873157,47.705738941898687],[-108.94859956561743,47.703520711911381],[-108.96320938410577,47.699417557774098],[-108.97559638066838,47.701500757254223],[-108.98575477985918,47.703500727176845],[-108.99233495379502,47.713611800444312],[-108.99172418912002,47.7190461580538],[-108.98975023478545,47.724314198641423],[-108.99350126567083,47.73121986330608],[-109.014385520975,47.739776328015182],[-109.01935182192898,47.744369402226198],[-109.01973572092675,47.750304004126519],[-109.0149103788109,47.754655054587147],[-109.01293727073841,47.759922871243589],[-109.01232787123422,47.765356564254091],[-109.01121816898331,47.775078482885704],[-109.01607941383384,47.781652187098814],[-109.02395739761579,47.783274719652638],[-109.03132706659079,47.779213708645784],[-109.03975060970282,47.775527243687407],[-109.04886730797983,47.771772552561288],[-109.06205621742049,47.770486337674413],[-109.06999681290256,47.772398702837904],[-109.07745489512729,47.778657596670826],[-109.0850889629852,47.781196312659745],[-109.0926607141206,47.783442132048833],[-109.10103785940964,47.785310166031365],[-109.10940819413281,47.785088147699923],[-109.11765232339599,47.784280746259469],[-109.12514681917031,47.782053223577464],[-109.13257763125267,47.779532840268416],[-109.13994465981818,47.776719599929663],[-109.14780801882495,47.774155755084109],[-109.15542665611525,47.772511338427591],[-109.16354193141495,47.771116248016483],[-109.16785465636724,47.770534569215044],[-109.17172015026466,47.770013082937453],[-109.17996142777764,47.76920183509668],[-109.18784213920333,47.770814849225985],[-109.19541636707163,47.773054967812584],[-109.20366827726917,47.774331873817005],[-109.21155027112809,47.775943477809335],[-109.21973935288878,47.776926995284668],[-109.2293363377018,47.779085054331858],[-109.23783262697413,47.779439827885824],[-109.24583155967872,47.779544610595337],[-109.25463433700503,47.779270651919092],[-109.26281199827508,47.778161988385136],[-109.27073418643351,47.7758833581305],[-109.27697173215967,47.771979119640719],[-109.28348891668014,47.767329818916039],[-109.29035002893067,47.764258930904987],[-109.29508260597743,47.759965255392274],[-109.30062076333752,47.758089536702812],[-109.3054260649609,47.75372832210445],[-109.31116166937551,47.749572983006829],[-109.31646301365714,47.74546050110132],[-109.32282256231139,47.742138535864797],[-109.32812248206687,47.738025502674873],[-109.33391912886469,47.734161374847645],[-109.3413203100842,47.729539275017601],[-109.34811018343817,47.726172719595411],[-109.35502759234947,47.723390537343505],[-109.36237764711069,47.720564671422494],[-109.36991964237757,47.718615495209008],[-109.37752539867819,47.716958253320797],[-109.38575679983643,47.716134292663526],[-109.39398798066077,47.715309828385898],[-109.40183281273409,47.712730697763561],[-109.40811996056772,47.709112014707785],[-109.41390883362573,47.705244110627234],[-109.42019450117527,47.701624783656882],[-109.42598190564041,47.697756273433299],[-109.43070909574811,47.693097438096345],[-109.43705702426223,47.689769558018725],[-109.44439927021011,47.686938932885482],[-109.45199908558931,47.685277326587425],[-109.46035444030514,47.685033451132938],[-109.47618277541471,47.68781214761259],[-109.50531460528475,47.697423300345065],[-109.52865200698449,47.706523602182529],[-109.54171451761084,47.711791965626787],[-109.54996533333343,47.713047896743092],[-109.55787000629573,47.713039297425667],[-109.56629384978129,47.713081149175764],[-109.57458735362343,47.712537919989074],[-109.58163151837982,47.710524001581462],[-109.58923052976508,47.708854767233788],[-109.59687048098789,47.705387398709547],[-109.60321065734593,47.702051811442004],[-109.60792470925787,47.697386820245583],[-109.6168941786234,47.683585656852642],[-109.62373829998251,47.68647507876193],[-109.63129139468208,47.701178754995624],[-109.63958271137301,47.700631503141437],[-109.64817577669072,47.699455007342749],[-109.65616489779177,47.699535465189626],[-109.66428522008681,47.700199937377249],[-109.67257610870041,47.699650652155924],[-109.68086684712728,47.699100855220365],[-109.68896032106193,47.697673840675236],[-109.69423180785162,47.693545886833249],[-109.70112978870873,47.690745672275],[-109.70789557282239,47.687360612402415],[-109.71509337326052,47.68393073391627],[-109.72361679507901,47.682457129093279],[-109.73227159525788,47.681567433390398],[-109.74015542373377,47.683148544969413],[-109.74803965870325,47.684729188001654],[-109.75739240383632,47.686587714351617],[-109.76534358433889,47.688459537177948],[-109.78706099766686,47.68898129774874],[-109.79328024039074,47.689404650903953],[-109.80150227421058,47.688555215151098],[-109.8093225116246,47.689840054075262],[-109.8171430781905,47.691124433445907],[-109.82496397121025,47.692408354162296],[-109.8334515145757,47.692725667355717],[-109.8423718809575,47.692997595362783],[-109.85055980619006,47.693943005865094],[-109.85911420785436,47.694550859434685],[-109.86663677596641,47.696461554557175],[-109.87276172207578,47.700012336999805],[-109.87815503642577,47.704237008431221],[-109.88238392567757,47.709180608698205],[-109.88661349931351,47.714124003020402],[-109.89280806194245,47.717965805177812],[-109.89783816260109,47.722526582935529],[-109.90280225571951,47.726795006384464],[-109.91003078779062,47.729332337417475],[-109.93939245739597,47.747206926958143],[-109.94705796825059,47.749696959047469],[-110.00651248056647,47.782180027086611],[-110.0130873610928,47.785678138035678],[-110.01893117823124,47.789850689257946],[-110.02507428075342,47.793393539680153],[-110.03085220816286,47.797273492877423],[-110.03583162662824,47.801536048250057],[-110.04087923978506,47.806090326607318],[-110.04506076893932,47.810735331270564],[-110.04967638106012,47.815334639581977],[-110.05356088842422,47.820608648070731],[-110.05614551570295,47.826019025257835],[-110.05742993914032,47.831565841290569],[-110.05647900859935,47.837048237985869],[-110.05415940073573,47.842375150892565],[-110.05122040100065,47.864212336829951],[-110.04983457630459,47.869739637574241],[-110.04786238194333,47.88041105232827],[-110.04827930044934,47.886048002013752],[-110.04999825741362,47.891548386049237],[-110.05171752374468,47.897048654072194],[-110.05929484707951,47.906718124242104],[-110.06311826889294,47.911698522069173],[-110.08552116616886,47.931275171212235],[-110.09094959005148,47.935488343012651],[-110.10000346618699,47.943804650064578],[-110.10502175694847,47.950348381672541],[-110.10841724535953,47.955372488349724],[-110.1126821506607,47.960305068324317],[-110.11614685899031,47.965620611102395],[-110.13140182863145,47.978723330417438],[-110.13910422967643,47.98120067936793],[-110.15400808780299,47.985908070001472],[-110.16210352315903,47.986250205382703],[-110.17086322925456,47.985624904965448],[-110.17932492160782,47.985628404227555],[-110.18623356932375,47.9828058801873],[-110.18574263661333,47.984890684057859],[-110.19201112621249,47.981238563309091],[-110.19821042287271,47.977294379631985],[-110.20347155127104,47.973150077014509],[-110.20772617012659,47.968514023303612],[-110.21298589468324,47.964369237750191],[-110.22039346288796,47.961790519916633],[-110.22850900618567,47.960332258427059],[-110.23605263192337,47.958336121414902],[-110.24181246677188,47.95443574011739],[-110.24864603908338,47.951318024407328],[-110.25598183059697,47.948445519645077],[-110.26352308931911,47.94644777824243],[-110.27170431730036,47.945278585838139],[-110.27995402865548,47.944400617294718],[-110.28834117170766,47.944105577610344],[-110.2967971083998,47.944101731209969],[-110.30497738489834,47.942930518029016],[-110.31230951886914,47.940054886323992],[-110.31964096216063,47.937178830138976],[-110.32388425135707,47.932538610768347],[-110.32394460126233,47.927148691359093],[-110.32400494217433,47.921758682916959],[-110.32301576076873,47.916872533140918],[-110.33281932615097,47.93037659920077],[-110.33275975595791,47.935766468247948],[-110.33270017587239,47.941156248262303],[-110.32845695592374,47.945796621417003],[-110.321124894798,47.948673077800379],[-110.31379214119431,47.951549112401665],[-110.30561087813948,47.952720827404335],[-110.29715374804698,47.952725225089125],[-110.28876546285579,47.953020801668742],[-110.28051471368303,47.953899284624356],[-110.27233249824616,47.955068979749683],[-110.2647904634091,47.957067159122175],[-110.25745405136337,47.95994006498205],[-110.25061996284097,47.963058142219552],[-110.24485987708164,47.966958794213042],[-110.23731547343033,47.968955369194987],[-110.22919899393838,47.970414119915745],[-110.22179075214149,47.972993251437458],[-110.21653088099532,47.977138268116619],[-110.21227632958892,47.981774474712267],[-110.20701505639971,47.985919009354859],[-110.20081545217135,47.989863491606911],[-110.19454660374271,47.993515920823143],[-110.1877055409779,47.996630496100579],[-110.18079539679007,47.999452974275414],[-110.17233178618295,47.999449566744147],[-110.16357010967278,48.000074934610609],[-110.15547283070651,47.999732902651374],[-110.14056548321042,47.995025874444593],[-110.13286127632682,47.992548715251075],[-110.12088970089894,47.985139366388694],[-110.11002063314567,47.976716442010229],[-110.10279309482542,47.966714461902939],[-110.09932948816532,47.961398593570266],[-110.09506558470895,47.956465610699411],[-110.09167113501485,47.951441186561567],[-110.08665418604181,47.944896981010913],[-110.07760196465892,47.936579809710508],[-110.07217436455522,47.932366116303285],[-110.04977534605536,47.912787321377834],[-110.04595294317375,47.907806562922588],[-110.03837759744812,47.898136376892353],[-110.03665950023571,47.892635956883964],[-110.03494171239009,47.887135421762366],[-110.0345260169621,47.881498449593835],[-110.03650057294305,47.870827266864922],[-110.03788762791169,47.865300120803965],[-110.04083143901966,47.843463297293397],[-110.04315224927683,47.838136630800932],[-110.04410439120466,47.832654347420259],[-110.0428211530737,47.827107421670235],[-110.04023765624282,47.82169680706204],[-110.03635422896446,47.816422434347942],[-110.03173953595081,47.811822683570028],[-110.02755894209145,47.807177283205135],[-110.02251223095465,47.802622520113289],[-110.01753365155673,47.798359488099948],[-110.011756466088,47.794478976423704],[-110.00561402366822,47.790935529750925],[-109.99977101142298,47.786762417351724],[-109.9931967757106,47.783263667884],[-109.98632447229653,47.780393895262137],[-109.97945281369635,47.777523746723602],[-109.97251465922409,47.774361196212283],[-109.96601041594789,47.771153021294936],[-109.95950685525713,47.76794450013864],[-109.95257081509101,47.764780831769997],[-109.94563549078526,47.761616774894321],[-109.93840167699574,47.759081601334913],[-109.93073534326146,47.756591146564233],[-109.90137170414079,47.738715175664879],[-109.8941424247331,47.736177449829484],[-109.88917817513266,47.73190882942896],[-109.88414794766959,47.727347857417726],[-109.87795298034575,47.723505763879928],[-109.87372345797115,47.718562237357446],[-109.86949461908137,47.713618503990801],[-109.8641010763036,47.709393605030925],[-109.85797569492235,47.705842527610628],[-109.85045224727338,47.70393140171285],[-109.84189662432971,47.703323016643935],[-109.8337075803405,47.702377104319964],[-109.82478588835801,47.70210460973999],[-109.81629709043835,47.70178675965127],[-109.80847518298327,47.700502371287484],[-109.80065360378075,47.699217523370066],[-109.79283235193145,47.697932216798392],[-109.78460894124959,47.698781098568872],[-109.77625305593375,47.699045094555515],[-109.76819776541453,47.698679569606497],[-109.76024517297634,47.696807973409307],[-109.7530266782386,47.694262357821628],[-109.74514108889008,47.692682052035138],[-109.73725590693454,47.691101277701875],[-109.72859983421495,47.691991269281687],[-109.72007520820426,47.693465148397934],[-109.71287656690004,47.696895194157946],[-109.70611000667145,47.700280408713922],[-109.69921117955226,47.703080797740654],[-109.6939392089273,47.707208829823685],[-109.68584459375296,47.708636101574882],[-109.67755260976509,47.709186188991509],[-109.66926047738906,47.709735765593166],[-109.6611388393859,47.709071611765523],[-109.65314846912651,47.708991451594272],[-109.64455416274438,47.710168230679358],[-109.63626160229109,47.710715773913876],[-109.62777260921848,47.710386044680263],[-109.62092562981394,47.707497035559811],[-109.6128909760377,47.706924810431701],[-109.60817656799418,47.711589841198247],[-109.60183567577576,47.714925567860746],[-109.59419481803639,47.718393118048027],[-109.58659475894092,47.720062585320136],[-109.57903857057352,47.722221283785245],[-109.57074379688868,47.722764771077379],[-109.56231861970849,47.722723199016457],[-109.55441269938655,47.722732059137286],[-109.54616048881547,47.721476438287027],[-109.53834176226246,47.720176435893848],[-109.530826562296,47.718247541191147],[-109.52300857498574,47.716946637677268],[-109.51579758239245,47.714388463057162],[-109.50748437710229,47.709147936328236],[-109.47834663958571,47.699537592086244],[-109.46529675813883,47.694577224859074],[-109.45694012368773,47.694821401586466],[-109.44933925969906,47.69648323901032],[-109.44199610003994,47.699314053001217],[-109.4356474511689,47.702642069775777],[-109.43091990133235,47.707300945582233],[-109.42513190691193,47.711169558328493],[-109.41884555317972,47.714789012103267],[-109.41305609016638,47.718657017807175],[-109.40676825525077,47.722275825868735],[-109.39892240874212,47.724855169630416],[-109.3906900129337,47.725679912697842],[-109.38245739679138,47.726504151245649],[-109.37485058918332,47.728161624259599],[-109.3673075758839,47.730111020807044],[-109.35995660471349,47.732937073786957],[-109.35303834324492,47.735719431406665],[-109.34624768208482,47.739086137015647],[-109.33884572025374,47.743708376240647],[-109.33304848080269,47.747572603892593],[-109.3277480664201,47.751685711726282],[-109.3213877938116,47.755007814559065],[-109.31608595310422,47.759120372007601],[-109.31034979021064,47.763275801037423],[-109.30554408928828,47.76763706599786],[-109.29974248542732,47.771499582239983],[-109.29350643887102,47.775404879231871],[-109.28664423664219,47.77847582390018],[-109.27915606400114,47.780712344299332],[-109.27291776913972,47.784616580091154],[-109.26499453237176,47.786895277794883],[-109.25681574425118,47.788004044750892],[-109.24801172226313,47.788278139224815],[-109.24001164382224,47.788173488715586],[-109.23151413057263,47.787818860851814],[-109.22301671804706,47.787463698790702],[-109.21482617308936,47.786480412441108],[-109.20694273581859,47.784869052165106],[-109.19868933904172,47.783592386279679],[-109.19111368844591,47.781352523100509],[-109.18323153630632,47.779739750888837],[-109.17498888283063,47.780551173198148],[-109.16680931589718,47.781654501953767],[-109.15869272039271,47.783049742551611],[-109.15107285912512,47.78469429320711],[-109.1432082842349,47.787258245971316],[-109.13584013691275,47.790071575343006],[-109.12840817909415,47.792592057577451],[-109.12091251330179,47.794819690876068],[-109.1126670080759,47.795627265885685],[-109.10429524433005,47.79584947937002],[-109.09591655670368,47.793981707989474],[-109.08834338374015,47.791736142209231],[-109.08070786707435,47.789197692419634],[-109.07344406269328,47.786323973572564],[-109.06550155255457,47.784411891695527],[-109.05800460163101,47.78663608328867],[-109.0500731306704,47.788902132927149],[-109.04244963074581,47.790540513334065],[-109.02720140781867,47.79381595574182],[-109.01932198062485,47.792193665105628],[-109.01181441320455,47.790236262793371],[-109.00461625483626,47.787651326147852],[-108.99971005737319,47.7833507969018],[-108.9959814070163,47.778338698871892],[-108.99436041230314,47.772823376197891],[-108.99540533998442,47.767347771182756],[-108.99601626024219,47.761914186090848],[-108.99799088726962,47.756646650022958],[-109.00281758736173,47.752296230886373],[-109.00243531164028,47.746361616395518],[-108.99747011775167,47.741767945933987],[-108.97920122315787,47.732597057208466],[-108.97545171842205,47.725691023821753],[-108.97742694529722,47.720423215259245],[-108.97803899060688,47.714988943984622],[-108.97221121827306,47.710478042627642],[-108.96397274844355,47.709186724987433],[-108.95648131486075,47.711405771559157],[-108.94836925283869,47.712788641982286],[-108.94087681561251,47.715006797325884],[-108.93263839794366,47.713713579418197],[-108.92582399288295,47.710789333960633],[-108.92012455830167,47.706861303006804],[-108.9140544087839,47.70326744393742],[-108.90909932417446,47.698669924377555],[-108.90501178856317,47.693988490876222],[-108.89925331528826,47.689766763825162],[-108.89238126278502,47.686547996692752],[-108.88557179410299,47.683621475950417],[-108.87876297383212,47.680694585586707],[-108.87152149062427,47.677809055043895],[-108.86269419687966,47.675477904381808],[-108.8573736457771,47.671212449594918],[-108.85531147064779,47.665932686344433],[-108.85327288743377,47.660455486831324],[-108.85166783140528,47.654936501218629],[-108.85092931533558,47.649334075607158],[-108.85111876022256,47.64394089885343],[-108.85130817273392,47.638547634865517],[-108.84927085396669,47.633069929933356],[-108.84642956826991,47.627968111039536],[-108.84074289686714,47.624035748051369],[-108.83251879370732,47.622736052327014],[-108.82441565925524,47.624111816307334],[-108.8170525220562,47.626909076592653],[-108.80944293824098,47.628535068838403],[-108.80201718034857,47.631038759830972],[-108.79446806335039,47.632956594671157],[-108.78611737791465,47.633159154371526],[-108.77832626144777,47.631814718274654],[-108.7707847473182,47.629550229859262],[-108.76392617295448,47.626324328405076],[-108.75750131913054,47.623056675924886],[-108.75182079819126,47.619120496214009],[-108.74576917560694,47.615518114269605],[-108.74046193896726,47.611247277040263],[-108.73478359978327,47.607310237577451],[-108.72693585570516,47.605669954205098],[-108.71889958764581,47.60524154416197],[-108.71070425469759,47.603736994566702],[-108.70247908584111,47.604519929950868],[-108.66167748312932,47.603619076359337],[-108.65352058810464,47.602601151721842],[-108.64558262583751,47.602951280277409],[-108.63773782524044,47.601305767347355],[-108.63057760117533,47.598699409749997],[-108.62379036193562,47.595758885664111],[-108.61651039763672,47.592566082858468],[-108.61078127103877,47.588330757158758],[-108.60262724934802,47.587309696585294],[-108.59409079725248,47.588712587715804],[-108.58660075492088,47.590911826719491],[-108.57867726544339,47.593151429994577],[-108.57345754632865,47.593288219575754],[-108.56989838130522,47.593381375849845],[-108.56180459800373,47.592650704566438],[-108.55402354495061,47.591293109589401],[-108.54612253582633,47.589349330207483],[-108.53828213471269,47.587697943805097],[-108.52975657610506,47.587005994630999],[-108.52172414095628,47.58656577019417],[-108.51337889641889,47.58675141274756],[-108.50515350632924,47.587522306209507],[-108.49649497756116,47.588333226697102],[-108.48777634889933,47.588850696602435],[-108.48025084989678,47.586569632782357],[-108.47421837208014,47.582954690007],[-108.47184342443444,47.577803776223334],[-108.47336440644216,47.572288664890038],[-108.47821368311497,47.567954725829964],[-108.48448023917166,47.564084904394861],[-108.48883550205676,47.559498056190421],[-108.48137336478891,47.557509773857021],[-108.47334512767549,47.55706661493241],[-108.46506347419995,47.557542196215422],[-108.45678169212135,47.558017267582898],[-108.44894768878476,47.556360514026551],[-108.4436661916414,47.552077230180089],[-108.43881811826151,47.547753332949981],[-108.43067234425325,47.546721714335717],[-108.42588093086022,47.551347156046461],[-108.42201382987429,47.556184726244169],[-108.41716151978829,47.560516783023161],[-108.41027984004256,47.563544920861489],[-108.40156400467504,47.56405683295651],[-108.39353549236904,47.563608911222332],[-108.38538837927024,47.562574591943928],[-108.37824338702268,47.559954497202341],[-108.37035197366464,47.558000201148445],[-108.36224713499723,47.559348345150056],[-108.35481161496404,47.561827812003969],[-108.34731631699441,47.56401387414104],[-108.33877730722691,47.565400629635405],[-108.330749080006,47.564948955030331],[-108.32246527175488,47.56541572925255],[-108.31485033427549,47.567013990003716],[-108.30668410338865,47.568065757928423],[-108.29871471341323,47.567905160594762],[-108.29062754102819,47.567158098267669],[-108.28285573570361,47.565784697705681],[-108.27523972263504,47.567380711051044],[-108.26779972937396,47.56985529908286],[-108.26085088286192,47.572582689239766],[-108.25390142031426,47.575309697184821],[-108.24701005576941,47.578329330134522],[-108.23878248842107,47.579083927881015],[-108.23043744802976,47.579251994084302],[-108.22073462380382,47.579245465905558],[-108.21227241074314,47.578826370140916],[-108.20430187772945,47.578660175426819],[-108.19674071071518,47.580544696680477],[-108.18923752299327,47.582721812361797],[-108.18289210268836,47.586284593559185],[-108.17648755915349,47.589554012307872],[-108.17014069363807,47.593116119913077],[-108.16324322179719,47.596131294923396],[-108.15573694580337,47.59830643659285],[-108.14738907344696,47.598469335291668],[-108.14100005760656,47.595172018673793],[-108.13697806188799,47.590465978821896],[-108.13587233823779,47.584898099767543],[-108.13612430938934,47.57950506600605],[-108.13909101184066,47.574461799272683],[-108.14347273907561,47.56988632659278],[-108.13708690413728,47.56658854682405],[-108.1290921316965,47.568508701915107],[-108.12115497072529,47.570721437944087],[-108.11292688626673,47.571468341091133],[-108.10495757992834,47.571296246824375],[-108.09819861087715,47.568328979598789],[-108.09106522078326,47.565693659334954],[-108.08272160401879,47.565852553352727],[-108.07460946915165,47.567183293674134],[-108.06632345036689,47.567634259613442],[-108.05786390019881,47.567205419694403],[-108.05003955018503,47.565525450139489],[-108.04328386635729,47.562555368035873],[-108.03759712210945,47.558295301986675],[-108.03277714624829,47.553956860920437],[-108.02677423544259,47.550321517024429],[-108.01087167928455,47.547875698304892],[-108.00342650143187,47.545860807730151],[-107.99774405864133,47.541598844111434],[-107.99206240365697,47.537336586414369],[-107.98718984713372,47.532703085878779],[-107.9852330509645,47.527210817325397],[-107.98290121232105,47.522050484941985],[-107.97808793011387,47.517709620202879],[-107.96609634836773,47.510432959113814],[-107.9424498218018,47.506586330294965],[-107.93501187989432,47.504567399965595],[-107.92864400081993,47.501259079243141],[-107.92421172808872,47.49658409118291],[-107.92021275231662,47.491870209242791],[-107.9191284001555,47.486298946039597],[-107.91798718835804,47.480434352763211],[-107.91869031610514,47.475001408887977],[-107.91717392963312,47.469468537742898],[-107.91355267091899,47.464422159355252],[-107.90756552163151,47.460780531896091],[-107.90713310780666,47.460819177563053],[-107.90023760188376,47.46382200218369],[-107.89584536697009,47.468390942188307],[-107.89557281303485,47.47378526377895],[-107.89708736578928,47.479318307593871],[-107.89860219103826,47.48485124708742],[-107.90092555806802,47.490013603844773],[-107.90119999338498,47.495955429099808],[-107.90185018883511,47.501565302896438],[-107.90114527233641,47.506997736856135],[-107.90136279675562,47.512646053072956],[-107.90065771118441,47.518078308966835],[-107.89957664694464,47.52384229328726],[-107.89659276474424,47.528881003155846],[-107.89219561683421,47.533448952107506],[-107.88632803331205,47.537252826256974],[-107.88094965220466,47.541311043969529],[-107.87459068810972,47.544859675233852],[-107.86762729956018,47.547566890899361],[-107.86005969429942,47.549432617221555],[-107.85200173729032,47.551043165409794],[-107.8437730538833,47.551773614560716],[-107.83543071865273,47.551917148157941],[-107.82714503171781,47.552353370611627],[-107.81912239198476,47.551871093875945],[-107.8110998772575,47.551388336002958],[-107.80358666569202,47.553544071201998],[-107.79967058133224,47.558363567724541],[-107.79379490301233,47.562163116134968],[-107.78742875693155,47.56570739737856],[-107.77980001306014,47.567275286225538],[-107.7715118646808,47.567708055282594],[-107.76327999857307,47.568433534779842],[-107.754558311317,47.568903426052316],[-107.74704097905789,47.57105588592043],[-107.7416504580022,47.575108113248859],[-107.73723850275468,47.579670357800808],[-107.73293843126356,47.584818838019032],[-107.73221763813348,47.590249045257281],[-107.73106324497274,47.595717224570308],[-107.72953140095336,47.60151657203221],[-107.72794300216776,47.607022596615593],[-107.72407383184185,47.612132325946163],[-107.72014777939648,47.616948666747646],[-107.71524133911646,47.621254453430311],[-107.70880835002532,47.624501193075673],[-107.70188480324106,47.627492365180558],[-107.69435845977506,47.629641502053744],[-107.68688768272034,47.632083403326476],[-107.68099798127179,47.635877181686624],[-107.67848062598006,47.64116465662363],[-107.67688662531748,47.646669431149405],[-107.67387851717979,47.651701344841229],[-107.66945602457582,47.656260325753465],[-107.6614910610636,47.658445295214278],[-107.65324573929939,47.659163836441962],[-107.64547673626231,47.657753962075731],[-107.63797440379568,47.655426282796782],[-107.63085073717173,47.65276723212213],[-107.62297144757423,47.650769620221865],[-107.61547082292009,47.648440636925898],[-107.6078274272939,47.649998369729019],[-107.59997247604889,47.652766163727506],[-107.59172719835146,47.653480944889736],[-107.58337049015597,47.653608775424686],[-107.57506932588865,47.654029311003967],[-107.56730277080618,47.652614899558046],[-107.55974853126969,47.649989589647873],[-107.55219493744636,47.647363834573355],[-107.54469741455398,47.645030881669925],[-107.53644338195647,47.64335885942387],[-107.52970407927978,47.640363671846046],[-107.52209764309174,47.637442892375645],[-107.51644019785681,47.633161768700745],[-107.50926913786037,47.630202832794566],[-107.50173574011228,47.632341164313345],[-107.49442252428003,47.635652163216832],[-107.48998787464069,47.640205451420513],[-107.48745390167619,47.645489269714062],[-107.48627668102398,47.650954430002969],[-107.48325275021421,47.655982005365331],[-107.4802834550174,47.661302696762107],[-107.477747776039,47.666585999744143],[-107.47477749068861,47.671906400659907],[-107.46995965791183,47.67678900980502],[-107.46307366591691,47.680060654375779],[-107.45564260831969,47.68278257935259],[-107.44799089126656,47.684331067125129],[-107.43979457356068,47.68532971839187],[-107.43175766968068,47.684824491856887],[-107.42377578182686,47.684612048607221],[-107.41579394793234,47.684399131414864],[-107.40781216979576,47.684185740279759],[-107.39966614397736,47.683092058551722],[-107.39162986422684,47.682584434424143],[-107.38386393866978,47.681159554869623],[-107.37571874202627,47.680064414441233],[-107.3675738349645,47.678968776687725],[-107.35969978391785,47.676955905990326],[-107.35144651664342,47.675272690782094],[-107.34362795916297,47.673552158205609],[-107.3354300397645,47.672161248742668],[-107.32766674022787,47.670733083065386],[-107.31990380221868,47.669304463230446],[-107.31170698718768,47.667912089671233],[-107.3038361889889,47.665895885187012],[-107.29591165270057,47.66358587398895],[-107.28880190578332,47.660908790108635],[-107.28044360308979,47.661017794235875],[-107.2726288551375,47.659293062724714],[-107.26443445028963,47.657897769066835],[-107.25667460864622,47.656465444924379],[-107.24848094394036,47.655069167408215],[-107.24034163156102,47.653965746921756],[-107.23258285021831,47.652532018038244],[-107.2238992087814,47.653260690128775],[-107.21570341987689,47.654245782317048],[-107.20756119369412,47.65552374412556],[-107.19936484091465,47.656507833569719],[-107.19116822823111,47.657491420292843],[-107.18291764093635,47.658181122061194],[-107.17412527506139,47.65831980741325],[-107.1659280157653,47.659301850000418],[-107.15767690236714,47.659990000438199],[-107.14942560280929,47.660677642759083],[-107.14101358360995,47.66048458979202],[-107.13303590907992,47.660254884955009],[-107.12517197360768,47.658228185382484],[-107.1184511717841,47.65521254991927],[-107.11102261969813,47.653148909794425],[-107.10288604215708,47.6520371669817],[-107.09469647835977,47.650631504140676],[-107.08672025713412,47.650399045579547],[-107.07841625100912,47.650788925968186],[-107.07021847010628,47.651765158035687],[-107.06147990077676,47.65218991323394],[-107.05312240837242,47.652284792609123],[-107.04481793459996,47.652672597362539],[-107.03646035316274,47.652766441618041],[-107.02848407707847,47.652530532358242],[-107.02804977917395,47.652566319979712],[-107.01774330660828,47.651628344172821],[-107.00917433143024,47.650546680085256],[-107.00142140377471,47.6490996043633],[-106.99361604744263,47.647358607713613],[-106.98613988884478,47.644994557153154],[-106.97866430671235,47.642630073119449],[-106.9704133533935,47.64330676889233],[-106.96226750294289,47.644569917967374],[-106.9558451033688,47.648073770188375],[-106.94990889527924,47.651835220618977],[-106.94235350910714,47.653942030900055],[-106.93485012893029,47.656341884370534],[-106.92724118543231,47.658154336653354],[-106.91973669729072,47.660553316882101],[-106.91110067315748,47.661555256969564],[-106.90894865485649,47.661577327231896],[-106.90274168518062,47.66164078969075],[-106.89427800982224,47.661138817802225],[-106.88833676822725,47.664897404791475],[-106.8843419437257,47.669688374818691],[-106.88034649599393,47.674479157786948],[-106.8753767587304,47.678753371970572],[-106.86845899728485,47.681994498047686],[-106.86100149242492,47.684683513233608],[-106.85343901419913,47.686785120936634],[-106.84549347964031,47.68921497219327],[-106.83782573576906,47.690728702067986],[-106.83020966604323,47.692535479628759],[-106.82259314755566,47.694341815622352],[-106.81497618120574,47.696147710948139],[-106.8073068176555,47.6976596718564],[-106.79871565080663,47.698947778916931],[-106.7905588933782,47.700200316891141],[-106.78229814014702,47.700865353853033],[-106.774140791864,47.702116890881882],[-106.76587960605895,47.702780916106462],[-106.75772166872002,47.704031450391199],[-106.75728685010802,47.70406635757638],[-106.74665303960603,47.708789106831887],[-106.74015997939949,47.711988471990423],[-106.73620214221506,47.717067865389708],[-106.73592982390221,47.723042425067888],[-106.73691083496703,47.72861886926546],[-106.73914549826611,47.73379719438509],[-106.74099713041318,47.739303736078625],[-106.74323252755909,47.7444818273745],[-106.74421454586457,47.750057858783236],[-106.74432636217182,47.755703513006779],[-106.74264557423385,47.761195036921492],[-106.73868476389072,47.766273752231939],[-106.73418466878741,47.770800183082031],[-106.72768438522615,47.773998347645659],[-106.7206964658692,47.776937493970252],[-106.71316936157672,47.77932409233307],[-106.70451324209239,47.780312413087472],[-106.69641871864889,47.779469986650611],[-106.68970579218853,47.776434066978652],[-106.68414532084984,47.772413371679818],[-106.67858557976064,47.768392400289088],[-106.67059569333657,47.768135356061862],[-106.67282619277455,47.773314162318798],[-106.67592785468673,47.778423579584569],[-106.67946546116207,47.78349819938245],[-106.68213273074088,47.788641962656527],[-106.68229032343964,47.794580467614537],[-106.67783539408811,47.799398080956735],[-106.67132913273326,47.802593251677251],[-106.66369425098884,47.804389998199895],[-106.65531545274592,47.804460126433753],[-106.64698790596702,47.804823195334222],[-106.63922406683719,47.803355931631017],[-106.63246016140727,47.800023914671954],[-106.62690130704965,47.796001147335119],[-106.62039275242353,47.799193892584128],[-106.62223568093191,47.804700974770242],[-106.62364329170452,47.810242403863924],[-106.62417978586836,47.815852659872405],[-106.62248656929972,47.821341680973831],[-106.61802498496507,47.826156927300417],[-106.61151275840706,47.829348953091767],[-106.60387278290256,47.831142167077417],[-106.59587502201464,47.830880744051171],[-106.58828986108819,47.827908996403096],[-106.58000969688999,47.828561367313284],[-106.57831216717273,47.834049620393728],[-106.57748609580665,47.839469138290156],[-106.57622395667022,47.844922869095171],[-106.56980942616406,47.848699598107999],[-106.56329228391172,47.851889077019337],[-106.55490687025582,47.851952958562265],[-106.54613627516892,47.852343988284474],[-106.53849151437186,47.85413337475552],[-106.54284336073249,47.858848579598316],[-106.54955803727358,47.86189104633479],[-106.55593906983216,47.865554271912174],[-106.5598569654266,47.870303004380219],[-106.55533598716602,47.874822025715957],[-106.54779039281232,47.877198680274944],[-106.5413198920993,47.880680250892908],[-106.54005367723539,47.886132958269457],[-106.54189198862434,47.891639676230113],[-106.54624676767418,47.896354229963777],[-106.54634056966154,47.901997524366323],[-106.54463797586186,47.907484120895504],[-106.54293507539336,47.912970605009491],[-106.54123187005473,47.918456974909532],[-106.53768063974968,47.923493152287222],[-106.53364145259093,47.928269927415272],[-106.53052560477283,47.933271602302682],[-106.52453557585608,47.937011006752641],[-106.51746848917941,47.939644766692709],[-106.50991341237403,47.942018833002805],[-106.50240844309513,47.944685848972824],[-106.49533951370756,47.947318392130171],[-106.48778262656691,47.949691165215143],[-106.48017455990799,47.95177010640532],[-106.47177534525594,47.951828806953927],[-106.46366132540982,47.95097285831082],[-106.45655488889696,47.948254270718053],[-106.45022161933224,47.944880689792058],[-106.44461118076134,47.940558789056922],[-106.43817861435156,47.936597726903642],[-106.43001675237122,47.935446297009037],[-106.4234830616939,47.938628175749784],[-106.41948423700791,47.943694735823442],[-106.41650910161371,47.949573794694913],[-106.41523031242895,47.955024171928073],[-106.41744597665047,47.960204223745961],[-106.42179603336024,47.964921789309187],[-106.42697020271265,47.969278125085452],[-106.43170818918156,47.973668034352329],[-106.43727035034635,47.977696642785872],[-106.44244670684998,47.982052215937074],[-106.44806080656093,47.986373652622035],[-106.45280164028344,47.990762589721783],[-106.45332401419188,47.996370407668223],[-106.45292175733317,48.001752557834322],[-106.4493583879792,48.006785119038057],[-106.44384381084313,48.01077956582435],[-106.44164127942145,48.016003533336459],[-106.44429865735714,48.021148311045749],[-106.43829471143175,48.024882877143114],[-106.43234045304945,48.028910472940026],[-106.42682275886318,48.03290395205579],[-106.41974033784629,48.03553182323509],[-106.41055542419343,48.036240948560987],[-106.4021445066636,48.036295312578659],[-106.39407046977635,48.03572876037407],[-106.38594637572464,48.034868372677295],[-106.37849659514171,48.032766776665483],[-106.37293329273723,48.028736440634304],[-106.36526134903198,48.030515051428551],[-106.35817655200623,48.03313972282001],[-106.35109114703874,48.035764003905683],[-106.34288024772519,48.036988142189045],[-106.33446916831741,48.037038303674819],[-106.32557072111183,48.036828052972339],[-106.31812278503844,48.034723149253978],[-106.31178819976554,48.031343997927195],[-106.30914156333245,48.026196789350422],[-106.30863219541942,48.020588941726317],[-106.30992188528677,48.015140683295954],[-106.3154456256151,48.011151747555175],[-106.31809600412726,48.005896301972825],[-106.3150127603306,48.000782257695107],[-106.30631885583051,48.001744352419962],[-106.29933439796406,48.004952998582098],[-106.29483390805837,48.009754818929821],[-106.28843437194865,48.013809656090814],[-106.28344534422723,48.018350922157367],[-106.27592109798024,48.02100473607976],[-106.26785026717607,48.020430634965862],[-106.25973000243761,48.019562639903938],[-106.25165951517442,48.018987571119567],[-106.2456685410703,48.014985082595558],[-106.24259091174116,48.00986953465133],[-106.24038829758183,48.004687426983196],[-106.23406114430634,48.001304324934722],[-106.22594390578661,48.000434253338199],[-106.21768588739377,48.001357495552043],[-106.21724864870612,48.001390629274169],[-106.20583756315295,48.004632265266878],[-106.19816379022672,48.006401540198965],[-106.19005226959655,48.008203415555215],[-106.1829625379907,48.010819103618815],[-106.17592137786926,48.013727846562915],[-106.16775908511363,48.015234899870791],[-106.15944908140995,48.015861099610106],[-106.15094266217409,48.01531296821895],[-106.14292279235298,48.015024868602836],[-106.13490299717552,48.014736296842671],[-106.12683433373746,48.014153782571043],[-106.11973559991799,48.011418053900115],[-106.11263750101983,48.008681931326123],[-106.10554003974102,48.005945413050426],[-106.0991714403097,48.002262541782954],[-106.09280360979869,47.998579328773076],[-106.08502858490124,47.997081085223954],[-106.07657414468099,47.996821746826186],[-106.06855705916092,47.99652922884087],[-106.06019998404201,47.996855871601269],[-106.05193995566441,47.997769014428513],[-106.04353408962652,47.997801122024214],[-106.03571188629451,47.996006531176533],[-106.02900817878441,47.992939828610247],[-106.02065138335462,47.993264035107188],[-106.01302206481643,47.995316397733632],[-106.00597460224606,47.99821644063627],[-105.99907142240818,48.00199665901863],[-105.9920225254192,48.004895915014515],[-105.98502121155963,48.008088299635347],[-105.97690319242838,48.009877394726061],[-105.96859197823716,48.010491893386245],[-105.96057362017638,48.010192992912323],[-105.95280037233925,48.008687212145162],[-105.94434489430142,48.008419626964269],[-105.93598553130721,48.008738592212296],[-105.92762607928012,48.009057040350172],[-105.91956016956613,48.008462169393681],[-105.9110569699032,48.007898959069735],[-105.90362695462022,48.005771101954849],[-105.89537042640404,48.00400056887122],[-105.88730550144771,48.003403767969587],[-105.87908975658695,48.004599904961708],[-105.8720825710538,48.007786451183847],[-105.8644941249039,48.010123909690719],[-105.85627702836211,48.011318639243882],[-105.84796440942989,48.011925731087672],[-105.83960406527535,48.012238741924477],[-105.831148599828,48.01196409166954],[-105.82278816484188,48.012276067386665],[-105.81087994575284,48.012548541282229],[-105.80247194742242,48.01256568056175],[-105.79497493174767,48.01548636920063],[-105.78994908488232,48.020009368237822],[-105.78439025390708,48.023976695068484],[-105.77931564040443,48.0282056050047],[-105.77375536691659,48.032172393141479],[-105.7671772317438,48.035321540156986],[-105.75904921484937,48.037097419710221],[-105.75093410412558,48.036198982597],[-105.7427112726071,48.037386722619203],[-105.73502003394736,48.039129553885857],[-105.72843914505046,48.042276751171187],[-105.7207468802643,48.044018745169012],[-105.71305417660892,48.045760292203795],[-105.70482931711928,48.046945699384594],[-105.69651034177883,48.047543428386575],[-105.68844162168347,48.046934866151219],[-105.68135883194452,48.044176472766082],[-105.67584075734504,48.040117775714805],[-105.66915035710326,48.037033702743258],[-105.66324270968329,48.033299368670953],[-105.65616264489012,48.030539542665792],[-105.65010971019495,48.034238927284719],[-105.64876066777055,48.039680436303172],[-105.64969398329066,48.045552593777245],[-105.65058079936438,48.051131038067012],[-105.64549464306327,48.055354573654711],[-105.63948522836057,48.059346791021653],[-105.63391301637256,48.063307451177991],[-105.62679312780057,48.065893530861786],[-105.61837773344558,48.065899240657473],[-105.60991584234222,48.065610828077297],[-105.60184559609735,48.064997145102211],[-105.59352315207178,48.065588518595291],[-105.58520054436957,48.066179382172777],[-105.57683144171762,48.066476120676498],[-105.56880771200628,48.066154085142955],[-105.56064529874152,48.064950721198898],[-105.55282880790315,48.06312863897557],[-105.54501278471218,48.061306096299347],[-105.537243367987,48.05977672091899],[-105.5290363339596,48.058277799281086],[-105.52101393794283,48.057952927285839],[-105.51255361705574,48.057658428993363],[-105.50370133924537,48.057687871897826],[-105.49494091998741,48.058304028008536],[-105.48652656884605,48.058301553973592],[-105.47850439765978,48.057974163876622],[-105.47029905435784,48.056471679124741],[-105.46200257016244,48.054381366906625],[-105.45358876401019,48.05437684781333],[-105.44584145262093,48.05580950200698],[-105.43823075814294,48.058122703999629],[-105.43110318576339,48.060698543103342],[-105.4235369141972,48.0633045481664],[-105.41795031395577,48.067256270860241],[-105.41473601105804,48.072229714229991],[-105.41108298019532,48.077233525007216],[-105.40835136412414,48.082469791647611],[-105.40561927770744,48.087705917993787],[-105.40201008070062,48.093002886174304],[-105.40019920672796,48.098471389243286],[-105.39258144537735,48.100781718801329],[-105.38940876040596,48.106047675659738],[-105.38429991420963,48.11026066759581],[-105.3761507929247,48.112013153084604],[-105.36791047678702,48.113177863267822],[-105.36013890438687,48.111638591747692],[-105.35586091394998,48.106889390732874],[-105.34917942688901,48.103790184869183],[-105.34151383419606,48.105803957586602],[-105.33877495340136,48.111038352737864],[-105.33831865088501,48.116708507191902],[-105.33693991104803,48.12214547373469],[-105.33327748676658,48.127146403084112],[-105.32965965177146,48.132440788411714],[-105.32260910182856,48.135597582362607],[-105.31427432629908,48.136171684375768],[-105.30619774702836,48.135540545559763],[-105.29842488140309,48.133997850320611],[-105.29100105885175,48.131837280366256],[-105.28348782840055,48.129088987266982],[-105.27641390058102,48.126310174774801],[-105.26815946238924,48.124502121975411],[-105.25955660075647,48.123310915066725],[-105.2506946867104,48.123323832029257],[-105.24231615106947,48.123599870837438],[-105.23371392255945,48.122407022666039],[-105.22743086933912,48.118978354667377],[-105.22105921311214,48.114961988704863],[-105.21850135325479,48.109795197390497],[-105.2146730517199,48.105011625186421],[-105.20874217391219,48.100964619321758],[-105.20132556572224,48.098798922332435],[-105.19321061507782,48.097867279551338],[-105.18479085811157,48.097846078034138],[-105.17637110384334,48.097824354010754],[-105.16821227887351,48.096597497076857],[-105.1604035437885,48.094752989359051],[-105.15329492192308,48.091673734055632],[-105.14741370288004,48.087917611208866],[-105.14192734736918,48.08383779987463],[-105.13565344475063,48.080404468891174],[-105.12938024989859,48.076970809655222],[-105.12306360969779,48.073243069412172],[-105.11924510357863,48.068456258749393],[-105.11455069286018,48.06372840134469],[-105.10863049000505,48.059676495973576],[-105.10275511565601,48.055918060969816],[-105.09473539422305,48.05556796119248],[-105.08614567528264,48.054365504664361],[-105.07847764093037,48.056364717357894],[-105.07243108512642,48.060331706942748],[-105.06533171188897,48.063182057805761],[-105.0572674209547,48.065503200812145],[-105.05012293862268,48.06805892657826],[-105.04297785734218,48.070614253944711],[-105.03526263196488,48.072317139124721],[-105.02706491581318,48.073755067842171],[-105.01877951216471,48.074604919981141],[-105.01036304581788,48.074572889727108],[-105.00225426272402,48.073629756308264],[-104.99519964784542,48.070835813621954],[-104.98805868186264,48.067453870799568],[-104.98056710888494,48.06468826844889],[-104.97281158398738,48.063126590319939],[-104.96540799887998,48.060947744342968],[-104.95704167693179,48.058238945870698],[-104.94875740822778,48.059084560404187],[-104.94099774824747,48.060488315783175],[-104.93489860009026,48.064155293332192],[-104.93072508209684,48.068881380871062],[-104.93154636007642,48.074463946753781],[-104.9353504797408,48.0792559438068],[-104.93481359706982,48.084631444385707],[-104.93383808985595,48.090035830289366],[-104.93330097785781,48.095411142909995],[-104.9336842419342,48.101022207409017],[-104.93314702021877,48.106397333869893],[-104.9321710165791,48.111801337561758],[-104.9289147081472,48.116762499789559],[-104.92329116555482,48.120693121690294],[-104.91613458644196,48.123241342613937],[-104.90744526218907,48.124406952119216],[-104.89928833119149,48.123164030595603],[-104.89152744183792,48.121597990754708],[-104.88293244207853,48.120382912241666],[-104.87323637805639,48.120722589775767],[-104.86498538336872,48.12185671131823],[-104.85782622500022,48.124401846667922],[-104.85123393989437,48.127799259628205],[-104.84363464432334,48.130372303638978],[-104.83594908937891,48.132357317836011],[-104.82721416230373,48.133223963914872],[-104.81887516175925,48.133767647259162],[-104.81045063838621,48.133723218951445],[-104.80211141840721,48.13426587167271],[-104.79320532066896,48.133955115436265],[-104.78536066396344,48.13179544570329],[-104.77791292394227,48.129313024576504],[-104.76958804994854,48.126887062887704],[-104.76293436992518,48.123759248690419],[-104.75544611904314,48.120981705141617],[-104.74712328111451,48.118554302738914],[-104.74086813205861,48.115103115716295],[-104.73346655243938,48.112911967913021],[-104.72800574666786,48.108815776327049],[-104.72016664687322,48.106652166664219],[-104.71241248714654,48.105075807102878],[-104.70438861084568,48.104702672990015],[-104.69722476521071,48.107239470725062],[-104.6915871581208,48.111160597583591],[-104.68923103508416,48.116353468337934],[-104.69003079678379,48.12193664665898],[-104.6899528777231,48.127576095560414],[-104.68855807959164,48.133299990802016],[-104.68247851057475,48.137248597344922],[-104.67539399683545,48.140371651430598],[-104.66765969773684,48.142053236167953],[-104.66129449234688,48.142235523350791],[-104.65927611060397,48.142293263423426],[-104.65183224126491,48.139804010147031],[-104.64518320803859,48.13667055270389],[-104.64012332812905,48.132249240010481],[-104.63805306359797,48.127043867780344],[-104.63813579223302,48.121404439563264],[-104.6373407978395,48.115820948278213],[-104.63742357683657,48.110181322210281],[-104.63798694544113,48.104807458397545],[-104.64034699311918,48.099615290013674],[-104.64042947174266,48.093975374364106],[-104.63537348409898,48.089553290052322],[-104.62718504625286,48.087999984611656],[-104.61916394525986,48.087621791812296],[-104.61139310220989,48.08900654811373],[-104.60422723310029,48.09153855875752],[-104.59662205416441,48.094098059877638],[-104.58949656461471,48.096923152381635],[-104.58289230503584,48.100307811156597],[-104.57463871310608,48.101424345557177],[-104.56716181706418,48.098636224182428],[-104.56012435225699,48.095819899169044],[-104.55308754035769,48.093003182950611],[-104.54494211528635,48.091738850367676],[-104.53664765096829,48.092559184059155],[-104.52835296541696,48.093379008734303],[-104.52126566018205,48.096494445562257],[-104.5131351323804,48.098489021351327],[-104.50471576392135,48.098425611952507],[-104.50427697390319,48.098453199555593],[-104.49836690281029,48.097342064684597],[-104.49248457580251,48.093263775902585],[-104.48787812867266,48.088808638807677],[-104.48410867157787,48.084004292264353],[-104.48033980983433,48.079199767655211],[-104.47696913641647,48.074073608610206],[-104.47276285971816,48.069296226439747],[-104.46533554959592,48.066796177701519],[-104.45755215830542,48.064911089874954],[-104.44917838367542,48.065138199268517],[-104.4408454040921,48.065658768237597],[-104.43207369114788,48.06620618107047],[-104.42330182172168,48.066753026431059],[-104.41528480634872,48.066362749441396],[-104.40825810192985,48.063538262181112],[-104.40087480462847,48.061328630611854],[-104.39277740695172,48.060349028784685],[-104.38436344161948,48.060278142422362],[-104.37771122479313,48.063359194571206],[-104.37727263082724,48.063386373882111],[-104.36618618434488,48.063183412184799],[-104.36759859210133,48.163937691371416],[-104.36759932325015,48.163989737836175],[-104.36814149483411,48.202568586071436],[-104.07556777493284,48.202532471996051],[-104.07721440482089,48.504765990757903],[-104.07724410403216,48.510186945771011],[-104.08240158376606,48.70055205323473],[-104.08482389600596,48.789505332305282],[-104.08700720891551,48.99599485327991],[-104.08701306440139,48.996546460550746],[-104.11286792841213,48.996444511604977],[-105.22836312815582,48.998583686687823],[-106.31414867372229,48.995360432837742],[-106.87439828015647,48.994570909020297],[-106.92524056709846,48.99438676923404],[-107.29959607170133,48.990826389226527],[-107.53361171990491,48.988084954357191],[-108.131269286948,48.985739287737999],[-108.70867601998231,48.977683935165544],[-109.2763811842442,48.973135550964969],[-109.89953976894515,48.976350859304773],[-110.08184284187359,48.976683490650601],[-110.55961458474525,48.976413009652731],[-110.69702097943463,48.976803678746819],[-111.17273649619233,48.977099802114253],[-111.77594038823827,48.986965945921725],[-112.31133481255154,48.992996009058629],[-112.34499865716225,48.993283465659488],[-112.86640574942578,48.99668762533372],[-113.02053172535881,48.99696642595984],[-113.35843361641821,49.00115340230775],[-113.89644561017673,49.003722361597738],[-113.89483035493691,48.956468711361993],[-113.89380757935629,48.916975797595057],[-113.88638440701476,48.889429149635589],[-113.87668917306684,48.864881620190658],[-113.86533510992734,48.843853619049355],[-113.86518563361005,48.843636565874874],[-113.8186729779755,48.776004102707248],[-113.80549932823141,48.756815338357228],[-113.78450092737586,48.725124038843376],[-113.75244640068081,48.67666931433746],[-113.71584500963945,48.616277181446833],[-113.6836745540374,48.556506731900186],[-113.6622530950043,48.516630581935885],[-113.63908208856748,48.485704554221854],[-113.63541777121316,48.479378963968088],[-113.61094441425325,48.437091547237173],[-113.60530224130537,48.404168075796122],[-113.60905638834163,48.384741953378523],[-113.61325863158055,48.362249595142771],[-113.61847075592061,48.361567724670806],[-113.643738836578,48.30654745640004],[-113.66598490557891,48.258219637926004],[-113.68475928301444,48.211731273879252],[-113.7117310132756,48.144803540151315],[-113.72458873837957,48.111719698005686],[-113.73981918170983,48.072478045825221],[-113.70479651904407,48.035883934795834],[-113.66835740167272,47.997362493884054],[-113.63647528310781,47.935956483305119],[-113.57835761571135,47.836454367974738],[-113.54565669410113,47.782354296813423],[-113.51480744330883,47.742154119317206],[-113.48315570766977,47.711387901130763],[-113.46934779666344,47.69754412785926],[-113.44507848868125,47.682964757717457],[-113.42635532044164,47.673677182855783],[-113.37390206442871,47.64610824609872],[-113.32233622163926,47.60832819189261],[-113.28032732764404,47.564855253767007],[-113.25453130897267,47.542196503865625],[-113.24366396072315,47.535491593062602],[-113.225901808022,47.524527414808404],[-113.19058723980925,47.508298995602217],[-113.17819750660959,47.503504668405753],[-113.14956291369748,47.492416740740055],[-113.11680758760008,47.47603367681279],[-113.09886367561808,47.458695737018729],[-113.07902602343222,47.436589708648171],[-113.05994221086428,47.420165408107152],[-113.03592255108481,47.405338242366042],[-113.00636894457108,47.391990177204946],[-112.98490498088012,47.376056151969863],[-112.94870735755848,47.337149978388823],[-112.91324278782434,47.30122515361802],[-112.87462779943337,47.27475335198568],[-112.84230007129122,47.257106046307058],[-112.80047292308689,47.240855304129013],[-112.75275079081632,47.21744174603981],[-112.69247848629306,47.188281708034424],[-112.66318414623134,47.176188139571025],[-112.55824316319138,47.13238717732645],[-112.5336995350055,47.121984353195387],[-112.44565855519812,47.088894284143976],[-112.36175433359557,47.055047483254782],[-112.29089943675956,47.015301573109184],[-112.26338874279622,46.993281601764579],[-112.25110324102172,46.973419449348171],[-112.26364080657794,46.951639414427461],[-112.31288608012846,46.916626695565583],[-112.33407296089837,46.903199053893275],[-112.37745791565027,46.87600965801937],[-112.41550299376809,46.849468517757941],[-112.43425560581153,46.829536527588743],[-112.4391482001293,46.824333525072177],[-112.44991751687985,46.80678605133528],[-112.45635786692196,46.788816523963476],[-112.45909246874243,46.771697320874694],[-112.4402800625748,46.741090072249108],[-112.42426491399453,46.723048572133962],[-112.40035635825927,46.702004979446315],[-112.39244119740329,46.695033959249884],[-112.3566526783784,46.666738543848794],[-112.27968148870968,46.609447860630326],[-112.27664695579233,46.596169725852235],[-112.27543056966505,46.590845484831334],[-112.27406932074251,46.584885988797396],[-112.28088052781408,46.568221669994102],[-112.28089682892551,46.562127376377362],[-112.28095944961888,46.538703410434096],[-112.27979848691064,46.51936790460519],[-112.27545092761818,46.492135585888605],[-112.27309958627683,46.462915856281768],[-112.28164469884376,46.443326790199251],[-112.33055749303384,46.396866349202696],[-112.38724490292987,46.348426826836658],[-112.41050556008349,46.3240624560176],[-112.42418019426054,46.300904621950792],[-112.43856834335435,46.262013959876413],[-112.44503777297479,46.233775947302206],[-112.45374537864626,46.201388371975838],[-112.46569999735698,46.183453550341142],[-112.47655417773308,46.168746220162006],[-112.47994661294581,46.154215337867583],[-112.49171471855936,46.136684044732931],[-112.50449059276662,46.124043621016369],[-112.62712851416956,46.115084144018113],[-112.65815262374457,46.111087813152096],[-112.67602548928488,46.104144279834713],[-112.68303478642622,46.099181113018005],[-112.68725432722539,46.088973686386566],[-112.68464265373547,46.080228406315939],[-112.66886267337367,46.036658234390075],[-112.66279324241418,46.01386345663326],[-112.66558550696556,45.992048497440237],[-112.67754625635462,45.984896143342382],[-112.69791677483926,45.982258653014469],[-112.72333351433019,45.975676642662961],[-112.73474596055758,45.979994628649251],[-112.75082044460783,45.98099937372217],[-112.77082410624746,45.987870832672854],[-112.78890717122891,45.993249846902984],[-112.82959168940494,45.990843896029048],[-112.87682081782646,45.986987758678197],[-112.90026055787843,45.979274404789976],[-112.92818832323252,45.976381392787118],[-112.97423839188826,45.96103735608915],[-112.99868450478601,45.956071857330414],[-113.01683127594259,45.950386369435478],[-113.03884709601664,45.946700733651994],[-113.06293199261734,45.941962890175319],[-113.10390432802228,45.938653167409825],[-113.15040528167839,45.933560392997776],[-113.16960212014169,45.931452859661817],[-113.20685275155319,45.923186685317319],[-113.253269484599,45.908453108424283],[-113.28521934819435,45.896613227918181],[-113.32875683605909,45.877587418924293],[-113.39189753184559,45.843884341389298],[-113.43672456658544,45.821730987095407],[-113.48472720729472,45.79466883899579],[-113.52648097801472,45.76766095508907],[-113.54760664193293,45.746171571161142],[-113.57874945932008,45.720976390448129],[-113.61541348814194,45.688419991689329],[-113.65859802627784,45.646222892072842],[-113.71415268339956,45.583865853826126],[-113.73056368926279,45.561229067167744],[-113.73823684075757,45.553182509065607],[-113.74731757514593,45.535436857125319],[-113.75881604332568,45.524334695889536],[-113.76400537524785,45.509454352336547],[-113.80336887207574,45.465171994691843],[-113.82270186699753,45.448696690899624],[-113.87473316110646,45.480600728640752],[-113.93302571876188,45.511026744988328],[-114.00187488012159,45.556436561098451],[-114.0499942303494,45.589420725985747],[-114.10346247201545,45.615812493351939],[-114.15590609538998,45.625060723773458],[-114.22905919982219,45.630754933293588],[-114.27935072305741,45.629587744578828],[-114.31027658889343,45.626518362032812],[-114.39203034622346,45.613220041072111],[-114.44334376730097,45.608926511249535],[-114.45685478242223,45.608702911909916],[-114.44422148943016,45.579447334427016],[-114.41166604665068,45.502188976839875],[-114.39886988823474,45.433491186668959],[-114.39511166726959,45.413284404151966],[-114.39000989514051,45.33611634029694],[-114.39417734001222,45.274694402724549],[-114.3959278721735,45.253259059058394],[-114.41085558841462,45.220387448821782],[-114.43614477975774,45.191056554016825],[-114.46874509780798,45.161427381068847],[-114.51154382678612,45.131070619713398],[-114.53644233464598,45.119454941992046],[-114.5667949708112,45.100226254038432],[-114.63205905857865,45.064371960397693],[-114.68277147981991,45.042685725665763],[-114.73439625068636,45.025118758224153],[-114.75327303302402,45.018425922618292],[-114.77009860027016,45.01222912877131],[-114.79891358999015,45.001131266294976],[-114.82509192485242,44.990418447653269],[-114.8395114144202,44.986320673260536],[-114.86671397906684,44.978169347737264],[-114.88144601182393,44.974213871273207],[-114.90063953358759,44.969588105806508],[-114.91134813890545,44.967788682901471],[-114.94194602109195,44.95910941037107],[-114.9832548117601,44.949588383197352],[-115.01360439292836,44.942873632911869],[-115.04149178861513,44.937106820223619],[-115.06454632115577,44.928947967374825],[-115.10686332468265,44.921955250134715],[-115.20105461957502,44.903349536052303],[-115.24741985384316,44.895298097329373],[-115.2756243648725,44.891568507180921],[-115.30953222343334,44.886762683051415],[-115.33940753542936,44.88042263709508],[-115.36056464594162,44.876975347734174],[-115.37676578061627,44.875261935090293],[-115.58713059719929,44.841553728721635],[-115.70260071325231,44.826631087354826],[-115.88432026556779,44.807345723226604],[-116.03162983275053,44.804864916382826],[-116.11000638218877,44.803585080387222],[-116.14132262214127,44.800596206949422],[-116.15838740005842,44.799732277722512],[-116.19838274796541,44.796428483287912],[-116.23313849544519,44.791142983262148],[-116.25773740675589,44.784986248816381],[-116.27498947478438,44.777822990438722],[-116.30163782862286,44.770543261762157],[-116.33050905474903,44.763365605238562],[-116.45602905329815,44.748267630246971],[-116.56112439057813,44.742020977985817],[-116.59729531572623,44.739835819667405],[-116.64272964195936,44.736427119316147],[-116.73479328478226,44.733273663648731],[-116.86303589179295,44.730271782416878],[-116.9603331707392,44.732862683366193],[-117.04734600241602,44.739557285240551],[-117.08099440027132,44.743686829983289],[-117.10403136185784,44.752044760357478],[-117.11264662514162,44.746848029712851],[-117.12730965471678,44.73473971686451],[-117.13366836700152,44.718155682338931],[-117.14198287361069,44.696225809573491],[-117.15852937043405,44.680579135718574],[-117.16515277478072,44.667470590595315],[-117.17145464811347,44.656799056231534],[-117.17268416704064,44.65625527486111],[-117.18064324898671,44.652335820741598],[-117.18992255098493,44.649293791974969],[-117.19917683923973,44.647724458816754],[-117.2085464529564,44.646502133566685],[-117.21162052456754,44.646094986194726],[-117.21840272760375,44.645196430371016],[-117.22823512165348,44.645363361629904],[-117.23806756696462,44.645529534760271],[-117.24776103644263,44.646820700415049],[-117.25682903373291,44.649319714932972],[-117.27936585265195,44.66054737656026],[-117.37023082689109,44.71192034804568],[-117.41178767935787,44.731271209798535],[-117.44388519724401,44.74084104587763],[-117.47081930886395,44.745777528909912],[-117.50579162478363,44.750062891988932],[-117.54542344603516,44.751331749960343],[-117.56137283259011,44.749687182217713],[-117.598149573444,44.744814317226997],[-117.6196029557118,44.739637859099957],[-117.63792197581847,44.731322561087381],[-117.66276775013154,44.713415477242506],[-117.66971967142564,44.697501088704314],[-117.68332395883363,44.670868823737294],[-117.69641783601429,44.645791708720424],[-117.71690045858924,44.621264042601524],[-117.73279112840783,44.607461889055003],[-117.76980674268697,44.590706931179966],[-117.82109138006308,44.577328567859183],[-117.87692392230116,44.570488217357422],[-117.91547406417669,44.573286573016958],[-117.93750363308618,44.5819268716279],[-117.9570831321808,44.596885375259887],[-117.97604656509685,44.615999761180092],[-117.99284976620373,44.631812246637935],[-118.0099471337532,44.63652792362484],[-118.03533342579692,44.63241515123832],[-118.05779708306892,44.630286244614524],[-118.07320910671484,44.631610251711777],[-118.09589145572608,44.63827279635251],[-118.12742108861232,44.654778560182478],[-118.16733415304867,44.680469634266274],[-118.21857201758451,44.719237662987837],[-118.25928982956196,44.760235394348001],[-118.28508639322246,44.792468649608566],[-118.29897466494879,44.8201930197921],[-118.30111398931911,44.813327345280811],[-118.30261958482595,44.808494519006899],[-118.30377531707717,44.778662510266713],[-118.30405622661351,44.771407160412195],[-118.3074506556232,44.754594687295025],[-118.32774781191193,44.741760367946654],[-118.37136873977551,44.723271581018707],[-118.39238124110136,44.71471546434725],[-118.41764421720683,44.707233944890675],[-118.46480781203087,44.710547654350819],[-118.49251060388121,44.708507293177092],[-118.50548770679222,44.701376528204264],[-118.5111427652264,44.686718655341735],[-118.49358048415201,44.667770781596346],[-118.4699586277884,44.649176543762565],[-118.42717082917039,44.630343520637041],[-118.39229644312633,44.611921020938439],[-118.36120105598394,44.592445219970955],[-118.35378563399979,44.581615018218542],[-118.35299409390228,44.563467078842677],[-118.35290849463127,44.561503883997091],[-118.36996202922421,44.535222745833096],[-118.3751307046183,44.510336296982587],[-118.37845625005588,44.472878096646923],[-118.39522371030597,44.441473517189138],[-118.42287784163904,44.416208269396179],[-118.45062394034255,44.388334079354308],[-118.45997780243363,44.362303573251381],[-118.46268295955093,44.337842897631674],[-118.45957772013566,44.31000774715983],[-118.45397720558356,44.300690810332696],[-118.44598566980278,44.287390890377367],[-118.44665353872978,44.267353806333176],[-118.45770427583165,44.249121923338123],[-118.47104326323597,44.231578652133123],[-118.4800283268458,44.212609667702054],[-118.48283354972853,44.205210163718107],[-118.48588529027387,44.197158316702996],[-118.50380838474911,44.185414055714148],[-118.52656683169391,44.178688601697672],[-118.5663456759122,44.204277110800092],[-118.57882927944763,44.21202135280322],[-118.58473222611133,44.215682159204334],[-118.61270336576769,44.213525745017193],[-118.66648043012771,44.191504419293551],[-118.69928944934856,44.17551954009474],[-118.72328342628907,44.159297862206643],[-118.72694894064108,44.149394171703705],[-118.73145426440277,44.122351939090777],[-118.75331981765544,44.08287756484782],[-118.77281395939667,44.05121577838554],[-118.78533191163837,44.024412109831076],[-118.79113187963253,44.007083638998779],[-118.79182893515718,43.999668903197403],[-118.81755498027809,43.998839644633961],[-118.87763623642314,43.999722592723515],[-118.87787378244906,43.999740100725148],[-118.93450582198608,44.000531905223284],[-118.93450648568574,44.000531915115857],[-118.9581503772381,44.000854947997482],[-119.05900021838534,44.002715863846106],[-119.1249650992599,44.00391124990432],[-119.20817368176995,44.004528489698089],[-119.58915153221739,44.008090151239514],[-120.01425362330605,44.012026983858277],[-120.30540151666662,44.013894990861218],[-120.67563008456074,44.016311846914277],[-121.04834071025556,44.015154809746718],[-121.50648044081964,44.015004876573869],[-121.85099461700793,44.016519866398767],[-121.85815995102087,44.00989924455456],[-121.87016361066208,43.999163023754591],[-121.87784409163152,43.990084010668625],[-121.881285119013,43.984137186981627],[-121.88303187402175,43.976559852854962],[-121.87825287666891,43.96986501176093],[-121.86835743834507,43.959032021210874],[-121.85244389157231,43.949470311405776],[-121.84862066131444,43.9425731678175],[-121.84770365410031,43.936056209926221],[-121.85524835182991,43.927502490847303],[-121.87327473524078,43.920210815576752],[-121.89278131190798,43.916579649930952],[-121.9152998997705,43.915289963660939],[-121.93463391272485,43.912931171436469],[-121.95717047173986,43.909143287232951],[-121.97890438942602,43.90253739718321],[-121.99510419580196,43.895860497563945],[-122.02305341538278,43.880461513188322],[-122.04440860966957,43.861982100793398],[-122.05827011307525,43.840159569308753],[-122.0645099691597,43.830330511743796],[-122.07066758494108,43.81508430869394],[-122.07512853255571,43.798209157326824],[-122.07917266418707,43.77694367491074],[-122.08753233025283,43.761222452654124],[-122.09390595419637,43.75537977405736],[-122.09983408907192,43.744655332577565],[-122.12409280843633,43.725024412946368],[-122.15896152335557,43.685186057890292],[-122.18288719408872,43.647184102264589],[-122.18841636362424,43.628816981918249],[-122.18980343208267,43.621298789907257],[-122.19340425460263,43.60409209987057],[-122.19042509833957,43.580833587600068],[-122.18253008859267,43.567348068258809],[-122.16914974226677,43.544587876629237],[-122.15477476194565,43.527767761073392],[-122.14116455340138,43.510284532205446],[-122.11310142838818,43.478236598440333],[-122.09941956815851,43.46051851341872],[-122.09031525264675,43.444802560289986],[-122.07507029156068,43.423188158007122],[-122.06191793956123,43.414316622114484],[-122.05967021810602,43.402851316435147],[-122.05422366119296,43.385631349707069],[-122.03928293805711,43.340815041181258],[-122.02567248579658,43.30391203191482],[-122.02093520259751,43.281592659173953],[-122.01954449907936,43.262287250955922],[-122.02403271683636,43.247006415913404],[-122.03840411875507,43.233019218761967],[-122.05947067293317,43.216651259847822],[-122.0771646489294,43.200382701200738],[-122.09053818019282,43.179750903581407],[-122.09423261764118,43.156227154259795],[-122.09543680896155,43.13074997942806],[-122.09565390080684,43.107041938334817],[-122.08528874388037,43.078151213108072],[-122.07082240233194,43.051704506158103],[-122.059270699683,43.034589687264315],[-122.05420551467273,43.021986848914025],[-122.05149785384287,43.007664963667196],[-122.04844014539634,42.974701895975784],[-122.05590680895205,42.947678595890523],[-122.07190854774126,42.929264831306966],[-122.08211687369476,42.920075680048626],[-122.10252510435004,42.901694500600797],[-122.12103094062536,42.881976483428048],[-122.13398511801876,42.868693756711536],[-122.1506713011396,42.854595674950474],[-122.16389089724709,42.841996715376183],[-122.17471927877165,42.820944234688739],[-122.18384719339321,42.80325080907761],[-122.18972065668294,42.782527070168214],[-122.19282468201345,42.754928747164001],[-122.19461432569057,42.729111786879514],[-122.20610163418303,42.699676451107393],[-122.21720025478788,42.671817722210164],[-122.22894429814079,42.643065489880485],[-122.23288312275787,42.6100368328336],[-122.23458008680154,42.578994054232282],[-122.24248029193188,42.553320312782262],[-122.25662959817737,42.518040110362847],[-122.28020985460108,42.463659767284469],[-122.2801683158151,42.438787032195819],[-122.27939824703145,42.43421200198236],[-122.27862828256917,42.429636941191916],[-122.27785842422685,42.425061849824544],[-122.27610813578178,42.420702858350296],[-122.27602734788377,42.41518507063455],[-122.27525783038453,42.41060988393906],[-122.27350808602932,42.406250777351545],[-122.27273884192397,42.401675525005544],[-122.27167815722112,42.396373708579858],[-122.27188928206471,42.391582296086142],[-122.27112031495056,42.387006952908621],[-122.26937145193091,42.382647662859426],[-122.26762281284249,42.378288326045435],[-122.26685428909411,42.373712883043197],[-122.26608586876779,42.369137410363237],[-122.26433779355432,42.364777954838814],[-122.26356964572255,42.36020241830704],[-122.26182196621073,42.355842880044918],[-122.26007451242879,42.351483295917433],[-122.26224533105716,42.346259596403286],[-122.26343639587293,42.341251872675855],[-122.26658596197251,42.335811985135081],[-122.27031750364984,42.331825169995625],[-122.27404860555868,42.327838222655885],[-122.28169571178762,42.322986429680043],[-122.28727880467306,42.320962562072623],[-122.29431882085686,42.322571174020538],[-122.30204666731981,42.323236498765482],[-122.3087956377085,42.324117748935009],[-122.31496138785775,42.323545639819486],[-122.32083527562742,42.322246738196441],[-122.32768785870769,42.320730993840357],[-122.33297751629931,42.317978568356295],[-122.33797483487069,42.314499455585462],[-122.3442423199271,42.311529870806964],[-122.34796792787756,42.307540578035287],[-122.35325572297319,42.304787231645491],[-122.35698042620567,42.300797634003686],[-122.35943416075787,42.296298318612571],[-122.36501271116765,42.29427084292513],[-122.37029876967244,42.291516717722402],[-122.37470783629755,42.286583209647461],[-122.3794084649287,42.282375892433549],[-122.3841085072018,42.278168372872187],[-122.38910024278192,42.274687011796232],[-122.39282116616386,42.270696182982533],[-122.39624932424687,42.265978871927473],[-122.39996934381014,42.26198778410901],[-122.40339656210165,42.257270224841079],[-122.40457558229724,42.252260611637951],[-122.40575442892373,42.247250958864697],[-122.40820296719318,42.242750387120736],[-122.40840392160368,42.237957875655468],[-122.4105596136352,42.232730859441688],[-122.4130073047433,42.228230115927147],[-122.41418510725686,42.223220241920671],[-122.41507041786548,42.217483982799592],[-122.41527081019967,42.212691322046908],[-122.41322490380622,42.207606844780116],[-122.41147151629741,42.203248670789606],[-122.40874146144927,42.199107695663656],[-122.4040580377482,42.195401065207022],[-122.40230555765532,42.191042698761578],[-122.40055330329227,42.186684284652074],[-122.40075463361939,42.181891479108515],[-122.40095593516821,42.177098645685987],[-122.40213374037978,42.17208859631171],[-122.40135845372964,42.167512900599945],[-122.40253606019098,42.162502792769715],[-122.40439786187181,42.156549008330103],[-122.40459882977217,42.151756031915397],[-122.40284744595283,42.147397458625846],[-122.40148870703814,42.141368760659816],[-122.40393369568346,42.136867731160919],[-122.40511057908992,42.131857424580517],[-122.40726314417873,42.12662983729723],[-122.41068299522402,42.121911345432295],[-122.41351864397024,42.115739870198922],[-122.41596190681651,42.11123847017933],[-122.41967225596983,42.107246080142545],[-122.42309026160626,42.102527138616608],[-122.4296263336883,42.100278884762758],[-122.43547863593028,42.098974151935636],[-122.44133071244238,42.097669134922683],[-122.44718256232534,42.096363836421972],[-122.45430164060821,42.09556698223048],[-122.46015305881656,42.094261057801646],[-122.46658890775188,42.094407500705643],[-122.4730247836668,42.094553604565249],[-122.48276834628211,42.097651268091624],[-122.49311318392625,42.09956536265139],[-122.49847736024196,42.102324760579279],[-122.50413475691346,42.105810138027493],[-122.50589158792639,42.110167458561421],[-122.50764864556851,42.114524734129247],[-122.50843051165873,42.119100024246791],[-122.51018796500256,42.123457217976295],[-122.51194564407621,42.127814365840379],[-122.51467913883118,42.131953367853669],[-122.52102236568959,42.134493566824688],[-122.52707290369153,42.136307285352984],[-122.53244137876658,42.139065076192367],[-122.53878594201757,42.141604330875225],[-122.54513098100995,42.144143250110972],[-122.55157175733069,42.144285201800699],[-122.55830609485037,42.145152876703946],[-122.5654289925539,42.144349584265967],[-122.57313910528546,42.144997929810643],[-122.57996804428979,42.143467762127557],[-122.5858211730087,42.142155882388124],[-122.59079247239464,42.138665759217474],[-122.59703253442387,42.135682641440781],[-122.60288466129805,42.134369931627077],[-122.60844253539466,42.132330988684259],[-122.61400007404416,42.130291790333899],[-122.62053246879839,42.128033384932849],[-122.62550093801786,42.124541793169271],[-122.63076310603248,42.121775893143024],[-122.63661337400799,42.120461546563149],[-122.64305208368665,42.120598676987413],[-122.64919641378344,42.120009604859433],[-122.6553406350622,42.119420223364671],[-122.6611902213516,42.118104695974978],[-122.66733416473988,42.117514709236502],[-122.67347800200815,42.116924412231867],[-122.67932701902669,42.1156080116005],[-122.68576535278879,42.115742891021682],[-122.69220371442987,42.115877427801081],[-122.69864209765467,42.116011627334785],[-122.70508050965776,42.116145486025403],[-122.71092884409086,42.114827570935688],[-122.71648185375449,42.112783667332451],[-122.72232967557403,42.111465200958321],[-122.72885663302714,42.109200952661865],[-122.73440863904744,42.107156219883677],[-122.73936969605461,42.103659915672608],[-122.74619069314593,42.102120380651115],[-122.7520370148963,42.100800476261043],[-122.75788310911815,42.099480287685196],[-122.76470326444405,42.097939712148047],[-122.76995766681284,42.095167731805418],[-122.77521164200363,42.09239551763909],[-122.78076086911881,42.090348639078456],[-122.78630975808881,42.088301502412435],[-122.79215410402867,42.086979653688104],[-122.79799822064132,42.085657524375279],[-122.80295441681284,42.082158551875693],[-122.80664031609768,42.078154303378426],[-122.81159551671971,42.074654951364948],[-122.81256931162437,42.07443445738437],[-122.8301227442692,42.052025600301249],[-122.82745295658862,42.037155766225681],[-122.80355203609753,41.903730787146173],[-122.79590710892592,41.878280529922563],[-122.78864908628628,41.854099556949052],[-122.78658904614753,41.847232959733333],[-122.76526258520011,41.776060319827934],[-122.75026110026954,41.728680878719615],[-122.73835792817579,41.691036999857715],[-122.72357556755838,41.658166511975026],[-122.70838519442117,41.639114732359076],[-122.68090437233889,41.613101877249903],[-122.6506892542057,41.583957207758999],[-122.63255745855986,41.563695216760891],[-122.62043424214653,41.544695765097515],[-122.61711752715212,41.53852123126984],[-122.61253509282022,41.529988339590261],[-122.59772982736962,41.514220890381864],[-122.5784969054078,41.499830249266665],[-122.52820794074381,41.475067004838479],[-122.49871593779028,41.461113334412914],[-122.4786501941511,41.449525843243123],[-122.4615636733248,41.431642845940644],[-122.44407560430568,41.4127253962601],[-122.43398664806534,41.404881227886392],[-122.42596038586311,41.390950609782863],[-122.41419048430339,41.380112038040181],[-122.38946528929165,41.365445448948378],[-122.35457714541889,41.348940345220797],[-122.3349605420953,41.345856772272271],[-122.28840355258183,41.346490519122199],[-122.2869975390052,41.346509378804853],[-122.24795635110468,41.353385242634886],[-122.22305423876207,41.358937011234161],[-122.19076190433839,41.358976951025511],[-122.15976709827294,41.358094724192199],[-122.12869753696174,41.36439729809689],[-122.08517140933304,41.379076284343114],[-122.06471573404383,41.389237098213584],[-122.04855868233727,41.398750929012238],[-122.01432171237707,41.4075914706699],[-121.99647118959371,41.418094552121943],[-121.98072993493849,41.422145579754726],[-121.97915493874939,41.422550764805976],[-121.95847057935373,41.428995731967518],[-121.93825571373014,41.436315822217466],[-121.93196882580065,41.438591374092709],[-121.90609133844447,41.445547844157716],[-121.88579373069609,41.454073990022664],[-121.86374026410186,41.456601896160635],[-121.85921767875283,41.457119781552706],[-121.8365731929984,41.467086831991764],[-121.77097714028275,41.488339543135453],[-121.72846251433356,41.497336043423729],[-121.68093166156689,41.510525139923345],[-121.64185446121439,41.523095771752537],[-121.6219333843182,41.53054841667614],[-121.60084080286072,41.533891680556678],[-121.57963556243124,41.536943888749533],[-121.55997566574433,41.544015768812756],[-121.54317399798157,41.547508273388132],[-121.5258163801218,41.551113501686814],[-121.49766268078804,41.556588889066006],[-121.47031744589339,41.560342572951413],[-121.46616430204085,41.560912097415439],[-121.44286809019019,41.56501156703024],[-121.40367540969237,41.572845136893591],[-121.35438569164631,41.583769791742554],[-121.32160894819435,41.592370170347124],[-121.28904288981749,41.601536832259058],[-121.26561203956396,41.607492036728161],[-121.24168449824094,41.613237039957482],[-121.23100341757362,41.618943401117122],[-121.21128891764937,41.621602808822615],[-121.18538508375457,41.624335977123678],[-121.1573438401461,41.626896924353616],[-121.11366432864583,41.628613331739928],[-121.06701509027414,41.626219045072901],[-121.05156666476972,41.62265185180155],[-121.02998619570633,41.617664763917787],[-121.01253205091336,41.61568921508524],[-120.98066800872158,41.612075886592947],[-120.92469737828134,41.611229587675382],[-120.87514293579784,41.614225388590853],[-120.77839864907838,41.618539120783851],[-120.67278162137467,41.621645968186954],[-120.66066672998556,41.62167389573375],[-120.6132480325706,41.62177155401406],[-120.57022163931714,41.632962287679504],[-120.54334289176103,41.644879294943564],[-120.48939731963054,41.673093842406956],[-120.48789171602982,41.673880610701701],[-120.48630069482118,41.674466335553007],[-120.45552322072001,41.685790705776526],[-120.42677603358703,41.691357847386826],[-120.3795318316287,41.692540565594697],[-120.34536985973119,41.684686351793744],[-120.29608204644927,41.667779037972252],[-120.28974403655803,41.665602811720419],[-120.25567441694074,41.640219975771345],[-120.24215483217972,41.625288627168459],[-120.23504088992507,41.609382598728018],[-120.2305555050325,41.587976299566606],[-120.23104803493885,41.567533513361013],[-120.24014439414844,41.545324380415877],[-120.24318817119712,41.519195813136321],[-120.24070914411169,41.486956427197413],[-120.23193881432479,41.477345879708651],[-120.21725066488625,41.455057503900719],[-120.2038553583381,41.434488083258486],[-120.19782983857618,41.417863268075394],[-120.19927482607233,41.327260605392667],[-120.19543158320096,41.294804881240339],[-120.17673072714132,41.27582498443553],[-120.16567144198342,41.263411027097277],[-120.15488278261427,41.251735019255761],[-120.14738242236086,41.236406208979417],[-120.14601945843123,41.197984691740203],[-120.14601906812544,41.197398475859018],[-120.14599279982781,41.157798826954377],[-120.14107449569138,41.124076527309967],[-120.13059565276711,41.105888089663665],[-120.12061445329437,41.094543875899205],[-120.13876988672087,41.090312376814779],[-120.15209582316368,41.083598793849319],[-120.15848562231361,41.070372538262063],[-120.16176672325565,41.055801118127135],[-120.16549042824062,41.04064160882325],[-120.17852925432157,41.02405559488983],[-120.19610793543285,41.010995768739804],[-120.21113050586814,40.999949474288883],[-120.21473143540737,40.9917594311529],[-120.22265478189263,40.984660271054736],[-120.2237592455927,40.975000466798178],[-120.23411742198141,40.96739587691826],[-120.24314488772637,40.961554827893053],[-120.25748765523105,40.954114482997056],[-120.27270614297407,40.940035942604709],[-120.28873737682846,40.917344713687612],[-120.29811298362728,40.892556807150982],[-120.30283116342741,40.865755904011792],[-120.30749603411465,40.842440542896782],[-120.31477514495697,40.830000764223939],[-120.32596332184977,40.810289679025516],[-120.33384345501139,40.797721782034671],[-120.33468138843529,40.774702623427402],[-120.33847065040015,40.763482948679211],[-120.34447353782349,40.754780623826775],[-120.36691651068838,40.739166610650614],[-120.38845398316477,40.719265066129935],[-120.39713118185853,40.7035404111611],[-120.40856268112282,40.693322406703771],[-120.42707809337929,40.684970560243187],[-120.44362953827255,40.672555681999199],[-120.45112717358018,40.663529251373916],[-120.48078664738586,40.634528908682228],[-120.56467053801487,40.582679837904266],[-120.58645595088137,40.561920290688931],[-120.59330820301113,40.556121141977201],[-120.60465422711087,40.553719604076491],[-120.63855932385366,40.537213987735413],[-120.66492882310666,40.517945157642941],[-120.68679851503941,40.506461141568479],[-120.70659145563116,40.484846373261576],[-120.71611899659439,40.452980035100609],[-120.72067291072619,40.409737911575405],[-120.70512057575394,40.378241794623193],[-120.67063190174082,40.325917282856381],[-120.64285263334233,40.285216213557476],[-120.61590810937173,40.254778362131788],[-120.60404709389826,40.238159585896199],[-120.58672733120136,40.222360644228388],[-120.57112515939855,40.208120056795224],[-120.53415222244706,40.178439825737428],[-120.50097217802357,40.157394109750442],[-120.47396552169141,40.141745185791763],[-120.46779608612047,40.13841206086795],[-120.44423251391936,40.125675566174493],[-120.42794991595582,40.118186978945971],[-120.39847786086455,40.100067190148764],[-120.37156918477001,40.083638006288993],[-120.35266191271705,40.068747023756202],[-120.34544622386409,40.061601964958754],[-120.33715211208028,40.053386660765852],[-120.33366379384898,40.042674295382483],[-120.3304464638332,40.032791068053427],[-120.32896950363966,40.021665546028203],[-120.32640002993742,40.002301802386341],[-120.32451452122814,39.988085502943647],[-120.32444786078014,39.937173942123763],[-120.33302095125589,39.910520820979173],[-120.3406994779985,39.883652813126901],[-120.34077372782525,39.883392900062347],[-120.34353818803692,39.862187717189443],[-120.34479684769633,39.825896889030275],[-120.34759880424139,39.798471150423325],[-120.35101556161885,39.779113401662187],[-120.35909783899405,39.7647292266725],[-120.37993002804831,39.742768599791077],[-120.42005958358288,39.710883867796326],[-120.44737025483334,39.68643118984761],[-120.4638217068063,39.671243520971757],[-120.48250028126296,39.650605291401121],[-120.50776025003546,39.615131252705226],[-120.49234471813418,39.593567995766421],[-120.48532603027206,39.571204601211434],[-120.47787805013189,39.542221884332548],[-120.46988241524122,39.524293812109818],[-120.4640290769803,39.497954034551128],[-120.46244265940118,39.460163187581088],[-120.46557533803139,39.442839010112266],[-120.46239047174282,39.432086189625977],[-120.45613609970121,39.41900735180792],[-120.45174455816482,39.3886278421013],[-120.45021972885735,39.35639229356957],[-120.44236470116999,39.339680119142258],[-120.43658368369,39.320684913178241],[-120.43343912861286,39.310918677754842],[-120.42279253514732,39.298035690694633],[-120.40653124841833,39.28734770593195],[-120.38611302179851,39.277546994098543],[-120.36746120307203,39.26910620378834],[-120.35567954557456,39.260190843932378],[-120.34080126686496,39.24249315373612],[-120.33088131661941,39.227961417085794],[-120.32485111318829,39.210860484623709],[-120.31930858332441,39.196041114206082],[-120.3131588536981,39.184929464223444],[-120.30778317775145,39.166944124971451],[-120.31200738333405,39.158091760826153],[-120.31255434470722,39.146048360143766],[-120.31146368919786,39.139323934052356],[-120.29194235825321,39.13280534928748],[-120.27084222338988,39.109975083383461],[-120.24942511617616,39.078019490207339],[-120.23843859156773,39.058498807673914],[-120.23137787029242,39.020156699671986],[-120.22616751401955,38.996177003066293],[-120.22322595121665,38.981402260605876],[-120.21379792023782,38.969003633111242],[-120.2038620978575,38.959693882766544],[-120.19274445299408,38.953367786194406],[-120.17694693585236,38.941827540009001],[-120.17427514807957,38.930523658140373],[-120.17100084061627,38.905637765970198],[-120.1657606106636,38.893341020871446],[-120.15823615757256,38.881778945442022],[-120.14912669614006,38.872044316691927],[-120.13506984559689,38.866341972803866],[-120.12036914611917,38.861520270244341],[-120.10801426614546,38.852473853085883],[-120.09786392128291,38.845193505675809],[-120.08495292663622,38.834525751162516],[-120.07450058943061,38.818121168257335],[-120.06048631908834,38.798747962848267],[-120.04723082474271,38.779710289098603],[-120.03901606284097,38.742223886023567],[-120.03697261879131,38.719815561339146],[-120.0292516602359,38.673635768176212],[-120.02715140871049,38.654716159223426],[-120.01080551196475,38.632117459753033],[-119.99405599768613,38.613824508294499],[-119.98207125528415,38.599237242105119],[-119.95293047626046,38.572448541866777],[-119.92062543801353,38.555708656629236],[-119.87254135290107,38.519962198896394],[-119.84540037202953,38.50063021031599],[-119.75644386978871,38.460696115233588],[-119.71567187096002,38.445560786001522],[-119.69431557590309,38.428565343116134],[-119.68976528603906,38.422700340648248],[-119.68164151934059,38.409895600901336],[-119.67746357488403,38.394774968390152],[-119.67534936408185,38.349459599980605],[-119.64505912198086,38.300387540352745],[-119.63380190863114,38.261459230858861],[-119.62152154198554,38.239039107069175],[-119.62080967912334,38.213151156101048],[-119.61001363002498,38.2090927477322],[-119.5934400501182,38.203269234587538],[-119.57182818662147,38.193664330344632],[-119.54698131243759,38.175808381051979],[-119.51057517410499,38.152928942017127],[-119.51007115266151,38.142994647584942],[-119.4946973457059,38.126376171722995],[-119.47910449807409,38.105093400739918],[-119.46710495642856,38.080457860941578],[-119.45621773406117,38.049270500133503],[-119.44373319343208,38.004811263828799],[-119.4379100229292,37.978888967751686],[-119.41870764734,37.942378108762739],[-119.39483985877246,37.922824800624085],[-119.35592990084422,37.904544581767084],[-119.31153808221671,37.893712443774291],[-119.28447817792556,37.878525178694076],[-119.25855944855965,37.86391461107047],[-119.22922960506219,37.841759627205079],[-119.19511414879889,37.822077575719618],[-119.1708689723252,37.808148916339462],[-119.14391147023815,37.807034442285726],[-119.1206814835636,37.803287738038705],[-119.07051024015544,37.797288590895789],[-119.02523335103831,37.796204319673677],[-118.98797103833272,37.805338937841782],[-118.94359456663591,37.818514230647281],[-118.89209257301383,37.835721964796903],[-118.85145792494325,37.840297146995795],[-118.82458774792622,37.848365564019616],[-118.77721004520737,37.84946006323139],[-118.73424778081039,37.836655302800011],[-118.68717580172182,37.813911447355451],[-118.64907226587235,37.778216151154481],[-118.62589187500998,37.746698949596919],[-118.58785179442475,37.686138624597902],[-118.53470866397362,37.614532637371383],[-118.46123906293235,37.540424460120789],[-118.40211625206337,37.489589663632103],[-118.32466968076113,37.440225369305381],[-118.29839343041243,37.423449853827719],[-118.26275462332717,37.39427218191571],[-118.25413228777484,37.387207872345471],[-118.22329460316337,37.343963037364347],[-118.19840981086406,37.293976869037351],[-118.18445369518184,37.251693582892585],[-118.17867106791545,37.223216247232074],[-118.18014698219741,37.203170032371133],[-118.17470780242309,37.195611959924065],[-118.1632905466214,37.178751414446253],[-118.1356340653598,37.109577211119472],[-118.08869400692282,36.987844972667403],[-118.06570390720952,36.918375898728812],[-118.04611487080462,36.874765073849119],[-118.00674105965214,36.767641466780333],[-117.9944537556363,36.73414563621219],[-117.96205269137857,36.670886369310551],[-117.93356885631761,36.630287177910986],[-117.89737425831532,36.589366476181965],[-117.85541297622785,36.556982554801095],[-117.80210415828026,36.532379723345628],[-117.74681054916749,36.513696894196357],[-117.71012967604366,36.511054201290392],[-117.66460747615406,36.511983522921298],[-117.61257222322951,36.520946011749118],[-117.59400123556856,36.525194056560508],[-117.5635412608205,36.530527724275089],[-117.52322784698754,36.53099649409296],[-117.48833663193,36.529164605662061],[-117.44709239190036,36.516238880120284],[-117.41956812536864,36.502284494733715],[-117.40756440727154,36.496195058355283],[-117.36401700887785,36.462512545617528],[-117.31506825529573,36.410412466861885],[-117.26944560563015,36.356433856337446],[-117.24150092762568,36.313200470625247],[-117.21855374356039,36.273928244193144],[-117.18691450669911,36.217870771618891],[-117.17681588904202,36.199561380553348],[-117.15778196366665,36.165025144994502],[-117.11488131182307,36.114211181301016],[-117.07538264419367,36.071229328770585],[-117.04206553229847,36.044156360028069],[-116.99287737738905,36.010274313808566],[-116.94547770423264,35.990794208685827],[-116.92662694197975,35.982091899121883],[-116.87018346869212,35.966768839110671],[-116.83885486935668,35.965096674771758],[-116.73833754264342,35.968881995907452],[-116.68069943333217,35.968197494019194],[-116.67195454536596,35.967525679766368],[-116.65165203001715,35.967320307885927],[-116.6322908692282,35.96088364596352],[-116.61743546117754,35.954335791863343],[-116.59029213037746,35.941737188420575],[-116.57496221843161,35.928149521383375],[-116.54389776706824,35.903749368338708],[-116.51281973324404,35.871732946818099],[-116.4815224366111,35.829193823336311],[-116.45170305165448,35.771398579081222],[-116.4336973409595,35.733011978919762],[-116.41878381781891,35.70613101183676],[-116.40024343768448,35.681841470907216],[-116.38009509131535,35.662515508683839],[-116.34712558717609,35.635998526910555],[-116.32240360724063,35.61309984328318],[-116.3025543016397,35.589294750952035],[-116.2838340283177,35.566261272439817],[-116.27269067813228,35.546681797626889],[-116.25370542586467,35.505292423206811],[-116.24239048233488,35.464447117040891],[-116.22103442379961,35.377474402321866],[-116.20478084965646,35.350064097879851],[-116.18096944228591,35.30712723483407],[-116.16093858784552,35.275658700088968],[-116.12939753986456,35.242491747096494],[-116.10350774528621,35.217843164430519],[-116.07710738219987,35.19671939268585],[-116.05505052516156,35.175037718416036],[-116.03569405703507,35.15423044058241],[-116.02454220465899,35.139611001146818],[-115.98736681862374,35.102809108953295],[-115.95863578601268,35.077199044900055],[-115.92626086594618,35.046861755665532],[-115.90340743530487,35.021884404241916],[-115.81056199384091,34.93579557110877],[-115.7959041263743,34.925533632071506],[-115.74849720108494,34.898697047430858],[-115.68721065195001,34.874708454731433],[-115.65284713029081,34.865630893151263],[-115.6005352800791,34.861623542892232],[-115.54330960615334,34.867045623856484],[-115.51557610875039,34.874482822923994],[-115.49042735733661,34.883284062409587],[-115.47338150834992,34.891849779343886],[-115.45522172670127,34.901835620217753],[-115.43767344357451,34.914155905970347],[-115.40765536240502,34.929924296768945],[-115.38740750785018,34.943328269184349],[-115.35801920302379,34.955908278244522],[-115.3344945040181,34.962542005009595],[-115.30474164191321,34.979452229936498],[-115.25184333030541,35.010238295261161],[-115.22220993863772,35.036274297121167],[-115.19570420378597,35.054408279918221],[-115.16451077615136,35.074582301931741],[-115.09244018296806,35.118795027768385],[-115.06373728384852,35.137273054308082],[-114.94724043429858,35.264605202068481],[-114.92829777572172,35.26862414728663],[-114.90972728358724,35.270618707787207],[-114.8841837154061,35.273326888425231],[-114.86618189427895,35.275215428749107],[-114.84926033789424,35.28596147464242],[-114.82373429120452,35.300387558938723],[-114.80179933007497,35.304408751562676],[-114.73723447509093,35.308115373026112],[-114.69117722265065,35.305246694879145],[-114.61425939875221,35.30761961455363],[-114.52909611639262,35.310358821802254],[-114.51595717058694,35.291645367140006],[-114.51971076094281,35.259246871346079],[-114.51582675090378,35.237916468670164],[-114.52277520980806,35.212306642937278],[-114.52582909793449,35.200794398043115],[-114.52568495909355,35.182495553327158],[-114.525835804179,35.165368491063077],[-114.53936327419569,35.142304845692138],[-114.56183294973079,35.131154338701833],[-114.58203613585897,35.122827711929403],[-114.59338682564146,35.114784834752356],[-114.60040539299445,35.101371277362603],[-114.59395278699151,35.081704335386803],[-114.58043395496304,35.069350752235493],[-114.58454925984046,35.050325754430048],[-114.59701710185772,35.040869035077947],[-114.6104502392871,35.02809817638979],[-114.61737695438291,35.021510681972472],[-114.6271727217437,35.001511612271145],[-114.62149733683259,34.973164699891015],[-114.60396741336541,34.956618227349338],[-114.55314625959215,34.943309020095228],[-114.53528130268995,34.933599985151261],[-114.52873092958868,34.926411171638335],[-114.51649421783384,34.92019016714255],[-114.50345248694271,34.920210853348237],[-114.49027539729173,34.917322327163731],[-114.48657441817483,34.909647784417757],[-114.48924682198322,34.901378629720057],[-114.49818742311106,34.890920085393702],[-114.50154374964427,34.883022569236232],[-114.49983287758522,34.875010224042683],[-114.49399483139632,34.87063059402675],[-114.48310934921705,34.868574147578897],[-114.47596897768614,34.864903620405812],[-114.47436968721127,34.856140018447149],[-114.47051500676213,34.850201706843336],[-114.46382820200989,34.845965426063628],[-114.45961527032841,34.837401852213759],[-114.45885374870153,34.826054604136743],[-114.45555309200154,34.817580559595228],[-114.44699052539238,34.812930088852568],[-114.44099326862442,34.809064655209738],[-114.43527254439238,34.80393128989715],[-114.43270257336502,34.793624293026767],[-114.42861289736726,34.785528518626279],[-114.4193251633256,34.778656179239306],[-114.41383380938277,34.773239479818187],[-114.41206108824861,34.762553716380978],[-114.40932849821161,34.75276326671144],[-114.39967672400155,34.744878070366724],[-114.38957588142176,34.737556737253669],[-114.38681080607381,34.731189765595275],[-114.38903682958596,34.723489280106264],[-114.39325560686075,34.716671654573247],[-114.39475340614473,34.710803199608051],[-114.38765404459843,34.701265318239905],[-114.37827333414702,34.689672780974092],[-114.36811691076679,34.68089641134037],[-114.36718953886611,34.667628504551885],[-114.36639256956141,34.657267765994675],[-114.36201336762281,34.645561075982926],[-114.34964212808171,34.634963132242831],[-114.34155775528615,34.629741014636181],[-114.33214792658549,34.620349621138132],[-114.32147261327043,34.60702300390858],[-114.31964048112326,34.592446048446448],[-114.32082928684207,34.569793695422732],[-114.31996330266423,34.555542234286747],[-114.31447099364141,34.545245603002229],[-114.30514482167615,34.538525213967489],[-114.28663164963092,34.512469130246188],[-114.26446168216086,34.481076785165556],[-114.25042903417256,34.469537084868648],[-114.22309869205094,34.45779668556861],[-114.19583844129102,34.447502877256056],[-114.1810692836205,34.430471315798627],[-114.18030013304468,34.41650226786544],[-114.18217822234703,34.402527591974831],[-114.17551282056019,34.38730620032095],[-114.16949489287498,34.379537083969296],[-114.16783074869005,34.37152428281945],[-114.15848550839945,34.365777408100939],[-114.14808224989588,34.361382536375004],[-114.14703278243695,34.349852606312766],[-114.14894907134254,34.337824958155352],[-114.14384049674152,34.32953752473702],[-114.13331724799258,34.324353532089901],[-114.12727403766667,34.314028049654837],[-114.12953503941048,34.303406924090325],[-114.14321681960053,34.287210529742197],[-114.15379515092542,34.283604366148609],[-114.16884031322985,34.273027200345098],[-114.17871146805976,34.261123729676456],[-114.18349040785603,34.246418781801367],[-114.18801610665798,34.232487838143243],[-114.19592971798204,34.219814503736416],[-114.21307716607834,34.210703473886269],[-114.22979768621423,34.201661295232668],[-114.24187153434377,34.195230853920805],[-114.2491925158219,34.185578854880305],[-114.25389747019204,34.17783219729813],[-114.26638010066108,34.1694999317765],[-114.27868767629519,34.160463869412069],[-114.2939839077311,34.154650588753725],[-114.3061399449025,34.150392394193716],[-114.31676848178,34.145294588074819],[-114.32942098608959,34.139485568404325],[-114.34934699037126,34.134632160246042],[-114.36302300770564,34.131205566084077],[-114.37185904016252,34.124211444102912],[-114.38381104724198,34.115587189397331],[-114.39100862644693,34.103747949208525],[-114.40467360190519,34.086046600570228],[-114.40867451661563,34.077313105215694],[-114.40541590771795,34.069454366925527],[-114.39762643341317,34.066394586441049],[-114.38607323429227,34.069465130011793],[-114.37021326283178,34.072903045738997],[-114.35982722904333,34.073576273726076],[-114.35691948074941,34.067120620820049],[-114.36876731306103,34.056320013957532],[-114.38282861704698,34.049164335965372],[-114.38817097311187,34.038739607946582],[-114.39998758995529,34.024281143559961],[-114.41227848316544,34.018886592642161],[-114.43258896111161,34.013946657112569],[-114.43885112398016,34.011813930168785],[-114.44555761489198,34.009529351798221],[-114.46284978009322,33.995952678073706],[-114.475327358171,33.982467577816521],[-114.47948379893813,33.961994640040643],[-114.47486862029058,33.941565627851503],[-114.47256023866407,33.925131581357448],[-114.47275660293485,33.909950588149172],[-114.47556449680405,33.901784666629112],[-114.47409876824355,33.885206834727683],[-114.4716059869267,33.866245111422813],[-114.46548973906016,33.846809535331829],[-114.46332351057151,33.838036169433735],[-114.46877489144805,33.82283152405563],[-114.47486947014988,33.81556399917929],[-114.46992096587985,33.806172418622282],[-114.4614867720968,33.7915276093118],[-114.45712233073095,33.780938467236524],[-114.45706259326403,33.780284521613453],[-114.45669273718005,33.776235476985732],[-114.45557644379778,33.764012247867015],[-114.46111058658425,33.749160446997109],[-114.46339461726774,33.738891329571231],[-114.47313729315152,33.725143165025088],[-114.48287644279355,33.711394395235232],[-114.48191908479788,33.695099540411491],[-114.47661630429894,33.687182268846698],[-114.47358105192399,33.682649692029713],[-114.47291509675426,33.681655132678259],[-114.46708783793332,33.675298255909809],[-114.46393957225342,33.67186330794533],[-114.45958166176422,33.661276049050457],[-114.45918455622228,33.655222698868499],[-114.45889369658681,33.650788342408134],[-114.45973182606286,33.642354163913581],[-114.4698969467866,33.638651851102111],[-114.47992841026786,33.632045595927536],[-114.49049955690901,33.622906755442443],[-114.49185744236706,33.609505812843054],[-114.48997672434632,33.597151896942535],[-114.49067781602838,33.585815330113462],[-114.49497959892932,33.577270305680088],[-114.50625174911892,33.573371883105949],[-114.52886821109905,33.575311673994634],[-114.52451689983502,33.562410413609769],[-114.5278119447654,33.554525381840961],[-114.53834736493889,33.542947985561113],[-114.53813583989705,33.530305863924525],[-114.54175534313453,33.521388797155339],[-114.54104275811676,33.502007084159686],[-114.54119658895138,33.493203254626565],[-114.54754698610446,33.490639266788776],[-114.55659131683575,33.489557944443618],[-114.57502622537999,33.488795722244845],[-114.59188168699023,33.486354239156867],[-114.60234581610649,33.481608294587204],[-114.60765044201423,33.474833131443916],[-114.60698566135915,33.462757010727501],[-114.60039677838859,33.450249243308008],[-114.59750291382835,33.43856167378226],[-114.60399330304847,33.427191545153732],[-114.61769925161911,33.423829098733961],[-114.63323664075835,33.425509699612974],[-114.64835597195054,33.430187298405144],[-114.66219974881932,33.429721134822557],[-114.67009693042894,33.426390688979154],[-114.66886533136989,33.414413223891245],[-114.66317598988002,33.403214976390075],[-114.66185290278918,33.393204800760998],[-114.66742448525179,33.380526827651011],[-114.67615109539668,33.371198088121332],[-114.67886523764059,33.363408147967732],[-114.67120562903654,33.348947642120038],[-114.67134413092685,33.340145655297817],[-114.67948526263473,33.32848049417953],[-114.67651323619685,33.309495017081417],[-114.6706220130954,33.299798310044025],[-114.65763836761653,33.282565632298144],[-114.65318896729696,33.271641778745163],[-114.65175366909654,33.261166171581579],[-114.64341309114121,33.250923195649023],[-114.63702332076963,33.234488738164771],[-114.62934270400257,33.210480263253601],[-114.6336839545508,33.185833839859868],[-114.63582244704827,33.164010468408435],[-114.64228383313235,33.152642831801302],[-114.65482959510967,33.137771664930426],[-114.66130895144693,33.128836721437608],[-114.66464065004595,33.116553297097028],[-114.66436323527506,33.099053141189586],[-114.66378530035132,33.085018324935788],[-114.65719606304782,33.07710729556527],[-114.64404476505382,33.061377767170256],[-114.62881731376797,33.048935831023812],[-114.61515745095556,33.049864663423534],[-114.59916294541358,33.050712507376375],[-114.58597483097361,33.041808435810708],[-114.57562401103922,33.039717679327509],[-114.56255960913859,33.04540906857369],[-114.54092153400154,33.049181886434951],[-114.50839405384249,33.05338280677114],[-114.49134948638965,33.047575747622716],[-114.46526464324864,33.035540618904463],[-114.45529281471158,33.023142672196627],[-114.45596087429487,33.006950414729886],[-114.44724991685013,32.999692918193659],[-114.4375961794201,32.983830356685644],[-114.43481147367055,32.965315947173281],[-114.43242492297179,32.961403832420956],[-114.42325854074903,32.946374014349317],[-114.41751072174236,32.932271173376023],[-114.42377254466714,32.922418829665332],[-114.42089487240042,32.905871152032091],[-114.42811689158123,32.890494648908998],[-114.43826612128441,32.882401961881101],[-114.44851099838382,32.872343273223521],[-114.45040027435317,32.856429909912492],[-114.45840964638802,32.844323151991944],[-114.47410050213642,32.837697553299506],[-114.48292025416634,32.831291823558843],[-114.49424134456234,32.818604762799623],[-114.50914216387974,32.811136451685968],[-114.51362703436013,32.803535272934539],[-114.50837386226391,32.779709900891248],[-114.50517154373171,32.768851167247647],[-114.50952906391512,32.760530732307529],[-114.5180869072849,32.755951049001737],[-114.52953492529656,32.757963024873732],[-114.53831446414119,32.763989226321769],[-114.54748757778947,32.766397235743909],[-114.55640119565862,32.766998308425229],[-114.56665441397001,32.764123685759557],[-114.58032748242732,32.7550936335644],[-114.59973853400612,32.746175911189425],[-114.61065392763663,32.741337789707302],[-114.63413437100439,32.740136076019155],[-114.6527450988072,32.741978285069877],[-114.66491680396729,32.738739819187344],[-114.67099323435025,32.731823636951333],[-114.67744771633903,32.721186579896823],[-114.68113866171984,32.708113225245199],[-114.69150422244189,32.690574151176179],[-114.69719280760194,32.678609205550458],[-114.69618850589478,32.669286975313696],[-114.69133736312875,32.656625043411054],[-114.68936663016581,32.641628402229003],[-114.68882820695615,32.628936722551771],[-114.69566728671589,32.616403939590214],[-114.70207666320738,32.610887762560253],[-114.70916283079998,32.615115527659498],[-114.7195651297269,32.627525082816362],[-114.73378097411262,32.639625172263948],[-114.73809140309572,32.639593152801808],[-114.74112254736764,32.636133612875994],[-114.74044060135265,32.626389191408123],[-114.74046147281871,32.612501512334973],[-114.74308807415525,32.602171633114438],[-114.74756009062565,32.594072317183759],[-114.75612668260027,32.581593438686298],[-114.76102898779749,32.575243892291837],[-114.76095099589173,32.567950625221215],[-114.76319914902149,32.561340908556133],[-114.76419587304105,32.546184910205511],[-114.76575067495367,32.536775551850269],[-114.76873718407376,32.529669473267631],[-114.76770652143875,32.518527168094408],[-114.76617663794144,32.50710842661266],[-114.76836947826877,32.499412785771483],[-114.77545629157459,32.496692957114305],[-114.78849647832976,32.493645124123248],[-114.80009824983432,32.495235466343729],[-114.80783592768586,32.491666782895777],[-114.79640780987251,32.490777136655595],[-114.75822540977481,32.479295361691641],[-114.60976902621957,32.436153583621035],[-114.49476595238679,32.402317083566629],[-114.3987123261129,32.377667152816912],[-114.30869151130418,32.349525706746022],[-113.88717862709194,32.225988456102414],[-113.5874409023757,32.140149533774036],[-113.15105459399427,32.008770450296083],[-112.89179463781227,31.930342188940926],[-112.65585532266499,31.854762699239245],[-112.44589628468577,31.790949390601952],[-112.21398072792823,31.7175937165768],[-111.99114717630113,31.647263815173005],[-111.64893433015516,31.533518490885683],[-111.55191808575103,31.505428090334135],[-111.35788330187285,31.442260205344269],[-111.13443338279433,31.370495873585753],[-111.02122258495427,31.331782648650346],[-110.97731642900993,31.319736682202176],[-110.92211206142247,31.324711039283102],[-110.81461777808795,31.326446257788632],[-110.81618792603194,31.331336534553486],[-110.79152215912029,31.331507791551417],[-110.6259642648389,31.332329867229646],[-110.55737599410679,31.332375646319065],[-110.488787724274,31.332837226956485],[-110.45610339065894,31.33284485770406],[-110.27607253222158,31.33294786335324],[-110.21981336599401,31.332976476183489],[-110.14586925835954,31.333140510726025],[-110.11586284409492,31.333094735233885],[-110.04285639480673,31.332910788801939],[-110.02637428134796,31.332862293759888],[-109.99155709308536,31.332751418143459],[-109.48569761525272,31.3320781460896],[-109.41816982957397,31.332360436984629],[-109.40210232156483,31.331988504366052],[-109.38441738195655,31.332030466732704],[-109.36780055724989,31.332095316845425],[-109.27883416876182,31.332246001851559],[-109.22683983499036,31.332333742408309],[-109.15268551622358,31.331179296187599],[-109.05157185625615,31.329521389700403],[-108.23327233505017,31.347415922606785],[-108.23387226109594,31.78556359008769],[-108.14487795495364,31.791297263657839],[-107.79846063974668,31.793801935810734],[-107.41523706433901,31.796233501175209],[-106.72394369744364,31.797758860183308],[-106.56073178544352,31.794623023134079],[-106.50962144297517,31.792734599722053],[-106.5051300623025,31.789387941800101],[-106.50143553761995,31.785962150732701],[-106.49703731232205,31.783295505283377],[-106.49263938739779,31.780628692560185],[-106.48753768541582,31.778720890556713],[-106.48234396030551,31.776132537386729],[-106.47667698585417,31.776003840804663],[-106.47122387738,31.774474824253787],[-106.4654649193705,31.773665207783154],[-106.46005823210169,31.772475788726695],[-106.45460569919362,31.770945931309711],[-106.44840301208933,31.769834539232647],[-106.442690594895,31.769363866449339],[-106.43716198293913,31.770253579239352],[-106.43140369402522,31.769442127252432],[-106.42635012016189,31.767871606989104],[-106.42135720826849,31.769741827223584],[-106.41592001059996,31.771310798854358],[-106.41051424873353,31.770118867092094],[-106.40492547932735,31.767565919331787],[-106.40017920470649,31.765274670689564],[-106.39508078525,31.76336249618231],[-106.39081129700372,31.758611385906761],[-106.38787384230392,31.754763541204511],[-106.3852433990636,31.750196229872188],[-106.37869791827427,31.74049825389136],[-106.3760684975631,31.735930847230861],[-106.37105126440429,31.731597392905428],[-106.36696739982563,31.728206320165611],[-106.36274714496471,31.723794586151257],[-106.35786811422207,31.720481132098598],[-106.35347852781177,31.717808899161412],[-106.34864577977891,31.714835233259464],[-106.343858896271,31.712201538969907],[-106.33827648507167,31.709645383327825],[-106.33424065238415,31.706593372985822],[-106.3308192122368,31.702102853863664],[-106.33000155222982,31.695979764854314],[-106.32927485055387,31.690537077724002],[-106.32854825229998,31.685094443653725],[-106.32667381964103,31.680108496110279],[-106.32409488417153,31.675880508878436],[-106.32270944438534,31.671536081924671],[-106.31968793095319,31.667006711190822],[-106.31433623722751,31.666150294000943],[-106.30924643417558,31.664234380112589],[-106.30547590868622,31.660122332579647],[-106.30563716432363,31.655282692142578],[-106.3058436882356,31.650783248148457],[-106.30560728614728,31.645982437739349],[-106.30492803899779,31.640880269908564],[-106.30155644737209,31.636729538037798],[-106.29593560814175,31.633831404395835],[-106.29181493880833,31.630097966048368],[-106.28708039134693,31.627802299936263],[-106.28415300905408,31.623952593637341],[-106.28272555743848,31.619267960348168],[-106.27987116592152,31.609898765715513],[-106.27729710297888,31.605670237991148],[-106.27432591380983,31.60148030377303],[-106.27214981616106,31.597213103402055],[-106.27355019998168,31.592598405891749],[-106.27756007014108,31.589452571978654],[-106.28249970889442,31.587249659244435],[-106.28606646509525,31.583802074006542],[-106.286273932396,31.579303312597858],[-106.28224689957472,31.576250125942636],[-106.27843694241091,31.571797742571789],[-106.27339929464171,31.570220580815203],[-106.26836185371656,31.568643185234862],[-106.26235816859457,31.568881834728927],[-106.2567516951346,31.569081593041119],[-106.2516696586278,31.567163295949399],[-106.24676019662576,31.56350567314837],[-106.2457333048481,31.558782599237588],[-106.24545591885555,31.553642437748351],[-106.24478142192504,31.548540835591155],[-106.24176921827478,31.544010373080312],[-106.23743126913774,31.538575001035497],[-106.23265898882124,31.535937234615744],[-106.22823922835767,31.532920726810119],[-106.22285290084068,31.531719833303725],[-106.21768447186088,31.529119851899679],[-106.21286862928378,31.526141146197006],[-106.20884722711781,31.523085504392554],[-106.20702914238097,31.518439178625272],[-106.20521127438076,31.513792865448409],[-106.20414279255579,31.508729772261233],[-106.20351614855139,31.503968467271022],[-106.19966949185351,31.499173822613898],[-106.19490090685133,31.496534571413406],[-106.18885786829594,31.496428937045835],[-106.18343001008685,31.494886040358551],[-106.17791308841828,31.492662679738942],[-106.17354252087063,31.489984252271483],[-106.16947993065423,31.486587252100037],[-106.16537311627627,31.482850025808091],[-106.16280946928157,31.47861981815015],[-106.16178878462466,31.473896751433983],[-106.16142813400114,31.468077092783631],[-106.15807166807298,31.463923269043676],[-106.15282473277517,31.463739238075448],[-106.14748884463444,31.462874772852558],[-106.14131509681425,31.461746179442684],[-106.13602391037512,31.461221228976569],[-106.13068838106392,31.460355922887572],[-106.1254417533342,31.460170538439627],[-106.12015078003446,31.459644798368799],[-106.11503490743502,31.457380295564235],[-106.10983069173301,31.454435363001664],[-106.1049792935595,31.451112121627148],[-106.10039219084689,31.446730440257681],[-106.09492530026239,31.444843078045665],[-106.09020781833613,31.442539509590745],[-106.08421218664307,31.439669244140362],[-106.07874618279004,31.437781075236501],[-106.07345704680523,31.437253026605958],[-106.0682121107003,31.437064820085425],[-106.06230617199219,31.43797229358654],[-106.05728156619131,31.436385313931169],[-106.05221310495079,31.434457993941294],[-106.03528991269928,31.43090386062471],[-106.03026631323974,31.429315622817796],[-106.02484627463582,31.42776482468696],[-106.01867709087503,31.426629173397657],[-106.01175869181014,31.425908529555045],[-106.00625155926201,31.423676559725493],[-106.00047959435778,31.422502253776031],[-105.99268090020337,31.421175293305168],[-105.98792410711184,31.418527166695412],[-105.98572504527459,31.41391559163128],[-105.98467219276745,31.408851342815296],[-105.98401601502701,31.403749618350275],[-105.98340365855199,31.3989880543553],[-105.98239488901288,31.394264044250292],[-105.98094605331767,31.389237474330002],[-105.97954111533016,31.38455103700079],[-105.97694708743808,31.379977104859563],[-105.97325152673653,31.376195780311036],[-105.96858892324019,31.371128888387545],[-105.96515963021272,31.366289611276613],[-105.96115618930668,31.363225601280533],[-105.95746218802952,31.359443856748669],[-105.95306308859062,31.356416997746294],[-105.94936980317385,31.352635025685913],[-105.94435742725341,31.347944786922426],[-105.94062144382451,31.343822488916771],[-105.93640262428164,31.339057255687862],[-105.93350339526546,31.335200195632581],[-105.92937240261426,31.331114931708782],[-105.92480222424319,31.32672675183818],[-105.92005349357385,31.324076099932142],[-105.916010592215,31.320670572389076],[-105.91090976977,31.318396880311809],[-105.90647143740688,31.315028266341471],[-105.90278236891118,31.311244996559367],[-105.90023860143026,31.307009964038684],[-105.89963211662882,31.302248877583679],[-105.89942174541716,31.297450642832928],[-105.90145751555184,31.291409072870465],[-105.90168636063697,31.28691381611975],[-105.90103663193497,31.281812877662219],[-105.90194572781303,31.266930105040387],[-105.90019517226938,31.262621063711151],[-105.89369470164911,31.258758164357857],[-105.88807301166014,31.255500700297148],[-105.88293404267188,31.252885925944781],[-105.87792499963899,31.251291061932989],[-105.87322562466284,31.248978777248794],[-105.86839707376589,31.245646148750836],[-105.86405096957657,31.242956362845916],[-105.86072001022023,31.23879510081332],[-105.85743250070931,31.234973814889713],[-105.8568291860181,31.230213206874055],[-105.85609668731223,31.224432529337832],[-105.85509786967089,31.219709041738952],[-105.85247354092115,31.214793617231692],[-105.85112250290115,31.210447227957275],[-105.84823225901152,31.206588879173466],[-105.84565182796945,31.202013446963065],[-105.84201405140732,31.198568986869304],[-105.83718994855724,31.195235290876042],[-105.83350989306706,31.191450566890182],[-105.82916800400017,31.188759657732078],[-105.82253919113072,31.186970041034613],[-105.81753560878127,31.185372540210608],[-105.81253223057797,31.183774809160184],[-105.80713355986586,31.182213685013608],[-105.80094411887598,31.180725925760896],[-105.79423105212135,31.178254508738632],[-105.78799940864576,31.176425975678285],[-105.7829544700727,31.174486844892044],[-105.77759974563173,31.173264274127007],[-105.7717643497449,31.171398073862065],[-105.76676280435987,31.1697982240089],[-105.76136601323088,31.168234809289061],[-105.75702790131658,31.16554107266245],[-105.75366333609406,31.161037094286542],[-105.75254372871007,31.155293190028772],[-105.75115669082857,31.150606052127671],[-105.74823102084491,31.146405442057528],[-105.74317661600799,31.147561374857617],[-105.73759911780502,31.147733556358617],[-105.73123087540455,31.14797854967037],[-105.72477764886935,31.147543088043108],[-105.71850763761734,31.145370543615741],[-105.71381935128198,31.143051702873834],[-105.71050064878585,31.13888660163542],[-105.7070551391833,31.133701334648947],[-105.70329954603716,31.129232519765026],[-105.70156302171603,31.124921465753118],[-105.69753994231445,31.121509046705171],[-105.69316430438909,31.118472933679016],[-105.68861982144756,31.114076553789971],[-105.68534596904118,31.110250944825282],[-105.68242534785151,31.106048876954162],[-105.67985793899265,31.101470392444696],[-105.67733306806662,31.097231907426647],[-105.6740604747111,31.093406085322613],[-105.67114108739122,31.089203859170823],[-105.66980229633884,31.084856331354672],[-105.6688165107733,31.08013250561072],[-105.6677042922193,31.074388705674266],[-105.66597094880024,31.070077577018594],[-105.66191008798012,31.066324205197986],[-105.6578496156672,31.062570706572899],[-105.65387376416282,31.059497080126221],[-105.64906626189844,31.056155804646721],[-105.64399045589477,31.053870549985959],[-105.63847798497102,31.05128125972243],[-105.6270762145956,31.043041872584411],[-105.62195993370392,31.040415627379332],[-105.61759176464818,31.03737691621177],[-105.61349299560521,31.033281953999051],[-105.61018428907363,31.029114690790379],[-105.60643924587447,31.024643447736992],[-105.60356793091523,31.020779971018897],[-105.60293983090844,31.015680136928836],[-105.60318500408465,31.011188202273786],[-105.601061906182,31.006912663388732],[-105.59819150583331,31.003049186670694],[-105.59563240221354,30.998469678732761],[-105.59087293903485,30.995466173325269],[-105.58607205757937,30.992122494857313],[-105.5810022428592,30.989834529639893],[-105.57699136006318,30.986418523196335],[-105.57156929079008,30.984506068999963],[-105.56610579244835,30.982253367998567],[-105.56174303641194,30.979212732281837],[-105.55671423797168,30.970732353815151],[-105.55376409203916,30.966188039046813],[-105.55046139837481,30.962019515888016],[-105.54755354036354,30.957815079202589],[-105.5432344437146,30.955113803559243],[-105.53856273997843,30.952788151352138],[-105.53420269359941,30.949746573145887],[-105.53059034087153,30.946293303293373],[-105.52548361797454,30.94366293829404],[-105.51935986796349,30.942499435900288],[-105.51429521535186,30.9402085146113],[-105.50852488991171,30.938668702598591],[-105.50346080027566,30.936377281286582],[-105.49835563500454,30.933745659034969],[-105.49395685842222,30.930362581268184],[-105.48964112343907,30.927659274056282],[-105.48493133791089,30.924991421716811],[-105.48092796625258,30.921572249659619],[-105.47727798768892,30.917777405602862],[-105.47437569917912,30.913571361828929],[-105.47182675520054,30.908989754873346],[-105.46857206015244,30.905159151074031],[-105.46461162392728,30.902079464995381],[-105.45896863709288,30.901556938202191],[-105.45280800858268,30.900049722117046],[-105.45104919636327,30.895396765648286],[-105.44846107072181,30.890474824653495],[-105.44481411298091,30.886679118146844],[-105.43853166410497,30.884151260572253],[-105.43303792785804,30.881552217161129],[-105.42766766762873,30.87997276393196],[-105.42300387522863,30.877642380391592],[-105.41821737573127,30.874291937223177],[-105.41426047833835,30.871210571210952],[-105.41022198006027,30.867449171142368],[-105.4066188822556,30.863992285115899],[-105.40364053088575,30.859104902369381],[-105.39929093283024,30.856058378791204],[-105.39521305144115,30.851956587126836],[-105.3912581847174,30.848874508851566],[-105.38647479867296,30.845522839907176],[-105.38212661974768,30.842475701192711],[-105.37777877986679,30.8394284032982],[-105.37681366701707,30.834704421971537],[-105.37207253292104,30.831692141878875],[-105.36703290934128,30.832829289640074],[-105.36207459616566,30.834646089245666],[-105.35703463713878,30.835782765762076],[-105.35108454981207,30.835969564843595],[-105.34611301930039,30.834351009991167],[-105.34070710814649,30.832427341248831],[-105.33596750019996,30.82941345136976],[-105.33126884827868,30.826739319963679],[-105.32661108763153,30.824404946131438],[-105.32147860455393,30.821425469709709],[-105.31678092659843,30.818750740254529],[-105.31247744577746,30.816040857199823],[-105.30765894840169,30.812345907137967],[-105.30260889268624,30.810045487209493],[-105.29709491989462,30.810534252553737],[-105.29158087875453,30.811022729215608],[-105.28658180920308,30.812495930243017],[-105.28138070335672,30.812269096041973],[-105.27511902702145,30.813166355942599],[-105.26960466392404,30.813653685069539],[-105.26377692936177,30.814855440126507],[-105.25546481764718,30.815245464406701],[-105.2494758166556,30.81508654071132],[-105.24662976814926,30.811215170643663],[-105.24492538559804,30.806899675779448],[-105.24436251162058,30.80214012536652],[-105.24206368079422,30.796159560015724],[-105.23996608766475,30.791878823948593],[-105.23826249291966,30.787563408224742],[-105.23392328832904,30.784510548922754],[-105.22927093260739,30.782172092168366],[-105.22426522515997,30.780208025879745],[-105.22063424387522,30.776405507907896],[-105.21526855579918,30.771381460585985],[-105.21167846398987,30.767918657919779],[-105.2080486617163,30.764115809896737],[-105.20285099307881,30.76388512120144],[-105.19761951263035,30.766748305390024],[-105.1932549768357,30.77022215442895],[-105.19137224793087,30.774508753176463],[-105.18952926726183,30.779135330730981],[-105.18607103764822,30.783559898070905],[-105.1810663212537,30.781593771435439],[-105.177477272658,30.778129724107544],[-105.17274722090747,30.775108859985949],[-105.1673097966098,30.772836578045712],[-105.16301400319367,30.77012086918279],[-105.15828499016015,30.767099408810736],[-105.15430392438657,30.763669060878499],[-105.14988976310207,30.759932967732311],[-105.14594918120969,30.756842327011839],[-105.14420797142071,30.748751792061626],[-105.14136951858836,30.744878156601715],[-105.13739031890805,30.741447341022024],[-105.13262433564455,30.738084964749362],[-105.12935362367074,30.733905422197552],[-105.12565007968738,30.729420114646643],[-105.12234046484053,30.72490048177184],[-105.11985781888319,30.720652284075697],[-105.11737544362177,30.716404068393103],[-105.11568022426292,30.712087405309546],[-105.11174338804688,30.708995816703634],[-105.10780686389563,30.705904104890578],[-105.10265090311663,30.702574826367197],[-105.09859649942888,30.698462991074223],[-105.09454252112045,30.69435103617144],[-105.09284903115781,30.69003422290109],[-105.09001523591439,30.686159716897464],[-105.086748954001,30.681979341573424],[-105.0824609136402,30.67926090416745],[-105.07671828012451,30.67769838876967],[-105.07101526444285,30.676475497846013],[-105.06417193808443,30.675694306247294],[-105.05886254127324,30.674436742861417],[-105.05347469390199,30.672499035702003],[-105.04844108858532,30.670187163806588],[-105.04380103379066,30.667841120371463],[-105.03876801213403,30.6655288078083],[-105.0344825321431,30.662808517798908],[-105.03161338814732,30.658592743360487],[-105.02988492894627,30.653935335247581],[-105.02819586274882,30.649617878062656],[-105.02536671430238,30.645741988901705],[-105.02285264963007,30.641152342906366],[-105.01923784714887,30.637344083662583],[-105.01566252220761,30.633875656636292],[-105.01244147979043,30.630033393126666],[-105.00847372488244,30.626598600744899],[-105.00482121292862,30.622450056025343],[-105.00085417567965,30.619015036115059],[-104.99610145921491,30.61564741769422],[-104.99288212011373,30.61180471441611],[-104.9896630957752,30.607961947286071],[-104.98962409397672,30.607622034129633],[-104.98507060522422,30.602520724252088],[-104.98149837125277,30.599051411393589],[-104.977494587705,30.595275789446191],[-104.97274430840309,30.591907296884301],[-104.96693244867356,30.589659287646043],[-104.96182894984611,30.586663898620088],[-104.95790444783199,30.583567443782556],[-104.95421776883495,30.579077648614657],[-104.95135598309213,30.574860496414829],[-104.94767008560592,30.570370560952654],[-104.94410096238948,30.566900234558204],[-104.94124016320291,30.562682923178386],[-104.93802567324622,30.558839009412793],[-104.9343800249182,30.554688664250534],[-104.93073475970135,30.550538230954658],[-104.92822926287016,30.54594732770704],[-104.92537007526875,30.541729788798762],[-104.92200251710244,30.536526045240862],[-104.91824277808172,30.531355719590863],[-104.91577726331002,30.527104599098038],[-104.91327338256053,30.522513587931769],[-104.91120097494502,30.518229001866985],[-104.9102291918237,30.513164396020102],[-104.90968865520722,30.5084062737306],[-104.90914818244261,30.503648203601756],[-104.90727600168611,30.497631020555218],[-104.90591229041985,30.492600034064367],[-104.90419491176573,30.487942343564328],[-104.90173151489745,30.483691321996957],[-104.89993747713282,30.478353974256549],[-104.89743607221692,30.473763106082515],[-104.89493495868135,30.469172227116644],[-104.89321874285065,30.464514612159689],[-104.89260254716976,30.459077279592805],[-104.89234017805671,30.453266827302286],[-104.89219335384018,30.448475920227565],[-104.89247725002502,30.44399152728721],[-104.89233043570101,30.439200723634542],[-104.89175299270642,30.434103519162136],[-104.89078349835972,30.429039726302392],[-104.88871477436732,30.424755631267431],[-104.88586210235411,30.420538206573042],[-104.8826176685705,30.416354069384852],[-104.88015767563621,30.412103251963572],[-104.87918919662411,30.40703961198858],[-104.87892799213307,30.401229834189564],[-104.8800887003332,30.390496636010994],[-104.87994273856651,30.385706416917685],[-104.87850588633756,30.379996846077631],[-104.87722284965474,30.37564641255193],[-104.87547132464186,30.370649764874827],[-104.87191442501069,30.367178603010188],[-104.86694400156438,30.365199450594218],[-104.86444811039195,30.360609015893431],[-104.85983175812908,30.358256546802238],[-104.85521568285742,30.355903888853447],[-104.85087681641193,30.352498557362594],[-104.84759878035936,30.347974248912521],[-104.84620321060964,30.342604498598803],[-104.84413917658168,30.338320398167866],[-104.84317391984047,30.33325730767865],[-104.84385183419477,30.328741097623606],[-104.84370818908161,30.323951527840791],[-104.84516919530211,30.319369071925166],[-104.8465535496066,30.314107180002395],[-104.84683955560098,30.309624331197995],[-104.84552118005837,30.304934509719885],[-104.84193034810704,30.301123151412355],[-104.83873135706642,30.297278555960645],[-104.83467336778165,30.292820727194851],[-104.83076847638404,30.289721657128837],[-104.82651058669421,30.286995284105103],[-104.82221487061975,30.283929038394433],[-104.81745187220611,30.280216274561496],[-104.81205881056565,30.277928280565732],[-104.80709551514587,30.275946710772132],[-104.8004528257373,30.273077788009573],[-104.79655025728852,30.269977589294342],[-104.7929253967896,30.265825155906271],[-104.79004562100857,30.261267007766264],[-104.78759544867097,30.257015584201895],[-104.78553683575632,30.25273120318252],[-104.78279563381142,30.242332237143103],[-104.78468782358414,30.238058274769628],[-104.78615066622024,30.233477582424541],[-104.7863639296516,30.22831639478585],[-104.78356175187332,30.224437838235701],[-104.77927111067316,30.221370290306709],[-104.77423642796873,30.218708072219783],[-104.76877310679339,30.215738829183692],[-104.76354996575827,30.211377744087656],[-104.76000516470657,30.207904107288755],[-104.75744485869325,30.202633502733988],[-104.75538929987624,30.198349088439727],[-104.75329618537063,30.193725010101161],[-104.75230074378425,30.188323171976833],[-104.75204959371376,30.18251610923113],[-104.75176071618409,30.176369474171963],[-104.75123202633694,30.171614340329597],[-104.74992162957949,30.166924869587092],[-104.74786740895371,30.162640675626733],[-104.74421230965032,30.158147989138456],[-104.74020451062961,30.154027630071141],[-104.73631018896401,30.150926074278971],[-104.73336252426105,30.145688357931419],[-104.73170051866396,30.141371327025183],[-104.73184176978179,30.135532141395288],[-104.73170526438639,30.130744641851777],[-104.73262786268566,30.124840136663011],[-104.73288198681422,30.120020027702196],[-104.73235480962671,30.115265446942885],[-104.7313994364348,30.110204043581803],[-104.73087241303142,30.105449569841824],[-104.73019490517072,30.09933675109022],[-104.72920223169763,30.093935930099121],[-104.72867545021182,30.089181631727001],[-104.72443188582281,30.086452431234761],[-104.72089440705122,30.082978519243341],[-104.7166138760295,30.079909454158042],[-104.71307703397792,30.076435335322515],[-104.71063672990113,30.07218401158292],[-104.70933039088482,30.067495167667914],[-104.7091953657735,30.062708435246122],[-104.70902283173825,30.057582183570958],[-104.70931570405645,30.053102491386937],[-104.7112073353502,30.048831821431463],[-104.71348905567532,30.044528499790488],[-104.71655107187445,30.04015983970487],[-104.71968787209761,30.036470236112564],[-104.72263651796089,30.031082844697551],[-104.7244893246226,30.026472621314497],[-104.72517138395216,30.021960528355748],[-104.72620593975228,30.017076243773658],[-104.72766808181649,30.012498825860177],[-104.72749445870227,30.007373238783998],[-104.72774851807964,30.002554528268888],[-104.7276124902242,29.997768580955324],[-104.72775378720746,29.99193145207488],[-104.72804535460938,29.987452428986444],[-104.7267769498963,29.983104280638088],[-104.72550868367875,29.978756163765979],[-104.72424055775548,29.974408079269494],[-104.72258264857032,29.970092713008341],[-104.72240944903683,29.964967652934888],[-104.72344343017011,29.960084083313859],[-104.72008264389888,29.943919834332917],[-104.71447549504802,29.943019249638724],[-104.71168693570348,29.939141471002131],[-104.70999297719413,29.934486813915385],[-104.70751975613183,29.929897442213246],[-104.70469455570912,29.925680139826625],[-104.70186965566006,29.921462807762396],[-104.69982440217439,29.917180250568151],[-104.6985212602479,29.912493064103671],[-104.6982749278456,29.906689799194908],[-104.69884522392789,29.901160879670897],[-104.69871111612508,29.896376098777978],[-104.700172617872,29.89180043544178],[-104.70202347390415,29.887192201359085],[-104.7018891979281,29.882407592236632],[-104.70058650566267,29.87772083564812],[-104.69850505806193,29.873099299692967],[-104.69486611507909,29.868608088992175],[-104.69391610994046,29.863549423167399],[-104.69331824783882,29.858118834616562],[-104.69318454742887,29.853334561840597],[-104.69297614573253,29.847871542837481],[-104.690933271853,29.843589598980884],[-104.68885328385193,29.838968265373182],[-104.68677353776854,29.834346944356071],[-104.68473134917241,29.830065023881787],[-104.68378245199852,29.825006753758714],[-104.68435317076217,29.819479044722186],[-104.68375629611614,29.814049002059846],[-104.68132564176494,29.809799762948728],[-104.67889524821709,29.805550510347814],[-104.67466857759274,29.802821207332897],[-104.66962674707668,29.799817337700006],[-104.66482554186524,29.79542332122935],[-104.66013643894547,29.79204722759755],[-104.65479851384032,29.786327829865513],[-104.65053655381888,29.78325832231377],[-104.64655256255071,29.77913819796953],[-104.64412497308899,29.77488846423131],[-104.64356829903772,29.769798153961688],[-104.64258564671019,29.764400932057413],[-104.63112039678884,29.749260536044972],[-104.62943522015922,29.744606790870762],[-104.62517648420737,29.741536568358015],[-104.62060324364472,29.739177150205364],[-104.61397526804416,29.735960875094349],[-104.60862506719309,29.733665485973461],[-104.60401585105063,29.730966055738918],[-104.60014761512031,29.727862692309429],[-104.59768718781345,29.723273101172708],[-104.59452331709736,29.719426536205731],[-104.59245220000901,29.714804732252617],[-104.59119558091129,29.710457913102232],[-104.58990224878971,29.705771811220188],[-104.58938638417425,29.701021417704339],[-104.58964784497203,29.696206745145219],[-104.59174175807561,29.690213362656607],[-104.59355734989174,29.68527010413203],[-104.5918757363761,29.680616508245294],[-104.58906555193363,29.676398730117342],[-104.58396137411808,29.672713105125752],[-104.58072659725462,29.668188044842452],[-104.57865761875405,29.663566570041212],[-104.57620042900658,29.658977225318722],[-104.57331833297468,29.654080701862938],[-104.56884621757882,29.648973246018556],[-104.56561326993642,29.644447990582364],[-104.5623806901167,29.639922688381432],[-104.55974173029659,29.633636912913232],[-104.55584329603124,29.630193414194764],[-104.55046525936422,29.627556396010903],[-104.54590080337931,29.62519438601214],[-104.53830345214254,29.623766521607763],[-104.5330727028429,29.622485692760563],[-104.52579105861042,29.620346450228567],[-104.52045119816421,29.618047210210648],[-104.51553640498105,29.61605508957075],[-104.50690877062323,29.612313896369301],[-104.50164285423432,29.61069226223816],[-104.49637715188402,29.609070369102312],[-104.49118443131641,29.608126744653589],[-104.4848271156788,29.607278181243146],[-104.47967098133068,29.606673254067459],[-104.47409037776868,29.605760533022249],[-104.46882556664656,29.604137263923633],[-104.46387666577544,29.601803506126942],[-104.4585398468364,29.599501197622203],[-104.45429550183593,29.596425134012748],[-104.44881453955929,29.59276529528222],[-104.44457093110356,29.589688888131718],[-104.4403638072439,29.586951596439064],[-104.43453212915438,29.583661958232824],[-104.42990142820832,29.580616601974668],[-104.42667917980026,29.576087831987934],[-104.42240124781932,29.572671393869769],[-104.41886378523549,29.568852516330594],[-104.41490256480148,29.564725808049673],[-104.41104981429748,29.561616750112989],[-104.40617725507622,29.559959006403062],[-104.40267711975326,29.556478952941404],[-104.39801326709858,29.553093143034175],[-104.39412579826694,29.549644305040715],[-104.39136667193435,29.545761865217969],[-104.38892394058735,29.541169499672719],[-104.38609356096902,29.536608527661485],[-104.38294736462916,29.532757389641858],[-104.37980147405875,29.528906194964975],[-104.375880125967,29.525117657853684],[-104.37023478740548,29.523521095022545],[-104.36501335238427,29.522232150693242],[-104.36007260296822,29.51989394934634],[-104.35368799470518,29.518698330363691],[-104.3476914358111,29.517471073231491],[-104.34219002744777,29.51722995689704],[-104.33707650927346,29.516957341807938],[-104.33072814009154,29.516099559447184],[-104.32550783192085,29.514808653696434],[-104.32032330507644,29.513856733001887],[-104.31506772639443,29.51222607057673],[-104.30942452732006,29.510626256696469],[-104.28741914567701,29.505889207321104],[-104.2818832797895,29.505305658829116],[-104.27599509189992,29.505092050058124],[-104.27042397078958,29.504168644167635],[-104.2648883513163,29.503584192756364],[-104.25931746492904,29.502660195111957],[-104.25378202981676,29.502075154644729],[-104.24831727242417,29.502168331603286],[-104.24345175939112,29.500503218848507],[-104.23809288278028,29.497850956256684],[-104.23425029281674,29.494735891748064],[-104.22998501429691,29.491312266248144],[-104.22681297593806,29.48711761058928],[-104.22328872079777,29.483292936919554],[-104.21909485384441,29.480547457798991],[-104.21437299491777,29.47647559737095],[-104.21120237119243,29.472280627848761],[-104.20841975097068,29.468054882626802],[-104.20598997525713,29.463459157214402],[-104.20472335479894,29.458771299855641],[-104.20190647220591,29.454206300680255],[-104.2006753111167,29.449857735046464],[-104.19979677869833,29.445139289047006],[-104.1951501543561,29.437983282802293],[-104.18997219885784,29.437025050665625],[-104.18578192109874,29.434278558908431],[-104.18113447297753,29.430884108315013],[-104.17683994310886,29.42711966134334],[-104.17321591897945,29.422276257243539],[-104.17159938220567,29.417958300035593],[-104.17037043704602,29.41360978926042],[-104.16984657565888,29.408521758772224],[-104.16925294666612,29.402755403838853],[-104.16679252205722,29.397820357023932],[-104.16225266163099,29.395442952430358],[-104.154579635142,29.39297037438331],[-104.14894812455628,29.391362346994754],[-104.14127590385982,29.38888881116975],[-104.13673731687362,29.386510345376166],[-104.13174221333242,29.383483750774531],[-104.12636021784976,29.380487351809904],[-104.12182255356794,29.378108287067846],[-104.1161233995752,29.375820168066355],[-104.10841905419596,29.373005118291644],[-104.10374386019095,29.36926856739052],[-104.09843307572584,29.366949201444527],[-104.09424964720341,29.364199523389345],[-104.0893266755856,29.361849430307018],[-104.08440399534805,29.359499118689428],[-104.07951611977307,29.357487772342893],[-104.07427581157941,29.355845606689456],[-104.06935394612765,29.353494617882347],[-104.06443237205627,29.351143411439352],[-104.05895182706513,29.34712623159038],[-104.05392775456221,29.343757026765445],[-104.04935997108578,29.341035846427246],[-104.04507651906607,29.337266845288752],[-104.04015666539777,29.334914586638888],[-104.03594261316101,29.331823615867222],[-104.03208164735008,29.328363270148827],[-104.02786825521576,29.325272026882601],[-104.02362092986198,29.321841464911699],[-104.01838412093042,29.320196632768443],[-104.01321595904926,29.319229885850575],[-103.99532188299844,29.315829306377452],[-103.98969905176978,29.314212969253163],[-103.98375762581372,29.31330456135646],[-103.97796489556345,29.309991727836007],[-103.97378862024857,29.307237610727213],[-103.96922566972881,29.304513165849983],[-103.96427607997708,29.301818342842296],[-103.95904181342894,29.30017060229153],[-103.95264694210266,29.298611882932107],[-103.94706011703073,29.297332480409693],[-103.94108653941225,29.296082495610733],[-103.93595475600716,29.295451135561507],[-103.92987994260523,29.293182987804698],[-103.92468078289176,29.291872725945609],[-103.91670580273058,29.290091249011994],[-103.90831051811591,29.287999583314161],[-103.90317951802029,29.287366614377788],[-103.89801488687749,29.286394210724325],[-103.89288407204225,29.285760734570317],[-103.88768600410577,29.284448640792164],[-103.88055364733293,29.283283748945905],[-103.8729674018241,29.281469462046061],[-103.86689544916561,29.279197708907191],[-103.86099158969006,29.278621535755349],[-103.85614785913634,29.276939288217648],[-103.85056410524925,29.27565475866021],[-103.84472758700849,29.275756037611075],[-103.83699013398746,29.276342817367151],[-103.83186045319729,29.275706336578196],[-103.825083170352,29.274169158679797],[-103.81960022776826,29.273900547372421],[-103.81369710303886,29.273321688844931],[-103.80853447918281,29.272344865922889],[-103.80295181617333,29.2710577876868],[-103.79691592902685,29.269121194787374],[-103.79158752864151,29.266447559807091],[-103.78635916614257,29.264791260408401],[-103.78081059463318,29.263842212148404],[-103.77657719258332,29.260402105672711],[-103.773471402783,29.256535414777602],[-103.76955919270256,29.252387624589232],[-103.76574678668482,29.249257300384158],[-103.7588075197512,29.246019962251523],[-103.75464218019243,29.243257496736135],[-103.75009039655453,29.240523882371349],[-103.74557196607333,29.238129272847743],[-103.74510940427552,29.233380705854927],[-103.74545329063682,29.228913417120566],[-103.74499078999293,29.224164966140336],[-103.74684813823097,29.219242697792311],[-103.74835169317606,29.214688613688622],[-103.74418835281023,29.211925959315636],[-103.73600377485428,29.211855749243512],[-103.73078014818526,29.210196886776941],[-103.72500544034875,29.206870850309542],[-103.7222907971825,29.202974277640863],[-103.71951058984183,29.198399360741973],[-103.71631128403851,29.193514139066338],[-103.71285740444563,29.19001434278772],[-103.70824436618454,29.186600983049004],[-103.70553123297998,29.182704184650447],[-103.70088610510965,29.178951419872192],[-103.69707990441401,29.175819186406386],[-103.69398126332459,29.171950990945504],[-103.6886628076424,29.169272764926234],[-103.68411750721714,29.166536797035633],[-103.67893065742385,29.165214661427513],[-103.67367856631273,29.163213990033682],[-103.66845942096546,29.161552203871167],[-103.66500902534619,29.158051114367481],[-103.66014411216099,29.156021119678996],[-103.65499096356206,29.155036960087671],[-103.64954938979247,29.155098580734943],[-103.64471762831585,29.153407016220854],[-103.64017474077161,29.150669237095656],[-103.63627465535103,29.146517601406231],[-103.63118355727534,29.142112374886267],[-103.62628798260425,29.139741746684308],[-103.62075001859847,29.138784450741866],[-103.61563091923148,29.138137511736829],[-103.60960964337033,29.136190707934873],[-103.60477987389203,29.134497368159089],[-103.59921015482473,29.13319980112999],[-103.593511210374,29.130545393655041],[-103.58932529342752,29.127438014752613],[-103.58443186274025,29.125065500672349],[-103.57986036686242,29.121986155436787],[-103.57425966165403,29.120348157241722],[-103.56975331806115,29.117946663407849],[-103.56524724606351,29.115544987910937],[-103.56035526238543,29.113171411731344],[-103.55552793096922,29.111475880307694],[-103.55173065874288,29.108338878636403],[-103.54751538882408,29.104890871616476],[-103.54294647310121,29.101810064083224],[-103.53718744404529,29.098474537969594],[-103.53261929274612,29.0953933284394],[-103.52843759092207,29.092283783969492],[-103.52422417630464,29.088834978351599],[-103.52152335122167,29.084934399203235],[-103.51991688415683,29.080271193161082],[-103.51905062478647,29.075212673026499],[-103.51747650183904,29.070888655287263],[-103.51361868185666,29.067072401969824],[-103.50921069981393,29.069783248198405],[-103.50480241919627,29.072493925354422],[-103.49936636276738,29.072547639162281],[-103.49319336857906,29.068898871985425],[-103.48850109375041,29.064459537777509],[-103.48503092563669,29.060614276827437],[-103.47979058506741,29.058604344215155],[-103.47558104742734,29.055153873952179],[-103.47072722917824,29.053115553340149],[-103.46548773756899,29.05110493814243],[-103.45979910294619,29.048443765067759],[-103.45626754621026,29.043919513274943],[-103.45247738582265,29.040779450311447],[-103.44894658271858,29.03625504293592],[-103.44493530691886,29.030741144788067],[-103.44101956879803,29.026244432934277],[-103.43607347021447,29.023187396281344],[-103.43115936501266,29.020469231369987],[-103.42659976896414,29.017383998272976],[-103.42123744165457,29.014015018278542],[-103.4170327828366,29.0105625856948],[-103.41250583127908,29.007815891590155],[-103.40812920679741,29.010861070681926],[-103.40455526861075,29.014189797920892],[-103.40101252161054,29.01785752280648],[-103.39705217711622,29.021213730629199],[-103.39389458996334,29.024853617000872],[-103.39198858030869,29.029427827931954],[-103.38927918288795,29.033718225415839],[-103.38656949498619,29.038008602215257],[-103.38149018162653,29.037689377962465],[-103.37631673532906,29.036352557324733],[-103.3704752977967,29.031991018970416],[-103.36633457987693,29.029214577990444],[-103.36325765561628,29.025338054807435],[-103.36275639239358,29.01991234867603],[-103.36119182024629,29.015586614130996],[-103.35962741807083,29.01126090656561],[-103.35767744236006,29.006962743435906],[-103.35418478759783,29.002774609660548],[-103.34867020056925,28.997706568403487],[-103.34283309956788,28.993343931077618],[-103.33750712735201,28.990309914371096],[-103.33298405726839,28.987559890976229],[-103.32917024830829,28.984076716867037],[-103.32722257486188,28.979778298329848],[-103.32678635600547,28.975031243097419],[-103.32483903059676,28.970732886613462],[-103.32025525267773,28.96730432203691],[-103.31495065285031,28.968704606032816],[-103.31003144489523,28.970077289835103],[-103.30511206966622,28.971449745209611],[-103.30016148256635,28.972482892671394],[-103.29658476727315,28.975807534290311],[-103.29223649391901,28.979186622664542],[-103.28785685760784,28.98222646877656],[-103.28210310397503,28.982974190306663],[-103.27696581222244,28.981971694438187],[-103.27105735900989,28.981023326965044],[-103.26581278802973,28.983099337264662],[-103.25967310023333,28.983872981752768],[-103.25427378021078,28.984252908445001],[-103.24842708074516,28.983981448085387],[-103.2421947528855,28.983736740758047],[-103.23554602093208,28.983179608052524],[-103.22909857883633,28.980560363170298],[-103.2249654431007,28.977778654861083],[-103.2208018868975,28.974657697095097],[-103.21663865624896,28.971536599934211],[-103.21212081212576,28.968781432417245],[-103.20724833114554,28.966392138786205],[-103.20192930799112,28.963351366372535],[-103.19735123087457,28.959917421152113],[-103.19315910141137,28.956456408136773],[-103.18763908067899,28.955476442983525],[-103.18194738926059,28.956896727901722],[-103.17711817466397,28.959280344112642],[-103.17083779602746,28.962788341308965],[-103.1685348912722,28.967384454329135],[-103.16658688507664,28.971614658389797],[-103.1654404581106,28.976130408891322],[-103.16352253783481,28.980699783268449],[-103.16202056569654,28.985581529963667],[-103.16096505479339,28.991114814796902],[-103.16403083825253,28.994996983024407],[-103.16857900032056,28.998093593444651],[-103.17244749525565,29.002261111161374],[-103.17213359139208,29.007401963329983],[-103.16938263989687,29.011347174932212],[-103.16493560029767,29.013703762918396],[-103.16013290760759,29.016426115972536],[-103.15557346714178,29.021861598633905],[-103.15484204582373,29.02669026374474],[-103.15295274737139,29.031599252703415],[-103.15299298573768,29.036374523265692],[-103.15264725306827,29.041176610712057],[-103.14873618422746,29.045201888956058],[-103.14646004959155,29.050137745160839],[-103.14492531155383,29.054680969051503],[-103.14139925687016,29.058679392639931],[-103.1369791375771,29.061374292089965],[-103.13208153403554,29.063078060404223],[-103.12670659643226,29.063790614845061],[-103.12228569922559,29.066484924339818],[-103.11956056097108,29.070768667739856],[-103.11959882172823,29.075544462606899],[-103.12411951310503,29.078304480167674],[-103.12763373990515,29.082840469911787],[-103.1314738333507,29.086671249978281],[-103.13582207612785,29.091832185806766],[-103.13969340392742,29.096001996794769],[-103.141247541241,29.100332021105942],[-103.14009782995083,29.104849079221708],[-103.12848712637975,29.109747466972067],[-103.12046542014298,29.111324941692772],[-103.11535221493273,29.110653319894823],[-103.10904983977827,29.109721974789352],[-103.10355051334545,29.109076365881606],[-103.0972181682838,29.107805041969186],[-103.09103705411673,29.108229663168459],[-103.08702901677566,29.111235531094962],[-103.08227814302182,29.114633535809105],[-103.07752686367377,29.118031354363552],[-103.07274504604698,29.121089701328685],[-103.07043191959735,29.125685612001462],[-103.06767186066782,29.129629384688428],[-103.06324532201398,29.132321650923529],[-103.06006812424448,29.135952416370969],[-103.05573118234815,29.139662318561193],[-103.05534907569927,29.144126117026758],[-103.05880212341924,29.147986625082751],[-103.06383177891342,29.152080671785598],[-103.06502643921874,29.15677824362109],[-103.06309842135505,29.161348001109388],[-103.05866996804457,29.164040302418073],[-103.05334770733077,29.165427896080587],[-103.04817150910782,29.164074197866],[-103.04400515511378,29.160944535561896],[-103.03888941561399,29.160269044880579],[-103.03490678681874,29.163612648704827],[-103.03172705296112,29.167242851176695],[-103.02938025589407,29.171499076221437],[-103.02634974024829,29.176825922578303],[-103.02438907069904,29.181055853245084],[-103.02162481823075,29.184998987413394],[-103.02011030684514,29.189881377123925],[-103.02055936891969,29.194971842076882],[-103.02023490881396,29.200114915570964],[-103.01872002510902,29.204997484246576],[-103.01390081906749,29.207714451260983],[-103.00902149424655,29.209752443620403],[-103.0028021382081,29.209832525550667],[-102.99732661503123,29.209520483283711],[-102.99214850664822,29.208163821802998],[-102.98723879373529,29.209861404580181],[-102.97738897801889,29.212916497798176],[-102.97462129643566,29.216858712859334],[-102.97146643242985,29.220826987575492],[-102.96744822555513,29.223829133207971],[-102.96191248017681,29.222836389587769],[-102.95664507900716,29.220459684666764],[-102.95250903216606,29.217665274333001],[-102.94834363505066,29.214531312370241],[-102.94343444374454,29.21178858337646],[-102.93754255604409,29.211159954568302],[-102.93477296430081,29.21510108774504],[-102.93328213656133,29.220322013749978],[-102.93101722996118,29.225594872005786],[-102.92783029343326,29.229222485329501],[-102.92508914185038,29.233502978579622],[-102.91984849910892,29.235902259181955],[-102.91475850899798,29.23555993044647],[-102.90934052804289,29.235922081139165],[-102.90490274156821,29.23860833900369],[-102.90135651239308,29.242600549176075],[-102.89905941815761,29.247533573415751],[-102.89828093621622,29.252023899183655],[-102.89714469856892,29.256879543955847],[-102.89520463158846,29.26144739398211],[-102.89603326961964,29.266513561951399],[-102.89683257266506,29.271240322183189],[-102.89801916964893,29.275941316838328],[-102.89917645143203,29.280302877675695],[-102.90045170538184,29.286022410306032],[-102.90277106773055,29.290306558401028],[-102.90625253942312,29.294513157056599],[-102.91003316160106,29.297675346040421],[-102.91199557583514,29.302324778965442],[-102.9161345967342,29.305121441201607],[-102.91848490565383,29.309744953866584],[-102.91889859739234,29.314497984194645],[-102.91850798135823,29.318963362769011],[-102.91737202160147,29.323820094821542],[-102.91581893289742,29.328363250363736],[-102.9130737208755,29.332644555701734],[-102.91199629619206,29.338180461159425],[-102.91249834901953,29.343952471029752],[-102.91174921735245,29.348783585893841],[-102.90942017739923,29.353378692572676],[-102.90494633800307,29.355726248667509],[-102.89981926614615,29.355043531933518],[-102.89469228062421,29.35436056428864],[-102.88929556323961,29.355061327718147],[-102.88359940488857,29.356806238217359],[-102.87998803511971,29.360119861342582],[-102.87726919301883,29.364740138246816],[-102.8745500361552,29.369360402560574],[-102.87141350932598,29.373666805278901],[-102.86747187702548,29.377685013952259],[-102.86299543499132,29.380030910797927],[-102.85807236624669,29.381723142609019],[-102.85412966195429,29.385740927701704],[-102.85054503982167,29.389393367709829],[-102.84743569859859,29.394038868798816],[-102.8439381821014,29.398709959197333],[-102.84160376510164,29.403304145869697],[-102.84314766363372,29.407642187636895],[-102.84728974312713,29.410442376114815],[-102.85113212714589,29.414286910412613],[-102.85566273174965,29.417061160644096],[-102.8608521059399,29.418425398013767],[-102.86391968624451,29.422320916676995],[-102.86170312629821,29.428274326099313],[-102.86515909771413,29.432144214084246],[-102.86360090985409,29.43668788403869],[-102.85923840472856,29.440392510805793],[-102.85442881243972,29.443443382606063],[-102.85039494117353,29.446442755628709],[-102.84761283356539,29.450384013811231],[-102.84527711344799,29.454978907350721],[-102.84210634583116,29.458945738654961],[-102.83810048305082,29.462284414194414],[-102.83373538428054,29.465988218981181],[-102.82925297704321,29.468333203914256],[-102.82479950998936,29.471017680221792],[-102.82165627871427,29.475323728607236],[-102.81967735202812,29.479553118781439],[-102.82050344857527,29.484622807596566],[-102.82165951537428,29.488987633872284],[-102.82206834627715,29.493743290220721],[-102.82170061079449,29.49855010270511],[-102.82052696764538,29.503068365912384],[-102.81818813317579,29.507663281035661],[-102.81507227366649,29.512309249772102],[-102.81061586493018,29.514993426605429],[-102.80538234302065,29.517728410637687],[-102.8013428500924,29.520726458059642],[-102.79816726660601,29.524692626563535],[-102.79585560695068,29.529627028564562],[-102.79668070435099,29.534697568138313],[-102.79711738995553,29.539793625975108],[-102.79800091271193,29.545543776923807],[-102.80142974618582,29.549077221336745],[-102.80300342756607,29.553757260888915],[-102.79812656418954,29.556126918722384],[-102.79533802193214,29.56006790171233],[-102.79377333197368,29.564612035716948],[-102.79179069738274,29.568841875552152],[-102.78777717687518,29.572179560938025],[-102.78579403416728,29.576409370196302],[-102.78381068011873,29.580639185749874],[-102.78185617991875,29.585208793950756],[-102.77781236664737,29.588206450167604],[-102.77293263623216,29.590575136733207],[-102.76849942370939,29.593597843565703],[-102.76570809625161,29.597538412867493],[-102.76372314410776,29.601768076435633],[-102.76173798062325,29.60599774809765],[-102.75975260669742,29.610227426954225],[-102.75710511231102,29.615867012552656],[-102.75517717268832,29.620776355844214],[-102.75283108608573,29.625371198122366],[-102.75003786375635,29.629311667599438],[-102.74506800328567,29.630659799010573],[-102.73923329897752,29.631038689683805],[-102.73429202525671,29.632726149692132],[-102.72940825868415,29.63509306459332],[-102.72449536396982,29.637119919748557],[-102.72044674022487,29.640115744945717],[-102.7172335282047,29.643740808691405],[-102.7140200221063,29.647365807685901],[-102.71122409911283,29.651305457880653],[-102.7084278991282,29.655245072102446],[-102.70613562525887,29.660519005048116],[-102.70770589461131,29.665201828002012],[-102.70849798599323,29.669934958131876],[-102.70812255231391,29.674743550374615],[-102.7053253711689,29.678683318380479],[-102.70261419758714,29.683642722433717],[-102.70143103421481,29.688161792332892],[-102.69944038756381,29.69239121038612],[-102.69786759381435,29.696935442416759],[-102.69668396009666,29.701454610342068],[-102.69750450333015,29.706528175235178],[-102.69793576062682,29.711626897763153],[-102.6934354559815,29.713967502098569],[-102.68851675524405,29.715993065827377],[-102.68317968629344,29.717703526896287],[-102.67867860103655,29.720043527786629],[-102.67417725227835,29.722383348812571],[-102.66922890359098,29.72406810995534],[-102.66428034626091,29.725752645368345],[-102.65891350705266,29.727121963008244],[-102.65334651023323,29.72611141101288],[-102.64730456255546,29.724105648556872],[-102.64093048535358,29.722804316965721],[-102.63547797402924,29.723152589320591],[-102.62974980430999,29.724885206986755],[-102.62324240711138,29.726667163259037],[-102.61745688762522,29.727719217168215],[-102.61342799500591,29.731051521910274],[-102.60903761359498,29.734748429796241],[-102.60548265560004,29.739075611350415],[-102.6034856156686,29.743303739775797],[-102.60109876459626,29.747556613946642],[-102.59718151471509,29.752248371665075],[-102.59518370136669,29.756476481204686],[-102.59519065132747,29.761261003092898],[-102.59244144631566,29.765878582930327],[-102.58882757463283,29.769525545167824],[-102.58339990618072,29.770211128041183],[-102.57755416629169,29.770581081251976],[-102.57176483637807,29.771630712387491],[-102.56692409157353,29.774670840886643],[-102.5649240991678,29.778898611381862],[-102.56414965068581,29.783732614868313],[-102.56376491981518,29.788542071359529],[-102.55973067892768,29.79187281128128],[-102.55488371710982,29.7901276058044],[-102.54922919826885,29.788091258304974],[-102.54338198079375,29.788459310348969],[-102.53800881215693,29.789822613322997],[-102.53444750674703,29.794147971052098],[-102.53289130818729,29.799030911147668],[-102.52832214155353,29.795899810827677],[-102.52467591136417,29.79920478337408],[-102.52428871005588,29.804014281234117],[-102.52398558456701,29.809843981714437],[-102.52479618939259,29.81492029133841],[-102.52521692012471,29.820021120978026],[-102.52410574208631,29.825559909662161],[-102.52132212631506,29.829836293010544],[-102.52135016267982,29.83017635995111],[-102.51307950341629,29.839240071971801],[-102.51154910101019,29.844463329019447],[-102.50709171561016,29.847476823196871],[-102.50171391906207,29.848838456129897],[-102.49628006327424,29.849519635922491],[-102.4912641656087,29.850516289794996],[-102.4872237202984,29.853844740042746],[-102.48223531400851,29.855181068751392],[-102.47674514627147,29.855181041771687],[-102.47125497673574,29.855180726109666],[-102.46565357994871,29.853819709212246],[-102.46222656400471,29.85027245570933],[-102.45768500565845,29.847477951846031],[-102.45283689270838,29.845727755131861],[-102.44726420587835,29.844705880671881],[-102.4417747629949,29.844704011880708],[-102.43656473317589,29.843317318439517],[-102.43138254097147,29.842270470705728],[-102.42461241043435,29.840979617115693],[-102.4191232265556,29.840976555823431],[-102.41399657827941,29.840609055963228],[-102.40886997676796,29.840241304292817],[-102.40285306981326,29.838560885076845],[-102.39792418515299,29.835787862419977],[-102.39257807801584,29.832698487045604],[-102.38706200800522,29.832353633913101],[-102.38173805926397,29.834389235874596],[-102.3780839474162,29.83768939524947],[-102.37487448197174,29.841645786324023],[-102.36960437744006,29.844361052720444],[-102.36416969877257,29.845035335612295],[-102.35862555012898,29.844348847121637],[-102.35447812506538,29.841526050586822],[-102.35367816371627,29.836448086210282],[-102.35365847485872,29.831322544999523],[-102.35366610560624,29.826537177748605],[-102.35400914030953,29.821047841884422],[-102.35557679083621,29.816167311971924],[-102.35251901763854,29.81225286977417],[-102.34748439518864,29.808117270795435],[-102.34255934164025,29.805341843351414],[-102.3373808762264,29.804290424363671],[-102.33212090075892,29.802218468207798],[-102.32833936037315,29.799031102703282],[-102.32455812485756,29.795843628380794],[-102.31966179475597,29.793407291213555],[-102.31482004271078,29.791650916156925],[-102.30995138924516,29.789554235839375],[-102.3043574073684,29.788184780603217],[-102.2987636188459,29.786815030389391],[-102.29355989956969,29.785421394182038],[-102.2883293436243,29.783687413143639],[-102.28307201935814,29.781613089072835],[-102.27789589398031,29.780558776066698],[-102.27305585244562,29.778800516930346],[-102.26740940771793,29.776748942110032],[-102.26184397032296,29.775717336086245],[-102.2563862015619,29.776045794577783],[-102.25185616263178,29.773242854174441],[-102.24732644386029,29.770439736604601],[-102.2424876973493,29.768680103304177],[-102.2372057712293,29.766263456793126],[-102.23192416436865,29.763846559371245],[-102.22700590969492,29.761065982409207],[-102.22245103418783,29.757921786161546],[-102.21722384890148,29.756184357122436],[-102.21176724206452,29.756510462088215],[-102.20727676700915,29.759170367118827],[-102.20765010616742,29.763931637035455],[-102.20919294979478,29.768623145641698],[-102.21031944958287,29.772997868057189],[-102.21071972343645,29.778099397369317],[-102.20992369122536,29.782930720876095],[-102.21068721384381,29.787668987034181],[-102.20866790489987,29.791890021607287],[-102.21132783241347,29.795831763625017],[-102.21055835178646,29.80100343286216],[-102.20515197208579,29.802009476556123],[-102.19927552664421,29.802018100155237],[-102.19396607407504,29.799258934252464],[-102.1908903324229,29.794999798102253],[-102.18563481039814,29.792920498981914],[-102.18079606118926,29.791157898818028],[-102.17593098882406,29.789054961017712],[-102.17075580593564,29.787995305139248],[-102.16563375499373,29.787615641948378],[-102.15978484409527,29.787962162423923],[-102.15429936632268,29.787945156244007],[-102.14936238326732,29.789945584820941],[-102.14406160196131,29.792308958191938],[-102.14045232941146,29.796280697995883],[-102.13762268723718,29.800206341249691],[-102.13479276537379,29.804131944034054],[-102.12990697892388,29.806811829302546],[-102.12442020342962,29.806793249309067],[-102.11893342973394,29.806774380633215],[-102.1158351429774,29.802172803332269],[-102.11569941729425,29.795346957995775],[-102.11566884304261,29.789881782418377],[-102.11454732639794,29.785505852213362],[-102.11113899656738,29.781947696229224],[-102.10630257660262,29.780181685836169],[-102.10136486689504,29.78217980225611],[-102.0985337921008,29.78610424311637],[-102.09770463516077,29.79059465971585],[-102.09609541976778,29.795130829324364],[-102.09204124270917,29.798443470389884],[-102.08710203563038,29.800441003149842],[-102.07893787318426,29.801260037320901],[-102.07378929943661,29.800535689170772],[-102.06996606558141,29.796658664166046],[-102.07038079333893,29.791851003620991],[-102.07079546893573,29.787043400632513],[-102.06850668173792,29.78273527121587],[-102.06434677228566,29.779561245355239],[-102.05984936975256,29.777090074747207],[-102.05441670017052,29.77774809429917],[-102.04950382883857,29.78008388456368],[-102.0475021241237,29.784641859134524],[-102.04248475156999,29.78561675031284],[-102.03733752860404,29.7848906286996],[-102.03172269234835,29.783166405305394],[-102.02681027337536,29.780376245167645],[-102.02340610380861,29.776815266211599],[-102.01883254758394,29.773321900984968],[-102.01498747099498,29.76910297981874],[-102.00940005596777,29.767717765762313],[-102.00454097578535,29.76560695259883],[-102.00131581807051,29.769551093108532],[-101.99663378741934,29.774945715972081],[-101.99421347886891,29.779184924944389],[-101.99342999669693,29.784354758665245],[-101.99342638322099,29.78947972071262],[-101.99147271759182,29.794717071935395],[-101.98749139820944,29.799046169944859],[-101.98210805014634,29.800380813323954],[-101.97664745211819,29.800694632651243],[-101.97118681002326,29.801008167792759],[-101.96606488588571,29.800618681307128],[-101.96086614885365,29.799208386957559],[-101.95465105200441,29.799905929914758],[-101.95461933201653,29.804690899665331],[-101.95261154878392,29.809247330999597],[-101.94855065738687,29.812554503287743],[-101.9434025476894,29.811823690810741],[-101.9384404078985,29.808348769779968],[-101.93345319860617,29.804533443663559],[-101.92924658376279,29.80067346530825],[-101.92470126984767,29.797515948302419],[-101.91942714444713,29.795083024961684],[-101.91673091310111,29.79045348324172],[-101.91559495244508,29.785735229697138],[-101.91076266666369,29.783960128956835],[-101.90556600706554,29.782547135741765],[-101.90070878578183,29.780431400588725],[-101.89502124473461,29.777679286270086],[-101.88943532797799,29.776287606987523],[-101.88379904019354,29.774215268619798],[-101.87857823919433,29.772460783038753],[-101.87518107174901,29.768895035877279],[-101.87139431079879,29.76535122228114],[-101.86652724103931,29.768358664920527],[-101.86124468269594,29.771047690898286],[-101.85430135981989,29.772463510682542],[-101.84884218272055,29.772770612074112],[-101.84384824290203,29.774076094935879],[-101.8380240480713,29.774744728286635],[-101.83263984205502,29.776071565550353],[-101.82744509171755,29.774654702552539],[-101.82181054322194,29.772579019606098],[-101.81622627312396,29.771183433668568],[-101.81100716734687,29.769425574730519],[-101.80539836464277,29.76768922577719],[-101.79857020894792,29.765337409593826],[-101.79371690241305,29.763216780330197],[-101.78554577561704,29.758547942733401],[-101.78178835504849,29.755341152772019],[-101.77798159497462,29.751453879093276],[-101.77493008015904,29.747183023877483],[-101.77095052614584,29.740914307649234],[-101.76860503939105,29.735579586828521],[-101.76552987780161,29.730968456029473],[-101.76070429466745,29.729186645447385],[-101.75454236933484,29.73055247641571],[-101.75001339340332,29.732852280308521],[-101.74677692401582,29.736788195618772],[-101.74312564862976,29.740405392095226],[-101.73766825398667,29.740706640698988],[-101.73203847009927,29.738626283076542],[-101.72752917223346,29.735800854226113],[-101.72336081544921,29.732273428076269],[-101.71921738967075,29.729086049081957],[-101.71402774928117,29.727663701118956],[-101.70844853966832,29.726262498015899],[-101.70296749375478,29.726221735344836],[-101.69804750428887,29.728540630046098],[-101.69441884505363,29.732496233314578],[-101.69035113589615,29.735792689281254],[-101.68518599034115,29.734709073664874],[-101.68106837240742,29.731860349675458],[-101.67695105214932,29.729011483593126],[-101.67137240281409,29.727608289391071],[-101.66316288755718,29.727714207045096],[-101.65821734115735,29.72969103201558],[-101.65368562319293,29.731986639671732],[-101.64881235890323,29.734983648376726],[-101.64513245539848,29.738257182423069],[-101.6422804093134,29.742168739595684],[-101.6390382139424,29.746101396662198],[-101.63460182591348,29.749757146175398],[-101.62972674769122,29.752753395852608],[-101.62648349741545,29.756685767833972],[-101.62362986942293,29.760596995854712],[-101.61909538424453,29.762891279708867],[-101.61363597422081,29.763186045099928],[-101.6076660901179,29.761800358899507],[-101.603915716637,29.758587134288859],[-101.59875027070836,29.757499167752428],[-101.59356093428966,29.756070714292093],[-101.58720201336217,29.754704848250185],[-101.58434651837706,29.758614980896709],[-101.58431646393365,29.763739543645102],[-101.58465240478461,29.768502989021783],[-101.58462236742827,29.773627680373181],[-101.58495836673518,29.778391245359728],[-101.58605053040759,29.782772722583104],[-101.58638665472029,29.787536390991704],[-101.58596661017089,29.792682273967841],[-101.58310968706235,29.796592746558076],[-101.57859595014293,29.799225750168262],[-101.5737157134094,29.802219752439669],[-101.57207629518484,29.806747885706386],[-101.57085084838792,29.811595445573403],[-101.56884478465906,29.816484814022999],[-101.56561983558692,29.820756218724568],[-101.56015624191701,29.82104822409633],[-101.55567227885257,29.818555065064231],[-101.55114086395969,29.815381135431096],[-101.54739024766178,29.812165438584202],[-101.54361610419983,29.808609342047532],[-101.54174557100129,29.80426869134709],[-101.54177839265867,29.799143616884464],[-101.54302925069931,29.794636829925821],[-101.54427996844578,29.790130078940024],[-101.54584912173954,29.784581759240837],[-101.54870744958907,29.780672426091655],[-101.55195553911682,29.776742238563486],[-101.55437552391129,29.772173122291804],[-101.5532613960965,29.76745117433228],[-101.55061135393078,29.763152769284943],[-101.54613096657084,29.760659562588785],[-101.54101379355171,29.760249227120198],[-101.53587288922245,29.759498390338479],[-101.52220038104269,29.759883599648447],[-101.51717820161269,29.760833114656577],[-101.51225063895578,29.763143428926128],[-101.50773645507331,29.76577313921905],[-101.50283195822823,29.768423300994584],[-101.49829353222071,29.770712367881515],[-101.49382567061815,29.774022069962598],[-101.49057481297723,29.777950416578506],[-101.48688638389945,29.781218709375992],[-101.48485233776512,29.785765798552802],[-101.4812575487968,29.790395112744307],[-101.47756815564583,29.793663178013333],[-101.47181004209972,29.79533224868436],[-101.4663008626946,29.794938720645519],[-101.46072131943333,29.793524007027372],[-101.45504818372666,29.790747810662992],[-101.4531829241526,29.786405767811971],[-101.45285480920205,29.781641688413231],[-101.45330686871699,29.776836777095639],[-101.45336883200594,29.772052367622734],[-101.45384424331712,29.767587848800247],[-101.45470960066751,29.763102928857109],[-101.4547714668297,29.758318684859489],[-101.45678309016745,29.753432234709919],[-101.45684482412929,29.748648106724772],[-101.45690655089658,29.743864038094955],[-101.45274982594367,29.740325722054479],[-101.44724456218677,29.739931240734222],[-101.44275292520729,29.742898236364567],[-101.4398907365682,29.746804286089002],[-101.43863477217695,29.751309286994058],[-101.43657536875821,29.755514819953021],[-101.43534243240731,29.760360154897285],[-101.43449936025723,29.765185160666704],[-101.43168264313942,29.769771773248806],[-101.42881893914267,29.773677785201698],[-101.42473808909148,29.776964193942433],[-101.42107029226014,29.780570442072303],[-101.41652881215492,29.782856015093046],[-101.41109054519245,29.783480477342209],[-101.40565219279443,29.784104656304919],[-101.40046460555709,29.782666486569155],[-101.3948175447938,29.780227386684601],[-101.3921756729689,29.775924815977532],[-101.39029104019932,29.771241518181569],[-101.39035680042599,29.766457215727996],[-101.39120257234083,29.761632549902288],[-101.39365452893333,29.757407632056641],[-101.39773565957302,29.754122603775215],[-101.40138009021894,29.750177143960059],[-101.40589691091367,29.747552149711964],[-101.40915071563296,29.743626750174428],[-101.41199105524299,29.739381313396962],[-101.41363821573105,29.734856477044843],[-101.41292284011695,29.730113184575885],[-101.40773865411558,29.728675576017054],[-101.40289808198088,29.726536953117943],[-101.39734766326399,29.72545934317418],[-101.39234933385461,29.7267430111811],[-101.38696099635285,29.728046636942793],[-101.38150314125693,29.72832920932558],[-101.37602215559798,29.728271233630551],[-101.37191600132235,29.725410348109108],[-101.36852061993062,29.721488303042804],[-101.36590517198607,29.717525961154251],[-101.36404651163718,29.71318313139642],[-101.36331126730113,29.708099514780827],[-101.36106323827778,29.703776839729414],[-101.35805903319778,29.699834573406861],[-101.35468842003451,29.696252570100057],[-101.35218938303359,29.69399131294881],[-101.34932377517202,29.692090293632191],[-101.33964870942037,29.687999080693089],[-101.33815897525648,29.682286707565538],[-101.3367341874328,29.677535865288007],[-101.33414390431767,29.671880108979906],[-101.3326548680277,29.666167891435066],[-101.33103674305124,29.658532876591039],[-101.330648871748,29.652764354291548],[-101.3302610589007,29.646995917427716],[-101.32993792259703,29.642188949360559],[-101.32961482766211,29.637382039749411],[-101.32929176959948,29.632575187694783],[-101.32566770679921,29.62793766179368],[-101.32003694894598,29.626296826237592],[-101.31343492688035,29.6266346862418],[-101.30929099118623,29.630705161713877],[-101.30624709093047,29.634719324337425],[-101.30443201892251,29.640600055947857],[-101.30481792520703,29.646368496409025],[-101.30513955604562,29.651175592179868],[-101.29970036188217,29.652417832017363],[-101.29413260243763,29.651736919323412],[-101.28727189668064,29.648227422057914],[-101.28034777433027,29.643756080079072],[-101.27355230809252,29.641207164878836],[-101.26559289519594,29.637752181817802],[-101.25983514497591,29.634185225068109],[-101.25517835020065,29.630562328688598],[-101.25485982741907,29.625755332742472],[-101.2612706886913,29.622537036854794],[-101.26651692071925,29.618412787320324],[-101.27072629198477,29.615305500148736],[-101.27487140129409,29.611236719898727],[-101.27785202435143,29.606262387998868],[-101.27863224378297,29.601399864312327],[-101.27831241788374,29.596593300040809],[-101.27909251500751,29.591730894165494],[-101.27877270079949,29.586924451302423],[-101.27838897357225,29.581156796848745],[-101.2780692456991,29.576350484387376],[-101.27445073891045,29.571711844226286],[-101.26986077455507,29.5690514301794],[-101.26436288164166,29.569330312643842],[-101.25886495095671,29.56960890642597],[-101.25343061762885,29.570848465384415],[-101.24922292719629,29.573954696751912],[-101.24514199530682,29.57898334500544],[-101.24435994575487,29.583845337192599],[-101.24357779997547,29.588707383339113],[-101.2472588627063,29.594308618248192],[-101.25100407677667,29.600871137593003],[-101.25358612210181,29.606527930819425],[-101.25506835322187,29.612240403771693],[-101.24956741790197,29.612518536201549],[-101.24406644301189,29.612796378150392],[-101.23856543124964,29.613073928718904],[-101.23306438081647,29.613351188806348],[-101.22834666236855,29.60876591891207],[-101.22582967310092,29.604069823763382],[-101.22324968542461,29.598412376729868],[-101.22067006467171,29.592754950380709],[-101.22035378210131,29.58794831596208],[-101.21783792508012,29.583252279269345],[-101.2164221088932,29.578501000820609],[-101.21384362128606,29.572843694081257],[-101.21022902295101,29.568202864070997],[-101.20881392981897,29.563451668359846],[-101.20849848092013,29.558645362193772],[-101.20708366298061,29.553894260012157],[-101.21006637786104,29.548922607192594],[-101.2131118492324,29.544912151574579],[-101.21603068706651,29.53897923860103],[-101.21894908962872,29.533046338217957],[-101.22083123577289,29.528129901074124],[-101.22155096140773,29.522307630792568],[-101.22227058092255,29.516485442349335],[-101.22085568923865,29.511735047934167],[-101.21620784541568,29.508111554404763],[-101.21071397786773,29.508387556340722],[-101.20522007434693,29.508663267795612],[-101.19985201565794,29.510860968958582],[-101.19467230917968,29.515941865125001],[-101.1916270167734,29.519951478977646],[-101.18509606273307,29.521242273212408],[-101.17850220111563,29.521571478141254],[-101.1717830594406,29.51997789656275],[-101.16719952164055,29.517313306963615],[-101.1592571401049,29.513851298398777],[-101.15235192600056,29.509372994767944],[-101.13989138917623,29.504205380573922],[-101.13524767683879,29.500578339219032],[-101.13164095206827,29.49593564671278],[-101.1302318421258,29.491184274734564],[-101.12772437038336,29.486487237995675],[-101.12411872389993,29.481844455557223],[-101.11953898393693,29.479178028643162],[-101.11386114657461,29.476565567347109],[-101.10922023472602,29.472937622173561],[-101.10128481124502,29.469471581948028],[-101.09566991563406,29.467819281834466],[-101.08785870021882,29.466274441712187],[-101.0812689970665,29.466597431426351],[-101.07467924085427,29.466920000257858],[-101.06918773582532,29.46718848925741],[-101.06363493210637,29.466495575110741],[-101.05802103114564,29.464841253321254],[-101.05338335056115,29.461210924044963],[-101.04417028093366,29.454910843060986],[-101.03617857338241,29.450478907575587],[-101.03148187029205,29.445886661640202],[-101.02794449494246,29.44220210414386],[-101.02764045214514,29.437396777339472],[-101.027275650251,29.431630461076963],[-101.02697168839268,29.426825263774958],[-101.02557005271575,29.422073334217032],[-101.02081493056454,29.416519936046257],[-101.01727935655703,29.412835301208247],[-101.01136726288883,29.40637372087059],[-101.00673512032949,29.402741868142755],[-101.00216386906726,29.400070819612665],[-100.99862988775908,29.396385708133948],[-100.99613316921034,29.391686665906946],[-100.9936367474379,29.386987624579263],[-100.99010374189413,29.383302349423957],[-100.98645053656298,29.377695119634097],[-100.98188140410349,29.375023355243684],[-100.97725243075502,29.37139048358398],[-100.97158695817154,29.368770988690244],[-100.96586185064388,29.365190286702443],[-100.9602571281639,29.363531122063705],[-100.95568968822852,29.36085830366784],[-100.95002567344602,29.358237702607937],[-100.94448150861467,29.357538619112006],[-100.93778091365823,29.355930603414663],[-100.93217742864539,29.35426996208912],[-100.9285296354343,29.348661123412171],[-100.92390462899539,29.345026126654489],[-100.92251058359653,29.340273832871162],[-100.91898294610604,29.336586591797811],[-100.91643342026612,29.330925524993063],[-100.91278780521299,29.325316478572688],[-100.90816487261077,29.321681006073618],[-100.90001658769535,29.314357692653459],[-100.89429861179144,29.310773560651342],[-100.89077358593221,29.307085648683767],[-100.88828602877715,29.302385127072],[-100.88360658457617,29.297787994220585],[-100.87667673983964,29.292333168041296],[-100.87309451799757,29.287684068764804],[-100.86853435087954,29.28500795255502],[-100.86281989762017,29.281422363651188],[-100.85704733376741,29.276875743021151],[-100.85035528866558,29.275262424921038],[-100.84579659823436,29.272585397697981],[-100.8402593096194,29.271880902981366],[-100.83466377011683,29.270215366645914],[-100.82918503096437,29.270471031313093],[-100.82456909688625,29.266832364422157],[-100.81897423996918,29.265166003408353],[-100.81435908020734,29.261526931822516],[-100.80859072068517,29.25697785424461],[-100.8040344800072,29.254299121007705],[-100.80264916882402,29.249546366771483],[-100.80126402311612,29.244793656602042],[-100.79982113373831,29.239080299616205],[-100.79953161229406,29.234276903656223],[-100.79601435297997,29.230586528445599],[-100.79572509233913,29.225783229612432],[-100.79428294400265,29.220070089363162],[-100.79284100340954,29.21435701386514],[-100.79255199188088,29.209553917379424],[-100.79220522409179,29.203790281995964],[-100.79191628900548,29.198987318609909],[-100.78350283538748,29.186854453370358],[-100.78886049971226,29.184680155265028],[-100.79076090029525,29.179776082899934],[-100.79047213877817,29.174973427082023],[-100.78793689776955,29.169311653410148],[-100.78327104502267,29.164711631936314],[-100.77969999635769,29.160060898591667],[-100.77722356831299,29.155359569388679],[-100.772674183167,29.152680187740543],[-100.76801018212416,29.148079687827362],[-100.76449818114611,29.144389095880115],[-100.75994984730755,29.141709235792632],[-100.75540182013788,29.139029195840749],[-100.74987460213117,29.138320128071484],[-100.74532710556144,29.135639669035527],[-100.74181670177933,29.131948432274385],[-100.73721276555665,29.128307231093913],[-100.73053560693268,29.126686826336027],[-100.72495254012762,29.125016019973373],[-100.71936970714626,29.123344920431805],[-100.71384389657851,29.122633957790981],[-100.71033552076761,29.118941783036917],[-100.70682746871267,29.115249528243169],[-100.70216945355742,29.110646527315453],[-100.69860555180475,29.105993679664664],[-100.69400508336787,29.102350813839053],[-100.69147899296109,29.096687792807415],[-100.68889679385194,29.090064436124862],[-100.68855802823037,29.084302317897709],[-100.68701323397352,29.076669214112997],[-100.68650539221005,29.068026376715977],[-100.68496111056675,29.060393579600088],[-100.68467914342767,29.055592187329637],[-100.68428444627017,29.048870338695224],[-100.68372070804418,29.03926791298386],[-100.68234628405372,29.034516318873045],[-100.67987947785559,29.029814265715856],[-100.67632048010603,29.025161676170455],[-100.67281811986032,29.021469210935379],[-100.66931608337052,29.01777666386198],[-100.66794288515598,29.013025156985464],[-100.66760595595008,29.007264182695906],[-100.66617690983651,29.00155264773656],[-100.66463585406137,28.99392093610237],[-100.66648321173079,28.988061585873538],[-100.66925373876899,28.979272671596561],[-100.67104425119118,28.972453411096069],[-100.67185513031001,28.967603743218206],[-100.67260973075446,28.961794099418228],[-100.67227268193869,28.956033949806965],[-100.66871741187902,28.951382041947738],[-100.66619788202661,28.945720743117874],[-100.66373476664614,28.941019451686373],[-100.66012464963285,28.935407470778216],[-100.65657100284949,28.930755408235541],[-100.65520005743667,28.926004869928875],[-100.65382927300249,28.921254374789612],[-100.64798288470234,28.914780738140621],[-100.64770365060298,28.909981165198644],[-100.64420765485937,28.906288902311019],[-100.64283786237741,28.901538521385703],[-100.64146823177344,28.896788182728528],[-100.64009876484607,28.892037891735356],[-100.63982008293044,28.88723860028125],[-100.64063199087366,28.882390319157935],[-100.64035331075667,28.877591156306892],[-100.63467818305168,28.873996986971406],[-100.63118436276807,28.870304651238712],[-100.62769086444183,28.866612234567015],[-100.62408663259197,28.861000152035444],[-100.62059386721319,28.857307592371569],[-100.61813615406021,28.852606365691258],[-100.61671339870435,28.846896589805851],[-100.61425623233919,28.84219540899096],[-100.61288931409052,28.837445475928007],[-100.61043266213761,28.832744328388117],[-100.60906613239604,28.827994470868191],[-100.60345118102714,28.825358783680997],[-100.59783659927962,28.822722812307973],[-100.59331212175698,28.820038007747883],[-100.58775330786881,28.818361218195719],[-100.58230471399133,28.81860352972916],[-100.57772605231543,28.814958383222859],[-100.57636176818102,28.810208328751401],[-100.57499764592461,28.805458320145419],[-100.57472316833952,28.80066001075096],[-100.57335930508782,28.795910107365614],[-100.57303009206504,28.790152293293772],[-100.57161166424686,28.784442892425602],[-100.57024826234738,28.779693162609419],[-100.56883021764037,28.773983891243631],[-100.56637809916992,28.769282529665077],[-100.56169355761153,28.763718049148679],[-100.56033109730225,28.75896846502269],[-100.55679107614719,28.754315261240379],[-100.55330606562239,28.750621527061867],[-100.54982137795417,28.746927712843728],[-100.54737120291867,28.742226256836318],[-100.54486682574338,28.736565305144779],[-100.54138313722194,28.732871353330324],[-100.53996797933871,28.727162437196796],[-100.53855302200435,28.72145359210964],[-100.53828101485692,28.716656318734181],[-100.53795464818842,28.71089967468032],[-100.53762832918403,28.705143125954578],[-100.53730205604501,28.699386667161036],[-100.53703019818505,28.694589689662507],[-100.5356160259588,28.688881331108576],[-100.53104689799591,28.685235443560941],[-100.52859971140754,28.680534359872865],[-100.52408558058505,28.677847596589345],[-100.51842980988778,28.674249057448094],[-100.51272048636133,28.669690909308088],[-100.50815349518763,28.666044204276659],[-100.50467456318052,28.662349748841905],[-100.50010835621561,28.658702764121301],[-100.49559640984643,28.656014918953417],[-100.49010479330155,28.655292947711416],[-100.48352572373312,28.654618059575853],[-100.47792704469731,28.651976835262815],[-100.47445011727905,28.648281506586329],[-100.47097351091878,28.64458609876948],[-100.46749722471714,28.640890612711644],[-100.46614243022896,28.636141437777155],[-100.46364709933414,28.630480213591056],[-100.46120553530716,28.625778263855864],[-100.45876425726465,28.62107631681863],[-100.4531154230383,28.617474773941694],[-100.44860737163287,28.614785188585643],[-100.44306581303681,28.613101580373666],[-100.43855834439205,28.610411586725377],[-100.43296423211359,28.607768250804156],[-100.42949129498726,28.604071870820235],[-100.42379202228398,28.599509707207289],[-100.42135373628588,28.594807226872092],[-100.41891573717152,28.590104751932813],[-100.41441037294032,28.587413877848235],[-100.41093916880754,28.583717086874117],[-100.40850211757862,28.57901451390876],[-100.40823836710695,28.574218844024472],[-100.40797464811146,28.569423238891432],[-100.40988371186376,28.564534563819109],[-100.41179254269167,28.55964592112241],[-100.41152865912028,28.554850526430698],[-100.41235098391076,28.550008598118382],[-100.41208709944004,28.545213335627011],[-100.41182324374768,28.540418138786151],[-100.41047343959752,28.535669595175705],[-100.40912379372804,28.530921098330055],[-100.40560259358477,28.526265728980263],[-100.40316759910536,28.5215638053254],[-100.39654765175271,28.519924640709633],[-100.38992797419661,28.518285057909168],[-100.3833085682358,28.516645056923892],[-100.37668943027296,28.515004638653181],[-100.37012281721422,28.514322781671069],[-100.36319113066611,28.506927687962502],[-100.36293032367547,28.502132894017905],[-100.36933917406361,28.499938345878036],[-100.3712489365891,28.495051363329821],[-100.37424385616902,28.490118225775575],[-100.37506776556489,28.485277498957487],[-100.3748063200556,28.480483035064083],[-100.37030858207538,28.477791079994404],[-100.36472595683739,28.475145045207739],[-100.36120977491117,28.470488906038213],[-100.35774607472155,28.46679156377968],[-100.35640070512841,28.462043318744236],[-100.35283357211165,28.456428239671595],[-100.35143667676118,28.450721257080374],[-100.34998801373581,28.444055548624704],[-100.34864348321014,28.439307515829228],[-100.34838376260052,28.43451362210601],[-100.34920866125066,28.429673880944904],[-100.35111797771248,28.424788265366203],[-100.3530270630485,28.419902683062446],[-100.35385153092335,28.415063109175208],[-100.35689656432493,28.41109032166105],[-100.35880497337081,28.406204829289493],[-100.35962895201448,28.401365401092448],[-100.35616830322459,28.39766874681527],[-100.351675825379,28.394976623572347],[-100.34924796342273,28.390275210732455],[-100.34475612859245,28.38758284197462],[-100.34232889436294,28.382881367980815],[-100.34098583872543,28.378134078025312],[-100.33752704793488,28.374437046932201],[-100.33618441767669,28.369689811835372],[-100.33375822486215,28.364988380109708],[-100.33030033159497,28.361291247393183],[-100.32782309056313,28.355631229197911],[-100.32436587358615,28.351933997555989],[-100.32090897586852,28.348236691270358],[-100.31729785790981,28.341663710112186],[-100.31280980922526,28.338970327818402],[-100.30718732693356,28.335363725355705],[-100.30171930320324,28.334632390372576],[-100.29614887097358,28.331983735860774],[-100.29161087664062,28.328331000875039],[-100.28815649792398,28.324632848327326],[-100.28465132999486,28.319976131793112],[-100.282229649079,28.315274167668747],[-100.28197428658405,28.310481843262494],[-100.28166789295886,28.304731140130059],[-100.28244440358634,28.298935342292282],[-100.28548856734346,28.294966018966647],[-100.28523307534613,28.290173987739422],[-100.28389493720158,28.285427240974457],[-100.27936012287131,28.2817744646199],[-100.27384504121562,28.280083383941076],[-100.27034264229906,28.275426792412588],[-100.27003721274713,28.269676646859807],[-100.26978272169521,28.264884933992562],[-100.26947737218296,28.259134967404862],[-100.26814067924892,28.254388449967053],[-100.26675329422909,28.248683687801986],[-100.26541693494357,28.243937281880108],[-100.26083452669201,28.239325865995966],[-100.25300660277247,28.234849001280452],[-100.24739407237848,28.23124023055226],[-100.24090223165263,28.231508949778288],[-100.23446080242405,28.232735518929132],[-100.22817031540768,28.236836506599559],[-100.22276002185748,28.237059458427325],[-100.21858257022939,28.240112474211344],[-100.21327244226939,28.242251516194585],[-100.20771131802286,28.239598786854572],[-100.19983628041996,28.234159581899235],[-100.1930942330124,28.229633891191156],[-100.18964861728983,28.225933501130214],[-100.18831718269178,28.221186411723579],[-100.18693602637649,28.215481134247],[-100.18560492542696,28.210734156356295],[-100.18535564504697,28.205943070316494],[-100.1861879936809,28.201107886020168],[-100.1870202433895,28.196272764676394],[-100.187852392374,28.191437706285171],[-100.1843588221019,28.186779402447542],[-100.17870296057316,28.182209244760884],[-100.17324650572164,28.181471403182741],[-100.16980386405703,28.177770876424859],[-100.16419904175234,28.174158169364091],[-100.1597254523677,28.171459435204838],[-100.15407206487384,28.16688812818461],[-100.14856748370238,28.165190897042294],[-100.14291516909975,28.160619060321437],[-100.1384430447107,28.157919505980487],[-100.13397122069523,28.155219778070375],[-100.12738686940844,28.153565077666258],[-100.12090089406098,28.153826144560981],[-100.11544689255999,28.153085290254012],[-100.10896091901117,28.153345600818852],[-100.10355590717933,28.153562212426209],[-100.0981508665692,28.153778538948472],[-100.09274579897942,28.153994581284962],[-100.0872920456913,28.153252228707458],[-100.08061166929309,28.1496783336882],[-100.07614224107152,28.146976152427555],[-100.06494579311385,28.139740898823447],[-100.05826752562575,28.13616569169335],[-100.05370311370768,28.131546517357947],[-100.05017170176257,28.125926430860147],[-100.04772137294299,28.120263623867174],[-100.04630375811189,28.113600157421388],[-100.04385407590485,28.107937466441001],[-100.04032438706076,28.102317436600458],[-100.0367951910452,28.096697380679643],[-100.03331446039402,28.092035254723271],[-100.03091428856351,28.087330562055854],[-100.02738640375946,28.081710435088553],[-100.02390686740796,28.077048199414946],[-100.019395566752,28.073386221197211],[-100.01596460638143,28.069681730227728],[-100.01464597723003,28.06493460574751],[-100.01121559422427,28.061230050926156],[-100.0077378754026,28.056567551751186],[-100.00308567796162,28.050031521937228],[-99.999656458678601,28.046326744983332],[-99.995100487797231,28.041706203678416],[-99.989512957656814,28.038085429698867],[-99.985005400878492,28.034422365999433],[-99.98260976432914,28.029717355871355],[-99.979182349985422,28.026012121162523],[-99.975708000923476,28.021349030233637],[-99.972186850242906,28.015728118158165],[-99.96876050879041,28.012022690095137],[-99.966366483826107,28.00731761791377],[-99.962940769201111,28.003612089126648],[-99.958436344761481,27.99994823762114],[-99.953979307399095,27.99724194825734],[-99.950554588323541,27.993536118197369],[-99.945066126600409,27.991828854218284],[-99.937513648835761,27.992119793893437],[-99.9299144279085,27.991452460063044],[-99.924519791555099,27.991659531662094],[-99.918139288697205,27.993823093660922],[-99.912697980227563,27.993071817110717],[-99.909228893998204,27.988406934732325],[-99.903695282711112,27.985739771273472],[-99.900227032851262,27.981074688346268],[-99.895680443697472,27.976450636987352],[-99.893291737323807,27.971744365110396],[-99.890857098076594,27.966080442958116],[-99.890626063142292,27.961292178990902],[-99.890348857913409,27.955546351982605],[-99.892274683230028,27.950676178662775],[-99.892043608725544,27.945888142224021],[-99.891766354933281,27.940142586810964],[-99.890457146180324,27.935395727630748],[-99.886005951713287,27.932687010097482],[-99.882587095318172,27.92897963230422],[-99.879122503001099,27.924314636611257],[-99.875704313902929,27.920607123020375],[-99.872240479714321,27.915942014012785],[-99.86746965809823,27.906530116871465],[-99.86405275682921,27.902822415322248],[-99.859558445265975,27.899155337049194],[-99.857174129382543,27.894449326874962],[-99.854744353668934,27.888785876866791],[-99.853438154047524,27.884039285684537],[-99.853209573363074,27.879252133279351],[-99.854058419160708,27.874424425047209],[-99.855984496287419,27.869556137605741],[-99.859033385082626,27.865604593876981],[-99.858804523809681,27.860817722959609],[-99.857498538226935,27.856071588632972],[-99.854038520761094,27.851406782696927],[-99.849547524998229,27.847739840221493],[-99.846133934133718,27.844032207020803],[-99.840748928620144,27.84423477391573],[-99.838321815799134,27.838571803246168],[-99.833832244562416,27.834904313982975],[-99.830419918144685,27.831196302167655],[-99.82597647763231,27.828485834553646],[-99.821488029648833,27.824817918112501],[-99.820184816675919,27.820071833248562],[-99.818881758386397,27.815325798746642],[-99.816502283553518,27.810620049375814],[-99.816276097763648,27.805833890721544],[-99.814928281115272,27.800130803993454],[-99.813625852351151,27.795384995221411],[-99.812323574673201,27.790639238610026],[-99.812097692854195,27.785853365040794],[-99.807612241411789,27.782185319097266],[-99.800213955109882,27.785337441969432],[-99.794967660129373,27.788409089008326],[-99.788689536992479,27.792477629139341],[-99.781289570757053,27.795628482168752],[-99.774831238770616,27.79586739336554],[-99.770346924071248,27.792197599139968],[-99.767970956594354,27.787491054768395],[-99.767747708889601,27.782705129038504],[-99.767479846717492,27.776962112411582],[-99.76725665656943,27.772176341365139],[-99.763359574884419,27.757938477079108],[-99.763314993691949,27.756981370893584],[-99.760940471425556,27.752275176358353],[-99.757490467910714,27.747608594261294],[-99.753009615601229,27.743938585097681],[-99.748573566616756,27.741225484268739],[-99.744137815307909,27.738512214367233],[-99.739702361674631,27.735798772695262],[-99.735267204817603,27.733085161051406],[-99.72980097433549,27.731367730236627],[-99.726397786828386,27.727657432344699],[-99.720799929772909,27.723068475229979],[-99.715202709437449,27.718479277996323],[-99.704010172631342,27.709300156876793],[-99.700609096732364,27.705589252841776],[-99.69505797384636,27.701956167143464],[-99.690582483294918,27.698283939352393],[-99.687182485683138,27.694572715158756],[-99.681589145022997,27.6899820799091],[-99.681371276163418,27.685197412330751],[-99.677885195445356,27.679572202395264],[-99.675474417910038,27.673908255061974],[-99.673107442754258,27.669201232251112],[-99.666615498606348,27.668476331017928],[-99.660123669571647,27.667751018794547],[-99.652600442256585,27.668020669718203],[-99.644990898910805,27.666375987761683],[-99.638456380857235,27.664692420019207],[-99.63402852019999,27.661975015034955],[-99.629558011892698,27.658300571314385],[-99.625087908280307,27.654625972011047],[-99.618469131844904,27.651027484131134],[-99.610733731976097,27.646509809080499],[-99.605190696693285,27.642872505561741],[-99.597499371698632,27.639310763980632],[-99.593031775396071,27.635634979370877],[-99.587575148774079,27.633910460099685],[-99.582161123936658,27.633142468750009],[-99.576831816135382,27.63428782642211],[-99.572661232629741,27.637308931562018],[-99.567289319446502,27.637496972607266],[-99.561959515219428,27.638641567654247],[-99.556335079600217,27.633088052571622],[-99.552943978981432,27.629373115976591],[-99.548478954739949,27.625695495850493],[-99.542033512736396,27.6259195754281],[-99.536578628101154,27.62419238067389],[-99.531123977289667,27.622464905331185],[-99.526702032372839,27.619743203386179],[-99.521122967550866,27.615144857349321],[-99.516701759178829,27.612422783984357],[-99.513271799753738,27.607750001961051],[-99.510916191129297,27.603040198446479],[-99.509593253325932,27.597336707922807],[-99.508311978415009,27.592590024110393],[-99.504841911025323,27.586960543294481],[-99.502487397775155,27.582250851295782],[-99.50120677936934,27.57750430058303],[-99.497779192355779,27.572831509566583],[-99.496498996631374,27.568085043390113],[-99.496292387283802,27.563301811129747],[-99.49819120056344,27.557488364096798],[-99.499016461640338,27.551711844126373],[-99.498768405237684,27.545972277298802],[-99.494269151000481,27.541336673248907],[-99.491875324786349,27.535670852627788],[-99.489481833120067,27.530005076073451],[-99.489275732788826,27.525222403191378],[-99.485851046988216,27.520549979997611],[-99.485645185876592,27.515767442013896],[-99.484366604435195,27.511021674610618],[-99.484160854839558,27.506239277820441],[-99.483955130424874,27.501456952976071],[-99.483749430291937,27.496674700976712],[-99.483543754440689,27.491892519124519],[-99.48333810197181,27.487110410117396],[-99.485236059996112,27.481298599850561],[-99.4860614685619,27.475523573654073],[-99.485814562392079,27.469785354010924],[-99.484495563619305,27.464083932827293],[-99.482145799688851,27.459375595207575],[-99.480827230792045,27.45367431521754],[-99.480621834629915,27.448892778179243],[-99.48041646544749,27.444111313986014],[-99.480211118748116,27.439329922637853],[-99.484087186874149,27.4296207267152],[-99.487137618006614,27.425685706230411],[-99.490187752362829,27.421750642578161],[-99.489981886754606,27.416969610958802],[-99.48977604542813,27.412188651285305],[-99.488498854338616,27.407444491869853],[-99.487221811637255,27.402700390011034],[-99.485944920022007,27.397956343910209],[-99.487881736852614,27.393102256763768],[-99.489777169580691,27.387292097652221],[-99.49278454656951,27.38240134244802],[-99.496903769793107,27.378429849957683],[-99.502134814070359,27.375377449309894],[-99.507448172395186,27.374236929091069],[-99.511607663662687,27.371220995052909],[-99.516796226664496,27.367211872230143],[-99.518688984808762,27.3614016546627],[-99.51629876127879,27.355739641771095],[-99.511850446440917,27.352063599955216],[-99.510572910911094,27.347320629443573],[-99.507154504176981,27.342651561620301],[-99.505877391328511,27.33790867474562],[-99.502500927176015,27.334195531398734],[-99.50011263269181,27.328533630922379],[-99.495666542776689,27.324857200599354],[-99.492291088562865,27.321143873790788],[-99.492085354255664,27.316364382710162],[-99.491838504743157,27.310629090360294],[-99.490562791239768,27.305886497563847],[-99.486077305623098,27.301254069919423],[-99.479616451038339,27.300518133105413],[-99.474225671877207,27.299745233255976],[-99.467805894726212,27.299964397139263],[-99.462456051805304,27.300146722992906],[-99.458053954026695,27.297424828593023],[-99.453570793157553,27.292791094233678],[-99.450198597187466,27.289076752989786],[-99.448925653596007,27.284333968637782],[-99.445554020601548,27.280619574333912],[-99.442182697873193,27.276905112580948],[-99.438730695165418,27.271279031202369],[-99.436348696834841,27.265616779990467],[-99.435076931355241,27.260874180898782],[-99.433805310666514,27.25613163756509],[-99.432533841063901,27.251389151787976],[-99.430193240325764,27.246682819656428],[-99.427852909384228,27.241976504612069],[-99.424483998637584,27.238261919651904],[-99.421115397257722,27.234547268141966],[-99.418735703889581,27.228885276834092],[-99.415367753618909,27.22517054618379],[-99.414097844340006,27.220428304123004],[-99.412828084348575,27.215686118719475],[-99.411558470946659,27.210943989973202],[-99.411357762950388,27.206166035833917],[-99.41440332695197,27.202236013781089],[-99.415271113371148,27.197422277416194],[-99.418235732093308,27.19158117263305],[-99.419103177669456,27.186767569367873],[-99.418902085662694,27.181990003735734],[-99.417632644930563,27.177248470340658],[-99.414186572352378,27.171623368323822],[-99.411849328783433,27.166917829394379],[-99.411648713417378,27.16214055784053],[-99.410380004733383,27.157399240282757],[-99.408043391589217,27.15269383085564],[-99.40784303432855,27.147916774239775],[-99.406574769909696,27.143175625754566],[-99.407402328754415,27.137407506351394],[-99.408229771586662,27.131639488571579],[-99.40909716859943,27.126826907835607],[-99.40992438390316,27.121059076215431],[-99.412966829955224,27.117130184610403],[-99.415968836192803,27.112245962081545],[-99.421306422253565,27.112066190302471],[-99.427590647290515,27.108984255019379],[-99.432806965169277,27.105938071384912],[-99.439171109359165,27.104765994854802],[-99.443319353705192,27.101755474735398],[-99.445251664033037,27.096906840178576],[-99.44504925811674,27.092130725152913],[-99.446981234796112,27.087282209306579],[-99.449980096104525,27.082397457077036],[-99.449736923020566,27.076666413124542],[-99.449493784110814,27.070935474392684],[-99.449250679375325,27.065204642680158],[-99.449007608814043,27.059473919785603],[-99.44453806817728,27.054843368126967],[-99.43904272664048,27.051203944006886],[-99.435681202025819,27.047492037227812],[-99.431253370146862,27.043816149196005],[-99.426866175933242,27.041095173003896],[-99.422479275797912,27.038374032235822],[-99.418092668841552,27.035652725093257],[-99.412679945323191,27.033922184861012],[-99.407227444790692,27.031236325396151],[-99.400708877112947,27.02858595767583],[-99.395296990863415,27.026854531611377],[-99.38988533843758,27.02512282585775],[-99.38550053462194,27.022400229087339],[-99.384235526648183,27.017660752441827],[-99.38297066706258,27.012921331554253],[-99.382772123734469,27.00814641082826],[-99.382573604688048,27.003371565645296],[-99.382375108124677,26.998596794206719],[-99.382136944264516,26.992867166686437],[-99.381898812779923,26.987137647084808],[-99.379568727814501,26.982434210770236],[-99.3762127547148,26.978721175342002],[-99.370804704973125,26.976988726748402],[-99.36429166542797,26.974336493834187],[-99.358884160675416,26.972603436399538],[-99.354503223045299,26.969879971783314],[-99.350122577694776,26.967156342591181],[-99.344637376014077,26.96351286162934],[-99.339152662665242,26.959869128857235],[-99.333746655283903,26.958134813271045],[-99.330354705705076,26.953465733756673],[-99.324910308963524,26.950776166387016],[-99.318089512421011,26.940482814930022],[-99.314738070105818,26.936768263244801],[-99.314543711323211,26.931994410913376],[-99.314349375922916,26.927220635024355],[-99.318493189309208,26.924216974933472],[-99.320428711116108,26.919373551048579],[-99.321299031824822,26.914565082912304],[-99.321104342091701,26.909791595705656],[-99.31870217016899,26.9031786216961],[-99.316300386753426,26.896565737618744],[-99.311886140033323,26.892886479827212],[-99.308536937029999,26.889172310353899],[-99.305188040695498,26.8854580743307],[-99.300774899242185,26.88177846760226],[-99.295452127713475,26.881951774155084],[-99.289064773820201,26.882159370958277],[-99.282754334444917,26.884275805783886],[-99.278611236019685,26.887277607875376],[-99.274506213091229,26.891233917111663],[-99.269221088082702,26.892360499637391],[-99.265077081342213,26.895361827786189],[-99.259829770127737,26.897442608089932],[-99.254582190016038,26.899523131187607],[-99.249334343704959,26.901603397079157],[-99.244086227597279,26.903683404865319],[-99.238837846189597,26.90576315364666],[-99.233589194085994,26.907842648819212],[-99.228378123751384,26.910876610667117],[-99.224231670854863,26.913876454035176],[-99.219019865774158,26.91690999679895],[-99.212780257902523,26.920931839632772],[-99.207605188328728,26.924919644026374],[-99.20239205674801,26.927952443050856],[-99.197141046621994,26.930030200733256],[-99.193029911900851,26.933983769735221],[-99.187778274048071,26.936061085850497],[-99.1836290431458,26.939059518182262],[-99.179479505574704,26.942057810219808],[-99.175404153079171,26.94696568042184],[-99.170114043128535,26.948087303186526],[-99.165963547779484,26.951085131173897],[-99.160710117577821,26.953161163057302],[-99.155456417579558,26.955236935036567],[-99.151341986843192,26.959189143364313],[-99.148366709356139,26.965017997582549],[-99.145354100111604,26.96989193006857],[-99.052968953254549,27.038691824767966],[-99.011856204000594,27.081999275945861],[-98.991881147996537,27.119891633891825],[-98.981432024068624,27.155591753156955],[-98.966983126669902,27.287098524177622],[-98.942316524288117,27.37491549635314],[-98.904282595065695,27.450683969589591],[-98.862459549568541,27.542842462110002],[-98.774404040314153,27.669808002137643],[-98.703788604160707,27.746443747381079],[-98.636847860840078,27.807614503406683],[-98.552802121021045,27.876848011626464],[-98.423670795870521,27.959566444735685],[-98.328372304238428,28.025068896012783],[-98.283504866556314,28.081706915142092],[-98.243501472415005,28.120959709023396],[-98.167449106590936,28.189751526012174],[-98.12575245541143,28.251074889794381],[-98.086771067031066,28.29410057797935],[-98.06664875513593,28.312742962817538],[-98.039841350797644,28.32479654742275],[-98.049965491214436,28.338992335128239],[-98.051049819993182,28.338970684849301],[-98.052256607656261,28.343745851090205],[-98.052379081829145,28.348542744951772],[-98.050332527923786,28.353383030202735],[-98.05368414740542,28.357155645716546],[-98.055976001291413,28.361909328952436],[-98.056123271571664,28.367665910953065],[-98.056270564335023,28.373422589181189],[-98.058587615426063,28.379135910194179],[-98.058710522172817,28.38393329238761],[-98.061003436359442,28.388687236426847],[-98.065442073592806,28.392438085649189],[-98.070990956267565,28.397126434937093],[-98.074345369043499,28.400898857995969],[-98.074469250655341,28.405696526173813],[-98.073507858300957,28.410516163889895],[-98.071485742572918,28.416317313593197],[-98.068328471082054,28.420221201347431],[-98.066281051129579,28.425062814897046],[-98.065318936619576,28.429882648665341],[-98.063271088589829,28.434724336858721],[-98.063394362259999,28.43952249067047],[-98.06462806573262,28.445258560034574],[-98.0701805492929,28.44994767374618],[-98.074598208040811,28.452739120813817],[-98.080077207996737,28.454548760017303],[-98.086642359657162,28.456336083443546],[-98.094243667011597,28.456181522359429],[-98.099673154792242,28.456070778044023],[-98.105178108283042,28.458838777987239],[-98.111769408631289,28.461584205846464],[-98.114067682777318,28.466338034772548],[-98.117452323565828,28.471069519143043],[-98.119751203854946,28.475823351666406],[-98.123161961855033,28.481514516082086],[-98.12546148066275,28.486268364793261],[-98.12667491161784,28.491044698354187],[-98.126827489696836,28.496803335305742],[-98.126980092057579,28.502562065786776],[-98.130392499414256,28.508253429851948],[-98.132693213421021,28.513007482709213],[-98.136055370259101,28.516779154834182],[-98.137269891192489,28.521555784272095],[-98.138484556916751,28.526332463172707],[-98.140786268271654,28.531086582579746],[-98.140939936328948,28.536845861647237],[-98.143267737016401,28.542559973164259],[-98.14663163134469,28.546331620108219],[-98.148934396704988,28.551085830346835],[-98.151237438157182,28.555840054075304],[-98.151391903913179,28.561599727045802],[-98.153721166898322,28.567314006736069],[-98.154963297917845,28.573051101327337],[-98.157293149059569,28.578765487137559],[-98.161902082814834,28.588274327598185],[-98.164232870150784,28.593988806038624],[-98.16547616579237,28.599726210895994],[-98.168869469750177,28.604457814876298],[-98.175448873866401,28.606240235198754],[-98.178816950042176,28.610011515219298],[-98.185397030448541,28.611793327600026],[-98.190915632950066,28.614557973971387],[-98.196382012719653,28.61540216038145],[-98.202936543386727,28.61622278635258],[-98.208429607840117,28.618026431574606],[-98.214984476652262,28.618846294920615],[-98.221592688751571,28.621585941038404],[-98.228147982943028,28.622404976108839],[-98.233642038449261,28.624207308320649],[-98.238074986571348,28.626993122035003],[-98.242535105011029,28.630738883792503],[-98.24696872402734,28.633524368354983],[-98.251429618581994,28.637269815349725],[-98.254829584717527,28.641999088287321],[-98.258257007155123,28.647688474743347],[-98.259480793803561,28.652465444124971],[-98.260704728840153,28.65724246296935],[-98.263017449695496,28.661995621001154],[-98.265330444844096,28.666748790724171],[-98.265466178621239,28.671549884419676],[-98.265601928586079,28.676351041967052],[-98.265737693839469,28.6811522633663],[-98.266962440963823,28.685929596973381],[-98.271481642164019,28.691595285394158],[-98.275946916417013,28.695340288123873],[-98.276083333678855,28.700141754138713],[-98.277308987319884,28.704919220845397],[-98.277472807823813,28.710681143020395],[-98.273251890162555,28.715579020855159],[-98.269030455391146,28.720476794368608],[-98.2680770022518,28.725302589742796],[-98.264944303836501,28.730176348659597],[-98.261784099656438,28.734089683791922],[-98.258623587008913,28.738002964065572],[-98.25660662439617,28.743813185230351],[-98.254589368604456,28.749623461253805],[-98.257994291803072,28.754354132637161],[-98.262435295152727,28.757139923868465],[-98.264751003555943,28.761894384118591],[-98.264886864137452,28.766696767441942],[-98.26614005771745,28.772435758703352],[-98.266303213622393,28.778198794239017],[-98.267529477903054,28.782977428265781],[-98.268783116647455,28.78871664885429],[-98.270036936155634,28.79445594858322],[-98.270200415816475,28.80021933305585],[-98.270363920658383,28.805982810158639],[-98.269409530425435,28.810809778248711],[-98.268455024180014,28.815636802996096],[-98.268591196826264,28.820439902179771],[-98.269818246215038,28.825219073101778],[-98.271045441294063,28.829998294385803],[-98.273363772120376,28.834753530750902],[-98.277837124083987,28.838499958006707],[-98.281219808847084,28.842270356691643],[-98.281356793581097,28.847073796718405],[-98.279311356633741,28.851925527641015],[-98.277265673272154,28.856777282845371],[-98.275219739899057,28.861629064130057],[-98.272054843955857,28.865544153839664],[-98.271127127614818,28.871332700443816],[-98.271290843797374,28.877097317886978],[-98.272546228125918,28.882838001672496],[-98.27271007021352,28.888602801678019],[-98.273938411028837,28.893382830553264],[-98.275194242320367,28.899123741867243],[-98.279643883658252,28.901909918008357],[-98.285158313305487,28.903710914726958],[-98.289636077343062,28.90745754792755],[-98.293049797709955,28.912189147411254],[-98.293187614316935,28.916993503847152],[-98.294417614381359,28.921773664922739],[-98.298896823629491,28.925520084983987],[-98.304413313623513,28.92732017068937],[-98.310966750714954,28.927173731382652],[-98.31522436431294,28.923232299630968],[-98.321805355732522,28.924046062875561],[-98.323037176924117,28.928825974838901],[-98.326425816997812,28.932595838427233],[-98.327658045582325,28.937375807947205],[-98.327797986387907,28.942180453964852],[-98.325752934350419,28.947034383729886],[-98.324800205165275,28.951863753909151],[-98.32493999758276,28.956668595079634],[-98.329394578896654,28.959453068804123],[-98.334857936944218,28.959329733980098],[-98.340293130023895,28.958245131807416],[-98.345728177413434,28.957160249046296],[-98.35113480083038,28.955114117822347],[-98.356569486692422,28.954028673884238],[-98.365452419693383,28.958633712675748],[-98.368872814828478,28.963363471247249],[-98.374422050936857,28.96612099318935],[-98.374564853385266,28.97092595486896],[-98.377957707682015,28.974694563003709],[-98.38135088303676,28.978463099192709],[-98.384773068722097,28.983192589766247],[-98.388195658203017,28.987922028179128],[-98.39055430563667,28.993637761173773],[-98.39069812701689,28.99844306369647],[-98.391935219135007,29.003223133041217],[-98.392079139440682,29.008028559670322],[-98.395474397625321,29.011796977148833],[-98.397805414288428,29.016551805221695],[-98.399043210575655,29.021332024753178],[-98.403503981923166,29.024113797813584],[-98.404742236864706,29.028894049720691],[-98.408196957323696,29.034584574718394],[-98.413723442382945,29.036379361618287],[-98.420285623582629,29.036225939975225],[-98.426818566923316,29.03511094791196],[-98.433292744064829,29.032073253877627],[-98.437549907102493,29.028125645582122],[-98.440713125810078,29.024203730018201],[-98.447244800207329,29.023087484299992],[-98.453746758306238,29.021009719423091],[-98.460307600415376,29.020853764389756],[-98.46577494875487,29.020723484101552],[-98.470238008876947,29.023502372136818],[-98.475794918900363,29.026254902841572],[-98.47919490032433,29.030020756352883],[-98.484662845813659,29.029889474219885],[-98.490220698326539,29.032641277373102],[-98.495748890299012,29.034431669286164],[-98.501247217584989,29.035260640965873],[-98.506715485930897,29.035128190613534],[-98.512183736290353,29.03499545157888],[-98.517621659711779,29.033901297706791],[-98.524153049923257,29.032780164173289],[-98.530684255773735,29.031658621448287],[-98.537245820937869,29.031497778599658],[-98.542744377550946,29.032324537947147],[-98.54933665995884,29.033124042440647],[-98.555929071869116,29.03392312785013],[-98.560426826936464,29.037659343304085],[-98.564894123764759,29.040434270725086],[-98.570424527170132,29.042220708319064],[-98.576862788986489,29.038212849943136],[-98.581144248108501,29.035220374720552],[-98.58430069222311,29.031293995821329],[-98.587394538127398,29.02544539518891],[-98.588332261224821,29.020612646256666],[-98.590332053981058,29.014791501926311],[-98.596798355759461,29.011743745377601],[-98.603295492592849,29.009656643739163],[-98.608761833691631,29.009518807347149],[-98.61425961778707,29.010341712200329],[-98.619789040032117,29.012125361895983],[-98.624288552374765,29.015858575412949],[-98.627695088057806,29.019619434089691],[-98.633225453691693,29.021402411092424],[-98.639849507348856,29.023157180859243],[-98.645380389193576,29.024939524739352],[-98.651941163853621,29.02477140817399],[-98.65538134407376,29.029492516166727],[-98.65557313079529,29.035258987112627],[-98.658981966944168,29.039019013916402],[-98.660267769042264,29.044757490765619],[-98.66152171085821,29.049534917002859],[-98.66280786459123,29.055273527851057],[-98.662968184933732,29.060079241363951],[-98.663128524162005,29.064885016030701],[-98.665477022746359,29.069634476050283],[-98.665637531946516,29.074440372125537],[-98.666924382654088,29.080179321118806],[-98.6692735602266,29.084928891754998],[-98.671623014790271,29.089678471384389],[-98.672878343360821,29.094456346383311],[-98.675260523354439,29.100167214945088],[-98.677610782811314,29.104916854829014],[-98.681055936282405,29.109638140887569],[-98.684501497146357,29.114359372087392],[-98.687915076319655,29.118119254999669],[-98.692423752753939,29.121850579041052],[-98.697995161647384,29.124591893401202],[-98.700347495840219,29.129341331837054],[-98.702732684066063,29.135052107768615],[-98.702928149014838,29.140820146232841],[-98.703123641842581,29.14658827372989],[-98.702223971758826,29.152385092298232],[-98.701356739322023,29.159143386857863],[-98.700424238587686,29.16397897944637],[-98.698396207119231,29.168843185764445],[-98.698558899873319,29.173650322904109],[-98.699817163831028,29.178428956031553],[-98.70107557797553,29.18320763502436],[-98.703429824127056,29.187957756045648],[-98.705816987264143,29.19366936385012],[-98.70710865474058,29.199409662725827],[-98.709463738160935,29.204159852095529],[-98.710723137063098,29.208938745127057],[-98.713078717808571,29.21368897496626],[-98.717626768360617,29.218381705751199],[-98.721046363998482,29.222141549992614],[-98.723435812312857,29.227853277406894],[-98.726856088737463,29.231613025420813],[-98.730276688018705,29.235372698791082],[-98.7315378280083,29.240151736613427],[-98.733895571623293,29.244901890909603],[-98.736253596726044,29.249652049702377],[-98.738611902417347,29.254402216589085],[-98.743163778685414,29.259094339432295],[-98.744426067109259,29.263873522944778],[-98.746053187104849,29.279231205056135],[-98.746252143221795,29.285001392900028],[-98.74754820658444,29.29074259019842],[-98.751038768624255,29.296425636434037],[-98.752335364385544,29.302166947046999],[-98.752501586079291,29.30697571465754],[-98.752667827558184,29.311784544321313],[-98.752834090620752,29.316593435138998],[-98.75303363219632,29.322364184159824],[-98.752135609670631,29.328164164744464],[-98.750106555672971,29.333031519588985],[-98.746946334405777,29.336966149768045],[-98.747112303390054,29.341775370636924],[-98.747311493330699,29.347546517158094],[-98.749673359437963,29.352297667903088],[-98.752068769358175,29.358010713723502],[-98.75549599124696,29.361770818768321],[-98.757858768367441,29.366521963218077],[-98.761286630573522,29.370281960344244],[-98.764815087346392,29.376927673273542],[-98.766113987170741,29.382670036992693],[-98.767379614777383,29.387450511032284],[-98.767546923751468,29.392260339842835],[-98.767747722579315,29.398032214814918],[-98.767948550185395,29.403804177920506],[-98.770346822647696,29.409517578073803],[-98.771613131041136,29.414298338097865],[-98.772913133434315,29.420041181155625],[-98.774213321087871,29.425784095259814],[-98.775480122309773,29.430565010866587],[-98.776780666994171,29.43630805087588],[-98.778081402334806,29.442051161931602],[-98.777150252382228,29.446891082057846],[-98.777318278116013,29.451701645614492],[-98.77858567828639,29.456482849004317],[-98.7798532304422,29.461264097360242],[-98.782220417838005,29.466015927992714],[-98.783488342313092,29.470797250992405],[-98.784756416075709,29.475578618058819],[-98.787158061895013,29.481292704394832],[-98.790659824990882,29.486977267786756],[-98.793062239730546,29.492691387397656],[-98.795431153824666,29.497443307962328],[-98.795600392743893,29.502254476762744],[-98.798003625866613,29.507968709688271],[-98.80037329089464,29.512720705795971],[-98.801676979608885,29.518464665811734],[-98.801948448961696,29.526162971344093],[-98.805385283703856,29.529923083583469],[-98.806689618131315,29.535667236953486],[-98.810195173668319,29.541351946934867],[-98.811465983168546,29.546133865285697],[-98.813837590732192,29.550886025070042],[-98.81620948428025,29.555638190250306],[-98.820749031742366,29.559368240851711],[-98.823121589889411,29.564120352072621],[-98.824393542428027,29.568902392731275],[-98.825665645153379,29.573684478356029],[-98.825836877869563,29.578496550975103],[-98.828210312855617,29.583248780007239],[-98.831685185323011,29.587971020246414],[-98.855618318630491,29.671139616200378],[-98.875362510571392,29.759256585123353],[-98.888959431632429,29.829245093086627],[-98.894053665644094,29.908158686174488],[-98.877184490271986,29.961658675707383],[-98.838357768196431,30.05241129494533],[-98.784630761900132,30.163824494604796],[-98.721792644814684,30.266814400264423],[-98.614413453118345,30.426241892249607],[-98.521962504665794,30.551047156401182],[-98.417704892167023,30.658967036699437],[-98.321932140355955,30.765666078326888],[-98.121268895243304,30.997112895843543],[-97.903483626767922,31.210505760332637],[-97.754222205190558,31.365315192242406],[-97.547229063870191,31.55222374103289],[-97.429393960163111,31.67287597104928],[-97.386163078163463,31.74581383623962],[-97.36868362734748,31.828891706786862],[-97.36467189739011,31.981348461862069],[-97.371114591964783,32.092740340394471],[-97.391835831658284,32.186815277403184],[-97.424265132829589,32.304578830148955],[-97.473128651366153,32.4535995661671],[-97.497819973413016,32.566737796811935],[-97.49757221828321,32.669751361835949],[-97.493677062046743,32.759477279952534],[-97.491771603676511,32.77763050734211],[-97.484163341864701,32.793000822230226],[-97.48418178695988,32.793954645890267],[-97.484274018730957,32.798723794767341],[-97.485495690173934,32.803477394366325],[-97.488957994615703,32.807245933253284],[-97.490180091438049,32.811999546342065],[-97.488013476240894,32.816800096847032],[-97.483568757791886,32.820677945630734],[-97.477975479184977,32.823617282611565],[-97.474659641928895,32.827479287139454],[-97.473639793641553,32.833218076053413],[-97.473749744754855,32.838941444292288],[-97.478343078869955,32.842695069721742],[-97.481806800643312,32.846464086148728],[-97.486382492757798,32.849263501209691],[-97.492107216274974,32.853000993700959],[-97.497757982245048,32.852922524255121],[-97.50340873382595,32.852843758033032],[-97.510264757712378,32.856564518637697],[-97.515934620786084,32.857439016697299],[-97.520512213168047,32.860237032413181],[-97.518346133966872,32.865038580266344],[-97.516179783170401,32.869840120924891],[-97.51514363017435,32.87462575707309],[-97.512976809032466,32.879427311221491],[-97.518667289064126,32.88125565722288],[-97.526638215081505,32.88400563565159],[-97.533459990985762,32.885817181417849],[-97.539151433291977,32.887644462621893],[-97.542620175980289,32.891411801813263],[-97.543846942082666,32.896165468861341],[-97.547335557090264,32.900886691967287],[-97.550805300723994,32.904653848596297],[-97.555406343827656,32.908404594396586],[-97.557765202601956,32.913141899179379],[-97.560143772716913,32.918833200291999],[-97.561372064069474,32.92358688172925],[-97.560338007393113,32.928373374931368],[-97.558172498362069,32.933176261875019],[-97.554855963232058,32.937041433815182],[-97.550407654689479,32.940922814236558],[-97.544808162666527,32.943866208059092],[-97.539246575269203,32.94871744255596],[-97.534777685741574,32.951644185430837],[-97.530308453572218,32.954570755635928],[-97.525857885033304,32.958451233137964],[-97.525952910998001,32.963221641065957],[-97.530537189839379,32.966019717036374],[-97.535121805027245,32.968817610444432],[-97.540838648684655,32.971599147882444],[-97.545423973437607,32.974396629400985],[-97.546652241407799,32.979150908887391],[-97.550125497793431,32.98291857003602],[-97.553599095921527,32.986686143051088],[-97.558205204906244,32.990437270163966],[-97.561679542277034,32.99420462734173],[-97.565173723188764,32.998926029412758],[-97.565290755563865,33.004650857251306],[-97.565388296033007,33.009421588935254],[-97.565485849092624,33.014192356592048],[-97.565583413843456,33.018963161121064],[-97.563415670896461,33.023766860152534],[-97.563513118735386,33.028537741123898],[-97.564743381401911,33.033292231951009],[-97.564840923669635,33.038063183069482],[-97.568337304323109,33.042784816266305],[-97.572927898203886,33.045581448824862],[-97.579765172124951,33.047390535844613],[-97.584356461181699,33.050186701655036],[-97.590101000360846,33.053920206552334],[-97.592466491635264,33.058657871063929],[-97.595965518094147,33.063378764118738],[-97.599464974428997,33.068099580731143],[-97.602964863337718,33.072820319102505],[-97.608691943977988,33.075598723302505],[-97.613285982262255,33.078393783846082],[-97.618973462155509,33.079263170159209],[-97.624701606693748,33.082040754177513],[-97.627090410194228,33.087732129034578],[-97.627212212573511,33.093457706008394],[-97.629581227391668,33.098194854309156],[-97.634177386277315,33.100989127046603],[-97.638773880610074,33.103783218121066],[-97.644504580122259,33.106559858750529],[-97.649101786718063,33.109353534338197],[-97.654812627400815,33.111175362053359],[-97.660730993840275,33.122539869919137],[-97.663102985414412,33.127276501109691],[-97.667702118358022,33.130069475226151],[-97.673435836894328,33.132844696725442],[-97.679128049919541,33.133710986672725],[-97.684841425791149,33.135531298130957],[-97.690555074157317,33.137351311913562],[-97.696226641446287,33.137262385151018],[-97.703053764719414,33.13810959867908],[-97.708725374276582,33.138020017210067],[-97.715552705293078,33.138866442032736],[-97.721224355319691,33.138776203159296],[-97.728073465218188,33.140576157563657],[-97.734922897074,33.142375682991428],[-97.742972335704678,33.147019449288223],[-97.750957167039587,33.148799662674321],[-97.760098838590466,33.151515140411448],[-97.765793423127946,33.152376887883122],[-97.770243084250922,33.148485309149748],[-97.775893211702339,33.14743787595728],[-97.782677609084374,33.146371433794684],[-97.790596226934269,33.145285765026074],[-97.7973802286146,33.144218401957744],[-97.804141517017342,33.142196307813379],[-97.810902449288562,33.140173798182275],[-97.81882002302558,33.139086071764837],[-97.82446878800414,33.138036114175407],[-97.830163091053748,33.138894451417855],[-97.835857522706476,33.139752488286774],[-97.840463708133598,33.142538155411614],[-97.845070229007831,33.145323639974038],[-97.847454345241829,33.150056383395452],[-97.848704221222818,33.154808530589264],[-97.848819647408789,33.159580125622369],[-97.851227557006098,33.165267220605813],[-97.855859017879311,33.169006679914389],[-97.860490931111542,33.172745962056581],[-97.865100003362443,33.175530723564066],[-97.869709411060455,33.178315300710608],[-97.87545407344669,33.181080001041266],[-97.8811521563469,33.181935706867421],[-97.887985306876374,33.182771290362837],[-97.894842276849545,33.184560791947035],[-97.900517096986391,33.184461130876514],[-97.906191900935426,33.184361173029743],[-97.911818928400805,33.182352227873082],[-97.915080184902592,33.176565907091003],[-97.920754383607857,33.176465184820472],[-97.926452629285393,33.177318496651367],[-97.933334157045692,33.180059875762709],[-97.939081251198729,33.182821200038404],[-97.945915113991305,33.183653120595068],[-97.950527955300856,33.186434284814425],[-97.957386714924894,33.188219827583055],[-97.963110770245805,33.190025564628172],[-97.969970145905449,33.191810318691296],[-97.975719446994844,33.194569746296793],[-97.981469165369674,33.197328878924679],[-97.987169643164464,33.198179017048062],[-97.99292004502405,33.200937556123392],[-97.998670860571735,33.203695802919015],[-98.004397050883142,33.205499395980382],[-98.010123509192567,33.2073026922655],[-98.016985535154276,33.209084509142826],[-98.021627758214436,33.212817112919481],[-98.025160338378896,33.21752518433982],[-98.025312194302273,33.223251425912622],[-98.028820125848085,33.227005070227847],[-98.033438603208936,33.229782881774611],[-98.038082889313841,33.233514898293947],[-98.041617439892889,33.238222582106516],[-98.042880842576778,33.242973127607797],[-98.044144399944059,33.247723693793489],[-98.047679982045508,33.252431284975899],[-98.047807993344179,33.257203380032024],[-98.049072093901998,33.261953992083136],[-98.051472495958876,33.266683081558995],[-98.052736982325825,33.271433720589812],[-98.055137908687527,33.276162795676555],[-98.056402779964287,33.280913460787644],[-98.058804232429338,33.285642525981814],[-98.061231766133062,33.291326039864884],[-98.064770423016569,33.296033388230342],[-98.068283641676658,33.299786171894368],[-98.068413019944899,33.304558591605769],[-98.084113219649339,33.379705502906688],[-98.07438196605483,33.524126899137116],[-98.038266261978379,33.964382717788226],[-98.03801294274308,34.035480397402466],[-98.023309441877188,34.033125071165159],[-98.010800533218003,34.026903552257181],[-97.998211666735017,34.017575346025467],[-97.989748232394959,34.012233391058203],[-97.987347439132975,34.011532248114804],[-97.969004719192412,34.006173170055831],[-97.958407213422106,33.995848920591243],[-97.953325506966564,33.976822257241452],[-97.957125898041738,33.957397858824152],[-97.959328564361726,33.942781685726288],[-97.96161079460245,33.931270715171422],[-97.957222785603051,33.916773498098507],[-97.948595341901466,33.904502818949993],[-97.92479807277283,33.892739702775089],[-97.909260623379055,33.890145813378638],[-97.890782691268157,33.895963643707262],[-97.872600156771796,33.902251142276441],[-97.855425892690732,33.903022809155345],[-97.84167113521471,33.903017206379047],[-97.824101768381865,33.911197737385748],[-97.819341111802828,33.927764412297847],[-97.817965898207603,33.942124256129546],[-97.81304752302475,33.952242146258072],[-97.801174035753093,33.959368608874229],[-97.777212867879541,33.964779825128858],[-97.762984799009246,33.969550937226018],[-97.753778451814071,33.980691441956537],[-97.752632371986351,33.993135868325737],[-97.750261241962733,34.002254606265126],[-97.739521380707117,34.009356419363314],[-97.72297132076983,34.013442510663367],[-97.70068190084902,34.017615687813816],[-97.683198164763439,34.018603685711582],[-97.671409516835695,34.017590052638866],[-97.653106324797022,34.007354417872136],[-97.635381693610213,33.997107253796798],[-97.617989480630001,33.988764136156021],[-97.604445220270691,33.985857782710582],[-97.599715628073739,33.979236569112402],[-97.601470117252063,33.967263327240801],[-97.610242939959676,33.948257465209906],[-97.611984879098827,33.93580682632404],[-97.603175277716844,33.925901408223467],[-97.595388451016163,33.923626315901799],[-97.581308595815017,33.921920027687179],[-97.56465035103281,33.934107115750862],[-97.555958032936815,33.943550063784471],[-97.549458931084757,33.948182459952591],[-97.528181146842428,33.945137630697161],[-97.505381840999121,33.937569943598078],[-97.493828831635255,33.933189136369606],[-97.470070302602323,33.920132083728731],[-97.457547583054463,33.909787571639185],[-97.454813276211667,33.901700768875457],[-97.454270088393855,33.888328602782849],[-97.460590340271949,33.87438705072185],[-97.464465403855286,33.867406616422272],[-97.462540078561744,33.856681633550579],[-97.453882862803823,33.853213965552129],[-97.442977287072097,33.851925579701799],[-97.424964908803474,33.85335725992968],[-97.412690771761675,33.855428386011283],[-97.400755213282423,33.86036062244483],[-97.388153608801986,33.860283051421732],[-97.374467454309524,33.863562370806847],[-97.367451797162687,33.871534558573046],[-97.363601970354637,33.880422424355459],[-97.353954723331753,33.885559858200963],[-97.345178142357327,33.891402451362069],[-97.340743330839985,33.899819093076758],[-97.337428172572061,33.90678839916535],[-97.330358474264131,33.912131123052916],[-97.322597969820436,33.910792065801274],[-97.312790921363899,33.90708796603684],[-97.3060947942393,33.90095662844567],[-97.300922142942511,33.90006284622342],[-97.288899146078677,33.900683541212516],[-97.280802638730734,33.90363922157286],[-97.273324569972885,33.911617799022281],[-97.260145122299491,33.928973131704709],[-97.246869172873971,33.940833019428339],[-97.233712263110419,33.942655167302178],[-97.222430002742385,33.936331310941284],[-97.217882150940454,33.932739494232351],[-97.200658842331677,33.919132162619235],[-97.195207313066987,33.900556859111816],[-97.198998539151205,33.886658553649397],[-97.211837185137938,33.865493085737342],[-97.218173223715269,33.849894118219026],[-97.221631090002745,33.833491304280301],[-97.2210487501996,33.815103618237458],[-97.21068318767891,33.793242522924118],[-97.195401855311331,33.767613420223199],[-97.188032278966489,33.753601183248065],[-97.175850281065607,33.742507165373411],[-97.15308725567229,33.73092755856004],[-97.138281713230469,33.734905170037621],[-97.122423006216707,33.745101880347534],[-97.117442433021836,33.756379485824652],[-97.117758962905782,33.777873948224169],[-97.124705133035434,33.802645000566372],[-97.129069482670445,33.826726662305646],[-97.127179784919122,33.834390556179301],[-97.118718444200795,33.842958312775977],[-97.11129002521443,33.843989925095002],[-97.090369608170818,33.842529183275246],[-97.078960529005201,33.845509471784737],[-97.07533741409037,33.852473095956668],[-97.080882374821726,33.859823852189095],[-97.097012583563867,33.86635163791783],[-97.10825649414187,33.871493553085031],[-97.111221593102016,33.878391414332384],[-97.108532462802884,33.890363904370759],[-97.096588957914037,33.896457368812548],[-97.082781324798248,33.892534069191981],[-97.061194916612067,33.885340474883037],[-97.044296751593777,33.885503746800509],[-97.021869971921603,33.900528317328053],[-97.013158741082975,33.913271688237899],[-97.013589072077991,33.924018640647773],[-97.020608043226559,33.934465352593975],[-97.029675998248706,33.947878940560713],[-97.028157200694238,33.962706458836067],[-97.02143424139706,33.974477028592048],[-97.011458704055883,33.979109637000192],[-96.993099402415453,33.978800477959737],[-96.975289157568511,33.976571897675001],[-96.96153692808673,33.977649707268256],[-96.942592767642054,33.976381497708019],[-96.933608999955368,33.968813156801787],[-96.923986575120296,33.955754409838221],[-96.910394307151535,33.92218188778395],[-96.898172115850457,33.90651551607823],[-96.889470709205852,33.897508630418997],[-96.881394231558488,33.892796276427077],[-96.866761017207125,33.890763580175133],[-96.862788986922169,33.894139668411015],[-96.866068235260798,33.905341952968797],[-96.864433772300742,33.912760920080473],[-96.848959035331177,33.912643647586322],[-96.835447832251646,33.908686705227296],[-96.818714378066034,33.898063191063443],[-96.810823900002958,33.883549546974052],[-96.808671199116532,33.869709865617835],[-96.804575979697688,33.861618017657463],[-96.794783233159649,33.856195558078582],[-96.777653761611759,33.861096892007993],[-96.755718497410669,33.872478957338046],[-96.740603883162635,33.879032765849502],[-96.732369971097228,33.886494057754589],[-96.7261991181947,33.900152354847364],[-96.723775994766299,33.916413637979076],[-96.714473465078299,33.932720520335806],[-96.704529155795854,33.942102669702479],[-96.691963057449129,33.94720026627931],[-96.67762178281896,33.946334688595073],[-96.66151921384062,33.940699739001786],[-96.637918907031917,33.929372865965036],[-96.602267944709865,33.915241549757752],[-96.598770992986886,33.907854975326927],[-96.600989153726402,33.898525843692767],[-96.613839748105875,33.893437457073048],[-96.630123824554801,33.888088886692799],[-96.642976771560711,33.883713772172882],[-96.647800908585054,33.878429637317936],[-96.64547516464711,33.874382351764154],[-96.63769467277092,33.868694914139041],[-96.619063783966396,33.866652423370681],[-96.562629311993135,33.863853040685342],[-96.550304465778424,33.862243830688271],[-96.53852395761453,33.856569584318891],[-96.532445920143061,33.847283238830471],[-96.518485056939767,33.815262312605682],[-96.510065886331574,33.81155987298979],[-96.501487835195405,33.812555180577192],[-96.493242309285108,33.820714275343562],[-96.485253708891491,33.824572047661945],[-96.4717787637789,33.820809395737058],[-96.451949704615117,33.807039402846215],[-96.426065219634154,33.783496905357936],[-96.401612655000008,33.757316514645481],[-96.394100638633518,33.742416368020997],[-96.380604090906047,33.730522566863044],[-96.369420223564418,33.723157277586324],[-96.35626826996463,33.722245829981148],[-96.347132136438915,33.724424868412996],[-96.336270990813546,33.724458993188023],[-96.324269614551042,33.725211938879909],[-96.314294482804087,33.732167407999555],[-96.310907324813172,33.742685964985355],[-96.312666921241373,33.753428741843038],[-96.32443594506276,33.764142267351815],[-96.326188713838064,33.772735533218338],[-96.323371440939184,33.782775660768209],[-96.315679172555747,33.790202699295207],[-96.300242852825363,33.793112633841019],[-96.28107556338648,33.793163818755261],[-96.274760195726401,33.787208590004468],[-96.278430729194781,33.774062455018338],[-96.278972891785486,33.76594025224091],[-96.276665924792553,33.760691547077272],[-96.267229345757642,33.760715133596591],[-96.25236831064899,33.76337791016249],[-96.226120505856613,33.78397658305289],[-96.205586084130459,33.806469715604919],[-96.195347523869088,33.830613739032856],[-96.193093027820964,33.844472180246953],[-96.193121317794521,33.855579741911583],[-96.18683650460099,33.861323730705635],[-96.168225113098458,33.861592940961486],[-96.156489186126976,33.863521451653696],[-96.146200549815489,33.873807554575023],[-96.137040130997207,33.875969392573438],[-96.119278510694699,33.872645952448806],[-96.103528572185837,33.873378699367549],[-96.093514593323789,33.881031975845076],[-96.083491222841644,33.881995649779469],[-96.070598062650447,33.877227115139306],[-96.056563144773293,33.875324252212522],[-96.047688495427678,33.880822786342549],[-96.040242051329585,33.881303556713817],[-96.025633280551403,33.876291445194113],[-96.015036029289263,33.872949088729513],[-96.005872130094701,33.877010945998393],[-96.003581382374875,33.886088607403337],[-95.996993348364299,33.888955244988608],[-95.986681346766716,33.88943224360321],[-95.978086854224898,33.893491922714134],[-95.965194541195103,33.897071882761225],[-95.956312369919885,33.899696459723884],[-95.945985540300398,33.918564312692922],[-95.94054532540639,33.913066910809334],[-95.927654294809827,33.909953508247838],[-95.915620130164825,33.91018374818151],[-95.904167700978576,33.903485316993851],[-95.895875377946311,33.891772168950467],[-95.881569548296,33.881007737317248],[-95.860389157933241,33.873338430424269],[-95.836343844093108,33.868288480828767],[-95.814864833844979,33.868970734411903],[-95.796523949420703,33.87395451099195],[-95.782196480283289,33.876793391002252],[-95.769600171011064,33.875095306403296],[-95.757854416248279,33.876264244299477],[-95.746385905385182,33.880060278159362],[-95.748647060913072,33.889143152034876],[-95.75864437713625,33.898004608326062],[-95.761764062361578,33.908044894156603],[-95.759729682578779,33.917118405190308],[-95.747978850243726,33.917808555720342],[-95.729070823659526,33.91656871977068],[-95.71473726970919,33.918204421996506],[-95.704118081284378,33.922476260171322],[-95.69465943378583,33.922927971648619],[-95.688095890113175,33.916220274745911],[-95.678660221192217,33.911414963230015],[-95.668341132936916,33.912339629070686],[-95.66286519876985,33.91948970878309],[-95.655090133402894,33.927826834241046],[-95.630698810801448,33.934197264692045],[-95.617206375673675,33.938450980628318],[-95.565645087950429,33.960319616756976],[-95.55129000872688,33.954660324314546],[-95.537785215115548,33.950207987708495],[-95.530958401209205,33.941578177890676],[-95.528045256083658,33.930671579629745],[-95.522140726613202,33.921663182210125],[-95.508191259618911,33.916249803985295],[-95.496966467728271,33.915051870147749],[-95.486230289196442,33.909459382044872],[-95.468397358051618,33.902875909395732],[-95.446407533780643,33.901046387081124],[-95.428744382047569,33.90305750230192],[-95.419788344056769,33.905303584293051],[-95.405594543853056,33.903124812959788],[-95.393503994413777,33.895986925356397],[-95.384396199425055,33.8886735323577],[-95.372746060582188,33.884211504657287],[-95.365639714001588,33.884552586932386],[-95.353006313990136,33.888109440698202],[-95.329922852057962,33.907081520595739],[-95.3189091265549,33.908351080038358],[-95.305223376757397,33.901002206087014],[-95.299354731135907,33.891217716224673],[-95.29342346392167,33.888312700071083],[-95.286080031767995,33.889411517827341],[-95.28073345158748,33.897403212788106],[-95.27390618082552,33.916278738772803],[-95.268079450805999,33.92617816828789],[-95.255128215094999,33.937558000601314],[-95.246354232261979,33.943613813127001],[-95.235545750036295,33.946596643120643],[-95.220183298820132,33.946296724614228],[-95.216029842902913,33.948751639976251],[-95.216213675120969,33.953148989334466],[-95.222325375115929,33.961029205233672],[-95.222009609655743,33.96943690139193],[-95.215297909870628,33.975122931578085],[-95.200346167341706,33.97883711274261],[-95.189819590201864,33.976274626772636],[-95.182757433608629,33.97163462683659],[-95.176630294052813,33.965472163709421],[-95.170030772102393,33.960643751308112],[-95.156519774967592,33.958628736626963],[-95.144621410649563,33.956051308421195],[-95.131448660227477,33.944670332170119],[-95.119196976559181,33.93329535439716],[-95.110147142876315,33.922900961410278],[-95.100146619670738,33.915556086744061],[-95.090968539066807,33.916244427838137],[-95.08014393919143,33.920358381933852],[-95.071189646784717,33.921429210090025],[-95.065283646023431,33.91698281710336],[-95.063520705016515,33.911233929702121],[-95.067719366255687,33.905345094300685],[-95.07012854299785,33.895809600632617],[-95.068143632222814,33.889485702902903],[-95.063385947003837,33.885049192566214],[-95.053371084108221,33.879611362674325],[-95.041230526967183,33.879314082778762],[-95.026537942971629,33.88147719961313],[-95.007052947335637,33.882065833771264],[-94.99924523927632,33.88333222580161],[-94.989449024952478,33.879037204003794],[-94.989767283333435,33.87235106744788],[-94.984809219270005,33.866189286906092],[-94.952359924370967,33.843617463675059],[-94.935956051930191,33.853778417839749],[-94.925916570093591,33.851004301607304],[-94.917311941293008,33.844039100923794],[-94.9195145491571,33.834123312740758],[-94.928789501134531,33.825997377776787],[-94.925951193093056,33.81622311230683],[-94.912658713229007,33.801185277678485],[-94.895269318724047,33.784957997013976],[-94.887756829314185,33.766632098892273],[-94.879134226663211,33.761766361028776],[-94.868428459605695,33.758598108815704],[-94.858314949175508,33.761740967771516],[-94.846902942716611,33.774997054770324],[-94.834515958744475,33.776967122234964],[-94.820179028739176,33.771844165675759],[-94.818993669222436,33.759792502921698],[-94.817701560178818,33.754619043134369],[-94.810186460936393,33.752435127679064],[-94.802786000073809,33.757513354657647],[-94.798758377297247,33.766259170724197],[-94.790940863030357,33.768656792077365],[-94.782086291948758,33.764353983949263],[-94.780854929411419,33.75554997904834],[-94.784371567293931,33.750238823163215],[-94.784920746395301,33.744512315391091],[-94.779273980609673,33.740054090923593],[-94.770200924632945,33.735365819876733],[-94.76323978798581,33.727452422591284],[-94.758791813091648,33.719758449992526],[-94.750909479289021,33.712407126287872],[-94.742270171730979,33.709441342943649],[-94.735866470860913,33.709558157682864],[-94.726133236959299,33.703712192064074],[-94.717956236690952,33.700558829926138],[-94.704876069674867,33.703461043792174],[-94.695628252042184,33.70946503558298],[-94.685441397402542,33.716794539936132],[-94.676823035954328,33.725862053391097],[-94.670082134283007,33.732085681209298],[-94.66227754866992,33.733709753402422],[-94.64795022792066,33.729137561449363],[-94.643759522983544,33.720486497953573],[-94.644551101751915,33.714572755828044],[-94.652438852171258,33.708173995833306],[-94.661457992891997,33.702361913071854],[-94.66295113728512,33.695463238837476],[-94.653860122746437,33.69248488117239],[-94.64474255392571,33.691034050780843],[-94.637955133922276,33.687127680897788],[-94.626536096563541,33.686601841002187],[-94.620726047169285,33.691878437739774],[-94.620369131430209,33.698943832791713],[-94.614554223898267,33.704411229694529],[-94.606322193214623,33.704497096963507],[-94.599285848063403,33.701731525189814],[-94.596402807743345,33.696917317580187],[-94.595569865556797,33.692511728633406],[-94.600741902616676,33.684744235558071],[-94.602661355337261,33.679800950953165],[-94.598137266321771,33.677258715917048],[-94.59060425528213,33.676779140744827],[-94.584874310301132,33.677660059963841],[-94.580379501412835,33.673588868631441],[-94.575367353020908,33.672758985039195],[-94.566156314062596,33.676459354415726],[-94.560012587410938,33.675040597445673],[-94.553934535550354,33.670183019131059],[-94.559540844434366,33.663760981084465],[-94.558481968268211,33.659352286778642],[-94.553717608280976,33.657569336755557],[-94.546861149122719,33.657668931276191],[-94.539975308213855,33.659296269807044],[-94.532735582281248,33.65556839196779],[-94.525478035383003,33.652795152574299],[-94.517674787061765,33.654599686326492],[-94.513237699360275,33.659506937795015],[-94.511230601411114,33.668651015931687],[-94.509522715101184,33.674168815338589],[-94.505788214654331,33.678130165274979],[-94.500285674044562,33.679009766987235],[-94.491869500876703,33.676982525123492],[-94.483766128104264,33.670755289225269],[-94.477933226936841,33.665323611595454],[-94.476888223712535,33.678439702930007],[-94.47383529696134,33.716733163904451],[-94.461102500280106,33.876048918722688],[-94.458389736696972,33.921405960816514],[-94.455043854889936,34.032768334391164],[-94.452984633134292,34.080832664995569],[-94.449732869876016,34.186901682067003],[-94.447868786615174,34.225118480333663],[-94.440562611575217,34.456903603918249],[-94.438637572266089,34.49752332594079],[-94.434827973931817,34.611231627837412],[-94.432933294835664,34.650065506717795],[-94.430526635295962,34.747908462805356],[-94.429932240080802,34.776302557217321],[-94.427294109435593,34.884800849079966],[-94.423476633939458,34.911000214588285],[-94.421980379690751,34.999194841768599],[-94.419926918092756,35.027575773703063],[-94.416186835553958,35.06681953929035],[-94.414204847575604,35.143057570150802],[-94.409526880061435,35.260063316368985],[-94.409102430632629,35.297870770219902],[-94.40896424710229,35.310171495718009],[-94.40871729416773,35.33214460159212],[-94.408455803692334,35.361458052247372],[-94.413230354797008,35.408030818567454],[-94.416000218135537,35.426298603397868],[-94.419629697552466,35.445155929802354],[-94.562526054034151,36.180205300034629],[-94.626773465423071,36.510639126394608],[-94.626676156079725,36.619004690014492],[-94.626543301032484,36.766451368735716],[-94.626503004210235,36.811060145209581],[-94.626486436000164,36.829384841837054],[-94.626449640238661,36.870049662162216],[-94.626410685204917,36.913054601188946],[-94.626309295637441,37.02474647377079],[-94.625880010553999,37.034820843906857],[-95.044528636787106,37.034700298779796],[-95.044656354906806,37.0449420291514],[-94.887689820828541,37.043980068425469],[-94.665021059174478,37.043732797130929],[-94.625586764117827,37.043566248983268],[-94.601317734026168,37.760222506663411],[-95.045210884075004,37.761393575952809],[-95.559336197207699,37.764992285065944],[-95.559527129573326,37.732895409295736],[-95.559483691419189,37.740838269270739],[-95.559336197207699,37.764992285065944]],[[-110.3046001255953,37.797022173934238],[-110.31186952375947,37.789823030808293],[-110.3210499821709,37.784267267420489],[-110.32652670864064,37.776036252071435],[-110.3357042847249,37.770479330356864],[-110.34475756640853,37.764308844377695],[-110.35291447222505,37.757622430830565],[-110.36017507861698,37.750420284868312],[-110.36595795499557,37.735863975142365],[-110.36583494482682,37.735251165409011],[-110.36874220478887,37.726085651931328],[-110.37254318222205,37.717435151411166],[-110.37800896664044,37.709201803220708],[-110.38794534030518,37.703543006304756],[-110.39902101830529,37.699623751834736],[-110.41046545521652,37.697541698090959],[-110.42190923022673,37.695458501308849],[-110.42817781785197,37.693965075427968],[-110.43322883494272,37.6927614281974],[-110.443405788946,37.688323298181729],[-110.44886129141543,37.680086625197646],[-110.45265025030875,37.671433566106259],[-110.46396494292776,37.668733466776132],[-110.4755264328985,37.667257612748699],[-110.48353639039209,37.659949374663938],[-110.48399013073993,37.650463865315203],[-110.48444375327654,37.640978373952862],[-110.48822640162712,37.632324223983801],[-110.49200814525966,37.623669967894728],[-110.49911749467663,37.615846602638669],[-110.50927957209456,37.611402699874759],[-110.51931630830097,37.606345274215073],[-110.52947580826191,37.601899586296895],[-110.53963405816523,37.597452998157394],[-110.55056091635316,37.592906584371406],[-110.55689114081349,37.585178620996601],[-110.56500821295862,37.57847741809843],[-110.56545076034428,37.568991798133027],[-110.555096662381,37.564666617570424],[-110.54305630770239,37.563700115268148],[-110.53126450675154,37.56395754890184],[-110.52026765073145,37.560340621322666],[-110.51326925427264,37.553067516153021],[-110.52138675989102,37.546369475271092],[-110.53357278675469,37.544176452381407],[-110.54498875292859,37.542081025718801],[-110.5565283480048,37.540597031028199],[-110.56739962539234,37.543597885234249],[-110.57839629075619,37.547210255049265],[-110.58926946661256,37.550209031821396],[-110.60118350341594,37.550558131552577],[-110.61270268837831,37.552842878995705],[-110.6244923813183,37.55257703220434],[-110.63451289555366,37.547509572808565],[-110.63737857176363,37.538337729902366],[-110.63627327529139,37.529050970725791],[-110.63067934107869,37.52097362882995],[-110.62020342634702,37.516041930190966],[-110.60817029142578,37.515082307702414],[-110.59651123400619,37.515958989315948],[-110.58616286742233,37.511636693778428],[-110.5805758687813,37.503556939900932],[-110.57870962085229,37.494368851641241],[-110.58247334386971,37.485711950646078],[-110.59248754666294,37.48064828279206],[-110.60401637865294,37.479159513600734],[-110.61307330259081,37.48490385492903],[-110.62445764320563,37.486574869934373],[-110.63623650471089,37.486307816252747],[-110.63691888419913,37.478047127772754],[-110.63513214803015,37.477021192873792],[-110.62607445966853,37.471278617813994],[-110.61701820842353,37.465535334987749],[-110.60860715959268,37.459079522901732],[-110.60520198008726,37.450090628180021],[-110.60806751240574,37.440919796111757],[-110.61718101539151,37.435340848201633],[-110.62870213119834,37.433849604975364],[-110.635700596905,37.441115360885249],[-110.64656022087746,37.444108580746445],[-110.658457084227,37.444451690093501],[-110.66983611344585,37.446118152730605],[-110.68018011022389,37.450432767158532],[-110.68654235594494,37.458407660984847],[-110.69213768680476,37.466482107063655],[-110.69773426502428,37.474556298634354],[-110.70744101928756,37.479580803711201],[-110.7193439953291,37.479917562945218],[-110.72934781544927,37.474841890041262],[-110.73309251600676,37.466180083244296],[-110.72967155879536,37.457194892830103],[-110.72266211956111,37.449934873695497],[-110.71924322359587,37.44094941977994],[-110.71736100820391,37.431763792964716],[-110.71471144897413,37.422678201337988],[-110.72100929784079,37.414941554109475],[-110.72730580312026,37.407204580427106],[-110.7277260716009,37.397718848945772],[-110.72661134843497,37.388433384792904],[-110.72767347565036,37.378235244560926],[-110.73052068158415,37.369061564339802],[-110.7350269181577,37.360299854554682],[-110.73621293507887,37.350714074395057],[-110.73829105069143,37.341640459039979],[-110.74827448138217,37.336563359811237],[-110.75902330977789,37.331385067966551],[-110.76912959775268,37.326918465414906],[-110.77923464286442,37.322450971635078],[-110.78207314426015,37.313276181650508],[-110.78567739679437,37.304000846561848],[-110.79106515513274,37.295748883304384],[-110.80103858266443,37.290667240700657],[-110.80769369081116,37.28476291807425],[-110.8073157830969,37.282926184995517],[-110.80542652421468,37.273742524098282],[-110.81157582036781,37.265389039972263],[-110.82065164625641,37.259794178558536],[-110.83163619685297,37.255833620025612],[-110.83204196736284,37.246348025241218],[-110.83244763085344,37.236862462832448],[-110.83871683631293,37.22911983061573],[-110.84765983773127,37.22291069627164],[-110.85774558968717,37.218436406315163],[-110.86311882307518,37.210181299927115],[-110.86594235075887,37.201004811123198],[-110.86876516617946,37.191828285447059],[-110.87324375399601,37.18306169594058],[-110.88230455670987,37.177462092401697],[-110.88104795200132,37.163818007295276],[-110.8945355101057,37.159245448418744],[-110.90430683209462,37.155960027133574],[-110.91173893470403,37.150992147869374],[-110.91674558913758,37.148735179584946],[-110.93054672105433,37.148099377784092],[-110.94031491789912,37.144810872723667],[-110.94604763369131,37.141261002193573],[-110.95024490188069,37.139906555742982],[-110.9894631923724,37.137077148291837],[-110.99809738368725,37.13552775670064],[-111.00818356192178,37.129003354221481],[-111.02205996169783,37.123963502213883],[-111.03045026137045,37.123639123047155],[-111.0850702656802,37.125488505090516],[-111.09320863557002,37.116826024701311],[-111.09997762396813,37.111135781191422],[-111.10457298785309,37.109323110373282],[-111.10949292695699,37.109060397719247],[-111.11635185025767,37.110927483816397],[-111.12006770595985,37.114412353147657],[-111.12273479567426,37.117639767261494],[-111.12507692975646,37.11931701636729],[-111.13257972897128,37.119502815402655],[-111.13685362119764,37.118529005209496],[-111.13821969678156,37.115555762888221],[-111.14224029675228,37.108638695719264],[-111.14247557918458,37.105020733919787],[-111.15609377191004,37.098802014601347],[-111.16011175035698,37.091884364671728],[-111.16122193194656,37.082967936421198],[-111.1600003018724,37.077155514615356],[-111.16265254108185,37.07321128597215],[-111.17054743301759,37.070551604872719],[-111.17321515585473,37.073777770727588],[-111.1810509380503,37.080290738326937],[-111.18670873941676,37.085902227306008],[-111.19219811035447,37.088348269956725],[-111.19993655982432,37.087301806233427],[-111.20726629979987,37.084317505848276],[-111.21208903657975,37.078882446767579],[-111.2149768900714,37.07370914795888],[-111.21736018792228,37.061430677084104],[-111.21298207955931,37.052459261585682],[-111.20877496199489,37.046652803184372],[-111.20095299698318,37.044922208093453],[-111.18782030686162,37.046300426323683],[-111.18048225894904,37.04450305027558],[-111.17241680878868,37.041608065160119],[-111.1708745443247,37.03663612455756],[-111.17239519897919,37.032047365293749],[-111.17946478577119,37.023122173149829],[-111.19056704773101,37.016838695449508],[-111.198448561352,37.011786991276665],[-111.20004853081502,37.00758536497267],[-111.20737679770104,37.006991301607343],[-111.21125497113997,37.011247923253109],[-111.21514720188185,37.020284724860232],[-111.21759754688924,37.031908088187777],[-111.22255412976926,37.045981533920724],[-111.22579553283754,37.051918542406838],[-111.23121653371601,37.058755603188615],[-111.23865426068556,37.065717540232356],[-111.2469706783541,37.069770135383521],[-111.25600920576022,37.072528535063896],[-111.26495798262476,37.072508591698181],[-111.27196415012537,37.070360662614519],[-111.2751667753264,37.064345300695095],[-111.2765085431347,37.056590083365734],[-111.27864370814058,37.045538377694015],[-111.25825427691331,37.045520667344988],[-111.25018562696511,37.042631214858716],[-111.24646721089306,37.039150718930614],[-111.24693479990106,37.034304758957489],[-111.25441296308776,37.029702165422634],[-111.26214428902767,37.028651482979626],[-111.26987539103641,37.027600276231794],[-111.27583756075478,37.027586330444819],[-111.28187276531582,37.02556931117482],[-111.27996934480939,37.021608564683561],[-111.26645566409758,37.01168036675557],[-111.26693742462243,36.998540806712924],[-111.37016482234861,36.99917020624008],[-111.37064692461587,36.995260799346454],[-111.37527762286396,36.988550545671217],[-111.38410862721133,36.987340024022956],[-111.39354935571816,36.985437513630416],[-111.40322169832268,36.981071901347207],[-111.40975814542202,36.986858056654057],[-111.41479778069299,36.999413215647451],[-111.41623081979645,37.002982505238492],[-111.42460000878333,37.006693558560926],[-111.43074068583394,37.007064646716117],[-111.43721723898437,37.001920286292204],[-111.43823463661914,36.999533779660283],[-111.44024416633516,36.994819558675772],[-111.44760308841177,36.99380661628237],[-111.45708790798051,36.999184762666744],[-111.46350123789176,36.999060684103313],[-111.46495020758596,36.995214852983111],[-111.46462307289647,36.987644627097893],[-111.46460562694807,36.987240896250398],[-111.4616125428845,36.979632068765],[-111.46577178234185,36.973589548219138],[-111.4772336391211,36.969820817776565],[-111.4958314373709,36.965429637767613],[-111.50190415805042,36.959850158358165],[-111.49963878470214,36.951412182925935],[-111.49101295258566,36.949322606353235],[-111.483317458334,36.943093191397736],[-111.47849786198668,36.937560257300106],[-111.47979305840289,36.933006076069603],[-111.49170341697908,36.931360753795786],[-111.50177287142083,36.929604075667612],[-111.50843523170056,36.924671575732702],[-111.50706717311152,36.918297533604346],[-111.50282551708392,36.911227210267612],[-111.50439286543838,36.903717885572007],[-111.50842225898003,36.901337155285546],[-111.52277487316184,36.902631446983719],[-111.53259807793893,36.908198385347248],[-111.54187749235234,36.919674546743011],[-111.54951553521374,36.927731528887023],[-111.56696132800283,36.928591886006814],[-111.57946272282635,36.92758422713041],[-111.58546682163649,36.923831998348078],[-111.58963004868775,36.919970784324278],[-111.58889026367467,36.910227210017808],[-111.5904487339219,36.90271670181437],[-111.60675999327901,36.900445762561958],[-111.61388969075659,36.899817047418878],[-111.6211355878371,36.895524622863093],[-111.62485717491865,36.883335055368548],[-111.62409460827951,36.871406251697238],[-111.62727649961073,36.865127043078644],[-111.63781298098428,36.859279613363526],[-111.64179761436839,36.852522960965928],[-111.6504919739254,36.829789795762508],[-111.66222665803383,36.819030311299855],[-111.67623567273807,36.808315286621223],[-111.68333148376092,36.797108459587776],[-111.68346062011148,36.787242697092836],[-111.68423545170469,36.767803583968259],[-111.68893722517277,36.760214242093639],[-111.69826690179605,36.753069090666031],[-111.71008003106857,36.744844497375709],[-111.71637859219823,36.738366471135805],[-111.71837855582567,36.730182526302599],[-111.73270667337425,36.71965573422483],[-111.7427632279406,36.710336444771144],[-111.75144343216863,36.698170356776586],[-111.75942580835437,36.689749344356812],[-111.762242695444,36.678409021958828],[-111.75795623878935,36.665639457395116],[-111.75831985987361,36.653429655154525],[-111.76680969201362,36.647367614823622],[-111.77332103993399,36.639152591219158],[-111.77690382475168,36.631351018334897],[-111.78956178614749,36.627129255310933],[-111.79972690417327,36.618395146618752],[-111.80266331206218,36.607644032146425],[-111.80697285431376,36.599738037180714],[-111.81515514799167,36.588850926329258],[-111.82918439564332,36.57713325379666],[-111.84131496491369,36.570546945585136],[-111.85172370658375,36.562987831723092],[-111.85740049983315,36.557924614429453],[-111.85499466766976,36.550362731554856],[-111.8413698451422,36.543179761836598],[-111.83505515916823,36.534957322422542],[-111.83407267591321,36.523545500324644],[-111.84086871681779,36.509812353557322],[-111.85243028772754,36.497224485321794],[-111.86566328733079,36.481964950721931],[-111.8687133767209,36.47180262239317],[-111.86927298526001,36.446795554671155],[-111.86553880497183,36.440032069224685],[-111.85467896696071,36.438539417660024],[-111.83712325813184,36.437390605691974],[-111.82562244901675,36.432946857611455],[-111.82794641229708,36.422889680714263],[-111.84318536141524,36.413426317170831],[-111.86005004107648,36.40798434500158],[-111.8654469662045,36.402514477661043],[-111.8705197396942,36.397372182979893],[-111.86798916706636,36.389221715409917],[-111.86168473336375,36.381001545884715],[-111.86117211170358,36.368307860719256],[-111.86653348663106,36.358423993972224],[-111.86687756005131,36.346216106388226],[-111.86447768139982,36.33865541511534],[-111.856592174789,36.330053601192787],[-111.85085254231092,36.317498116644799],[-111.84965548531238,36.308550260686047],[-111.84366213699798,36.294815403408165],[-111.8438814393769,36.282018503950837],[-111.84388555377524,36.27168391408145],[-111.84089063869197,36.264816524563003],[-111.8334874969504,36.254930510234885],[-111.8274808737433,36.240449560099194],[-111.82304730958566,36.213120879924702],[-111.82245840113427,36.198313038815741],[-111.82816229185624,36.1762257694038],[-111.83208319928019,36.163205952292913],[-111.8434589073027,36.151734929623331],[-111.85953684744754,36.146397816605997],[-111.87982368581442,36.143190857572051],[-111.88717542590513,36.133931549301622],[-111.89230186194135,36.121343308746759],[-111.89866658259666,36.111008601965466],[-111.91584361569028,36.107327739783443],[-111.92673541290895,36.100595979720765],[-111.94564176405612,36.099701114714719],[-111.96211642213513,36.10584070358567],[-111.9722338805891,36.114414483841415],[-111.99245078137841,36.116059226052471],[-112.00796251196033,36.115036028689815],[-112.02642561874728,36.125744551270088],[-112.03573664433065,36.132302592890426],[-112.04899368101354,36.134640571205466],[-112.06387371699839,36.144343024011391],[-112.07518756425463,36.146351788404388],[-112.08673861489513,36.156230633337088],[-112.09663298392502,36.168781830816897],[-112.10531894291483,36.17414958373638],[-112.11514717490218,36.177891313833129],[-112.13212373202458,36.176639664389029],[-112.14259630487555,36.174811748263608],[-112.16861053504812,36.177104276641103],[-112.1830062636281,36.177741625275814],[-112.19911087676553,36.18268955038252],[-112.21176843076842,36.195742978755504],[-112.22062897244911,36.210263435209413],[-112.22841287455446,36.218249808881637],[-112.23904595570627,36.222169005795024],[-112.25814200265125,36.223630955404303],[-112.27102774343558,36.224175528178137],[-112.27806006861726,36.230444603235924],[-112.28036428997996,36.240753327703942],[-112.28465337175567,36.249858372565882],[-112.2965826997318,36.254495738387675],[-112.30177535464884,36.260912589144709],[-112.30676355229605,36.268089511821586],[-112.31072750217243,36.275721093054074],[-112.32084388503722,36.28062313744789],[-112.3332108402081,36.282151087402838],[-112.34088244576822,36.28619433589995],[-112.34723206500774,36.291040319255387],[-112.35963477722316,36.294385963641389],[-112.37428633324765,36.29435619788029],[-112.38410837340268,36.292907353191822],[-112.39055563023811,36.289825917931807],[-112.3998483654097,36.289366534338114],[-112.41016577373142,36.288450633290154],[-112.41634583479242,36.284189855877173],[-112.41987802734906,36.278190310334594],[-112.42046554275055,36.270800520827436],[-112.42081870202145,36.260706858434844],[-112.42497501598416,36.252484676226857],[-112.42896622790903,36.245199551618043],[-112.43189747908536,36.236549760662967],[-112.44064259637867,36.227038370624371],[-112.45873002037411,36.214010046826274],[-112.46737756302406,36.209074815650297],[-112.47673225608872,36.212250005233614],[-112.48309075073752,36.220434569699705],[-112.48416974473787,36.231838227752064],[-112.47979105091622,36.240705305705319],[-112.47650779609791,36.252756936083813],[-112.47672581784218,36.263680015320517],[-112.48064669019254,36.274357767596939],[-112.48442891226443,36.28109995709741],[-112.49501792933393,36.284700611444123],[-112.50980108495207,36.285241993423313],[-112.52323427903872,36.288112879405901],[-112.52929928263575,36.293297088789643],[-112.53071253395626,36.302826158600396],[-112.52613455126851,36.310812263375283],[-112.50555522998985,36.324525246443045],[-112.4959824000677,36.33538214457036],[-112.47969160028708,36.34814760193035],[-112.46045203323473,36.362868442624574],[-112.45537031598724,36.373663843311761],[-112.44981572261747,36.37905097482269],[-112.43529296389914,36.389720189834918],[-112.43113003991937,36.397943494396827],[-112.42696618514128,36.406166683845413],[-112.41972539261275,36.419104389256233],[-112.42136163083455,36.431339802390028],[-112.42908891971786,36.437198150774066],[-112.43694651496963,36.440297948391674],[-112.45832817720355,36.453205772028809],[-112.47690538727375,36.462021549954613],[-112.49449027460645,36.469764583268955],[-112.50842541719919,36.474698753244923],[-112.51956367092663,36.473958959238644],[-112.53182462120924,36.471529268960637],[-112.54481381370653,36.468989841607936],[-112.56182155482088,36.469199192988413],[-112.57262232985659,36.466982090750946],[-112.58309705388592,36.4666390020883],[-112.58401527428543,36.483854453320419],[-112.58618561717248,36.488401870749783],[-112.59063371437441,36.499611770766649],[-112.58954531886133,36.511342553616032],[-112.58051642319435,36.519689632770394],[-112.57715929626448,36.528104758228039],[-112.57789259536696,36.539564059134079],[-112.58418427578368,36.545629370299253],[-112.59496261633166,36.553157232720139],[-112.60236346839929,36.562405696965413],[-112.60986063965674,36.572065885232462],[-112.6113019507244,36.584942862123455],[-112.6109580166991,36.599912895064108],[-112.61142729103659,36.610194826929785],[-112.61968892470406,36.616575080675489],[-112.62509770469529,36.623684940008047],[-112.62635284081091,36.63902626884726],[-112.62475126425943,36.663319246985736],[-112.6248009041384,36.684930429695612],[-112.62753387099133,36.695180354689683],[-112.6334229869812,36.704351013188784],[-112.63701125856272,36.711733123384988],[-112.62854610381959,36.716039641216526],[-112.61749231531809,36.722253249687753],[-112.60479860497162,36.726273585257786],[-112.59217104335892,36.730586938836211],[-112.57997531191108,36.735139012055811],[-112.56927006825902,36.737946065958226],[-112.55599318893451,36.737784306700462],[-112.54532492540494,36.742410112636662],[-112.53771732999076,36.747190395120697],[-112.52291604044285,36.750294605711531],[-112.51172037399601,36.744339670139709],[-112.5020573195896,36.738461853231968],[-112.49070739782809,36.73678998836732],[-112.48029108116845,36.735892499139595],[-112.46635558873942,36.739470281028673],[-112.45271770176049,36.74269791277851],[-112.44378646527309,36.747665947625421],[-112.44213699262809,36.768363680839229],[-112.43662110697846,36.786708090605941],[-112.43471716666386,36.791907045273945],[-112.4263441555583,36.814761634242075],[-112.41594430458593,36.834308748749834],[-112.41014675666747,36.84879602201886],[-112.39963505791155,36.877098826249892],[-112.39408918796562,36.898731097162454],[-112.39386207767274,36.91775779018991],[-112.3957147863083,36.933923271242008],[-112.40254826868761,36.967988526449403],[-112.3900984032187,37.000496269187522],[-112.38302835507449,37.035751942598097],[-112.38889381979391,37.055183668691427],[-112.38890560540932,37.074311674843955],[-112.38859620984715,37.088849193235717],[-112.39830129317011,37.125112333967081],[-112.40278151505487,37.151125012809132],[-112.41242297044369,37.171166588067649],[-112.4238496727242,37.186309243177107],[-112.43362198396733,37.200533963871408],[-112.43593044293556,37.210632306335924],[-112.43422673127861,37.225375929555582],[-112.42613905257519,37.237573821174976],[-112.41333106717497,37.254518277896238],[-112.39585871740587,37.273300062148223],[-112.38935773956797,37.289320761344129],[-112.39027805089131,37.304257317021609],[-112.40009719343072,37.320872627269978],[-112.41111276344327,37.336110326330527],[-112.42544211306301,37.346051745191915],[-112.43116577358154,37.36446710697146],[-112.42826382501551,37.378125276360493],[-112.42124969581675,37.393585937141324],[-112.41661858208187,37.406292346814382],[-112.42287824573441,37.4270371325577],[-112.42914149318534,37.447781715054134],[-112.44787683824546,37.457082150221083],[-112.47099874709448,37.46573955393734],[-112.49278593702132,37.468571529852284],[-112.50804682869813,37.462728088630456],[-112.52741739909368,37.45507639585901],[-112.54586149870914,37.449963785999955],[-112.57121921569421,37.448645702737053],[-112.59192693587937,37.446802869556848],[-112.61355357074063,37.442413382971324],[-112.63755614430056,37.43526125370397],[-112.65544641891705,37.42780335584024],[-112.67203925780547,37.427756799736585],[-112.69911716562467,37.427358048435224],[-112.74160024965175,37.428276374055486],[-112.77330845731939,37.447640279575296],[-112.7839567172287,37.473748255077965],[-112.78931722700838,37.503052227778142],[-112.79376733239644,37.53490062986026],[-112.78707424767833,37.570815953293675],[-112.78585499271372,37.610733219362658],[-112.77119046666667,37.651443036367084],[-112.74424888887506,37.691559739690263],[-112.71390413706627,37.723741032122973],[-112.68949995056221,37.749014934091974],[-112.66763284238175,37.778723258171851],[-112.63667396872864,37.808557016992779],[-112.62129095901054,37.833687430330713],[-112.62362436876958,37.850198180002053],[-112.62878561486423,37.872313330196107],[-112.63596266074813,37.896540748656662],[-112.64624697761587,37.927535776854654],[-112.64624978439997,37.960039889029701],[-112.64608856923206,37.985344947111685],[-112.63295913105901,38.013753916310236],[-112.6159480750436,38.045135321138218],[-112.58709621401903,38.06499920564886],[-112.54683302822161,38.081700206899086],[-112.49515588083921,38.095226319838844],[-112.45028839099643,38.105334999110994],[-112.3988450169839,38.119982284255059],[-112.3630633768733,38.129946380421188],[-112.34081197039609,38.139159379002194],[-112.32981545701767,38.1575815126767],[-112.33101775076852,38.182675066401259],[-112.33946669972835,38.212745534878593],[-112.34658047111179,38.250227114889469],[-112.36500035018599,38.336623721207843],[-112.37133148476016,38.370610160730394],[-112.3783459979694,38.414125408360974],[-112.41592387738501,38.478409702745637],[-112.42995031825257,38.498696551005082],[-112.45738000038665,38.525070543270999],[-112.48490870417334,38.551775180280401],[-112.52976041720945,38.578416130000448],[-112.56531709011159,38.59558415458514],[-112.60028875941867,38.608296981820331],[-112.63913959771423,38.620437586625371],[-112.71932020426397,38.662454257058357],[-112.75493538705842,38.681311659905248],[-112.81098618936113,38.711115098083383],[-112.85224132018072,38.729122764803833],[-112.89093628618065,38.747495842259355],[-112.92270476641181,38.759207035176587],[-112.94947459437702,38.766766044717258],[-112.9690882829978,38.770494540390757],[-112.98148369901344,38.768311612391074],[-113.00016834479322,38.764497664935334],[-113.02293024333602,38.75728433860138],[-113.04732609222532,38.749474089957346],[-113.07657037512269,38.737795664738201],[-113.09468973584262,38.729861529985669],[-113.11272314565662,38.72158784540278],[-113.13648014494271,38.70756955419165],[-113.17464370514284,38.685104390555239],[-113.26281720904694,38.630660253168173],[-113.28126725677845,38.618800023702192],[-113.34853903604767,38.597447938371715],[-113.40328638885575,38.584940828356594],[-113.43583088508723,38.58522105440818],[-113.47965421437044,38.589705334033965],[-113.50215314125444,38.594296353294112],[-113.52675814816996,38.605545810890533],[-113.54042878575984,38.612181654659707],[-113.55647889368595,38.622991708900315],[-113.57414750790116,38.636695301247187],[-113.59189851620351,38.652480396053477],[-113.60211103839367,38.668375579569386],[-113.61574537305052,38.687237303658662],[-113.62331617809912,38.70144256841985],[-113.63052994240286,38.719545411291733],[-113.63999361261511,38.734157893571989],[-113.65022859627265,38.750048765738029],[-113.66582573007332,38.757077770622686],[-113.68356745557361,38.765521106014262],[-113.69617601720938,38.769514318930703],[-113.70562645569635,38.76805469676691],[-113.71689034741155,38.76316933119972],[-113.72540611420078,38.758008971836659],[-113.7380697557146,38.742771542572711],[-113.75253619618849,38.692309934156185],[-113.76196379189543,38.660796255243042],[-113.76764471663034,38.65152773521686],[-113.77579966462281,38.646766487783225],[-113.78479968665619,38.647114870754706],[-113.79446605686297,38.657143745087808],[-113.8028352998092,38.674363338597232],[-113.80529748708932,38.687609441322707],[-113.81161584679387,38.703750405956498],[-113.82061170586547,38.711087345904332],[-113.83192833382549,38.717014016683549],[-113.84394135810714,38.71688994711343],[-113.85467111637888,38.713469716554243],[-113.86995181922106,38.705143873091345],[-113.88540519279536,38.690496985447567],[-113.90170984573274,38.67571385141315],[-113.92589907538201,38.641165469610769],[-113.93498589728131,38.617368526936048],[-113.94415189819154,38.588663444262579],[-113.95194096060681,38.561571184162858],[-113.968968050635,38.535820795293546],[-113.9847041881477,38.517261478134742],[-114.01360701824927,38.499767771265681],[-114.04395806171516,38.487979632354211],[-114.06208383819853,38.484062580323894],[-114.42573602369851,38.458845885129563],[-114.46250694503942,38.46023588357923],[-114.49019598985302,38.469694846739856],[-114.52539787840931,38.475725318168941],[-114.55207952514991,38.470651720900264],[-114.58166222023522,38.469503817247414],[-114.62011624526849,38.477179333959157],[-114.66134007068769,38.474108778697257],[-114.68674276726489,38.467743027418805],[-114.71646528264665,38.458100997363204],[-114.71350576128185,38.493841182324729],[-114.71783463805809,38.561680673924002],[-114.71098171863139,38.592182872741432],[-114.71427715476682,38.674881372377513],[-114.71790290289664,38.721293229299135],[-114.7155240144217,38.745185239307375],[-114.72228481898918,38.77051976817279],[-114.75046411302839,38.819770016772907],[-114.76556184160569,38.85745138387432],[-114.769173229361,38.898973387611818],[-114.76435551079817,38.960482976708079],[-114.766711963886,38.99731355277828],[-114.75843982433838,39.031963278282717],[-114.75606417522147,39.055855287391637],[-114.74831222962564,39.073768839160664],[-114.74047204884596,39.09417643759258],[-114.73914824229752,39.147763191018498],[-114.74606558555831,39.224979198631161],[-114.75564716138734,39.248880978874126],[-114.75539805007992,39.290051729004119],[-114.75931682521127,39.30459312976916],[-114.7614291033704,39.340483244306313],[-114.76654177798065,39.394492009998316],[-114.75607398412706,39.463271830030976],[-114.75116310479342,39.489528664916008],[-114.71640510181396,39.487345664071199],[-114.69193531696129,39.490325112613903],[-114.671096515192,39.492712884591981],[-114.65610940412569,39.498068842902853],[-114.63622639643103,39.499316701704458],[-114.62068434970297,39.497904386578227],[-114.60181242640232,39.503510877125336],[-114.58322576625608,39.510780982156632],[-114.5656519657656,39.512990974354011],[-114.54162674098126,39.523572873289538],[-114.50473946265606,39.539264248846052],[-114.48642216744901,39.544637859049999],[-114.45653298520909,39.54512611088137],[-114.41275170372813,39.555766969370211],[-114.35175668332425,39.558112334716554],[-114.32034449740058,39.558806194949966],[-114.25991973171023,39.554288229418319],[-114.22942086667962,39.555425170335411],[-114.15547159064135,39.578476333116328],[-114.05863131927993,39.597221541041336],[-113.92445465176075,39.599942445287695],[-113.83456388521512,39.617728793349158],[-113.77233246966773,39.628188368298595],[-113.77196681161905,39.628249719149267],[-113.69770033480256,39.640684601912881],[-113.66039380423064,39.643806092976888],[-113.50525623578665,39.678824589982867],[-113.39249749116624,39.701520819130565],[-113.29490453401701,39.715444417126207],[-113.21998774214057,39.724006095205198],[-113.11452360907725,39.722945557091862],[-113.01066158496417,39.721556671103542],[-112.94647594081198,39.713023713773453],[-112.84318188983229,39.71716000972674],[-112.72036347539404,39.732958328164386],[-112.57710681992376,39.770698765435725],[-112.52305089558234,39.790517489590513],[-112.48573871726796,39.818159332587186],[-112.46353805143991,39.832794142335842],[-112.43104289021716,39.842487770993898],[-112.35916974588702,39.853869804847648],[-112.26131935870143,39.860528656872077],[-112.23047764782513,39.859716300167179],[-112.19008911631965,39.857029447850778],[-112.14511589498255,39.852410563097067],[-112.12041000661645,39.849444277031807],[-112.09768222115753,39.844285435724316],[-112.07679553768389,39.854186056841115],[-112.06799896657901,39.866247182261702],[-112.06754340060741,39.889284881292269],[-112.07058695192626,39.913117193403821],[-112.07348897783402,39.936330759357134],[-112.07070940091808,39.956496734236964],[-112.07909650979605,39.978317541721253],[-112.09429370339166,39.997286476689624],[-112.11480291622155,40.003396460778106],[-112.14123309363231,40.009962681732418],[-112.1622469043711,40.021740286884778],[-112.16885336369177,40.039337169374903],[-112.17069920600352,40.061421646391921],[-112.1608880206656,40.094051483788974],[-112.1646601640353,40.135016827864376],[-112.1703098661074,40.159128641173879],[-112.18313715005939,40.185441027181696],[-112.18265313403487,40.204655186587615],[-112.1800065128902,40.239484950070448],[-112.17474376301419,40.263186374851387],[-112.16993052937039,40.281719275324349],[-112.1723814031792,40.299251276225448],[-112.18027689316403,40.311565940315973],[-112.18374914140969,40.333424647029915],[-112.17935300074038,40.360834035962057],[-112.17681376224527,40.37841432685974],[-112.17992921885832,40.386436433294818],[-112.15925080488068,40.413548596290752],[-112.1501999297829,40.426634607101505],[-112.13610691570159,40.438351233722528],[-112.11310122624059,40.452315623167522],[-112.07725595010197,40.469057765703383],[-112.0479055139283,40.476150311287881],[-112.03021969838034,40.475470381552896],[-112.01267761428045,40.469620722418483],[-111.99471758285011,40.464855121366838],[-111.97941621898326,40.462814726018848],[-111.9621558843865,40.461038063156138],[-111.94274644529219,40.461608791812353],[-111.92760387561833,40.46314328433516],[-111.90938932975371,40.471781369714506],[-111.89497611925248,40.479388475897508],[-111.88144420658483,40.487903818206689],[-111.8718314179855,40.495889260181286],[-111.86102405811374,40.504548980551078],[-111.8420212456839,40.512765460157937],[-111.8203188744165,40.523913366308875],[-111.8006517660661,40.5322109215968],[-111.78106034555844,40.537921888184655],[-111.76817062257612,40.537588300859454],[-111.74847619731861,40.534046535918947],[-111.7291451143555,40.523250858240544],[-111.71359898740332,40.508347126918409],[-111.69827911728737,40.482608696334296],[-111.6872642829203,40.460926067883804],[-111.67281617512634,40.433012445268162],[-111.65769938901553,40.413932356792884],[-111.64176702572763,40.400103785661258],[-111.62447629944165,40.392112580830997],[-111.58547472038202,40.380310253315599],[-111.55531315777597,40.36887130676547],[-111.53036124187776,40.353652344180375],[-111.5114071196428,40.338152799412228],[-111.4908621066009,40.327489408409519],[-111.47612562219967,40.321715777960833],[-111.45322461562347,40.315471283173224],[-111.42672948108066,40.30815188719987],[-111.39252150796119,40.302351667395612],[-111.35616995308084,40.301964000238456],[-111.3141538600126,40.300246769972489],[-111.24721773920726,40.298150946708859],[-111.23139940455883,40.297283815895412],[-111.22621956228295,40.225715843011812],[-111.21463637706711,40.216289010829257],[-111.20902528558844,40.20699863278071],[-111.21613269426837,40.201524401030326],[-111.22110834007782,40.191772572746061],[-111.22107490058613,40.180848632858158],[-111.21622980576092,40.169637954028417],[-111.20618560068488,40.156369109247066],[-111.20111949117154,40.133348047674303],[-111.19222231290939,40.114466103228153],[-111.1814128279396,40.097652937633029],[-111.165063440925,40.093394590188211],[-111.11912483604232,40.094775404761151],[-110.99802193866151,40.104866103887616],[-110.98629772086309,40.09453063088398],[-110.96458765319761,40.076366390396629],[-110.94884459630106,40.058348755590657],[-110.93617952576449,40.043578668920475],[-110.93350353725839,40.031175934222063],[-110.93275087035636,40.016707436998672],[-110.94063560444954,40.003868038279393],[-110.95484998204103,39.992950297418361],[-110.96695135931776,39.977748645883366],[-110.97655110774741,39.967417032769902],[-110.98250310433474,39.956640957614127],[-110.98308347911922,39.942910772314349],[-110.9815516737707,39.935823798929221],[-110.98289780688822,39.925637001846212],[-110.981177068367,39.912201413764308],[-110.97658031862676,39.90186545782467],[-110.97179090892325,39.896106098717553],[-110.9735201343467,39.887691055098173],[-110.97678128742643,39.88090042991098],[-110.95398608608895,39.868342634105318],[-110.92449205966079,39.857547548180833],[-110.89116937196889,39.850875342123402],[-110.86875715322003,39.850998696732518],[-110.85017297700125,39.852451764637294],[-110.81835820596638,39.858310712869184],[-110.80454381444542,39.865522251350853],[-110.79838321021697,39.875403563123996],[-110.7925987195552,39.887056907150622],[-110.78241636961974,39.894715274690213],[-110.76628974287729,39.902213089862244],[-110.7298419443502,39.908629088961334],[-110.70299516859211,39.910186862233957],[-110.67537120501709,39.913655675968698],[-110.65676641903497,39.915078220883231],[-110.63778677943628,39.914724966284211],[-110.61382907215392,39.913171016029594],[-110.60381000762573,39.921700339199333],[-110.591890979585,39.926826375936571],[-110.57922480917756,39.928405119600654],[-110.57175700708018,39.926606081605428],[-110.56105614132781,39.92066042343987],[-110.5505073392423,39.92106295099444],[-110.54337652660536,39.926497839203989],[-110.53758206965676,39.932675821931696],[-110.53100633477447,39.940769680776214],[-110.51387581191915,39.949262394344089],[-110.49912487271467,39.946542249125571],[-110.47649644255677,39.945704396640622],[-110.46216010610397,39.939290463284294],[-110.44496876209865,39.930498913094425],[-110.42663004144322,39.921846801888421],[-110.40309003507701,39.916561048253811],[-110.38314348038728,39.917195379663099],[-110.3491402748038,39.924097404771487],[-110.31683149897447,39.933509513253512],[-110.29676830671195,39.945054167016224],[-110.27409618029446,39.966914137277683],[-110.27149309622939,39.977232817240804],[-110.27345470736884,40.009725758936668],[-110.27127286395148,40.016355909997287],[-110.24401659718819,40.050582435231263],[-110.22961892067661,40.066876146117295],[-110.22487843319311,40.078360389720274],[-110.20323950010282,40.088254353155946],[-110.16646199842245,40.093608665707393],[-110.13704059135017,40.094429260202276],[-110.08836744939822,40.098442358028478],[-110.06487286329195,40.100372153851879],[-110.00566231006752,40.10018082128795],[-109.95346813704487,40.093674157936107],[-109.92564148156907,40.09061780476793],[-109.87710620208952,40.084553626748516],[-109.85506390327646,40.080797535377997],[-109.8361417402491,40.06304226878575],[-109.81971608892633,40.045899418923113],[-109.77799014233119,40.02627886937438],[-109.7800346853524,40.016290084120158],[-109.77991280203418,40.015676809437252],[-109.77888230937106,40.006383942065327],[-109.78459685526065,39.998181067402413],[-109.79619161924779,39.994934461756031],[-109.79926744903349,39.985785752110814],[-109.79062911544128,39.979270884243988],[-109.78064178798809,39.974169390005386],[-109.78463759544866,39.965540538864843],[-109.7964708146763,39.963520428624918],[-109.80309865987522,39.955835944773071],[-109.81248157276633,39.949709062423324],[-109.82479993936568,39.950139137111535],[-109.83711845795045,39.950567926668555],[-109.84269930702737,39.941748805063355],[-109.84245813403561,39.932362044872548],[-109.83823467938691,39.923445874727406],[-109.83480867697881,39.914435433148753],[-109.84406100381221,39.907692684269989],[-109.85551566601515,39.903826889999038],[-109.86733640175351,39.901799624752925],[-109.87927900462233,39.900384377836815],[-109.88981178708428,39.895996423696033],[-109.89734167387911,39.888825162251464],[-109.89629746205821,39.879532812889067],[-109.88766321228741,39.873024746594808],[-109.88184609602047,39.864298801948223],[-109.89133243544353,39.858778629230414],[-109.90314452959632,39.856747738817148],[-109.91458759684008,39.852876127731179],[-109.91513255902032,39.843394536728567],[-109.9117005824159,39.834386032289615],[-109.9130410462073,39.824809764259271],[-109.92098775078404,39.815702595198672],[-109.92178288816973,39.81560791727162],[-109.92312161537023,39.806031463980958],[-109.91449392795238,39.799525171149753],[-109.90372828493236,39.794528334614995],[-109.89724336089233,39.78651063935456],[-109.89779015409232,39.777028880178705],[-109.90922050402298,39.773157666593079],[-109.91581799710286,39.76546626065948],[-109.91886815484145,39.756313576010768],[-109.9254630066124,39.748621580121892],[-109.93480750766031,39.742484466185203],[-109.94415037374074,39.736346595918747],[-109.94798966858832,39.727098218907713],[-109.9421771487564,39.718374756389949],[-109.94442792340988,39.709316067982229],[-109.94918230721765,39.700585903716558],[-109.95668516758639,39.693410309338333],[-109.96809865522874,39.689533262749933],[-109.97559840124518,39.682356433602592],[-109.97216653885465,39.673349143248402],[-109.96647836828203,39.665239875419957],[-109.96384178716869,39.656137295599763],[-109.97029940059684,39.647829337853693],[-109.97109257206449,39.64773432178157],[-109.98286687040968,39.645695281711937],[-109.99427116068546,39.641815630686835],[-110.00255611916953,39.63454178537512],[-110.0047964230165,39.625481677837229],[-110.0053274520003,39.615998876347135],[-110.00585833709255,39.606516040682777],[-110.01334537119192,39.599336600803554],[-110.02486374856312,39.596067056149764],[-110.03521846436058,39.591052501172044],[-110.03530113364036,39.590717348127157],[-110.0374531744244,39.581991640901549],[-110.03322604424653,39.573081294765984],[-110.02595461811109,39.565165504384595],[-110.02989707688857,39.556527043088636],[-110.0402456152429,39.55151198269192],[-110.04772328470182,39.544330225259728],[-110.04349711769777,39.535420142625526],[-110.03848030811969,39.52660536294718],[-110.03821444514051,39.517217588321103],[-110.03253128199304,39.509111103894384],[-110.02259316364353,39.504029194192015],[-110.01691286393748,39.495921921059846],[-110.01506740203894,39.4867246633126],[-110.01484705015122,39.478846960119142],[-110.01480481079335,39.477336722311918],[-110.01703853879746,39.468275933987229],[-110.01202982311781,39.459459847593962],[-110.0133495125699,39.449881217943926],[-110.01466884409183,39.440302547824388],[-110.01616385188021,39.427562701357658],[-110.0169544809645,39.427467368724137],[-110.01997687663152,39.418311058908273],[-110.01734262386299,39.409208987205034],[-110.01312839625842,39.40029746295761],[-110.00970546773311,39.391290481070882],[-110.01102419760861,39.381711697636774],[-110.01325538322931,39.3726507438368],[-110.01062370432044,39.363548408632198],[-110.00799270260109,39.354445996085929],[-110.01454026981759,39.346748041289118],[-110.01847192503925,39.338109428907046],[-110.0259291987735,39.330928630152187],[-110.03450985974217,39.33742773290362],[-110.04509198530684,39.341800198020792],[-110.0568130923503,39.33975356407575],[-110.06335396861073,39.332052851957599],[-110.06636625769659,39.322895119414284],[-110.06451887574548,39.313698212402642],[-110.05527215888299,39.307910010238857],[-110.04360784492604,39.306182078040536],[-110.03569644773285,39.298974969619223],[-110.04041191877502,39.290240054235142],[-110.05212460186885,39.2881938627566],[-110.05441960518061,39.283519517711625],[-110.05331267014355,39.278001214684366],[-110.04473749863661,39.271503398862819],[-110.03483193214794,39.266422205020774],[-110.02771461473765,39.259119029219903],[-110.02587393273575,39.249921375770953],[-110.03526651873483,39.244388554987893],[-110.04383752817932,39.250887104656215],[-110.05374156492127,39.255967553859591],[-110.06204764218489,39.253076354889913],[-110.06118658539259,39.248784370102669],[-110.05934181507268,39.239587222972034],[-110.05986262416076,39.230103165129037],[-110.06548176097448,39.221884617980777],[-110.07474445878972,39.21573545043077],[-110.08309432134581,39.209068206832342],[-110.08282372703331,39.199679770305181],[-110.09220518302277,39.194142316214993],[-110.09611886529336,39.185500799922011],[-110.09427120275376,39.176304082667343],[-110.09557447508195,39.166723875606408],[-110.0985755541185,39.157564982038366],[-110.10795019144814,39.152026216736544],[-110.11094904466262,39.142866976929497],[-110.11067501134266,39.13347848194644],[-110.11040104906914,39.124089969876252],[-110.11691616784685,39.116385906884148],[-110.12421679406975,39.108585406891052],[-110.12981881588559,39.100363570022807],[-110.13723975700913,39.093175320384773],[-110.14751297444417,39.088150236144543],[-110.15402075115668,39.080444051651739],[-110.15792060904886,39.071800284355675],[-110.15867402868344,39.063541608558467],[-110.15842698761537,39.062315487269984],[-110.15131744124687,39.055019553709485],[-110.15691208412534,39.046796340878473],[-110.16432466694977,39.039606304287588],[-110.16247195921352,39.030410429697611],[-110.15747610024181,39.021599717652919],[-110.1596772296204,39.012535314053537],[-110.16799517074048,39.005861759912364],[-110.17098008626192,38.996700754736082],[-110.1683421165954,38.987601294664046],[-110.16256311269746,38.978887109552488],[-110.15612352078381,38.970881983216998],[-110.15584417336987,38.96149333355055],[-110.15882879121568,38.952332583781754],[-110.1561940303302,38.943232792759204],[-110.14831166325263,38.936032830350882],[-110.14724860973553,38.926740346989448],[-110.15192562396834,38.918000357630433],[-110.14404649355077,38.910800084056689],[-110.15041521978651,38.902480813738634],[-110.15975213865022,38.896937669637794],[-110.15415011323711,38.88506128564984],[-110.15402694029103,38.884448206119885],[-110.15540738344396,38.867317388286892],[-110.15619159136884,38.867221106868612],[-110.15434443065089,38.85802489593226],[-110.14581070799773,38.851534045359983],[-110.13793956535864,38.844333304138729],[-110.1280868781069,38.839259660105256],[-110.11571377786851,38.837634872951071],[-110.11073726511268,38.828821947674783],[-110.10510086581229,38.82071788062575],[-110.10886976982397,38.811462327024799],[-110.11679847267135,38.807571319360932],[-110.11910428943139,38.806439559438161],[-110.12208713291483,38.797279598374814],[-110.12041600819219,38.784921132804072],[-110.12029329929629,38.784308011005976],[-110.11531994855676,38.775495242211719],[-110.11191414672044,38.76649029009485],[-110.11085838040987,38.757197319300872],[-110.12120761304089,38.752787478359494],[-110.13052716599589,38.747246602348866],[-110.13791121602975,38.740058000176646],[-110.14010613109303,38.730993690106743],[-110.13290883967119,38.723083254288781],[-110.12092363501773,38.723298339746634],[-110.10881585366866,38.722899049751391],[-110.09724609802896,38.721176311137924],[-110.08792736795363,38.726714523356634],[-110.07606364462146,38.727538132378982],[-110.08073630883354,38.718800849079969],[-110.08631268378332,38.710580725420186],[-110.08682603209564,38.701095861784665],[-110.07567628683114,38.697435667821878],[-110.07009971492988,38.705655287861305],[-110.05884951089615,38.709543027388861],[-110.05936651135539,38.700058286061108],[-110.06765735140561,38.693391690873909],[-110.06985976681477,38.684328688418304],[-110.06069431628964,38.678540384631106],[-110.05330885521948,38.685724096290073],[-110.05110428683332,38.69478678398292],[-110.04362568927411,38.689419168659754],[-110.04193901527333,38.688997001710334],[-110.04299668634798,38.678190390074519],[-110.0543647519317,38.674917376735607],[-110.05735041209181,38.665759002975676],[-110.04884855691535,38.659260944337177],[-110.04236788307134,38.666961600697391],[-110.03305198136383,38.672495419727909],[-110.0220311377268,38.669443280782843],[-110.0250207261256,38.660285737996446],[-110.02891323385865,38.65164591242899],[-110.03449033006467,38.643428252911576],[-110.03344648067053,38.634134517693894],[-110.03318460978187,38.624745317642351],[-110.024689849357,38.618245477446862],[-110.01537894158486,38.623777885441086],[-110.00709131031567,38.630440761032332],[-109.99789884325696,38.636585008391478],[-109.98580649337492,38.636172877876049],[-109.97587222142585,38.630472992734497],[-109.97026684334014,38.622362292286027],[-109.97157665104157,38.612782876628501],[-109.98191352518899,38.608385430143528],[-109.99327326484928,38.605118401792879],[-110.00523898029468,38.604916504892856],[-110.01684010338801,38.602873663388891],[-110.01658053296518,38.593484414773968],[-110.02047041917444,38.584844856305153],[-110.02435936289424,38.576205163837301],[-110.02409890034392,38.566815929611494],[-110.02071457162015,38.557808222871245],[-110.01025020508285,38.553433114646566],[-109.99829313571962,38.553635529556118],[-109.98796520173266,38.558034442835321],[-109.97775709611307,38.563045712589599],[-109.96591932271855,38.563858062099939],[-109.959539265025,38.555841829137137],[-109.96175116468447,38.546780848357514],[-109.95195209861043,38.541692197337113],[-109.94072131813431,38.545568492991606],[-109.93368552156954,38.538258982366187],[-109.93445925329189,38.530001406439794],[-109.93590015876526,38.529198494415027],[-109.94328123743912,38.522022239934472],[-109.95348589955461,38.517014009888726],[-109.95737925175104,38.508376565725996],[-109.95478654586236,38.49927198491423],[-109.96036027140934,38.491057875920262],[-109.97242790342494,38.49147266573101],[-109.97799899215971,38.483257707777057],[-109.98970220089581,38.481830858707212],[-110.00188961631272,38.482855840324817],[-110.00007225912742,38.473657029448418],[-109.99159847628863,38.467154754788169],[-109.98180820468485,38.462068633560648],[-109.97333745795726,38.455565020709173],[-109.96696623430421,38.447549202333846],[-109.96437451407252,38.438444843654679],[-109.96256311489583,38.42924545271552],[-109.96555027422573,38.420089427984749],[-109.96685700714511,38.410510068085216],[-109.978790230085,38.410310903325581],[-109.98791466163232,38.416105693023383],[-109.99943240857874,38.417839344909908],[-109.9999551790882,38.408354839204492],[-109.99280587279276,38.400435682660657],[-109.98356217855167,38.394028013082391],[-109.97509932967029,38.387524542323831],[-109.97484602122688,38.378135220863783],[-109.98040800522523,38.369920172977629],[-109.98866794277131,38.363259218338328],[-109.99512689079336,38.35556157200898],[-109.99564977821467,38.346077110370402],[-109.99006443342682,38.337967391082259],[-109.97963408014863,38.333589533630118],[-109.96735177726265,38.331948929199768],[-109.95705392919547,38.336345059976566],[-109.94573519772115,38.33960852611267],[-109.93417472308499,38.341644238690719],[-109.93548422231896,38.332065268197596],[-109.9419460733526,38.324370613013457],[-109.94169733436445,38.314981249285267],[-109.93755692401282,38.306066008139794],[-109.92976669787475,38.298851116086212],[-109.91994649143737,38.297534494221566],[-109.91797205596555,38.299658551700873],[-109.91576224902855,38.308718634057755],[-109.90929899595187,38.316411816152424],[-109.9010370816959,38.323067070888669],[-109.89073644303238,38.327457278730492],[-109.88294860819167,38.32023921656662],[-109.88683976874029,38.311604204170749],[-109.89072999219536,38.302969064071078],[-109.89899054577705,38.296314555772199],[-109.90545309288592,38.28862196273343],[-109.91011792760025,38.27989158802643],[-109.9083175064477,38.270691420972355],[-109.89855999714609,38.265598294925439],[-109.89077809783089,38.258380791240597],[-109.88586948838616,38.249558224332645],[-109.89322677459592,38.242385245182959],[-109.89866770804827,38.233560850852655],[-109.88957373294141,38.227759077919188],[-109.88132020396421,38.234412875753662],[-109.87115074041429,38.239414679244078],[-109.8614001334094,38.234318420858472],[-109.86875830275346,38.227147014623085],[-109.86540953232401,38.218134897607513],[-109.8576361208103,38.210915186086993],[-109.86881897461598,38.207047014008538],[-109.88053959422683,38.210019261679633],[-109.89214140799953,38.212376957630568],[-109.90140839468165,38.206854535708317],[-109.89650200386433,38.198032459830188],[-109.88502205542346,38.19628857186018],[-109.87802620044874,38.18897579309845],[-109.87752962269388,38.18821269406061],[-109.87234683603759,38.180247110016182],[-109.86559280336513,38.174160342825587],[-109.86601134964405,38.172225866030942],[-109.86732685814798,38.162647802953813],[-109.87031506878537,38.153494414135935],[-109.87587160559008,38.145284550841382],[-109.88501158821418,38.139150114186464],[-109.89056533262396,38.130939554816678],[-109.89611780809031,38.12272873644207],[-109.90626900191285,38.117724790766545],[-109.9084741296773,38.108665054648611],[-109.91145484896208,38.099510655892118],[-109.9196900812322,38.09285479591216],[-109.92995530189563,38.088462102344181],[-109.93048484969603,38.078978166809009],[-109.93513303166407,38.070246969222296],[-109.94527409282512,38.065239614216864],[-109.9567345601518,38.066977470433983],[-109.96372654444446,38.074285358682403],[-109.97250075390662,38.074466742945901],[-109.97488240959547,38.070406951419727],[-109.98131650755073,38.062710285351443],[-109.98864513056827,38.05553136617965],[-109.98916669059025,38.046047206713297],[-109.98581126068109,38.037038788609266],[-109.97882065504916,38.029732282618795],[-109.98178914265475,38.020576162559905],[-109.99204024935801,38.016177971436264],[-109.99745193415941,38.007349153340783],[-110.00298265862278,37.999133322145155],[-110.0140042909652,37.994637932294779],[-110.0242497292416,37.990236883125704],[-110.03437329858883,37.985221730098829],[-110.03822815620441,37.976581945900136],[-110.03641894327956,37.967384121579983],[-110.03693356593129,37.957899875778708],[-110.03589934467897,37.948606593819306],[-110.03808297055264,37.939544607597611],[-110.04856038895076,37.936367797435935],[-110.0493345946158,37.93627223907265],[-110.0611889569048,37.936064566726429],[-110.07304325084533,37.93585567040293],[-110.08226073974129,37.930318910589278],[-110.0941140264411,37.930107837906462],[-110.10253383556801,37.936602258787275],[-110.1146305228803,37.937615298307435],[-110.12103780125346,37.929910979907845],[-110.13126747261572,37.92550043299866],[-110.14299838406811,37.924671222998597],[-110.15272693519984,37.929743419123554],[-110.16417080643754,37.931460552262706],[-110.17626749195114,37.932467088785188],[-110.18824268175433,37.93285932809556],[-110.20009606737955,37.932637305267463],[-110.21219345076713,37.933640055644105],[-110.22416903177538,37.93402854478154],[-110.23614473868872,37.934415783861368],[-110.24824292607013,37.935414733703055],[-110.25972920124161,37.933347665362533],[-110.26893198981946,37.927795922843643],[-110.26709453278642,37.918601843300507],[-110.2629366522047,37.909698772680258],[-110.2580062539854,37.900892538359983],[-110.25617087798361,37.891698328415202],[-110.25832505915412,37.882632271861894],[-110.26752147513594,37.877080694818289],[-110.27843144495517,37.880109309297211],[-110.28966282527915,37.876813420802762],[-110.30089317767795,37.87351643423608],[-110.31249085816654,37.872057005426484],[-110.31797523606826,37.863826248182875],[-110.3153601811274,37.854730421371926],[-110.30900407777591,37.846734049936515],[-110.31115026757078,37.837667083269309],[-110.31085511906844,37.828279205221179],[-110.29942414860557,37.826576740923883],[-110.29560864082606,37.835225021017948],[-110.28654224522842,37.8413917127574],[-110.27519381724085,37.84407435175001],[-110.27103923627169,37.835171704710433],[-110.2765255396219,37.826942993424439],[-110.2818881538152,37.818101120770166],[-110.28647692836751,37.809356175247331],[-110.29464433376893,37.802673849118889],[-110.3046001255953,37.797022173934238]],[[-111.70511302504605,36.126579903639708],[-111.70841273835714,36.141911810281897],[-111.69890777037728,36.111659694039702],[-111.70511302504605,36.126579903639708]],[[-109.68269968973885,40.108538703098702],[-109.82716510418618,40.343897121854752],[-109.80519822521791,40.364638881379335],[-109.7865372675808,40.372272378167793],[-109.77135400358435,40.379496332689655],[-109.75339345504386,40.390674783414568],[-109.74802123788976,40.399475081310015],[-109.74514688322205,40.408892134264647],[-109.74615029729836,40.413924093821947],[-109.74709392084776,40.418655527830424],[-109.75118729665638,40.42726060269473],[-109.76171922116509,40.432390357229281],[-109.77126852572184,40.438542236235264],[-109.77652778173172,40.44701079581165],[-109.77731843419832,40.456909058905978],[-109.77676973803295,40.466055345777647],[-109.77756063961181,40.475953493758766],[-109.77951412177924,40.485715970016031],[-109.78594044239748,40.494048256222072],[-109.79550038233674,40.500197964264714],[-109.80604665462937,40.505323570226665],[-109.81757901465977,40.509424821398454],[-109.82911273716303,40.513524945719723],[-109.84046934898123,40.516736556047249],[-109.85182701030823,40.519947078195173],[-109.86318572474136,40.523156510364686],[-109.8727565248937,40.529299901569232],[-109.87588796785542,40.538923947881926],[-109.88215346630938,40.558171617825963],[-109.88412399692487,40.567931879053049],[-109.88725876737817,40.577555392967042],[-109.88672363029127,40.586701503571589],[-109.890844275343,40.595300882130061],[-109.89613004786338,40.603763331712457],[-109.9002528746704,40.612362291186855],[-109.90222749989914,40.622121914794604],[-109.90536723820742,40.631744621117434],[-109.90366936315053,40.641027313559732],[-109.89946169699971,40.649696273564246],[-109.90143727640913,40.659455675938773],[-109.91274175812561,40.679927396931873],[-109.92108743433761,40.691663156629431],[-109.92809014574362,40.70264814789374],[-109.92558785319682,40.713842045374122],[-109.92864978575898,40.728923401793622],[-109.93467141505374,40.74093189888805],[-109.94509682565797,40.756963909756678],[-109.94341343418262,40.778052850758513],[-109.92472246706819,40.770728224328138],[-109.85801053735639,40.769193668852779],[-109.83676315199784,40.761391860346123],[-109.81949168289481,40.754992998727971],[-109.78790352392843,40.750724974577963],[-109.75877204389468,40.743360009057199],[-109.74677336919558,40.738676517907038],[-109.64141005373097,40.734023798859255],[-109.61524701363874,40.729088139606006],[-109.59145668277966,40.720604708840312],[-109.56701324896221,40.714995068867381],[-109.53359748413652,40.704332397322332],[-109.50823651070635,40.690875018667214],[-109.47583511280016,40.675878526772635],[-109.43931093485173,40.658539818058216],[-109.4179664721749,40.649749105137118],[-109.38029640235703,40.648405530590821],[-109.33882909358778,40.643274551179672],[-109.32356239768649,40.6435917591524],[-109.30526490465161,40.653587738982992],[-109.28049963135288,40.65870148738378],[-109.26274012085986,40.65882291294713],[-109.24256313198293,40.655943170440992],[-109.21748288822465,40.649871757375763],[-109.19600802385116,40.643393973053492],[-109.07311392966409,40.643216107837134],[-109.06614415233071,40.64398496613336],[-109.0579231869055,40.642181168925845],[-109.03812754385103,40.632940289562782],[-109.02039256776277,40.619792281288824],[-109.01663826784176,40.608009905233018],[-109.02341539060774,40.600876789432334],[-109.03968565976533,40.595615333680769],[-109.05484575902454,40.589651674685115],[-109.07278941200173,40.583531718913775],[-109.086468861149,40.574234683184159],[-109.08434540081953,40.557490272558084],[-109.08205721077161,40.534295629239978],[-109.08569391174461,40.517903703393245],[-109.09492343806619,40.511746154161756],[-109.10673153203453,40.509503995013404],[-109.11604513777286,40.50380203693453],[-109.12604330385534,40.498490072558866],[-109.13819693893754,40.498073768289828],[-109.15061228123176,40.499027912108488],[-109.15697577071523,40.506724799409994],[-109.15563994472762,40.515745324187435],[-109.15798615363803,40.524823046746235],[-109.16913370815405,40.52871854202715],[-109.17913139759588,40.523402199751786],[-109.18698010574724,40.516456674436029],[-109.19079538330027,40.507625687175789],[-109.18553839627992,40.499339798792732],[-109.17372144488871,40.49832254864674],[-109.16257851918328,40.494427411296044],[-109.1670818914161,40.485987595850929],[-109.17888326475082,40.483738248421503],[-109.19112152873555,40.483773748259921],[-109.20327219065905,40.48335079620233],[-109.21524732200629,40.482012229081136],[-109.22454831385357,40.476301692369248],[-109.22707163614706,40.467146149675102],[-109.22899576893957,40.458057535426974],[-109.24070256057468,40.455344833897016],[-109.25293584771117,40.455373980025229],[-109.2629165516575,40.45005037032837],[-109.26055915158355,40.440974312414653],[-109.25359192113024,40.433349821437162],[-109.24833306531866,40.425066337841258],[-109.25282151779879,40.416622935000476],[-109.25662294129569,40.407789317223262],[-109.25247382190929,40.398914372000718],[-109.25439274313055,40.389824984335633],[-109.25690899495413,40.380668346267214],[-109.26886539522178,40.379324304073407],[-109.27978362621337,40.375760511138708],[-109.28906509467834,40.370044577595252],[-109.29543210320895,40.377734637243748],[-109.29292103327901,40.38689210538638],[-109.29229118229222,40.396304590684338],[-109.29465121198382,40.405380255594366],[-109.3042577062281,40.410836889410973],[-109.31623820562868,40.412755494970156],[-109.32707092638213,40.40873029406788],[-109.33489187426056,40.401774551554354],[-109.33491814795411,40.392429436269538],[-109.3361399659866,40.382949135794036],[-109.34098953583839,40.379598154831058],[-109.3479641668128,40.374605116133239],[-109.34765630459475,40.36669884057909],[-109.34555584082938,40.35899540171647],[-109.34321181637222,40.353188006221558],[-109.34044740562325,40.348362397906385],[-109.33929901363854,40.342419694913019],[-109.34480074216049,40.336247482235592],[-109.3453192112126,40.335665756669414],[-109.35843904192819,40.330909894376191],[-109.36781877571588,40.328912325643387],[-109.37350340565763,40.323595986965302],[-109.37686435020959,40.315740053660591],[-109.3791847063091,40.30566623031234],[-109.38537500525223,40.299824351212862],[-109.39857399789167,40.295521069142069],[-109.40610897215129,40.287188897149917],[-109.41273904227296,40.283631019056315],[-109.42297407269524,40.282932356443155],[-109.43094899260188,40.276883981310732],[-109.4398492483441,40.269327635561979],[-109.44110589981739,40.266380886368836],[-109.45885395294755,40.266689949181853],[-109.46595149066871,40.268681990681387],[-109.4713755753225,40.274603046993093],[-109.47733553270865,40.283266100250387],[-109.48622565668865,40.285052045015902],[-109.49329774809257,40.28377484763115],[-109.49998392601736,40.277401525859773],[-109.50249232406145,40.271506761228125],[-109.50876434439891,40.247423648882318],[-109.51309139735008,40.235244927211681],[-109.52230552008365,40.226242673060938],[-109.52910269683196,40.223592228898269],[-109.53959620679944,40.224254541813707],[-109.54678127283745,40.226698802907492],[-109.5522089583767,40.232616290709302],[-109.55397002609578,40.238488601068127],[-109.55576241000716,40.24762850275323],[-109.56265442386251,40.254779053710422],[-109.57145888202177,40.265447496205013],[-109.57915605440837,40.267364007243202],[-109.59126646987164,40.266901386090126],[-109.59767228594723,40.259151616853671],[-109.60234425858062,40.248797564755876],[-109.60126508561518,40.243314058297187],[-109.59547288776355,40.235570986312041],[-109.58989424562293,40.232009198865512],[-109.58610478670653,40.228240656381217],[-109.58323873817722,40.222963413031152],[-109.58600749984623,40.218437653974604],[-109.59110304237146,40.216447110745605],[-109.60028090084285,40.213517112324951],[-109.60459982392268,40.210680949166544],[-109.60539892282202,40.205447540571583],[-109.60312829473497,40.200101785069364],[-109.59957636116013,40.194436808911632],[-109.6011512098604,40.190048429391538],[-109.60698646815092,40.185634483045021],[-109.61633949117453,40.183617133723772],[-109.62253316976995,40.181030260837929],[-109.62544345415205,40.174149665674577],[-109.62477931021698,40.167683209212782],[-109.62030589709946,40.163527701941916],[-109.61247291179541,40.16396758013974],[-109.60547170135789,40.162441174320804],[-109.59980859579002,40.158422742615528],[-109.59691147478469,40.149877860275069],[-109.60229461600369,40.143179124217284],[-109.60866490526115,40.141506888831884],[-109.62143861480018,40.141429183809862],[-109.63426765422884,40.138539269072055],[-109.63991643269719,40.133209666293112],[-109.6468645966238,40.122119782601942],[-109.64571353724989,40.110100666312746],[-109.64605820602134,40.102581928413315],[-109.64932309308625,40.097528316778437],[-109.65633752175921,40.09297341968761],[-109.67114743670481,40.089640483621451],[-109.68269968973885,40.108538703098702]],[[-110.55240482961915,45.507389612340774],[-110.54631113674952,45.496518111921375],[-110.55180063988757,45.486860454346527],[-110.56376623842112,45.480802493340434],[-110.57623014500513,45.474686363285116],[-110.58863289229413,45.469057524585139],[-110.5963688389507,45.454321359443213],[-110.60596647127562,45.452142272447986],[-110.61067251202678,45.44582211859597],[-110.61034770658136,45.431039778662921],[-110.62055336694431,45.424090558032901],[-110.61358633793913,45.41018687012803],[-110.61142366087324,45.400794587200494],[-110.62858033421503,45.386180692085304],[-110.6421899069386,45.379199955613501],[-110.66855975692721,45.366776499635819],[-110.6782827619399,45.353367195139981],[-110.70067082040202,45.334883386858849],[-110.75914388278392,45.300598784306487],[-110.79308269061363,45.270266027655111],[-110.82146139942404,45.227180510272376],[-110.84352897368314,45.20326748040992],[-110.8580225610923,45.182040529446908],[-110.86043055522589,45.157276240905844],[-110.85694427485834,45.135937759619935],[-110.86785068156365,45.154203562344605],[-110.87069984801951,45.179560745132335],[-110.8562110090308,45.200789238432662],[-110.83414900697107,45.224704570559538],[-110.80577991281268,45.267793117758231],[-110.77184841737051,45.29812938356423],[-110.70788519174818,45.340591579937495],[-110.68549721962097,45.359076410747832],[-110.67577485942218,45.372486092958866],[-110.64940405705158,45.384910870040699],[-110.62859051993649,45.399223557021571],[-110.62921432927783,45.406381991435808],[-110.63348836899303,45.416014628971993],[-110.6318432103958,45.426685650722277],[-110.62163836212068,45.43363572480888],[-110.62196578998919,45.448417952326679],[-110.61726067374104,45.454738480296669],[-110.58783709210809,45.480863754258905],[-110.57506378996192,45.483402225632233],[-110.56309877598767,45.489461200174276],[-110.5576107576303,45.499119281329797],[-110.56370661966474,45.509990184599417],[-110.56387974185657,45.5330970729716],[-110.56586578397872,45.559610125606866],[-110.55900441811934,45.585680727983288],[-110.55012755194491,45.600777734404971],[-110.52590169830472,45.634227830849795],[-110.50756562885067,45.65977919705233],[-110.47513171055994,45.689079930394541],[-110.45577024490086,45.694669117086164],[-110.44073238509145,45.700271075050125],[-110.41334624813084,45.706352589300593],[-110.38816874359259,45.707065232774312],[-110.35197520229372,45.70087853831393],[-110.3067481464098,45.692678981250026],[-110.28160125389473,45.684943855674476],[-110.26577287921498,45.679480249414041],[-110.25585596867796,45.681181880939107],[-110.24673425128464,45.692120815223518],[-110.2354049204007,45.706611923201763],[-110.21708043691262,45.716760297649671],[-110.18489685930257,45.730238204229806],[-110.16149162713685,45.733116331553504],[-110.14128157918151,45.736842036630719],[-110.10793065277738,45.747117500572244],[-110.06930014658445,45.759764086443511],[-110.04813915999421,45.774702803191872],[-110.02929001022574,45.788482817228271],[-110.01105778998499,45.796797476722247],[-110.00158205806548,45.801116879140693],[-109.97789520589902,45.810601992787781],[-109.95170718803627,45.814641002780093],[-109.93116885515849,45.818965853291559],[-109.90122836839447,45.825503227591923],[-109.870409538969,45.826116335000904],[-109.8440530879796,45.815724077004631],[-109.81237921193105,45.802590951611194],[-109.77625248126697,45.774900169307443],[-109.76299207302571,45.771207893829285],[-109.74131981915428,45.762401073151068],[-109.71912507266393,45.745231829985016],[-109.69395342271224,45.724168496279106],[-109.64992142823127,45.71201452934713],[-109.61941565820604,45.703825834294889],[-109.58459578816507,45.69247999905275],[-109.5729776777776,45.688296744998809],[-109.55157259270095,45.688448966946339],[-109.52739980535671,45.693696207114328],[-109.49223635382464,45.697687210396509],[-109.47160409934969,45.697444433913574],[-109.45783304885606,45.693176452931027],[-109.43707714029773,45.678219899928479],[-109.40772588933828,45.659049083348577],[-109.39163905399909,45.655917649380058],[-109.3712542425892,45.662844699023708],[-109.34436580303935,45.670442549384177],[-109.32785990970706,45.667346760944326],[-109.31291574666432,45.655376046167646],[-109.28757656110935,45.618343264729958],[-109.27478367532632,45.612454988706816],[-109.23903455200292,45.613437639235713],[-109.20412240072818,45.614324352786696],[-109.16343804892676,45.610085897446254],[-109.13315806629168,45.600267595773005],[-109.08659186502251,45.576785006622799],[-109.0658622688286,45.569584009994117],[-109.02982279398674,45.564834566162347],[-109.00254470607331,45.571501807062816],[-108.9842998107876,45.578451500736207],[-108.96563427290334,45.587542473906126],[-108.94714376557226,45.597513188183143],[-108.93044073814951,45.60159604012523],[-108.90624883391649,45.598321899036478],[-108.88044367183795,45.591302078927868],[-108.85820385042734,45.588124167996],[-108.84515209479332,45.589128631581161],[-108.81119710636136,45.59671919833238],[-108.78171215229395,45.61166030008286],[-108.75132476902286,45.622180008200871],[-108.73076340001086,45.628418116902651],[-108.7117304369101,45.630048219949458],[-108.70805378805187,45.630362779418761],[-108.68700707291805,45.636340959767551],[-108.6623644221803,45.64146867014307],[-108.62835847006733,45.656512326982352],[-108.57746719435551,45.682496021574195],[-108.51850658700937,45.70683827716482],[-108.47212338068942,45.727832422428378],[-108.45258682242388,45.750415976416207],[-108.44697218581769,45.780649126855792],[-108.4417189049035,45.793151421900632],[-108.42403417843457,45.808948752882714],[-108.39800012090882,45.827043119644316],[-108.36948228697793,45.84566767722157],[-108.34159922872141,45.865422142118234],[-108.31898523088364,45.87927035174539],[-108.29636136388581,45.893114176278289],[-108.28662414508818,45.904830302876235],[-108.27822204091444,45.921214007120795],[-108.2659049891239,45.93736770525544],[-108.25200852457374,45.954267848782251],[-108.22857390795946,45.969668542769114],[-108.20381028581602,45.98159277698511],[-108.18034176925721,45.984699988613613],[-108.13105385165392,45.985428456558054],[-108.10723644670463,45.982262983250109],[-108.09738557608341,45.980594444977726],[-108.07303422924628,45.976466218641121],[-108.05412056661083,45.976429594650142],[-107.99111562168855,45.978380866283999],[-107.95367835667076,45.980341814623102],[-107.92223011872494,45.984436720178564],[-107.90927262463191,45.988623126356231],[-107.86458207820033,46.013685237084076],[-107.84790171908901,46.016408055087709],[-107.83103871126747,46.02273874809481],[-107.81066115378917,46.026392432764624],[-107.77065924982446,46.04350202300003],[-107.74447393622313,46.057551009871247],[-107.66698089155489,46.094173853340692],[-107.62817347522565,46.112319580384394],[-107.62223946777721,46.117409602870907],[-107.61219950570256,46.126018973796647],[-107.57866900806823,46.13559395759512],[-107.55188227194924,46.13857526413716],[-107.53603897931544,46.136690188901127],[-107.50536407918889,46.133722692348442],[-107.47306465630879,46.135978410575262],[-107.45391254203014,46.14424955637196],[-107.43370365689822,46.15620049595617],[-107.42670827856415,46.181647022791935],[-107.41535040409781,46.202088987017191],[-107.40094692965704,46.212923576561877],[-107.36675151197267,46.219203235740792],[-107.33377206582816,46.231050305427289],[-107.3181790500231,46.235396870069565],[-107.29897626794036,46.250820935637705],[-107.2802400964033,46.271284158936851],[-107.26170487567941,46.290529174082167],[-107.23705854131862,46.302223194444935],[-107.20879975170715,46.308242160847101],[-107.17794722108732,46.307002422923517],[-107.12975184487169,46.297968426301907],[-107.09163401699624,46.279989295069981],[-107.06143030496457,46.279864035696733],[-107.02198421080266,46.281111103094986],[-107.02231882335496,46.268369710693662],[-107.0339726826931,46.268027178711407],[-107.08658149264176,46.267151989073113],[-107.11120535294464,46.274742569314185],[-107.15001694932272,46.292238583843641],[-107.18287870478838,46.299471091817509],[-107.21741551141668,46.298658441034263],[-107.24188795196739,46.293681073922471],[-107.25654738965028,46.285957867961315],[-107.26866104896823,46.266969599367542],[-107.28579796600332,46.24431384690655],[-107.3094145109709,46.22611574874287],[-107.33925821179702,46.216701502572334],[-107.3652802004209,46.211920475449631],[-107.38722668096653,46.207490370084543],[-107.40356748575084,46.200675606194352],[-107.41086440316963,46.18962569197214],[-107.41824983006558,46.159180519165659],[-107.43442789712969,46.143039019435264],[-107.45830018590482,46.132320328220601],[-107.48275367414271,46.12764932955298],[-107.5125490489994,46.125373156246212],[-107.5417911447455,46.128525770148201],[-107.56708239463677,46.128432476277794],[-107.59823528173285,46.118114594912697],[-107.60933353631361,46.113891303041271],[-107.62395686891432,46.103604904243014],[-107.73761784758557,46.051351971316478],[-107.7685090598452,46.031667382843523],[-107.79208404624171,46.019824906893973],[-107.80962343957003,46.015713746092558],[-107.83398157179209,46.008103040822732],[-107.85602385441729,46.004652060644162],[-107.88221367542076,45.990394526386353],[-107.90295131335239,45.977349906872746],[-107.9291378779107,45.971347583324359],[-107.97594897806283,45.968107740579796],[-108.02552310490734,45.968548643105464],[-108.08269583034826,45.968262283677518],[-108.12795385258818,45.973021828694471],[-108.15936674358034,45.975470729390679],[-108.1903315734433,45.972920342000236],[-108.21577706965599,45.965848586043478],[-108.23461846816775,45.954000997448134],[-108.25108883558124,45.936619811055493],[-108.26529189160749,45.924844831024188],[-108.27158716661444,45.901588567958072],[-108.28078986795799,45.890643843838347],[-108.30085927003927,45.87953496286832],[-108.30589454989354,45.876746676917662],[-108.32551933614843,45.861207283189628],[-108.33590381770699,45.85769841634891],[-108.34495453092683,45.853956217705331],[-108.35544624404889,45.841800629295676],[-108.37284758874517,45.830780881932185],[-108.40792902030802,45.807625517403778],[-108.42205541812302,45.798350652660531],[-108.43174042677924,45.784823184442473],[-108.43407771981089,45.77056284070261],[-108.43798197268984,45.748592910334594],[-108.45925623069047,45.723504421591826],[-108.49117466208094,45.708177178833807],[-108.58181716922695,45.666596338750082],[-108.60272723507381,45.65555000382966],[-108.61849146470928,45.652205545649451],[-108.65106057358656,45.635324953383929],[-108.66509518839217,45.63106357702253],[-108.68472720429702,45.629129899725172],[-108.70509637289928,45.620637570167787],[-108.71422628671371,45.620095813171304],[-108.72796293634042,45.61693669537226],[-108.75118788681146,45.612475584980302],[-108.76507361165784,45.604974939641806],[-108.793833237314,45.594912711252675],[-108.83214145796188,45.581368406826584],[-108.8374534942833,45.580371539814792],[-108.85265221402841,45.577517929808664],[-108.86292363102069,45.577571307270091],[-108.89675509037511,45.587512119988389],[-108.91960253333019,45.593865224100853],[-108.93468938910399,45.592348251270835],[-108.94991546262844,45.586491573827118],[-108.9650637429973,45.577757896809544],[-108.97711960828326,45.568973836173654],[-108.99434663289077,45.56290855378677],[-109.0189683537065,45.557893327914826],[-109.05077857686979,45.557909317860776],[-109.07441029879624,45.560552187033863],[-109.09389367385393,45.567938840605052],[-109.13055752101275,45.587625217829611],[-109.14517476700183,45.596223054050768],[-109.17660820840206,45.604178297690339],[-109.19637509383546,45.605394728783779],[-109.22560844277535,45.602750934208302],[-109.26959444322893,45.604345987977013],[-109.29340049333808,45.607654288015055],[-109.30480519190604,45.61548706017976],[-109.33247056296608,45.656602423762877],[-109.34314472694757,45.660903174242151],[-109.35572184019071,45.659598225577724],[-109.36561547357519,45.655326262397125],[-109.37658834017969,45.651301657745364],[-109.3889389339846,45.648935170022128],[-109.40475457696215,45.648369539622593],[-109.42552755465289,45.660264143875168],[-109.43994453331351,45.672459388789832],[-109.46510664955218,45.686774395122313],[-109.48153261383902,45.689020886304888],[-109.51182309156241,45.688728979858581],[-109.55270271585761,45.682627599584123],[-109.57828366435956,45.679570240074554],[-109.59861231130907,45.683193382868353],[-109.6193804704323,45.693618973336982],[-109.6496696180584,45.705196250006964],[-109.68181293931565,45.70863604891457],[-109.69866614272826,45.715138794819552],[-109.72015022155546,45.728720080267522],[-109.75176164598315,45.755643808315142],[-109.77193575073426,45.763491035283096],[-109.7837789569333,45.76895694290863],[-109.80710204412401,45.787619042684753],[-109.8250176103744,45.800365714106476],[-109.8483162126231,45.8094065293879],[-109.8724483326244,45.815949522652375],[-109.90054343123433,45.81913476935415],[-109.92301952343223,45.811900442051808],[-109.943556127813,45.807576809222439],[-109.96974175527777,45.80353937574165],[-109.9934271901127,45.794055592191853],[-110.01153303222361,45.787144971363375],[-110.02413589485565,45.781396987780795],[-110.04298406166509,45.767617496250523],[-110.06414390161973,45.752679373953981],[-110.10277113158241,45.740034117280743],[-110.1361191792567,45.729759810766723],[-110.15576444397385,45.72639752892286],[-110.17910154080346,45.723226868325355],[-110.2078196798343,45.713441578965728],[-110.22859217728711,45.697007173642191],[-110.2362624554479,45.679612193448008],[-110.24904286223824,45.671577646691105],[-110.25895845886578,45.669876499001305],[-110.27478386308479,45.67534105764372],[-110.29992613578253,45.683077675194625],[-110.34514549706699,45.691279794427032],[-110.3472450678056,45.691639171610518],[-110.38133292117732,45.69746853214707],[-110.40650670611956,45.696757199884928],[-110.43615958429734,45.69403343039852],[-110.45119637301417,45.68843192209556],[-110.47055634579868,45.682843338849068],[-110.50298919299684,45.653543333058451],[-110.51023428428476,45.635125911831437],[-110.53106495708209,45.624943786726419],[-110.54021233483138,45.596813414907217],[-110.54768941433497,45.583080185402309],[-110.55455512122182,45.55701002998893],[-110.55257385629841,45.53049664910111],[-110.55240482961915,45.507389612340774]],[[-110.0565116036276,45.583708574091474],[-110.10041172691962,45.584610199301324],[-110.09944662216384,45.593741298422231],[-110.09371102494379,45.604172924241141],[-110.0754448346114,45.620314112806113],[-110.05869075267606,45.632050743946706],[-110.0565116036276,45.583708574091474]],[[-94.424418094619341,35.411357418909802],[-94.422406231162597,35.41455102391069],[-94.426310124312749,35.407922327053825],[-94.424418094619341,35.411357418909802]]],[[[-116.81848484819716,48.99972086412663],[-116.81390439956834,49.004342721139722],[-117.37358506070194,48.990333404263254],[-117.60573023236429,48.992325577963129],[-118.25353577375694,48.997368238553406],[-118.5539728652555,48.998675272745686],[-119.39829602084467,48.998849171951804],[-120.12051004740073,48.997293444636796],[-120.31474803669249,48.996230533212611],[-120.58412172633655,48.994304224060727],[-120.63687392958815,48.882395595980029],[-120.65154937070685,48.811500827701082],[-120.64569605942557,48.798833063694985],[-120.63152337890079,48.76813503840134],[-120.57870576885614,48.714318322032966],[-120.55216684632285,48.672138108986587],[-120.54488694407718,48.633478864957681],[-120.56788380759161,48.616314873832437],[-120.57459716122997,48.611554326071371],[-120.59251485257835,48.598842936852122],[-120.68079735701241,48.57667928082418],[-120.73526554676755,48.550118528147607],[-120.83490808134286,48.46682354776857],[-120.95178056691958,48.349498715793175],[-120.98410556292134,48.292705131936316],[-121.01260423499741,48.24253083622915],[-121.02508465043621,48.217761944058509],[-121.03165869908963,48.208262004188214],[-121.0004511700854,48.207590768199452],[-120.98050379341532,48.2176836239002],[-120.96232292716132,48.234473018614949],[-120.92910431441254,48.273071274220001],[-120.91370575271827,48.2919665025521],[-120.90271231232333,48.305447343620074],[-120.85748381932279,48.33571134440308],[-120.82003023430781,48.346928507344785],[-120.78494936931793,48.356284710371142],[-120.70912130070741,48.35142768693828],[-120.47596200224456,48.28710776231344],[-120.37617029172554,48.26192653368264],[-120.31050903816157,48.240267495348689],[-120.21538281976132,48.179746683862447],[-120.1402233728104,48.123968430099012],[-120.05477260507161,48.055296222043069],[-119.97883683365291,47.978548647901846],[-119.92766440288983,47.942206502628039],[-119.92262911314305,47.929185201635789],[-119.19479590120983,47.928997360240032],[-119.20013179294784,47.002177020053466],[-117.7961359999764,46.997085421954694],[-117.81085228200715,46.979370519633846],[-117.82522653657537,46.967640861836344],[-117.84302946184016,46.965502381929412],[-117.85627124961843,46.94717740561282],[-117.87558429757723,46.935456330045668],[-117.89055000837612,46.918529061167305],[-117.92619530496933,46.900655061581858],[-117.95019563112345,46.877951626166691],[-117.97061914215965,46.869412078604626],[-117.98611824536073,46.854069759611775],[-118.00698041781197,46.840989960418369],[-117.99378259159329,46.841395053738779],[-117.98079146195636,46.842374186119855],[-117.96738642564299,46.84220129325513],[-117.9539814648727,46.842027045112104],[-117.9409895798052,46.843002269039516],[-117.92758452100878,46.842825349010695],[-117.9131209502716,46.844656482011089],[-117.90532443697316,46.85268438187876],[-117.89356618613056,46.857107626315951],[-117.8799372599965,46.858793674388608],[-117.86695621985365,46.85731834916254],[-117.85354829941446,46.857133943176962],[-117.84199118734341,46.862128077248997],[-117.83002110389077,46.865970034989175],[-117.81661143337089,46.865781894119152],[-117.8036124643437,46.866743580551827],[-117.79184434883757,46.871157627622495],[-117.78048482681328,46.876721800570692],[-117.76830311669545,46.879982424849061],[-117.75468571357482,46.87921239833355],[-117.74106864680056,46.878440969774999],[-117.72806587813773,46.879395211619794],[-117.71381402669596,46.87933700389965],[-117.70081065278936,46.880288570261371],[-117.68780688138241,46.881238857787139],[-117.67459854208903,46.881612099818597],[-117.6616176449383,46.880116751187188],[-117.64800154223735,46.879335763734559],[-117.63502175664871,46.877837799874612],[-117.62204259788757,46.876338558977352],[-117.6088349070053,46.876705253045031],[-117.59628957670259,46.87391214762755],[-117.58290558002847,46.871257250022097],[-117.56926523879969,46.872911265142818],[-117.55603027957369,46.875715786554338],[-117.54435556225934,46.870335406254071],[-117.53563644976231,46.863245460609562],[-117.52289441344641,46.859869292334054],[-117.51015375579118,46.856491865906946],[-117.50080324817134,46.850114394663649],[-117.49356876798424,46.84216738072007],[-117.48949183717849,46.833088364036826],[-117.48625546311911,46.823870182662858],[-117.47986515585222,46.815783031861486],[-117.472637324353,46.807834141032856],[-117.45991001533491,46.80445141040434],[-117.44651479602101,46.804225776798205],[-117.43291798737516,46.803422529326326],[-117.41952308821993,46.803194161781221],[-117.4061282861914,46.802964438957758],[-117.39317024620988,46.801442480286312],[-117.38575390242062,46.792912207432494],[-117.37790273642213,46.785672215300565],[-117.37320838056229,46.777302780798721],[-117.36452171740331,46.770199812971043],[-117.35372213396926,46.764663044164195],[-117.34077332103192,46.763135798378471],[-117.329338818032,46.758311323209057],[-117.32002149719432,46.75191941874624],[-117.30795226618409,46.74780726059663],[-117.29716157074984,46.742265542820576],[-117.29835133784394,46.732928775942298],[-117.29702542328465,46.724004762809614],[-117.29298476663365,46.714916849133317],[-117.28579238371151,46.706955632196696],[-117.281116275096,46.698581183075191],[-117.27791760241536,46.68935462541566],[-117.27471987132498,46.680127767382601],[-117.26605789725414,46.673016503309043],[-117.25823564356006,46.665767106966484],[-117.25504202327073,46.656539200323891],[-117.25101182123854,46.6474483854347],[-117.24383253424401,46.639483467787841],[-117.23517969098992,46.632369417614598],[-117.22270013260498,46.629539126129828],[-117.21022170196994,46.626707632251453],[-117.18572652925587,46.621991808675091],[-117.19575138901536,46.615681057235065],[-117.20259854019042,46.608021399168308],[-117.21261946361733,46.601709134169255],[-117.22233327036412,46.594511863431819],[-117.23235004431905,46.58819787533173],[-117.24077724137658,46.581209405589675],[-117.24920255885098,46.574220272147898],[-117.26110632000064,46.56946144029331],[-117.27111518531751,46.563144095923349],[-117.27953468957423,46.556152692592718],[-117.28953957269312,46.549833732141053],[-117.30112967459479,46.544186880919881],[-117.31113047209357,46.537866084052609],[-117.32112925331234,46.531544423836124],[-117.33271312920749,46.525894526611182],[-117.33953374228832,46.518225978745988],[-117.34635268892544,46.510556926361119],[-117.35475675092329,46.503559767369438],[-117.35998558017036,46.495217307133089],[-117.36679952837551,46.487546740289872],[-117.37519823041396,46.480547861794435],[-117.37883616076016,46.471531952337784],[-117.39040376971815,46.465876106996802],[-117.39879694182537,46.458875332730486],[-117.40401620138653,46.450530167333397],[-117.40892709061274,46.441300559173499],[-117.41572921363229,46.433626400438072],[-117.42094412407204,46.425280022754919],[-117.42426522236207,46.415377496874044],[-117.4310626653097,46.407702036819614],[-117.4426138265668,46.402040676835838],[-117.45099266078262,46.395035432938926],[-117.46095464893784,46.388700844968071],[-117.46902213156608,46.380810142973758],[-117.47898004669179,46.37447395870629],[-117.48576639470332,46.366794874384027],[-117.49413572758175,46.359786251734192],[-117.49933411657616,46.351435202972311],[-117.50008599207484,46.341955183085304],[-117.49700868200506,46.333114377026959],[-117.49137989006982,46.324699488990291],[-117.48447656903841,46.316497203383278],[-117.47629914608871,46.308507333146963],[-117.48466178801107,46.301498287815775],[-117.49460559277384,46.295159652895734],[-117.50138148796526,46.287478229436772],[-117.50345278042147,46.282299195651433],[-117.50499020293546,46.2784544284292],[-117.50574035713174,46.26897263867636],[-117.50266581697383,46.260130351434611],[-117.50341610157182,46.250648142597754],[-117.5003427817939,46.24180539580243],[-117.49727032176793,46.232962382807784],[-117.50087650514655,46.223937471137447],[-117.50606280365542,46.215583318815163],[-117.50681205043577,46.206100044281698],[-117.51643128177818,46.198873881924158],[-117.52319418176603,46.19118949160179],[-117.53469743343976,46.185516962038207],[-117.54742920489383,46.18338058474626],[-117.5598522867536,46.180358675612467],[-117.57227417881029,46.177335564984389],[-117.58469488016453,46.174311252862083],[-117.59742269909827,46.172169950882562],[-117.60922425859263,46.167374827786148],[-117.61913441971768,46.161024641074391],[-117.63062355023663,46.155343258584594],[-117.64052967340569,46.1489912633362],[-117.64885294660616,46.141968980883803],[-117.6508516385922,46.132268454425684],[-117.64903502424693,46.123211883921385],[-117.6472189288105,46.114155088586529],[-117.6463659110579,46.103999123860547],[-117.64709278090709,46.094512458882946],[-117.64781943401965,46.085025570873427],[-117.64854586769758,46.075538458932783],[-117.6537004785942,46.067175427603956],[-117.65315558026577,46.057902675368211],[-117.65261084111739,46.048629711791818],[-117.64952648126206,46.039786099848698],[-117.65025213972444,46.03029794109716],[-117.64843853720868,46.021239119589723],[-117.64789480440169,46.011965316945862],[-117.64735122987531,46.002691303860615],[-117.85174608411444,46.002545768372556],[-117.85907202985027,45.994308614251224],[-117.87014146205877,45.979500257830693],[-117.87909779862446,45.963485762158257],[-117.89907267926071,45.938143276091353],[-117.92053200694653,45.916257747996724],[-117.93396092295819,45.899465043776786],[-117.96175574513148,45.87256109901557],[-117.98222834476229,45.84005480688387],[-117.98776637801592,45.825588033660893],[-117.98625036566182,45.810183501367533],[-117.98083137027146,45.797997982620871],[-117.92686251559257,45.743267433645201],[-117.91660266208316,45.734592622651462],[-117.87993811075518,45.703564974244216],[-117.84399015721993,45.674302527739542],[-117.83016278938118,45.656313259349474],[-117.82188461538266,45.635803506027059],[-117.8098073219503,45.595579530670875],[-117.79866069733328,45.573994184584024],[-117.78819398356546,45.559145720198899],[-117.77417856478888,45.545297651765281],[-117.76014455972364,45.534585218932762],[-117.74760347062363,45.52655324243824],[-117.72507118428769,45.504958386020746],[-117.7157817370375,45.486184035564861],[-117.71163793804038,45.464568991166061],[-117.71129226922284,45.42095412563242],[-117.70614783955114,45.402054691171088],[-117.69984289413424,45.381395197130701],[-117.68320537872523,45.352518023787809],[-117.65903591887252,45.325909964073617],[-117.65766219905123,45.324623220385376],[-117.65059236494568,45.317999905970964],[-117.63076421589579,45.299414183817589],[-117.56478090611387,45.249395610219267],[-117.5187310317117,45.207119399940382],[-117.48505102538451,45.18877259527909],[-117.4401695897547,45.174870560328145],[-117.40835072410658,45.16676622797911],[-117.37766294568837,45.162976483977616],[-117.33939482401189,45.157223197092947],[-117.30699317339622,45.152425806805581],[-117.26745727923003,45.139771629756979],[-117.18607846634814,45.118081062990711],[-117.12945083258984,45.100620348650239],[-117.10427197996785,45.093409083562392],[-117.08008675230172,45.086476117279062],[-117.02905406179548,45.070059648034373],[-117.00987143172114,45.059865854225848],[-116.97824214675762,45.027811540670143],[-116.95256010186716,44.989293463222793],[-116.93367972044268,44.947805508717295],[-116.9171908126059,44.921090948588471],[-116.91901570610992,44.934972047322162],[-116.91840844789152,44.944611025078814],[-116.913618217107,44.952011106427449],[-116.90767900078521,44.95708655899756],[-116.90260225768799,44.961424077359311],[-116.89272265192881,44.966978634756231],[-116.885975496372,44.970544738948604],[-116.88061045580787,44.974125393272345],[-116.87312403774411,44.981725466756927],[-116.87148683814701,44.988170311610645],[-116.75721728015333,44.999006117938052],[-116.69386642539519,45.003328128390478],[-116.61795494466492,45.008209018931154],[-116.55190035821494,45.011860546127366],[-116.50054551166602,45.01467562917702],[-116.44105280064622,45.022391034418774],[-116.34697713518659,45.028584847013121],[-116.30113023597158,45.033782130740803],[-116.26047155082136,45.036907370179051],[-116.24192367483766,45.041352022977549],[-116.16875480439069,45.04941816111932],[-115.99654305741615,45.071959121416398],[-115.97923998883437,45.07494410258829],[-115.95249641477767,45.077468299922145],[-115.9287041332891,45.081715509263404],[-115.91001037018242,45.08466588182506],[-115.88125534815578,45.086272100676979],[-115.85053065706416,45.088181391058413],[-115.82957201343766,45.090499965600998],[-115.80813626507654,45.094596349641847],[-115.79406212866428,45.098022488746892],[-115.76081075361333,45.101767606589817],[-115.72748311965023,45.10527163687658],[-115.68427055684072,45.109088590765907],[-115.6477806853303,45.117937253301648],[-115.61338135356658,45.121332231797112],[-115.601077082941,45.124947115217253],[-115.56491620142151,45.129332202319347],[-115.52713772192828,45.135174287363498],[-115.49535521227318,45.143733590332999],[-115.47795394132129,45.149825635644618],[-115.44198088321116,45.150749915676101],[-115.43392256287592,45.219813425948928],[-115.42608628965053,45.333383932822301],[-115.42669272768723,45.446362008599863],[-115.42744917623844,45.585568596913276],[-115.42814099411157,45.67633377518365],[-115.43458356278114,45.745288714802427],[-115.43861321802558,45.78626751003759],[-115.44685078403643,45.827333395619746],[-115.45925350884232,45.864967149914094],[-115.47738257684443,45.939904574936236],[-115.48967710241629,45.983747788229891],[-115.50752830598651,46.041938502160178],[-115.51836551885356,46.095475801866826],[-115.53334059159499,46.140966839348209],[-115.54417289955961,46.17432307175244],[-115.55981576568502,46.227362091287546],[-115.56653945163436,46.25647647430992],[-115.5808590499052,46.290755030720163],[-115.59423395982935,46.322036876100981],[-115.60369745377443,46.344149454233957],[-115.62917420142821,46.389120193442238],[-115.64806437287245,46.433143189306804],[-115.67842933334703,46.449058701997558],[-115.723984569832,46.47395343989939],[-115.81073801095039,46.515261319554327],[-115.82012709139212,46.520386138609467],[-115.83220082620716,46.527286569219825],[-115.84424045333424,46.532976369364007],[-115.86750572221126,46.546179291141414],[-115.91462724944796,46.575401459709667],[-115.92488758319536,46.584032238996713],[-115.95573904811852,46.605292898348637],[-115.9795839579333,46.62228064123866],[-115.98908622884636,46.631996747551909],[-115.99807633765283,46.645558218237227],[-116.02408584728397,46.665852325824233],[-116.07255857621726,46.704061162392804],[-116.10457059375784,46.726333151653705],[-116.13205184301813,46.742252883963488],[-116.16920821738529,46.759584950285273],[-116.20427784714491,46.774802416398472],[-116.24007566965639,46.786800066769729],[-116.31819279975787,46.803067924844925],[-116.46273024720313,46.82184960297684],[-116.48155185433455,46.826488882555964],[-116.49500225155265,46.832275758219737],[-116.50980794058398,46.842104235721933],[-116.52362832338838,46.858501515232774],[-116.53429746105894,46.870500092805116],[-116.55667749936708,46.902843160683346],[-116.56480236323841,46.912505310371841],[-116.56896630525074,46.936775481703194],[-116.57233305582582,46.944147845946361],[-116.5781947496879,46.956294048131895],[-116.5774425045679,46.968571331002181],[-116.56975034500238,46.977382980140476],[-116.55339234607987,46.988166356891895],[-116.53148586827814,46.99434893785326],[-116.5079152157146,47.003523421169007],[-116.48625427711318,47.011785150164599],[-116.4774262099516,47.011954212816704],[-116.4213812982083,47.01039909973872],[-116.36150246416736,47.010633510727985],[-116.33903014012884,47.013830553837067],[-116.31334080893117,47.020712632881782],[-116.2945659512576,47.02970390631026],[-116.27841300225822,47.045269153748507],[-116.27172733065174,47.05055726630485],[-116.25387259364527,47.066380667733711],[-116.24325908084188,47.075917898891987],[-116.22548549326086,47.092025159633465],[-116.21247655075217,47.103749461968164],[-116.19813853166789,47.114158664091121],[-116.18083375437425,47.125022529266346],[-116.16557188423502,47.131319260275689],[-116.14439325834218,47.141255091649214],[-116.11792581122717,47.14866035399217],[-116.06774642895448,47.158458472180826],[-116.05010569282342,47.162978772352517],[-116.02610171002584,47.165738173877685],[-115.99574115712869,47.169462602816907],[-115.95582093858542,47.175241463722614],[-115.92724104963469,47.178981149660387],[-115.89988265765851,47.183741878185174],[-115.86620875862729,47.188239968699634],[-115.83403611857199,47.194624263998662],[-115.81180032702343,47.197377407141687],[-115.77896080279879,47.201725236230743],[-115.73937414190311,47.208594809303065],[-115.71778375781412,47.21335547307666],[-115.67831014529696,47.224733629053787],[-115.64761047334463,47.230239740871411],[-115.63099528720272,47.236663730446878],[-115.60292575631854,47.242067794393222],[-115.56869416520351,47.260856186863577],[-115.58094833459791,47.266522701761346],[-115.59977956177732,47.280778910418462],[-115.63443346643129,47.301203142710904],[-115.69377682074366,47.326458876575941],[-115.75124139777228,47.355854197013628],[-115.78712823158259,47.393322684694169],[-115.7989412439432,47.429555061416977],[-115.81065842274796,47.45671054205792],[-115.8110671106586,47.475603889008312],[-115.80554987242863,47.497535097266962],[-115.80254452970627,47.505014754227602],[-115.77870225220715,47.503461619658083],[-115.76198705515844,47.502370179040611],[-115.72486333427543,47.49047816033891],[-115.70810082479318,47.471903146413126],[-115.71052634311621,47.45627543566286],[-115.73269663614082,47.442054923795752],[-115.76608266218506,47.43269081392998],[-115.70614368598228,47.439483693717534],[-115.64594310778818,47.452101323217562],[-115.62285198902805,47.463533458302493],[-115.61646558302022,47.470297269303614],[-115.56862003768458,47.478128354340129],[-115.52152507012585,47.491641665430564],[-115.47868473311388,47.511771519939771],[-115.45211244123612,47.509150477312744],[-115.44232023429134,47.512045074820378],[-115.41961332389576,47.52482732612026],[-115.37457393224116,47.541575666783672],[-115.3147860538333,47.568476164443496],[-115.23712832890919,47.6082213803125],[-115.16031262482772,47.660780253605878],[-115.1296362039476,47.687580210658268],[-115.12758320190324,47.794255655873883],[-115.1368120420421,47.821934020338801],[-115.19304799676758,47.870330856383987],[-115.27057191965832,47.934363829826964],[-115.34999022037232,48.013496897963535],[-115.45294302180298,48.085240628052588],[-115.56150351257702,48.122868142850564],[-115.63370350741093,48.137966124137392],[-115.76221949663244,48.158620495639411],[-115.86471169858601,48.178800933416426],[-116.01461915894697,48.236279594727591],[-116.04987084476363,48.257009833936763],[-116.07112495165518,48.26958041360524],[-116.14178828929806,48.308722409211896],[-116.15810949695566,48.331520045913464],[-116.16911809632307,48.345287035967999],[-116.18783385774628,48.363034169091691],[-116.20499839835736,48.376174602376068],[-116.22011821158617,48.383271115769446],[-116.23051520091576,48.387147159613789],[-116.25378962309259,48.391498743372381],[-116.27553936165219,48.390028421074817],[-116.29289226256782,48.384985183119738],[-116.34798917466065,48.361512601625293],[-116.37296716190497,48.345617228352467],[-116.40430295132012,48.328443770963304],[-116.4220464952495,48.327253282612958],[-116.43905101679098,48.329199392138264],[-116.47265015428115,48.339806502668011],[-116.5419670233594,48.367031564754939],[-116.58223824909589,48.386279702346428],[-116.59874831258452,48.397213944867701],[-116.62175846628014,48.424249006286686],[-116.63734874634753,48.456053617680368],[-116.6434131473988,48.486596097132235],[-116.64534247827271,48.517014837065119],[-116.64259366626464,48.53922305180248],[-116.63890640180898,48.552194092383502],[-116.62822681401622,48.56472369174503],[-116.62077452972073,48.589159866234866],[-116.61671371836337,48.607628958010082],[-116.61971567064165,48.631972335055252],[-116.62661839812057,48.647853567388267],[-116.63934234007689,48.662087001613884],[-116.6697823606674,48.694322755191081],[-116.67487178330612,48.699955614759858],[-116.68394625841307,48.709995696444309],[-116.69099659072003,48.717080503362581],[-116.69929265673068,48.730324968422622],[-116.7066867683796,48.740985468104896],[-116.71097631960146,48.750609713167762],[-116.71078895484635,48.768329052743638],[-116.71331986471995,48.783362826932944],[-116.71598408110043,48.797468445912102],[-116.72212477973477,48.811040727347745],[-116.733280313036,48.823239054239025],[-116.74762285571018,48.837971363088002],[-116.76343817942842,48.850360063865935],[-116.77921892871058,48.860031571000263],[-116.79945343732624,48.869319688153155],[-116.82246128426084,48.885133272582493],[-116.83489788472957,48.899547375211228],[-116.84235221768068,48.914122612068923],[-116.84899725431978,48.926403115411517],[-116.85236686833628,48.939791900975479],[-116.85173459007922,48.957423591725444],[-116.84285707279565,48.975112477558866],[-116.82916740734993,48.988938074632472],[-116.81848484819716,48.99972086412663]]]]},"properties":{"OBJECTID":1,"Shape_Length":311.93087640354662,"Shape_Area":353.47265414325085}}]}