{"type": "FeatureCollection", "features": [{"type":"Feature","geometry":{"type":"MultiPolygon","coordinates":[[[[-96.001408,37.500355],[-96.001408,37.500355],[-96.001408,37.500355],[-96.001408,37.500355],[-96.001408,37.500355]]]]},"properties":{"cartodb_id":1,"fid":358,"cessnum":"594b","cessnum_saunt":"594","type":"opened reservation","date_start":"1905-02-08T00:00:00Z","date_end":"2019-12-31T00:00:00Z","doc_open":"February 8, 1905 (33 Stat. 706)"}},{"type":"Feature","geometry":{"type":"MultiPolygon","coordinates":[[[[-96.001307,37.500301],[-96.001307,37.500301],[-96.001307,37.500301],[-96.001307,37.500301],[-96.001307,37.500301],[-96.001307,37.500301],[-96.001307,37.500301],[-96.001307,37.500301],[-96.001307,37.500301],[-96.001307,37.500301],[-96.001306,37.500301],[-96.001305,37.500301],[-96.001306,37.500301],[-96.001306,37.500301],[-96.001306,37.500301],[-96.001306,37.500301],[-96.001306,37.500301],[-96.001306,37.500301],[-96.001306,37.500301],[-96.001306,37.500301],[-96.001306,37.500301],[-96.001306,37.500301],[-96.001306,37.500301],[-96.001306,37.500301],[-96.001307,37.500301],[-96.001307,37.500301],[-96.001307,37.500301]]]]},"properties":{"cartodb_id":2,"fid":416,"cessnum":"554b","cessnum_saunt":"554","type":"opened reservation","date_start":"1904-04-21T00:00:00Z","date_end":"2019-12-31T00:00:00Z","doc_open":"Act of April 21, 1904 (33 Stat. 189, 224)"}},{"type":"Feature","geometry":{"type":"MultiPolygon","coordinates":[[[[-96.001089,37.50032],[-96.001089,37.50032],[-96.001089,37.50032],[-96.001089,37.50032],[-96.001089,37.50032],[-96.001089,37.50032],[-96.001089,37.50032],[-96.001089,37.50032],[-96.001089,37.50032],[-96.001089,37.50032],[-96.001089,37.50032],[-96.001089,37.50032],[-96.001089,37.500319],[-96.001089,37.500319],[-96.001089,37.500319],[-96.00109,37.500318],[-96.00109,37.500317],[-96.001091,37.500316],[-96.001091,37.500315],[-96.001091,37.500315],[-96.001091,37.500315],[-96.001091,37.500315],[-96.001091,37.500315],[-96.001091,37.500315],[-96.001092,37.500314],[-96.001092,37.500314],[-96.001092,37.500314],[-96.001092,37.500314],[-96.001092,37.500314],[-96.001092,37.500314],[-96.001092,37.500314],[-96.001092,37.500314],[-96.001092,37.500314],[-96.001093,37.500314],[-96.001093,37.500314],[-96.001093,37.500314],[-96.001093,37.500315],[-96.001092,37.500315],[-96.001093,37.500315],[-96.001093,37.500315],[-96.001093,37.500315],[-96.001093,37.500314],[-96.001093,37.500314],[-96.001093,37.500314],[-96.001093,37.500314],[-96.001093,37.500314],[-96.001093,37.500314],[-96.001093,37.500314],[-96.001093,37.500314],[-96.001093,37.500314],[-96.001093,37.500314],[-96.001094,37.500314],[-96.001094,37.500314],[-96.001094,37.500314],[-96.001094,37.500314],[-96.001094,37.500314],[-96.001094,37.500314],[-96.001094,37.500314],[-96.001094,37.500314],[-96.001094,37.500314],[-96.001094,37.500314],[-96.001094,37.500314],[-96.001095,37.500314],[-96.001095,37.500314],[-96.001095,37.500314],[-96.001095,37.500314],[-96.001095,37.500314],[-96.001095,37.500314],[-96.001095,37.500314],[-96.001095,37.500314],[-96.001095,37.500314],[-96.001096,37.500314],[-96.001096,37.500314],[-96.001096,37.500314],[-96.001096,37.500314],[-96.001096,37.500314],[-96.001096,37.500314],[-96.001096,37.500314],[-96.001096,37.500314],[-96.001097,37.500313],[-96.001097,37.500313],[-96.001097,37.500313],[-96.001097,37.500313],[-96.001097,37.500313],[-96.001097,37.500313],[-96.001097,37.500313],[-96.001097,37.500313],[-96.001098,37.500313],[-96.001098,37.500313],[-96.001098,37.500313],[-96.001098,37.500313],[-96.001098,37.500312],[-96.001098,37.500312],[-96.001098,37.500312],[-96.001098,37.500312],[-96.001098,37.500312],[-96.001098,37.500312],[-96.001098,37.500312],[-96.001098,37.500312],[-96.001099,37.500312],[-96.001099,37.500312],[-96.001099,37.500312],[-96.001099,37.500312],[-96.001099,37.500312],[-96.001099,37.500312],[-96.001099,37.500312],[-96.001099,37.500312],[-96.001099,37.500312],[-96.0011,37.500312],[-96.0011,37.500312],[-96.0011,37.500312],[-96.0011,37.500313],[-96.0011,37.500313],[-96.0011,37.500313],[-96.0011,37.500312],[-96.001101,37.500312],[-96.001101,37.500312],[-96.001101,37.500312],[-96.001101,37.500312],[-96.001101,37.500312],[-96.001101,37.500312],[-96.001101,37.500312],[-96.001101,37.500311],[-96.001101,37.500311],[-96.001101,37.500312],[-96.001102,37.500312],[-96.001102,37.500312],[-96.001102,37.500312],[-96.001102,37.500311],[-96.001102,37.500311],[-96.001102,37.500311],[-96.001102,37.500311],[-96.001102,37.500311],[-96.001102,37.500311],[-96.001103,37.500311],[-96.001103,37.500311],[-96.001103,37.500312],[-96.001103,37.500312],[-96.001103,37.500312],[-96.001103,37.500312],[-96.001103,37.500313],[-96.001103,37.500314],[-96.001103,37.500315],[-96.001103,37.500316],[-96.001103,37.500316],[-96.001103,37.500316],[-96.001103,37.500316],[-96.001103,37.500316],[-96.001103,37.500316],[-96.001103,37.500316],[-96.001103,37.500316],[-96.001103,37.500316],[-96.001103,37.500316],[-96.001103,37.500319],[-96.001103,37.500322],[-96.001103,37.500323],[-96.001103,37.500323],[-96.001099,37.500323],[-96.001099,37.500323],[-96.001096,37.500323],[-96.001093,37.500323],[-96.001089,37.500323],[-96.001089,37.500322],[-96.001089,37.50032],[-96.001089,37.50032]]]]},"properties":{"cartodb_id":3,"fid":453,"cessnum":"487b","cessnum_saunt":"487","type":"opened reservation","date_start":"1904-04-21T00:00:00Z","date_end":"2019-12-31T00:00:00Z","doc_open":"Act of April 21, 1904 (33 Stat. 189, 204)"}},{"type":"Feature","geometry":{"type":"MultiPolygon","coordinates":[[[[-96.001083,37.500328],[-96.001081,37.500328],[-96.001081,37.500327],[-96.001081,37.500327],[-96.001081,37.500327],[-96.001083,37.500327],[-96.001083,37.500327],[-96.001083,37.500327],[-96.001083,37.500327],[-96.001083,37.500327],[-96.001082,37.500327],[-96.001082,37.500327],[-96.001082,37.500327],[-96.001082,37.500327],[-96.001082,37.500327],[-96.001082,37.500327],[-96.001082,37.500327],[-96.001082,37.500327],[-96.001082,37.500327],[-96.001082,37.500327],[-96.001082,37.500327],[-96.001082,37.500327],[-96.001082,37.500327],[-96.001082,37.500327],[-96.001082,37.500327],[-96.001083,37.500327],[-96.001083,37.500328],[-96.001083,37.500328],[-96.001083,37.500328],[-96.001083,37.500328],[-96.001083,37.500328],[-96.001082,37.500328],[-96.001082,37.500328],[-96.001082,37.500328],[-96.001082,37.500328],[-96.001082,37.500328],[-96.001082,37.500328],[-96.001082,37.500328],[-96.001082,37.500328],[-96.001082,37.500328],[-96.001082,37.500328],[-96.001083,37.500328],[-96.001083,37.500328],[-96.001083,37.500328],[-96.001083,37.500328],[-96.001083,37.500328]]]]},"properties":{"cartodb_id":4,"fid":458,"cessnum":"499b","cessnum_saunt":"499","type":"opened reservation","date_start":"1906-04-26T00:00:00Z","date_end":"2019-12-31T00:00:00Z","doc_open":"Act of April 26, 1906 (34 Stat. 137)"}},{"type":"Feature","geometry":{"type":"MultiPolygon","coordinates":[[[[-96.001084,37.500329],[-96.001084,37.50033],[-96.001081,37.50033],[-96.001081,37.500329],[-96.001084,37.500329]]]]},"properties":{"cartodb_id":5,"fid":462,"cessnum":"505b","cessnum_saunt":"505","type":"opened reservation","date_start":"1906-04-26T00:00:00Z","date_end":"2019-12-31T00:00:00Z","doc_open":"Act of April 26, 1906 (34 Stat. 137)"}},{"type":"Feature","geometry":{"type":"MultiPolygon","coordinates":[[[[-96.001413,37.500403],[-96.001411,37.500403],[-96.001411,37.500402],[-96.001413,37.500402],[-96.001413,37.500403]]]]},"properties":{"cartodb_id":6,"fid":688,"cessnum":"407b","cessnum_saunt":"","type":"opened reservation","date_start":"1904-04-28T00:00:00Z","date_end":"2019-12-31T00:00:00Z","doc_open":"Act of April 28, 1904 (33 Stat. 567)"}},{"type":"Feature","geometry":{"type":"MultiPolygon","coordinates":[[[[-96.001125,37.500426],[-96.001125,37.500426],[-96.001126,37.500426],[-96.001126,37.500426],[-96.001126,37.500426],[-96.001126,37.500427],[-96.001126,37.500427],[-96.001127,37.500426],[-96.001127,37.500426],[-96.001127,37.500427],[-96.001128,37.500426],[-96.001128,37.500426],[-96.001128,37.500427],[-96.001128,37.500427],[-96.001128,37.500426],[-96.001128,37.500426],[-96.001128,37.500426],[-96.001128,37.500426],[-96.001129,37.500426],[-96.001129,37.500426],[-96.001129,37.500426],[-96.001129,37.500426],[-96.001129,37.500426],[-96.001129,37.500426],[-96.001129,37.500426],[-96.001129,37.500426],[-96.00113,37.500426],[-96.00113,37.500427],[-96.00113,37.500427],[-96.00113,37.500427],[-96.00113,37.500427],[-96.00113,37.500427],[-96.001131,37.500427],[-96.001131,37.500427],[-96.001131,37.500427],[-96.001131,37.500427],[-96.001131,37.500427],[-96.001131,37.500427],[-96.001132,37.500427],[-96.001132,37.500427],[-96.001132,37.500427],[-96.001132,37.500427],[-96.001132,37.500427],[-96.001132,37.500427],[-96.001133,37.500427],[-96.001133,37.500427],[-96.001133,37.500427],[-96.001133,37.500428],[-96.001134,37.500429],[-96.001134,37.500429],[-96.001134,37.500429],[-96.001134,37.500429],[-96.001134,37.500429],[-96.001133,37.500429],[-96.001133,37.500429],[-96.001133,37.500429],[-96.001133,37.500429],[-96.001133,37.500429],[-96.001133,37.500429],[-96.001133,37.500429],[-96.001133,37.500429],[-96.001133,37.500429],[-96.001133,37.500429],[-96.001133,37.500429],[-96.001133,37.500429],[-96.001133,37.500429],[-96.001133,37.500429],[-96.001133,37.500429],[-96.001133,37.500428],[-96.001133,37.500428],[-96.001133,37.500429],[-96.001133,37.500429],[-96.001133,37.500428],[-96.001132,37.500428],[-96.001132,37.500428],[-96.001132,37.500428],[-96.001132,37.500428],[-96.001132,37.500428],[-96.001132,37.500428],[-96.001132,37.500428],[-96.001132,37.500428],[-96.001132,37.500428],[-96.001131,37.500428],[-96.001131,37.500429],[-96.001131,37.500429],[-96.001131,37.500428],[-96.001131,37.500428],[-96.001131,37.500428],[-96.001131,37.500428],[-96.00113,37.500428],[-96.00113,37.500428],[-96.00113,37.500428],[-96.00113,37.500428],[-96.00113,37.500428],[-96.00113,37.500428],[-96.00113,37.500428],[-96.00113,37.500428],[-96.00113,37.500428],[-96.00113,37.500428],[-96.00113,37.500428],[-96.00113,37.500428],[-96.001129,37.500428],[-96.001129,37.500428],[-96.001129,37.500428],[-96.001129,37.500428],[-96.001129,37.500428],[-96.001129,37.500428],[-96.001129,37.500428],[-96.001129,37.500428],[-96.001129,37.500429],[-96.001129,37.500429],[-96.001129,37.500429],[-96.001129,37.500429],[-96.001129,37.500429],[-96.001128,37.500428],[-96.001128,37.500428],[-96.001128,37.500428],[-96.001128,37.500428],[-96.001128,37.500428],[-96.001128,37.500428],[-96.001128,37.500428],[-96.001128,37.500428],[-96.001128,37.500428],[-96.001128,37.500428],[-96.001128,37.500428],[-96.001128,37.500428],[-96.001128,37.500428],[-96.001128,37.500428],[-96.001128,37.500428],[-96.001128,37.500428],[-96.001127,37.500428],[-96.001127,37.500428],[-96.001127,37.500428],[-96.001127,37.500428],[-96.001127,37.500428],[-96.001127,37.500428],[-96.001127,37.500428],[-96.001127,37.500428],[-96.001127,37.500428],[-96.001127,37.500428],[-96.001127,37.500428],[-96.001127,37.500428],[-96.001127,37.500428],[-96.001126,37.500428],[-96.001126,37.500427],[-96.001126,37.500427],[-96.001126,37.500428],[-96.001126,37.500428],[-96.001126,37.500428],[-96.001126,37.500427],[-96.001125,37.500427],[-96.001125,37.500426]]]]},"properties":{"cartodb_id":7,"fid":207,"cessnum":"497b","cessnum_saunt":"497","type":"opened reservation","date_start":"1904-04-27T00:00:00Z","date_end":"2019-12-31T00:00:00Z","doc_open":"Act of April 27, 1904 (33 stat. 319)"}},{"type":"Feature","geometry":{"type":"MultiPolygon","coordinates":[[[[-96.001103,37.50041],[-96.001103,37.50041],[-96.001103,37.50041],[-96.001103,37.500409],[-96.001103,37.500409],[-96.001104,37.500409],[-96.001104,37.500409],[-96.001104,37.500409],[-96.001104,37.500409],[-96.001104,37.500409],[-96.001104,37.500409],[-96.001104,37.500409],[-96.001104,37.500409],[-96.001104,37.500409],[-96.001104,37.500409],[-96.001104,37.500409],[-96.001104,37.500408],[-96.001105,37.500408],[-96.001105,37.500408],[-96.001105,37.500408],[-96.001105,37.500408],[-96.001105,37.500408],[-96.001105,37.500408],[-96.001105,37.500408],[-96.001105,37.500408],[-96.001105,37.500408],[-96.001106,37.500408],[-96.001106,37.500408],[-96.001106,37.500407],[-96.001106,37.500407],[-96.001106,37.500407],[-96.001106,37.500407],[-96.001106,37.500407],[-96.001108,37.500405],[-96.001109,37.500404],[-96.00111,37.500401],[-96.00111,37.500402],[-96.001111,37.500402],[-96.001111,37.500404],[-96.001112,37.500405],[-96.001112,37.500407],[-96.001113,37.500408],[-96.001114,37.50041],[-96.001114,37.500411],[-96.00111,37.50041],[-96.001108,37.50041],[-96.001106,37.50041],[-96.001105,37.50041],[-96.001103,37.50041]]]]},"properties":{"cartodb_id":8,"fid":213,"cessnum":"496b","cessnum_saunt":"496","type":"opened reservation","date_start":"1891-03-03T00:00:00Z","date_end":"2019-12-31T00:00:00Z","doc_open":""}},{"type":"Feature","geometry":{"type":"MultiPolygon","coordinates":[[[[-96.001102,37.500375],[-96.001102,37.500375],[-96.001102,37.500375],[-96.001102,37.500375],[-96.001102,37.500375],[-96.001102,37.500375],[-96.001103,37.500375],[-96.001103,37.500375],[-96.001103,37.500375],[-96.001103,37.500375],[-96.001103,37.500376],[-96.001104,37.500376],[-96.001104,37.500376],[-96.001104,37.500376],[-96.001104,37.500376],[-96.001102,37.500376],[-96.001102,37.500376],[-96.0011,37.500376],[-96.0011,37.500376],[-96.0011,37.500376],[-96.001099,37.500376],[-96.001099,37.500376],[-96.001099,37.500376],[-96.001099,37.500376],[-96.001099,37.500376],[-96.001099,37.500376],[-96.001099,37.500376],[-96.001099,37.500376],[-96.001099,37.500376],[-96.001099,37.500376],[-96.001099,37.500376],[-96.001099,37.500376],[-96.001099,37.500376],[-96.001099,37.500376],[-96.001099,37.500376],[-96.001099,37.500376],[-96.001099,37.500376],[-96.001099,37.500376],[-96.001099,37.500376],[-96.001099,37.500376],[-96.001099,37.500376],[-96.001099,37.500376],[-96.001099,37.500375],[-96.001099,37.500375],[-96.001099,37.500375],[-96.001099,37.500375],[-96.001098,37.500375],[-96.001098,37.500375],[-96.001098,37.500375],[-96.001098,37.500375],[-96.001098,37.500375],[-96.001098,37.500375],[-96.001098,37.500375],[-96.001098,37.500375],[-96.001098,37.500375],[-96.001098,37.500375],[-96.001098,37.500375],[-96.001098,37.500375],[-96.001098,37.500375],[-96.001098,37.500375],[-96.001098,37.500375],[-96.001098,37.500375],[-96.001098,37.500375],[-96.001098,37.500375],[-96.001102,37.500375]]]]},"properties":{"cartodb_id":9,"fid":219,"cessnum":"637b","cessnum_saunt":"637","type":"opened reservation","date_start":"1882-08-07T00:00:00Z","date_end":"2019-12-31T00:00:00Z","doc_open":""}},{"type":"Feature","geometry":{"type":"MultiPolygon","coordinates":[[[[-96.001298,37.500401],[-96.001298,37.500401],[-96.001298,37.500401],[-96.001298,37.5004],[-96.001298,37.5004],[-96.001297,37.5004],[-96.001297,37.5004],[-96.001297,37.5004],[-96.001297,37.5004],[-96.001297,37.5004],[-96.001297,37.5004],[-96.001297,37.500399],[-96.001301,37.500399],[-96.001301,37.500401],[-96.001298,37.500401]]]]},"properties":{"cartodb_id":10,"fid":272,"cessnum":"575b","cessnum_saunt":"575","type":"opened reservation","date_start":"1875-02-12T00:00:00Z","date_end":"2019-12-31T00:00:00Z","doc_open":""}},{"type":"Feature","geometry":{"type":"MultiPolygon","coordinates":[[[[-96.001336,37.500415],[-96.001331,37.500416],[-96.001328,37.500416],[-96.001327,37.500415],[-96.001326,37.500413],[-96.001324,37.500412],[-96.001324,37.500412],[-96.001325,37.500411],[-96.001325,37.50041],[-96.001326,37.500411],[-96.001327,37.500411],[-96.001328,37.500411],[-96.001332,37.500412],[-96.001335,37.500413],[-96.001335,37.500413],[-96.001335,37.500414],[-96.001335,37.500414],[-96.001335,37.500414],[-96.001336,37.500415],[-96.001336,37.500415]]]]},"properties":{"cartodb_id":11,"fid":763,"cessnum":"442b","cessnum_saunt":"","type":"opened reservation","date_start":"1894-08-15T00:00:00Z","date_end":"2019-12-31T00:00:00Z","doc_open":"Act of August 15, 1894 (28 Stat. 286)"}},{"type":"Feature","geometry":{"type":"MultiPolygon","coordinates":[[[[-96.001222,37.50033],[-96.001222,37.50033],[-96.001223,37.50033],[-96.001224,37.50033],[-96.001226,37.50033],[-96.001229,37.50033],[-96.001235,37.50033],[-96.001239,37.50033],[-96.00124,37.50033],[-96.001242,37.50033],[-96.001245,37.50033],[-96.001245,37.50033],[-96.001245,37.50033],[-96.001245,37.500331],[-96.001245,37.500332],[-96.001245,37.500332],[-96.001245,37.500332],[-96.001243,37.500332],[-96.001241,37.500332],[-96.00124,37.500332],[-96.001239,37.500332],[-96.001238,37.500332],[-96.001236,37.500332],[-96.001233,37.500332],[-96.001232,37.500332],[-96.00123,37.500332],[-96.001229,37.500332],[-96.001229,37.500332],[-96.001226,37.500332],[-96.001224,37.500332],[-96.001224,37.500332],[-96.001222,37.500332],[-96.001222,37.500331],[-96.001222,37.500331],[-96.001222,37.50033],[-96.001222,37.50033],[-96.001222,37.50033]]]]},"properties":{"cartodb_id":12,"fid":313,"cessnum":"617b","cessnum_saunt":"617","type":"opened reservation","date_start":"1895-02-20T00:00:00Z","date_end":"2019-12-31T00:00:00Z","doc_open":"Act of February 20, 1895 (28 Stat. 677)"}},{"type":"Feature","geometry":{"type":"MultiPolygon","coordinates":[[[[-96.001311,37.500427],[-96.001308,37.500427],[-96.001306,37.500427],[-96.001304,37.500427],[-96.001302,37.500427],[-96.001301,37.500427],[-96.001301,37.500427],[-96.001301,37.500426],[-96.0013,37.500426],[-96.0013,37.500426],[-96.001299,37.500425],[-96.001299,37.500424],[-96.001298,37.500424],[-96.001298,37.500423],[-96.001298,37.500423],[-96.001298,37.500423],[-96.001298,37.500422],[-96.001298,37.500422],[-96.001298,37.500421],[-96.001298,37.500421],[-96.001298,37.500421],[-96.001298,37.500421],[-96.001298,37.500421],[-96.001298,37.500421],[-96.001299,37.500421],[-96.001299,37.50042],[-96.0013,37.50042],[-96.0013,37.50042],[-96.0013,37.50042],[-96.0013,37.50042],[-96.0013,37.50042],[-96.001301,37.500419],[-96.001301,37.500419],[-96.001302,37.500419],[-96.001302,37.500419],[-96.001302,37.500419],[-96.001302,37.500419],[-96.001303,37.50042],[-96.001303,37.50042],[-96.001303,37.50042],[-96.001303,37.50042],[-96.001303,37.50042],[-96.001303,37.50042],[-96.001303,37.50042],[-96.001303,37.50042],[-96.001303,37.50042],[-96.001303,37.50042],[-96.001304,37.50042],[-96.001304,37.50042],[-96.001304,37.50042],[-96.001305,37.500421],[-96.001305,37.500421],[-96.001305,37.500421],[-96.001306,37.500421],[-96.001306,37.500421],[-96.001307,37.500421],[-96.001307,37.500421],[-96.001307,37.500421],[-96.001308,37.500421],[-96.001308,37.500421],[-96.001308,37.500421],[-96.001309,37.500421],[-96.001309,37.500421],[-96.001309,37.500422],[-96.001309,37.500422],[-96.00131,37.500422],[-96.00131,37.500422],[-96.00131,37.500423],[-96.00131,37.500423],[-96.00131,37.500423],[-96.00131,37.500423],[-96.00131,37.500423],[-96.00131,37.500424],[-96.00131,37.500424],[-96.00131,37.500424],[-96.00131,37.500424],[-96.00131,37.500424],[-96.00131,37.500425],[-96.00131,37.500425],[-96.00131,37.500425],[-96.00131,37.500425],[-96.00131,37.500425],[-96.00131,37.500425],[-96.00131,37.500425],[-96.00131,37.500425],[-96.00131,37.500425],[-96.001311,37.500425],[-96.001311,37.500426],[-96.001311,37.500426],[-96.001311,37.500426],[-96.001311,37.500426],[-96.001311,37.500426],[-96.00131,37.500426],[-96.00131,37.500426],[-96.00131,37.500426],[-96.00131,37.500426],[-96.00131,37.500426],[-96.00131,37.500426],[-96.00131,37.500427],[-96.00131,37.500427],[-96.00131,37.500427],[-96.001311,37.500427],[-96.001311,37.500427],[-96.001311,37.500427],[-96.001311,37.500427]]]]},"properties":{"cartodb_id":13,"fid":322,"cessnum":"374b","cessnum_saunt":"374","type":"opened reservation","date_start":"1904-04-23T00:00:00Z","date_end":"2019-12-31T00:00:00Z","doc_open":"Act of April 23, 1904 (33 Stat. 302)"}},{"type":"Feature","geometry":{"type":"MultiPolygon","coordinates":[[[[-96.001361,37.50035],[-96.00136,37.50035],[-96.001359,37.500349],[-96.001357,37.500349],[-96.001357,37.500348],[-96.001356,37.500347],[-96.001354,37.500346],[-96.001354,37.500345],[-96.001354,37.500345],[-96.001354,37.500344],[-96.001354,37.500344],[-96.001355,37.500344],[-96.001355,37.500344],[-96.001356,37.500344],[-96.001357,37.500346],[-96.001361,37.50035]]]]},"properties":{"cartodb_id":14,"fid":338,"cessnum":"560b","cessnum_saunt":"560","type":"opened reservation","date_start":"1902-05-27T00:00:00Z","date_end":"2019-12-31T00:00:00Z","doc_open":"Act of May 27, 1902 (32 Stat. 245, 260)"}},{"type":"Feature","geometry":{"type":"MultiPolygon","coordinates":[[[[-96.001369,37.50036],[-96.001365,37.50036],[-96.001364,37.500358],[-96.001364,37.500357],[-96.001364,37.500357],[-96.001363,37.500355],[-96.001362,37.500354],[-96.001362,37.500354],[-96.001362,37.500354],[-96.001362,37.500354],[-96.001363,37.500353],[-96.001363,37.500353],[-96.001364,37.500355],[-96.001365,37.500355],[-96.001366,37.500355],[-96.001367,37.500356],[-96.001367,37.500356],[-96.001368,37.500358],[-96.001369,37.50036],[-96.001369,37.50036]]]]},"properties":{"cartodb_id":15,"fid":339,"cessnum":"561b","cessnum_saunt":"561","type":"opened reservation","date_start":"1904-04-21T00:00:00Z","date_end":"2019-12-31T00:00:00Z","doc_open":"Section 26 of the act of April 21, 1904 (33 Stat. 189, 225)"}},{"type":"Feature","geometry":{"type":"MultiPolygon","coordinates":[[[[-96.001408,37.500357],[-96.001407,37.500357],[-96.001407,37.500357],[-96.001408,37.500357],[-96.001408,37.500357],[-96.001408,37.500357],[-96.001408,37.500357],[-96.001408,37.500357],[-96.001408,37.500356],[-96.001408,37.500356],[-96.001408,37.500356],[-96.001407,37.500356],[-96.001407,37.500356],[-96.001407,37.500356],[-96.001407,37.500356],[-96.001407,37.500356],[-96.001407,37.500356],[-96.001407,37.500357],[-96.001407,37.500357],[-96.001406,37.500357],[-96.001406,37.500357],[-96.001406,37.500356],[-96.001406,37.500356],[-96.001406,37.500356],[-96.001406,37.500356],[-96.001406,37.500356],[-96.001406,37.500356],[-96.001406,37.500356],[-96.001406,37.500356],[-96.001406,37.500356],[-96.001406,37.500355],[-96.001406,37.500355],[-96.001407,37.500355],[-96.001407,37.500355],[-96.001408,37.500355],[-96.001408,37.500355],[-96.001409,37.500355],[-96.001409,37.500356],[-96.001409,37.500356],[-96.001409,37.500356],[-96.00141,37.500356],[-96.00141,37.500356],[-96.00141,37.500356],[-96.00141,37.500356],[-96.00141,37.500356],[-96.00141,37.500356],[-96.00141,37.500357],[-96.00141,37.500357],[-96.00141,37.500357],[-96.00141,37.500357],[-96.00141,37.500357],[-96.00141,37.500357],[-96.00141,37.500357],[-96.001409,37.500357],[-96.001409,37.500357],[-96.001409,37.500357],[-96.001409,37.500357],[-96.001409,37.500357],[-96.001409,37.500357],[-96.001409,37.500357],[-96.001408,37.500357],[-96.001409,37.500357],[-96.001408,37.500357],[-96.001408,37.500357],[-96.001408,37.500357],[-96.001408,37.500357],[-96.001408,37.500357],[-96.001408,37.500357]]]]},"properties":{"cartodb_id":16,"fid":355,"cessnum":"583b","cessnum_saunt":"583","type":"opened reservation","date_start":"1905-02-08T00:00:00Z","date_end":"2019-12-31T00:00:00Z","doc_open":"February 8, 1905 (33 Stat. 706)"}},{"type":"Feature","geometry":{"type":"MultiPolygon","coordinates":[[[[-96.001407,37.500355],[-96.001407,37.500355],[-96.001407,37.500355],[-96.001407,37.500355],[-96.001407,37.500355],[-96.001407,37.500355],[-96.001407,37.500355],[-96.001408,37.500355],[-96.001408,37.500355],[-96.001408,37.500355],[-96.001408,37.500355],[-96.001408,37.500355],[-96.001408,37.500355],[-96.001408,37.500355],[-96.001408,37.500355],[-96.001408,37.500356],[-96.001408,37.500356],[-96.001408,37.500356],[-96.001407,37.500356],[-96.001407,37.500356],[-96.001407,37.500356],[-96.001407,37.500356],[-96.001407,37.500355],[-96.001407,37.500355],[-96.001407,37.500355],[-96.001407,37.500355],[-96.001407,37.500355]]]]},"properties":{"cartodb_id":17,"fid":356,"cessnum":"544b","cessnum_saunt":"544","type":"opened reservation","date_start":"1905-02-08T00:00:00Z","date_end":"2019-12-31T00:00:00Z","doc_open":"February 8, 1905 (33 Stat. 706)"}},{"type":"Feature","geometry":{"type":"MultiPolygon","coordinates":[[[[-96.001255,37.500364],[-96.001256,37.500364],[-96.001255,37.500364],[-96.001255,37.500363],[-96.001255,37.500363],[-96.001255,37.500363],[-96.001255,37.500363],[-96.001255,37.500363],[-96.001255,37.500363],[-96.001255,37.500363],[-96.001255,37.500363],[-96.001255,37.500363],[-96.001255,37.500362],[-96.001255,37.500362],[-96.001255,37.500362],[-96.001255,37.500362],[-96.001255,37.500362],[-96.001255,37.500362],[-96.001255,37.500362],[-96.001255,37.500362],[-96.001255,37.500362],[-96.001255,37.500362],[-96.001255,37.500362],[-96.001254,37.500362],[-96.001254,37.500362],[-96.001254,37.500361],[-96.001254,37.500361],[-96.001254,37.500361],[-96.001254,37.500361],[-96.001254,37.500361],[-96.001254,37.500361],[-96.001254,37.500361],[-96.001254,37.500361],[-96.001254,37.500361],[-96.001254,37.500361],[-96.001254,37.500361],[-96.001253,37.500361],[-96.001253,37.500361],[-96.001253,37.500361],[-96.001253,37.500361],[-96.001253,37.500361],[-96.001253,37.50036],[-96.001253,37.50036],[-96.001254,37.50036],[-96.001254,37.50036],[-96.001254,37.50036],[-96.001254,37.50036],[-96.001253,37.500358],[-96.001252,37.500358],[-96.001252,37.500358],[-96.001253,37.500358],[-96.001253,37.500358],[-96.001253,37.500357],[-96.001253,37.500357],[-96.001253,37.500357],[-96.001254,37.500357],[-96.001254,37.500357],[-96.001254,37.500357],[-96.001254,37.500358],[-96.001255,37.500358],[-96.001255,37.500358],[-96.001256,37.500358],[-96.001256,37.500358],[-96.001257,37.500358],[-96.001257,37.500358],[-96.001258,37.500358],[-96.001258,37.500358],[-96.001258,37.500358],[-96.001259,37.500358],[-96.001259,37.500358],[-96.001259,37.500357],[-96.001259,37.500357],[-96.001259,37.500357],[-96.001259,37.500357],[-96.001259,37.500357],[-96.00126,37.500356],[-96.00126,37.500356],[-96.00126,37.500356],[-96.001261,37.500356],[-96.001261,37.500356],[-96.001261,37.500356],[-96.001261,37.500356],[-96.001261,37.500356],[-96.001262,37.500356],[-96.001262,37.500356],[-96.001262,37.500356],[-96.001262,37.500356],[-96.001262,37.500356],[-96.001262,37.500356],[-96.001262,37.500356],[-96.001263,37.500356],[-96.001263,37.500356],[-96.001263,37.500356],[-96.001263,37.500356],[-96.001263,37.500356],[-96.001263,37.500356],[-96.001263,37.500356],[-96.001264,37.500356],[-96.001264,37.500356],[-96.001264,37.500356],[-96.001264,37.500356],[-96.001265,37.500356],[-96.001265,37.500356],[-96.001265,37.500356],[-96.001265,37.500356],[-96.001265,37.500356],[-96.001265,37.500356],[-96.001266,37.500356],[-96.001266,37.500356],[-96.001266,37.500356],[-96.001267,37.500356],[-96.001267,37.500356],[-96.001267,37.500356],[-96.001267,37.500356],[-96.001267,37.500356],[-96.001267,37.500356],[-96.001267,37.500356],[-96.001267,37.500356],[-96.001267,37.500356],[-96.001267,37.500356],[-96.001267,37.500357],[-96.001267,37.500357],[-96.001267,37.500357],[-96.001267,37.500357],[-96.001267,37.500357],[-96.001267,37.500357],[-96.001267,37.500357],[-96.001267,37.500357],[-96.001267,37.500357],[-96.001267,37.500358],[-96.001267,37.500358],[-96.001268,37.500358],[-96.001269,37.500358],[-96.001269,37.500358],[-96.00127,37.500358],[-96.00127,37.500358],[-96.00127,37.500358],[-96.00127,37.500358],[-96.00127,37.500358],[-96.00127,37.500359],[-96.00127,37.500359],[-96.00127,37.500359],[-96.00127,37.500359],[-96.00127,37.500359],[-96.00127,37.500359],[-96.00127,37.50036],[-96.00127,37.50036],[-96.00127,37.50036],[-96.00127,37.50036],[-96.00127,37.50036],[-96.00127,37.50036],[-96.00127,37.50036],[-96.00127,37.50036],[-96.00127,37.500361],[-96.00127,37.500361],[-96.001269,37.500361],[-96.001269,37.500361],[-96.001269,37.500361],[-96.001268,37.500361],[-96.001268,37.500361],[-96.001267,37.500361],[-96.001267,37.500361],[-96.001267,37.500361],[-96.001266,37.500361],[-96.001266,37.500361],[-96.001266,37.500361],[-96.001266,37.500361],[-96.001266,37.500362],[-96.001266,37.500362],[-96.001266,37.500362],[-96.001266,37.500362],[-96.001266,37.500363],[-96.001266,37.500363],[-96.001265,37.500363],[-96.001265,37.500363],[-96.001265,37.500363],[-96.001265,37.500363],[-96.001264,37.500363],[-96.001264,37.500363],[-96.001264,37.500363],[-96.001263,37.500363],[-96.001263,37.500363],[-96.001262,37.500363],[-96.001262,37.500363],[-96.001262,37.500364],[-96.001261,37.500364],[-96.00126,37.500364],[-96.00126,37.500364],[-96.00126,37.500364],[-96.001259,37.500364],[-96.001259,37.500364],[-96.001259,37.500364],[-96.001258,37.500364],[-96.001258,37.500364],[-96.001258,37.500364],[-96.001257,37.500364],[-96.001257,37.500364],[-96.001257,37.500364],[-96.001256,37.500364],[-96.001256,37.500364],[-96.001256,37.500364],[-96.001256,37.500364],[-96.001255,37.500364]]]]},"properties":{"cartodb_id":18,"fid":365,"cessnum":"431b","cessnum_saunt":"431","type":"opened reservation","date_start":"1902-05-27T00:00:00Z","date_end":"2019-12-31T00:00:00Z","doc_open":"Act of May 27, 1902 (32 Stat. 245, 263)"}},{"type":"Feature","geometry":{"type":"MultiPolygon","coordinates":[[[[-96.00138,37.500415],[-96.00138,37.500415],[-96.00138,37.500415],[-96.00138,37.500415],[-96.00138,37.500415],[-96.00138,37.500415],[-96.00138,37.500415],[-96.00138,37.500415],[-96.001379,37.500415],[-96.001379,37.500415],[-96.001379,37.500416],[-96.001379,37.500415],[-96.001379,37.500415],[-96.001379,37.500415],[-96.001379,37.500415],[-96.001379,37.500415],[-96.001378,37.500415],[-96.001378,37.500415],[-96.001378,37.500415],[-96.001378,37.500415],[-96.001378,37.500415],[-96.001378,37.500415],[-96.001377,37.500415],[-96.001377,37.500415],[-96.001377,37.500415],[-96.001377,37.500415],[-96.001377,37.500415],[-96.001377,37.500415],[-96.001377,37.500415],[-96.001376,37.500415],[-96.001376,37.500415],[-96.001376,37.500415],[-96.001376,37.500415],[-96.001376,37.500415],[-96.001376,37.500415],[-96.001376,37.500415],[-96.001376,37.500415],[-96.001376,37.500415],[-96.001376,37.500415],[-96.001375,37.500415],[-96.001375,37.500415],[-96.001375,37.500415],[-96.001375,37.500415],[-96.001375,37.500415],[-96.001375,37.500415],[-96.001375,37.500415],[-96.001375,37.500415],[-96.001375,37.500415],[-96.001375,37.500415],[-96.001374,37.500415],[-96.001374,37.500415],[-96.001374,37.500415],[-96.001374,37.500415],[-96.001374,37.500415],[-96.001374,37.500415],[-96.001374,37.500414],[-96.001374,37.500414],[-96.001374,37.500414],[-96.001373,37.500414],[-96.001373,37.500414],[-96.001373,37.500414],[-96.001373,37.500414],[-96.001373,37.500414],[-96.001373,37.500414],[-96.001373,37.500414],[-96.001373,37.500414],[-96.001373,37.500414],[-96.001372,37.500414],[-96.001372,37.500414],[-96.001372,37.500414],[-96.001372,37.500414],[-96.001372,37.500414],[-96.001372,37.500413],[-96.001372,37.500413],[-96.001372,37.500413],[-96.001372,37.500413],[-96.001372,37.500413],[-96.001371,37.500413],[-96.001371,37.500413],[-96.001371,37.500413],[-96.001371,37.500413],[-96.001371,37.500413],[-96.001371,37.500413],[-96.001371,37.500413],[-96.001371,37.500413],[-96.001371,37.500413],[-96.001371,37.500413],[-96.001371,37.500413],[-96.001371,37.500413],[-96.001371,37.500413],[-96.001371,37.500413],[-96.001371,37.500413],[-96.001371,37.500413],[-96.001371,37.500413],[-96.001371,37.500413],[-96.001371,37.500413],[-96.001371,37.500413],[-96.001371,37.500413],[-96.00137,37.500413],[-96.00137,37.500413],[-96.00137,37.500412],[-96.00137,37.500412],[-96.00137,37.500412],[-96.00137,37.500412],[-96.00137,37.500412],[-96.001371,37.500412],[-96.001371,37.500412],[-96.001371,37.500412],[-96.001371,37.500412],[-96.001371,37.500412],[-96.001371,37.500412],[-96.001371,37.500412],[-96.001371,37.500412],[-96.001371,37.500412],[-96.001372,37.500411],[-96.001372,37.500411],[-96.001372,37.500411],[-96.001372,37.500411],[-96.001372,37.500411],[-96.001372,37.500411],[-96.001372,37.500411],[-96.001373,37.500411],[-96.001373,37.500411],[-96.001373,37.500411],[-96.001373,37.500411],[-96.001373,37.500411],[-96.001373,37.500411],[-96.001373,37.500411],[-96.001373,37.500411],[-96.001374,37.500411],[-96.001374,37.500411],[-96.001374,37.500411],[-96.001374,37.500411],[-96.001374,37.500411],[-96.001374,37.500411],[-96.001374,37.500411],[-96.001375,37.500411],[-96.001375,37.500411],[-96.001375,37.500411],[-96.001375,37.500411],[-96.001375,37.500411],[-96.001375,37.500411],[-96.001375,37.50041],[-96.001375,37.50041],[-96.001375,37.50041],[-96.001376,37.50041],[-96.001376,37.50041],[-96.001376,37.50041],[-96.001376,37.50041],[-96.001376,37.50041],[-96.001376,37.50041],[-96.001377,37.50041],[-96.001377,37.50041],[-96.001377,37.50041],[-96.001377,37.50041],[-96.001377,37.50041],[-96.001377,37.50041],[-96.001377,37.50041],[-96.001378,37.50041],[-96.001378,37.50041],[-96.001378,37.50041],[-96.001378,37.50041],[-96.001378,37.50041],[-96.001378,37.50041],[-96.001378,37.50041],[-96.001379,37.50041],[-96.001379,37.50041],[-96.001379,37.500411],[-96.001379,37.500411],[-96.001379,37.500411],[-96.001379,37.50041],[-96.001379,37.50041],[-96.00138,37.50041],[-96.00138,37.50041],[-96.00138,37.50041],[-96.00138,37.500411],[-96.00138,37.500411],[-96.00138,37.500411],[-96.00138,37.500411],[-96.00138,37.500411],[-96.00138,37.500411],[-96.00138,37.500411],[-96.00138,37.500411],[-96.00138,37.500411],[-96.00138,37.500411],[-96.00138,37.500411],[-96.001381,37.500411],[-96.001381,37.500411],[-96.001381,37.500412],[-96.001381,37.500412],[-96.001381,37.500412],[-96.001381,37.500412],[-96.001381,37.500412],[-96.001381,37.500412],[-96.001381,37.500412],[-96.001381,37.500412],[-96.001381,37.500412],[-96.001381,37.500412],[-96.001381,37.500412],[-96.001381,37.500412],[-96.001382,37.500412],[-96.001382,37.500412],[-96.001382,37.500412],[-96.001382,37.500412],[-96.001382,37.500412],[-96.001382,37.500412],[-96.001382,37.500412],[-96.001382,37.500412],[-96.001383,37.500412],[-96.001383,37.500412],[-96.001383,37.500413],[-96.001383,37.500413],[-96.001383,37.500413],[-96.001383,37.500413],[-96.001383,37.500413],[-96.001383,37.500413],[-96.001384,37.500413],[-96.001384,37.500413],[-96.001384,37.500413],[-96.001384,37.500413],[-96.001384,37.500413],[-96.001384,37.500413],[-96.001384,37.500413],[-96.001384,37.500413],[-96.001384,37.500413],[-96.001383,37.500414],[-96.001383,37.500414],[-96.001383,37.500414],[-96.001383,37.500414],[-96.001383,37.500414],[-96.001383,37.500414],[-96.001383,37.500414],[-96.001383,37.500414],[-96.001383,37.500414],[-96.001383,37.500414],[-96.001383,37.500414],[-96.001383,37.500414],[-96.001383,37.500414],[-96.001383,37.500414],[-96.001383,37.500414],[-96.001382,37.500414],[-96.001382,37.500415],[-96.001382,37.500415],[-96.001382,37.500415],[-96.001382,37.500415],[-96.001382,37.500415],[-96.001382,37.500415],[-96.001381,37.500415],[-96.001381,37.500415],[-96.001381,37.500415],[-96.001381,37.500415],[-96.001381,37.500415],[-96.001381,37.500415],[-96.001381,37.500415],[-96.001381,37.500415],[-96.001381,37.500415],[-96.00138,37.500415]]]]},"properties":{"cartodb_id":19,"fid":387,"cessnum":"365b","cessnum_saunt":"365","type":"opened reservation","date_start":"1904-12-12T00:00:00Z","date_end":"2019-12-31T00:00:00Z","doc_open":"Act of December 21, 1904 (33 Stat. 595)"}},{"type":"Feature","geometry":{"type":"MultiPolygon","coordinates":[[[[-96.001305,37.5003],[-96.001305,37.5003],[-96.001305,37.5003],[-96.001305,37.5003],[-96.001306,37.5003],[-96.001306,37.5003],[-96.001306,37.5003],[-96.001306,37.5003],[-96.001306,37.5003],[-96.001306,37.5003],[-96.001306,37.5003],[-96.001306,37.5003],[-96.001306,37.5003],[-96.001307,37.5003],[-96.001307,37.5003],[-96.001307,37.5003],[-96.001307,37.5003],[-96.001307,37.5003],[-96.001307,37.5003],[-96.001307,37.5003],[-96.001307,37.5003],[-96.001307,37.500301],[-96.001307,37.500301],[-96.001307,37.500301],[-96.001307,37.500301],[-96.001307,37.500301],[-96.001307,37.500301],[-96.001307,37.500301],[-96.001307,37.500301],[-96.001307,37.500301],[-96.001307,37.500301],[-96.001307,37.500301],[-96.001307,37.500301],[-96.001307,37.500302],[-96.001307,37.500302],[-96.001307,37.500302],[-96.001307,37.500302],[-96.001307,37.500302],[-96.001307,37.500302],[-96.001307,37.500302],[-96.001307,37.500302],[-96.001307,37.500302],[-96.001307,37.500303],[-96.001307,37.500303],[-96.001307,37.500303],[-96.001307,37.500303],[-96.001307,37.500303],[-96.001307,37.500303],[-96.001307,37.500303],[-96.001307,37.500304],[-96.001307,37.500304],[-96.001307,37.500304],[-96.001306,37.500305],[-96.001306,37.500305],[-96.001305,37.500306],[-96.001305,37.500306],[-96.001305,37.500306],[-96.001304,37.500307],[-96.001304,37.500306],[-96.001304,37.500306],[-96.001304,37.500306],[-96.001304,37.500306],[-96.001304,37.500305],[-96.001304,37.500304],[-96.001304,37.500304],[-96.001304,37.500304],[-96.001304,37.500303],[-96.001304,37.500303],[-96.001305,37.500302],[-96.001305,37.500302],[-96.001305,37.500301],[-96.001305,37.500301],[-96.001305,37.5003]]]]},"properties":{"cartodb_id":20,"fid":415,"cessnum":"593b","cessnum_saunt":"593","type":"opened reservation","date_start":"1904-04-21T00:00:00Z","date_end":"2019-12-31T00:00:00Z","doc_open":"Act of April 21, 1904 (33 Stat. 189, 224)"}},{"type":"Feature","geometry":{"type":"MultiPolygon","coordinates":[[[[-96.001251,37.500302],[-96.001251,37.500295],[-96.001252,37.500295],[-96.001252,37.500295],[-96.001253,37.500296],[-96.001254,37.500296],[-96.001255,37.500297],[-96.001256,37.500297],[-96.001256,37.500297],[-96.001257,37.500298],[-96.001257,37.500297],[-96.001257,37.500296],[-96.001257,37.500294],[-96.001257,37.500293],[-96.001257,37.500293],[-96.001258,37.500293],[-96.001258,37.500293],[-96.001258,37.500293],[-96.001259,37.500294],[-96.001259,37.500294],[-96.001259,37.500294],[-96.00126,37.500294],[-96.00126,37.500294],[-96.001261,37.500294],[-96.001261,37.500294],[-96.001261,37.500294],[-96.001262,37.500294],[-96.001263,37.500294],[-96.001263,37.500293],[-96.001264,37.500293],[-96.001264,37.500293],[-96.001264,37.500293],[-96.001264,37.500293],[-96.001265,37.500293],[-96.001265,37.500293],[-96.001265,37.500293],[-96.001265,37.500293],[-96.001265,37.500294],[-96.001265,37.500294],[-96.001265,37.500295],[-96.001265,37.500297],[-96.001265,37.500297],[-96.001264,37.500299],[-96.001264,37.5003],[-96.001264,37.5003],[-96.001264,37.500301],[-96.001264,37.500301],[-96.001262,37.500301],[-96.001263,37.500302],[-96.001265,37.500303],[-96.001265,37.500303],[-96.001265,37.500305],[-96.001265,37.500306],[-96.001265,37.500306],[-96.001264,37.500305],[-96.001264,37.500305],[-96.001263,37.500305],[-96.001263,37.500304],[-96.001262,37.500304],[-96.001261,37.500304],[-96.00126,37.500304],[-96.00126,37.500304],[-96.001259,37.500304],[-96.001258,37.500304],[-96.001257,37.500303],[-96.001257,37.500303],[-96.001255,37.500303],[-96.001254,37.500303],[-96.001252,37.500303],[-96.001252,37.500303],[-96.001251,37.500302]]]]},"properties":{"cartodb_id":21,"fid":429,"cessnum":"603b","cessnum_saunt":"603","type":"opened reservation","date_start":"1901-02-02T00:00:00Z","date_end":"2019-12-31T00:00:00Z","doc_open":"Act of March 2, 1901 (31 Stat. 952) 9 msall tract only)"}},{"type":"Feature","geometry":{"type":"MultiPolygon","coordinates":[[[[-96.001305,37.500305],[-96.001305,37.500305],[-96.001305,37.500305],[-96.001305,37.500305],[-96.001305,37.500305],[-96.001305,37.500304],[-96.001305,37.500304],[-96.001305,37.500304],[-96.001306,37.500303],[-96.001306,37.500303],[-96.001307,37.500302],[-96.001307,37.500302],[-96.001307,37.500301],[-96.001307,37.500301],[-96.001307,37.500302],[-96.001307,37.500302],[-96.001307,37.500302],[-96.001307,37.500302],[-96.001307,37.500302],[-96.001307,37.500302],[-96.001307,37.500302],[-96.001307,37.500302],[-96.001307,37.500302],[-96.001307,37.500303],[-96.001307,37.500303],[-96.001307,37.500303],[-96.001307,37.500303],[-96.001307,37.500303],[-96.001307,37.500303],[-96.001307,37.500303],[-96.001307,37.500303],[-96.001307,37.500303],[-96.001307,37.500304],[-96.001306,37.500304],[-96.001306,37.500304],[-96.001306,37.500304],[-96.001306,37.500304],[-96.001306,37.500304],[-96.001306,37.500304],[-96.001306,37.500304],[-96.001306,37.500304],[-96.001306,37.500304],[-96.001306,37.500304],[-96.001306,37.500304],[-96.001306,37.500304],[-96.001306,37.500304],[-96.001306,37.500304],[-96.001306,37.500304],[-96.001306,37.500305],[-96.001306,37.500305],[-96.001306,37.500305],[-96.001305,37.500305],[-96.001305,37.500305],[-96.001305,37.500305],[-96.001305,37.500305],[-96.001305,37.500305],[-96.001305,37.500305]]]]},"properties":{"cartodb_id":22,"fid":439,"cessnum":"466b","cessnum_saunt":"466","type":"opened reservation","date_start":"1904-04-21T00:00:00Z","date_end":"2019-12-31T00:00:00Z","doc_open":"Act of April 21, 1904 (33 Stat. 189, 224)"}},{"type":"Feature","geometry":{"type":"MultiPolygon","coordinates":[[[[-96.001084,37.500329],[-96.001084,37.500329],[-96.001085,37.50033],[-96.001085,37.50033],[-96.001085,37.50033],[-96.001085,37.50033],[-96.001085,37.50033],[-96.001085,37.50033],[-96.001085,37.50033],[-96.001085,37.50033],[-96.001085,37.50033],[-96.001085,37.50033],[-96.001085,37.50033],[-96.001085,37.50033],[-96.001085,37.50033],[-96.001085,37.50033],[-96.001085,37.50033],[-96.001085,37.50033],[-96.001085,37.50033],[-96.001085,37.50033],[-96.001084,37.50033],[-96.001084,37.50033],[-96.001084,37.500329]]]]},"properties":{"cartodb_id":23,"fid":467,"cessnum":"504b","cessnum_saunt":"504","type":"opened reservation","date_start":"1906-04-26T00:00:00Z","date_end":"2019-12-31T00:00:00Z","doc_open":"Act of April 26, 1906 (34 Stat. 137)"}},{"type":"Feature","geometry":{"type":"MultiPolygon","coordinates":[[[[-96.001085,37.50033],[-96.001085,37.50033],[-96.001085,37.50033],[-96.001085,37.50033],[-96.001084,37.500329],[-96.001084,37.500329],[-96.001084,37.500329],[-96.001084,37.500329],[-96.001084,37.500329],[-96.001084,37.500329],[-96.001084,37.500329],[-96.001084,37.500329],[-96.001084,37.500329],[-96.001084,37.500329],[-96.001084,37.500329],[-96.001084,37.500329],[-96.001084,37.500329],[-96.001084,37.500329],[-96.001084,37.500329],[-96.001084,37.500329],[-96.001084,37.500329],[-96.001084,37.500329],[-96.001083,37.500329],[-96.001083,37.500329],[-96.001083,37.500329],[-96.001083,37.500329],[-96.001083,37.500329],[-96.001083,37.500329],[-96.001083,37.500329],[-96.001083,37.500328],[-96.001083,37.500328],[-96.001083,37.500328],[-96.001083,37.500328],[-96.001083,37.500328],[-96.001083,37.500328],[-96.001083,37.500328],[-96.001083,37.500328],[-96.001083,37.500328],[-96.001083,37.500328],[-96.001083,37.500328],[-96.001083,37.500328],[-96.001083,37.500328],[-96.001083,37.500328],[-96.001083,37.500328],[-96.001082,37.500328],[-96.001082,37.500328],[-96.001082,37.500328],[-96.001082,37.500328],[-96.001082,37.500328],[-96.001082,37.500328],[-96.001082,37.500328],[-96.001082,37.500328],[-96.001082,37.500328],[-96.001082,37.500328],[-96.001083,37.500328],[-96.001083,37.500328],[-96.001083,37.500328],[-96.001083,37.500328],[-96.001083,37.500328],[-96.001083,37.500327],[-96.001082,37.500327],[-96.001082,37.500327],[-96.001082,37.500327],[-96.001082,37.500327],[-96.001082,37.500327],[-96.001082,37.500327],[-96.001082,37.500327],[-96.001082,37.500327],[-96.001082,37.500327],[-96.001082,37.500327],[-96.001082,37.500327],[-96.001082,37.500327],[-96.001082,37.500327],[-96.001082,37.500327],[-96.001082,37.500327],[-96.001083,37.500327],[-96.001083,37.500327],[-96.001083,37.500327],[-96.001083,37.500327],[-96.001083,37.500327],[-96.001081,37.500327],[-96.001081,37.500327],[-96.001081,37.500327],[-96.001081,37.500326],[-96.00108,37.500323],[-96.001078,37.500316],[-96.001078,37.500316],[-96.001078,37.500316],[-96.001078,37.500316],[-96.001078,37.500316],[-96.001078,37.500316],[-96.001078,37.500316],[-96.001078,37.500316],[-96.001079,37.500316],[-96.001079,37.500316],[-96.001079,37.500316],[-96.001079,37.500315],[-96.001079,37.500315],[-96.001079,37.500315],[-96.001079,37.500315],[-96.00108,37.500315],[-96.00108,37.500315],[-96.00108,37.500315],[-96.00108,37.500315],[-96.00108,37.500315],[-96.00108,37.500315],[-96.00108,37.500315],[-96.00108,37.500315],[-96.00108,37.500315],[-96.00108,37.500315],[-96.001081,37.500315],[-96.001081,37.500315],[-96.001081,37.500315],[-96.001081,37.500315],[-96.001081,37.500315],[-96.001081,37.500315],[-96.001081,37.500315],[-96.001081,37.500315],[-96.001082,37.500315],[-96.001082,37.500315],[-96.001082,37.500315],[-96.001082,37.500315],[-96.001082,37.500315],[-96.001082,37.500315],[-96.001082,37.500315],[-96.001083,37.500315],[-96.001083,37.500315],[-96.001083,37.500315],[-96.001083,37.500315],[-96.001083,37.500315],[-96.001083,37.500316],[-96.001083,37.500316],[-96.001083,37.500316],[-96.001083,37.500316],[-96.001083,37.500316],[-96.001083,37.500316],[-96.001083,37.500316],[-96.001083,37.500316],[-96.001084,37.500316],[-96.001084,37.500316],[-96.001084,37.500316],[-96.001084,37.500316],[-96.001084,37.500316],[-96.001084,37.500316],[-96.001084,37.500316],[-96.001084,37.500316],[-96.001084,37.500316],[-96.001084,37.500316],[-96.001085,37.500316],[-96.001085,37.500316],[-96.001085,37.500316],[-96.001085,37.500316],[-96.001085,37.500316],[-96.001085,37.500317],[-96.001086,37.500317],[-96.001086,37.500317],[-96.001086,37.500316],[-96.001086,37.500316],[-96.001086,37.500316],[-96.001086,37.500316],[-96.001086,37.500316],[-96.001086,37.500316],[-96.001086,37.500316],[-96.001086,37.500316],[-96.001086,37.500316],[-96.001086,37.500316],[-96.001086,37.500316],[-96.001086,37.500316],[-96.001086,37.500316],[-96.001086,37.500316],[-96.001086,37.500316],[-96.001086,37.500316],[-96.001086,37.500316],[-96.001086,37.500316],[-96.001086,37.500316],[-96.001087,37.500316],[-96.001087,37.500316],[-96.001087,37.500316],[-96.001087,37.500316],[-96.001087,37.500315],[-96.001087,37.500315],[-96.001087,37.500315],[-96.001087,37.500315],[-96.001087,37.500315],[-96.001087,37.500315],[-96.001087,37.500315],[-96.001087,37.500315],[-96.001087,37.500315],[-96.001087,37.500315],[-96.001087,37.500315],[-96.001088,37.500315],[-96.001088,37.500315],[-96.001088,37.500315],[-96.001088,37.500315],[-96.001088,37.500315],[-96.001088,37.500315],[-96.001088,37.500315],[-96.001089,37.500315],[-96.001089,37.500315],[-96.001089,37.500315],[-96.001089,37.500315],[-96.001089,37.500315],[-96.00109,37.500315],[-96.00109,37.500315],[-96.00109,37.500315],[-96.00109,37.500315],[-96.00109,37.500315],[-96.00109,37.500315],[-96.001091,37.500315],[-96.001091,37.500315],[-96.001091,37.500315],[-96.001091,37.500315],[-96.001091,37.500315],[-96.001091,37.500315],[-96.001091,37.500315],[-96.001091,37.500315],[-96.001091,37.500315],[-96.001091,37.500315],[-96.001091,37.500315],[-96.001091,37.500315],[-96.001091,37.500315],[-96.001091,37.500315],[-96.001091,37.500315],[-96.001091,37.500316],[-96.00109,37.500317],[-96.00109,37.500318],[-96.001089,37.500319],[-96.001089,37.500319],[-96.001089,37.500319],[-96.001089,37.50032],[-96.001089,37.50032],[-96.001089,37.50032],[-96.001089,37.50032],[-96.001089,37.50032],[-96.001089,37.50032],[-96.001089,37.50032],[-96.001089,37.50032],[-96.001089,37.50032],[-96.001089,37.50032],[-96.001089,37.50032],[-96.001089,37.50032],[-96.001089,37.50032],[-96.001089,37.500322],[-96.001089,37.500323],[-96.001093,37.500323],[-96.001096,37.500323],[-96.001096,37.500325],[-96.001096,37.500329],[-96.001096,37.50033],[-96.001096,37.50033],[-96.001095,37.50033],[-96.001093,37.50033],[-96.001091,37.50033],[-96.001085,37.50033],[-96.001085,37.50033],[-96.001085,37.50033],[-96.001085,37.50033],[-96.001085,37.50033],[-96.001085,37.50033],[-96.001085,37.50033],[-96.001085,37.50033],[-96.001085,37.50033],[-96.001085,37.50033],[-96.001085,37.50033],[-96.001085,37.50033],[-96.001085,37.50033],[-96.001085,37.50033],[-96.001085,37.50033],[-96.001085,37.50033]]]]},"properties":{"cartodb_id":24,"fid":452,"cessnum":"492b","cessnum_saunt":"492","type":"opened reservation","date_start":"1906-04-26T00:00:00Z","date_end":"2019-12-31T00:00:00Z","doc_open":"Act of April 26, 1906 (34 Stat. 137)"}},{"type":"Feature","geometry":{"type":"MultiPolygon","coordinates":[[[[-96.001118,37.500315],[-96.001118,37.500315],[-96.001118,37.500315],[-96.001118,37.500315],[-96.001117,37.500315],[-96.001117,37.500315],[-96.001117,37.500315],[-96.001117,37.500315],[-96.001117,37.500315],[-96.001117,37.500315],[-96.001117,37.500315],[-96.001116,37.500315],[-96.001116,37.500315],[-96.001116,37.500315],[-96.001116,37.500315],[-96.001116,37.500315],[-96.001116,37.500315],[-96.001116,37.500315],[-96.001115,37.500315],[-96.001115,37.500315],[-96.001115,37.500315],[-96.001115,37.500315],[-96.001115,37.500315],[-96.001115,37.500315],[-96.001114,37.500315],[-96.001114,37.500315],[-96.001114,37.500315],[-96.001114,37.500315],[-96.001114,37.500315],[-96.001114,37.500315],[-96.001114,37.500315],[-96.001114,37.500315],[-96.001114,37.500315],[-96.001114,37.500314],[-96.001114,37.500314],[-96.001114,37.500314],[-96.001114,37.500314],[-96.001113,37.500314],[-96.001113,37.500314],[-96.001113,37.500314],[-96.001113,37.500314],[-96.001113,37.500314],[-96.001113,37.500314],[-96.001113,37.500314],[-96.001113,37.500314],[-96.001112,37.500314],[-96.001112,37.500314],[-96.001112,37.500314],[-96.001112,37.500314],[-96.001112,37.500314],[-96.001112,37.500314],[-96.001112,37.500313],[-96.001112,37.500313],[-96.001112,37.500313],[-96.001112,37.500313],[-96.001112,37.500313],[-96.001112,37.500313],[-96.001112,37.500313],[-96.001112,37.500313],[-96.001112,37.500313],[-96.001112,37.500313],[-96.001112,37.500313],[-96.001112,37.500312],[-96.001112,37.500312],[-96.001112,37.500312],[-96.001112,37.500312],[-96.001112,37.500312],[-96.001111,37.500312],[-96.001111,37.500312],[-96.001111,37.500312],[-96.001111,37.500312],[-96.001111,37.500312],[-96.001111,37.500312],[-96.001111,37.500312],[-96.001111,37.500312],[-96.001111,37.500312],[-96.001111,37.500312],[-96.00111,37.500312],[-96.00111,37.500312],[-96.00111,37.500312],[-96.00111,37.500312],[-96.00111,37.500312],[-96.00111,37.500312],[-96.00111,37.500312],[-96.00111,37.500312],[-96.001109,37.500312],[-96.001109,37.500312],[-96.001109,37.500312],[-96.001109,37.500312],[-96.001109,37.500312],[-96.001109,37.500312],[-96.001109,37.500312],[-96.001108,37.500312],[-96.001108,37.500312],[-96.001108,37.500312],[-96.001108,37.500312],[-96.001108,37.500312],[-96.001108,37.500312],[-96.001108,37.500312],[-96.001107,37.500312],[-96.001107,37.500312],[-96.001107,37.500312],[-96.001107,37.500312],[-96.001107,37.500312],[-96.001106,37.500312],[-96.001106,37.500312],[-96.001106,37.500312],[-96.001106,37.500312],[-96.001106,37.500312],[-96.001106,37.500312],[-96.001106,37.500312],[-96.001105,37.500312],[-96.001105,37.500311],[-96.001105,37.500311],[-96.001105,37.500311],[-96.001105,37.500311],[-96.001105,37.500311],[-96.001105,37.500311],[-96.001105,37.500311],[-96.001105,37.500311],[-96.001105,37.500311],[-96.001105,37.500311],[-96.001105,37.500311],[-96.001105,37.500312],[-96.001105,37.500312],[-96.001104,37.500312],[-96.001104,37.500312],[-96.001104,37.500312],[-96.001104,37.500312],[-96.001104,37.500312],[-96.001103,37.500312],[-96.001103,37.500312],[-96.001103,37.500312],[-96.001103,37.500312],[-96.001103,37.500312],[-96.001103,37.500312],[-96.001103,37.500312],[-96.001103,37.500312],[-96.001103,37.500311],[-96.001103,37.500311],[-96.001102,37.500311],[-96.001102,37.500311],[-96.001102,37.500311],[-96.001102,37.500311],[-96.001102,37.500311],[-96.001102,37.500311],[-96.001102,37.500312],[-96.001102,37.500312],[-96.001102,37.500312],[-96.001102,37.500312],[-96.001102,37.500311],[-96.001102,37.500311],[-96.001102,37.500311],[-96.001102,37.500311],[-96.001102,37.500309],[-96.001101,37.500307],[-96.001101,37.500305],[-96.001101,37.500304],[-96.001101,37.500303],[-96.001101,37.500303],[-96.001101,37.500303],[-96.001101,37.500303],[-96.001101,37.500303],[-96.001101,37.500303],[-96.001101,37.500303],[-96.001101,37.500303],[-96.001101,37.500303],[-96.001101,37.500303],[-96.001101,37.500302],[-96.001101,37.500302],[-96.001101,37.500302],[-96.001101,37.500302],[-96.001101,37.500302],[-96.001101,37.500302],[-96.001101,37.500302],[-96.001101,37.500302],[-96.001101,37.500302],[-96.001101,37.500302],[-96.0011,37.500302],[-96.0011,37.500302],[-96.0011,37.500302],[-96.0011,37.500302],[-96.0011,37.500302],[-96.0011,37.500302],[-96.0011,37.500302],[-96.0011,37.500302],[-96.0011,37.500302],[-96.0011,37.500302],[-96.001099,37.500302],[-96.001099,37.500302],[-96.001099,37.500302],[-96.001099,37.500302],[-96.001099,37.500302],[-96.001099,37.500302],[-96.001099,37.500302],[-96.001099,37.500302],[-96.001099,37.500302],[-96.001099,37.500302],[-96.001099,37.500302],[-96.001098,37.500302],[-96.001098,37.500302],[-96.001098,37.500302],[-96.001098,37.500302],[-96.001098,37.500302],[-96.001098,37.500302],[-96.001099,37.500302],[-96.001099,37.500301],[-96.001099,37.500301],[-96.001099,37.500301],[-96.001099,37.500301],[-96.001099,37.500301],[-96.001099,37.500301],[-96.001099,37.500301],[-96.001099,37.500302],[-96.0011,37.500302],[-96.0011,37.500302],[-96.0011,37.500301],[-96.0011,37.500301],[-96.0011,37.500301],[-96.0011,37.500301],[-96.0011,37.500301],[-96.0011,37.500301],[-96.0011,37.500301],[-96.0011,37.500301],[-96.0011,37.500301],[-96.0011,37.500301],[-96.0011,37.500301],[-96.001101,37.500301],[-96.001101,37.500301],[-96.001101,37.500301],[-96.001101,37.500301],[-96.001101,37.500302],[-96.001102,37.500302],[-96.001102,37.500302],[-96.001102,37.500302],[-96.001102,37.500302],[-96.001102,37.500302],[-96.001102,37.500302],[-96.001102,37.500302],[-96.001102,37.500302],[-96.001103,37.500302],[-96.001103,37.500302],[-96.001103,37.500302],[-96.001104,37.500302],[-96.001104,37.500302],[-96.001104,37.500302],[-96.001104,37.500302],[-96.001103,37.500302],[-96.001103,37.500302],[-96.001103,37.500302],[-96.001103,37.500303],[-96.001103,37.500303],[-96.001104,37.500303],[-96.001104,37.500303],[-96.001104,37.500303],[-96.001104,37.500303],[-96.001104,37.500303],[-96.001104,37.500303],[-96.001105,37.500303],[-96.001105,37.500302],[-96.001105,37.500302],[-96.001105,37.500302],[-96.001105,37.500302],[-96.001105,37.500302],[-96.001105,37.500302],[-96.001105,37.500302],[-96.001105,37.500302],[-96.001106,37.500302],[-96.001106,37.500302],[-96.001106,37.500303],[-96.001106,37.500303],[-96.001106,37.500303],[-96.001106,37.500303],[-96.001106,37.500302],[-96.001106,37.500302],[-96.001106,37.500302],[-96.001106,37.500302],[-96.001107,37.500303],[-96.001107,37.500303],[-96.001107,37.500303],[-96.001107,37.500303],[-96.001107,37.500303],[-96.001107,37.500303],[-96.001107,37.500303],[-96.001108,37.500303],[-96.001108,37.500303],[-96.001108,37.500303],[-96.001108,37.500303],[-96.001108,37.500303],[-96.001108,37.500303],[-96.001108,37.500303],[-96.001108,37.500303],[-96.001108,37.500302],[-96.001108,37.500302],[-96.001108,37.500302],[-96.001109,37.500302],[-96.001109,37.500302],[-96.001109,37.500302],[-96.001109,37.500302],[-96.001109,37.500302],[-96.001109,37.500302],[-96.001109,37.500302],[-96.001109,37.500302],[-96.001109,37.500302],[-96.001109,37.500302],[-96.001109,37.500302],[-96.001109,37.500302],[-96.001109,37.500302],[-96.001109,37.500302],[-96.001109,37.500302],[-96.001109,37.500301],[-96.001109,37.500301],[-96.001109,37.500301],[-96.001109,37.500301],[-96.001109,37.500301],[-96.00111,37.500301],[-96.00111,37.500301],[-96.00111,37.500301],[-96.00111,37.500302],[-96.00111,37.500302],[-96.00111,37.500302],[-96.00111,37.500302],[-96.00111,37.500302],[-96.00111,37.500302],[-96.00111,37.500302],[-96.00111,37.500303],[-96.00111,37.500303],[-96.00111,37.500303],[-96.00111,37.500303],[-96.00111,37.500303],[-96.001111,37.500303],[-96.001111,37.500303],[-96.001111,37.500303],[-96.001111,37.500302],[-96.001111,37.500302],[-96.001111,37.500302],[-96.001111,37.500303],[-96.001111,37.500303],[-96.001111,37.500303],[-96.001112,37.500303],[-96.001112,37.500302],[-96.001112,37.500302],[-96.001112,37.500302],[-96.001112,37.500302],[-96.001112,37.500302],[-96.001112,37.500302],[-96.001112,37.500302],[-96.001112,37.500302],[-96.001112,37.500302],[-96.001113,37.500302],[-96.001113,37.500302],[-96.001113,37.500302],[-96.001113,37.500302],[-96.001113,37.500302],[-96.001113,37.500302],[-96.001113,37.500302],[-96.001113,37.500302],[-96.001113,37.500303],[-96.001113,37.500303],[-96.001113,37.500303],[-96.001113,37.500303],[-96.001114,37.500303],[-96.001114,37.500303],[-96.001114,37.500303],[-96.001114,37.500303],[-96.001114,37.500303],[-96.001114,37.500303],[-96.001115,37.500303],[-96.001115,37.500303],[-96.001115,37.500303],[-96.001115,37.500303],[-96.001115,37.500303],[-96.001115,37.500303],[-96.001115,37.500303],[-96.001115,37.500303],[-96.001115,37.500303],[-96.001115,37.500304],[-96.001115,37.500304],[-96.001116,37.500304],[-96.001116,37.500303],[-96.001116,37.500303],[-96.001116,37.500303],[-96.001116,37.500303],[-96.001116,37.500303],[-96.001116,37.500303],[-96.001117,37.500303],[-96.001117,37.500303],[-96.001117,37.500303],[-96.001117,37.500303],[-96.001117,37.500303],[-96.001117,37.500303],[-96.001117,37.500303],[-96.001117,37.500303],[-96.001118,37.500303],[-96.001118,37.500302],[-96.001118,37.500302],[-96.001118,37.500302],[-96.001119,37.500303],[-96.001119,37.500303],[-96.001119,37.500303],[-96.001119,37.500303],[-96.001119,37.500303],[-96.001119,37.500303],[-96.001119,37.500303],[-96.001119,37.500303],[-96.001119,37.500303],[-96.001119,37.500313],[-96.001119,37.500315],[-96.001119,37.500315],[-96.001119,37.500315],[-96.001119,37.500315],[-96.001119,37.500315],[-96.001118,37.500316],[-96.001118,37.500316],[-96.001118,37.500316],[-96.001118,37.500315]]]]},"properties":{"cartodb_id":25,"fid":461,"cessnum":"367b","cessnum_saunt":"367","type":"opened reservation","date_start":"1906-04-26T00:00:00Z","date_end":"2019-12-31T00:00:00Z","doc_open":"Act of April 26, 1906 (34 Stat. 137)"}},{"type":"Feature","geometry":{"type":"MultiPolygon","coordinates":[[[[-96.00108,37.500315],[-96.001079,37.500315],[-96.001079,37.500315],[-96.001079,37.500315],[-96.001079,37.500315],[-96.001079,37.500316],[-96.001079,37.500316],[-96.001079,37.500316],[-96.001078,37.500316],[-96.001078,37.500316],[-96.001078,37.500316],[-96.001078,37.500316],[-96.001078,37.500316],[-96.001078,37.500316],[-96.001078,37.500316],[-96.001078,37.500316],[-96.001078,37.500315],[-96.001078,37.500315],[-96.001078,37.500315],[-96.001078,37.500315],[-96.001078,37.500314],[-96.001078,37.500313],[-96.001078,37.500313],[-96.001078,37.500312],[-96.001078,37.500312],[-96.001078,37.500311],[-96.001078,37.50031],[-96.001078,37.50031],[-96.001078,37.500309],[-96.001078,37.500309],[-96.001078,37.500308],[-96.001078,37.500307],[-96.001079,37.500305],[-96.001079,37.500305],[-96.001079,37.500304],[-96.001079,37.500304],[-96.001079,37.500303],[-96.001079,37.500302],[-96.001079,37.500301],[-96.001079,37.500301],[-96.001079,37.5003],[-96.001079,37.5003],[-96.001079,37.5003],[-96.001079,37.500301],[-96.001079,37.500301],[-96.001079,37.5003],[-96.001079,37.5003],[-96.001079,37.5003],[-96.001079,37.5003],[-96.001079,37.5003],[-96.00108,37.5003],[-96.00108,37.5003],[-96.00108,37.5003],[-96.00108,37.5003],[-96.00108,37.5003],[-96.00108,37.5003],[-96.00108,37.5003],[-96.00108,37.5003],[-96.00108,37.5003],[-96.00108,37.5003],[-96.00108,37.5003],[-96.00108,37.500301],[-96.00108,37.5003],[-96.00108,37.5003],[-96.00108,37.500301],[-96.00108,37.500301],[-96.00108,37.500301],[-96.00108,37.500301],[-96.00108,37.500301],[-96.00108,37.500301],[-96.00108,37.500301],[-96.001081,37.500301],[-96.001081,37.500301],[-96.001081,37.500301],[-96.001081,37.500301],[-96.001081,37.500301],[-96.001081,37.500301],[-96.001081,37.500301],[-96.001081,37.500301],[-96.001081,37.500301],[-96.001081,37.500301],[-96.001081,37.500301],[-96.001081,37.500301],[-96.001081,37.500301],[-96.001081,37.500301],[-96.001081,37.500301],[-96.001081,37.500301],[-96.001081,37.500301],[-96.001081,37.500301],[-96.001082,37.500301],[-96.001082,37.500301],[-96.001082,37.500301],[-96.001082,37.500301],[-96.001082,37.500301],[-96.001082,37.500301],[-96.001082,37.500301],[-96.001082,37.500301],[-96.001082,37.500301],[-96.001082,37.500301],[-96.001082,37.500301],[-96.001082,37.500301],[-96.001082,37.500301],[-96.001082,37.500301],[-96.001083,37.500301],[-96.001083,37.500301],[-96.001083,37.500301],[-96.001083,37.500301],[-96.001083,37.500301],[-96.001083,37.500301],[-96.001083,37.500301],[-96.001083,37.500301],[-96.001083,37.500301],[-96.001083,37.500301],[-96.001083,37.500301],[-96.001084,37.500301],[-96.001084,37.500301],[-96.001084,37.500302],[-96.001084,37.500302],[-96.001084,37.500302],[-96.001084,37.500302],[-96.001084,37.500302],[-96.001084,37.500302],[-96.001084,37.500302],[-96.001084,37.500302],[-96.001085,37.500302],[-96.001085,37.500302],[-96.001085,37.500302],[-96.001085,37.500302],[-96.001085,37.500302],[-96.001085,37.500302],[-96.001085,37.500302],[-96.001085,37.500302],[-96.001086,37.500302],[-96.001086,37.500302],[-96.001086,37.500302],[-96.001086,37.500303],[-96.001086,37.500303],[-96.001086,37.500303],[-96.001086,37.500303],[-96.001086,37.500303],[-96.001086,37.500303],[-96.001086,37.500303],[-96.001086,37.500303],[-96.001086,37.500303],[-96.001086,37.500303],[-96.001086,37.500303],[-96.001087,37.500303],[-96.001087,37.500303],[-96.001087,37.500303],[-96.001087,37.500303],[-96.001087,37.500303],[-96.001087,37.500303],[-96.001087,37.500303],[-96.001087,37.500303],[-96.001087,37.500303],[-96.001087,37.500303],[-96.001087,37.500303],[-96.001087,37.500303],[-96.001088,37.500303],[-96.001088,37.500303],[-96.001088,37.500303],[-96.001088,37.500303],[-96.001088,37.500303],[-96.001088,37.500302],[-96.001088,37.500302],[-96.001088,37.500302],[-96.001088,37.500302],[-96.001088,37.500302],[-96.001088,37.500303],[-96.001089,37.500303],[-96.001089,37.500302],[-96.001089,37.500302],[-96.001089,37.500302],[-96.001089,37.500302],[-96.001089,37.500302],[-96.001089,37.500303],[-96.00109,37.500303],[-96.00109,37.500303],[-96.00109,37.500302],[-96.00109,37.500303],[-96.00109,37.500303],[-96.001091,37.500303],[-96.001091,37.500303],[-96.001091,37.500303],[-96.001091,37.500303],[-96.001091,37.500303],[-96.001091,37.500303],[-96.001091,37.500303],[-96.001091,37.500303],[-96.001092,37.500303],[-96.001092,37.500303],[-96.001092,37.500303],[-96.001092,37.500303],[-96.001092,37.500303],[-96.001093,37.500303],[-96.001093,37.500303],[-96.001093,37.500303],[-96.001093,37.500303],[-96.001093,37.500303],[-96.001093,37.500303],[-96.001093,37.500303],[-96.001094,37.500303],[-96.001094,37.500303],[-96.001094,37.500302],[-96.001093,37.500302],[-96.001093,37.500302],[-96.001093,37.500302],[-96.001094,37.500302],[-96.001094,37.500302],[-96.001094,37.500302],[-96.001094,37.500302],[-96.001094,37.500302],[-96.001095,37.500302],[-96.001095,37.500302],[-96.001095,37.500302],[-96.001095,37.500303],[-96.001095,37.500303],[-96.001095,37.500303],[-96.001096,37.500303],[-96.001096,37.500303],[-96.001096,37.500302],[-96.001096,37.500302],[-96.001096,37.500302],[-96.001096,37.500302],[-96.001096,37.500302],[-96.001096,37.500302],[-96.001096,37.500302],[-96.001096,37.500302],[-96.001097,37.500302],[-96.001097,37.500302],[-96.001097,37.500302],[-96.001097,37.500302],[-96.001097,37.500302],[-96.001097,37.500302],[-96.001097,37.500302],[-96.001097,37.500302],[-96.001098,37.500302],[-96.001098,37.500302],[-96.001098,37.500302],[-96.001098,37.500302],[-96.001098,37.500302],[-96.001098,37.500302],[-96.001098,37.500302],[-96.001098,37.500302],[-96.001099,37.500302],[-96.001099,37.500302],[-96.001099,37.500302],[-96.001099,37.500302],[-96.001099,37.500302],[-96.001099,37.500302],[-96.001099,37.500302],[-96.001099,37.500302],[-96.001099,37.500302],[-96.001099,37.500302],[-96.001099,37.500302],[-96.0011,37.500302],[-96.0011,37.500302],[-96.0011,37.500302],[-96.0011,37.500302],[-96.0011,37.500302],[-96.0011,37.500302],[-96.0011,37.500302],[-96.0011,37.500302],[-96.0011,37.500302],[-96.0011,37.500302],[-96.001101,37.500302],[-96.001101,37.500302],[-96.001101,37.500302],[-96.001101,37.500302],[-96.001101,37.500302],[-96.001101,37.500302],[-96.001101,37.500302],[-96.001101,37.500302],[-96.001101,37.500302],[-96.001101,37.500302],[-96.001101,37.500303],[-96.001101,37.500303],[-96.001101,37.500303],[-96.001101,37.500303],[-96.001101,37.500303],[-96.001101,37.500303],[-96.001101,37.500303],[-96.001101,37.500303],[-96.001101,37.500303],[-96.001101,37.500303],[-96.001101,37.500304],[-96.001101,37.500305],[-96.001101,37.500307],[-96.001102,37.500309],[-96.001102,37.500311],[-96.001102,37.500311],[-96.001102,37.500311],[-96.001102,37.500311],[-96.001102,37.500312],[-96.001102,37.500312],[-96.001101,37.500312],[-96.001101,37.500311],[-96.001101,37.500311],[-96.001101,37.500312],[-96.001101,37.500312],[-96.001101,37.500312],[-96.001101,37.500312],[-96.001101,37.500312],[-96.001101,37.500312],[-96.001101,37.500312],[-96.0011,37.500312],[-96.0011,37.500313],[-96.0011,37.500313],[-96.0011,37.500313],[-96.0011,37.500312],[-96.0011,37.500312],[-96.0011,37.500312],[-96.001099,37.500312],[-96.001099,37.500312],[-96.001099,37.500312],[-96.001099,37.500312],[-96.001099,37.500312],[-96.001099,37.500312],[-96.001099,37.500312],[-96.001099,37.500312],[-96.001099,37.500312],[-96.001098,37.500312],[-96.001098,37.500312],[-96.001098,37.500312],[-96.001098,37.500312],[-96.001098,37.500312],[-96.001098,37.500312],[-96.001098,37.500312],[-96.001098,37.500312],[-96.001098,37.500313],[-96.001098,37.500313],[-96.001098,37.500313],[-96.001098,37.500313],[-96.001097,37.500313],[-96.001097,37.500313],[-96.001097,37.500313],[-96.001097,37.500313],[-96.001097,37.500313],[-96.001097,37.500313],[-96.001097,37.500313],[-96.001097,37.500313],[-96.001096,37.500314],[-96.001096,37.500314],[-96.001096,37.500314],[-96.001096,37.500314],[-96.001096,37.500314],[-96.001096,37.500314],[-96.001096,37.500314],[-96.001096,37.500314],[-96.001095,37.500314],[-96.001095,37.500314],[-96.001095,37.500314],[-96.001095,37.500314],[-96.001095,37.500314],[-96.001095,37.500314],[-96.001095,37.500314],[-96.001095,37.500314],[-96.001095,37.500314],[-96.001094,37.500314],[-96.001094,37.500314],[-96.001094,37.500314],[-96.001094,37.500314],[-96.001094,37.500314],[-96.001094,37.500314],[-96.001094,37.500314],[-96.001094,37.500314],[-96.001094,37.500314],[-96.001094,37.500314],[-96.001094,37.500314],[-96.001093,37.500314],[-96.001093,37.500314],[-96.001093,37.500314],[-96.001093,37.500314],[-96.001093,37.500314],[-96.001093,37.500314],[-96.001093,37.500314],[-96.001093,37.500314],[-96.001093,37.500314],[-96.001093,37.500314],[-96.001093,37.500315],[-96.001093,37.500315],[-96.001093,37.500315],[-96.001092,37.500315],[-96.001093,37.500315],[-96.001093,37.500314],[-96.001093,37.500314],[-96.001093,37.500314],[-96.001092,37.500314],[-96.001092,37.500314],[-96.001092,37.500314],[-96.001092,37.500314],[-96.001092,37.500314],[-96.001092,37.500314],[-96.001092,37.500314],[-96.001092,37.500314],[-96.001092,37.500314],[-96.001091,37.500315],[-96.001091,37.500315],[-96.001091,37.500315],[-96.001091,37.500315],[-96.001091,37.500315],[-96.001091,37.500315],[-96.001091,37.500315],[-96.001091,37.500315],[-96.001091,37.500315],[-96.001091,37.500315],[-96.001091,37.500315],[-96.001091,37.500315],[-96.001091,37.500315],[-96.001091,37.500315],[-96.001091,37.500315],[-96.001091,37.500315],[-96.001091,37.500315],[-96.001091,37.500315],[-96.00109,37.500315],[-96.00109,37.500315],[-96.00109,37.500315],[-96.00109,37.500315],[-96.00109,37.500315],[-96.00109,37.500315],[-96.001089,37.500315],[-96.001089,37.500315],[-96.001089,37.500315],[-96.001089,37.500315],[-96.001089,37.500315],[-96.001088,37.500315],[-96.001088,37.500315],[-96.001088,37.500315],[-96.001088,37.500315],[-96.001088,37.500315],[-96.001088,37.500315],[-96.001088,37.500315],[-96.001087,37.500315],[-96.001087,37.500315],[-96.001087,37.500315],[-96.001087,37.500315],[-96.001087,37.500315],[-96.001087,37.500315],[-96.001087,37.500315],[-96.001087,37.500315],[-96.001087,37.500315],[-96.001087,37.500315],[-96.001087,37.500315],[-96.001087,37.500316],[-96.001087,37.500316],[-96.001087,37.500316],[-96.001087,37.500316],[-96.001086,37.500316],[-96.001086,37.500316],[-96.001086,37.500316],[-96.001086,37.500316],[-96.001086,37.500316],[-96.001086,37.500316],[-96.001086,37.500316],[-96.001086,37.500316],[-96.001086,37.500316],[-96.001086,37.500316],[-96.001086,37.500316],[-96.001086,37.500316],[-96.001086,37.500316],[-96.001086,37.500316],[-96.001086,37.500316],[-96.001086,37.500316],[-96.001086,37.500316],[-96.001086,37.500316],[-96.001086,37.500316],[-96.001086,37.500317],[-96.001086,37.500317],[-96.001085,37.500317],[-96.001085,37.500316],[-96.001085,37.500316],[-96.001085,37.500316],[-96.001085,37.500316],[-96.001085,37.500316],[-96.001084,37.500316],[-96.001084,37.500316],[-96.001084,37.500316],[-96.001084,37.500316],[-96.001084,37.500316],[-96.001084,37.500316],[-96.001084,37.500316],[-96.001084,37.500316],[-96.001084,37.500316],[-96.001084,37.500316],[-96.001083,37.500316],[-96.001083,37.500316],[-96.001083,37.500316],[-96.001083,37.500316],[-96.001083,37.500316],[-96.001083,37.500316],[-96.001083,37.500316],[-96.001083,37.500316],[-96.001083,37.500315],[-96.001083,37.500315],[-96.001083,37.500315],[-96.001083,37.500315],[-96.001083,37.500315],[-96.001082,37.500315],[-96.001082,37.500315],[-96.001082,37.500315],[-96.001082,37.500315],[-96.001082,37.500315],[-96.001082,37.500315],[-96.001082,37.500315],[-96.001081,37.500315],[-96.001081,37.500315],[-96.001081,37.500315],[-96.001081,37.500315],[-96.001081,37.500315],[-96.001081,37.500315],[-96.001081,37.500315],[-96.001081,37.500315],[-96.00108,37.500315],[-96.00108,37.500315],[-96.00108,37.500315],[-96.00108,37.500315],[-96.00108,37.500315],[-96.00108,37.500315],[-96.00108,37.500315],[-96.00108,37.500315],[-96.00108,37.500315],[-96.00108,37.500315]]]]},"properties":{"cartodb_id":26,"fid":460,"cessnum":"368b","cessnum_saunt":"368","type":"opened reservation","date_start":"1906-04-26T00:00:00Z","date_end":"2019-12-31T00:00:00Z","doc_open":"Act of April 26, 1906 (34 Stat. 137)"}},{"type":"Feature","geometry":{"type":"MultiPolygon","coordinates":[[[[-96.001081,37.500329],[-96.001081,37.500329],[-96.001082,37.500329],[-96.001084,37.500329],[-96.001084,37.500329],[-96.001084,37.500329],[-96.001084,37.500329],[-96.001084,37.500329],[-96.001084,37.500329],[-96.001084,37.500329],[-96.001084,37.500329],[-96.001084,37.500329],[-96.001084,37.500329],[-96.001084,37.500329],[-96.001084,37.500329],[-96.001084,37.500329],[-96.001084,37.500329],[-96.001084,37.500329],[-96.001081,37.500329],[-96.001081,37.500329]]]]},"properties":{"cartodb_id":27,"fid":463,"cessnum":"500b","cessnum_saunt":"500","type":"opened reservation","date_start":"1906-04-26T00:00:00Z","date_end":"2019-12-31T00:00:00Z","doc_open":"Act of April 26, 1906 (34 Stat. 137)"}},{"type":"Feature","geometry":{"type":"MultiPolygon","coordinates":[[[[-96.001082,37.500328],[-96.001083,37.500328],[-96.001083,37.500329],[-96.001083,37.500329],[-96.001083,37.500329],[-96.001083,37.500329],[-96.001083,37.500329],[-96.001083,37.500329],[-96.001083,37.500329],[-96.001084,37.500329],[-96.001084,37.500329],[-96.001084,37.500329],[-96.001084,37.500329],[-96.001084,37.500329],[-96.001082,37.500329],[-96.001082,37.500329],[-96.001082,37.500329],[-96.001082,37.500329],[-96.001082,37.500329],[-96.001082,37.500329],[-96.001082,37.500329],[-96.001082,37.500329],[-96.001082,37.500329],[-96.001082,37.500329],[-96.001082,37.500329],[-96.001082,37.500329],[-96.001082,37.500329],[-96.001082,37.500329],[-96.001082,37.500328]]]]},"properties":{"cartodb_id":28,"fid":464,"cessnum":"501b","cessnum_saunt":"501","type":"opened reservation","date_start":"1906-04-26T00:00:00Z","date_end":"2019-12-31T00:00:00Z","doc_open":"Act of April 26, 1906 (34 Stat. 137)"}},{"type":"Feature","geometry":{"type":"MultiPolygon","coordinates":[[[[-96.001081,37.500328],[-96.001083,37.500328],[-96.001083,37.500328],[-96.001083,37.500328],[-96.001083,37.500328],[-96.001083,37.500328],[-96.001083,37.500328],[-96.001083,37.500328],[-96.001083,37.500328],[-96.001083,37.500328],[-96.001083,37.500328],[-96.001083,37.500328],[-96.001082,37.500328],[-96.001081,37.500328],[-96.001081,37.500328]]]]},"properties":{"cartodb_id":29,"fid":465,"cessnum":"498b","cessnum_saunt":"498","type":"opened reservation","date_start":"1906-04-26T00:00:00Z","date_end":"2019-12-31T00:00:00Z","doc_open":"Act of April 26, 1906 (34 Stat. 137)"}},{"type":"Feature","geometry":{"type":"MultiPolygon","coordinates":[[[[-96.001081,37.500329],[-96.001081,37.500329],[-96.001081,37.500328],[-96.001082,37.500328],[-96.001082,37.500329],[-96.001082,37.500329],[-96.001082,37.500329],[-96.001082,37.500329],[-96.001082,37.500329],[-96.001082,37.500329],[-96.001082,37.500329],[-96.001082,37.500329],[-96.001082,37.500329],[-96.001082,37.500329],[-96.001082,37.500329],[-96.001082,37.500329],[-96.001082,37.500329],[-96.001082,37.500329],[-96.001081,37.500329],[-96.001081,37.500329]]]]},"properties":{"cartodb_id":30,"fid":466,"cessnum":"502b","cessnum_saunt":"502","type":"opened reservation","date_start":"1906-04-26T00:00:00Z","date_end":"2019-12-31T00:00:00Z","doc_open":"Act of April 26, 1906 (34 Stat. 137)"}},{"type":"Feature","geometry":{"type":"MultiPolygon","coordinates":[[[[-96.001096,37.500323],[-96.001099,37.500323],[-96.001099,37.500323],[-96.001099,37.500323],[-96.001099,37.500323],[-96.001099,37.500323],[-96.001099,37.500323],[-96.001099,37.500323],[-96.001099,37.500323],[-96.001099,37.500323],[-96.001099,37.500323],[-96.001099,37.500323],[-96.001099,37.500323],[-96.001099,37.500323],[-96.001099,37.500323],[-96.001099,37.500323],[-96.001099,37.500323],[-96.0011,37.500323],[-96.0011,37.500323],[-96.0011,37.500323],[-96.0011,37.500323],[-96.0011,37.500323],[-96.0011,37.500323],[-96.0011,37.500323],[-96.0011,37.500323],[-96.0011,37.500323],[-96.0011,37.500323],[-96.0011,37.500323],[-96.0011,37.500323],[-96.0011,37.500323],[-96.0011,37.500323],[-96.0011,37.500323],[-96.001101,37.500323],[-96.001101,37.500324],[-96.001101,37.500324],[-96.001101,37.500324],[-96.001101,37.500324],[-96.001101,37.500324],[-96.001101,37.500324],[-96.001101,37.500324],[-96.001101,37.500324],[-96.001101,37.500324],[-96.001101,37.500324],[-96.001101,37.500324],[-96.001101,37.500324],[-96.001101,37.500324],[-96.001101,37.500324],[-96.001101,37.500324],[-96.001101,37.500324],[-96.001101,37.500324],[-96.001101,37.500324],[-96.001101,37.500324],[-96.001101,37.500324],[-96.001101,37.500324],[-96.001101,37.500324],[-96.001101,37.500324],[-96.001102,37.500324],[-96.001102,37.500324],[-96.001102,37.500324],[-96.001102,37.500324],[-96.001102,37.500324],[-96.001102,37.500324],[-96.001102,37.500324],[-96.001102,37.500324],[-96.001102,37.500324],[-96.001102,37.500324],[-96.001102,37.500324],[-96.001102,37.500324],[-96.001102,37.500324],[-96.001102,37.500324],[-96.001102,37.500324],[-96.001102,37.500324],[-96.001102,37.500324],[-96.001103,37.500324],[-96.001103,37.500324],[-96.001103,37.500324],[-96.001103,37.500324],[-96.001103,37.500324],[-96.001103,37.500324],[-96.001103,37.500324],[-96.001103,37.500324],[-96.001103,37.500324],[-96.001103,37.500324],[-96.001103,37.500324],[-96.001103,37.500324],[-96.001103,37.500324],[-96.001103,37.500324],[-96.001103,37.500324],[-96.001103,37.500324],[-96.001102,37.500324],[-96.001102,37.500324],[-96.001102,37.500325],[-96.001102,37.500325],[-96.001102,37.500325],[-96.001102,37.500325],[-96.001102,37.500325],[-96.001102,37.500325],[-96.001102,37.500325],[-96.001102,37.500325],[-96.001103,37.500325],[-96.001103,37.500325],[-96.001103,37.500325],[-96.001103,37.500325],[-96.001103,37.500325],[-96.001103,37.500325],[-96.001103,37.500325],[-96.001103,37.500325],[-96.001103,37.500325],[-96.001103,37.500325],[-96.001103,37.500325],[-96.001103,37.500325],[-96.001103,37.500325],[-96.001103,37.500325],[-96.001103,37.500325],[-96.001103,37.500325],[-96.001103,37.500325],[-96.001103,37.500325],[-96.001103,37.500325],[-96.001103,37.500325],[-96.001103,37.500325],[-96.001103,37.500325],[-96.001103,37.500325],[-96.001104,37.500325],[-96.001104,37.500325],[-96.001104,37.500325],[-96.001104,37.500325],[-96.001104,37.500325],[-96.001104,37.500325],[-96.001104,37.500325],[-96.001104,37.500325],[-96.001104,37.500325],[-96.001104,37.500325],[-96.001104,37.500325],[-96.001104,37.500325],[-96.001104,37.500325],[-96.001104,37.500325],[-96.001104,37.500325],[-96.001104,37.500325],[-96.001104,37.500325],[-96.001104,37.500325],[-96.001104,37.500325],[-96.001104,37.500325],[-96.001104,37.500325],[-96.001104,37.500325],[-96.001104,37.500325],[-96.001104,37.500325],[-96.001104,37.500325],[-96.001104,37.500325],[-96.001104,37.500325],[-96.001104,37.500325],[-96.001104,37.500326],[-96.001104,37.500326],[-96.001104,37.500326],[-96.001105,37.500326],[-96.001105,37.500326],[-96.001105,37.500326],[-96.001105,37.500326],[-96.001105,37.500326],[-96.001105,37.500326],[-96.001105,37.500326],[-96.001105,37.500326],[-96.001105,37.500326],[-96.001105,37.500326],[-96.001105,37.500326],[-96.001105,37.500326],[-96.001105,37.500326],[-96.001105,37.500326],[-96.001105,37.500326],[-96.001105,37.500326],[-96.001105,37.500326],[-96.001105,37.500326],[-96.001105,37.500326],[-96.001105,37.500326],[-96.001105,37.500326],[-96.001105,37.500326],[-96.001105,37.500326],[-96.001105,37.500326],[-96.001106,37.500326],[-96.001106,37.500326],[-96.001106,37.500326],[-96.001106,37.500326],[-96.001106,37.500326],[-96.001106,37.500326],[-96.001106,37.500326],[-96.001106,37.500326],[-96.001106,37.500326],[-96.001106,37.500326],[-96.001106,37.500326],[-96.001106,37.500326],[-96.001106,37.500326],[-96.001106,37.500326],[-96.001106,37.500326],[-96.001106,37.500326],[-96.001106,37.500326],[-96.001106,37.500326],[-96.001106,37.500326],[-96.001107,37.500325],[-96.001107,37.500325],[-96.001107,37.500325],[-96.001107,37.500325],[-96.001107,37.500325],[-96.001107,37.500325],[-96.001107,37.500325],[-96.001107,37.500325],[-96.001107,37.500325],[-96.001107,37.500325],[-96.001107,37.500325],[-96.001107,37.500325],[-96.001107,37.500325],[-96.001107,37.500325],[-96.001107,37.500325],[-96.001107,37.500325],[-96.001107,37.500325],[-96.001107,37.500325],[-96.001107,37.500325],[-96.001108,37.500325],[-96.001108,37.500325],[-96.001108,37.500325],[-96.001108,37.500325],[-96.001108,37.500326],[-96.001108,37.500326],[-96.001108,37.500326],[-96.001108,37.500326],[-96.001108,37.500326],[-96.001108,37.500326],[-96.001108,37.500326],[-96.001108,37.500326],[-96.001108,37.500326],[-96.001108,37.500326],[-96.001108,37.500326],[-96.001107,37.500326],[-96.001107,37.500326],[-96.001107,37.500326],[-96.001107,37.500326],[-96.001107,37.500326],[-96.001107,37.500326],[-96.001107,37.500326],[-96.001107,37.500326],[-96.001107,37.500326],[-96.001107,37.500326],[-96.001107,37.500326],[-96.001107,37.500326],[-96.001107,37.500326],[-96.001107,37.500326],[-96.001107,37.500326],[-96.001107,37.500326],[-96.001107,37.500326],[-96.001106,37.500326],[-96.001106,37.500326],[-96.001106,37.500326],[-96.001106,37.500326],[-96.001106,37.500326],[-96.001106,37.500326],[-96.001106,37.500326],[-96.001107,37.500326],[-96.001107,37.500327],[-96.001107,37.500327],[-96.001107,37.500327],[-96.001107,37.500327],[-96.001107,37.500327],[-96.001107,37.500327],[-96.001107,37.500327],[-96.001107,37.500327],[-96.001107,37.500327],[-96.001107,37.500327],[-96.001107,37.500327],[-96.001107,37.500326],[-96.001107,37.500326],[-96.001107,37.500326],[-96.001107,37.500326],[-96.001107,37.500326],[-96.001107,37.500326],[-96.001108,37.500326],[-96.001108,37.500326],[-96.001108,37.500326],[-96.001108,37.500326],[-96.001108,37.500326],[-96.001108,37.500326],[-96.001108,37.500326],[-96.001108,37.500326],[-96.001108,37.500326],[-96.001108,37.500326],[-96.001108,37.500326],[-96.001108,37.500326],[-96.001108,37.500326],[-96.001108,37.500327],[-96.001108,37.500327],[-96.001108,37.500327],[-96.001108,37.500327],[-96.001108,37.500327],[-96.001108,37.500327],[-96.001108,37.500327],[-96.001108,37.500327],[-96.001108,37.500327],[-96.001108,37.500327],[-96.001108,37.500327],[-96.001108,37.500327],[-96.001108,37.500327],[-96.001108,37.500327],[-96.001108,37.500327],[-96.001108,37.500327],[-96.001108,37.500327],[-96.001108,37.500327],[-96.001108,37.500327],[-96.001108,37.500327],[-96.001108,37.500327],[-96.001108,37.500327],[-96.001108,37.500327],[-96.001108,37.500327],[-96.001108,37.500327],[-96.001108,37.500327],[-96.001108,37.500327],[-96.001108,37.500327],[-96.001108,37.500327],[-96.001108,37.500327],[-96.001108,37.500327],[-96.001108,37.500327],[-96.001108,37.500327],[-96.001107,37.500327],[-96.001107,37.500327],[-96.001107,37.500327],[-96.001107,37.500327],[-96.001107,37.500327],[-96.001107,37.500327],[-96.001107,37.500327],[-96.001107,37.500327],[-96.001107,37.500328],[-96.001107,37.500328],[-96.001107,37.500328],[-96.001107,37.500328],[-96.001107,37.500328],[-96.001107,37.500328],[-96.001107,37.500328],[-96.001107,37.500328],[-96.001107,37.500328],[-96.001106,37.500328],[-96.001106,37.500328],[-96.001106,37.500328],[-96.001106,37.500328],[-96.001106,37.500328],[-96.001106,37.500328],[-96.001106,37.500328],[-96.001106,37.500328],[-96.001106,37.500328],[-96.001106,37.500328],[-96.001106,37.500328],[-96.001106,37.500328],[-96.001106,37.500328],[-96.001106,37.500328],[-96.001106,37.500328],[-96.001105,37.500328],[-96.001105,37.500328],[-96.001105,37.500328],[-96.001105,37.50033],[-96.001096,37.50033],[-96.001096,37.50033],[-96.001096,37.500329],[-96.001096,37.500325],[-96.001096,37.500323]]]]},"properties":{"cartodb_id":31,"fid":469,"cessnum":"534b","cessnum_saunt":"534","type":"opened reservation","date_start":"1906-06-28T00:00:00Z","date_end":"2019-12-31T00:00:00Z","doc_open":"Act of June 28, 1906 (34 Stat. 539)"}},{"type":"Feature","geometry":{"type":"MultiPolygon","coordinates":[[[[-96.001105,37.500311],[-96.001105,37.500316],[-96.001105,37.500316],[-96.001105,37.500316],[-96.001105,37.500316],[-96.001105,37.500316],[-96.001105,37.500316],[-96.001105,37.500316],[-96.001105,37.500316],[-96.001105,37.500316],[-96.001105,37.500316],[-96.001105,37.500316],[-96.001105,37.500316],[-96.001105,37.500316],[-96.001105,37.500316],[-96.001105,37.500316],[-96.001105,37.500316],[-96.001104,37.500316],[-96.001104,37.500316],[-96.001104,37.500316],[-96.001104,37.500316],[-96.001104,37.500316],[-96.001104,37.500316],[-96.001104,37.500316],[-96.001104,37.500316],[-96.001104,37.500316],[-96.001104,37.500316],[-96.001104,37.500316],[-96.001104,37.500316],[-96.001104,37.500316],[-96.001104,37.500316],[-96.001104,37.500316],[-96.001104,37.500316],[-96.001104,37.500316],[-96.001104,37.500316],[-96.001104,37.500316],[-96.001104,37.500316],[-96.001104,37.500316],[-96.001104,37.500316],[-96.001104,37.500316],[-96.001103,37.500316],[-96.001103,37.500316],[-96.001103,37.500316],[-96.001103,37.500316],[-96.001103,37.500316],[-96.001103,37.500316],[-96.001103,37.500316],[-96.001103,37.500316],[-96.001103,37.500316],[-96.001103,37.500316],[-96.001103,37.500315],[-96.001103,37.500314],[-96.001103,37.500313],[-96.001103,37.500312],[-96.001103,37.500312],[-96.001103,37.500312],[-96.001103,37.500312],[-96.001103,37.500312],[-96.001103,37.500312],[-96.001103,37.500312],[-96.001104,37.500312],[-96.001104,37.500312],[-96.001104,37.500312],[-96.001104,37.500312],[-96.001104,37.500312],[-96.001105,37.500312],[-96.001105,37.500312],[-96.001105,37.500311],[-96.001105,37.500311],[-96.001105,37.500311],[-96.001105,37.500311],[-96.001105,37.500311],[-96.001105,37.500311],[-96.001105,37.500311],[-96.001105,37.500311],[-96.001105,37.500311]]]]},"properties":{"cartodb_id":32,"fid":540,"cessnum":"481b","cessnum_saunt":"481","type":"opened reservation","date_start":"1906-04-26T00:00:00Z","date_end":"2019-12-31T00:00:00Z","doc_open":"Act of April 26, 1906 (34 Stat. 137)"}},{"type":"Feature","geometry":{"type":"MultiPolygon","coordinates":[[[[-96.001164,37.500426],[-96.001164,37.500425],[-96.001164,37.500424],[-96.001164,37.500424],[-96.001165,37.500424],[-96.001165,37.500424],[-96.001165,37.500424],[-96.001166,37.500424],[-96.001166,37.500424],[-96.001167,37.500424],[-96.001168,37.500424],[-96.001169,37.500424],[-96.001169,37.500424],[-96.001169,37.500424],[-96.001169,37.500424],[-96.00117,37.500424],[-96.00117,37.500424],[-96.00117,37.500424],[-96.00117,37.500424],[-96.001171,37.500424],[-96.001171,37.500424],[-96.001171,37.500424],[-96.001171,37.500424],[-96.001171,37.500424],[-96.001171,37.500424],[-96.001171,37.500424],[-96.001171,37.500424],[-96.001171,37.500424],[-96.001171,37.500424],[-96.001171,37.500424],[-96.001171,37.500425],[-96.001171,37.500425],[-96.001171,37.500425],[-96.001171,37.500425],[-96.001171,37.500425],[-96.00117,37.500425],[-96.001171,37.500425],[-96.001171,37.500425],[-96.001171,37.500425],[-96.001171,37.500425],[-96.001171,37.500425],[-96.001171,37.500425],[-96.001171,37.500425],[-96.001171,37.500425],[-96.001172,37.500424],[-96.001172,37.500424],[-96.001172,37.500424],[-96.001172,37.500424],[-96.001172,37.500424],[-96.001172,37.500424],[-96.001172,37.500424],[-96.001172,37.500424],[-96.001172,37.500424],[-96.001172,37.500424],[-96.001172,37.500424],[-96.001172,37.500424],[-96.001172,37.500424],[-96.001172,37.500424],[-96.001172,37.500424],[-96.001172,37.500424],[-96.001172,37.500424],[-96.001172,37.500424],[-96.001172,37.500424],[-96.001173,37.500424],[-96.001173,37.500424],[-96.001173,37.500424],[-96.001173,37.500424],[-96.001173,37.500424],[-96.001173,37.500424],[-96.001173,37.500424],[-96.001172,37.500425],[-96.001172,37.500425],[-96.001173,37.500425],[-96.001173,37.500425],[-96.001173,37.500425],[-96.001173,37.500425],[-96.001174,37.500425],[-96.001174,37.500425],[-96.001174,37.500425],[-96.001174,37.500425],[-96.001174,37.500425],[-96.001174,37.500425],[-96.001175,37.500429],[-96.001164,37.500429],[-96.001164,37.500426]]]]},"properties":{"cartodb_id":33,"fid":593,"cessnum":"713b","cessnum_saunt":"713","type":"opened reservation","date_start":"1910-06-01T00:00:00Z","date_end":"2019-12-31T00:00:00Z","doc_open":"Act of June 1, 1910 (36 Stat. 455)"}},{"type":"Feature","geometry":{"type":"MultiPolygon","coordinates":[[[[-96.001246,37.500358],[-96.001246,37.500358],[-96.001246,37.500358],[-96.001246,37.500358],[-96.001246,37.500357],[-96.001246,37.500357],[-96.001246,37.500357],[-96.001246,37.500356],[-96.001246,37.500356],[-96.001246,37.500355],[-96.001246,37.500355],[-96.001246,37.500354],[-96.001246,37.500353],[-96.001246,37.500353],[-96.001246,37.500353],[-96.001246,37.500352],[-96.001256,37.500352],[-96.001257,37.500352],[-96.001257,37.500358],[-96.001257,37.500358],[-96.001256,37.500358],[-96.001256,37.500358],[-96.001255,37.500358],[-96.001255,37.500358],[-96.001254,37.500358],[-96.001254,37.500357],[-96.001254,37.500357],[-96.001254,37.500357],[-96.001253,37.500357],[-96.001253,37.500357],[-96.001253,37.500357],[-96.001253,37.500358],[-96.001253,37.500358],[-96.001252,37.500358],[-96.001252,37.500358],[-96.001253,37.500358],[-96.001254,37.50036],[-96.001249,37.50036],[-96.001248,37.50036],[-96.001248,37.500359],[-96.001246,37.500359],[-96.001246,37.500358]]]]},"properties":{"cartodb_id":34,"fid":711,"cessnum":"630b","cessnum_saunt":"630","type":"opened reservation","date_start":"1902-05-27T00:00:00Z","date_end":"2019-12-31T00:00:00Z","doc_open":"Act of May 27, 1902 (32 Stat. 245, 263)"}},{"type":"Feature","geometry":{"type":"MultiPolygon","coordinates":[[[[-96.001141,37.500394],[-96.00114,37.500394],[-96.00114,37.500394],[-96.00114,37.500394],[-96.00114,37.500394],[-96.001139,37.500394],[-96.001139,37.500394],[-96.001139,37.500394],[-96.001139,37.500394],[-96.001139,37.500394],[-96.001138,37.500394],[-96.001138,37.500394],[-96.001138,37.500393],[-96.001138,37.500394],[-96.001138,37.500394],[-96.001138,37.500394],[-96.001138,37.500394],[-96.001138,37.500394],[-96.001138,37.500394],[-96.001138,37.500394],[-96.001138,37.500394],[-96.001138,37.500394],[-96.001138,37.500394],[-96.001138,37.500394],[-96.001139,37.500394],[-96.001139,37.500395],[-96.001138,37.500395],[-96.001138,37.500395],[-96.001138,37.500395],[-96.001138,37.500395],[-96.001138,37.500395],[-96.001138,37.500395],[-96.001137,37.500394],[-96.001137,37.500394],[-96.001137,37.500394],[-96.001137,37.500394],[-96.001137,37.500394],[-96.001137,37.500394],[-96.001137,37.500394],[-96.001137,37.500394],[-96.001137,37.500394],[-96.001137,37.500393],[-96.001137,37.500393],[-96.001137,37.500393],[-96.001137,37.500393],[-96.001137,37.500393],[-96.001136,37.500393],[-96.001136,37.500393],[-96.001136,37.500393],[-96.001136,37.500393],[-96.001136,37.500393],[-96.001136,37.500393],[-96.001136,37.500393],[-96.001136,37.500393],[-96.001135,37.500393],[-96.001135,37.500393],[-96.001135,37.500393],[-96.001135,37.500393],[-96.001135,37.500392],[-96.001135,37.500392],[-96.001135,37.500392],[-96.001135,37.500392],[-96.001135,37.500392],[-96.001135,37.500392],[-96.001135,37.500392],[-96.001136,37.500392],[-96.001136,37.500393],[-96.001146,37.500393],[-96.001146,37.500395],[-96.001146,37.500395],[-96.001146,37.500395],[-96.001143,37.500395],[-96.001142,37.500395],[-96.001142,37.500395],[-96.001142,37.500395],[-96.001142,37.500395],[-96.001142,37.500395],[-96.001141,37.500395],[-96.001141,37.500395],[-96.001141,37.500395],[-96.001141,37.500395],[-96.001142,37.500395],[-96.001142,37.500395],[-96.001142,37.500395],[-96.001142,37.500395],[-96.001141,37.500394],[-96.001141,37.500394],[-96.001141,37.500394],[-96.001141,37.500394],[-96.001141,37.500394],[-96.001141,37.500394],[-96.001141,37.500394]]]]},"properties":{"cartodb_id":35,"fid":595,"cessnum":"704b","cessnum_saunt":"704","type":"opened reservation","date_start":"1901-02-03T00:00:00Z","date_end":"2019-12-31T00:00:00Z","doc_open":"Act of February 3, 1901 (31 Stat. 790)"}},{"type":"Feature","geometry":{"type":"MultiPolygon","coordinates":[[[[-96.001149,37.500414],[-96.001149,37.500414],[-96.001149,37.500414],[-96.001149,37.500414],[-96.001149,37.500414],[-96.001149,37.500414],[-96.001149,37.500414],[-96.001149,37.500414],[-96.001149,37.500414],[-96.001149,37.500413],[-96.001149,37.500413],[-96.001149,37.500413],[-96.001149,37.500413],[-96.001149,37.500413],[-96.001149,37.500413],[-96.001149,37.500413],[-96.001149,37.500413],[-96.001149,37.500413],[-96.001149,37.500413],[-96.001149,37.500413],[-96.001149,37.500413],[-96.001149,37.500413],[-96.001149,37.500413],[-96.001149,37.500412],[-96.001149,37.500412],[-96.001149,37.500412],[-96.00115,37.500412],[-96.00115,37.500412],[-96.00115,37.500412],[-96.00115,37.500412],[-96.00115,37.500411],[-96.001149,37.500411],[-96.001149,37.500411],[-96.001149,37.500411],[-96.001149,37.500411],[-96.001149,37.500411],[-96.001149,37.500411],[-96.001149,37.500411],[-96.001149,37.500411],[-96.001149,37.500411],[-96.001149,37.500411],[-96.001149,37.50041],[-96.001149,37.50041],[-96.001149,37.50041],[-96.001149,37.50041],[-96.001149,37.50041],[-96.001148,37.50041],[-96.001148,37.50041],[-96.001148,37.50041],[-96.001148,37.50041],[-96.001148,37.50041],[-96.001148,37.50041],[-96.001148,37.50041],[-96.001148,37.50041],[-96.001148,37.50041],[-96.001148,37.50041],[-96.001148,37.50041],[-96.001148,37.500409],[-96.001147,37.500409],[-96.001147,37.500409],[-96.001147,37.500409],[-96.001147,37.500409],[-96.001147,37.500409],[-96.001147,37.500409],[-96.001147,37.500409],[-96.001147,37.500409],[-96.001147,37.500409],[-96.001147,37.500409],[-96.001147,37.500409],[-96.001147,37.500409],[-96.001147,37.500409],[-96.001147,37.500408],[-96.001146,37.500408],[-96.001146,37.500408],[-96.001146,37.500408],[-96.001146,37.500408],[-96.001146,37.500408],[-96.001146,37.500408],[-96.001147,37.500408],[-96.001147,37.500408],[-96.001147,37.500408],[-96.001147,37.500408],[-96.001147,37.500408],[-96.001147,37.500407],[-96.001147,37.500407],[-96.001147,37.500407],[-96.001148,37.500407],[-96.001148,37.500407],[-96.001148,37.500407],[-96.001148,37.500406],[-96.001148,37.500406],[-96.001148,37.500406],[-96.001148,37.500406],[-96.001148,37.500406],[-96.001147,37.500406],[-96.001147,37.500406],[-96.001147,37.500406],[-96.001147,37.500406],[-96.001147,37.500406],[-96.001146,37.500406],[-96.001146,37.500406],[-96.001146,37.500406],[-96.001165,37.500406],[-96.001165,37.500411],[-96.001165,37.500411],[-96.001165,37.500411],[-96.001165,37.500411],[-96.001165,37.500411],[-96.001165,37.500411],[-96.001165,37.500411],[-96.001165,37.500411],[-96.001164,37.500411],[-96.001164,37.500411],[-96.001164,37.500411],[-96.001164,37.500411],[-96.001164,37.500411],[-96.001164,37.500411],[-96.001164,37.500411],[-96.001164,37.500411],[-96.001164,37.500412],[-96.001164,37.500412],[-96.001164,37.500412],[-96.001164,37.500412],[-96.001164,37.500412],[-96.001164,37.500412],[-96.001164,37.500412],[-96.001164,37.500412],[-96.001164,37.500412],[-96.001164,37.500412],[-96.001164,37.500412],[-96.001164,37.500412],[-96.001164,37.500412],[-96.001164,37.500412],[-96.001164,37.500412],[-96.001164,37.500412],[-96.001164,37.500412],[-96.001164,37.500412],[-96.001164,37.500412],[-96.001163,37.500412],[-96.001163,37.500412],[-96.001163,37.500412],[-96.001163,37.500412],[-96.001163,37.500412],[-96.001163,37.500412],[-96.001163,37.500412],[-96.001163,37.500412],[-96.001163,37.500412],[-96.001163,37.500412],[-96.001163,37.500412],[-96.001163,37.500412],[-96.001163,37.500412],[-96.001162,37.500412],[-96.001162,37.500412],[-96.001162,37.500412],[-96.001162,37.500412],[-96.001162,37.500412],[-96.001162,37.500412],[-96.001162,37.500412],[-96.001162,37.500412],[-96.001162,37.500412],[-96.001162,37.500412],[-96.001162,37.500412],[-96.001162,37.500412],[-96.001162,37.500412],[-96.001162,37.500412],[-96.001161,37.500412],[-96.001161,37.500412],[-96.001161,37.500412],[-96.001161,37.500412],[-96.001161,37.500412],[-96.001161,37.500412],[-96.001161,37.500412],[-96.001161,37.500412],[-96.001161,37.500412],[-96.001161,37.500412],[-96.001161,37.500412],[-96.001161,37.500412],[-96.001161,37.500412],[-96.001161,37.500412],[-96.001161,37.500412],[-96.001161,37.500412],[-96.001161,37.500412],[-96.001161,37.500412],[-96.001161,37.500412],[-96.00116,37.500412],[-96.00116,37.500412],[-96.00116,37.500412],[-96.00116,37.500412],[-96.00116,37.500411],[-96.00116,37.500411],[-96.00116,37.500411],[-96.00116,37.500411],[-96.00116,37.500411],[-96.00116,37.500411],[-96.00116,37.500411],[-96.00116,37.500411],[-96.00116,37.500411],[-96.00116,37.500411],[-96.00116,37.500411],[-96.00116,37.500411],[-96.00116,37.500411],[-96.001159,37.500411],[-96.001159,37.500411],[-96.001159,37.500411],[-96.001159,37.500411],[-96.001159,37.500411],[-96.001159,37.500411],[-96.001159,37.500411],[-96.001159,37.500411],[-96.001159,37.500411],[-96.001159,37.500411],[-96.001159,37.500411],[-96.001159,37.500411],[-96.001159,37.500411],[-96.001159,37.500411],[-96.001159,37.500411],[-96.001159,37.500412],[-96.001159,37.500412],[-96.001159,37.500412],[-96.001157,37.500412],[-96.001157,37.500412],[-96.001157,37.500412],[-96.001157,37.500412],[-96.001157,37.500412],[-96.001157,37.500412],[-96.001157,37.500412],[-96.001157,37.500412],[-96.001157,37.500412],[-96.001157,37.500412],[-96.001156,37.500412],[-96.001156,37.500412],[-96.001156,37.500412],[-96.001156,37.500412],[-96.001156,37.500412],[-96.001156,37.500412],[-96.001156,37.500412],[-96.001156,37.500412],[-96.001156,37.500412],[-96.001156,37.500412],[-96.001156,37.500412],[-96.001156,37.500412],[-96.001156,37.500412],[-96.001156,37.500412],[-96.001156,37.500412],[-96.001156,37.500412],[-96.001156,37.500412],[-96.001156,37.500412],[-96.001156,37.500412],[-96.001156,37.500412],[-96.001156,37.500412],[-96.001156,37.500412],[-96.001156,37.500412],[-96.001155,37.500412],[-96.001155,37.500412],[-96.001155,37.500412],[-96.001155,37.500412],[-96.001155,37.500412],[-96.001155,37.500412],[-96.001155,37.500413],[-96.001155,37.500413],[-96.001155,37.500413],[-96.001155,37.500413],[-96.001155,37.500413],[-96.001155,37.500413],[-96.001155,37.500413],[-96.001155,37.500413],[-96.001155,37.500413],[-96.001155,37.500413],[-96.001155,37.500413],[-96.001155,37.500413],[-96.001155,37.500413],[-96.001155,37.500413],[-96.001155,37.500413],[-96.001154,37.500413],[-96.001154,37.500413],[-96.001154,37.500413],[-96.001154,37.500413],[-96.001154,37.500413],[-96.001154,37.500413],[-96.001154,37.500413],[-96.001154,37.500413],[-96.001154,37.500413],[-96.001154,37.500413],[-96.001154,37.500413],[-96.001154,37.500413],[-96.001154,37.500413],[-96.001154,37.500413],[-96.001154,37.500413],[-96.001154,37.500413],[-96.001154,37.500413],[-96.001154,37.500413],[-96.001154,37.500413],[-96.001154,37.500413],[-96.001154,37.500413],[-96.001154,37.500414],[-96.001154,37.500414],[-96.001154,37.500414],[-96.001154,37.500414],[-96.001154,37.500414],[-96.001154,37.500414],[-96.001154,37.500414],[-96.001154,37.500414],[-96.001154,37.500414],[-96.001153,37.500414],[-96.001153,37.500414],[-96.001153,37.500414],[-96.001153,37.500414],[-96.001153,37.500414],[-96.001153,37.500414],[-96.001153,37.500414],[-96.001153,37.500414],[-96.001153,37.500414],[-96.001153,37.500414],[-96.001153,37.500414],[-96.001153,37.500414],[-96.001153,37.500414],[-96.001153,37.500414],[-96.001153,37.500414],[-96.001153,37.500414],[-96.001153,37.500414],[-96.001153,37.500414],[-96.001153,37.500414],[-96.001153,37.500414],[-96.001153,37.500414],[-96.001153,37.500414],[-96.001153,37.500414],[-96.001153,37.500414],[-96.001153,37.500414],[-96.001153,37.500414],[-96.001153,37.500414],[-96.001153,37.500414],[-96.001153,37.500414],[-96.001153,37.500414],[-96.001152,37.500414],[-96.001152,37.500414],[-96.001152,37.500414],[-96.001152,37.500414],[-96.001152,37.500414],[-96.001152,37.500414],[-96.001152,37.500414],[-96.001152,37.500414],[-96.001152,37.500414],[-96.001152,37.500414],[-96.001152,37.500414],[-96.001152,37.500414],[-96.001152,37.500414],[-96.001152,37.500414],[-96.001152,37.500414],[-96.001152,37.500414],[-96.001152,37.500414],[-96.001152,37.500414],[-96.001152,37.500414],[-96.001152,37.500414],[-96.001151,37.500414],[-96.001151,37.500414],[-96.001151,37.500414],[-96.001151,37.500414],[-96.001151,37.500414],[-96.001151,37.500414],[-96.001151,37.500414],[-96.001151,37.500414],[-96.001151,37.500414],[-96.001151,37.500414],[-96.001151,37.500414],[-96.001151,37.500414],[-96.001151,37.500414],[-96.001151,37.500414],[-96.001151,37.500414],[-96.001151,37.500414],[-96.001151,37.500414],[-96.001151,37.500414],[-96.001151,37.500414],[-96.001151,37.500414],[-96.001151,37.500414],[-96.00115,37.500414],[-96.00115,37.500414],[-96.00115,37.500414],[-96.00115,37.500414],[-96.00115,37.500414],[-96.00115,37.500414],[-96.00115,37.500414],[-96.00115,37.500414],[-96.001149,37.500414]]]]},"properties":{"cartodb_id":36,"fid":599,"cessnum":"702b","cessnum_saunt":"702","type":"opened reservation","date_start":"1908-05-29T00:00:00Z","date_end":"2019-12-31T00:00:00Z","doc_open":"Act of May 29, 1908 (35 Stat. 460)"}},{"type":"Feature","geometry":{"type":"MultiPolygon","coordinates":[[[[-96.001102,37.500376],[-96.001102,37.500377],[-96.001101,37.500377],[-96.0011,37.500377],[-96.0011,37.500377],[-96.0011,37.500376],[-96.0011,37.500376],[-96.0011,37.500376],[-96.0011,37.500376],[-96.0011,37.500376],[-96.001102,37.500376]]]]},"properties":{"cartodb_id":37,"fid":605,"cessnum":"470b","cessnum_saunt":"470","type":"opened reservation","date_start":"1912-05-11T00:00:00Z","date_end":"2019-12-31T00:00:00Z","doc_open":"Act of May 11, 1912 (37 Stat. 111)"}},{"type":"Feature","geometry":{"type":"MultiPolygon","coordinates":[[[[-96.001082,37.500428],[-96.001082,37.500427],[-96.001082,37.500427],[-96.001083,37.500427],[-96.001083,37.500427],[-96.001083,37.500427],[-96.001089,37.500426],[-96.001089,37.500427],[-96.001089,37.500427],[-96.001089,37.500427],[-96.001089,37.500427],[-96.001089,37.500427],[-96.001089,37.500427],[-96.001089,37.500427],[-96.00109,37.500427],[-96.00109,37.500427],[-96.00109,37.500427],[-96.00109,37.500427],[-96.00109,37.500427],[-96.00109,37.500427],[-96.00109,37.500427],[-96.00109,37.500427],[-96.00109,37.500427],[-96.00109,37.500427],[-96.00109,37.500427],[-96.00109,37.500427],[-96.00109,37.500427],[-96.00109,37.500427],[-96.00109,37.500427],[-96.00109,37.500427],[-96.00109,37.500427],[-96.00109,37.500427],[-96.00109,37.500427],[-96.00109,37.500427],[-96.00109,37.500427],[-96.00109,37.500427],[-96.00109,37.500427],[-96.001091,37.500427],[-96.001091,37.500427],[-96.001091,37.500427],[-96.001091,37.500428],[-96.001091,37.500428],[-96.001091,37.500428],[-96.001091,37.500428],[-96.001091,37.500428],[-96.001091,37.500428],[-96.001091,37.500428],[-96.001091,37.500428],[-96.001091,37.500428],[-96.001091,37.500428],[-96.001091,37.500428],[-96.001092,37.500428],[-96.001092,37.500428],[-96.001092,37.500428],[-96.001092,37.500428],[-96.001092,37.500428],[-96.001092,37.500428],[-96.001092,37.500428],[-96.001092,37.500428],[-96.001092,37.500428],[-96.001092,37.500428],[-96.001092,37.500428],[-96.001092,37.500428],[-96.001092,37.500428],[-96.001092,37.500428],[-96.001093,37.500428],[-96.001093,37.500428],[-96.001093,37.500428],[-96.001094,37.500428],[-96.001094,37.500428],[-96.001094,37.500428],[-96.001094,37.500428],[-96.001094,37.500428],[-96.001094,37.500428],[-96.001094,37.500428],[-96.001094,37.500428],[-96.001094,37.500428],[-96.001094,37.500428],[-96.001094,37.500428],[-96.001094,37.500428],[-96.001094,37.500428],[-96.001094,37.500428],[-96.001094,37.500428],[-96.001094,37.500428],[-96.001095,37.500428],[-96.001095,37.500428],[-96.001095,37.500428],[-96.001095,37.500428],[-96.001095,37.500428],[-96.001095,37.500428],[-96.001095,37.500428],[-96.001095,37.500428],[-96.001095,37.500428],[-96.001095,37.500428],[-96.001095,37.500428],[-96.001095,37.500428],[-96.001095,37.500428],[-96.001095,37.500428],[-96.001095,37.500428],[-96.001096,37.500428],[-96.001096,37.500428],[-96.001096,37.500428],[-96.001096,37.500428],[-96.001096,37.500428],[-96.001096,37.500428],[-96.001097,37.500429],[-96.001098,37.500429],[-96.001098,37.50043],[-96.001098,37.50043],[-96.001098,37.50043],[-96.001098,37.50043],[-96.001098,37.50043],[-96.001098,37.50043],[-96.001098,37.50043],[-96.001083,37.50043],[-96.001083,37.50043],[-96.001082,37.50043],[-96.001082,37.50043],[-96.001082,37.50043],[-96.001082,37.50043],[-96.001082,37.50043],[-96.001082,37.50043],[-96.001082,37.50043],[-96.001082,37.50043],[-96.001082,37.50043],[-96.001082,37.50043],[-96.001082,37.500428],[-96.001082,37.500428]]]]},"properties":{"cartodb_id":38,"fid":640,"cessnum":"707b","cessnum_saunt":"707","type":"opened reservation","date_start":"1904-02-20T00:00:00Z","date_end":"2019-12-31T00:00:00Z","doc_open":"Section 11 of the act of March 3, 1903 (32 Stat. 982, 1009)"}},{"type":"Feature","geometry":{"type":"MultiPolygon","coordinates":[[[[-96.001283,37.500437],[-96.001283,37.500436],[-96.001283,37.500434],[-96.001283,37.500434],[-96.001283,37.500434],[-96.001283,37.500434],[-96.001283,37.500434],[-96.001283,37.500434],[-96.001283,37.500434],[-96.001283,37.500433],[-96.001282,37.500433],[-96.001282,37.500433],[-96.001282,37.500433],[-96.001282,37.500433],[-96.001282,37.500433],[-96.001282,37.500433],[-96.001282,37.500433],[-96.001282,37.500433],[-96.001282,37.500433],[-96.001282,37.500433],[-96.001281,37.500433],[-96.001281,37.500432],[-96.001281,37.500432],[-96.001281,37.500432],[-96.001282,37.500432],[-96.001282,37.500432],[-96.001282,37.500432],[-96.001282,37.500432],[-96.001282,37.500432],[-96.001282,37.500432],[-96.001282,37.500432],[-96.001282,37.500432],[-96.001282,37.500432],[-96.001282,37.500432],[-96.001282,37.500432],[-96.001282,37.500432],[-96.001282,37.500432],[-96.001282,37.500432],[-96.001282,37.500432],[-96.001282,37.500432],[-96.001282,37.500432],[-96.001282,37.500432],[-96.001282,37.500431],[-96.001282,37.500431],[-96.001282,37.500431],[-96.001282,37.500431],[-96.001282,37.500431],[-96.001283,37.500431],[-96.001283,37.500431],[-96.001283,37.500431],[-96.001283,37.500431],[-96.001283,37.500431],[-96.001283,37.500431],[-96.001283,37.500431],[-96.001283,37.500431],[-96.001283,37.500431],[-96.001283,37.500431],[-96.001283,37.500431],[-96.001283,37.500431],[-96.001283,37.500431],[-96.001283,37.500431],[-96.001283,37.500431],[-96.001283,37.500431],[-96.001283,37.500431],[-96.001283,37.500431],[-96.001283,37.500431],[-96.001283,37.500431],[-96.001284,37.500431],[-96.001284,37.500431],[-96.001284,37.500431],[-96.001284,37.500431],[-96.001284,37.500431],[-96.001284,37.500431],[-96.001284,37.500431],[-96.001284,37.500431],[-96.001284,37.500431],[-96.001285,37.500431],[-96.001285,37.500431],[-96.001285,37.500431],[-96.001285,37.500431],[-96.001285,37.500431],[-96.001285,37.500431],[-96.001285,37.500431],[-96.001285,37.50043],[-96.001285,37.50043],[-96.001285,37.50043],[-96.001286,37.50043],[-96.001286,37.50043],[-96.001286,37.50043],[-96.001286,37.50043],[-96.001286,37.50043],[-96.001286,37.50043],[-96.001286,37.50043],[-96.001286,37.50043],[-96.001286,37.50043],[-96.001286,37.50043],[-96.001286,37.50043],[-96.001287,37.50043],[-96.001287,37.50043],[-96.001287,37.50043],[-96.001287,37.50043],[-96.001287,37.50043],[-96.001287,37.50043],[-96.001287,37.50043],[-96.001287,37.50043],[-96.001287,37.50043],[-96.001288,37.50043],[-96.001288,37.50043],[-96.001288,37.50043],[-96.001288,37.50043],[-96.001288,37.50043],[-96.001288,37.50043],[-96.001288,37.50043],[-96.001288,37.50043],[-96.001288,37.50043],[-96.001288,37.50043],[-96.001288,37.50043],[-96.001288,37.50043],[-96.001289,37.50043],[-96.001289,37.50043],[-96.001289,37.50043],[-96.001289,37.50043],[-96.001289,37.50043],[-96.001289,37.50043],[-96.001289,37.50043],[-96.001289,37.50043],[-96.001289,37.50043],[-96.00129,37.50043],[-96.00129,37.50043],[-96.00129,37.50043],[-96.00129,37.50043],[-96.00129,37.50043],[-96.00129,37.50043],[-96.00129,37.50043],[-96.00129,37.50043],[-96.00129,37.50043],[-96.001291,37.50043],[-96.001291,37.50043],[-96.001291,37.50043],[-96.001291,37.50043],[-96.001291,37.50043],[-96.001291,37.50043],[-96.001291,37.50043],[-96.001291,37.50043],[-96.001291,37.50043],[-96.001291,37.50043],[-96.001291,37.50043],[-96.001292,37.50043],[-96.001292,37.500429],[-96.001292,37.500429],[-96.001292,37.500429],[-96.001292,37.500429],[-96.001292,37.500429],[-96.001292,37.500429],[-96.001292,37.500429],[-96.001292,37.500429],[-96.001293,37.500429],[-96.001293,37.500429],[-96.001293,37.500429],[-96.001293,37.500429],[-96.001293,37.500429],[-96.001293,37.500429],[-96.001293,37.500429],[-96.001293,37.500429],[-96.001293,37.500429],[-96.001293,37.500429],[-96.001294,37.500429],[-96.001294,37.500429],[-96.001294,37.500429],[-96.001294,37.500429],[-96.001294,37.500429],[-96.001295,37.500429],[-96.001295,37.50043],[-96.001295,37.50043],[-96.001295,37.50043],[-96.001295,37.50043],[-96.001295,37.50043],[-96.001296,37.50043],[-96.001296,37.50043],[-96.001296,37.50043],[-96.001296,37.50043],[-96.001296,37.50043],[-96.001296,37.500431],[-96.001296,37.500432],[-96.001296,37.500432],[-96.001296,37.500432],[-96.001296,37.500432],[-96.001297,37.500432],[-96.001297,37.500433],[-96.001298,37.500433],[-96.001298,37.500433],[-96.001298,37.500433],[-96.001298,37.500433],[-96.001298,37.500433],[-96.001298,37.500433],[-96.001298,37.500433],[-96.001298,37.500434],[-96.001298,37.500434],[-96.001298,37.500434],[-96.001297,37.500434],[-96.001297,37.500434],[-96.001296,37.500434],[-96.001296,37.500435],[-96.001296,37.500435],[-96.001296,37.500435],[-96.001296,37.500435],[-96.001297,37.500435],[-96.001297,37.500435],[-96.001298,37.500435],[-96.001299,37.500435],[-96.001299,37.500435],[-96.0013,37.500435],[-96.0013,37.500435],[-96.0013,37.500435],[-96.0013,37.500436],[-96.001301,37.500436],[-96.001301,37.500436],[-96.001301,37.500436],[-96.001301,37.500437],[-96.001302,37.500437],[-96.001302,37.500437],[-96.001302,37.500437],[-96.001301,37.500437],[-96.001294,37.500437],[-96.001291,37.500437],[-96.001289,37.500437],[-96.001283,37.500437],[-96.001283,37.500437]]]]},"properties":{"cartodb_id":39,"fid":647,"cessnum":"695b","cessnum_saunt":"695","type":"opened reservation","date_start":"1907-03-01T00:00:00Z","date_end":"2019-12-31T00:00:00Z","doc_open":"Act of March 1, 1907 (34 Stat. 1015, 1035)"}},{"type":"Feature","geometry":{"type":"MultiPolygon","coordinates":[[[[-96.001195,37.500432],[-96.001195,37.500432],[-96.001195,37.500432],[-96.001196,37.500432],[-96.001196,37.500432],[-96.001196,37.500432],[-96.001196,37.500432],[-96.001196,37.500432],[-96.001196,37.500432],[-96.001196,37.500432],[-96.001196,37.500432],[-96.001196,37.500432],[-96.001196,37.500432],[-96.001196,37.500432],[-96.001196,37.500432],[-96.001196,37.500432],[-96.001196,37.500432],[-96.001196,37.500431],[-96.001196,37.500431],[-96.001196,37.500431],[-96.001196,37.500431],[-96.001196,37.500431],[-96.001196,37.500431],[-96.001196,37.500431],[-96.001196,37.500431],[-96.001196,37.500431],[-96.001196,37.500431],[-96.001196,37.500431],[-96.001196,37.500431],[-96.001196,37.500431],[-96.001196,37.500431],[-96.001196,37.500431],[-96.001196,37.500431],[-96.001196,37.50043],[-96.001196,37.50043],[-96.001196,37.50043],[-96.001196,37.50043],[-96.001196,37.50043],[-96.001196,37.50043],[-96.001196,37.50043],[-96.001196,37.50043],[-96.001196,37.50043],[-96.001196,37.50043],[-96.001196,37.50043],[-96.001196,37.50043],[-96.001196,37.50043],[-96.001196,37.50043],[-96.001195,37.50043],[-96.001195,37.50043],[-96.001195,37.50043],[-96.001195,37.50043],[-96.001195,37.50043],[-96.001195,37.50043],[-96.001195,37.50043],[-96.001195,37.500429],[-96.001195,37.500429],[-96.001195,37.500429],[-96.001195,37.500429],[-96.001196,37.500429],[-96.001196,37.500429],[-96.001196,37.500429],[-96.001196,37.500429],[-96.001196,37.500429],[-96.001196,37.500429],[-96.001196,37.500429],[-96.001196,37.500429],[-96.001196,37.500429],[-96.001196,37.500429],[-96.001196,37.500429],[-96.001196,37.500429],[-96.001196,37.500429],[-96.001197,37.500429],[-96.001197,37.500429],[-96.001197,37.500429],[-96.001197,37.500429],[-96.001197,37.500429],[-96.001197,37.500429],[-96.001197,37.500429],[-96.001197,37.500429],[-96.001197,37.500429],[-96.001197,37.500429],[-96.001197,37.500429],[-96.001198,37.500429],[-96.001198,37.500429],[-96.001198,37.500429],[-96.001198,37.500429],[-96.001198,37.500429],[-96.001198,37.500429],[-96.001198,37.500429],[-96.001198,37.500429],[-96.001198,37.500429],[-96.001198,37.500429],[-96.001198,37.500429],[-96.001198,37.500429],[-96.001198,37.500429],[-96.001198,37.500429],[-96.001198,37.500429],[-96.001198,37.500429],[-96.001198,37.500429],[-96.001198,37.500429],[-96.001198,37.500429],[-96.001198,37.500429],[-96.001199,37.500429],[-96.001199,37.500429],[-96.001199,37.500429],[-96.001199,37.500429],[-96.001199,37.500429],[-96.001199,37.500429],[-96.001199,37.500429],[-96.001199,37.500429],[-96.001199,37.500429],[-96.001199,37.500429],[-96.001199,37.500429],[-96.0012,37.500429],[-96.0012,37.500429],[-96.0012,37.500429],[-96.0012,37.500429],[-96.0012,37.500429],[-96.0012,37.500429],[-96.0012,37.500429],[-96.0012,37.500429],[-96.0012,37.500429],[-96.0012,37.500429],[-96.0012,37.500429],[-96.0012,37.500429],[-96.0012,37.500429],[-96.001201,37.500429],[-96.001201,37.500429],[-96.001201,37.500429],[-96.001201,37.500429],[-96.001201,37.500429],[-96.001201,37.500429],[-96.001201,37.500429],[-96.001201,37.500429],[-96.001201,37.500429],[-96.001201,37.500429],[-96.001201,37.500429],[-96.001201,37.500429],[-96.001201,37.500429],[-96.001202,37.500429],[-96.001202,37.500429],[-96.001202,37.500429],[-96.001202,37.500429],[-96.001202,37.500429],[-96.001202,37.500429],[-96.001202,37.500429],[-96.001202,37.500429],[-96.001202,37.500429],[-96.001202,37.500429],[-96.001202,37.500429],[-96.001202,37.500429],[-96.001203,37.50043],[-96.001203,37.50043],[-96.001203,37.50043],[-96.001203,37.500429],[-96.001203,37.500429],[-96.001203,37.500429],[-96.001203,37.500429],[-96.001203,37.500429],[-96.001203,37.500429],[-96.001203,37.500429],[-96.001203,37.500429],[-96.001203,37.500429],[-96.001203,37.500429],[-96.001203,37.500429],[-96.001203,37.500429],[-96.001203,37.500429],[-96.001204,37.500429],[-96.001204,37.500429],[-96.001204,37.500429],[-96.001204,37.500429],[-96.001204,37.500429],[-96.001204,37.500429],[-96.001204,37.500429],[-96.001204,37.500429],[-96.001204,37.500429],[-96.001204,37.500429],[-96.001204,37.500429],[-96.001204,37.500429],[-96.001204,37.500429],[-96.001204,37.500429],[-96.001204,37.500429],[-96.001204,37.500429],[-96.001205,37.500429],[-96.001205,37.500429],[-96.001205,37.500429],[-96.001205,37.500429],[-96.001205,37.500429],[-96.001205,37.500429],[-96.001205,37.500429],[-96.001205,37.500429],[-96.001205,37.500429],[-96.001205,37.500429],[-96.001206,37.500429],[-96.001206,37.500429],[-96.001206,37.500429],[-96.001206,37.500429],[-96.001206,37.500429],[-96.001206,37.500429],[-96.001206,37.500429],[-96.001206,37.500429],[-96.001206,37.500429],[-96.001206,37.500429],[-96.001206,37.500429],[-96.001206,37.500429],[-96.001206,37.500429],[-96.001206,37.500429],[-96.001206,37.500429],[-96.001207,37.500429],[-96.001207,37.500429],[-96.001207,37.500429],[-96.001207,37.500429],[-96.001207,37.500429],[-96.001207,37.500429],[-96.001207,37.500429],[-96.001207,37.500429],[-96.001207,37.500429],[-96.001207,37.500429],[-96.001207,37.500429],[-96.001207,37.500429],[-96.001208,37.500429],[-96.001208,37.500429],[-96.001208,37.500429],[-96.001208,37.500429],[-96.001208,37.500429],[-96.001208,37.500429],[-96.001208,37.500429],[-96.001208,37.500428],[-96.001208,37.500428],[-96.001208,37.500428],[-96.001208,37.500428],[-96.001208,37.500428],[-96.001209,37.500428],[-96.001209,37.500428],[-96.001209,37.500428],[-96.001209,37.500428],[-96.001209,37.500428],[-96.001209,37.500428],[-96.001209,37.500428],[-96.001209,37.500428],[-96.001209,37.500428],[-96.001209,37.500428],[-96.001209,37.500428],[-96.00121,37.500428],[-96.00121,37.500428],[-96.00121,37.500428],[-96.00121,37.500428],[-96.00121,37.500428],[-96.00121,37.500428],[-96.00121,37.500428],[-96.00121,37.500428],[-96.00121,37.500428],[-96.00121,37.500428],[-96.00121,37.500428],[-96.001211,37.500428],[-96.001211,37.500428],[-96.001211,37.500428],[-96.001211,37.500428],[-96.001211,37.500428],[-96.001211,37.500428],[-96.001211,37.500428],[-96.001211,37.500428],[-96.001211,37.500428],[-96.001211,37.500428],[-96.001211,37.500428],[-96.001212,37.500428],[-96.001212,37.500428],[-96.001212,37.500428],[-96.001212,37.500428],[-96.001212,37.500428],[-96.001212,37.500428],[-96.001212,37.500428],[-96.001212,37.500428],[-96.001212,37.500428],[-96.001212,37.500428],[-96.001212,37.500428],[-96.001212,37.500428],[-96.001213,37.500428],[-96.001213,37.500428],[-96.001213,37.500428],[-96.001213,37.500428],[-96.001213,37.500428],[-96.001213,37.500428],[-96.001213,37.500428],[-96.001213,37.500428],[-96.001213,37.500428],[-96.001213,37.500428],[-96.001213,37.500428],[-96.001213,37.500428],[-96.001213,37.500428],[-96.001214,37.500428],[-96.001214,37.500428],[-96.001214,37.500429],[-96.001214,37.500429],[-96.001214,37.500429],[-96.001214,37.500429],[-96.001214,37.500429],[-96.001214,37.500429],[-96.001214,37.500429],[-96.001214,37.500429],[-96.001214,37.500429],[-96.001214,37.500429],[-96.001214,37.500429],[-96.001214,37.500429],[-96.001214,37.500429],[-96.001214,37.500429],[-96.001214,37.500429],[-96.001214,37.500429],[-96.001214,37.500429],[-96.001214,37.500429],[-96.001214,37.500429],[-96.001214,37.500429],[-96.001214,37.500429],[-96.001214,37.500429],[-96.001214,37.500429],[-96.001214,37.500429],[-96.001214,37.500429],[-96.001215,37.500429],[-96.001215,37.500429],[-96.001215,37.50043],[-96.001215,37.50043],[-96.001215,37.50043],[-96.001215,37.50043],[-96.001215,37.50043],[-96.001215,37.50043],[-96.001215,37.50043],[-96.001215,37.50043],[-96.001215,37.50043],[-96.001215,37.50043],[-96.001215,37.50043],[-96.001215,37.50043],[-96.001215,37.50043],[-96.001215,37.50043],[-96.001215,37.50043],[-96.001215,37.50043],[-96.001215,37.500431],[-96.001215,37.500431],[-96.001215,37.500431],[-96.001215,37.500431],[-96.001215,37.500431],[-96.001215,37.500431],[-96.001215,37.500431],[-96.001215,37.500431],[-96.001215,37.500431],[-96.001215,37.500431],[-96.001215,37.500431],[-96.001215,37.500431],[-96.001215,37.500431],[-96.001215,37.500431],[-96.001215,37.500431],[-96.001215,37.500431],[-96.001215,37.500432],[-96.001215,37.500432],[-96.001215,37.500432],[-96.001215,37.500432],[-96.001215,37.500432],[-96.001215,37.500432],[-96.001215,37.500432],[-96.001215,37.500432],[-96.001215,37.500432],[-96.001215,37.500432],[-96.001215,37.500432],[-96.001216,37.500432],[-96.001216,37.500432],[-96.001216,37.500432],[-96.001216,37.500432],[-96.001216,37.500432],[-96.001216,37.500432],[-96.001216,37.500432],[-96.001216,37.500432],[-96.001216,37.500433],[-96.001216,37.500433],[-96.001216,37.500433],[-96.001216,37.500433],[-96.001216,37.500433],[-96.001216,37.500433],[-96.001216,37.500433],[-96.001216,37.500433],[-96.001216,37.500433],[-96.001216,37.500433],[-96.001216,37.500433],[-96.001216,37.500433],[-96.001216,37.500433],[-96.001217,37.500433],[-96.001217,37.500433],[-96.001217,37.500433],[-96.001217,37.500434],[-96.001217,37.500434],[-96.001217,37.500434],[-96.001217,37.500434],[-96.001217,37.500434],[-96.001217,37.500434],[-96.001217,37.500434],[-96.001217,37.500434],[-96.001217,37.500434],[-96.001217,37.500434],[-96.001214,37.500434],[-96.001211,37.500434],[-96.001208,37.500434],[-96.001206,37.500434],[-96.001203,37.500434],[-96.0012,37.500434],[-96.001197,37.500434],[-96.001194,37.500434],[-96.001194,37.500434],[-96.001194,37.500434],[-96.001194,37.500434],[-96.001194,37.500434],[-96.001194,37.500434],[-96.001194,37.500434],[-96.001194,37.500434],[-96.001194,37.500434],[-96.001194,37.500434],[-96.001194,37.500434],[-96.001194,37.500433],[-96.001194,37.500433],[-96.001194,37.500433],[-96.001194,37.500433],[-96.001194,37.500433],[-96.001194,37.500433],[-96.001194,37.500433],[-96.001195,37.500433],[-96.001195,37.500433],[-96.001195,37.500433],[-96.001195,37.500432],[-96.001195,37.500432]]]]},"properties":{"cartodb_id":40,"fid":649,"cessnum":"693b","cessnum_saunt":"693","type":"opened reservation","date_start":"1908-05-30T00:00:00Z","date_end":"2019-12-31T00:00:00Z","doc_open":"Act of May 30, 1908 (35 Stat. 558)"}},{"type":"Feature","geometry":{"type":"MultiPolygon","coordinates":[[[[-96.00135,37.500431],[-96.00135,37.500431],[-96.00135,37.500431],[-96.00135,37.500431],[-96.00135,37.500431],[-96.00135,37.500431],[-96.00135,37.500431],[-96.001349,37.500431],[-96.001349,37.500431],[-96.00135,37.500431],[-96.00135,37.50043],[-96.00135,37.50043],[-96.00135,37.50043],[-96.00135,37.50043],[-96.00135,37.50043],[-96.00135,37.50043],[-96.00135,37.50043],[-96.00135,37.50043],[-96.00135,37.50043],[-96.00135,37.50043],[-96.00135,37.50043],[-96.00135,37.50043],[-96.00135,37.50043],[-96.00135,37.50043],[-96.00135,37.50043],[-96.00135,37.500429],[-96.001351,37.500429],[-96.00135,37.500429],[-96.00135,37.500429],[-96.00135,37.500429],[-96.001351,37.500429],[-96.001351,37.500429],[-96.001351,37.500429],[-96.001351,37.500429],[-96.001351,37.500429],[-96.001351,37.500429],[-96.001351,37.500429],[-96.001351,37.500429],[-96.001351,37.500429],[-96.001352,37.500429],[-96.001352,37.500429],[-96.001352,37.500429],[-96.001352,37.500429],[-96.001352,37.500429],[-96.001352,37.500429],[-96.001352,37.500429],[-96.001352,37.500429],[-96.001352,37.500429],[-96.001352,37.500429],[-96.001353,37.500429],[-96.001353,37.500429],[-96.001353,37.500428],[-96.001352,37.500428],[-96.001352,37.500428],[-96.001352,37.500428],[-96.001352,37.500428],[-96.001352,37.500428],[-96.001352,37.500428],[-96.001352,37.500428],[-96.001352,37.500428],[-96.001352,37.500428],[-96.001352,37.500428],[-96.001352,37.500428],[-96.001352,37.500428],[-96.001352,37.500428],[-96.001352,37.500427],[-96.001352,37.500427],[-96.001352,37.500427],[-96.001352,37.500427],[-96.001352,37.500427],[-96.001352,37.500427],[-96.001352,37.500427],[-96.001352,37.500427],[-96.001352,37.500427],[-96.001352,37.500427],[-96.001352,37.500427],[-96.001352,37.500427],[-96.001353,37.500427],[-96.001353,37.500427],[-96.001353,37.500427],[-96.001353,37.500427],[-96.001353,37.500427],[-96.001353,37.500427],[-96.001353,37.500427],[-96.001353,37.500427],[-96.001353,37.500427],[-96.001353,37.500427],[-96.001354,37.500427],[-96.001354,37.500427],[-96.001354,37.500427],[-96.001354,37.500427],[-96.001354,37.500427],[-96.001354,37.500427],[-96.001354,37.500427],[-96.001354,37.500427],[-96.001354,37.500428],[-96.001354,37.500428],[-96.001354,37.500428],[-96.001354,37.500428],[-96.001354,37.500428],[-96.001355,37.500428],[-96.001355,37.500428],[-96.001355,37.500428],[-96.001355,37.500428],[-96.001355,37.500428],[-96.001355,37.500428],[-96.001355,37.500428],[-96.001355,37.500428],[-96.001356,37.500428],[-96.001356,37.500428],[-96.001356,37.500428],[-96.001356,37.500428],[-96.001356,37.500428],[-96.001356,37.500428],[-96.001356,37.500428],[-96.001356,37.500428],[-96.001356,37.500428],[-96.001356,37.500428],[-96.001356,37.500428],[-96.001356,37.500428],[-96.001356,37.500428],[-96.001357,37.500428],[-96.001357,37.500428],[-96.001357,37.500428],[-96.001357,37.500428],[-96.001357,37.500428],[-96.001357,37.500428],[-96.001357,37.500428],[-96.001357,37.500428],[-96.001358,37.500428],[-96.001358,37.500428],[-96.001358,37.500428],[-96.001358,37.500428],[-96.001358,37.500428],[-96.001358,37.500428],[-96.001358,37.500428],[-96.001358,37.500428],[-96.001359,37.500428],[-96.001359,37.500428],[-96.001359,37.500428],[-96.001359,37.500428],[-96.001359,37.500428],[-96.001359,37.500428],[-96.001359,37.500428],[-96.001359,37.500428],[-96.001359,37.500428],[-96.001359,37.500428],[-96.001359,37.500428],[-96.001359,37.500428],[-96.001359,37.500429],[-96.001359,37.500429],[-96.001359,37.500429],[-96.001359,37.500429],[-96.001359,37.500429],[-96.001359,37.500429],[-96.001359,37.500429],[-96.001359,37.500429],[-96.001359,37.500429],[-96.001359,37.500429],[-96.001359,37.500429],[-96.001359,37.500429],[-96.001359,37.500429],[-96.00136,37.500429],[-96.00136,37.50043],[-96.00136,37.50043],[-96.00136,37.50043],[-96.00136,37.50043],[-96.00136,37.50043],[-96.00136,37.50043],[-96.00136,37.50043],[-96.00136,37.50043],[-96.001361,37.50043],[-96.001361,37.50043],[-96.001361,37.50043],[-96.001361,37.50043],[-96.001361,37.50043],[-96.001361,37.50043],[-96.001361,37.500429],[-96.001361,37.500429],[-96.001362,37.500429],[-96.001362,37.500429],[-96.001362,37.500429],[-96.001362,37.500429],[-96.001362,37.500429],[-96.001362,37.500429],[-96.001362,37.500429],[-96.001363,37.500429],[-96.001363,37.500429],[-96.001363,37.500429],[-96.001363,37.500429],[-96.001363,37.500429],[-96.001363,37.500429],[-96.001363,37.500429],[-96.001363,37.500429],[-96.001363,37.500429],[-96.001363,37.500429],[-96.001363,37.500429],[-96.001363,37.500429],[-96.001364,37.500429],[-96.001364,37.500429],[-96.001364,37.500429],[-96.001364,37.500429],[-96.001364,37.500429],[-96.001364,37.500429],[-96.001364,37.500429],[-96.001365,37.500429],[-96.001365,37.500429],[-96.001365,37.500429],[-96.001365,37.500429],[-96.001365,37.500429],[-96.001365,37.500429],[-96.001365,37.500429],[-96.001366,37.500429],[-96.001366,37.500429],[-96.001366,37.500429],[-96.001366,37.500429],[-96.001366,37.500429],[-96.001366,37.500429],[-96.001367,37.500429],[-96.001367,37.500429],[-96.001367,37.500429],[-96.001367,37.500429],[-96.001367,37.500429],[-96.001367,37.500429],[-96.001367,37.500429],[-96.001367,37.500429],[-96.001367,37.500429],[-96.001367,37.500429],[-96.001367,37.500429],[-96.001367,37.500429],[-96.001367,37.500429],[-96.001367,37.500429],[-96.001367,37.50043],[-96.001367,37.50043],[-96.001367,37.50043],[-96.001367,37.50043],[-96.001367,37.50043],[-96.001367,37.50043],[-96.001367,37.50043],[-96.001367,37.50043],[-96.001367,37.50043],[-96.001367,37.50043],[-96.001367,37.50043],[-96.001367,37.50043],[-96.001367,37.50043],[-96.001367,37.50043],[-96.001367,37.500431],[-96.001367,37.500431],[-96.001367,37.500431],[-96.001367,37.500431],[-96.001367,37.500431],[-96.001367,37.500431],[-96.001367,37.500431],[-96.001367,37.500431],[-96.001367,37.500431],[-96.001367,37.500431],[-96.001366,37.500431],[-96.001366,37.500431],[-96.001366,37.500431],[-96.001366,37.500431],[-96.001366,37.500431],[-96.001366,37.500431],[-96.001366,37.500431],[-96.001366,37.500432],[-96.001366,37.500432],[-96.001366,37.500432],[-96.001366,37.500432],[-96.001366,37.500432],[-96.001366,37.500432],[-96.001366,37.500432],[-96.001366,37.500432],[-96.001365,37.500432],[-96.001365,37.500432],[-96.001365,37.500432],[-96.001365,37.500432],[-96.001365,37.500432],[-96.001365,37.500433],[-96.001365,37.500433],[-96.001365,37.500433],[-96.001365,37.500433],[-96.00135,37.500433],[-96.00135,37.500433],[-96.00135,37.500433],[-96.00135,37.500433],[-96.00135,37.500432],[-96.00135,37.500432],[-96.00135,37.500432],[-96.00135,37.500432],[-96.00135,37.500432],[-96.00135,37.500432],[-96.00135,37.500432],[-96.00135,37.500432],[-96.00135,37.500432],[-96.00135,37.500432],[-96.00135,37.500432],[-96.00135,37.500432],[-96.00135,37.500432],[-96.00135,37.500431],[-96.00135,37.500431],[-96.00135,37.500431]]]]},"properties":{"cartodb_id":41,"fid":657,"cessnum":"718b","cessnum_saunt":"718","type":"opened reservation","date_start":"1906-03-22T00:00:00Z","date_end":"2019-12-31T00:00:00Z","doc_open":"Act of March 22, 1906 (34 Stat. 80)"}},{"type":"Feature","geometry":{"type":"MultiPolygon","coordinates":[[[[-96.001239,37.500383],[-96.00124,37.500383],[-96.00124,37.500383],[-96.00124,37.500383],[-96.001241,37.500383],[-96.001241,37.500382],[-96.001241,37.500382],[-96.001241,37.500382],[-96.001241,37.500383],[-96.001241,37.500383],[-96.001241,37.500383],[-96.001242,37.500383],[-96.001242,37.500383],[-96.001242,37.500383],[-96.001242,37.500383],[-96.001242,37.500383],[-96.001243,37.500383],[-96.001243,37.500383],[-96.001243,37.500383],[-96.001243,37.500382],[-96.001247,37.500382],[-96.001248,37.500382],[-96.001249,37.500383],[-96.001249,37.500383],[-96.001249,37.500383],[-96.001249,37.500383],[-96.00125,37.500383],[-96.00125,37.500385],[-96.00125,37.500388],[-96.00125,37.500388],[-96.00125,37.500388],[-96.00125,37.500388],[-96.00125,37.500388],[-96.00125,37.500388],[-96.00125,37.500388],[-96.00125,37.500388],[-96.00125,37.500388],[-96.00125,37.500389],[-96.00125,37.500389],[-96.00125,37.500389],[-96.00125,37.500389],[-96.00125,37.500389],[-96.00125,37.500389],[-96.001249,37.500389],[-96.001249,37.500389],[-96.001249,37.500389],[-96.001249,37.500389],[-96.001249,37.500389],[-96.001249,37.50039],[-96.001249,37.50039],[-96.001249,37.50039],[-96.001248,37.50039],[-96.001248,37.50039],[-96.001248,37.50039],[-96.001248,37.50039],[-96.001248,37.50039],[-96.001248,37.50039],[-96.001248,37.50039],[-96.001247,37.50039],[-96.001247,37.50039],[-96.001247,37.50039],[-96.001247,37.50039],[-96.001247,37.50039],[-96.001247,37.50039],[-96.001246,37.50039],[-96.001246,37.50039],[-96.001246,37.50039],[-96.001246,37.50039],[-96.001246,37.50039],[-96.001246,37.50039],[-96.001245,37.50039],[-96.001245,37.500389],[-96.001245,37.500389],[-96.001245,37.500389],[-96.001245,37.500389],[-96.001245,37.500389],[-96.001245,37.500389],[-96.001245,37.500389],[-96.001244,37.500389],[-96.001244,37.500389],[-96.001244,37.500389],[-96.001244,37.500389],[-96.001244,37.500389],[-96.001244,37.500389],[-96.001243,37.50039],[-96.001243,37.50039],[-96.001243,37.50039],[-96.001243,37.50039],[-96.001243,37.50039],[-96.001242,37.50039],[-96.001242,37.50039],[-96.001242,37.50039],[-96.001242,37.50039],[-96.001242,37.50039],[-96.001242,37.50039],[-96.001241,37.50039],[-96.001241,37.50039],[-96.001241,37.50039],[-96.001241,37.50039],[-96.001241,37.50039],[-96.001241,37.50039],[-96.00124,37.50039],[-96.00124,37.50039],[-96.00124,37.50039],[-96.00124,37.50039],[-96.00124,37.50039],[-96.00124,37.50039],[-96.001239,37.50039],[-96.001239,37.50039],[-96.001239,37.50039],[-96.001239,37.50039],[-96.001239,37.50039],[-96.001239,37.50039],[-96.001239,37.50039],[-96.001238,37.50039],[-96.001238,37.50039],[-96.001238,37.50039],[-96.001238,37.50039],[-96.001238,37.50039],[-96.001238,37.50039],[-96.001238,37.50039],[-96.001237,37.50039],[-96.001237,37.50039],[-96.001237,37.500389],[-96.001235,37.500389],[-96.001235,37.500387],[-96.001235,37.500383],[-96.001239,37.500383]]]]},"properties":{"cartodb_id":42,"fid":673,"cessnum":"J8b","cessnum_saunt":null,"type":null,"date_start":"1897-06-07T00:00:00Z","date_end":"2019-12-31T00:00:00Z","doc_open":null}},{"type":"Feature","geometry":{"type":"MultiPolygon","coordinates":[[[[-96.001413,37.500402],[-96.001413,37.500402],[-96.001413,37.500402],[-96.001413,37.500401],[-96.001413,37.500399],[-96.001413,37.500399],[-96.001417,37.500399],[-96.001417,37.500399],[-96.001417,37.500399],[-96.001417,37.500399],[-96.001417,37.500399],[-96.001417,37.500399],[-96.001417,37.5004],[-96.001417,37.5004],[-96.001417,37.5004],[-96.001417,37.5004],[-96.001417,37.5004],[-96.001417,37.5004],[-96.001417,37.5004],[-96.001417,37.5004],[-96.001417,37.5004],[-96.001417,37.5004],[-96.001417,37.5004],[-96.001417,37.5004],[-96.001417,37.500401],[-96.001417,37.500401],[-96.001417,37.500401],[-96.001417,37.500401],[-96.001417,37.500401],[-96.001417,37.500401],[-96.001417,37.500401],[-96.001417,37.500401],[-96.001417,37.500401],[-96.001417,37.500401],[-96.001417,37.500401],[-96.001417,37.500401],[-96.001416,37.500401],[-96.001416,37.500401],[-96.001416,37.500401],[-96.001416,37.500401],[-96.001416,37.500401],[-96.001416,37.500401],[-96.001416,37.500401],[-96.001416,37.500401],[-96.001417,37.500401],[-96.001417,37.500401],[-96.001417,37.500401],[-96.001417,37.500402],[-96.001416,37.500402],[-96.001416,37.500402],[-96.001416,37.500402],[-96.001416,37.500402],[-96.001417,37.500402],[-96.001416,37.500402],[-96.001416,37.500402],[-96.001415,37.500402],[-96.001415,37.500402],[-96.001414,37.500402],[-96.001413,37.500402],[-96.001413,37.500402]]]]},"properties":{"cartodb_id":43,"fid":689,"cessnum":"579b","cessnum_saunt":"579","type":"opened reservation","date_start":"1894-08-15T00:00:00Z","date_end":"2019-12-31T00:00:00Z","doc_open":"Act of August 15, 1894 (28 Stat. 325), Act of May 13, 1910 (36 Stat. 367)"}},{"type":"Feature","geometry":{"type":"MultiPolygon","coordinates":[[[[-96.001392,37.500384],[-96.001386,37.500384],[-96.001386,37.500383],[-96.001383,37.500383],[-96.001383,37.500381],[-96.001383,37.500379],[-96.001383,37.500378],[-96.001384,37.500378],[-96.001388,37.500378],[-96.001391,37.500378],[-96.001391,37.500378],[-96.001391,37.500378],[-96.001391,37.500378],[-96.001391,37.500379],[-96.001392,37.500379],[-96.001392,37.500379],[-96.001392,37.500379],[-96.001392,37.500379],[-96.001392,37.500379],[-96.001392,37.500379],[-96.001392,37.500379],[-96.001392,37.500379],[-96.001392,37.500379],[-96.001393,37.500379],[-96.001393,37.500379],[-96.001393,37.500379],[-96.001393,37.500379],[-96.001392,37.500379],[-96.001392,37.500379],[-96.001392,37.500379],[-96.001392,37.500379],[-96.001392,37.500379],[-96.001392,37.500379],[-96.001392,37.500379],[-96.001392,37.500379],[-96.001392,37.500379],[-96.001392,37.50038],[-96.001392,37.50038],[-96.001392,37.50038],[-96.001392,37.50038],[-96.001392,37.50038],[-96.001393,37.50038],[-96.001393,37.50038],[-96.001393,37.50038],[-96.001393,37.50038],[-96.001393,37.50038],[-96.001393,37.50038],[-96.001393,37.500381],[-96.001393,37.500381],[-96.001393,37.500381],[-96.001393,37.500381],[-96.001393,37.500381],[-96.001393,37.500381],[-96.001392,37.500381],[-96.001392,37.500382],[-96.001392,37.500382],[-96.001392,37.500383],[-96.001392,37.500383],[-96.001392,37.500384]]]]},"properties":{"cartodb_id":44,"fid":698,"cessnum":"463b","cessnum_saunt":"463","type":"opened reservation","date_start":"1906-06-21T00:00:00Z","date_end":"2019-12-31T00:00:00Z","doc_open":"Act of June 21, 1906 (34 stat. 325, 367)"}},{"type":"Feature","geometry":{"type":"MultiPolygon","coordinates":[[[[-96.001353,37.500429],[-96.001344,37.500429],[-96.001344,37.500428],[-96.001345,37.500428],[-96.001345,37.500428],[-96.001345,37.500428],[-96.001345,37.500428],[-96.001345,37.500428],[-96.001345,37.500428],[-96.001345,37.500428],[-96.001345,37.500428],[-96.001345,37.500428],[-96.001346,37.500427],[-96.001346,37.500427],[-96.001346,37.500427],[-96.001347,37.500427],[-96.001347,37.500427],[-96.001347,37.500427],[-96.001347,37.500427],[-96.001347,37.500427],[-96.001347,37.500427],[-96.001347,37.500427],[-96.001348,37.500427],[-96.001348,37.500427],[-96.001348,37.500427],[-96.001348,37.500427],[-96.001348,37.500427],[-96.001348,37.500427],[-96.001348,37.500427],[-96.001349,37.500427],[-96.001349,37.500427],[-96.001349,37.500427],[-96.001349,37.500427],[-96.001349,37.500427],[-96.001349,37.500427],[-96.001349,37.500427],[-96.001349,37.500427],[-96.001349,37.500427],[-96.001349,37.500427],[-96.001349,37.500427],[-96.00135,37.500427],[-96.00135,37.500427],[-96.00135,37.500428],[-96.00135,37.500428],[-96.00135,37.500428],[-96.00135,37.500428],[-96.00135,37.500428],[-96.001351,37.500428],[-96.001351,37.500428],[-96.001351,37.500428],[-96.001351,37.500428],[-96.001351,37.500428],[-96.001351,37.500428],[-96.001351,37.500427],[-96.001352,37.500427],[-96.001352,37.500427],[-96.001352,37.500427],[-96.001352,37.500427],[-96.001352,37.500428],[-96.001352,37.500428],[-96.001352,37.500428],[-96.001352,37.500428],[-96.001352,37.500428],[-96.001352,37.500428],[-96.001352,37.500428],[-96.001352,37.500428],[-96.001352,37.500428],[-96.001352,37.500428],[-96.001352,37.500428],[-96.001352,37.500428],[-96.001352,37.500428],[-96.001353,37.500428],[-96.001353,37.500429]]]]},"properties":{"cartodb_id":45,"fid":718,"cessnum":"625b","cessnum_saunt":"625","type":"opened reservation","date_start":"1902-06-19T00:00:00Z","date_end":"2019-12-31T00:00:00Z","doc_open":"Act of June 19, 1902 (32 Stat. 744), Act of May 29, 1908 (35 Stat. 458)"}},{"type":"Feature","geometry":{"type":"MultiPolygon","coordinates":[[[[-96.001146,37.500402],[-96.001146,37.500402],[-96.001146,37.500402],[-96.001146,37.500402],[-96.001146,37.500402],[-96.001146,37.500402],[-96.001146,37.500402],[-96.001146,37.500402],[-96.001146,37.500402],[-96.001146,37.500402],[-96.001147,37.500402],[-96.001147,37.500402],[-96.001147,37.500402],[-96.001147,37.500402],[-96.001147,37.500402],[-96.001147,37.500402],[-96.001147,37.500402],[-96.001147,37.500402],[-96.001147,37.500401],[-96.001147,37.500401],[-96.001147,37.500401],[-96.001147,37.500401],[-96.001147,37.500401],[-96.001147,37.500401],[-96.001147,37.500401],[-96.001147,37.500401],[-96.001147,37.5004],[-96.001147,37.5004],[-96.001147,37.5004],[-96.001147,37.5004],[-96.001148,37.5004],[-96.001148,37.5004],[-96.001148,37.5004],[-96.001148,37.5004],[-96.001148,37.5004],[-96.001148,37.5004],[-96.001148,37.5004],[-96.001148,37.5004],[-96.001148,37.5004],[-96.001148,37.5004],[-96.001148,37.5004],[-96.001149,37.500399],[-96.001149,37.500399],[-96.001149,37.500399],[-96.001149,37.5004],[-96.001149,37.5004],[-96.001149,37.5004],[-96.00115,37.5004],[-96.00115,37.5004],[-96.00115,37.5004],[-96.00115,37.5004],[-96.00115,37.5004],[-96.001151,37.5004],[-96.001151,37.5004],[-96.001151,37.5004],[-96.001151,37.5004],[-96.001151,37.5004],[-96.001151,37.5004],[-96.001151,37.5004],[-96.001151,37.5004],[-96.001151,37.5004],[-96.001151,37.5004],[-96.001151,37.5004],[-96.001152,37.5004],[-96.001152,37.5004],[-96.001152,37.5004],[-96.001152,37.5004],[-96.001152,37.5004],[-96.001152,37.5004],[-96.001152,37.5004],[-96.001152,37.5004],[-96.001153,37.5004],[-96.001153,37.5004],[-96.001153,37.5004],[-96.001153,37.5004],[-96.001153,37.5004],[-96.001153,37.5004],[-96.001153,37.5004],[-96.001153,37.5004],[-96.001154,37.5004],[-96.001154,37.500399],[-96.001154,37.500399],[-96.001154,37.5004],[-96.001154,37.5004],[-96.001154,37.5004],[-96.001154,37.5004],[-96.001154,37.500399],[-96.001155,37.500399],[-96.001155,37.5004],[-96.001155,37.5004],[-96.001155,37.5004],[-96.001155,37.5004],[-96.001155,37.5004],[-96.001155,37.500399],[-96.001155,37.500399],[-96.001155,37.500399],[-96.001155,37.500399],[-96.001156,37.500399],[-96.001156,37.500399],[-96.001156,37.500399],[-96.001156,37.500399],[-96.001156,37.500399],[-96.001156,37.500399],[-96.001156,37.500399],[-96.001156,37.500399],[-96.001156,37.500399],[-96.001157,37.500399],[-96.001157,37.500399],[-96.001157,37.500399],[-96.001157,37.500399],[-96.001157,37.500399],[-96.001157,37.500399],[-96.001157,37.500399],[-96.001157,37.500399],[-96.001157,37.500399],[-96.001157,37.500399],[-96.001158,37.500399],[-96.001158,37.500399],[-96.001158,37.500399],[-96.001158,37.500399],[-96.001158,37.500399],[-96.001158,37.500399],[-96.001158,37.500399],[-96.001158,37.500399],[-96.001159,37.500399],[-96.001159,37.500398],[-96.001159,37.500398],[-96.001159,37.500398],[-96.001159,37.500398],[-96.001159,37.500398],[-96.001159,37.500398],[-96.001159,37.500398],[-96.001159,37.500398],[-96.00116,37.500398],[-96.00116,37.500398],[-96.00116,37.500398],[-96.00116,37.500398],[-96.00116,37.500398],[-96.00116,37.500398],[-96.001161,37.500398],[-96.001161,37.500398],[-96.001161,37.500398],[-96.001161,37.500398],[-96.001161,37.500398],[-96.001162,37.500398],[-96.001162,37.500398],[-96.001162,37.500398],[-96.001162,37.500398],[-96.001162,37.500398],[-96.001162,37.500398],[-96.001162,37.500398],[-96.001162,37.500398],[-96.001162,37.500398],[-96.001162,37.500398],[-96.001162,37.500398],[-96.001162,37.500398],[-96.001163,37.500398],[-96.001163,37.500398],[-96.001163,37.500398],[-96.001163,37.500398],[-96.001163,37.500398],[-96.001163,37.500398],[-96.001163,37.500398],[-96.001163,37.500398],[-96.001163,37.500398],[-96.001164,37.500398],[-96.001164,37.500398],[-96.001164,37.500397],[-96.001164,37.500397],[-96.001164,37.500397],[-96.001164,37.500397],[-96.001164,37.500397],[-96.001164,37.500397],[-96.001165,37.500397],[-96.001165,37.500399],[-96.001165,37.500406],[-96.001146,37.500406],[-96.001146,37.500406],[-96.001146,37.500406],[-96.001146,37.500406],[-96.001146,37.500405],[-96.001146,37.500405],[-96.001146,37.500405],[-96.001146,37.500405],[-96.001146,37.500405],[-96.001146,37.500405],[-96.001146,37.500405],[-96.001146,37.500405],[-96.001146,37.500405],[-96.001146,37.500405],[-96.001146,37.500405],[-96.001146,37.500405],[-96.001146,37.500405],[-96.001146,37.500404],[-96.001146,37.500404],[-96.001146,37.500404],[-96.001146,37.500404],[-96.001146,37.500404],[-96.001146,37.500404],[-96.001146,37.500404],[-96.001146,37.500404],[-96.001145,37.500404],[-96.001146,37.500404],[-96.001146,37.500404],[-96.001146,37.500403],[-96.001146,37.500403],[-96.001146,37.500403],[-96.001146,37.500403],[-96.001146,37.500403],[-96.001146,37.500403],[-96.001146,37.500403],[-96.001146,37.500402],[-96.001146,37.500402],[-96.001146,37.500402],[-96.001146,37.500402],[-96.001146,37.500402]]]]},"properties":{"cartodb_id":46,"fid":730,"cessnum":"703b","cessnum_saunt":"703","type":"opened reservation","date_start":"1908-05-29T00:00:00Z","date_end":"2019-12-31T00:00:00Z","doc_open":"Act of May 29, 1908 (35 Stat. 460)"}},{"type":"Feature","geometry":{"type":"MultiPolygon","coordinates":[[[[-96.001154,37.500392],[-96.001154,37.500391],[-96.001154,37.500392],[-96.001154,37.500391],[-96.001153,37.500391],[-96.001153,37.500391],[-96.001153,37.500391],[-96.001153,37.500391],[-96.001153,37.500391],[-96.001153,37.500391],[-96.001153,37.500391],[-96.001153,37.500391],[-96.001152,37.500391],[-96.001152,37.500391],[-96.001152,37.500391],[-96.001152,37.500391],[-96.001152,37.500391],[-96.001152,37.500391],[-96.001152,37.500391],[-96.001152,37.500391],[-96.001152,37.500391],[-96.001152,37.500391],[-96.001152,37.500391],[-96.001152,37.500391],[-96.001152,37.500391],[-96.001152,37.500391],[-96.001151,37.500391],[-96.001151,37.500391],[-96.001151,37.500391],[-96.001151,37.500391],[-96.001151,37.500391],[-96.001151,37.500391],[-96.001151,37.500391],[-96.001151,37.500391],[-96.001151,37.500391],[-96.00115,37.500391],[-96.00115,37.500391],[-96.00115,37.500391],[-96.00115,37.500391],[-96.00115,37.500391],[-96.00115,37.500391],[-96.00115,37.500391],[-96.001149,37.500391],[-96.00115,37.500391],[-96.001149,37.500391],[-96.001149,37.500391],[-96.001149,37.500391],[-96.001149,37.500391],[-96.001149,37.500391],[-96.001149,37.500391],[-96.001149,37.500391],[-96.001149,37.500391],[-96.001148,37.500391],[-96.001148,37.500391],[-96.001148,37.500391],[-96.001148,37.500391],[-96.001148,37.500391],[-96.001148,37.500391],[-96.001148,37.500391],[-96.001148,37.500391],[-96.001148,37.500391],[-96.001148,37.500391],[-96.001148,37.500391],[-96.001148,37.50039],[-96.001147,37.50039],[-96.001147,37.50039],[-96.001147,37.50039],[-96.001147,37.50039],[-96.001147,37.50039],[-96.001147,37.50039],[-96.001147,37.50039],[-96.001146,37.50039],[-96.001146,37.50039],[-96.001146,37.500391],[-96.001146,37.500391],[-96.001146,37.500391],[-96.001146,37.50039],[-96.001146,37.50039],[-96.001146,37.50039],[-96.001146,37.50039],[-96.001146,37.50039],[-96.001145,37.50039],[-96.001145,37.50039],[-96.001145,37.50039],[-96.001145,37.50039],[-96.001145,37.50039],[-96.001145,37.50039],[-96.001145,37.50039],[-96.001145,37.50039],[-96.001145,37.50039],[-96.001144,37.50039],[-96.001144,37.50039],[-96.001144,37.50039],[-96.001144,37.50039],[-96.001144,37.50039],[-96.001144,37.50039],[-96.001144,37.50039],[-96.001144,37.50039],[-96.001143,37.50039],[-96.001143,37.50039],[-96.001143,37.50039],[-96.001143,37.50039],[-96.001143,37.50039],[-96.001143,37.50039],[-96.001143,37.50039],[-96.001142,37.50039],[-96.001142,37.50039],[-96.001142,37.50039],[-96.001142,37.50039],[-96.001142,37.50039],[-96.001142,37.50039],[-96.001142,37.50039],[-96.001141,37.50039],[-96.001141,37.50039],[-96.001141,37.50039],[-96.001141,37.50039],[-96.001141,37.50039],[-96.001141,37.50039],[-96.001141,37.50039],[-96.001141,37.50039],[-96.001141,37.50039],[-96.001141,37.50039],[-96.00114,37.50039],[-96.00114,37.50039],[-96.00114,37.50039],[-96.00114,37.50039],[-96.00114,37.50039],[-96.00114,37.50039],[-96.00114,37.50039],[-96.00114,37.50039],[-96.00114,37.50039],[-96.00114,37.50039],[-96.00114,37.50039],[-96.00114,37.50039],[-96.001139,37.50039],[-96.001139,37.50039],[-96.001139,37.50039],[-96.001139,37.50039],[-96.001139,37.50039],[-96.001139,37.50039],[-96.001139,37.50039],[-96.001139,37.50039],[-96.001139,37.50039],[-96.001139,37.500391],[-96.001139,37.500391],[-96.001139,37.500391],[-96.001139,37.500391],[-96.001139,37.50039],[-96.001139,37.50039],[-96.001139,37.50039],[-96.001139,37.50039],[-96.001138,37.500391],[-96.001138,37.500391],[-96.001138,37.500391],[-96.001138,37.500391],[-96.001138,37.500391],[-96.001138,37.500391],[-96.001138,37.500391],[-96.001138,37.50039],[-96.001138,37.50039],[-96.001138,37.50039],[-96.001138,37.50039],[-96.001138,37.50039],[-96.001138,37.50039],[-96.001138,37.50039],[-96.001138,37.500391],[-96.001138,37.500391],[-96.001138,37.500391],[-96.001138,37.50039],[-96.001138,37.50039],[-96.001138,37.50039],[-96.001138,37.500391],[-96.001138,37.500391],[-96.001137,37.500391],[-96.001137,37.500391],[-96.001137,37.500391],[-96.001137,37.500391],[-96.001137,37.50039],[-96.001137,37.50039],[-96.001137,37.50039],[-96.001137,37.50039],[-96.001137,37.500391],[-96.001137,37.500391],[-96.001137,37.500391],[-96.001137,37.500391],[-96.001137,37.500391],[-96.001137,37.500391],[-96.001137,37.50039],[-96.001137,37.500389],[-96.001137,37.500388],[-96.001134,37.500388],[-96.001134,37.500388],[-96.001134,37.500388],[-96.001134,37.500388],[-96.001134,37.500388],[-96.001134,37.500388],[-96.001134,37.500388],[-96.001134,37.500388],[-96.001133,37.500388],[-96.001133,37.500388],[-96.001133,37.500388],[-96.001133,37.500388],[-96.001133,37.500387],[-96.001132,37.500387],[-96.001132,37.500387],[-96.001132,37.500387],[-96.001132,37.500387],[-96.001132,37.500387],[-96.001132,37.500387],[-96.001131,37.500386],[-96.001131,37.500386],[-96.001131,37.500386],[-96.001131,37.500386],[-96.00113,37.500386],[-96.00113,37.500386],[-96.00113,37.500386],[-96.00113,37.500384],[-96.001138,37.500384],[-96.00114,37.500384],[-96.001144,37.500384],[-96.001146,37.500384],[-96.001149,37.500384],[-96.00115,37.500384],[-96.001151,37.500384],[-96.001156,37.500384],[-96.001156,37.500387],[-96.001156,37.500391],[-96.001156,37.500391],[-96.001156,37.500391],[-96.001156,37.500391],[-96.001155,37.500391],[-96.001155,37.500391],[-96.001155,37.500391],[-96.001155,37.500391],[-96.001155,37.500391],[-96.001155,37.500391],[-96.001155,37.500391],[-96.001154,37.500392],[-96.001154,37.500392],[-96.001154,37.500392],[-96.001154,37.500392],[-96.001154,37.500392]]]]},"properties":{"cartodb_id":47,"fid":732,"cessnum":"701b","cessnum_saunt":"701","type":"opened reservation","date_start":"1904-04-23T00:00:00Z","date_end":"2019-12-31T00:00:00Z","doc_open":"Act of April 23, 1904 (33 Stat. 254)"}},{"type":"Feature","geometry":{"type":"MultiPolygon","coordinates":[[[[-96.001238,37.500317],[-96.001237,37.500317],[-96.001245,37.500317],[-96.001245,37.500318],[-96.001236,37.500318],[-96.001236,37.500324],[-96.001227,37.500324],[-96.001227,37.500322],[-96.001225,37.500322],[-96.001225,37.500318],[-96.00123,37.500318],[-96.00123,37.500317],[-96.001238,37.500317]]]]},"properties":{"cartodb_id":48,"fid":754,"cessnum":"J24b","cessnum_saunt":"","type":"opened reservation","date_start":"1911-01-11T00:00:00Z","date_end":"2019-12-31T00:00:00Z","doc_open":"Executive Orders Relating to Indian Reservations, vol 1, p. 20, 22"}},{"type":"Feature","geometry":{"type":"MultiPolygon","coordinates":[[[[-96.001156,37.500391],[-96.001156,37.500391],[-96.001156,37.500387],[-96.001156,37.500384],[-96.001166,37.500384],[-96.00117,37.500384],[-96.001172,37.500384],[-96.001176,37.500384],[-96.001176,37.500384],[-96.001176,37.500386],[-96.001176,37.500388],[-96.001176,37.500389],[-96.001176,37.500389],[-96.001176,37.500389],[-96.001176,37.500389],[-96.001176,37.500389],[-96.001176,37.500389],[-96.001176,37.500389],[-96.001176,37.500389],[-96.001176,37.500389],[-96.001175,37.500389],[-96.001175,37.500389],[-96.001175,37.500389],[-96.001175,37.50039],[-96.001175,37.50039],[-96.001175,37.50039],[-96.001175,37.50039],[-96.001175,37.50039],[-96.001175,37.50039],[-96.001174,37.50039],[-96.001174,37.50039],[-96.001174,37.50039],[-96.001174,37.50039],[-96.001174,37.50039],[-96.001174,37.50039],[-96.001174,37.50039],[-96.001174,37.50039],[-96.001173,37.50039],[-96.001167,37.50039],[-96.001167,37.50039],[-96.001167,37.50039],[-96.001167,37.50039],[-96.001167,37.50039],[-96.001167,37.50039],[-96.001166,37.50039],[-96.001166,37.50039],[-96.001166,37.50039],[-96.001166,37.50039],[-96.001166,37.50039],[-96.001166,37.50039],[-96.001166,37.50039],[-96.001166,37.50039],[-96.001166,37.50039],[-96.001166,37.50039],[-96.001165,37.50039],[-96.001165,37.50039],[-96.001165,37.50039],[-96.001165,37.50039],[-96.001165,37.50039],[-96.001165,37.50039],[-96.001165,37.50039],[-96.001164,37.50039],[-96.001164,37.50039],[-96.001164,37.50039],[-96.001164,37.500391],[-96.001164,37.500391],[-96.001164,37.50039],[-96.001164,37.50039],[-96.001164,37.50039],[-96.001163,37.500391],[-96.001163,37.500391],[-96.001163,37.500391],[-96.001163,37.500391],[-96.001163,37.50039],[-96.001163,37.50039],[-96.001163,37.500391],[-96.001163,37.500391],[-96.001162,37.500391],[-96.001162,37.500391],[-96.001162,37.50039],[-96.001162,37.50039],[-96.001162,37.500391],[-96.001162,37.50039],[-96.001162,37.50039],[-96.001161,37.50039],[-96.001161,37.50039],[-96.001161,37.50039],[-96.001161,37.50039],[-96.001161,37.50039],[-96.001161,37.50039],[-96.001161,37.50039],[-96.001161,37.500391],[-96.001161,37.500391],[-96.00116,37.500391],[-96.00116,37.500391],[-96.00116,37.500391],[-96.00116,37.50039],[-96.00116,37.500391],[-96.00116,37.500391],[-96.00116,37.500391],[-96.00116,37.500391],[-96.001159,37.500391],[-96.001159,37.500391],[-96.001159,37.500391],[-96.001159,37.500391],[-96.001159,37.500391],[-96.001159,37.500391],[-96.001159,37.500391],[-96.001159,37.500391],[-96.001159,37.500391],[-96.001159,37.500391],[-96.001159,37.500391],[-96.001158,37.500391],[-96.001158,37.500391],[-96.001158,37.500391],[-96.001158,37.500391],[-96.001158,37.500391],[-96.001158,37.500391],[-96.001158,37.500391],[-96.001157,37.500391],[-96.001157,37.500391],[-96.001157,37.500391],[-96.001157,37.500391],[-96.001157,37.500391],[-96.001157,37.500391],[-96.001157,37.500391],[-96.001157,37.500391],[-96.001156,37.500391],[-96.001156,37.500391],[-96.001156,37.500391],[-96.001156,37.500391],[-96.001156,37.500391]]]]},"properties":{"cartodb_id":49,"fid":755,"cessnum":"733b","cessnum_saunt":"","type":"opened reservation","date_start":"1904-04-23T00:00:00Z","date_end":"2019-12-31T00:00:00Z","doc_open":"Act of April 23, 1904 (33 Stat. 254)"}},{"type":"Feature","geometry":{"type":"MultiPolygon","coordinates":[[[[-96.001335,37.500426],[-96.001335,37.500426],[-96.001335,37.500426],[-96.001335,37.500426],[-96.001334,37.500426],[-96.001334,37.500426],[-96.001334,37.500426],[-96.001334,37.500426],[-96.001334,37.500426],[-96.001334,37.500426],[-96.001334,37.500425],[-96.001334,37.500425],[-96.001334,37.500425],[-96.001334,37.500425],[-96.001334,37.500425],[-96.001333,37.500425],[-96.001333,37.500425],[-96.001333,37.500425],[-96.001333,37.500425],[-96.001332,37.500425],[-96.001331,37.500425],[-96.00133,37.500424],[-96.001329,37.500424],[-96.001329,37.500424],[-96.001329,37.500424],[-96.001331,37.500423],[-96.001332,37.500422],[-96.001333,37.500422],[-96.001335,37.500421],[-96.001336,37.50042],[-96.001336,37.50042],[-96.001336,37.50042],[-96.001336,37.50042],[-96.001336,37.50042],[-96.001336,37.50042],[-96.001336,37.50042],[-96.001336,37.50042],[-96.001336,37.50042],[-96.001336,37.500421],[-96.001336,37.500421],[-96.001337,37.500421],[-96.001337,37.500421],[-96.001337,37.500421],[-96.001337,37.500421],[-96.001337,37.500421],[-96.001337,37.500421],[-96.001337,37.500421],[-96.001337,37.500424],[-96.001337,37.500425],[-96.001336,37.500426],[-96.001336,37.500426],[-96.001336,37.500426],[-96.001336,37.500426],[-96.001336,37.500426],[-96.001336,37.500426],[-96.001335,37.500426],[-96.001335,37.500426],[-96.001335,37.500426],[-96.001335,37.500426],[-96.001335,37.500426],[-96.001335,37.500426],[-96.001335,37.500426]]]]},"properties":{"cartodb_id":50,"fid":766,"cessnum":"552b","cessnum_saunt":"552","type":"opened reservation","date_start":"1906-06-21T00:00:00Z","date_end":"2019-12-31T00:00:00Z","doc_open":"Act of June 21, 1906 (34 Stat. 325, 335, 336)"}}]}