Office,id_10,id_11,id_12,id_13,id_14,id_15,id_16,id_17,id_18,id_19,id_20,id_21,id_22,id_23,id_24,id_25,id_26,id_27,year,,,,
"Chillicothe, OH",57,3638.46,,,,,,,,,,,,,,,,,1863,,,,
"Springfield, IL",3,118.16,,,,,,,,,,,,,,,,,1863,,,,
"Detroit, MI",60,7231.08,,,,,,,,,,,,,,,,,1863,,,,
"East Saginaw, MI",528,65824.55,,,,,,,,,,,,,,,,,1863,,,,
"Ionia, MI",544,66279.29,,,,,,,,,,,,,,,,,1863,,,,
"Marquette, MI",10,1317.4,,,,,,,,,,,,,,,,,1863,,,,
"Traverse City, MI",389,55376,,,,,,,,,,,,,,,,,1863,,,,
"Des Moines, IA",49,3670.51,,,,,,,,,,,,,,,,,1863,,,,
"Council Bluffs, IA",44,3286.83,,,,,,,,,,,,,,,,,1863,,,,
"Fort Dodge, IA",60,7993.58,,,,,,,,,,,,,,,,,1863,,,,
"Sioux City, IA",31,4613.26,,,,,,,,,,,,,,,,,1863,,,,
"Menasha, WI",130,12458.02,,,,,,,,,,,,,,,,,1863,,,,
"St. Croix Falls, WI",143,14779.54,,,,,,,,,,,,,,,,,1863,,,,
"Stevens Point, WI",121,10732.97,,,,,,,,,,,,,,,,,1863,,,,
"La Crosse, WI",1045,98087.2,,,,,,,,,,,,,,,,,1863,,,,
"Bayfield, WI",11,1313.18,,,,,,,,,,,,,,,,,1863,,,,
"Eau Claire, WI",226,27293.79,,,,,,,,,,,,,,,,,1863,,,,
"Taylors Falls, MN",66,9018.01,,,,,,,,,,,,,,,,,1863,,,,
"St. Cloud, MN",345,46093.15,,,,,,,,,,,,,,,,,1863,,,,
"Winnebago, MN",642,86882.58,,,,,,,,,,,,,,,,,1863,,,,
"Minneapolis, MN",400,39325.45,,,,,,,,,,,,,,,,,1863,,,,
"St. Peter, MN",490,52818.9,,,,,,,,,,,,,,,,,1863,,,,
"Henderson, MN",340,41308.88,,,,,,,,,,,,,,,,,1863,,,,
"Duluth, MN",13,1942.92,,,,,,,,,,,,,,,,,1863,,,,
"San Francisco, CA",84,13445.48,,,,,,,,,,,,,,,,,1863,,,,
"Marysville, CA",94,14858.38,,,,,,,,,,,,,,,,,1863,,,,
"Humboldt, CA",4,509.71,,,,,,,,,,,,,,,,,1863,,,,
"Stockton, CA",76,11908.98,,,,,,,,,,,,,,,,,1863,,,,
"Visalia, CA",85,12702.69,,,,,,,,,,,,,,,,,1863,,,,
"Oregon City, OR",95,13133.49,,,,,,,,,,,,,,,,,1863,,,,
"Roseburg, OR",105,15589.76,,,,,,,,,,,,,,,,,1863,,,,
"Olympia, WA",228,35134,,,,,,,,,,,,,,,,,1863,,,,
"Vancouver, WA",113,17782.25,,,,,,,,,,,,,,,,,1863,,,,
"Topeka, KS",409,60422.36,,,,,,,,,,,,,,,,,1863,,,,
"Atchison, KS",57,6831.7,,,,,,,,,,,,,,,,,1863,,,,
"Humboldt, KS",392,59922.42,,,,,,,,,,,,,,,,,1863,,,,
"Junction City, KS",291,42144.91,,,,,,,,,,,,,,,,,1863,,,,
"Omaha, NE",81,11949.48,,,,,,,,,,,,,,,,,1863,,,,
"Brownville, NE",127,17911.99,,,,,,,,,,,,,,,,,1863,,,,
"Nebraska City, NE",100,15441.27,,,,,,,,,,,,,,,,,1863,,,,
"Dakota City, NE",37,5469.84,,,,,,,,,,,,,,,,,1863,,,,
"Vermillion, SD",75,11847.43,,,,,,,,,,,,,,,,,1863,,,,
"Boonville, MO",20,1400,,,,,,,,,,,,,,,,,1863,,,,
"Chillicothe, OH",6,443.55,,,,,,,,,,,,,,,,,1864,,,,
"Boonville, MO",210,21934.92,,,,,,,,,,,,,,,,,1864,,,,
"Ironton, MO",6,688,,,,,,,,,,,,,,,,,1864,,,,
"Detroit, MI",91,11070.79,,,,,,,,,,,,,,,,,1864,,,,
"East Saginaw, MI",288,35373.76,,,,,,,,,,,,,,,,,1864,,,,
"Ionia, MI",545,65344.29,,,,,,,,,,,,,,,,,1864,,,,
"Marquette, MI",80,11604.3,,,,,,,,,,,,,,,,,1864,,,,
"Traverse City, MI",570,84383.41,,,,,,,,,,,,,,,,,1864,,,,
"Des Moines, IA",53,3700.61,,,,,,,,,,,,,,,,,1864,,,,
"Council Bluffs, IA",108,8508.88,,,,,,,,,,,,,,,,,1864,,,,
"Fort Dodge, IA",84,12119.79,,,,,,,,,,,,,,,,,1864,,,,
"Sioux City, IA",40,5432.74,,,,,,,,,,,,,,,,,1864,,,,
"Menasha, WI",117,10652.96,,,,,,,,,,,,,,,,,1864,,,,
"St. Croix Falls, WI",131,14387.15,,,,,,,,,,,,,,,,,1864,,,,
"Stevens Point, WI",83,7497.74,,,,,,,,,,,,,,,,,1864,,,,
"La Crosse, WI",567,54898.52,,,,,,,,,,,,,,,,,1864,,,,
"Bayfield, WI",11,1660.55,,,,,,,,,,,,,,,,,1864,,,,
"Eau Claire, WI",162,21641.21,,,,,,,,,,,,,,,,,1864,,,,
"Taylors Falls, MN",71,9991.43,,,,,,,,,,,,,,,,,1864,,,,
"St. Cloud, MN",278,39350.91,,,,,,,,,,,,,,,,,1864,,,,
"Winnebago, MN",1462,208767.37,,,,,,,,,,,,,,,,,1864,,,,
"Minneapolis, MN",414,48626.6,,,,,,,,,,,,,,,,,1864,,,,
"St. Peter, MN",1033,120002.33,,,,,,,,,,,,,,,,,1864,,,,
"Duluth, MN",10,1546.01,,,,,,,,,,,,,,,,,1864,,,,
"San Francisco, CA",253,38676.15,,,,,,,,,,,,,,,,,1864,,,,
"Marysville, CA",108,16841.64,,,,,,,,,,,,,,,,,1864,,,,
"Humboldt, CA",6,879.22,,,,,,,,,,,,,,,,,1864,,,,
"Stockton, CA",88,13602.08,,,,,,,,,,,,,,,,,1864,,,,
"Visalia, CA",38,6080.35,,,,,,,,,,,,,,,,,1864,,,,
"Oregon City, OR",77,11200.16,,,,,,,,,,,,,,,,,1864,,,,
"Roseburg, OR",65,9943.86,,,,,,,,,,,,,,,,,1864,,,,
"Olympia, WA",205,31491.34,,,,,,,,,,,,,,,,,1864,,,,
"Vancouver, WA",252,38303.03,,,,,,,,,,,,,,,,,1864,,,,
"Topeka, KS",258,36718.97,,,,,,,,,,,,,,,,,1864,,,,
"Atchison, KS",20,2516.23,,,,,,,,,,,,,,,,,1864,,,,
"Humboldt, KS",149,22579.44,,,,,,,,,,,,,,,,,1864,,,,
"Junction City, KS",268,36795.76,,,,,,,,,,,,,,,,,1864,,,,
"Omaha, NE",273,40774.15,,,,,,,,,,,,,,,,,1864,,,,
"Brownville, NE",264,39264.62,,,,,,,,,,,,,,,,,1864,,,,
"Nebraska City, NE",194,30538.3,,,,,,,,,,,,,,,,,1864,,,,
"Dakota City, NE",28,4220.54,,,,,,,,,,,,,,,,,1864,,,,
"Golden, CO",304,45224.8,,,,,,,,,,,,,,,,,1864,,,,
"Vermillion, SD",111,17669.57,,,,,,,,,,,,,,,,,1864,,,,
"Carson City, NV",43,6452.13,,,,,,,,,,,,,,,,,1864,,,,
"Chillicothe, OH",2,118.91,,,,,,,,,,,,,,,,,1865,,,,
"Springfield, IL",2,74.25,,,,,,,,,,,,,,,,,1865,,,,
"Boonville, MO",709,59645.22,,,,,,,,,,,,,,,,,1865,,,,
"Ironton, MO",81,7296.2,,,,,,,,,,,,,,,,,1865,,,,
"Detroit, MI",54,6263.46,,,,,,,,,,,,,,,,,1865,,,,
"East Saginaw, MI",108,12864.15,,,,,,,,,,,,,,,,,1865,,,,
"Ionia, MI",279,32256.05,,,,,,,,,,,,,,,,,1865,,,,
"Marquette, MI",25,3210.8,,,,,,,,,,,,,,,,,1865,,,,
"Traverse City, MI",275,40361.91,,,,,,,,,,,,,,,,,1865,,,,
"Des Moines, IA",87,6559.74,,,,,,,,,,,,,,,,,1865,,,,
"Council Bluffs, IA",155,12192.34,,,,,,,,,,,,,,,,,1865,,,,
"Fort Dodge, IA",296,40017.71,,,,,,,,,,,,,,,,,1865,,,,
"Sioux City, IA",44,5873.21,,,,,,,,,,,,,,,,,1865,,,,
"Menasha, WI",47,3600.95,,,,,,,,,,,,,,,,,1865,,,,
"St. Croix Falls, WI",177,20180.22,,,,,,,,,,,,,,,,,1865,,,,
"Stevens Point, WI",36,3090.05,,,,,,,,,,,,,,,,,1865,,,,
"La Crosse, WI",358,36881.87,,,,,,,,,,,,,,,,,1865,,,,
"Bayfield, WI",11,1598.29,,,,,,,,,,,,,,,,,1865,,,,
"Eau Claire, WI",102,12597.23,,,,,,,,,,,,,,,,,1865,,,,
"Taylors Falls, MN",31,4514.24,,,,,,,,,,,,,,,,,1865,,,,
"St. Cloud, MN",925,143361.22,,,,,,,,,,,,,,,,,1865,,,,
"Winnebago, MN",1158,171254.87,,,,,,,,,,,,,,,,,1865,,,,
"Minneapolis, MN",1167,128588.99,,,,,,,,,,,,,,,,,1865,,,,
"St. Peter, MN",687,83346.71,,,,,,,,,,,,,,,,,1865,,,,
"Henderson, MN",,,,,,,,,,,,,,,,,,,1865,,,,
"Duluth, MN",1,159.8,,,,,,,,,,,,,,,,,1865,,,,
"San Francisco, CA",50,7778.72,,,,,,,,,,,,,,,,,1865,,,,
"Marysville, CA",85,13050.05,,,,,,,,,,,,,,,,,1865,,,,
"Humboldt, CA",16,2432.4,,,,,,,,,,,,,,,,,1865,,,,
"Stockton, CA",62,9408.19,,,,,,,,,,,,,,,,,1865,,,,
"Visalia, CA",52,7902.32,,,,,,,,,,,,,,,,,1865,,,,
"Oregon City, OR",112,25948.8,,,,,,,,,,,,,,,,,1865,,,,
"Roseburg, OR",89,13478.38,,,,,,,,,,,,,,,,,1865,,,,
"Olympia, WA",99,16977.01,,,,,,,,,,,,,,,,,1865,,,,
"Vancouver, WA",112,17599.98,,,,,,,,,,,,,,,,,1865,,,,
"Topeka, KS",64,8336.76,,,,,,,,,,,,,,,,,1865,,,,
"Atchison, KS",,,,,,,,,,,,,,,,,,,1865,,,,
"Humboldt, KS",182,26462.4,,,,,,,,,,,,,,,,,1865,,,,
"Junction City, KS",147,18173.17,,,,,,,,,,,,,,,,,1865,,,,
"Omaha, NE",275,34328.8,,,,,,,,,,,,,,,,,1865,,,,
"Brownville, NE",257,37636.05,,,,,,,,,,,,,,,,,1865,,,,
"Nebraska City, NE",267,39854.21,,,,,,,,,,,,,,,,,1865,,,,
"Dakota City, NE",22,3051.4,,,,,,,,,,,,,,,,,1865,,,,
"Denver, CO",157,24197.99,,,,,,,,,,,,,,,,,1865,,,,
"Vermillion, SD",54,9311.5,,,,,,,,,,,,,,,,,1865,,,,
"Carson City, NV",1,40,,,,,,,,,,,,,,,,,1865,,,,
"Chillicothe, OH",15,883.39,,,,,,,,,,,,,,,,,1866,,,,
"Springfield, IL",2,79.62,,,,,,,,,,,,,,,,,1866,,,,
"Boonville, MO",2912,285781.9,,,,,,,,,,,,,,,,,1866,,,,
"Ironton, MO",282,29633.23,,,,,,,,,,,,,,,,,1866,,,,
"Montgomery, AL",4,634.22,,,,,,,,,,,,,,,,,1866,,,,
"Detroit, MI",163,20905.76,,,,,,,,,,,,,,,,,1866,,,,
"East Saginaw, MI",359,43974.65,,,,,,,,,,,,,,,,,1866,,,,
"Ionia, MI",933,100340.9,,,,,,,,,,,,,,,,,1866,,,,
"Marquette, MI",7,878.05,,,,,,,,,,,,,,,,,1866,,,,
"Traverse City, MI",670,99348.67,,,,,,,,,,,,,,,,,1866,,,,
"Des Moines, IA",40,3417.88,,,,,,,,,,,,,,,,,1866,,,,
"Council Bluffs, IA",3,400,,,,,,,,,,,,,,,,,1866,,,,
"Fort Dodge, IA",765,79352.77,,,,,,,,,,,,,,,,,1866,,,,
"Sioux City, IA",179,22787.37,,,,,,,,,,,,,,,,,1866,,,,
"Menasha, WI",90,8611.99,,,,,,,,,,,,,,,,,1866,,,,
"St. Croix Falls, WI",319,31096.32,,,,,,,,,,,,,,,,,1866,,,,
"Stevens Point, WI",72,6411.33,,,,,,,,,,,,,,,,,1866,,,,
"La Crosse, WI",582,59183.89,,,,,,,,,,,,,,,,,1866,,,,
"Bayfield, WI",4,617.5,,,,,,,,,,,,,,,,,1866,,,,
"Eau Claire, WI",178,23604.46,,,,,,,,,,,,,,,,,1866,,,,
"Taylors Falls, MN",94,12763.6,,,,,,,,,,,,,,,,,1866,,,,
"St. Cloud, MN",1263,180394.8,,,,,,,,,,,,,,,,,1866,,,,
"Winnebago, MN",1099,155735.27,,,,,,,,,,,,,,,,,1866,,,,
"Minneapolis, MN",424,35094.21,,,,,,,,,,,,,,,,,1866,,,,
"St. Peter, MN",900,105867.05,,,,,,,,,,,,,,,,,1866,,,,
"Henderson, MN",,,,,,,,,,,,,,,,,,,1866,,,,
"Duluth, MN",1,145.3,,,,,,,,,,,,,,,,,1866,,,,
"San Francisco, CA",697,19912.25,,,,,,,,,,,,,,,,,1866,,,,
"Marysville, CA",56,7362.81,,,,,,,,,,,,,,,,,1866,,,,
"Humboldt, CA",13,2059.41,,,,,,,,,,,,,,,,,1866,,,,
"Stockton, CA",155,23556.14,,,,,,,,,,,,,,,,,1866,,,,
"Visalia, CA",84,12340.51,,,,,,,,,,,,,,,,,1866,,,,
"Oregon City, OR",337,49042.24,,,,,,,,,,,,,,,,,1866,,,,
"Roseburg, OR",145,21929.85,,,,,,,,,,,,,,,,,1866,,,,
"Olympia, WA",75,11587.05,,,,,,,,,,,,,,,,,1866,,,,
"Vancouver, WA",133,20959.74,,,,,,,,,,,,,,,,,1866,,,,
"Topeka, KS",237,26546.94,,,,,,,,,,,,,,,,,1866,,,,
"Humboldt, KS",317,42584.88,,,,,,,,,,,,,,,,,1866,,,,
"Junction City, KS",653,77757,,,,,,,,,,,,,,,,,1866,,,,
"Omaha, NE",364,38898.71,,,,,,,,,,,,,,,,,1866,,,,
"Brownville, NE",615,95055.31,,,,,,,,,,,,,,,,,1866,,,,
"Nebraska City, NE",413,59559.09,,,,,,,,,,,,,,,,,1866,,,,
"Dakota City, NE",71,10588.15,,,,,,,,,,,,,,,,,1866,,,,
"Denver, CO",208,31265.14,,,,,,,,,,,,,,,,,1866,,,,
"Vermillion, SD",153,24127.94,,,,,,,,,,,,,,,,,1866,,,,
"Carson City, NV",,,,,,,,,,,,,,,,,,,1866,,,,
"Chillicothe, OH",3,315,,,,,,,,,,,,,,,,,1867,,,,
"Springfield, IL",,,,,,,,,,,,,,,,,,,1867,,,,
"Boonville, MO",1083,103180.13,,,,,,,,,,,,,,,,,1867,,,,
"Ironton, MO",408,50105.03,,,,,,,,,,,,,,,,,1867,,,,
"Springfield, MO",536,51558.75,,,,,,,,,,,,,,,,,1867,,,,
"Montgomery, AL",45,3405.07,,,,,,,,,,,,,,,,,1867,,,,
"Huntsville, AL",569,43808.17,,,,,,,,,,,,,,,,,1867,,,,
"Jackson, MS",555,31344.65,,,,,,,,,,,,,,,,,1867,,,,
"New Orleans, LA",260,19845.24,,,,,,,,,,,,,,,,,1867,,,,
"Detroit, MI",90,12110.39,,,,,,,,,,,,,,,,,1867,,,,
"East Saginaw, MI",258,32160.31,,,,,,,,,,,,,,,,,1867,,,,
"Ionia, MI",685,74710.69,,,,,,,,,,,,,,,,,1867,,,,
"Marquette, MI",5,693.1,,,,,,,,,,,,,,,,,1867,,,,
"Traverse City, MI",609,84558.85,,,,,,,,,,,,,,,,,1867,,,,
"Little Rock, AR",835,50418.81,,,,,,,,,,,,,,,,,1867,,,,
"Tallahassee, FL",1786,112192.86,,,,,,,,,,,,,,,,,1867,,,,
"Des Moines, IA",56,4609.14,,,,,,,,,,,,,,,,,1867,,,,
"Council Bluffs, IA",77,5775.93,,,,,,,,,,,,,,,,,1867,,,,
"Fort Dodge, IA",313,30462.65,,,,,,,,,,,,,,,,,1867,,,,
"Sioux City, IA",278,30875.55,,,,,,,,,,,,,,,,,1867,,,,
"Menasha, WI",66,5987.39,,,,,,,,,,,,,,,,,1867,,,,
"St. Croix Falls, WI",347,32188.25,,,,,,,,,,,,,,,,,1867,,,,
"Stevens Point, WI",104,7616.23,,,,,,,,,,,,,,,,,1867,,,,
"La Crosse, WI",610,73356.42,,,,,,,,,,,,,,,,,1867,,,,
"Bayfield, WI",,,,,,,,,,,,,,,,,,,1867,,,,
"Eau Claire, WI",166,19952.4,,,,,,,,,,,,,,,,,1867,,,,
"Taylors Falls, MN",328,40307.25,,,,,,,,,,,,,,,,,1867,,,,
"St. Cloud, MN",1128,149654.83,,,,,,,,,,,,,,,,,1867,,,,
"Winnebago, MN",554,62227.31,,,,,,,,,,,,,,,,,1867,,,,
"Greenleaf, MN",456,37424.88,,,,,,,,,,,,,,,,,1867,,,,
"St. Peter, MN",491,48357.78,,,,,,,,,,,,,,,,,1867,,,,
"Henderson, MN",,,,,,,,,,,,,,,,,,,1867,,,,
"Duluth, MN",3,320,,,,,,,,,,,,,,,,,1867,,,,
"San Francisco, CA",66,8417.06,,,,,,,,,,,,,,,,,1867,,,,
"Marysville, CA",72,10639.78,,,,,,,,,,,,,,,,,1867,,,,
"Humboldt, CA",22,3336.26,,,,,,,,,,,,,,,,,1867,,,,
"Stockton, CA",66,9677.22,,,,,,,,,,,,,,,,,1867,,,,
"Visalia, CA",83,12190.33,,,,,,,,,,,,,,,,,1867,,,,
"Oregon City, OR",253,36091.57,,,,,,,,,,,,,,,,,1867,,,,
"Roseburg, OR",267,36331.55,,,,,,,,,,,,,,,,,1867,,,,
"Olympia, WA",47,7487.53,,,,,,,,,,,,,,,,,1867,,,,
"Vancouver, WA",150,22734.59,,,4,491.7,,,,,,,,,,,,,1867,,,,
"Topeka, KS",269,26367.32,,,,,,,,,,,,,,,,,1867,,,,
"Humboldt, KS",361,41461.06,,,,,,,,,,,,,,,,,1867,,,,
"Junction City, KS",687,85271.35,,,,,,,,,,,,,,,,,1867,,,,
"Omaha, NE",491,60498.96,,,,,,,,,,,,,,,,,1867,,,,
"Brownville, NE",596,90938.94,,,,,,,,,,,,,,,,,1867,,,,
"Nebraska City, NE",404,51059.1,,,,,,,,,,,,,,,,,1867,,,,
"Dakota City, NE",110,16723.78,,,,,,,,,,,,,,,,,1867,,,,
"Denver, CO",127,18315.91,,,,,,,,,,,,,,,,,1867,,,,
"Vermillion, SD",187,29555.2,,,,,,,,,,,,,,,,,1867,,,,
"Carson City, NV",5,600,,,,,,,,,,,,,,,,,1867,,,,
"Chillicothe, OH",7,447.45,3,200,,,,,,,,,,,,,,,1868,,,,
"Springfield, IL",,,,,,,,,,,,,,,,,,,1868,,,,
"Boonville, MO",818,62265.43,,,,,,,,,,,,,,,,,1868,,,,
"Ironton, MO",717,75970.25,,,,,,,,,,,,,,,,,1868,,,,
"Springfield, MO",982,99827.21,,,,,,,,,,,,,,,,,1868,,,,
"Montgomery, AL",,,,,,,,,,,,,,,,,,,1868,,,,
"Huntsville, AL",1646,124085.24,,,,,,,,,,,,,,,,,1868,,,,
"Jackson, MS",1602,102824.45,,,,,,,,,,,,,,,,,1868,,,,
"New Orleans, LA",,,,,,,,,,,,,,,,,,,1868,,,,
"Detroit, MI",109,12963.29,7,960,,,,,,,,,,,,,,,1868,,,,
"East Saginaw, MI",330,39165.27,99,11122.05,,,,,,,,,,,,,,,1868,,,,
"Ionia, MI",745,71766.27,216,26823.81,,,,,,,,,,,,,,,1868,,,,
"Marquette, MI",30,4469.25,2,280,,,,,,,,,,,,,,,1868,,,,
"Traverse City, MI",653,75218.29,160,22208.86,,,,,,,,,,,,,,,1868,,,,
"Little Rock, AR",650,42186.81,,,,,,,,,,,,,,,,,1868,,,,
"Washington, AR",992,66250.34,,,,,,,,,,,,,,,,,1868,,,,
"Clarksville, AR",1188,74836.21,,,,,,,,,,,,,,,,,1868,,,,
"Tallahassee, FL",1781,115937.81,,,,,,,,,,,,,,,,,1868,,,,
"Des Moines, IA",37,1950.32,21,1442.52,,,,,,,,,,,,,,,1868,,,,
"Council Bluffs, IA",55,4011.2,22,1710.27,,,,,,,,,,,,,,,1868,,,,
"Fort Dodge, IA",285,25357.8,29,3486.84,,,,,,,,,,,,,,,1868,,,,
"Sioux City, IA",410,40486.08,10,1593.5,,,,,,,,,,,,,,,1868,,,,
"Menasha, WI",91,9006.47,26,2768.98,,,,,,,,,,,,,,,1868,,,,
"St. Croix Falls, WI",339,32821.21,57,6322.71,,,,,,,,,,,,,,,1868,,,,
"Stevens Point, WI",187,14111.2,28,2981.33,,,,,,,,,,,,,,,1868,,,,
"La Crosse, WI",668,74513.04,307,29997.9,,,,,,,,,,,,,,,1868,,,,
"Bayfield, WI",1,160,,,,,,,,,,,,,,,,,1868,,,,
"Eau Claire, WI",199,24375.34,94,10020.47,,,,,,,,,,,,,,,1868,,,,
"Taylors Falls, MN",278,31044.71,26,3572.61,,,,,,,,,,,,,,,1868,,,,
"St. Cloud, MN",1268,179667.61,147,20326.15,,,,,,,,,,,,,,,1868,,,,
"Winnebago, MN",416,39703.13,133,18614.79,,,,,,,,,,,,,,,1868,,,,
"Greenleaf, MN",445,36539.95,181,17719.71,,,,,,,,,,,,,,,1868,,,,
"St. Peter, MN",535,51400.06,420,52514.73,,,,,,,,,,,,,,,1868,,,,
"Henderson, MN",,,,,,,,,,,,,,,,,,,1868,,,,
"Duluth, MN",5,472.07,6,838.53,,,,,,,,,,,,,,,1868,,,,
"San Francisco, CA",59,8666.03,29,4599.11,,,,,,,,,,,,,,,1868,,,,
"Marysville, CA",220,33717.83,28,4377.68,,,,,,,,,,,,,,,1868,,,,
"Humboldt, CA",18,2635.8,1,160,,,,,,,,,,,,,,,1868,,,,
"Stockton, CA",145,21218.05,11,1775.04,,,,,,,,,,,,,,,1868,,,,
"Visalia, CA",81,9243.71,10,1373.67,,,,,,,,,,,,,,,1868,,,,
"Sacramento, CA",3,194.8,,,,,,,,,,,,,,,,,1868,,,,
"Oregon City, OR",219,29002.55,10,1476.65,,,,,,,,,,,,,,,1868,,,,
"Roseburg, OR",200,29357.2,17,2591.57,,,,,,,,,,,,,,,1868,,,,
"La Grande, OR",140,20590.17,,,,,,,,,,,,,,,,,1868,,,,
"Olympia, WA",65,9984.58,29,4432.1,3,,,,,,,,,,,,,,1868,,,,
"Vancouver, WA",106,16230.15,30,4727.81,,,,,,,,,,,,,,,1868,,,,
"Topeka, KS",344,28593.56,186,27701.47,,,,,,,,,,,,,,,1868,,,,
"Humboldt, KS",452,51174.14,168,25550.79,,,,,,,,,,,,,,,1868,,,,
"Junction City, KS",695,86208.01,102,15162.99,,,,,,,,,,,,,,,1868,,,,
"Omaha, NE",975,107435.45,48,7091.94,,,,,,,,,,,,,,,1868,,,,
"Brownville, NE",824,119074.91,39,5604.8,,,,,,,,,,,,,,,1868,,,,
"Nebraska City, NE",694,60114.06,32,5065.71,,,,,,,,,,,,,,,1868,,,,
"Dakota City, NE",248,39852.51,20,2941.82,,,,,,,,,,,,,,,1868,,,,
"Denver, CO",59,6754.69,,,,,,,,,,,,,,,,,1868,,,,
"Vermillion, SD",612,96547.98,29,4602.36,,,,,,,,,,,,,,,1868,,,,
"Carson City, NV",8,1028.58,,,,,,,,,,,,,,,,,1868,,,,
"Austin, NV",2,320,,,,,,,,,,,,,,,,,1868,,,,
"Boise, ID",43,6187.67,,,,,,,,,,,,,,,,,1868,,,,
"Chillicothe, OH",14,890.81,13,1007.19,,,,,,,,,,,,,,,1869,,,,
"Springfield, IL",,,,,,,,,,,,,,,,,,,1869,,,,
"Boonville, MO",982,88141.1,21,1974.38,,,,,,,,,,,,,,,1869,,,,
"Ironton, MO",676,71743.3,,,,,,,,,,,,,,,,,1869,,,,
"Springfield, MO",1064,100859.85,,,,,,,,,,,,,,,,,1869,,,,
"Montgomery, AL",1587,150547.21,,,,,,,,,,,,,,,,,1869,,,,
"Huntsville, AL",616,58357.13,,,,,,,,,,,,,,,,,1869,,,,
"Jackson, MS",917,79009.31,,,,,,,,,,,,,,,,,1869,,,,
"New Orleans, LA",582,63041.77,,,,,,,,,,,,,,,,,1869,,,,
"Detroit, MI",101,12233.34,39,4947.78,,,,,,,,,,,,,,,1869,,,,
"East Saginaw, MI",335,37385.51,94,10748.83,,,,,,,,,,,,,,,1869,,,,
"Ionia, MI",587,52566.57,272,31208.17,,,,,,,,,,,,,,,1869,,,,
"Marquette, MI",35,5119.14,17,2408.17,,,,,,,,,,,,,,,1869,,,,
"Traverse City, MI",467,46427.12,209,28751.22,,,,,,,,,,,,,,,1869,,,,
"Little Rock, AR",336,27859.74,,,,,,,,,,,,,,,,,1869,,,,
"Washington, AR",544,53281.06,,,,,,,,,,,,,,,,,1869,,,,
"Clarksville, AR",1325,115377,,,,,,,,,,,,,,,,,1869,,,,
"Tallahassee, FL",744,75270.87,,,,,,,,,,,,,,,,,1869,,,,
"Des Moines, IA",18,1071.36,17,1096.53,,,,,,,,,,,,,,,1869,,,,
"Council Bluffs, IA",36,2877.77,37,3013.42,,,,,,,,,,,,,,,1869,,,,
"Fort Dodge, IA",496,40069.32,46,6399.42,,,,,,,,,,,,,,,1869,,,,
"Sioux City, IA",1191,117612.3,16,2141.61,,,,,,,,,,,,,,,1869,,,,
"Menasha, WI",105,12658.02,64,6339.06,,,,,,,,,,,,,,,1869,,,,
"St. Croix Falls, WI",303,33135.1,73,8295.88,,,,,,,,,,,,,,,1869,,,,
"Stevens Point, WI",146,12871.21,53,4550.75,,,,,,,,,,,,,,,1869,,,,
"La Crosse, WI",625,70763.87,302,30307.69,,,,,,,,,,,,,,,1869,,,,
"Bayfield, WI",1,134.08,,,,,,,,,,,,,,,,,1869,,,,
"Eau Claire, WI",288,35007.88,75,9268.14,,,,,,,,,,,,,,,1869,,,,
"Taylors Falls, MN",280,29620.74,44,6512.93,,,,,,,,,,,,,,,1869,,,,
"St. Cloud, MN",852,118636.01,121,17013.05,,,,,,,,,,,,,,,1869,,,,
"Winnebago, MN",536,52795.38,524,70934.17,,,,,,,,,,,,,,,1869,,,,
"Greenleaf, MN",554,48849.64,213,23060.92,,,,,,,,,,,,,,,1869,,,,
"St. Peter, MN",850,92742.44,443,46712.89,,,,,,,,,,,,,,,1869,,,,
"Alexandria, MN",297,44745.25,1,160,,,,,,,,,,,,,,,1869,,,,
"Duluth, MN",16,1896.49,3,480,,,,,,,,,,,,,,,1869,,,,
"San Francisco, CA",101,15910.84,132,20858.13,,,,,,,,,,,,,,,1869,,,,
"Marysville, CA",62,8015.67,64,9882.13,,,,,,,,,,,,,,,1869,,,,
"Humboldt, CA",52,7080.06,1,160,,,,,,,,,,,,,,,1869,,,,
"Stockton, CA",132,19701.51,10,1600,,,,,,,,,,,,,,,1869,,,,
"Visalia, CA",60,7421.34,20,3404.4,,,,,,,,,,,,,,,1869,,,,
"Sacramento, CA",21,1537.32,18,2822.04,,,,,,,,,,,,,,,1869,,,,
"Oregon City, OR",192,27619.17,29,4273.89,,,,,,,,,,,,,,,1869,,,,
"Roseburg, OR",215,32164.76,32,4911.89,,,,,,,,,,,,,,,1869,,,,
"La Grande, OR",77,11112.11,2,320,,,,,,,,,,,,,,,1869,,,,
"Olympia, WA",165,25664.65,125,19211.58,,,,,,,,,,,,,,,1869,,,,
"Vancouver, WA",129,19902.8,100,15818.44,,,,,,,,,,,,,,,1869,,,,
"Topeka, KS",387,32489.15,196,28840.87,,,,,,,,,,,,,,,1869,,,,
"Humboldt, KS",293,31183.84,92,14011.1,,,,,,,,,,,,,,,1869,,,,
"Junction City, KS",1136,165464.22,106,15667.68,,,,,,,,,,,,,,,1869,,,,
"Omaha, NE",1150,105693.89,117,17259.49,,,,,,,,,,,,,,,1869,,,,
"Beatrice, NE",768,79593.04,94,14029.81,,,,,,,,,,,,,,,1869,,,,
"Lincoln, NE",1483,120369.13,56,8778.78,,,,,,,,,,,,,,,1869,,,,
"Dakota City, NE",476,74383.94,7,1120,,,,,,,,,,,,,,,1869,,,,
"Nebraska City, NE",,,7,1029.43,,,,,,,,,,,,,,,1869,,,,
"Santa Fe, NM",6,938.23,,,,,,,,,,,,,,,,,1869,,,,
"Denver, CO",61,5449.49,57,8837.48,,,,,,,,,,,,,,,1869,,,,
"Central City, CO",7,560,,,,,,,,,,,,,,,,,1869,,,,
"Vermillion, SD",523,81242.05,28,4391.95,,,,,,,,,,,,,,,1869,,,,
"Carson City, NV",7,1100.01,,,,,,,,,,,,,,,,,1869,,,,
"Austin, NV",8,1280,,,,,,,,,,,,,,,,,1869,,,,
"Boise, ID",53,7171.55,,,,,,,,,,,,,,,,,1869,,,,
"Helena, MT",48,7632.28,,,,,,,,,,,,,,,,,1869,,,,
"Salt Lake City, UT",661,96764.65,,,,,,,,,,,,,,,,,1869,,,,
"Chillicothe, OH",6,439.26,10,599.11,,,,,,,,,,,,,,,1870,,,,
"Springfield, IL",,,2,78.16,,,,,,,,,,,,,,,1870,,,,
"Boonville, MO",1362,107471.54,99,7935.51,,,,,,,,,,,,,,,1870,,,,
"Ironton, MO",972,105873.77,4,298.21,,,,,,,,,,,,,,,1870,,,,
"Springfield, MO",1700,188916.58,63,5509.95,,,,,,,,,,,,,,,1870,,,,
"Montgomery, AL",1691,154042.19,,,,,,,,,,,,,,,,,1870,,,,
"Huntsville, AL",468,44330.35,,,,,,,,,,,,,,,,,1870,,,,
"Mobile, AL",416,45800.86,,,,,,,,,,,,,,,,,1870,,,,
"Jackson, MS",1109,100805.64,,,,,,,,,,,,,,,,,1870,,,,
"New Orleans, LA",711,90510.16,,,,,,,,,,,,,,,,,1870,,,,
"Detroit, MI",150,20461.31,26,2640,,,,,,,,,,,,,,,1870,,,,
"East Saginaw, MI",232,26087.76,61,7064.53,,,,,,,,,,,,,,,1870,,,,
"Ionia, MI",1085,42589.32,156,17246.46,,,,,,,,,,,,,,,1870,,,,
"Marquette, MI",20,3106.84,12,1767.58,,,,,,,,,,,,,,,1870,,,,
"Traverse City, MI",284,29580.23,97,14319.36,,,,,,,,,,,,,,,1870,,,,
"Little Rock, AR",1179,117800.84,,,,,,,,,,,,,,,,,1870,,,,
"Washington, AR",929,90792.18,,,,,,,,,,,,,,,,,1870,,,,
"Clarksville, AR",2388,223146,,,,,,,,,,,,,,,,,1870,,,,
"Tallahassee, FL",678,60778.1,,,,,,,,,,,,,,,,,1870,,,,
"Des Moines, IA",20,1245.07,40,2958.04,,,,,,,,,,,,,,,1870,,,,
"Council Bluffs, IA",25,1861.57,45,3521.12,,,,,,,,,,,,,,,1870,,,,
"Fort Dodge, IA",490,40781.72,136,19246.39,,,,,,,,,,,,,,,1870,,,,
"Sioux City, IA",1514,146114.46,29,3926.57,,,,,,,,,,,,,,,1870,,,,
"Menasha, WI",95,9320.35,46,4143.25,,,,,,,,,,,,,,,1870,,,,
"St. Croix Falls, WI",372,41943.97,84,9346.55,,,,,,,,,,,,,,,1870,,,,
"Stevens Point, WI",94,7453.5,38,3427.47,,,,,,,,,,,,,,,1870,,,,
"La Crosse, WI",555,63059.02,349,33338.8,,,,,,,,,,,,,,,1870,,,,
"Bayfield, WI",,,,,,,,,,,,,,,,,,,1870,,,,
"Eau Claire, WI",270,34019.05,93,11108.46,,,,,,,,,,,,,,,1870,,,,
"Taylors Falls, MN",381,41695.63,29,4053.03,,,,,,,,,,,,,,,1870,,,,
"St. Cloud, MN",502,63755.1,209,31640.08,,,,,,,,,,,,,,,1870,,,,
"Jackson, MN",429,45474.08,671,94501.37,,,,,,,,,,,,,,,1870,,,,
"New Ulm, MN",612,55743.55,340,37518.62,,,,,,,,,,,,,,,1870,,,,
"Litchfield, MN",542,43315.2,340,41301.39,,,,,,,,,,,,,,,1870,,,,
"Alexandria, MN",499,74669.7,11,1721.99,,,,,,,,,,,,,,,1870,,,,
"Duluth, MN",57,7196.7,4,639.8,,,,,,,,,,,,,,,1870,,,,
"San Francisco, CA",117,17571.71,27,4159.63,,,,,,,,,,,,,,,1870,,,,
"Marysville, CA",71,9287.75,56,8792.79,,,,,,,,,,,,,,,1870,,,,
"Humboldt, CA",73,11489.49,5,800,,,,,,,,,,,,,,,1870,,,,
"Stockton, CA",130,19389.88,45,6908.45,,,,,,,,,,,,,,,1870,,,,
"Visalia, CA",48,5937.28,21,3239.17,,,,,,,,,,,,,,,1870,,,,
"Sacramento, CA",29,2876.02,17,2479.52,,,,,,,,,,,,,,,1870,,,,
"Los Angeles, CA",11,1689.39,,,,,,,,,,,,,,,,,1870,,,,
"Oregon City, OR",289,40353.13,43,6087.33,,,,,,,,,,,,,,,1870,,,,
"Roseburg, OR",303,43997.62,56,8615.43,,,,,,,,,,,,,,,1870,,,,
"La Grande, OR",51,7529.92,4,640,,,,,,,,,,,,,,,1870,,,,
"Olympia, WA",194,30684.5,72,11366.9,,,,,,,,,,,,,,,1870,,,,
"Vancouver, WA",194,30552.45,62,9543.78,,,,,,,,,,,,,,,1870,,,,
"Topeka, KS",517,35255.53,55,7613.65,,,,,,,,,,,,,,,1870,,,,
"Humboldt, KS",535,63646.17,67,10081.3,,,,,,,,,,,,,,,1870,,,,
"Junction City, KS",4022,547463.72,139,19410.47,,,,,,,,,,,,,,,1870,,,,
"West Point, NE",505,60961.74,76,11071.32,,,,,,,,,,,,,,,1870,,,,
"Beatrice, NE",1139,159501.74,108,15847.41,,,,,,,,,,,,,,,1870,,,,
"Lincoln, NE",2019,160510.66,83,12560.54,,,,,,,,,,,,,,,1870,,,,
"Dakota City, NE",540,86275.94,10,1294.6,,,,,,,,,,,,,,,1870,,,,
"Grand Island, NE",399,31642.82,8,1249.55,,,,,,,,,,,,,,,1870,,,,
"Santa Fe, NM",,,,,,,,,,,,,,,,,,,1870,,,,
"Denver, CO",592,65797.27,76,11669.12,,,,,,,,,,,,,,,1870,,,,
"Central City, CO",24,3187.32,,,,,,,,,,,,,,,,,1870,,,,
"Vermillion, SD",574,89587.51,20,3200,,,,,,,,,,,,,,,1870,,,,
"Carson City, NV",20,3109.09,9,1320,,,,,,,,,,,,,,,1870,,,,
"Austin, NV",3,480,,,,,,,,,,,,,,,,,1870,,,,
"Aurora, NV",29,4572.67,,,,,,,,,,,,,,,,,1870,,,,
"Boise, ID",51,6363.26,,,,,,,,,,,,,,,,,1870,,,,
"Helena, MT",212,30923.21,,,,,,,,,,,,,,,,,1870,,,,
"Salt Lake City, UT",233,29647.02,,,,,,,,,,,,,,,,,1870,,,,
"Indianapolis, IN",2,120,,,,,,,,,,,,,,,,,1870,,,,
"Chillicothe, OH",14,880,5,261.05,,,,,,,,,,,,,,,1871,,,,
"Springfield, IL",,,,,,,,,,,,,,,,,,,1871,,,,
"Indianapolis, IN",1,40,,,,,,,,,,,,,,,,,1871,,,,
"Boonville, MO",773,77627.32,311,30358.37,,,,,2098.16,,,,,,,,,,1871,,,,
"Ironton, MO",491,54791.31,65,5893.01,,,,,745.31,,,,,,,,,,1871,,,,
"Springfield, MO",1113,127102.8,295,26741.28,,,,,1347.62,,,,,,,,,,1871,,,,
"Montgomery, AL",809,72021.3,,,,,,,,,,,,,,,,,1871,,,,
"Huntsville, AL",358,33343.68,,,,,,,599.87,,,,,,,,,,1871,,,,
"Mobile, AL",218,23935.93,,,,,,,257.19,,,,,,,,,,1871,,,,
"Jackson, MS",782,70780.32,,,,,,,,,,,,,,,,,1871,,,,
"New Orleans, LA",848,111320.03,,,,,,,490.26,,,,,,,,,,1871,,,,
"Natchitoches, LA",185,21181.32,,,,,,,,,,,,,,,,,1871,,,,
"Detroit, MI",182,22952.45,60,7601.55,,,,,,,,,,,,,,,1871,,,,
"East Saginaw, MI",161,17161.15,103,12688.64,,,,,4896.46,,,,,,,,,,1871,,,,
"Ionia, MI",585,73141.6,301,32388.78,,,,,4926.62,,,,,,,,,,1871,,,,
"Marquette, MI",61,8428.01,10,1394.48,,,,,,,,,,,,,,,1871,,,,
"Traverse City, MI",573,64191.77,206,29647.5,,,,,1576.79,,,,,,,,,,1871,,,,
"Little Rock, AR",1524,147678.52,11,824.55,,,,,,,,,,,,,,,1871,,,,
"Washington, AR",247,25536.66,,,,,,,,,,,,,,,,,1871,,,,
"Clarksville, AR",2313,144724.9,,,,,,,,,,,,,,,,,1871,,,,
"Camden, AR",416,42297.21,,,,,,,150,,,,,,,,,,1871,,,,
"Dardanelle, AR",71,6784.45,,,,,,,,,,,,,,,,,1871,,,,
"Tallahassee, FL",217,24969.55,,,,,,,,,,,,,,,,,1871,,,,
"Des Moines, IA",19,1291.89,21,1784.59,,,,,,,,,,,,,,,1871,,,,
"Council Bluffs, IA",55,5364.5,29,2198.64,,,,,,,,,,,,,,,1871,,,,
"Fort Dodge, IA",327,26386.94,230,27100.44,,,,,,,,,,,,,,,1871,,,,
"Sioux City, IA",1442,153598.35,69,8842.5,,,,,13192.58,,,,,,,,,,1871,,,,
"Menasha, WI",132,15038.45,54,5124.19,,,,,250,,,,,,,,,,1871,,,,
"St. Croix Falls, WI",290,30123.33,121,13460.1,,,,,,,,,,,,,,,1871,,,,
"Stevens Point, WI",101,9046.27,55,4780.44,,,,,,,,,,,,,,,1871,,,,
"La Crosse, WI",427,47069.88,218,22807.93,,,,,,,,,,,,,,,1871,,,,
"Bayfield, WI",3,400,,,,,,,,,,,,,,,,,1871,,,,
"Eau Claire, WI",220,28329.5,101,13352.05,,,,,,,,,,,,,,,1871,,,,
"Taylors Falls, MN",286,31740.08,39,4869.4,,,,,600,,,,,,,,,,1871,,,,
"St. Cloud, MN",619,70663.88,282,40396.63,,,,,1799.07,,,,,,,,,,1871,,,,
"Jackson, MN",856,100582.88,548,78506.25,,,,,,,,,,,,,,,1871,,,,
"New Ulm, MN",742,84305.84,341,39272.96,,,,,,,,,,,,,,,1871,,,,
"Litchfield, MN",473,41787.22,217,22393.25,,,,,,,,,,,,,,,1871,,,,
"Alexandria, MN",851,123481.8,26,4061.57,,,,,,,,,,,,,,,1871,,,,
"Duluth, MN",91,11532.74,1,132.26,,,,,700,,,,,,,,,,1871,,,,
"San Francisco, CA",239,33863.17,76,11078.09,,,,,1499.89,,,,,,,,,,1871,,,,
"Marysville, CA",211,26948.46,28,4027.07,,,,,,,,,,,,,,,1871,,,,
"Humboldt, CA",89,13825.75,4,627.32,,,,,1700,,,,,,,,,,1871,,,,
"Stockton, CA",345,48839.57,65,9747.09,,,,,,,,,,,,,,,1871,,,,
"Visalia, CA",68,8470.38,32,4900.06,,,,,,,,,,,,,,,1871,,,,
"Sacramento, CA",264,33075.34,6,631.61,,,,,,,,,,,,,,,1871,,,,
"Susanville, CA",10,1600,1,120,,,,,200,,,,,,,,,,1871,,,,
"Shasta, CA",25,2968.85,,,,,,,599.58,,,,,,,,,,1871,,,,
"Los Angeles, CA",23,3140.22,,,,,,,538.58,,,,,,,,,,1871,,,,
"Oregon City, OR",260,31522.03,76,11205.63,,,,,5580.76,,,,,,,,,,1871,,,,
"Roseburg, OR",253,33862.86,59,9044.83,,,,,4214.14,,,,,,,,,,1871,,,,
"La Grande, OR",137,18996.37,18,2880,,,,,,,,,,,,,,,1871,,,,
"Olympia, WA",291,41653.9,45,7094.66,,,,,,,,,,,,,,,1871,,,,
"Vancouver, WA",327,42687.33,56,8827.24,,,,,4934.5,,,,,,,,,,1871,,,,
"Topeka, KS",849,75118.95,94,11920.54,,,,,,,,,,,,,,,1871,,,,
"Humboldt, KS",343,32776.89,68,9825.48,,,,,200,,,,,,,,,,1871,,,,
"Junction City, KS",2344,316537.3,79,9996.25,,,,,,,,,,,,,,,1871,,,,
"Concordia, KS",3443,523270.01,36,4047.23,,,,,7736.05,,,,,,,,,,1871,,,,
"Augusta, KS",1715,232521.91,10,1547.45,,,,,883.13,,,,,,,,,,1871,,,,
"Salina, KS",662,82957.34,22,3009.44,,,,,,,,,,,,,,,1871,,,,
"West Point, NE",490,56774.36,110,13316.99,,,,,9348.49,,,,,,,,,,1871,,,,
"Beatrice, NE",1041,138413.67,157,23774.94,,,,,5384.97,,,,,,,,,,1871,,,,
"Lincoln, NE",2879,306695.53,138,19855.07,,,,,24775.24,,,,,,,,,,1871,,,,
"Dakota City, NE",551,85800.47,16,2294.94,,,,,2396.32,,,,,,,,,,1871,,,,
"Grand Island, NE",1100,128299.99,15,1431.06,,,,,590.73,,,,,,,,,,1871,,,,
"Santa Fe, NM",151,23155.6,,,,,,,,,,,,,,,,,1871,,,,
"Denver, CO",634,79734.52,75,11216.31,,,,,,,,,,,,,,,1871,,,,
"Central City, CO",22,3033.72,,,,,,,,,,,,,,,,,1871,,,,
"Pueblo, CO",104,16013.07,13,2006.57,,,,,,,,,,,,,,,1871,,,,
"Springfield, SD",28,4366.41,,,,,,,,,,,,,,,,,1871,,,,
"Vermillion, SD",787,123006.21,33,5199.05,,,,,5370.89,,,,,,,,,,1871,,,,
"Pembina, ND",46,7270.17,,,,,,,188.13,,,,,,,,,,1871,,,,
"Carson City, NV",35,5190.66,,,,,,,188.28,,,,,,,,,,1871,,,,
"Austin, NV",2,320,,,,,,,,,,,,,,,,,1871,,,,
"Aurora, NV",21,3334.81,1,160,,,,,,,,,,,,,,,1871,,,,
"Boise, ID",130,19643.87,,,,,,,,,,,,,,,,,1871,,,,
"Helena, MT",309,48338.78,,,,,,,2338.73,,,,,,,,,,1871,,,,
"Salt Lake City, UT",292,46509.56,,,,,,,338.87,,,,,,,,,,1871,,,,
"Cheyenne, WY",8,880,,,,,,,,,,,,,,,,,1871,,,,
"Chillicothe, OH",14,1060.74,4,256.57,,,,,,,,,,,,,,,1872,,,,
"Springfield, IL",1,28.94,2,80,,,,,,,,,,,,,,,1872,,,,
"Indianapolis, IN",,,,,,,,,,,,,,,,,,,1872,,,,
"Boonville, MO",655,63605.28,251,24728.97,,,,,700,,,,,,,,,,1872,,,,
"Ironton, MO",456,51048.39,105,12715.24,,,,,1002.75,,,,,,,,,,1872,,,,
"Springfield, MO",665,68850.07,359,35576.74,,,,,970,,,,,,,,,,1872,,,,
"Montgomery, AL",776,69095.71,8,598.51,,,,,300.03,,,,,,,,,,1872,,,,
"Huntsville, AL",432,42993.85,12,966.5,,,,,,,,,,,,,,,1872,,,,
"Mobile, AL",436,50672.8,,,,,,,,,,,,,,,,,1872,,,,
"Jackson, MS",1375,136700.68,9,538.6,,,,,,,,,,,,,,,1872,,,,
"New Orleans, LA",635,81733.03,9,692.14,,,,,2257.26,,,,,,,,,,1872,,,,
"Natchitoches, LA",557,60115.31,,,,,,,801.02,,,,,,,,,,1872,,,,
"Detroit, MI",112,13490.2,44,5575.01,,,,,474.87,,,,,,,,,,1872,,,,
"East Saginaw, MI",146,19471.43,98,11773.22,,,,,7196.06,,,,,,,,,,1872,,,,
"Ionia, MI",374,40121.62,402,43159.2,,,,,12422.76,,,,,,,,,,1872,,,,
"Marquette, MI",77,11450.18,4,529.5,,,,,1800,,,,,,,,,,1872,,,,
"Traverse City, MI",446,46818.94,298,44308.71,,,,,2120.48,,,,,,,,,,1872,,,,
"Little Rock, AR",1140,109043.89,72,3947.1,,,,,796.23,,,,,,,,,,1872,,,,
"Washington, AR",,,,,,,,,,,,,,,,,,,1872,,,,
"Harrison, AR",941,98859.24,,,,,,,750,,,,,,,,,,1872,,,,
"Camden, AR",540,57996.75,,,,,,,300,,,,,,,,,,1872,,,,
"Dardanelle, AR",1097,100723.28,,,,,,,2816.72,,,,,,,,,,1872,,,,
"Tallahassee, FL",696,80779.8,23,1287.13,,,,,1538.23,,,,,,,,,,1872,,,,
"Des Moines, IA",16,883.64,38,3519.47,,,,,,,,,,,,,,,1872,,,,
"Council Bluffs, IA",50,4294.08,20,1517.35,,,,,,,,,,,,,,,1872,,,,
"Fort Dodge, IA",232,20234.52,164,17104.11,,,,,995.14,,,,,,,,,,1872,,,,
"Sioux City, IA",2229,239205.11,99,9993.04,,,,,16175.93,,,,,,,,,,1872,,,,
"Menasha, WI",104,10141.35,39,3395.74,,,,,599.55,,,,,,,,,,1872,,,,
"St. Croix Falls, WI",295,33387.61,141,13975.74,,,,,1050,,,,,,,,,,1872,,,,
"Stevens Point, WI",227,22345.58,49,3915.72,,,,,389.55,,,,,,,,,,1872,,,,
"La Crosse, WI",381,40707.41,353,37613.24,,,,,1184.89,,,,,,,,,,1872,,,,
"Bayfield, WI",14,1354.84,3,480,,,,,400,,,,,,,,,,1872,,,,
"Eau Claire, WI",346,44226.46,78,10434.24,,,,,1125.73,,,,,,,,,,1872,,,,
"Taylors Falls, MN",181,20541.23,72,8963.69,,,,,500,,,,,,,,,,1872,,,,
"St. Cloud, MN",492,58255.82,311,43027.92,,,,,1889.35,,,,,,,,,,1872,,,,
"Jackson, MN",1077,129782.06,441,59468.92,,,,,6904.58,,,,,,,,,,1872,,,,
"New Ulm, MN",936,113981.99,303,30728.55,,,,,2615.94,,,,,,,,,,1872,,,,
"Litchfield, MN",475,45286.61,286,25598.03,,,,,2971.5,,,,,,,,,,1872,,,,
"Alexandria, MN",581,76284.7,83,12969.75,,,,,3454.06,,,,,,,,,,1872,,,,
"Duluth, MN",82,9766.41,,,,,,,2172.23,,,,,,,,,,1872,,,,
"San Francisco, CA",149,21527.3,42,5643.24,,,,,4268.27,,,,,,,,,,1872,,,,
"Marysville, CA",165,18892.14,26,4054.27,,,,,5082.99,,,,,,,,,,1872,,,,
"Humboldt, CA",41,5701.97,8,1249.27,,,,,600,,,,,,,,,,1872,,,,
"Stockton, CA",273,40425.43,38,5774.65,,,,,9828.92,,,,,,,,,,1872,,,,
"Visalia, CA",78,9474.3,28,4262.58,,,,,1550,,,,,,,,,,1872,,,,
"Sacramento, CA",157,16512.89,3,240,,,,,1196.64,,,,,,,,,,1872,,,,
"Susanville, CA",106,16387.57,1,120,,,,,1200,,,,,,,,,,1872,,,,
"Shasta, CA",49,4871.87,,,,,,,,,,,,,,,,,1872,,,,
"Los Angeles, CA",3,396.47,,,,,,,1185.04,,,,,,,,,,1872,,,,
"Oregon City, OR",360,39595.11,90,12925.29,,,,,5453.74,,,,,,,,,,1872,,,,
"Roseburg, OR",313,44258.3,74,11202.46,,,,,4356.69,,,,,,,,,,1872,,,,
"La Grande, OR",122,17169.57,19,2912.93,,,,,1763.87,,,,,,,,,,1872,,,,
"Olympia, WA",222,24688.38,30,4677.39,,,,,8186.34,,,,,,,,,,1872,,,,
"Vancouver, WA",181,18277.84,35,5471.72,,,,,2736.22,,,,,,,,,,1872,,,,
"Walla Walla, WA",105,13230.84,44,6626.28,,,,,6798.3,,,,,,,,,,1872,,,,
"Topeka, KS",582,51325.31,108,11571.78,,,,,2406.33,,,,,,,,,,1872,,,,
"Humboldt, KS",58,5715.5,57,7391.84,,,,,700,,,,,,,,,,1872,,,,
"Neodesha, KS",20,1883.5,22,2947.48,,,,,750,,,,,,,,,,1872,,,,
"Independence, KS",98,11081.24,30,3836,,,,,900,,,,,,,,,,1872,,,,
"Concordia, KS",4826,715953.36,155,17946.44,,,,,25627.66,,,,,,,,,,1872,,,,
"Augusta, KS",655,87481.67,6,931.56,,,,,3418.44,,,,,,,,,,1872,,,,
"Salina, KS",2295,277107.47,122,16157.06,,,,,5479.69,,,,,,,,,,1872,,,,
"Wichita, KS",573,78711.5,13,1960,,,,,6051.05,,,,,,,,,,1872,,,,
"West Point, NE",262,34120.09,132,16771.77,,,,,4349.34,,,,,,,,,,1872,,,,
"Beatrice, NE",1187,152823.8,256,39176.71,,,,,14132.88,,,,,,,,,,1872,,,,
"Lincoln, NE",2642,275287.65,197,27498.75,,,,,34537.78,,,,,,,,,,1872,,,,
"Dakota City, NE",373,67581.08,36,5530.07,,,,,1484.48,,,,,,,,,,1872,,,,
"Grand Island, NE",1493,176653.7,29,2469.22,,,,,6186.88,,,,,,,,,,1872,,,,
"Santa Fe, NM",10,1377.58,,,,,,,,,,,,,,,,,1872,,,,
"Denver, CO",242,30061.53,52,7900.36,,,,,7180.27,,,,,,,,,,1872,,,,
"Central City, CO",13,2070.85,,,,,,,392.9,,,,,,,,,,1872,,,,
"Pueblo, CO",91,14287.01,18,2680,,,,,2891.35,,,,,,,,,,1872,,,,
"Fairplay, CO",1,160,,,,,,,,,,,,,,,,,1872,,,,
"Springfield, SD",80,12273.71,2,328.61,,,,,1595.05,,,,,,,,,,1872,,,,
"Vermillion, SD",910,142403.62,70,11128.02,,,,,7138.01,,,,,,,,,,1872,,,,
"Pembina, ND",16,2560,,,,,,,194.97,,,,,,,,,,1872,,,,
"Carson City, NV",16,2158.66,2,240,,,,,196.74,,,,,,,,,,1872,,,,
"Austin, NV",27,3585.24,,,,,,,,,,,,,,,,,1872,,,,
"Aurora, NV",14,2119.88,1,120,,,,,400,,,,,,,,,,1872,,,,
"Boise, ID",28,3957.17,,,,,,,310.51,,,,,,,,,,1872,,,,
"Lewiston, ID",40,6316,,,,,,,,,,,,,,,,,1872,,,,
"Helena, MT",264,40766.26,,,,,,,5086.98,,,,,,,,,,1872,,,,
"Salt Lake City, UT",376,50495.91,,,,,,,4177.61,,,,,,,,,,1872,,,,
"Cheyenne, WY",13,1585.34,,,,,,,,,,,,,,,,,1872,,,,
"Prescott, AZ",8,1277.03,,,,,,,,,,,,,,,,,1872,,,,
"Chillicothe, OH",6,440,3,224.05,,,,,200,,,,,,,,,,1873,,,,
"Springfield, IL",,,,,,,,,,,,,,,,,,,1873,,,,
"Indianapolis, IN",,,,,,,,,,,,,,,,,,,1873,,,,
"Boonville, MO",343,35152.79,477,47962.78,,,,,899.76,,,,,,,,,,1873,,,,
"Ironton, MO",372,44937.3,217,24626.06,,,,,300,,,,,,,,,,1873,,,,
"Springfield, MO",383,40389.18,547,56172.77,,,,,1446.72,,,,,,,,,,1873,,,,
"Montgomery, AL",601,55523.61,7,439.02,,,,,3554.14,,,,,,,,,,1873,,,,
"Huntsville, AL",696,71839.35,55,4154.57,,,,,300,,,,,,,,,,1873,,,,
"Mobile, AL",354,46204.62,,,,,,,157.25,,,,,,,,,,1873,,,,
"Jackson, MS",841,88379.98,162,8590.66,,,,,,,,,,,,,,,1873,,,,
"New Orleans, LA",780,102513.84,4,318.4,,,,,900,,,,,,,,,,1873,,,,
"Natchitoches, LA",187,16648.14,,,,,,,2321.94,,,,,,,,,,1873,,,,
"Monroe, LA",232,18301.84,1,97.9,,,,,,,,,,,,,,,1873,,,,
"Detroit, MI",119,13984.42,69,8969.23,,,,,906.38,,,,,,,,,,1873,,,,
"East Saginaw, MI",85,10885.39,152,18419.23,,,,,5017.23,,,,,,,,,,1873,,,,
"Ionia, MI",418,49968.05,429,44115.09,,,,,10135.35,,,,,,,,,,1873,,,,
"Marquette, MI",181,19419.35,6,889,,,,,3480.31,,,,,,,,,,1873,,,,
"Traverse City, MI",740,82509.31,447,61314.86,,,,,1435.37,,,,,,,,,,1873,,,,
"Little Rock, AR",739,69482.71,50,3216.69,,,,,2101.42,,,,,,,,,,1873,,,,
"Washington, AR",,,,,,,,,,,,,,,,,,,1873,,,,
"Harrison, AR",843,95234.63,62,5119.15,,,,,1453.75,,,,,,,,,,1873,,,,
"Camden, AR",575,58735.6,60,3669.45,,,,,700,,,,,,,,,,1873,,,,
"Dardanelle, AR",245,22800.62,39,2713.89,,,,,1008,,,,,,,,,,1873,,,,
"Tallahassee, FL",293,33892.87,15,1024.24,,,,,1156.21,,,,,,,,,,1873,,,,
"Gainesville, FL",,,17,1112.45,,,,,,,,,,,,,,,1873,,,,
"Des Moines, IA",5,335.25,36,2836.71,,,,,,,,,,,,,,,1873,,,,
"Council Bluffs, IA",40,3587.86,42,3226.76,,,,,,,,,,,,,,,1873,,,,
"Fort Dodge, IA",109,9061.76,275,25131.25,,,,,3549.64,,,,,,,,,,1873,,,,
"Sioux City, IA",717,64402.45,388,44624.41,,,,,16064.5,,,,,,,,,,1873,,,,
"Menasha, WI",68,7915.42,51,4490.7,,,,,815.86,,,,,,,,,,1873,,,,
"St. Croix Falls, WI",245,26466.66,198,19047.88,,,,,781.95,,,,,,,,,,1873,,,,
"Wausau, WI",223,32703.35,70,6213.66,,,,,4100,,,,,,,,,,1873,,,,
"La Crosse, WI",394,41981.66,414,45845.72,,,,,763.24,,,,,,,,,,1873,,,,
"Bayfield, WI",17,1520,,,,,,,,,,,,,,,,,1873,,,,
"Eau Claire, WI",435,58405.48,120,15330.95,,,,,1850,,,,,,,,,,1873,,,,
"Taylors Falls, MN",120,12279.18,200,23697.78,,,,,269.23,,,,,,,,,,1873,,,,
"St. Cloud, MN",307,32851.87,462,62643.85,,,,,775.6,,,,,,,,,,1873,,,,
"Jackson, MN",720,84621.93,427,52697.13,,,,,8084.42,,,,,,,,,,1873,,,,
"New Ulm, MN",445,52069.6,184,18773.48,,,,,1922.13,,,,,,,,,,1873,,,,
"Litchfield, MN",453,46790.2,393,35999.4,,,,,2181.25,,,,,,,,,,1873,,,,
"Alexandria, MN",370,44809.17,251,39189.48,,,,,948.21,,,,,,,,,,1873,,,,
"Duluth, MN",132,13558.27,2,320,,,,,1039.1,,,,,,,,,,1873,,,,
"Oak Lake, MN",256,29683.84,,,,,,,200,,,,,,,,,,1873,,,,
"Redwood Falls, MN",377,40768.77,196,23067.97,,,,,1533.35,,,,,,,,,,1873,,,,
"San Francisco, CA",238,33502.57,35,5245.67,,,,,2347.37,,,,,,,,,,1873,,,,
"Marysville, CA",173,18930.24,134,21004.84,,,,,1721.68,,,,,,,,,,1873,,,,
"Humboldt, CA",49,7103.44,7,1080,,,,,800,,,,,,,,,,1873,,,,
"Stockton, CA",264,37808.28,45,6805.54,,,,,7868.42,,,,,,,,,,1873,,,,
"Visalia, CA",135,15825.96,39,4597.13,,,,,1750,,,,,,,,,,1873,,,,
"Sacramento, CA",183,19687.48,2,320,,,,,1150,,,,,,,,,,1873,,,,
"Susanville, CA",183,28184.77,2,280,,,,,3900,,,,,,,,,,1873,,,,
"Shasta, CA",31,4106.82,4,558.38,,,,,400.37,,,,,,,,,,1873,,,,
"Los Angeles, CA",35,4659.11,,,,,,,200,,,,,,,,,,1873,,,,
"Oregon City, OR",198,19735.63,95,13457.69,,,,,4133.47,,,,,,,,,,1873,,,,
"Roseburg, OR",257,34663.41,118,18083.45,,,,,3961.47,,,,,,,,,,1873,,,,
"La Grande, OR",118,14994.56,50,7917.55,,,,,1145.8,,,,,,,,,,1873,,,,
"Linkville, OR",14,1974.19,,,,,,,,,,,,,,,,,1873,,,,
"Olympia, WA",257,26846.3,45,6827.8,,,,,7078.25,,,,,,,,,,1873,,,,
"Vancouver, WA",106,9762.22,33,5189.9,,,,,1369.37,,,,,,,,,,1873,,,,
"Walla Walla, WA",97,13277.88,26,3909.52,,,,,2564.55,,,,,,,,,,1873,,,,
"Topeka, KS",239,19596.31,192,18727.42,,,,,1193.2,,,,,,,,,,1873,,,,
"Humboldt, KS",,,,,,,,,,,,,,,,,,,1873,,,,
"Neodesha, KS",,,,,,,,,,,,,,,,,,,1873,,,,
"Independence, KS",86,8508.15,225,25939.09,,,,,2250,,,,,,,,,,1873,,,,
"Concordia, KS",1727,240420.47,419,57884.57,,,,,12918.26,,,,,,,,,,1873,,,,
"Cawker City, KS",1333,209587.39,66,10519.47,,,,,5495.72,,,,,,,,,,1873,,,,
"Salina, KS",1548,192167.94,160,20817.55,,,,,5531.37,,,,,,,,,,1873,,,,
"Wichita, KS",1009,137201.76,142,22558.49,,,,,7594.9,,,,,,,,,,1873,,,,
"West Point, NE",265,35893.46,331,43220.97,,,,,2614.33,,,,,,,,,,1873,,,,
"Beatrice, NE",580,66621.84,488,72934.5,,,,,5839.26,,,,,,,,,,1873,,,,
"Lincoln, NE",2286,232269.51,590,69201.05,,,,,26671.5,,,,,,,,,,1873,,,,
"Dakota City, NE",407,63146.03,115,17687.13,,,,,1753.4,,,,,,,,,,1873,,,,
"Grand Island, NE",1378,159405.41,108,13330,,,,,8064.82,,,,,,,,,,1873,,,,
"North Platte, NE",37,4316.94,3,454.1,,,,,,,,,,,,,,,1873,,,,
"Lowell, NE",1237,176840.49,23,3541,,,,,3892.75,,,,,,,,,,1873,,,,
"Santa Fe, NM",9,1439.06,4,640,,,,,,,,,,,,,,,1873,,,,
"Denver, CO",265,32609.46,87,12681.05,,,,,4694.19,,,,,,,,,,1873,,,,
"Central City, CO",21,2849.42,,,,,,,,,,,,,,,,,1873,,,,
"Pueblo, CO",179,28322.19,17,2579.79,,,,,2250,,,,,,,,,,1873,,,,
"Fairplay, CO",12,1860,,,,,,,,,,,,,,,,,1873,,,,
"Springfield, SD",112,17639.38,12,1919.92,,,,,500,,,,,,,,,,1873,,,,
"Vermillion, SD",908,141935.61,179,28263.63,,,,,3459.21,,,,,,,,,,1873,,,,
"Yankton, SD",269,41985.69,55,8815.12,,,,,1678.75,,,,,,,,,,1873,,,,
"Sioux Falls, SD",,,15,2378.25,,,,,,,,,,,,,,,1873,,,,
"Pembina, ND",5,800,,,,,,,,,,,,,,,,,1873,,,,
"Carson City, NV",48,6630.86,2,320,,,,,,,,,,,,,,,1873,,,,
"Austin, NV",6,960,,,,,,,,,,,,,,,,,1873,,,,
"Aurora, NV",42,6514.64,,,,,,,,,,,,,,,,,1873,,,,
"Elko, NV",23,3142.9,,,,,,,,,,,,,,,,,1873,,,,
"Boise, ID",37,5613.61,11,1582.68,,,,,1647.64,,,,,,,,,,1873,,,,
"Lewiston, ID",15,2239.76,,,,,,,,,,,,,,,,,1873,,,,
"Helena, MT",48,5303.61,1,154.95,,,,,421.99,,,,,,,,,,1873,,,,
"Salt Lake City, UT",300,38790.16,,,,,,,2544.45,,,,,,,,,,1873,,,,
"Cheyenne, WY",5,720,,,,,,,,,,,,,,,,,1873,,,,
"Prescott, AZ",1,160,,,,,,,200,,,,,,,,,,1873,,,,
"Chillicothe, OH",2,198.73,12,772.71,,,,,,,,,,,,,,,1874,,,,
"Springfield, IL",1,160,,,,,,,,,,,,,,,,,1874,,,,
"Indianapolis, IN",,,,,,,,,,,,,,,,,,,1874,,,,
"Boonville, MO",250,22494.53,379,34496.02,,,,,1213.69,,,,,,,,,,1874,,,,
"Ironton, MO",181,20182.5,190,21619.75,,,,,400,,,,,,,,,,1874,,,,
"Springfield, MO",240,25277.75,372,38881.13,,,,,400,,,,,,,,,,1874,,,,
"Montgomery, AL",643,60901.8,26,2362.26,,,,,400.64,,,,,,,,,,1874,,,,
"Huntsville, AL",676,71929.92,117,10053.02,,,,,2118.19,,,,,,,,,,1874,,,,
"Mobile, AL",424,48898.94,7,762.42,,,,,,,,,,,,,,,1874,,,,
"Jackson, MS",548,52153.64,162,12123.15,,,,,,,,,,,,,,,1874,,,,
"New Orleans, LA",204,27685.69,35,3540.79,,,,,167.28,,,,,,,,,,1874,,,,
"Natchitoches, LA",47,4051.01,,,,,,,,,,,,,,,,,1874,,,,
"Monroe, LA",124,13060.73,3,297.38,,,,,,,,,,,,,,,1874,,,,
"Detroit, MI",186,19794.03,39,4432.26,,,,,330.81,,,,,,,,,,1874,,,,
"East Saginaw, MI",94,10906.23,136,16003.48,,,,,500,,,,,,,,,,1874,,,,
"Ionia, MI",262,28036.04,402,37622.88,,,,,5701.65,,,,,,,,,,1874,,,,
"Marquette, MI",231,23456.63,17,2459.15,,,,,1664.76,,,,,,,,,,1874,,,,
"Traverse City, MI",502,55607.33,397,48221.62,,,,,2000,,,,,,,,,,1874,,,,
"Little Rock, AR",481,43960.23,116,9037.58,,,,,1200,,,,,,,,,,1874,,,,
"Washington, AR",,,,,,,,,,,,,,,,,,,1874,,,,
"Harrison, AR",725,76840.91,235,21838.37,,,,,1359.91,,,,,,,,,,1874,,,,
"Camden, AR",738,85423,184,16140.19,,,,,1099.16,,,,,,,,,,1874,,,,
"Dardanelle, AR",364,33004.65,303,21548.89,,,,,822.06,,,,,,,,,,1874,,,,
"Tallahassee, FL",,,,,,,,,,,,,,,,,,,1874,,,,
"Gainesville, FL",689,80521.68,443,32052.13,,,,,3410.97,,,,,,,,,,1874,,,,
"Des Moines, IA",91,6523.48,173,15227.94,,,,,392.85,,,,,,,,,,1874,,,,
"Council Bluffs, IA",,,,,,,,,,,,,,,,,,,1874,,,,
"Fort Dodge, IA",,,,,,,,,,,,,,,,,,,1874,,,,
"Sioux City, IA",483,40082.19,598,69369.02,,,,,5404.42,,,,,,,,,,1874,,,,
"Menasha, WI",97,11484.05,51,6241.28,,,,,407.94,,,,,,,,,,1874,,,,
"St. Croix Falls, WI",370,38029.49,253,24899.82,,,,,,,,,,,,,,,1874,,,,
"Wausau, WI",321,31901.72,170,16159.15,,,,,2626.27,,,,,,,,,,1874,,,,
"La Crosse, WI",450,47799.93,454,51561.22,,,,,450,,,,,,,,,,1874,,,,
"Bayfield, WI",17,1730.8,1,160,,,,,200,,,,,,,,,,1874,,,,
"Eau Claire, WI",555,62658.76,295,31092.44,,,,,1248.96,,,,,,,,,,1874,,,,
"Taylors Falls, MN",110,10964.16,168,19886.2,,,,,,,,,,,,,,,1874,,,,
"St. Cloud, MN",350,30717.73,552,65020.77,,,,,300,,,,,,,,,,1874,,,,
"Jackson, MN",497,55617,285,32239.74,,,,,4222.23,,,,,,,,,,1874,,,,
"Worthington, MN",226,24534.42,180,19858.12,,,,,2000,,,,,,,,,,1874,,,,
"New Ulm, MN",356,34728,320,31532.06,,,,,3169.12,,,,,,,,,,1874,,,,
"Litchfield, MN",458,41727.96,586,52418.4,,,,,2428.38,,,,,,,,,,1874,,,,
"Alexandria, MN",256,29075.2,331,50977.6,,,,,1609.35,,,,,,,,,,1874,,,,
"Duluth, MN",207,18015.42,11,1735.19,,,,,600,,,,,,,,,,1874,,,,
"Oak Lake, MN",50,6167.89,7,1040,,,,,,,,,,,,,,,1874,,,,
"Redwood Falls, MN",339,34510.17,280,30478.69,,,,,967.25,,,,,,,,,,1874,,,,
"Detroit Lakes, MN",116,13675.27,10,1520,,,,,,,,,,,,,,,1874,,,,
"San Francisco, CA",245,32479.44,54,7504.27,,,,,7435.72,,,,,,,,,,1874,,,,
"Marysville, CA",144,16686.63,37,5338.35,,,,,6499.31,,,,,,,,,,1874,,,,
"Humboldt, CA",162,27241.48,16,2512.33,,,,,1590.52,,,,,,,,,,1874,,,,
"Stockton, CA",241,33418.86,41,5433.39,,,,,13595.66,,,,,,,,,,1874,,,,
"Visalia, CA",220,23943.49,23,3127.86,,,,,4596.42,,,,,,,,,,1874,,,,
"Sacramento, CA",192,22208.49,11,1320,,,,,2000,,,,,,,,,,1874,,,,
"Susanville, CA",86,13187.92,2,323.68,,,,,3296.08,,,,,,,,,,1874,,,,
"Shasta, CA",23,2874.37,2,314.54,,,,,980.7,,,,,,,,,,1874,,,,
"Los Angeles, CA",15,1855.15,7,1036.26,,,,,328.58,,,,,,,,,,1874,,,,
"Independence, CA",31,4243.4,1,160,,,,,699.5,,,,,,,,,,1874,,,,
"Oregon City, OR",182,19265.97,98,14213.51,,,,,1428.83,,,,,,,,,,1874,,,,
"Roseburg, OR",129,17555.26,97,14670.78,,,,,671.32,,,,,,,,,,1874,,,,
"La Grande, OR",39,5033.48,55,8069.85,,,,,1690.45,,,,,,,,,,1874,,,,
"Linkville, OR",25,3811.75,,,,,,,200,,,,,,,,,,1874,,,,
"Olympia, WA",253,25809.76,39,5902.42,,,,,4640.6,,,,,,,,,,1874,,,,
"Vancouver, WA",89,8391.19,21,3161.34,,,,,998.29,,,,,,,,,,1874,,,,
"Walla Walla, WA",54,7239.68,34,5294.7,,,,,2793.12,,,,,,,,,,1874,,,,
"Topeka, KS",183,14059.4,225,21515.91,,,,,800,,,,,,,,,,1874,,,,
"Humboldt, KS",,,,,,,,,,,,,,,,,,,1874,,,,
"Neodesha, KS",,,,,,,,,,,,,,,,,,,1874,,,,
"Independence, KS",44,4035.53,192,21148.49,,,,,800,,,,,,,,,,1874,,,,
"Concordia, KS",1478,204936.79,621,87928.4,,,,,14541.7,,,,,,,,,,1874,,,,
"Cawker City, KS",1543,242336.67,110,16779.88,,,,,7088.74,,,,,,,,,,1874,,,,
"Salina, KS",1516,194028.12,274,36893.52,,,,,7289.42,,,,,,,,,,1874,,,,
"Wichita, KS",1251,179214.39,206,32600.37,,,,,6999.32,,,,,,,,,,1874,,,,
"Norfolk, NE",326,44907.57,435,51612.2,,,,,3740.41,,,,,,,,,,1874,,,,
"Beatrice, NE",376,37982.73,533,73066.11,,,,,5989.92,,,,,,,,,,1874,,,,
"Lincoln, NE",1489,137261.31,1216,129220.96,,,,,8573.12,,,,,,,,,,1874,,,,
"Dakota City, NE",273,41372.62,105,15793.62,,,,,841.2,,,,,,,,,,1874,,,,
"Grand Island, NE",1212,133729.67,266,31830.26,,,,,6199.23,,,,,,,,,,1874,,,,
"North Platte, NE",247,33801.92,23,2700.81,,,,,1180.25,,,,,,,,,,1874,,,,
"Lowell, NE",1261,174567.49,114,13532.53,,,,,5250.19,,,,,,,,,,1874,,,,
"Santa Fe, NM",19,2237.84,1,160,,,,,,,,,,,,,,,1874,,,,
"Denver, CO",343,45367.24,78,10818.48,,,,,6582.28,,,,,,,,,,1874,,,,
"Central City, CO",32,4470.43,5,560,,,,,1542.42,,,,,,,,,,1874,,,,
"Pueblo, CO",179,27868.92,14,2194.59,,,,,5068.38,,,,,,,,,,1874,,,,
"Fairplay, CO",24,3818.99,,,,,,,,,,,,,,,,,1874,,,,
"Springfield, SD",244,37954.53,23,3663.6,,,,,1905.31,,,,,,,,,,1874,,,,
"Vermillion, SD",,,,,,,,,,,,,,,,,,,1874,,,,
"Yankton, SD",448,69591.53,86,12883.46,,,,,5390.24,,,,,,,,,,1874,,,,
"Sioux Falls, SD",1096,168180.04,262,39769.43,,,,,17358.89,,,,,,,,,,1874,,,,
"Pembina, ND",87,12435,,,,,,,493.98,,,,,,,,,,1874,,,,
"Carson City, NV",28,4281.29,,,,,,,,,,,,,,,,,1874,,,,
"Eureka, NV",5,800,,,,,,,,,,,,,,,,,1874,,,,
"Pioche, NV",7,960,,,,,,,,,,,,,,,,,1874,,,,
"Elko, NV",11,1551.87,,,,,,,,,,,,,,,,,1874,,,,
"Boise, ID",110,17069.13,18,2759.16,,,,,645.79,,,,,,,,,,1874,,,,
"Lewiston, ID",12,1916.75,,,,,,,,,,,,,,,,,1874,,,,
"Helena, MT",22,2760,3,480,,,,,200,,,,,,,,,,1874,,,,
"Salt Lake City, UT",142,17740.05,200,30125.81,,,,,3698.44,,,,,,,,,,1874,,,,
"Cheyenne, WY",21,2875.44,,,,,,,,,,,,,,,,,1874,,,,
"Prescott, AZ",5,756.12,,,,,,,396.29,,,,,,,,,,1874,,,,
"Florence, AZ",2,280,,,,,,,,,,,,,,,,,1874,,,,
"Huntsville, AL",555,57499.97,124,11201.1,,,,,1245.22,,,,,,,,,,1875,,,,
"Montgomery, AL",508,46996.46,206,20982.19,,,,,199.82,,,,,,,,,,1875,,,,
"Mobile, AL",196,18742.45,112,11583.47,,,,,,,,,,,,,,,1875,,,,
"Camden, AR",362,46681.03,352,29489.45,,,,,,,,,,,,,,,1875,,,,
"Dardanelle, AR",261,22342.95,487,38006.11,,,,,955,,,,,,,,,,1875,,,,
"Harrison, AR",365,38144.99,484,44843.4,,,,,624.38,,,,,,,,,,1875,,,,
"Little Rock, AR",227,21051.48,120,9970.51,,,,,1444.42,,,,,,,,,,1875,,,,
"Florence, AZ",4,480,,,,,,,150,,,,,,,,,,1875,,,,
"Prescott, AZ",24,3764.28,,,,,,,244.94,,,,,,,,,,1875,,,,
"Humboldt, CA",142,22252.23,9,1440,,,,,10771.12,,,,,,,,,,1875,,,,
"Independence, CA",21,3072.66,,,,,,,1400,,,,,,,,,,1875,,,,
"Los Angeles, CA",27,3523.42,6,757.76,,,,,1175.12,,,,,,,,,,1875,,,,
"Marysville, CA",128,17283.36,41,5808.59,,,,,9875.82,,,,,,,,,,1875,,,,
"San Francisco, CA",264,36808.75,69,10464.11,,,,,11619.04,,,,,,,,,,1875,,,,
"Sacramento, CA",331,43480.86,16,1627.87,,,,,2116.22,,,,,,,,,,1875,,,,
"Stockton, CA",387,57475.63,57,8117.96,,,,,24048.99,,,,,,,,,,1875,,,,
"Shasta, CA",36,4480,6,880,,,,,1000,,,,,,,,,,1875,,,,
"Susanville, CA",448,44604.79,312,27369.86,,,,,3470.6,,,,,,,,,,1875,,,,
"Visalia, CA",286,33724.76,42,5751.8,,,,,7843.07,,,,,,,,,,1875,,,,
"Central City, CO",27,3794.38,3,320,,,,,637.81,,,,,,,,,,1875,,,,
"Denver, CO",203,26521.03,128,14515.49,,,,,4450,,,,,,,,,,1875,,,,
"Del Norte, CO",49,7840.7,4,640,,,,,400,,,,,,,,,,1875,,,,
"Fairplay, CO",12,1840,,,,,,,,,,,,,,,,,1875,,,,
"Pueblo, CO",151,22548.33,62,9054.94,,,,,4085.5,,,,,,,,,,1875,,,,
"Gainesville, FL",957,115430.5,336,29576.62,,,,,5547.11,,,,,,,,,,1875,,,,
"Bismarck, ND",10,1360,1,160,,,,,400,,,,,,,,,,1875,,,,
"Fargo, ND",102,11860.33,,,,,,,,,,,,,,,,,1875,,,,
"Sioux Falls, SD",380,56853.05,319,48389.14,,,,,5644.16,,,,,,,,,,1875,,,,
"Springfield, SD",100,15635.46,22,3518.7,,,,,1640.79,,,,,,,,,,1875,,,,
"Yankton, SD",220,34597.94,64,10114.47,,,,,1800,,,,,,,,,,1875,,,,
"Boise, ID",91,13978.63,29,4091.4,,,,,,,,,,,,,,,1875,,,,
"Lewiston, ID",13,1918.97,2,320,,,,,,,,,,,,,,,1875,,,,
"Des Moines, IA",46,3500.62,385,33400.54,,,,,,,,,,,,,,,1875,,,,
"Sioux City, IA",196,16637.26,943,104070.14,,,,,1820.05,,,,,,,,,,1875,,,,
"Springfield, IL",6,440,4,360,,,,,,,,,,,,,,,1875,,,,
"Indianapolis, IN",8,760,8,760,,,,,,,,,,,,,,,1875,,,,
"Concordia, KS",704,96341.45,1082,156149.54,,,,,4448.02,,,,,,,,,,1875,,,,
"Hays, KS",17,2400,8,1279.55,,,,,196.87,,,,,,,,,,1875,,,,
"Independence, KS",44,3747.61,209,21252.32,,,,,484.83,,,,,,,,,,1875,,,,
"Cawker City, KS",494,76855.77,267,41469.69,,,,,4500.89,,,,,,,,,,1875,,,,
"Larned, KS",150,20954.02,26,3905.38,,,,,200,,,,,,,,,,1875,,,,
"Salina, KS",755,91834.81,420,57102.4,,,,,6159.41,,,,,,,,,,1875,,,,
"Topeka, KS",127,10004.74,365,31755.06,,,,,,,,,,,,,,,1875,,,,
"Wichita, KS",438,60144.25,315,49552.63,,,,,8476.98,,,,,,,,,,1875,,,,
"New Orleans, LA",223,27288.58,157,18883.03,,,,,1236.56,,,,,,,,,,1875,,,,
"Natchitoches, LA",93,8685.63,,,,,,,215.68,,,,,,,,,,1875,,,,
"Monroe, LA",160,14145.74,20,2091.7,,,,,,,,,,,,,,,1875,,,,
"Detroit, MI",140,15223.02,50,6296.17,,,,,,,,,,,,,,,1875,,,,
"East Saginaw, MI",148,16426.29,119,13667.87,,,,,950,,,,,,,,,,1875,,,,
"Ionia, MI",267,29671.08,349,33224.75,,,,,3100.59,,,,,,,,,,1875,,,,
"Marquette, MI",194,21543.17,14,2141.1,,,,,1550,,,,,,,,,,1875,,,,
"Traverse City, MI",477,82458.41,395,43502.12,,,,,1968.44,,,,,,,,,,1875,,,,
"Alexandria, MN",143,15298.85,278,42127.63,,,,,746,,,,,,,,,,1875,,,,
"Duluth, MN",414,35939.36,14,2059.21,,,,,381.03,,,,,,,,,,1875,,,,
"Detroit Lakes, MN",62,6699.16,44,6760.67,,,,,,,,,,,,,,,1875,,,,
"Litchfield, MN",189,17568.18,411,40543.64,,,,,1249,,,,,,,,,,1875,,,,
"New Ulm, MN",243,24712.53,329,32187.02,,,,,500,,,,,,,,,,1875,,,,
"Redwood Falls, MN",109,11270.94,252,25838.03,,,,,1132.37,,,,,,,,,,1875,,,,
"St. Cloud, MN",939,80804.75,1089,110511.71,,,,,,,,,,,,,,,1875,,,,
"Taylors Falls, MN",88,9972.88,175,19375.25,,,,,,,,,,,,,,,1875,,,,
"Worthington, MN",276,26899.01,417,47926.47,,,,,4196.65,,,,,,,,,,1875,,,,
"Boonville, MO",133,11638.05,355,30960.51,,,,,,,,,,,,,,,1875,,,,
"Ironton, MO",212,22228.25,363,37614.44,,,,,415.62,,,,,,,,,,1875,,,,
"Springfield, MO",187,18946.33,784,80169.31,,,,,287.25,,,,,,,,,,1875,,,,
"Jackson, MS",410,36702.11,162,13706.84,,,,,251.93,,,,,,,,,,1875,,,,
"Bozeman, MT",7,950.35,31,4886.3,,,,,,,,,,,,,,,1875,,,,
"Helena, MT",31,4335.93,23,3593.88,,,,,1088.29,,,,,,,,,,1875,,,,
"Beatrice, NE",208,21719.95,500,71150.61,,,,,3697.13,,,,,,,,,,1875,,,,
"Bloomington, NE",557,76629.12,120,16102.59,,,,,4510,,,,,,,,,,1875,,,,
"Dakota City, NE",115,16956.34,185,28353.15,,,,,878.43,,,,,,,,,,1875,,,,
"Grand Island, NE",571,66603.67,275,36654.91,,,,,4022.79,,,,,,,,,,1875,,,,
"Lincoln, NE",537,47978.55,1138,121183.01,,,,,3708.52,,,,,,,,,,1875,,,,
"Lowell, NE",28,3623.14,,,,,,,,,,,,,,,,,1875,,,,
"Norfolk, NE",128,16000.28,509,56843.59,,,,,1200,,,,,,,,,,1875,,,,
"North Platte, NE",164,19580.35,74,7420.18,,,,,600,,,,,,,,,,1875,,,,
"La Mesilla, NM",,,,,,,,,,,,,,,,,,,1875,,,,
"Santa Fe, NM",4,560,5,783.87,,,,,,,,,,,,,,,1875,,,,
"Carson City, NV",17,2316.84,6,877.04,,,,,,,,,,,,,,,1875,,,,
"Eureka, NV",12,1800,,,,,,,,,,,,,,,,,1875,,,,
"Elko, NV",29,3545.13,4,560,,,,,,,,,,,,,,,1875,,,,
"Pioche, NV",8,1160,,,,,,,,,,,,,,,,,1875,,,,
"Chillicothe, OH",15,1243.07,17,1433.81,,,,,,,,,,,,,,,1875,,,,
"La Grande, OR",58,8031.5,46,6618.77,,,,,1154.13,,,,,,,,,,1875,,,,
"Linkville, OR",19,2865.03,,,,,,,200,,,,,,,,,,1875,,,,
"Oregon City, OR",223,23470.63,155,20767.59,,,,,1015.19,,,,,,,,,,1875,,,,
"Roseburg, OR",209,27686.76,126,19076.56,,,,,3619.43,,,,,,,,,,1875,,,,
"Salt Lake City, UT",288,35423.83,194,26878.65,,,,,1900,,,,,,,,,,1875,,,,
"Olympia, WA",167,18791.51,89,13887.08,,,,,3444.33,,,,,,,,,,1875,,,,
"Vancouver, WA",77,7334.39,48,7487.35,,,,,400,,,,,,,,,,1875,,,,
"Walla Walla, WA",71,8633.43,41,6483.92,,,,,1116.31,,,,,,,,,,1875,,,,
"Bayfield, WI",21,1942.92,13,1120,,,,,,,,,,,,,,,1875,,,,
"Eau Claire, WI",616,71631.31,260,30396.19,,,,,1335.18,,,,,,,,,,1875,,,,
"St. Croix Falls, WI",387,39824.2,275,25428.72,,,,,300,,,,,,,,,,1875,,,,
"La Crosse, WI",358,34682.19,490,56006.2,,,,,905.13,,,,,,,,,,1875,,,,
"Menasha, WI",111,11712.68,52,4616.47,,,,,524.48,,,,,,,,,,1875,,,,
"Wausau, WI",356,32972.64,228,20786.98,,,,,1450,,,,,,,,,,1875,,,,
"Cheyenne, WY",30,3577.67,3,480,,,,,,,,,,,,,,,1875,,,,
"Huntsville, AL",735,76051.22,198,19170.07,,,,,699.34,,,,,,,,,,1876,,,,
"Montgomery, AL",410,37142.27,620,59705.8,,,,,200.85,,,,,,,,,,1876,,,,
"Mobile, AL",431,44431.12,87,9147.71,,,,,,,,,,,,,,,1876,,,,
"Camden, AR",518,54167.81,310,30593.54,,,,,50,,,,,,,,,,1876,,,,
"Dardanelle, AR",320,27466.37,477,43049.75,,,,,500,,,,,,,,,,1876,,,,
"Harrison, AR",394,43221.48,836,85316.46,,,,,569.82,,,,,,,,,,1876,,,,
"Little Rock, AR",361,33810.04,340,29677.81,,,,,282.8,,,,,,,,,,1876,,,,
"Florence, AZ",16,1920,2,320,,,,,,,,,,,,,,,1876,,,,
"Prescott, AZ",11,1354.63,,,,,,,200,,,,,,,,,,1876,,,,
"Humboldt, CA",255,37383.15,50,5558.85,,,,,12942.37,,,,,,,,,,1876,,,,
"Independence, CA",42,5561.62,19,2764.39,,,,,1000,,,,,,,,,,1876,,,,
"Los Angeles, CA",147,17199.99,52,4702.8,,,,,1245.81,,,,,,,,,,1876,,,,
"Marysville, CA",129,16532.28,47,6145.45,,,,,7863.02,,,,,,,,,,1876,,,,
"San Francisco, CA",504,60194.65,249,27751.88,,,,,6242.57,,,,,,,,,,1876,,,,
"Sacramento, CA",750,72628.33,464,39916.16,,,,,3582.36,,,,,,,,,,1876,,,,
"Stockton, CA",235,34144.34,94,13669.56,,,,,12809.97,,,,,,,,,,1876,,,,
"Shasta, CA",99,9509.27,85,8736.55,,,,,192.96,,,,,,,,,,1876,,,,
"Susanville, CA",426,43886.93,275,26033.73,,,,,3738.67,,,,,,,,,,1876,,,,
"Visalia, CA",899,84142.69,728,66595.29,,,,,7775.5,,,,,,,,,,1876,,,,
"Central City, CO",12,1600,11,1519.43,,,,,612.9,,,,,,,,,,1876,,,,
"Denver, CO",186,20930.11,208,24561.83,,,,,2597.93,,,,,,,,,,1876,,,,
"Del Norte, CO",89,13659.07,12,1599.22,,,,,2000,,,,,,,,,,1876,,,,
"Fairplay, CO",17,2721.1,1,160,,,,,400,,,,,,,,,,1876,,,,
"Pueblo, CO",131,18087.39,64,7613.2,,,,,3877.2,,,,,,,,,,1876,,,,
"Gainesville, FL",2049,252492.57,273,28387.77,,,,,9181.1,,,,,,,,,,1876,,,,
"Bismarck, ND",7,960,5,640,,,,,,,,,,,,,,,1876,,,,
"Fargo, ND",242,27480.72,85,8051.64,,,,,397.63,,,,,,,,,,1876,,,,
"Sioux Falls, SD",898,135246.36,440,64025.34,,,,,8396.38,,,,,,,,,,1876,,,,
"Springfield, SD",211,32990.67,30,4745.51,,,,,1200,,,,,,,,,,1876,,,,
"Yankton, SD",280,42502.04,92,13300.25,,,,,4816.94,,,,,,,,,,1876,,,,
"Boise, ID",75,13154.79,46,7113.92,,,,,,,,,,,,,,,1876,,,,
"Lewiston, ID",12,1406.2,,,,,,,,,,,,,,,,,1876,,,,
"Des Moines, IA",29,1986.09,186,15041.87,,,,,100,,,,,,,,,,1876,,,,
"Sioux City, IA",142,11520.97,1050,116702.42,,,,,1748.63,,,,,,,,,,1876,,,,
"Springfield, IL",2,199.92,2,199.92,,,,,,,,,,,,,,,1876,,,,
"Indianapolis, IN",,,2,80,,,,,,,,,,,,,,,1876,,,,
"Concordia, KS",634,90098.58,1502,217626.32,,,,,4269.18,,,,,,,,,,1876,,,,
"Hays, KS",172,20800.24,23,3120,,,,,800,,,,,,,,,,1876,,,,
"Independence, KS",35,3330.35,164,15706.8,,,,,,,,,,,,,,,1876,,,,
"Kirwin, KS",615,96514.06,228,35841.74,,,,,2200,,,,,,,,,,1876,,,,
"Larned, KS",646,85196.67,131,19863.14,,,,,1200,,,,,,,,,,1876,,,,
"Salina, KS",597,68958.78,597,71139.15,,,,,4600,,,,,,,,,,1876,,,,
"Topeka, KS",73,5883.19,293,26550.6,,,,,188.4,,,,,,,,,,1876,,,,
"Wichita, KS",461,59174,468,68750.47,,,,,3469.15,,,,,,,,,,1876,,,,
"New Orleans, LA",271,34025.42,198,24990.07,,,,,93.8,,,,,,,,,,1876,,,,
"Natchitoches, LA",108,10052.59,17,2232.46,,,,,297.25,,,,,,,,,,1876,,,,
"Monroe, LA",247,22985.49,42,5523.86,,,,,,,,,,,,,,,1876,,,,
"Detroit, MI",92,9044.68,110,15007.33,,,,,100,,,,,,,,,,1876,,,,
"East Saginaw, MI",116,12027.78,115,13099.79,,,,,799.82,,,,,,,,,,1876,,,,
"Ionia, MI",218,24256.43,351,33668.89,,,,,3836.75,,,,,,,,,,1876,,,,
"Marquette, MI",176,19785.66,24,3627.66,,,,,1242.38,,,,,,,,,,1876,,,,
"Traverse City, MI",843,100948.91,410,46489.21,,,,,1294.45,,,,,,,,,,1876,,,,
"Alexandria, MN",292,31453.15,576,86390.21,,,,,970.86,,,,,,,,,,1876,,,,
"Duluth, MN",322,27634.86,20,2638.35,,,,,,,,,,,,,,,1876,,,,
"Detroit Lakes, MN",131,12584.8,86,10105.6,,,,,200,,,,,,,,,,1876,,,,
"Litchfield, MN",764,80313.94,400,37333.18,,,,,1400,,,,,,,,,,1876,,,,
"New Ulm, MN",178,18453.27,335,33852.84,,,,,300,,,,,,,,,,1876,,,,
"Redwood Falls, MN",242,24516.47,284,30271.14,,,,,500,,,,,,,,,,1876,,,,
"St. Cloud, MN",297,26813.62,497,59705.14,,,,,161.12,,,,,,,,,,1876,,,,
"Taylors Falls, MN",75,7273.55,266,27879.7,,,,,,,,,,,,,,,1876,,,,
"Worthington, MN",340,35384.07,428,49474.76,,,,,3849.25,,,,,,,,,,1876,,,,
"Boonville, MO",150,12368.03,454,40101.26,,,,,,,,,,,,,,,1876,,,,
"Ironton, MO",152,18452.73,313,30991.78,,,,,,,,,,,,,,,1876,,,,
"Springfield, MO",233,19592.19,529,55873.29,,,,,200,,,,,,,,,,1876,,,,
"Jackson, MS",540,50481.07,211,19902.19,,,,,113.3,,,,,,,,,,1876,,,,
"Bozeman, MT",1,80,33,5256.7,,,,,,,,,,,,,,,1876,,,,
"Helena, MT",85,12099.14,104,16520.47,,,,,600,,,,,,,,,,1876,,,,
"Beatrice, NE",167,16214.52,550,77490.73,,,,,883.45,,,,,,,,,,1876,,,,
"Bloomington, NE",635,83858.26,229,31745,,,,,3266.37,,,,,,,,,,1876,,,,
"Dakota City, NE",,,52,7810.39,,,,,,,,,,,,,,,1876,,,,
"Niobrara, NE",144,21778.61,118,18270.96,,,,,,,,,,,,,,,1876,,,,
"Grand Island, NE",409,46785.74,325,39196.09,,,,,1995,,,,,,,,,,1876,,,,
"Lincoln, NE",407,37884.15,1614,162843.24,,,,,1300,,,,,,,,,,1876,,,,
"Norfolk, NE",93,12892.31,583,73369.76,,,,,400,,,,,,,,,,1876,,,,
"North Platte, NE",130,16277.21,69,8075.25,,,,,598.05,,,,,,,,,,1876,,,,
"La Mesilla, NM",41,6360,23,3560,,,,,,,,,,,,,,,1876,,,,
"Santa Fe, NM",22,2104.52,17,2475.4,,,,,,,,,,,,,,,1876,,,,
"Carson City, NV",25,3438.55,7,1119.68,,,,,,,,,,,,,,,1876,,,,
"Eureka, NV",14,2075.54,2,320,,,,,,,,,,,,,,,1876,,,,
"Elko, NV",16,1679.48,11,1190.55,,,,,,,,,,,,,,,1876,,,,
"Pioche, NV",8,1030.13,,,,,,,388.75,,,,,,,,,,1876,,,,
"Chillicothe, OH",6,440,14,1080,,,,,,,,,,,,,,,1876,,,,
"La Grande, OR",40,5309.06,31,4526.15,,,,,400,,,,,,,,,,1876,,,,
"Linkville, OR",23,3595.33,2,320,,,,,600,,,,,,,,,,1876,,,,
"Oregon City, OR",258,27455.31,122,17058.91,,,,,299.25,,,,,,,,,,1876,,,,
"Roseburg, OR",212,26613.99,135,19543.76,,,,,1745.8,,,,,,,,,,1876,,,,
"The Dalles, OR",56,6615.18,23,3385.4,,,,,200,,,,,,,,,,1876,,,,
"Salt Lake City, UT",408,49716.61,168,23146.98,,,,,1525.15,,,,,,,,,,1876,,,,
"Olympia, WA",281,32120.33,168,20939.34,,,,,1740.48,,,,,,,,,,1876,,,,
"Vancouver, WA",90,8468.54,70,10499.88,,,,,500,,,,,,,,,,1876,,,,
"Walla Walla, WA",94,11100.66,47,7378.21,,,,,2300,,,,,,,,,,1876,,,,
"Bayfield, WI",19,1668.86,13,1119.46,,,,,,,,,,,,,,,1876,,,,
"Eau Claire, WI",437,44179.06,251,31229.84,,,,,1464.76,,,,,,,,,,1876,,,,
"St. Croix Falls, WI",191,20457.41,268,31866.95,,,,,1072.7,,,,,,,,,,1876,,,,
"La Crosse, WI",301,26439.81,398,46075.2,,,,,850,,,,,,,,,,1876,,,,
"Menasha, WI",142,15488.28,73,7191.37,,,,,40.63,,,,,,,,,,1876,,,,
"Wausau, WI",202,19533,145,14492.34,,,,,819.78,,,,,,,,,,1876,,,,
"Cheyenne, WY",36,3957.97,13,1480,,,,,,,,,,,,,,,1876,,,,
"Huntsville, AL",686,71554.12,181,18125.52,,,,,846.59,,,,,,,,,,1877,,,,
"Montgomery, AL",387,35323.53,301,27889.77,,,,,150.47,,,,,,,,,,1877,,,,
"Mobile, AL",167,16273.9,128,13605.7,,,,,,,,,,,,,,,1877,,,,
"Camden, AR",453,48928.74,369,39054.34,,,,,750,,,,,,,,,,1877,,,,
"Dardanelle, AR",340,28892.05,239,22784.33,,,,,150.87,,,,,,,,,,1877,,,,
"Harrison, AR",389,40859.77,408,44937.83,,,,,50,,,,,,,,,,1877,,,,
"Little Rock, AR",336,33052.06,422,41395.24,,,,,700.2,,,,,,,,,,1877,,,,
"Florence, AZ",15,1694.57,2,320,,,,,200,,,,,,,,,,1877,,,,
"Prescott, AZ",25,3664.88,3,480,,,,,599.35,,,,,,,,,,1877,,,,
"Humboldt, CA",203,31522.08,18,2729.82,,,,,11464.6,,,,,,,,,,1877,,,,
"Independence, CA",19,2800,11,1501.18,,,,,600,,,,,,,,,,1877,,,,
"Los Angeles, CA",56,6449.72,6,811.77,,,,,600,,,,,,,,,,1877,,,,
"Marysville, CA",199,24415.81,75,8961.24,,,,,5023.27,,,,,,,,,,1877,,,,
"San Francisco, CA",308,43374.46,120,17031.48,,,,,4856.26,,,,,,,,,,1877,,,,
"Sacramento, CA",228,27909.57,119,12546.7,,,,,2813.72,,,,,,,,,,1877,,,,
"Stockton, CA",145,21377.98,106,15865.04,,,,,7908.21,,,,,,,,,,1877,,,,
"Shasta, CA",58,5639.28,20,2641.58,,,,,900,,,,,,,,,,1877,,,,
"Susanville, CA",103,15595.09,67,9707.71,,,,,5202.8,,,,,,,,,,1877,,,,
"Visalia, CA",188,21330.27,62,8642.08,,,,,7368.9,,,,,,,,,,1877,,,,
"Central City, CO",3,359.86,11,1711.25,,,,,,,,,,,,,,,1877,,,,
"Denver, CO",119,13972.43,161,18843.2,,,,,600,,,,,,,,,,1877,,,,
"Del Norte, CO",49,7675.9,5,720,,,,,1732.4,,,,,,,,,,1877,,,,
"Fairplay, CO",17,2720,1,160,,,,,795.25,,,,,,,,,,1877,,,,
"Pueblo, CO",90,13338.13,38,5905.41,,,,,2239.61,,,,,,,,,,1877,,,,
"Gainesville, FL",1600,185771.8,171,17693.8,,,,,11609.68,,,,,,,,,,1877,,,,
"Bismarck, ND",10,1395.4,2,320,,,,,,,,,,,,,,,1877,,,,
"Fargo, ND",150,20286.06,24,3807.48,,,,,293.42,,,,,,,,,,1877,,,,
"Sioux Falls, SD",344,52930.6,380,59275.89,,,,,7759.75,,,,,,,,,,1877,,,,
"Springfield, SD",108,17080.95,39,6112.45,,,,,400.18,,,,,,,,,,1877,,,,
"Yankton, SD",214,32186.71,118,18474.03,,,,,1600,,,,,,,,,,1877,,,,
"Boise, ID",127,18156.55,33,4864.33,,,,,,,,,,,,,,,1877,,,,
"Lewiston, ID",61,9484.43,10,1594.64,,,,,,,,,,,,,,,1877,,,,
"Des Moines, IA",22,1330.99,184,14868.35,,,,,,,,,,,,,,,1877,,,,
"Sioux City, IA",56,4905.8,997,103315.71,,,,,,,,,,,,,,,1877,,,,
"Springfield, IL",,,,,,,,,,,,,,,,,,,1877,,,,
"Indianapolis, IN",2,272.28,,,,,,,,,,,,,,,,,1877,,,,
"Concordia, KS",623,86282.48,1906,280343.67,,,,,2097.25,,,,,,,,,,1877,,,,
"Hays, KS",390,43361.15,22,3315,,,,,800,,,,,,,,,,1877,,,,
"Independence, KS",17,1467.87,108,10495.82,,,,,,,,,,,,,,,1877,,,,
"Kirwin, KS",530,81888.13,362,57533.35,,,,,1400,,,,,,,,,,1877,,,,
"Larned, KS",763,107330.64,180,27583.71,,,,,1700,,,,,,,,,,1877,,,,
"Salina, KS",610,70372.13,899,101052.49,,,,,4707.8,,,,,,,,,,1877,,,,
"Topeka, KS",73,5708.37,244,20901.59,,,,,,,,,,,,,,,1877,,,,
"Wichita, KS",376,45461.01,569,78913.31,,,,,2000,,,,,,,,,,1877,,,,
"New Orleans, LA",284,37925.46,133,17687.65,,,,,1037.39,,,,,,,,,,1877,,,,
"Natchitoches, LA",100,8483.54,171,19600.56,,,,,,,,,,,,,,,1877,,,,
"Monroe, LA",88,6314.5,48,6023.51,,,,,,,,,,,,,,,1877,,,,
"Detroit, MI",107,11416.79,71,9983.19,,,,,400,,,,,,,,,,1877,,,,
"East Saginaw, MI",89,8366.75,89,10328.73,,,,,600,,,,,,,,,,1877,,,,
"Ionia, MI",106,10113.48,245,26304.61,,,,,1700,,,,,,,,,,1877,,,,
"Marquette, MI",134,15201.53,28,4015.75,,,,,844.5,,,,,,,,,,1877,,,,
"Traverse City, MI",511,58905.33,339,39306.1,,,,,2082.16,,,,,,,,,,1877,,,,
"Alexandria, MN",64,7630.09,100,14051.7,,,,,394.17,,,,,,,,,,1877,,,,
"Benson, MN",334,36593.45,332,21859.63,,,,,600,,,,,,,,,,1877,,,,
"Duluth, MN",23,2215.91,16,2120,,,,,,,,,,,,,,,1877,,,,
"Litchfield, MN",93,11378.98,77,7492.31,,,,,500,,,,,,,,,,1877,,,,
"Detroit Lakes, MN",181,20449.59,31,4488.8,,,,,,,,,,,,,,,1877,,,,
"Fergus Falls, MN",241,29232.51,205,29425.63,,,,,,,,,,,,,,,1877,,,,
"New Ulm, MN",99,10782.58,202,21853.78,,,,,1000,,,,,,,,,,1877,,,,
"Redwood Falls, MN",134,13774.46,229,24958.42,,,,,200,,,,,,,,,,1877,,,,
"St. Cloud, MN",196,20017.78,307,37834.65,,,,,,,,,,,,,,,1877,,,,
"Taylors Falls, MN",67,7231.66,149,15925.51,,,,,,,,,,,,,,,1877,,,,
"Worthington, MN",216,22694.71,532,62694.29,,,,,2739.5,,,,,,,,,,1877,,,,
"Boonville, MO",131,10594.94,346,33549.22,,,,,,,,,,,,,,,1877,,,,
"Ironton, MO",134,14156.14,371,43487.27,,,,,50,,,,,,,,,,1877,,,,
"Springfield, MO",134,12913.1,507,58180.15,,,,,,,,,,,,,,,1877,,,,
"Jackson, MS",390,40489.16,192,20446.84,,,,,,,,,,,,,,,1877,,,,
"Bozeman, MT",14,1301.14,71,10948.2,,,,,,,,,,,,,,,1877,,,,
"Helena, MT",38,5296.46,78,12339.28,,,,,,,,,,,,,,,1877,,,,
"Beatrice, NE",130,11854.55,548,71232.38,,,,,750,,,,,,,,,,1877,,,,
"Bloomington, NE",369,51314.9,218,33995.06,,,,,1108,,,,,,,,,,1877,,,,
"Grand Island, NE",371,42855.02,537,66077.26,,,,,1000,,,,,,,,,,1877,,,,
"Lincoln, NE",245,20552.64,1478,150815.68,,,,,383.37,,,,,,,,,,1877,,,,
"Niobrara, NE",113,17510.98,235,36380.46,,,,,,,,,,,,,,,1877,,,,
"Norfolk, NE",91,13621.23,435,55186.68,,,,,200,,,,,,,,,,1877,,,,
"North Platte, NE",37,4603.11,56,8051,,,,,525.25,,,,,,,,,,1877,,,,
"La Mesilla, NM",10,1601.87,4,560,,,,,,,,,,,,,,,1877,,,,
"Santa Fe, NM",9,1280,3,479.82,,,,,,,,,,,,,,,1877,,,,
"Carson City, NV",21,2320,22,3118.96,,,,,,,,,,,,,,,1877,,,,
"Eureka, NV",13,1940.75,2,320,,,,,,,,,,,,,,,1877,,,,
"Elko, NV",7,960,5,545.24,,,,,,,,,,,,,,,1877,,,,
"Pioche, NV",,,,,,,,,,,,,,,,,,,1877,,,,
"Chillicothe, OH",1,40,13,838.51,,,,,,,,,,,,,,,1877,,,,
"La Grande, OR",80,10663.7,62,9043.46,,,,,771.25,,,,,,,,,,1877,,,,
"The Dalles, OR",70,8525.05,49,7048.69,,,,,,,,,,,,,,,1877,,,,
"Linkville, OR",28,4038.92,1,160,,,,,445.73,,,,,,,,,,1877,,,,
"Oregon City, OR",274,27859.23,163,21113.36,,,,,1014.21,,,,,,,,,,1877,,,,
"Roseburg, OR",146,19411.14,144,20990.94,,,,,1169.85,,,,,,,,,,1877,,,,
"Beaver, UT",27,4006.37,16,2469.28,,,,,,,,,,,,,,,1877,,,,
"Salt Lake City, UT",451,56882.96,219,26713.77,,,,,949.86,,,,,,,,,,1877,,,,
"Olympia, WA",158,17542.33,120,16666.44,,,,,2133.12,,,,,,,,,,1877,,,,
"Vancouver, WA",111,10409,108,13854.74,,,,,854,,,,,,,,,,1877,,,,
"Walla Walla, WA",202,26751.98,42,6191.03,,,,,1300,,,,,,,,,,1877,,,,
"Bayfield, WI",15,1483.07,2,160,,,,,,,,,,,,,,,1877,,,,
"Eau Claire, WI",275,27226.11,236,29442.73,,,,,400,,,,,,,,,,1877,,,,
"St. Croix Falls, WI",187,18740.91,251,27564.7,,,,,136,,,,,,,,,,1877,,,,
"La Crosse, WI",226,21743.86,336,38011.77,,,,,902.4,,,,,,,,,,1877,,,,
"Menasha, WI",95,9896.71,66,7685.64,,,,,780.9,,,,,,,,,,1877,,,,
"Wausau, WI",167,14850.8,114,10717.58,,,,,637.05,,,,,,,,,,1877,,,,
"Cheyenne, WY",25,3206,6,880,,,,,,,,,,,,,,,1877,,,,
"Huntsville, AL",1008,100031.13,267,24498.03,,,,,849.87,,,,,,,,,,1878,,,,
"Montgomery, AL",481,46543.12,231,21783.97,,,,,210.75,,,,,,,,,,1878,,,,
"Mobile, AL",196,22899.04,96,10796.9,,,,,,,,,,,,,,,1878,,,,
"Camden, AR",545,59837.55,406,43691.68,,,,,1000,,,,,,,,,,1878,,,,
"Dardanelle, AR",585,54216.62,346,mislaid?,,,,,657.57,,,,,,,,,,1878,,,,
"Harrison, AR",688,74434.75,478,51219.17,,,,,243.63,,,,,,,,,,1878,,,,
"Little Rock, AR",437,40217.71,505,49313.54,,,,,100,,,,,,,,,,1878,,,,
"Florence, AZ",21,2553.4,2,320,,,,,,,,,,,,,,,1878,,,,
"Prescott, AZ",16,2350.41,1,160,,,,,,,,,,,,,,,1878,,,,
"Humboldt, CA",189,28922.28,38,4937.92,,,,,14280.86,,,,,,,,,,1878,,,,
"Independence, CA",35,5160,24,3731.06,,,,,200,,,,,,,,,,1878,,,,
"Los Angeles, CA",51,6408.43,18,2620.32,,,,,643.8,,,,,,,,,,1878,,,,
"Marysville, CA",337,31645.59,216,19256.09,,,,,6888,,,,,,,,,,1878,,,,
"San Francisco, CA",418,56688.75,160,18151.76,,,,,7155.78,,,,,,,,,,1878,,,,
"Sacramento, CA",347,38519.41,225,21072.17,,,,,2001.42,,,,,,,,,,1878,,,,
"Stockton, CA",212,31669.43,112,16231.38,,,,,4637.85,,,,,,,,,,1878,,,,
"Shasta, CA",89,9237.25,57,5382.65,,,,,400,,,,,,,,,,1878,,,,
"Susanville, CA",164,23853.95,158,20188.08,,,,,3195.94,,,,,,,,,,1878,,,,
"Visalia, CA",121,12742.09,69,8525.41,,,,,200,,,,,,,,,,1878,,,,
"Central City, CO",17,2400.51,15,1858.11,,,,,800,,,,,,,,,,1878,,,,
"Denver, CO",249,28271.35,164,19963.26,,,,,1098.7,,,,,,,,,,1878,,,,
"Del Norte, CO",101,15832.43,15,2116.13,,,,,400,,,,,,,,,,1878,,,,
"Fairplay, CO",32,4982.66,4,520,,,,,400,,,,,,,,,,1878,,,,
"Lake City, CO",13,1918.8,2,240,,,,,,,,,,,,,,,1878,,,,
"Pueblo, CO",211,30588.55,93,13121.47,,,,,2050,,,,,,,,,,1878,,,,
"Bismarck, ND",33,4293.08,9,1230.7,,,,,,,,,,,,,,,1878,,,,
"Fargo, ND",1019,135058.3,162,15830.01,,,,,1990.63,,,,,,,,,,1878,,,,
"Springfield, SD",366,57663.54,35,5595.98,,,,,1356.13,,,,,,,,,,1878,,,,
"Sioux Falls, SD",2610,407730.7,503,78512.1,,,,,12215.42,,,,,,,,,,1878,,,,
"Yankton, SD",858,134860.73,136,20987.45,,,,,1400,,,,,,,,,,1878,,,,
"Gainesville, FL",1349,150413.61,216,23856.33,,,,,10112.47,,,,,,,,,,1878,,,,
"Boise, ID",58,8729.16,26,4038.35,,,,,,,,,,,,,,,1878,,,,
"Lewiston, ID",192,28825.94,28,3386.53,,,,,,,,,,,,,,,1878,,,,
"Des Moines, IA",32,2086.55,211,17941.49,,,,,400,,,,,,,,,,1878,,,,
"Sioux City, IA",69,6317.36,768,74468.35,,,,,388.28,,,,,,,,,,1878,,,,
"Springfield, IL",46,3882.42,,,,,,,,,,,,,,,,,1878,,,,
"Indianapolis, IN",2,80,,,,,,,,,,,,,,,,,1878,,,,
"Concordia, KS",1071,148917.66,1924,281675.13,,,,,1940.07,,,,,,,,,,1878,,,,
"Hays, KS",1055,145977.99,33,4787.99,,,,,1200,,,,,,,,,,1878,,,,
"Independence, KS",143,18062.91,79,7748.84,,,,,150,,,,,,,,,,1878,,,,
"Kirwin, KS",2453,383646.13,742,117321.1,,,,,1175,,,,,,,,,,1878,,,,
"Larned, KS",1807,249187.63,237,35772.04,,,,,600,,,,,,,,,,1878,,,,
"Salina, KS",981,112015.73,1009,119596.29,,,,,4942.92,,,,,,,,,,1878,,,,
"Topeka, KS",122,9147.75,233,27683.78,,,,,,,,,,,,,,,1878,,,,
"Wichita, KS",295,36667.77,702,94733.83,,,,,2855.37,,,,,,,,,,1878,,,,
"New Orleans, LA",200,26962.62,239,32074.38,,,,,43.35,,,,,,,,,,1878,,,,
"Natchitoches, LA",127,11774.42,119,13665.22,,,,,398.85,,,,,,,,,,1878,,,,
"Monroe, LA",120,10196.39,48,3456.76,,,,,,,,,,,,,,,1878,,,,
"Detroit, MI",118,11620.91,75,8991.37,,,,,42.88,,,,,,,,,,1878,,,,
"East Saginaw, MI",136,14493.85,57,6925.28,,,,,200,,,,,,,,,,1878,,,,
"Ionia, MI",99,8940.25,297,34656.66,,,,,1250,,,,,,,,,,1878,,,,
"Marquette, MI",299,39634.07,40,5224.5,,,,,650,,,,,,,,,,1878,,,,
"Traverse City, MI",430,46205.94,578,69118.48,,,,,3992.54,,,,,,,,,,1878,,,,
"Benson, MN",1301,167190.69,398,39546.27,,,,,3099.23,,,,,,,,,,1878,,,,
"Duluth, MN",21,1969.27,50,4901.39,,,,,,,,,,,,,,,1878,,,,
"Detroit Lakes, MN",637,74556.45,168,19840.9,,,,,,,,,,,,,,,1878,,,,
"Fergus Falls, MN",809,94286.61,358,47462.59,,,,,1000,,,,,,,,,,1878,,,,
"New Ulm, MN",793,94483.22,365,41490.97,,,,,1300,,,,,,,,,,1878,,,,
"Redwood Falls, MN",562,60446.9,250,27511.42,,,,,2050,,,,,,,,,,1878,,,,
"St. Cloud, MN",318,29693.6,307,33342.55,,,,,200,,,,,,,,,,1878,,,,
"Taylors Falls, MN",64,5898.57,149,17536.69,,,,,,,,,,,,,,,1878,,,,
"Worthington, MN",542,65278.48,609,71518.52,,,,,4096.86,,,,,,,,,,1878,,,,
"Boonville, MO",157,13361.58,369,33925.42,,,,,,,,,,,,,,,1878,,,,
"Ironton, MO",212,21107.02,221,23939.68,,,,,,,,,,,,,,,1878,,,,
"Springfield, MO",285,28427.02,410,45380.21,,,,,,,,,,,,,,,1878,,,,
"Jackson, MS",508,52841.47,386,42210.16,,,,,,,,,,,,,,,1878,,,,
"Bozeman, MT",21,2554.11,34,5359.69,,,,,150,,,,,,,,,,1878,,,,
"Helena, MT",55,7082.53,92,13914.92,,,,,200,,,,,,,,,,1878,,,,
"Beatrice, NE",129,10855.88,447,51569.88,,,,,700,,,,,,,,,,1878,,,,
"Bloomington, NE",1104,158863.49,497,72192.73,,,,,1200,,,,,,,,,,1878,,,,
"Grand Island, NE",941,124580.68,754,87428.02,,,,,700,,,,,,,,,,1878,,,,
"Lincoln, NE",239,20718.67,1577,159229.47,,,,,599,,,,,,,,,,1878,,,,
"Niobrara, NE",264,41171.42,227,35427.2,,,,,200,,,,,,,,,,1878,,,,
"Norfolk, NE",246,38343.06,338,43072.88,,,,,,,,,,,,,,,1878,,,,
"North Platte, NE",102,13059.35,58,7114.78,,,,,400,,,,,,,,,,1878,,,,
"La Mesilla, NM",16,2317.84,6,959.06,,,,,,,,,,,,,,,1878,,,,
"Santa Fe, NM",15,2242.01,1,40,,,,,,,,,,,,,,,1878,,,,
"Carson City, NV",27,3410.42,18,2420,,,,,200,,,,,,,,,,1878,,,,
"Eureka, NV",14,2000,8,1200,,,,,,,,,,,,,,,1878,,,,
"Elko, NV",6,640,9,1029.22,,,,,,,,,,,,,,,1878,,,,
"Pioche, NV",,,,,,,,,,,,,,,,,,,1878,,,,
"Chillicothe, OH",2,49.75,,,,,,,,,,,,,,,,,1878,,,,
"La Grande, OR",133,17660.77,87,11132.03,,,,,450,,,,,,,,,,1878,,,,
"The Dalles, OR",115,12662.55,21,2804.51,,,,,200,,,,,,,,,,1878,,,,
"Linkville, OR",43,6739.66,5,800,,,,,400,,,,,,,,,,1878,,,,
"Oregon City, OR",267,26232.17,140,16504.42,,,,,1268.72,,,,,,,,,,1878,,,,
"Roseburg, OR",171,22444.21,169,23464.66,,,,,909.93,,,,,,,,,,1878,,,,
"Salt Lake City, UT",652,82837.95,235,31531.79,,,,,4988.35,,,,,,,,,,1878,,,,
"Colfax, WA",111,14022.17,5,640,,,,,200,,,,,,,,,,1878,,,,
"Olympia, WA",255,26484.69,161,18210.93,,,,,912.96,,,,,,,,,,1878,,,,
"Vancouver, WA",176,15868.97,84,8505.07,,,,,,,,,,,,,,,1878,,,,
"Walla Walla, WA",426,55344.66,80,9646.54,,,,,2700,,,,,,,,,,1878,,,,
"Bayfield, WI",22,2160,4,560,,,,,,,,,,,,,,,1878,,,,
"Eau Claire, WI",284,27945.75,252,33127.82,,,,,350,,,,,,,,,,1878,,,,
"St. Croix Falls, WI",139,13222.77,233,24448.37,,,,,150,,,,,,,,,,1878,,,,
"La Crosse, WI",218,17887.63,298,32751.25,,,,,100,,,,,,,,,,1878,,,,
"Menasha, WI",132,14755.1,53,5590.58,,,,,,,,,,,,,,,1878,,,,
"Wausau, WI",334,33206.84,123,12525.02,,,,,124.43,,,,,,,,,,1878,,,,
"Cheyenne, WY",23,2878.11,6,960,,,,,,,,,,,,,,,1878,,,,
"Evanston, WY",3,399.42,1,160,,,,,,,,,,,,,,,1878,,,,
"Huntsville, AL",954,96104.91,159,16666.26,,,,,100,,,,,,,,,,1879,,,,
"Montgomery, AL",114,9908.5,123,14500.71,,,,,,,,,,,,,,,1879,,,,
"Mobile, AL",553,52149.38,262,24442.01,,,,,,,,,,,,,,,1879,,,,
"Florence, AZ",26,3040.68,4,360,,,,,,,,,,,,,,,1879,,,,
"Prescott, AZ",14,2019.29,3,478.53,,,,,,,,,,,,,,,1879,,,,
"Camden, AR",564,62036.54,236,25678.95,,,,,450,,,,,,,,,,1879,,,,
"Dardanelle, AR",637,58671.2,71,7411.49,,,,,752,,,,,,,,,,1879,,,,
"Harrison, AR",84,46522.26,300,32986.66,,,,,100,,,,,,,,,,1879,,,,
"Little Rock, AR",668,63697.04,265,25995.84,,,,,200,,,,,,,,,,1879,,,,
"Bodie, CA",21,3360,5,800.34,,,,,600,,,,,,,,,,1879,,,,
"Humboldt, CA",227,28699.78,117,11002.15,,,,,11860.05,,,,,,,,,,1879,,,,
"Los Angeles, CA",122,14664.83,70,9141.53,,,,,799.52,,,,,,,,,,1879,,,,
"Marysville, CA",290,31761,146,14148.74,,,,,4009.47,,,,,,,,,,1879,,,,
"Sacramento, CA",310,33161.95,169,16976.89,,,,,,,,,,,,,,,1879,,,,
"San Francisco, CA",415,48179.24,198,24389.42,,,,,2394.24,,,,,,,,,,1879,,,,
"Shasta, CA",147,15990.71,52,5108,,,,,797.5,,,,,,,,,,1879,,,,
"Stockton, CA",123,15348.18,128,17756.04,,,,,2156.31,,,,,,,,,,1879,,,,
"Susanville, CA",142,21153.09,87,11719.15,,,,,3263.71,,,,,,,,,,1879,,,,
"Visalia, CA",102,10695.51,56,6834.08,,,,,2923.46,,,,,,,,,,1879,,,,
"Central City, CO",23,3320,13,1679.46,,,,,,,,,,,,,,,1879,,,,
"Del Norte, CO",55,8563.89,22,3336.49,,,,,250,,,,,,,,,,1879,,,,
"Denver, CO",157,19093.8,121,15554.03,,,,,449.95,,,,,,,,,,1879,,,,
"Fairplay, CO",34,5400.75,16,2558.52,,,,,1350,,,,,,,,,,1879,,,,
"Lake City, CO",1,80,1,80,,,,,,,,,,,,,,,1879,,,,
"Pueblo, CO",210,28903.98,144,19275.97,,,,,750,,,,,,,,,,1879,,,,
"Bismarck, ND",32,4327.88,8,1050.96,,,,,,,,,,,,,,,1879,,,,
"Deadwood, SD",35,5153.69,,,,,,,,,,,,,,,,,1879,,,,
"Fargo, ND",2031,295313.48,204,18978.57,,,,,4187.65,,,,,,,,,,1879,,,,
"Sioux Falls, SD",1685,257963.12,614,96027.8,,,,,16241.12,,,,,,,,,,1879,,,,
"Springfield, SD",786,123965.83,85,12758.37,,,,,1693.36,,,,,,,,,,1879,,,,
"Yankton, SD",1130,178131.65,224,33983.57,,,,,2944.37,,,,,,,,,,1879,,,,
"Gainesville, FL",522,57500.58,214,22583.72,,,,,3676.76,,,,,,,,,,1879,,,,
"Boise, ID",163,24529.77,36,5150.28,,,,,,,,,,,,,,,1879,,,,
"Lewiston, ID",189,25202.7,55,4633.98,,,,,1599.15,,,,,,,,,,1879,,,,
"Oxford, ID",19,3040,,,,,,,,,,,,,,,,,1879,,,,
"Des Moines, IA",42,3173.31,539,49974.85,,,,,200,,,,,,,,,,1879,,,,
"Concordia, KS",839,101962.28,1160,168025.74,,,,,1855.12,,,,,,,,,,1879,,,,
"Hays, KS",2301,327008.8,38,5500.15,,,,,1300,,,,,,,,,,1879,,,,
"Independence, KS",106,11673.95,52,5525.04,,,,,203.83,,,,,,,,,,1879,,,,
"Kirwin, KS",4759,742252.72,715,113072.29,,,,,1544.52,,,,,,,,,,1879,,,,
"Larned, KS",1716,247108.68,281,41031.89,,,,,2898.62,,,,,,,,,,1879,,,,
"Salina, KS",1246,136127.63,873,104386.72,,,,,2500,,,,,,,,,,1879,,,,
"Topeka, KS",165,10907.72,141,11933.85,,,,,,,,,,,,,,,1879,,,,
"Wichita, KS",218,27436.04,479,65040.4,,,,,1400,,,,,,,,,,1879,,,,
"Natchitoches, LA",93,8615.93,100,11124.66,,,,,40.25,,,,,,,,,,1879,,,,
"New Orleans, LA",150,17776.76,231,29383.53,,,,,,,,,,,,,,,1879,,,,
"Monroe, LA",3,159.21,3,399.93,,,,,,,,,,,,,,,1879,,,,
"Detroit, MI",146,16401.62,63,7122.47,,,,,200,,,,,,,,,,1879,,,,
"East Saginaw, MI",387,53167.91,45,5107.19,,,,,250,,,,,,,,,,1879,,,,
"Ionia, MI",336,42817.67,78,8551.3,,,,,450,,,,,,,,,,1879,,,,
"Marquette, MI",505,43601.74,435,50859.91,,,,,1730.19,,,,,,,,,,1879,,,,
"Traverse City, MI",19,1960.29,28,3101.51,,,,,273.33,,,,,,,,,,1879,,,,
"Benson, MN",956,104210.62,350,33715.56,,,,,4958.49,,,,,,,,,,1879,,,,
"Detroit Lakes, MN",1183,151595.78,174,16146.69,,,,,1196.73,,,,,,,,,,1879,,,,
"Duluth, MN",84,8565.58,69,6719.41,,,,,,,,,,,,,,,1879,,,,
"Fergus Falls, MN",1027,118764.4,331,41364.53,,,,,685.5,,,,,,,,,,1879,,,,
"New Ulm, MN",585,67996.17,303,32287.88,,,,,4339.93,,,,,,,,,,1879,,,,
"Redwood Falls, MN",573,63108.98,238,23923.15,,,,,782.42,,,,,,,,,,1879,,,,
"St. Cloud, MN",531,54055.23,221,30033.86,,,,,,,,,,,,,,,1879,,,,
"Taylors Falls, MN",348,30875.51,376,33481.31,,,,,,,,,,,,,,,1879,,,,
"Worthington, MN",390,38943.61,368,40663.79,,,,,3242.3,,,,,,,,,,1879,,,,
"Jackson, MS",195,19338.52,309,35709.49,,,,,284.48,,,,,,,,,,1879,,,,
"Boonville, MO",131,10087.38,142,13607.19,,,,,,,,,,,,,,,1879,,,,
"Ironton, MO",138,14137.15,151,16918.95,,,,,,,,,,,,,,,1879,,,,
"Springfield, MO",165,15200.74,156,17124.85,,,,,,,,,,,,,,,1879,,,,
"Bozeman, MT",43,5364.97,19,2959.37,,,,,,,,,,,,,,,1879,,,,
"Helena, MT",97,12728.46,53,7523.84,,,,,400,,,,,,,,,,1879,,,,
"Beatrice, NE",60,4673.98,274,31939.27,,,,,200,,,,,,,,,,1879,,,,
"Bloomington, NE",2074,307131.23,522,75391.51,,,,,1445.74,,,,,,,,,,1879,,,,
"Grand Island, NE",1098,149000.77,684,79069.17,,,,,2410,,,,,,,,,,1879,,,,
"Lincoln, NE",171,14316.25,1085,106742.77,,,,,,,,,,,,,,,1879,,,,
"Niobrara, NE",494,93256.67,142,22023.98,,,,,,,,,,,,,,,1879,,,,
"Norfolk, NE",260,39892.89,182,25465.02,,,,,,,,,,,,,,,1879,,,,
"North Platte, NE",787,95579.56,61,8413.64,,,,,200,,,,,,,,,,1879,,,,
"La Mesilla, NM",28,3480,7,1040,,,,,,,,,,,,,,,1879,,,,
"Santa Fe, NM",59,9178.82,2,218.98,,,,,,,,,,,,,,,1879,,,,
"Carson City, NV",46,6113.51,38,4507.71,,,,,,,,,,,,,,,1879,,,,
"Eureka, NV",28,4237.31,6,720,,,,,,,,,,,,,,,1879,,,,
"La Grande, OR",107,13518.49,63,6847.39,,,,,200,,,,,,,,,,1879,,,,
"Linkville, OR",36,5689.71,7,1110.2,,,,,600,,,,,,,,,,1879,,,,
"Oregon City, OR",172,17568.07,80,8742.1,,,,,899.58,,,,,,,,,,1879,,,,
"Roseburg, OR",215,25163.63,114,14886.67,,,,,1000,,,,,,,,,,1879,,,,
"The Dalles, OR",120,12312.07,31,3365.61,,,,,1000,,,,,,,,,,1879,,,,
"Salt Lake City, UT",542,71685.59,99,12741.14,,,,,3052.82,,,,,,,,,,1879,,,,
"Colfax, WA",425,47469.05,99,8775.92,,,,,1000,,,,,,,,,,1879,,,,
"Olympia, WA",335,37486.63,110,11634.57,,,,,139.12,,,,,,,,,,1879,,,,
"Vancouver, WA",241,23899.43,42,4011.54,,,,,,,,,,,,,,,1879,,,,
"Walla Walla, WA",327,36825.13,158,12594.44,,,,,4200,,,,,,,,,,1879,,,,
"Bayfield, WI",58,6018.5,1,160,,,,,,,,,,,,,,,1879,,,,
"Eau Claire, WI",228,24941.02,194,26194.92,,,,,200,,,,,,,,,,1879,,,,
"St. Croix Falls, WI",152,14828.64,160,18484.42,,,,,446.65,,,,,,,,,,1879,,,,
"La Crosse, WI",157,13036.57,216,23203.18,,,,,250,,,,,,,,,,1879,,,,
"Menasha, WI",236,30347.87,40,4099,,,,,210.05,,,,,,,,,,1879,,,,
"Wausau, WI",254,26848.08,114,11671.82,,,,,250,,,,,,,,,,1879,,,,
"Cheyenne, WY",31,4489.47,5,753.9,,,,,400,,,,,,,,,,1879,,,,
"Evanston, WY",3,400,,,,,,,,,,,,,,,,,1879,,,,
"Huntsville, AL",1377,144034.36,263,28891.06,,,,,,,,,,,,,,,1880,,,,
"Montgomery, AL",1544,172130.04,136,14943.19,,,,,199.91,,,,,,,,,,1880,,,,
"Florence, AZ",32,4637.87,6,695.11,,,,,,,,,,,,,,,1880,,,,
"Prescott, AZ",20,2999.02,8,1194.51,,,,,,,,,,,,,,,1880,,,,
"Camden, AR",957,105820.29,334,38006.86,,,,,650,,,,,,,,,,1880,,,,
"Dardanelle, AR",978,98195.69,142,13276.05,,,,,500,,,,,,,,,,1880,,,,
"Harrison, AR",791,83096.69,289,33537.18,,,,,600,,,,,,,,,,1880,,,,
"Little Rock, AR",914,85324.91,221,22375.05,,,,,200,,,,,,,,,,1880,,,,
"Bodie, CA",41,5571.35,23,3309.97,,,,,303.45,,,,,,,,,,1880,,,,
"Humboldt, CA",113,16597.82,72,10364.93,,,,,6743.77,,,,,,,,,,1880,,,,
"Los Angeles, CA",121,15922.85,53,6578.99,,,,,394.52,,,,,,,,,,1880,,,,
"Marysville, CA",242,30641.66,74,8056.21,,,,,2025.69,,,,,,,,,,1880,,,,
"Sacramento, CA",285,36087.51,157,19925.17,,,,,388.44,,,,,,,,,,1880,,,,
"San Francisco, CA",383,51267.39,177,22335.87,,,,,6864.34,,,,,,,,,,1880,,,,
"Shasta, CA",153,19935.85,22,2288.89,,,,,,,,,,,,,,,1880,,,,
"Stockton, CA",189,27431.05,132,19291.32,,,,,1847.01,,,,,,,,,,1880,,,,
"Susanville, CA",99,15430.02,47,6942.28,,,,,950,,,,,,,,,,1880,,,,
"Visalia, CA",95,11244.69,96,11871.02,,,,,1150.32,,,,,,,,,,1880,,,,
"Central City, CO",23,2879.1,14,2160,,,,,,,,,,,,,,,1880,,,,
"Del Norte, CO",76,11540.9,62,9800,,,,,1800,,,,,,,,,,1880,,,,
"Denver, CO",328,44762.6,135,17865.58,,,,,793.4,,,,,,,,,,1880,,,,
"Lake City, CO",34,4254.8,20,2059.41,,,,,,,,,,,,,,,1880,,,,
"Leadville, CO",34,5023.73,12,1604.77,,,,,1553.69,,,,,,,,,,1880,,,,
"Pueblo, CO",244,34997.05,175,25012.6,,,,,1773.21,,,,,,,,,,1880,,,,
"Bismarck, ND",81,12606.84,5,797.4,,,,,,,,,,,,,,,1880,,,,
"Deadwood, SD",121,18652.58,1,160,,,,,,,,,,,,,,,1880,,,,
"Fargo, ND",2936,449664.31,195,20474.6,,,,,3191.9,,,,,,,,,,1880,,,,
"Grand Forks, ND",1015,160746.43,4,480,,,,,2287.11,,,,,,,,,,1880,,,,
"Sioux Falls, SD",1924,293975.39,544,82980.47,,,,,17078.57,,,,,,,,,,1880,,,,
"Springfield, SD",1386,210001.38,178,21594.52,,,,,2295.58,,,,,,,,,,1880,,,,
"Yankton, SD",1160,181298.73,221,33162.24,,,,,4105.44,,,,,,,,,,1880,,,,
"Gainesville, FL",820,86213.82,271,33042.97,,,,,2420.01,,,,,,,,,,1880,,,,
"Boise, ID",92,13256.24,76,11021.48,,,,,868.67,,,,,,,,,,1880,,,,
"Lewiston, ID",159,23919.71,21,2646.63,,,,,1389.4,,,,,,,,,,1880,,,,
"Oxford, ID",182,26245.17,102,14081.98,,,,,,,,,,,,,,,1880,,,,
"Des Moines, IA",47,3134.78,208,18116.35,,,,,,,,,,,,,,,1880,,,,
"Concordia, KS",604,75074.57,929,134274.57,,,,,2238.41,,,,,,,,,,1880,,,,
"Hays, KS",363,53495.89,16,2455.66,,,,,250,,,,,,,,,,1880,,,,
"Wakeeney, KS",719,108542.19,75,11752.75,,,,,260,,,,,,,,,,1880,,,,
"Independence, KS",56,5157.52,39,4488.78,,,,,,,,,,,,,,,1880,,,,
"Kirwin, KS",3561,532059.37,841,133156.16,,,,,5942.69,,,,,,,,,,1880,,,,
"Larned, KS",897,128528.86,455,66690.86,,,,,3774.11,,,,,,,,,,1880,,,,
"Salina, KS",1020,122144.64,650,76270.85,,,,,1620.37,,,,,,,,,,1880,,,,
"Topeka, KS",150,11339.54,114,9144.63,,,,,,,,,,,,,,,1880,,,,
"Wichita, KS",194,25170.29,412,55829.07,,,,,1661.68,,,,,,,,,,1880,,,,
"Natchitoches, LA",281,30969.53,30,2867.69,,,,,,,,,,,,,,,1880,,,,
"New Orleans, LA",386,50656.55,167,22224.15,,,,,600.5,,,,,,,,,,1880,,,,
"Detroit, MI",94,9505.3,64,7677.96,,,,,197.29,,,,,,,,,,1880,,,,
"East Saginaw, MI",311,40114.25,43,5554.74,,,,,300,,,,,,,,,,1880,,,,
"Marquette, MI",279,37912.23,65,7729.66,,,,,150,,,,,,,,,,1880,,,,
"Reed City, MI",317,30855.88,449,53617.84,,,,,1652.88,,,,,,,,,,1880,,,,
"Benson, MN",641,74906.64,300,31101.59,,,,,3283.77,,,,,,,,,,1880,,,,
"Crookston, MN",1497,223581.17,194,24917.32,,,,,1395.94,,,,,,,,,,1880,,,,
"Duluth, MN",78,10083.2,47,4777.61,,,,,569.58,,,,,,,,,,1880,,,,
"Fergus Falls, MN",943,128426.05,197,23734.74,,,,,2197.23,,,,,,,,,,1880,,,,
"New Ulm, MN",562,76660.76,243,31655.89,,,,,2019.27,,,,,,,,,,1880,,,,
"Tracy, MN",68,8386.2,64,7184.22,,,,,250,,,,,,,,,,1880,,,,
"Redwood Falls, MN",439,52443.77,245,27043.87,,,,,1250,,,,,,,,,,1880,,,,
"St. Cloud, MN",457,56191.23,193,20564.51,,,,,196.18,,,,,,,,,,1880,,,,
"Taylors Falls, MN",65,7000.11,94,10260.56,,,,,,,,,,,,,,,1880,,,,
"Worthington, MN",398,45728.34,331,38513.18,,,,,2234.99,,,,,,,,,,1880,,,,
"Jackson, MS",511,55901.23,95,10768.92,,,,,,,,,,,,,,,1880,,,,
"Boonville, MO",252,20619.03,95,9249.17,,,,,,,,,,,,,,,1880,,,,
"Ironton, MO",322,32457.87,143,17296.24,,,,,,,,,,,,,,,1880,,,,
"Springfield, MO",407,38991.9,122,12954.98,,,,,150,,,,,,,,,,1880,,,,
"Bozeman, MT",62,8928.3,8,1026.82,,,,,,,,,,,,,,,1880,,,,
"Helena, MT",220,31586.68,25,3397.41,,,,,964.55,,,,,,,,,,1880,,,,
"Beatrice, NE",68,6375.44,225,24440.41,,,,,200,,,,,,,,,,1880,,,,
"Bloomington, NE",1513,218759.11,691,99590.26,,,,,1947.36,,,,,,,,,,1880,,,,
"Grand Island, NE",1324,187229.18,599,72896.59,,,,,1870.78,,,,,,,,,,1880,,,,
"Lincoln, NE",217,20833.95,699,68872.29,,,,,,,,,,,,,,,1880,,,,
"Niobrara, NE",1021,159632.17,120,18365.71,,,,,700,,,,,,,,,,1880,,,,
"Norfolk, NE",394,59751.82,166,23940.8,,,,,,,,,,,,,,,1880,,,,
"North Platte, NE",1115,173859.43,58,8178.78,,,,,800,,,,,,,,,,1880,,,,
"La Mesilla, NM",31,4444.18,13,1800,,,,,,,,,,,,,,,1880,,,,
"Santa Fe, NM",38,5740.97,2,200,,,,,2093.37,,,,,,,,,,1880,,,,
"Carson City, NV",25,3153.91,7,851.1,,,,,,,,,,,,,,,1880,,,,
"Eureka, NV",32,4702,8,910.7,,162.18,,,204.66,,,,,,,,,,1880,,,,
"La Grande, OR",252,35245.61,67,7161.08,,,,,702,,,,,,,,,,1880,,,,
"Lakeview, OR",33,5171.8,9,1354.31,,,,,999.87,,,,,,,,,,1880,,,,
"Oregon City, OR",402,46015.84,92,10270.08,,,,,752.53,,,,,,,,,,1880,,,,
"Roseburg, OR",189,23886.2,106,14643.35,,,,,200,,,,,,,,,,1880,,,,
"The Dalles, OR",225,28194.22,64,6415.46,,,,,1240.61,,,,,,,,,,1880,,,,
"Salt Lake City, UT",508,68603.55,161,19940.62,,,,,1336.45,,,,,,,,,,1880,,,,
"Colfax, WA",729,108456.24,51,5729.07,,,,,1299.11,,,,,,,,,,1880,,,,
"Olympia, WA",383,46351.31,138,15231.34,,,,,801.93,,,,,,,,,,1880,,,,
"Vancouver, WA",245,30506.5,33,3416.3,,,,,800,,,,,,,,,,1880,,,,
"Walla Walla, WA",403,55216.58,100,11286.37,,,,,3377.3,,,,,,,,,,1880,,,,
"Bayfield, WI",47,6053.52,3,389.72,,,,,,,,,,,,,,,1880,,,,
"Eau Claire, WI",204,21943.04,208,26256.66,,,,,600,,,,,,,,,,1880,,,,
"St. Croix Falls, WI",161,17653.8,233,25313.66,,,,,50,,,,,,,,,,1880,,,,
"La Crosse, WI",158,13881.27,171,20212.85,,,,,,,,,,,,,,,1880,,,,
"Menasha, WI",277,29689.91,113,10571.35,,,,,350,,,,,,,,,,1880,,,,
"Wausau, WI",197,25520.6,30,3760.49,,,,,300,,,,,,,,,,1880,,,,
"Cheyenne, WY",50,7223.31,15,2077.68,,,,,,,,,,,,,,,1880,,,,
"Evanston, WY",3,1113.77,,,,,,,,,,,,,,,,,1880,,,,
"Huntsville, AL",1159,119444.59,333,33226.63,,,32,,,,,,,,,,,,1881,,,,
"Montgomery, AL",1662,181268.29,303,30529.82,15,,237,,,,,,,,,,,,1881,,,,
"Florence, AZ",22,3359.97,6,800,,,,,,,,,,,,,,,1881,,,,
"Prescott, AZ",33,4678.51,9,1360,,,,,,,,,,,,,,,1881,,,,
"Camden, AR",1060,126894.11,261,30518.92,4,,15,,,,,,,,,,,,1881,,,,
"Dardanelle, AR",868,89838.28,193,17471.72,,,,,,,,,,,,,,,1881,,,,
"Harrison, AR",856,101441.61,209,23731.22,1,,12,,,,,,,,,,,,1881,,,,
"Little Rock, AR",896,90337.41,199,17792.7,,,15,,,,,,,,,,,,1881,,,,
"Bodie, CA",24,3582.18,14,2084.49,1,,1,,,,,,,,,,,,1881,,,,
"Humboldt, CA",92,14280.5,106,16361.92,21,,45,,,,,,,,,,,,1881,,,,
"Los Angeles, CA",169,24353.92,99,14081.01,2,,15,,,,,,,,,,,,1881,,,,
"Marysville, CA",211,29974.57,101,12202.11,8,,45,,,,,,,,,,,,1881,,,,
"Sacramento, CA",264,33606.71,199,25485.92,4,,13,,,,,,,,,,,,1881,,,,
"San Francisco, CA",436,63825.58,251,35298.5,36,,83,,,,,,,,,,,,1881,,,,
"Shasta, CA",135,20379.59,38,5281.4,2,,9,,,,,,,,,,,,1881,,,,
"Stockton, CA",202,29623.4,187,26871.38,11,,27,,,,,,,,,,,,1881,,,,
"Susanville, CA",63,9541.25,77,11975.94,2,,7,,,,,,,,,,,,1881,,,,
"Visalia, CA",139,18378.92,105,12383.73,4,,5,,,,,,,,,,,,1881,,,,
"Central City, CO",28,4074.9,16,2080,1,,,,,,,,,,,,,,1881,,,,
"Del Norte, CO",100,13276.83,86,13639.96,,,4,,,,,,,,,,,,1881,,,,
"Denver, CO",320,41977.89,133,16172.23,19,,11,,,,,,,,,,,,1881,,,,
"Leadville, CO",34,5021.83,17,2650.35,7,,,,,,,,,,,,,,1881,,,,
"Lake City, CO",54,7315.37,19,2120,8,,,,,,,,,,,,,,1881,,,,
"Pueblo, CO",285,43884.17,221,34101.65,5,,7,,,,,,,,,,,,1881,,,,
"Bismarck, ND",210,32201.6,12,1799.85,,,15,,,,,,,,,,,,1881,,,,
"Deadwood, SD",140,21828.79,1,160,11,,,,,,,,,,,,,,1881,,,,
"Fargo, ND",2105,327221.45,131,15861.71,109,,463,,,,,,,,,,,,1881,,,,
"Grand Forks, ND",1904,294976.61,48,7198.66,25,,951,,,,,,,,,,,,1881,,,,
"Mitchell, SD",2108,335767.48,181,27938.15,98,,847,,,,,,,,,,,,1881,,,,
"Watertown, SD",1873,293437.67,65,8459.98,17,,307,,,,,,,,,,,,1881,,,,
"Yankton, SD",533,81438.58,473,74310.62,20,,161,,,,,,,,,,,,1881,,,,
"Gainesville, FL",875,104201.15,563,69272.76,194,,84,,,,,,,,,,,,1881,,,,
"Boise, ID",107,16197.23,43,4741.37,4,,,,,,,,,,,,,,1881,,,,
"Lewiston, ID",182,28410.58,21,3359.87,6,,38,,,,,,,,,,,,1881,,,,
"Oxford, ID",129,19947.2,45,6997.37,2,,3,,,,,,,,,,,,1881,,,,
"Des Moines, IA",25,1683.82,89,8035.24,,,,,,,,,,,,,,,1881,,,,
"Indianapolis, IN",1,40,,,,,,,,,,,,,,,,,1881,,,,
"Concordia, KS",465,60060.13,711,105497.47,22,,44,,,,,,,,,,,,1881,,,,
"Independence, KS",40,3813.18,27,2758.03,4,,,,,,,,,,,,,,1881,,,,
"Kirwin, KS",1075,170173.35,811,137734.79,67,,105,,,,,,,,,,,,1881,,,,
"Larned, KS",432,59430.64,488,70232.79,10,,6,,,,,,,,,,,,1881,,,,
"Salina, KS",557,69768.19,625,79566.08,29,,4,,,,,,,,,,,,1881,,,,
"Topeka, KS",63,5020.62,83,6805.84,4,,,,,,,,,,,,,,1881,,,,
"Wakeeney, KS",443,65732.4,147,22402.59,1,,4,,,,,,,,,,,,1881,,,,
"Wichita, KS",111,13248.53,382,52249.47,14,,4,,,,,,,,,,,,1881,,,,
"Natchitoches, LA",306,33977.95,59,5376.22,6,,1,,,,,,,,,,,,1881,,,,
"New Orleans, LA",479,62590.82,168,21094.08,,,21,,,,,,,,,,,,1881,,,,
"Detroit, MI",110,12200.84,85,9420.84,10,,13,,,,,,,,,,,,1881,,,,
"East Saginaw, MI",168,19639.52,74,7994.64,2,,22,,,,,,,,,,,,1881,,,,
"Marquette, MI",258,35566.56,77,8454.35,,,7,,,,,,,,,,,,1881,,,,
"Reed City, MI",213,20165.78,512,55976.05,2,,28,,,,,,,,,,,,1881,,,,
"Benson, MN",476,58982.75,358,40862.1,25,,170,,,,,,,,,,,,1881,,,,
"Crookston, MN",1429,216877.78,153,18680.02,24,,202,,,,,,,,,,,,1881,,,,
"Duluth, MN",67,8758.39,24,2744.75,5,,1,,,,,,,,,,,,1881,,,,
"Fergus Falls, MN",654,82080.43,300,37690.37,4,,186,,,,,,,,,,,,1881,,,,
"Redwood Falls, MN",279,36213.78,167,18341.6,7,,8,,,,,,,,,,,,1881,,,,
"St. Cloud, MN",395,50055.13,190,20748.36,4,,6,,,,,,,,,,,,1881,,,,
"Taylors Falls, MN",108,12512.39,60,6503.62,,,,,,,,,,,,,,,1881,,,,
"Tracy, MN",358,46195.72,252,31083.28,13,,28,,,,,,,,,,,,1881,,,,
"Worthington, MN",227,26999.95,238,26146.34,7,,3,,,,,,,,,,,,1881,,,,
"Jackson, MS",948,109517.86,227,22702.87,,,5,,,,,,,,,,,,1881,,,,
"Boonville, MO",313,28710.07,79,6441.2,,,3,,,,,,,,,,,,1881,,,,
"Ironton, MO",296,33859.53,57,6966.76,,,1,,,,,,,,,,,,1881,,,,
"Springfield, MO",452,43696.95,107,11818.67,3,,,,,,,,,,,,,,1881,,,,
"Bozeman, MT",115,16909.41,8,1236.33,2,,,,,,,,,,,,,,1881,,,,
"Helena, MT",201,28585.86,36,4383.42,4,,22,,,,,,,,,,,,1881,,,,
"Miles City, MT",76,10866.19,1,26.53,,,,,,,,,,,,,,,1881,,,,
"Beatrice, NE",53,5359.68,134,13585.46,2,,,,,,,,,,,,,,1881,,,,
"Bloomington, NE",397,57227.08,390,56776.66,22,,17,,,,,,,,,,,,1881,,,,
"Grand Island, NE",757,104252,434,54188.17,21,,13,,,,,,,,,,,,1881,,,,
"Lincoln, NE",125,12009.96,366,34131.06,2,,,,,,,,,,,,,,1881,,,,
"Niobrara, NE",672,105497.92,120,18724.87,6,,29,,,,,,,,,,,,1881,,,,
"Norfolk, NE",266,39461.71,100,15164.39,6,,19,,,,,,,,,,,,1881,,,,
"North Platte, NE",275,42113.65,67,9671.22,11,,3,,,,,,,,,,,,1881,,,,
"La Mesilla, NM",33,4606.59,7,793.76,1,,,,,,,,,,,,,,1881,,,,
"Santa Fe, NM",291,46244.61,239,37807.79,,,10,,,,,,,,,,,,1881,,,,
"Carson City, NV",20,3200,11,1440,1,,1,,,,,,,,,,,,1881,,,,
"Eureka, NV",21,2864.61,16,1954.48,,,,,,,,,,,,,,,1881,,,,
"La Grande, OR",243,36916.25,71,9457.13,5,,3,,,,,,,,,,,,1881,,,,
"Lakeview, OR",17,2477.69,17,2531.33,3,,2,,,,,,,,,,,,1881,,,,
"Oregon City, OR",265,33363.61,143,16436.4,1,,3,,,,,,,,,,,,1881,,,,
"Roseburg, OR",191,27499,112,16290.04,6,,7,,,,,,,,,,,,1881,,,,
"The Dalles, OR",150,21837.91,43,5601.95,6,,16,,,,,,,,,,,,1881,,,,
"Chillicothe, OH",,,2,120,,,,,,,,,,,,,,,1881,,,,
"Salt Lake City, UT",398,54442.57,289,37927.32,2,,39,,,,,,,,,,,,1881,,,,
"Colfax, WA",719,108985.79,53,6740.93,5,,51,,,,,,,,,,,,1881,,,,
"Olympia, WA",288,37753.64,127,15291.65,4,,17,,,,,,,,,,,,1881,,,,
"Vancouver, WA",174,22466.23,87,10183.24,2,,1,,,,,,,,,,,,1881,,,,
"Walla Walla, WA",345,50366.04,69,8588.41,12,,33,,,,,,,,,,,,1881,,,,
"Yakima, WA",57,8330.86,16,2278.5,2,,1,,,,,,,,,,,,1881,,,,
"Bayfield, WI",26,3547.7,4,564.2,,,1,,,,,,,,,,,,1881,,,,
"Eau Claire, WI",186,21940.49,242,29981.8,1,,12,,,,,,,,,,,,1881,,,,
"St. Croix Falls, WI",138,15621.93,202,21273.65,,,11,,,,,,,,,,,,1881,,,,
"La Crosse, WI",89,6658.05,211,23484.54,,,9,,,,,,,,,,,,1881,,,,
"Menasha, WI",118,14827.29,56,5225.44,2,,5,,,,,,,,,,,,1881,,,,
"Wausau, WI",228,25867.81,105,11768.41,9,,4,,,,,,,,,,,,1881,,,,
"Cheyenne, WY",43,6043.69,13,1573.31,,,,,,,,,,,,,,,1881,,,,
"Evanston, WY",21,3172.82,,,,,,,,,,,,,,,,,1881,,,,
"Huntsville, AL",920,104433.75,379,43153.33,5,439.82,12,1282.47,,,,,,,,,,,1882,,,,
"Montgomery, AL",1416,161689.69,505,53742.74,35,4211.15,238,20383.73,,,,,,,,,,,1882,,,,
"Prescott, AZ",29,4384.49,23,3556.84,,,,,,,,,,,,,,,1882,,,,
"Tucson, AZ",27,4078.31,11,1757.87,,,,,,,,,,,,,,,1882,,,,
"Camden, AR",835,102910.34,204,21993.24,9,887.59,28,2374.51,,,,,,,,,,,1882,,,,
"Dardanelle, AR",594,60716.02,182,16355.26,8,479.32,13,879.6,,,,,,,,,,,1882,,,,
"Harrison, AR",1211,138070.47,224,24494.57,10,766.54,12,883,,,,,,,,,,,1882,,,,
"Little Rock, AR",624,64217.15,145,14400.68,,,11,1006.03,,,,,,,,,,,1882,,,,
"Bodie, CA",28,4120.35,21,3328.39,2,280,,,,,,,,,,,,,1882,,,,
"Humboldt, CA",96,14602.05,102,15889.34,17,2720.09,42,6499.99,,,,,,,,,,,1882,,,,
"Los Angeles, CA",268,36295.59,157,20984.03,9,1274.36,4,382.45,,,,,,,,,,,1882,,,,
"Marysville, CA",186,26146.32,128,16978.51,14,1762.83,26,2897.89,,,,,,,,,,,1882,,,,
"Sacramento, CA",250,34375.38,211,26593.3,1,80,23,2445.68,,,,,,,,,,,1882,,,,
"San Francisco, CA",459,66195.46,348,46864.99,25,3888.75,68,9489.9,,,,,,,,,,,1882,,,,
"Shasta, CA",148,21902.23,59,8081.39,2,273.46,4,560,,,,,,,,,,,1882,,,,
"Stockton, CA",209,31436.42,153,22958.95,17,2311.79,13,1622.6,,,,,,,,,,,1882,,,,
"Susanville, CA",97,14999.7,50,7643.46,,,7,1083.51,,,,,,,,,,,1882,,,,
"Visalia, CA",247,35578.48,125,15901.54,6,688.64,11,1264.72,,,,,,,,,,,1882,,,,
"Central City, CO",54,7774.7,19,2640,3,473.2,,,,,,,,,,,,,1882,,,,
"Del Norte, CO",122,16881.29,69,10764.68,5,697.2,2,320,,,,,,,,,,,1882,,,,
"Denver, CO",300,42109.8,145,18492.52,18,2592.03,25,2992.66,,,,,,,,,,,1882,,,,
"Durango, CO",,,,,,,,,,,,,,,,,,,1882,,,,
"Glenwood Springs, CO",,,,,,,,,,,,,,,,,,,1882,,,,
"Gunnison, CO",,,,,,,,,,,,,,,,,,,1882,,,,
"Lake City, CO",58,8837.14,21,2858.59,3,480,,,,,,,,,,,,,1882,,,,
"Lamar, CO",,,,,,,,,,,,,,,,,,,1882,,,,
"Leadville, CO",70,10949.86,16,2560,7,985.22,,,,,,,,,,,,,1882,,,,
"Pueblo, CO",330,49856.09,273,41258.73,9,1162.56,17,2503.09,,,,,,,,,,,1882,,,,
"Gainesville, FL",1548,191033.22,762,91726.66,31,4419.06,496,57593.48,,,,,,,,,,,1882,,,,
"Oxford, ID",221,33462.07,55,8446.95,4,631.21,13,1711.4,,,,,,,,,,,1882,,,,
"Blackfoot, ID",,,,,,,,,,,,,,,,,,,1882,,,,
"Boise, ID",137,20986.3,27,4007.32,1,160,,,,,,,,,,,,,1882,,,,
"Coeur d'Alene, ID",,,,,,,,,,,,,,,,,,,1882,,,,
"Hailey, ID",,,,,,,,,,,,,,,,,,,1882,,,,
"Lewiston, ID",170,26183.63,33,5094.47,12,1880.81,41,6532.32,,,,,,,,,,,1882,,,,
"Des Moines, IA",32,3124.14,69,5481.75,,,,,,,,,,,,,,,1882,,,,
"Aberdeen, SD",,,,,,,,,,,,,,,,,,,1882,,,,
"Bismarck, ND",376,58935.82,19,2801.98,10,1596.84,8,1241.55,,,,,,,,,,,1882,,,,
"Deadwood, SD",195,30497.3,8,1280,8,1265.68,,,,,,,,,,,,,1882,,,,
"Devils Lake, ND",,,,,,,,,,,,,,,,,,,1882,,,,
"Fargo, ND",2230,344743.97,242,30040.07,429,67752.51,312,48249.83,,,,,,,,,,,1882,,,,
"Grand Forks, ND",2973,461129.79,79,8775.21,497,77493.86,487,77518.87,,,,,,,,,,,1882,,,,
"Huron, SD",,,,,,,,,,,,,,,,,,,1882,,,,
"Mitchell, SD",4675,734832.26,443,69162.25,321,51647.66,636,99662.74,,,,,,,,,,,1882,,,,
"Watertown, SD",2972,465996.4,90,12078.48,239,37723.78,287,41575.1,,,,,,,,,,,1882,,,,
"Yankton, SD",735,112133.1,549,85949.16,55,7807.65,211,33326.02,,,,,,,,,,,1882,,,,
"Concordia, KS",352,45040.04,552,77879.64,30,3865.96,58,7725.99,,,,,,,,,,,1882,,,,
"Garden City, KS",,,,,,,,,,,,,,,,,,,1882,,,,
"Independence, KS",44,4036.97,27,2905.72,9,1048.01,5,400,,,,,,,,,,,1882,,,,
"Kirwin, KS",1241,187997.45,926,145407.93,44,6300.29,312,46586.93,,,,,,,,,,,1882,,,,
"Larned, KS",637,93317.03,584,85574.44,2,240,20,3033.24,,,,,,,,,,,1882,,,,
"Oberlin, KS",227,34782.13,83,13060.67,2,320,44,6746.89,,,,,,,,,,,1882,,,,
"Salina, KS",555,71053.75,647,82590.51,15,1668,32,3826.45,,,,,,,,,,,1882,,,,
"Topeka, KS",67,5269.38,70,5899.67,7,560,3,192.63,,,,,,,,,,,1882,,,,
"Wakeeney, KS",524,77185.58,334,49167.7,3,400,12,1919.68,,,,,,,,,,,1882,,,,
"Wichita, KS",142,18666.74,276,36813.84,3,360,5,719.76,,,,,,,,,,,1882,,,,
"Natchitoches, LA",262,33997.94,38,3281.7,1,159,3,278.72,,,,,,,,,,,1882,,,,
"New Orleans, LA",610,82705.76,149,17455.52,1,40.4,28,3210.54,,,,,,,,,,,1882,,,,
"Detroit, MI",59,6079.54,56,6089.54,6,537.57,14,1568.96,,,,,,,,,,,1882,,,,
"East Saginaw, MI",207,28199.8,65,6855.2,4,400,13,804.81,,,,,,,,,,,1882,,,,
"Marquette, MI",361,49246.74,105,12505.65,3,240,33,4470.6,,,,,,,,,,,1882,,,,
"Reed City, MI",202,19939.49,403,44705.82,7,519.33,39,3454.41,,,,,,,,,,,1882,,,,
"Benson, MN",259,33256.32,458,55893.77,52,7093.06,102,14973.58,,,,,,,,,,,1882,,,,
"Crookston, MN",2019,306288.07,196,23281.5,156,23963.67,185,28509.86,,,,,,,,,,,1882,,,,
"Duluth, MN",156,21597.83,41,4506.57,14,2235.08,2,309.45,,,,,,,,,,,1882,,,,
"Fergus Falls, MN",506,62725.32,311,39006.27,34,5159.93,139,21063.42,,,,,,,,,,,1882,,,,
"Redwood Falls, MN",177,23291.43,267,33197.91,12,1809.17,13,1967.17,,,,,,,,,,,1882,,,,
"St. Cloud, MN",574,74139.69,256,29065.65,13,1851.52,9,1159.89,,,,,,,,,,,1882,,,,
"Taylors Falls, MN",126,14380.8,54,5776.43,2,240,,,,,,,,,,,,,1882,,,,
"Tracy, MN",243,30614.69,231,28131.71,14,2169.85,41,5983.81,,,,,,,,,,,1882,,,,
"Worthington, MN",184,22049.46,236,26786.77,3,392.96,11,1441.66,,,,,,,,,,,1882,,,,
"Jackson, MS",1119,138488.36,179,18627.93,2,199.42,19,2205.72,,,,,,,,,,,1882,,,,
"Boonville, MO",280,24533.62,78,6775.5,2,120,5,356.45,,,,,,,,,,,1882,,,,
"Ironton, MO",419,49651.32,111,12354.8,4,317.7,4,437.37,,,,,,,,,,,1882,,,,
"Springfield, MO",607,60037.74,108,11393.23,5,600,,,,,,,,,,,,,1882,,,,
"Bozeman, MT",136,20621.59,17,2093.44,2,234.3,,,,,,,,,,,,,1882,,,,
"Helena, MT",203,29225.57,46,5260.69,7,921.94,18,2305.49,,,,,,,,,,,1882,,,,
"Miles City, MT",106,14835.43,12,1155.56,3,360,,,,,,,,,,,,,1882,,,,
"Beatrice, NE",44,4157.33,110,12182.34,1,159.43,,,,,,,,,,,,,1882,,,,
"Bloomington, NE",746,108930.57,752,110647.62,34,5153.85,259,38860.52,,,,,,,,,,,1882,,,,
"Grand Island, NE",858,124240.08,463,60146.19,17,2676.58,57,7368.99,,,,,,,,,,,1882,,,,
"Lincoln, NE",123,12197.39,253,23422.83,8,800,,,,,,,,,,,,,1882,,,,
"McCook, NE",,,,,,,,,,,,,,,,,,,1882,,,,
"Neligh, NE",335,50509.61,98,14529.79,6,686.63,49,7001.47,,,,,,,,,,,1882,,,,
"Niobrara, NE",768,118972.29,135,21331.46,18,2848.27,95,14931.19,,,,,,,,,,,1882,,,,
"Norfolk, NE",,,,,,,,,,,,,,,,,,,1882,,,,
"North Platte, NE",349,52931.78,114,16133.01,12,1866.79,30,6253.17,,,,,,,,,,,1882,,,,
"Valentine, NE",,,,,,,,,,,,,,,,,,,1882,,,,
"Carson City, NV",15,2233.44,18,2558.8,1,160,1,160,,,,,,,,,,,1882,,,,
"Eureka, NV",16,2346.64,11,1395.04,,,,,,,,,,,,,,,1882,,,,
"La Mesilla, NM",51,7344.29,10,1366.52,,,,,,,,,,,,,,,1882,,,,
"Santa Fe, NM",529,79362.48,256,35799.75,2,320,,,,,,,,,,,,,1882,,,,
"La Grande, OR",324,49592.78,113,16456.51,13,1881.89,1,160,,,,,,,,,,,1882,,,,
"Lakeview, OR",21,3214.49,15,2397.59,1,160,4,639.06,,,,,,,,,,,1882,,,,
"Oregon City, OR",282,37802.6,160,18596.08,9,1445.84,6,625.8,,,,,,,,,,,1882,,,,
"Roseburg, OR",212,29801.81,135,18292.55,4,625.02,7,960,,,,,,,,,,,1882,,,,
"The Dalles, OR",220,33120.78,58,7895.53,8,1200,10,1271.73,,,,,,,,,,,1882,,,,
"Salt Lake City, UT",400,54745.43,435,59640.68,3,319.84,37,3760.67,,,,,,,,,,,1882,,,,
"Colfax, WA",641,98548.84,90,13364.35,21,3240.22,46,6859.18,,,,,,,,,,,1882,,,,
"Olympia, WA",363,51652.17,161,21010.74,3,360,21,3030.7,,,,,,,,,,,1882,,,,
"Spokane, WA",,,,,,,,,,,,,,,,,,,1882,,,,
"Vancouver, WA",127,15730.9,66,7535.09,1,160,2,160,,,,,,,,,,,1882,,,,
"Walla Walla, WA",390,56226.36,73,8551.31,49,7673.02,59,8609.49,,,,,,,,,,,1882,,,,
"Yakima, WA",60,8974.39,15,2186.28,,,1,160,,,,,,,,,,,1882,,,,
"Bayfield, WI",54,7983.04,8,1042.44,1,160,3,276,,,,,,,,,,,1882,,,,
"Eau Claire, WI",169,19182.06,235,25997.02,2,204.32,21,2281.1,,,,,,,,,,,1882,,,,
"St. Croix Falls, WI",165,17985.03,181,19377.79,4,395.33,12,737.08,,,,,,,,,,,1882,,,,
"La Crosse, WI",82,6231.96,138,14868.7,,,10,520,,,,,,,,,,,1882,,,,
"Menasha, WI",114,14108.78,68,6916.89,3,80,21,2121.05,,,,,,,,,,,1882,,,,
"Wausau, WI",295,32987.82,103,10478.16,5,320,26,2173.04,,,,,,,,,,,1882,,,,
"Cheyenne, WY",95,13181.77,29,2997.44,4,480,,,,,,,,,,,,,1882,,,,
"Evanston, WY",28,4205.73,2,320,,,,,,,,,,,,,,,1882,,,,
Illinois (GLO),7,536.75,6,376.75,,,,,,,,,,,,,,,1882,,,,
Indiana (GLO,1,40,,,,,,,,,,,,,,,,,1882,,,,
Ohio (GLO),1,91,1,40,,,,,,,,,,,,,,,1882,,,,
"Huntsville, AL",1033,127488.61,531,58732.67,14,1253.33,35,3290.44,,,,,,,,,,,1883,,,,
"Montgomery, AL",1179,141243.48,535,59892.72,41,5414.63,145,12795.64,,,,,,,,,,,1883,,,,
"Prescott, AZ",33,4758.31,21,3144.2,2,320,,,,,,,,,,,,,1883,,,,
"Tucson, AZ",37,5664.5,22,3034.07,1,160,,,,,,,,,,,,,1883,,,,
"Camden, AR",668,84084.69,310,34697,16,1398.86,20,1762,,,,,,,,,,,1883,,,,
"Dardanelle, AR",638,69297.4,278,26021.28,6,345.52,10,674.12,,,,,,,,,,,1883,,,,
"Harrison, AR",1095,133572.39,316,36029.76,4,472.01,16,879.93,,,,,,,,,,,1883,,,,
"Little Rock, AR",614,66869.52,214,20275.69,3,360,22,1285.66,,,,,,,,,,,1883,,,,
"Bodie, CA",16,2316.42,10,1480.03,2,320,1,160,,,,,,,,,,,1883,,,,
"Humboldt, CA",181,27758.7,72,11084.2,28,4415.73,58,9240,,,,,,,,,,,1883,,,,
"Los Angeles, CA",245,33907.91,99,13995.63,23,2712.38,1,160,,,,,,,,,,,1883,,,,
"Marysville, CA",144,19945.91,137,17552.18,21,2981.57,16,1743.42,,,,,,,,,,,1883,,,,
"Sacramento, CA",256,34932.98,180,24838.32,12,1395.8,19,2666.88,,,,,,,,,,,1883,,,,
"San Francisco, CA",537,79073.66,246,35506.17,41,6077.35,51,7563.63,,,,,,,,,,,1883,,,,
"Shasta, CA",155,23491.84,74,10945.09,7,857.83,8,1200,,,,,,,,,,,1883,,,,
"Stockton, CA",252,38403.18,198,29846.18,24,3625.69,8,1149.72,,,,,,,,,,,1883,,,,
"Susanville, CA",72,10865.59,80,12437.31,14,2253.29,6,959.65,,,,,,,,,,,1883,,,,
"Visalia, CA",199,29103.93,103,12860.5,9,1428.83,9,908.75,,,,,,,,,,,1883,,,,
"Central City, CO",57,8776.26,21,2880,5,800,,,,,,,,,,,,,1883,,,,
"Del Norte, CO",70,10665.7,56,8872.28,13,2038.58,1,117.1,,,,,,,,,,,1883,,,,
"Denver, CO",398,59675.36,110,14499.81,26,3599.29,6,720,,,,,,,,,,,1883,,,,
"Durango, CO",43,66073,11,1720,2,320,,,,,,,,,,,,,1883,,,,
"Glenwood Springs, CO",,,,,,,,,,,,,,,,,,,1883,,,,
"Gunnison, CO",13,1838.99,1,160,2,320,,,,,,,,,,,,,1883,,,,
"Lake City, CO",20,2871.47,3,480,4,629.71,,,,,,,,,,,,,1883,,,,
"Lamar, CO",,,,,,,,,,,,,,,,,,,1883,,,,
"Leadville, CO",49,7410.75,19,2800,4,560,,,,,,,,,,,,,1883,,,,
"Pueblo, CO",737,112911.17,501,75680.06,18,2800.2,18,2613.36,,,,,,,,,,,1883,,,,
"Gainesville, FL",1646,212895.66,767,90201.35,102,11975.96,345,40371.27,,,,,,,,,,,1883,,,,
"Oxford, ID",216,32016.58,64,9824.11,7,1099.75,3,400,,,,,,,,,,,1883,,,,
"Blackfoot, ID",,,,,,,,,,,,,,,,,,,1883,,,,
"Boise, ID",138,20088.44,32,4115.49,19,2692.24,,,,,,,,,,,,,1883,,,,
"Coeur d'Alene, ID",,,,,,,,,,,,,,,,,,,1883,,,,
"Hailey, ID",,,,,,,,,,,,,,,,,,,1883,,,,
"Lewiston, ID",250,38802.59,81,12754.66,39,5998.13,17,2700.43,,,,,,,,,,,1883,,,,
"Des Moines, IA",26,1982.61,60,5066.35,1,40,,,,,,,,,,,,,1883,,,,
"Aberdeen, SD",1863,290433.19,18,2559.94,364,57968.09,5,799.7,,,,,,,,,,,1883,,,,
"Bismarck, ND",1415,222484.74,30,4493.74,34,5430.15,8,1195.55,,,,,,,,,,,1883,,,,
"Deadwood, SD",336,52408.75,45,6934.99,13,1918.07,9,1440.19,,,,,,,,,,,1883,,,,
"Devils Lake, ND",,,,,,,,,,,,,,,,,,,1883,,,,
"Fargo, ND",2200,343520.21,367,52519.2,545,85056.22,94,14584.96,,,,,,,,,,,1883,,,,
"Grand Forks, ND",1479,226187.27,97,13888.48,1658,259458.75,167,26395.87,,,,,,,,,,,1883,,,,
"Huron, SD",4521,705620.91,43,6262.89,482,77434.07,12,1855.75,,,,,,,,,,,1883,,,,
"Mitchell, SD",4802,745995.29,410,64163.17,879,138080.74,106,16478.77,,,,,,,,,,,1883,,,,
"Watertown, SD",3657,573673.65,182,28538.51,338,54194.44,105,16033.73,,,,,,,,,,,1883,,,,
"Yankton, SD",1788,277062.67,543,85482.35,95,14019.94,97,14978.62,,,,,,,,,,,1883,,,,
"Concordia, KS",278,33272.52,507,71983.69,20,2467.9,13,1641.43,,,,,,,,,,,1883,,,,
"Garden City, KS",,,,,,,,,,,,,,,,,,,1883,,,,
"Independence, KS",37,3243.23,56,7154.11,8,1000,,,,,,,,,,,,,1883,,,,
"Kirwin, KS",1217,182235.84,940,147687.82,33,4761.54,41,6011.83,,,,,,,,,,,1883,,,,
"Larned, KS",682,102566.51,648,95700.76,7,1107.64,7,960,,,,,,,,,,,1883,,,,
"Oberlin, KS",274,42457.38,82,12998.36,4,640,13,1815.37,,,,,,,,,,,1883,,,,
"Salina, KS",430,54341.89,562,73031.07,14,1787.18,10,960,,,,,,,,,,,1883,,,,
"Topeka, KS",46,3641.1,52,4174.59,5,391.81,,,,,,,,,,,,,1883,,,,
"Wakeeney, KS",452,68960.09,468,67101.68,1,160,,,,,,,,,,,,,1883,,,,
"Wichita, KS",133,18062.35,202,26249.41,3,318.75,2,240,,,,,,,,,,,1883,,,,
"Natchitoches, LA",232,27857.59,51,4233.93,1,90,3,148.27,,,,,,,,,,,1883,,,,
"New Orleans, LA",704,96802.6,134,16763.01,3,266.25,20,2197.02,,,,,,,,,,,1883,,,,
"Detroit, MI",50,5253.58,43,5482.01,5,354.59,16,1622.97,,,,,,,,,,,1883,,,,
"East Saginaw, MI",158,20963.36,42,4734.04,13,1169.12,13,1238.6,,,,,,,,,,,1883,,,,
"Marquette, MI",297,39761.14,110,13865.89,13,1672.25,15,1719.8,,,,,,,,,,,1883,,,,
"Reed City, MI",134,13195.04,339,35487.14,20,1572.84,28,2392.26,,,,,,,,,,,1883,,,,
"Benson, MN",174,20700.48,470,59354.02,27,3788.37,28,3561.57,,,,,,,,,,,1883,,,,
"Crookston, MN",1379,205035.19,350,49107.66,299,45678.97,75,11369.25,,,,,,,,,,,1883,,,,
"Duluth, MN",229,32332.81,37,2936.38,37,5646.64,3,429.71,,,,,,,,,,,1883,,,,
"Fergus Falls, MN",421,52592.17,385,49221.56,47,6545.58,34,4609.69,,,,,,,,,,,1883,,,,
"Redwood Falls, MN",119,15089.75,263,32113.38,3,260.3,5,498.75,,,,,,,,,,,1883,,,,
"St. Cloud, MN",410,55862.47,205,24137.02,29,3808.56,5,678.22,,,,,,,,,,,1883,,,,
"Taylors Falls, MN",117,13528.07,53,5595.09,5,682.4,4,320,,,,,,,,,,,1883,,,,
"Tracy, MN",138,16527.76,278,36319.15,10,1360,11,1271.65,,,,,,,,,,,1883,,,,
"Worthington, MN",159,20204.05,238,27454.49,3,401.08,3,400,,,,,,,,,,,1883,,,,
"Jackson, MS",1356,167079.9,288,32603.77,3,280.76,23,2491.47,,,,,,,,,,,1883,,,,
"Boonville, MO",280,25974.06,97,7952.86,1,160,11,560.19,,,,,,,,,,,1883,,,,
"Ironton, MO",521,62636.31,100,11171.13,4,240,4,180,,,,,,,,,,,1883,,,,
"Springfield, MO",954,117622.79,155,15732.83,9,480,2,160,,,,,,,,,,,1883,,,,
"Bozeman, MT",129,18520.89,28,3477.1,6,942.31,1,160,,,,,,,,,,,1883,,,,
"Helena, MT",317,44469.1,96,11909.98,19,2702.58,26,3622.83,,,,,,,,,,,1883,,,,
"Miles City, MT",123,18223.02,20,3040.8,3,267.32,,,,,,,,,,,,,1883,,,,
"Beatrice, NE",35,2917.13,91,8448.23,4,400,,,,,,,,,,,,,1883,,,,
"Bloomington, NE",515,74983.55,595,87858.67,44,6802.99,64,9388.51,,,,,,,,,,,1883,,,,
"Grand Island, NE",1131,170525.33,497,67026.17,51,7155.71,29,4129.01,,,,,,,,,,,1883,,,,
"Lincoln, NE",88,8427.51,190,17396.33,5,570.57,3,240,,,,,,,,,,,1883,,,,
"McCook, NE",22,3510,30,4700.07,,,1,160,,,,,,,,,,,1883,,,,
"Neligh, NE",632,97231.53,116,17698.28,33,4995.08,32,4855.4,,,,,,,,,,,1883,,,,
"Niobrara, NE",1570,244292.85,196,30747.97,58,9225.83,58,9187.44,,,,,,,,,,,1883,,,,
"Norfolk, NE",,,,,,,,,,,,,,,,,,,1883,,,,
"North Platte, NE",690,107370.06,83,12340.06,14,2163.77,42,6640.61,,,,,,,,,,,1883,,,,
"Valentine, NE",,,,,,,,,,,,,,,,,,,1883,,,,
"Carson City, NV",15,2080,8,960,,2,320,,,,,,,,,,,,1883,,,,
"Eureka, NV",11,1607.89,13,1791.16,,,,,,,,,,,,,,,1883,,,,
"Las Cruces, NM",269,38443.1,92,11615.15,6,960.51,,,,,,,,,,,,,1883,,,,
"Santa Fe, NM",745,113357.77,459,69872.2,26,3919.73,7,1118.65,,,,,,,,,,,1883,,,,
"La Grande, OR",549,84576.25,168,25658.69,43,6813.12,9,1398.88,,,,,,,,,,,1883,,,,
"Lakeview, OR",56,8911.9,22,3517.95,1,160,4,638.13,,,,,,,,,,,1883,,,,
"Oregon City, OR",447,62465.55,172,21123.85,2,240.27,11,1371.68,,,,,,,,,,,1883,,,,
"Roseburg, OR",294,42508.03,172,25463.86,7,761.15,7,956.01,,,,,,,,,,,1883,,,,
"The Dalles, OR",243,37900.31,66,9795.32,11,1640,5,720,,,,,,,,,,,1883,,,,
"Salt Lake City, UT",432,58639.05,465,61915.86,3,199.51,34,3903.08,,,,,,,,,,,1883,,,,
"Colfax, WA",798,122176.55,171,25871.74,44,6417.71,25,4098.65,,,,,,,,,,,1883,,,,
"Olympia, WA",1008,146245.47,198,24499.12,28,3929.84,38,4752.53,,,,,,,,,,,1883,,,,
"Spokane, WA",,,,,,,,,,,,,,,,,,,1883,,,,
"Vancouver, WA",257,3577.92,109,13287.8,4,428.76,3,480,,,,,,,,,,,1883,,,,
"Walla Walla, WA",416,63210.17,143,21201.45,108,16571.14,35,5363.03,,,,,,,,,,,1883,,,,
"Yakima, WA",58,8525.83,25,3646.56,2,160,,,,,,,,,,,,,1883,,,,
"Bayfield, WI",104,14678.77,8,879.01,2,320,5,800,,,,,,,,,,,1883,,,,
"Eau Claire, WI",214,23916.34,184,20135.09,6,616.76,17,2299.55,,,,,,,,,,,1883,,,,
"St. Croix Falls, WI",160,18500.37,117,11974.46,1,40,4,178.71,,,,,,,,,,,1883,,,,
"La Crosse, WI",110,10231.71,194,19101.55,3,240,15,930.76,,,,,,,,,,,1883,,,,
"Menasha, WI",92,11515.92,71,7433.77,5,560,6,760,,,,,,,,,,,1883,,,,
"Wausau, WI",320,36724.85,145,13377.79,16,1967.48,11,1316.02,,,,,,,,,,,1883,,,,
"Cheyenne, WY",158,22968.05,35,4175.31,2,312.47,6,760,,,,,,,,,,,1883,,,,
"Evanston, WY",31,4780.93,6,800,,,,,,,,,,,,,,,1883,,,,
Illinois (GLO),,,,,,,,,,,,,,,,,,,1883,,,,
Indiana (GLO,1,56.7,,,,,,,,,,,,,,,,,1883,,,,
Ohio (GLO),1,40,1,160,,,,,,,,,,,,,,,1883,,,,
"Huntsville, AL",881,101201.59,640,69106.09,29,3278.66,66,5874.8,,,,,,,,,,,1884,,,,
"Montgomery, AL",1472,183794.93,577,62848.99,111,14175.94,92,8071.73,,,,,,,,,,,1884,,,,
"Prescott, AZ",56,7635.22,18,2099.98,,,,,,,,,,,,,,,1884,,,,
"Tucson, AZ",49,7127.63,18,2434.58,2,317.09,,,,,,,,,,,,,1884,,,,
"Camden, AR",412,46586.22,337,39296.46,16,1520,25,1851.94,,,,,,,,,,,1884,,,,
"Dardanelle, AR",491,50265.81,322,31424.66,9,607.18,3,160,,,,,,,,,,,1884,,,,
"Harrison, AR",1005,121708.51,334,37190.83,8,720,30,1623.22,,,,,,,,,,,1884,,,,
"Little Rock, AR",537,56606.56,288,27155.54,6,631.91,16,1099.1,,,,,,,,,,,1884,,,,
"Bodie, CA",28,4195.78,21,3040.86,2,320,,,,,,,,,,,,,1884,,,,
"Humboldt, CA",198,30440.86,59,9026.91,54,8581.85,19,2920.78,,,,,,,,,,,1884,,,,
"Los Angeles, CA",484,71985.72,78,10851.11,38,5443.38,2,240,,,,,,,,,,,1884,,,,
"Marysville, CA",181,24942.45,105,14407.97,20,2830.34,20,1964.2,,,,,,,,,,,1884,,,,
"Sacramento, CA",393,52469.62,219,27407.87,21,2640.5,20,2591.99,,,,,,,,,,,1884,,,,
"San Francisco, CA",668,97993.88,241,34952.59,51,7710.9,27,3906.98,,,,,,,,,,,1884,,,,
"Shasta, CA",352,52282.71,98,14736.79,11,1760,16,2081.84,,,,,,,,,,,1884,,,,
"Stockton, CA",272,41015.48,140,21130,50,7602.41,7,850,,,,,,,,,,,1884,,,,
"Susanville, CA",99,15125.07,93,14510,10,1306.7,3,400,,,,,,,,,,,1884,,,,
"Visalia, CA",247,52119.13,247,37310.06,12,1916.94,5,640,,,,,,,,,,,1884,,,,
"Central City, CO",73,11205.02,14,1960,4,639.38,,,,,,,,,,,,,1884,,,,
"Del Norte, CO",124,18540.24,67,10615.76,10,1509.55,,,,,,,,,,,,,1884,,,,
"Denver, CO",510,77009.25,129,17584.36,53,8016.48,16,2160,,,,,,,,,,,1884,,,,
"Durango, CO",52,8146.62,6,960,5,599.93,,,,,,,,,,,,,1884,,,,
"Glenwood Springs, CO",,,,,,,,,,,,,,,,,,,1884,,,,
"Gunnison, CO",28,4429.23,1,160,12,1714.83,,,,,,,,,,,,,1884,,,,
"Lake City, CO",1,160.56,3,480,,,,,,,,,,,,,,,1884,,,,
"Lamar, CO",,,,,,,,,,,,,,,,,,,1884,,,,
"Leadville, CO",57,8589.83,12,1839.86,8,1240,1,160,,,,,,,,,,,1884,,,,
"Pueblo, CO",460,70314.17,203,30703.27,28,4411.05,7,719.46,,,,,,,,,,,1884,,,,
"Gainesville, FL",2302,286613.01,593,68812.9,189,23203.39,288,34520.15,,,,,,,,,,,1884,,,,
"Oxford, ID",291,45063.73,48,7340.18,10,1500.77,1,160,,,,,,,,,,,1884,,,,
"Blackfoot, ID",,,,,,,,,,,,,,,,,,,1884,,,,
"Boise, ID",181,26437.69,44,5990.69,13,1880,,,,,,,,,,,,,1884,,,,
"Coeur d'Alene, ID",,,,,,,,,,,,,,,,,,,1884,,,,
"Hailey, ID",109,16883.7,,,6,920,,,,,,,,,,,,,1884,,,,
"Lewiston, ID",201,30486.43,126,19590.2,58,9011.53,14,1640.92,,,,,,,,,,,1884,,,,
"Des Moines, IA",25,2293.23,48,3618.35,,,,,,,,,,,,,,,1884,,,,
"Aberdeen, SD",1805,284235.65,40,6016.93,648,103428.07,1,160,,,,,,,,,,,1884,,,,
"Bismarck, ND",759,118912.09,38,5746.07,77,11991.77,1,160,,,,,,,,,,,1884,,,,
"Deadwood, SD",306,47818.05,79,12161.16,,,35,5387.07,,,,,,,,,,,1884,,,,
"Devils Lake, ND",458,71201.04,14,1444.3,64,10212,,,,,,,,,,,,,1884,,,,
"Fargo, ND",1597,250777.75,390,58826.76,458,71163.64,16,2370.89,,,,,,,,,,,1884,,,,
"Grand Forks, ND",1155,178385.19,136,21610.21,700,109918.24,26,4159.25,,,,,,,,,,,1884,,,,
"Huron, SD",4191,634632.06,134,20272.79,1451,228546.26,8,1235.28,,,,,,,,,,,1884,,,,
"Mitchell, SD",1340,201952.31,579,91362.86,1143,178592.63,42,6549.99,,,,,,,,,,,1884,,,,
"Watertown, SD",1890,289135.33,545,85528.94,632,100880.13,39,6107.33,,,,,,,,,,,1884,,,,
"Yankton, SD",585,84218.39,604,94847.17,268,41220.42,34,5312.17,,,,,,,,,,,1884,,,,
"Concordia, KS",221,25984.95,487,67568.41,44,4939.8,11,1079.7,,,,,,,,,,,1884,,,,
"Garden City, KS",241,37214.27,84,12645.26,14,2064.07,5,720,,,,,,,,,,,1884,,,,
"Independence, KS",37,3259.16,68,8229.78,4,440,,,,,,,,,,,,,1884,,,,
"Kirwin, KS",941,138914.14,1517,237555.52,42,5891.91,71,10810.92,,,,,,,,,,,1884,,,,
"Larned, KS",813,123691.42,814,119313.61,14,2159.76,40,6227.83,,,,,,,,,,,1884,,,,
"Oberlin, KS",302,47141.26,302,48001.76,13,1957.49,28,4318.95,,,,,,,,,,,1884,,,,
"Salina, KS",392,50363.2,650,83699.47,16,1937.36,4,480,,,,,,,,,,,1884,,,,
"Topeka, KS",37,3590.67,70,5136.66,6,364.7,,,,,,,,,,,,,1884,,,,
"Wakeeney, KS",419,64346.43,635,95370.93,5,720,5,800,,,,,,,,,,,1884,,,,
"Wichita, KS",144,20214.74,159,20750.56,6,636.46,,,,,,,,,,,,,1884,,,,
"Natchitoches, LA",321,35605.37,80,8895.01,,,4,200.32,,,,,,,,,,,1884,,,,
"New Orleans, LA",796,110014.02,98,13080.35,5,428.51,16,1756.72,,,,,,,,,,,1884,,,,
"Detroit, MI",41,4227.33,81,9129.74,5,416.74,1,80,,,,,,,,,,,1884,,,,
"East Saginaw, MI",107,14047.07,108,15507.91,10,784.93,6,485.9,,,,,,,,,,,1884,,,,
"Marquette, MI",260,33993.13,157,20285.43,3,440,11,1080,,,,,,,,,,,1884,,,,
"Reed City, MI",163,19388.77,229,24665.46,22,1840.31,22,2154.92,,,,,,,,,,,1884,,,,
"Benson, MN",168,19805.4,450,57142.44,20,2627.94,4,540.1,,,,,,,,,,,1884,,,,
"Crookston, MN",1584,242618.91,515,72975.93,150,22841.32,14,2225.05,,,,,,,,,,,1884,,,,
"Duluth, MN",280,40857.01,25,2314.27,71,11049.04,2,240,,,,,,,,,,,1884,,,,
"Fergus Falls, MN",279,35904.98,414,54596.89,39,5090.49,19,2691.41,,,,,,,,,,,1884,,,,
"Redwood Falls, MN",184,24383.51,297,39065.05,2,200,3,360,,,,,,,,,,,1884,,,,
"St. Cloud, MN",352,46936.5,202,24459.03,15,2094.91,1,80,,,,,,,,,,,1884,,,,
"Taylors Falls, MN",75,8293.76,45,4568.39,2,280,,,,,,,,,,,,,1884,,,,
"Tracy, MN",119,12957.16,273,26845.37,6,760,2,320,,,,,,,,,,,1884,,,,
"Worthington, MN",103,12601.27,188,21372.56,6,680,1,160,,,,,,,,,,,1884,,,,
"Jackson, MS",1248,148936.92,278,34443.66,3,241.46,10,1200.84,,,,,,,,,,,1884,,,,
"Boonville, MO",432,41256.6,104,8389.58,3,118.09,9,502.44,,,,,,,,,,,1884,,,,
"Ironton, MO",622,72437.99,120,12671.31,9,603.43,,,,,,,,,,,,,1884,,,,
"Springfield, MO",1677,206954.82,152,15443.69,4,244.47,7,465.19,,,,,,,,,,,1884,,,,
"Bozeman, MT",118,17794.7,33,4762.86,8,1004.46,2,240,,,,,,,,,,,1884,,,,
"Helena, MT",358,53294.49,86,11586.82,30,4679.06,14,1686.99,,,,,,,,,,,1884,,,,
"Miles City, MT",72,10732.13,15,2177.21,5,580.54,,,,,,,,,,,,,1884,,,,
"Beatrice, NE",31,3029.94,63,5946.24,6,460,1,80,,,,,,,,,,,1884,,,,
"Bloomington, NE",877,129981.93,991,148328.67,84,12631.93,143,22527.71,,,,,,,,,,,1884,,,,
"Grand Island, NE",1920,290617.93,655,92756.43,94,13961.14,25,3550.02,,,,,,,,,,,1884,,,,
"Lincoln, NE",58,6273.11,141,12631.05,10,768.54,2,155.63,,,,,,,,,,,1884,,,,
"McCook, NE",824,130091.51,146,130091.51,45,7068.92,150,23770.15,,,,,,,,,,,1884,,,,
"Neligh, NE",679,103670.92,169,26429.87,83,12417.74,28,4022.56,,,,,,,,,,,1884,,,,
"Niobrara, NE",1766,267976.89,365,57619.28,151,23501.41,46,7162.77,,,,,,,,,,,1884,,,,
"Norfolk, NE",,,,,,,,,,,,,,,,,,,1884,,,,
"North Platte, NE",865,134961.78,59,7314.61,10,1600,,,,,,,,,,,,,1884,,,,
"Valentine, NE",1867,295682.22,6,943.25,25,3888.37,,,,,,,,,,,,,1884,,,,
"Carson City, NV",9,1359.37,19,2913.44,,,,,,,,,,,,,,,1884,,,,
"Eureka, NV",5,720,12,1601.37,,,1,160,,,,,,,,,,,1884,,,,
"Las Cruces, NM",249,34935.26,96,12793.93,31,4800,2,280,,,,,,,,,,,1884,,,,
"Santa Fe, NM",297,43593.3,181,27241.46,7,1000,1,160,,,,,,,,,,,1884,,,,
"La Grande, OR",362,55573.54,149,21737.7,59,9212.36,3,480,,,,,,,,,,,1884,,,,
"Lakeview, OR",78,12440.3,27,4019.81,4,640,4,639.94,,,,,,,,,,,1884,,,,
"Oregon City, OR",428,61422.55,162,19759.83,10,1156.34,3,470.58,,,,,,,,,,,1884,,,,
"Roseburg, OR",282,41576.18,156,22144,5,708.43,7,634.88,,,,,,,,,,,1884,,,,
"The Dalles, OR",398,62135.98,65,9623.98,12,1719.68,4,640,,,,,,,,,,,1884,,,,
"Salt Lake City, UT",415,60691.46,407,57222.48,13,1609.6,39,4772.27,,,,,,,,,,,1884,,,,
"Colfax, WA",,,,,,,,,,,,,,,,,,,1884,,,,
"Olympia, WA",1359,199142.74,178,22084.15,75,10930.9,21,2605.59,,,,,,,,,,,1884,,,,
"Spokane, WA",776,119666.35,298,46534.03,83,12511.54,13,1949.05,,,,,,,,,,,1884,,,,
"Vancouver, WA",261,37242.61,121,15272.22,11,1638.4,1,80,,,,,,,,,,,1884,,,,
"Walla Walla, WA",301,45678.68,111,17827.87,135,21106.85,5,680,,,,,,,,,,,1884,,,,
"Yakima, WA",116,17634.74,26,3752.38,7,1071.09,,,,,,,,,,,,,1884,,,,
"Bayfield, WI",171,24761.25,25,3569.1,11,1650.73,5,480,,,,,,,,,,,1884,,,,
"Eau Claire, WI",175,19603.58,234,26058.99,4,354.24,11,1116.34,,,,,,,,,,,1884,,,,
"St. Croix Falls, WI",168,19765.7,103,11058.82,3,200,1,137.78,,,,,,,,,,,1884,,,,
"La Crosse, WI",281,19852.56,311,28552.29,5,268.12,12,843.97,,,,,,,,,,,1884,,,,
"Menasha, WI",75,8498.66,81,10079.5,9,1085.08,12,1231.84,,,,,,,,,,,1884,,,,
"Wausau, WI",422,40759.97,168,17619.84,9,841.82,3,240,,,,,,,,,,,1884,,,,
"Cheyenne, WY",247,36548.56,55,6490.1,12,1759.52,5,547.54,,,,,,,,,,,1884,,,,
"Evanston, WY",49,7605.16,8,1040,,,,,,,,,,,,,,,1884,,,,
Illinois (GLO),2,184.4,,,,,1,40,,,,,,,,,,,1884,,,,
Indiana (GLO,1,40,,,,,,,,,,,,,,,,,1884,,,,
Ohio (GLO),,,,,1,99.41,,,,,,,,,,,,,1884,,,,
"Huntsville, AL",349,36650.11,630,69546.7,8,576.86,12,790.91,,,,,,,,,,,1885,,,,
"Montgomery, AL",1049,128671.16,786,89969.83,50,4677.9,51,4812.74,,,,,,,,,,,1885,,,,
"Camden, AR",320,35048.05,329,36890.25,5,440,7,536.17,,,,,,,,,,,1885,,,,
"Dardanelle, AR",316,35242.56,348,34448.36,6,380.48,,,,,,,,,,,,,1885,,,,
"Harrison, AR",811,97950.9,360,41315.58,8,600.52,21,1213.98,,,,,,,,,,,1885,,,,
"Little Rock, AR",457,50713.66,313,31077.06,6,440,7,400,,,,,,,,,,,1885,,,,
"Prescott, AZ",111,16353.47,18,2379.63,2,320,,,,,,,,,,,,,1885,,,,
"Tucson, AZ",223,32325.22,18,1719.72,2,319.41,,,,,,,,,,,,,1885,,,,
"Bodie, CA",29,4319.54,16,4319.54,,,,,,,,,,,,,,,1885,,,,
"Humboldt, CA",193,29852.22,38,5819.85,57,8605.83,15,2162.35,,,,,,,,,,,1885,,,,
"Los Angeles, CA",562,82639.84,85,12576.79,45,5918.76,1,80,,,,,,,,,,,1885,,,,
"Marysville, CA",179,25180.16,125,16879.23,17,2574.62,9,703.83,,,,,,,,,,,1885,,,,
"Sacramento, CA",381,51592.07,203,26662.39,22,2817.02,20,2060.74,,,,,,,,,,,1885,,,,
"San Francisco, CA",669,95204.95,183,25996.26,105,15801.68,12,1673.3,,,,,,,,,,,1885,,,,
"Shasta, CA",288,43619.93,105,15506.96,6,840.16,7,808.3,,,,,,,,,,,1885,,,,
"Stockton, CA",277,40812.03,126,18046.03,50,7401.5,3,399.21,,,,,,,,,,,1885,,,,
"Susanville, CA",111,16843.83,72,11093.11,12,1901.86,5,800,,,,,,,,,,,1885,,,,
"Visalia, CA",294,44144.69,48,6514.28,23,3042.06,2,160,,,,,,,,,,,1885,,,,
"Central City, CO",59,9198.34,19,2799.12,6,950.25,,,,,,,,,,,,,1885,,,,
"Del Norte, CO",99,14215.98,63,9429.65,10,1326.19,1,160,,,,,,,,,,,1885,,,,
"Denver, CO",481,73663.01,137,19433.37,50,7420.43,4,600,,,,,,,,,,,1885,,,,
"Durango, CO",55,8675.79,11,1467.11,5,761.6,,,,,,,,,,,,,1885,,,,
"Glenwood Springs, CO",35,5364.17,2,96.39,,,,,,,,,,,,,,,1885,,,,
"Gunnison, CO",16,2439.47,1,160,1,80,,,,,,,,,,,,,1885,,,,
"Lake City, CO",5,747.71,2,320,,,,,,,,,,,,,,,1885,,,,
"Lamar, CO",,,,,,,,,,,,,,,,,,,1885,,,,
"Leadville, CO",49,7708.47,15,2399.69,8,1115.21,,,,,,,,,,,,,1885,,,,
"Pueblo, CO",355,54201.45,148,22249.73,32,4813.77,7,797.13,,,,,,,,,,,1885,,,,
"Aberdeen, SD",1081,170929.26,66,10335.16,448,70890.23,1,162.84,,,,,,,,,,,1885,,,,
"Bismarck, ND",667,105103.22,62,9580.18,36,5591.92,,,,,,,,,,,,,1885,,,,
"Deadwood, SD",275,42694.53,96,15085.08,36,5394.46,,,,,,,,,,,,,1885,,,,
"Devils Lake, ND",422,66156.59,8,1106.4,122,19548.12,,,,,,,,,,,,,1885,,,,
"Fargo, ND",1030,160087.02,517,79267.92,263,41351.22,2,240,,,,,,,,,,,1885,,,,
"Grand Forks, ND",756,117661.44,229,36084.83,305,47724.52,11,1672,,,,,,,,,,,1885,,,,
"Huron, SD",1600,247891.34,214,34168.07,1156,181128.31,,,,,,,,,,,,,1885,,,,
"Mitchell, SD",664,102575.02,784,123508.45,616,93821.78,10,1600,,,,,,,,,,,1885,,,,
"Watertown, SD",995,151361.92,862,135225.5,428,65952.32,11,1679.75,,,,,,,,,,,1885,,,,
"Yankton, SD",364,54017.78,655,103669.66,282,42229.26,10,1506.63,,,,,,,,,,,1885,,,,
"Gainesville, FL",1367,175553.45,505,68356.09,253,32401.48,82,8514.92,,,,,,,,,,,1885,,,,
"Oxford, ID",290,44401.68,93,14632.17,5,689.18,1,160,,,,,,,,,,,1885,,,,
"Blackfoot, ID",,,,,,,,,,,,,,,,,,,1885,,,,
"Boise, ID",167,25107.02,36,5345.29,7,1101.7,,,,,,,,,,,,,1885,,,,
"Coeur d'Alene, ID",,,,,,,,,,,,,,,,,,,1885,,,,
"Hailey, ID",117,18181.23,3,480,2,200,,,,,,,,,,,,,1885,,,,
"Lewiston, ID",151,22803.8,78,12288.78,30,4417.05,4,492.26,,,,,,,,,,,1885,,,,
"Des Moines, IA",24,1434.76,35,2411.27,4,360,,,,,,,,,,,,,1885,,,,
"Concordia, KS",131,14645.01,458,62913.89,24,2470.63,14,1795.48,,,,,,,,,,,1885,,,,
"Garden City, KS",2467,390690.36,89,13017.95,24,3714.19,18,2799.34,,,,,,,,,,,1885,,,,
"Independence, KS",19,1313.87,45,4609.24,5,499.74,,,,,,,,,,,,,1885,,,,
"Kirwin, KS",1316,199837.58,1426,221925.58,71,9997.72,152,23087.85,,,,,,,,,,,1885,,,,
"Larned, KS",920,141223.74,446,64236.02,21,3390.1,80,12007,,,,,,,,,,,1885,,,,
"Oberlin, KS",3304,520712.37,331,517.84,31,4862.68,449,71295.34,,,,,,,,,,,1885,,,,
"Salina, KS",337,44400.8,565,73768.83,22,2485,2,320,,,,,,,,,,,1885,,,,
"Topeka, KS",17,1203.81,80,6397.01,4,352.59,,,,,,,,,,,,,1885,,,,
"Wakeeney, KS",1237,193439.76,595,89397.76,8,1209.46,81,12876.27,,,,,,,,,,,1885,,,,
"Wichita, KS",161,22904.87,96,12694.07,14,1729.02,,,,,,,,,,,,,1885,,,,
"Natchitoches, LA",124,13463.7,88,9615.69,,,2,199.91,,,,,,,,,,,1885,,,,
"New Orleans, LA",586,79346.58,152,18430.69,2,210.35,20,2501.58,,,,,,,,,,,1885,,,,
"Detroit, MI",36,4039.87,49,4817.59,3,289.4,3,480,,,,,,,,,,,1885,,,,
"East Saginaw, MI",65,8163.47,106,13996.39,2,169.23,2,207.15,,,,,,,,,,,1885,,,,
"Marquette, MI",253,33783.51,118,15882.15,7,1022.66,6,723.9,,,,,,,,,,,1885,,,,
"Reed City, MI",94,9964.28,150,15739.17,10,1152.12,2,120,,,,,,,,,,,1885,,,,
"Benson, MN",119,14022.63,442,60790.96,21,2866.37,3,360,,,,,,,,,,,1885,,,,
"Crookston, MN",668,99810.97,641,94435.51,92,14376.11,3,225.2,,,,,,,,,,,1885,,,,
"Duluth, MN",336,48974.13,28,2703.84,81,12547.16,,,,,,,,,,,,,1885,,,,
"Fergus Falls, MN",193,25198.67,538,73117.81,15,1808.4,4,480,,,,,,,,,,,1885,,,,
"Redwood Falls, MN",120,13998.17,327,42313.38,4,546.46,3,138.88,,,,,,,,,,,1885,,,,
"St. Cloud, MN",359,47045.02,245,30587.12,9,1331.13,4,360,,,,,,,,,,,1885,,,,
"Taylors Falls, MN",88,9985.13,29,3232.91,,,,,,,,,,,,,,,1885,,,,
"Tracy, MN",93,10998.96,288,36624.24,5,640,2,107.84,,,,,,,,,,,1885,,,,
"Worthington, MN",82,10178.23,201,23420.66,6,801.77,7,678.51,,,,,,,,,,,1885,,,,
"Jackson, MS",858,97619.22,350,39202.81,4,478.02,6,564.48,,,,,,,,,,,1885,,,,
"Boonville, MO",315,33301.62,95,7982.32,4,280,7,402.59,,,,,,,,,,,1885,,,,
"Ironton, MO",524,65186.66,135,13572.87,5,640,1,80,,,,,,,,,,,1885,,,,
"Springfield, MO",1193,151.873.06,173,19239.15,9,654.53,9,394.35,,,,,,,,,,,1885,,,,
"Bozeman, MT",84,12822.98,22,3314.93,4,520,,,,,,,,,,,,,1885,,,,
"Helena, MT",315,48599.97,93,14132.63,53,8058.51,4,462.91,,,,,,,,,,,1885,,,,
"Miles City, MT",61,9168.77,9,1210.11,4,640,,,,,,,,,,,,,1885,,,,
"Beatrice, NE",13,1080,38,3277.44,4,437.37,,,,,,,,,,,,,1885,,,,
"Bloomington, NE",523,73901.99,683,101927.68,111,15857.58,35,5075.43,,,,,,,,,,,1885,,,,
"Grand Island, NE",1144,169381.4,808,117544.52,146,21917.58,6,812.56,,,,,,,,,,,1885,,,,
"Lincoln, NE",30,3284.13,102,10200.12,9,754.83,,,,,,,,,,,,,1885,,,,
"McCook, NE",2577,405749.23,183,28862.74,100,15767.07,98,15407.27,,,,,,,,,,,1885,,,,
"Neligh, NE",620,94472.21,215,32851.59,64,9504.59,7,1039.89,,,,,,,,,,,1885,,,,
"Niobrara, NE",937,140518.87,426,67339.18,244,36412.3,14,2235.6,,,,,,,,,,,1885,,,,
"Norfolk, NE",,,,,,,,,,,,,,,,,,,1885,,,,
"North Platte, NE",3169,499603.53,186,28599.04,55,8831.62,2,320,,,,,,,,,,,1885,,,,
"Valentine, NE",2280,360850.18,17,2637.24,80,12134.61,,,,,,,,,,,,,1885,,,,
"Carson City, NV",7,953.24,11,1592.32,1,160,1,28.68,,,,,,,,,,,1885,,,,
"Eureka, NV",6,798.7,11,1596.33,,,,,,,,,,,,,,,1885,,,,
"Las Cruces, NM",305,41250.04,93,11367.21,32,4302,,,,,,,,,,,,,1885,,,,
"Santa Fe, NM",179,26825.27,99,16387,6,835.17,,,,,,,,,,,,,1885,,,,
"La Grande, OR",295,46183.29,132,20546.19,23,3400.43,,,,,,,,,,,,,1885,,,,
"Lakeview, OR",112,17356.45,14,2115,10,1589.94,2,2.86,,,,,,,,,,,1885,,,,
"Oregon City, OR",333,47354.54,145,18128.57,8,1181.27,1,160,,,,,,,,,,,1885,,,,
"Roseburg, OR",264,38319.2,117,16850.47,7,959.91,1,160,,,,,,,,,,,1885,,,,
"The Dalles, OR",270,42230.56,69,10350.33,16,2240.01,2,240,,,,,,,,,,,1885,,,,
"Salt Lake City, UT",444,63538.81,341,48234.43,6,637.66,17,1860.86,,,,,,,,,,,1885,,,,
"Colfax, WA",,,,,,,,,,,,,,,,,,,1885,,,,
"Olympia, WA",832,119186.55,193,26543.41,68,9700.45,17,1825.15,,,,,,,,,,,1885,,,,
"Spokane, WA",433,67075.91,268,42380.96,16,2440.31,1,160,,,,,,,,,,,1885,,,,
"Vancouver, WA",158,22087.83,101,12905.63,,,,,,,,,,,,,,,1885,,,,
"Walla Walla, WA",237,34075.41,170,2592.41,55,8358.56,,,,,,,,,,,,,1885,,,,
"Yakima, WA",116,16838.64,27,3858.58,4,308.2,,,,,,,,,,,,,1885,,,,
"Bayfield, WI",171,23558.2,25,3575.56,5,720,,,,,,,,,,,,,1885,,,,
"Eau Claire, WI",200,22760.16,156,17358.41,9,1080,8,539.89,,,,,,,,,,,1885,,,,
"St. Croix Falls, WI",160,17394.74,99,10657.64,2,320,,,,,,,,,,,,,1885,,,,
"La Crosse, WI",135,9997.46,137,11609.82,,,4,243.39,,,,,,,,,,,1885,,,,
"Menasha, WI",64,5688.81,131,18154.64,2,319.87,8,701.12,,,,,,,,,,,1885,,,,
"Wausau, WI",302,30118.29,153,16629.64,12,1040,2,99.7,,,,,,,,,,,1885,,,,
"Cheyenne, WY",250,38830.92,45,6404.2,14,2197.18,4,560,,,,,,,,,,,1885,,,,
"Evanston, WY",48,7364.36,17,2478.03,1,40,,,,,,,,,,,,,1885,,,,
Illinois (GLO),,,,,,,,,,,,,,,,,,,1885,,,,
Indiana (GLO,,,,,,,,,,,,,,,,,,,1885,,,,
Ohio (GLO),,,,,,,,,,,,,,,,,,,1885,,,,
"Huntsville, AL",403,43733.68,614,68359.89,24,2201.19,11,956.63,,,,,,,,,,,1886,,,,
"Montgomery, AL",1233,153953.37,961,112621.52,46,5628.86,27,2310.75,,,,,,,,,,,1886,,,,
"Camden, AR",341,37955.62,402,47489.48,4,19.38,2,201.5,,,,,,,,,,,1886,,,,
"Dardanelle, AR",319,36753.59,364,35922.43,5,400,8,415.61,,,,,,,,,,,1886,,,,
"Harrison, AR",960,117981.39,348,41675.62,8,879.55,2,97.98,,,,,,,,,,,1886,,,,
"Little Rock, AR",505,57193.84,458,47176.76,6,660.04,3,160,,,,,,,,,,,1886,,,,
"Prescott, AZ",46,6583.39,15,1878,2,320,,,,,,,,,,,,,1886,,,,
"Tucson, AZ",156,21443.97,50,6514.37,10,1520,,,,,,,,,,,,,1886,,,,
"Bodie, CA",36,5185.16,18,2716.86,2,320,,,,,,,,,,,,,1886,,,,
"Humboldt, CA",112,17111.05,35,5394.96,15,2319.14,5,800,,,,,,,,,,,1886,,,,
"Los Angeles, CA",478,69952.53,104,15097.33,40,5785.5,,,,,,,,,,,,,1886,,,,
"Marysville, CA",144,20653.66,90,12306.12,12,1716.5,6,761.59,,,,,,,,,,,1886,,,,
"Sacramento, CA",220,30626.25,142,18928.52,22,2953.34,6,561.67,,,,,,,,,,,1886,,,,
"San Francisco, CA",1020,153595.74,163,24518.72,66,9915.41,4,578.23,,,,,,,,,,,1886,,,,
"Shasta, CA",257,38833.96,90,13585.2,9,1359.57,1,89,,,,,,,,,,,1886,,,,
"Stockton, CA",202,30912.47,111,16783.31,25,3429.39,,,,,,,,,,,,,1886,,,,
"Susanville, CA",114,17672.44,58,8865.06,5,674,13,1400,,,,,,,,,,,1886,,,,
"Visalia, CA",571,87572.81,66,8770.13,15,2018.63,3,387.46,,,,,,,,,,,1886,,,,
"Central City, CO",65,10121.94,13,2032.73,,,,,,,,,,,,,,,1886,,,,
"Del Norte, CO",93,14251.26,33,4970.67,6,842.69,1,160,,,,,,,,,,,1886,,,,
"Denver, CO",1011,158873.69,129,18951.98,48,8318.27,4,640,,,,,,,,,,,1886,,,,
"Durango, CO",74,11542.86,20,3196.88,2,240,,,,,,,,,,,,,1886,,,,
"Glenwood Springs, CO",94,14461.7,80,11268.21,1,40,,,,,,,,,,,,,1886,,,,
"Gunnison, CO",16,2471.99,1,160,,,,,,,,,,,,,,,1886,,,,
"Lake City, CO",15,2053.03,7,946.29,,,,,,,,,,,,,,,1886,,,,
"Lamar, CO",,,,,,,,,,,,,,,,,,,1886,,,,
"Leadville, CO",45,6888.7,14,2400,4,640,,,,,,,,,,,,,1886,,,,
"Pueblo, CO",395,61135.97,60,8932.42,28,4241.97,8,1120,,,,,,,,,,,1886,,,,
"Aberdeen, SD",1311,207634.21,85,13196.98,183,28805.84,,,,,,,,,,,,,1886,,,,
"Bismarck, ND",720,113787.16,56,8798.47,17,2587.23,,,,,,,,,,,,,1886,,,,
"Deadwood, SD",429,66590.89,126,19219.7,55,8242.9,,,,,,,,,,,,,1886,,,,
"Devils Lake, ND",505,78886.41,9,1014.08,37,5880.41,,,,,,,,,,,,,1886,,,,
"Fargo, ND",1018,158545.36,537,84018.28,86,13500.95,1,160,,,,,,,,,,,1886,,,,
"Grand Forks, ND",561,85617.36,292,45935.67,140,21232.21,6,961.07,,,,,,,,,,,1886,,,,
"Huron, SD",1251,195469.7,225,35655.87,371,57810.92,,,,,,,,,,,,,1886,,,,
"Mitchell, SD",540,82846.12,666,105392.05,227,34715.83,8,1268.99,,,,,,,,,,,1886,,,,
"Watertown, SD",1040,157647.11,704,110780.69,175,27141.94,10,1598.91,,,,,,,,,,,1886,,,,
"Yankton, SD",260,38114.05,417,65618.8,181,26725.32,8,1279.8,,,,,,,,,,,1886,,,,
"Gainesville, FL",1092,139374.36,471,56009.5,191,953.12,25,2953.85,,,,,,,,,,,1886,,,,
"Oxford, ID",258,39892.63,115,17721.33,3,320,160,,,,,,,,,,,,1886,,,,
"Blackfoot, ID",,,,,,,,,,,,,,,,,,,1886,,,,
"Boise, ID",133,20201.83,43,6612.26,7,921.47,,,,,,,,,,,,,1886,,,,
"Coeur d'Alene, ID",18,2729.73,4,637.25,,,,,,,,,,,,,,,1886,,,,
"Hailey, ID",97,14813.57,20,2987.44,3,346.3,,,,,,,,,,,,,1886,,,,
"Lewiston, ID",162,24694.82,70,10891.88,15,2220.08,1,160,,,,,,,,,,,1886,,,,
"Des Moines, IA",13,967.69,27,1889.65,3,240,3,236.35,,,,,,,,,,,1886,,,,
"Concordia, KS",91,10964.44,282,37867.84,26,3005.2,,,,,,,,,,,,,1886,,,,
"Garden City, KS",7454,1181736.33,70,10747.95,117,19304.65,54,8638.57,,,,,,,,,,,1886,,,,
"Independence, KS",15,1104.38,28,2960,9,686.62,,,,,,,,,,,,,1886,,,,
"Kirwin, KS",959,130429.24,907,139466.68,218,31262.7,67,10385.68,,,,,,,,,,,1886,,,,
"Larned, KS",693,105169.34,333,48028.85,81,12279,47,7324.46,,,,,,,,,,,1886,,,,
"Oberlin, KS",5778,906678.84,135,21449.36,154,24092.49,154,24446.48,,,,,,,,,,,1886,,,,
"Salina, KS",243,30142.02,454,58560.49,48,6684.11,2,239.09,,,,,,,,,,,1886,,,,
"Topeka, KS",24,2088.36,55,3851.23,3,159.92,1,40,,,,,,,,,,,1886,,,,
"Wakeeney, KS",5324,840861.04,399,60075.33,50,7754.8,337,52188.27,,,,,,,,,,,1886,,,,
"Wichita, KS",107,15040.6,83,11380.11,21,3113.9,,,,,,,,,,,,,1886,,,,
"Natchitoches, LA",164,18617.26,119,13123.99,2,61.78,2,238.26,,,,,,,,,,,1886,,,,
"New Orleans, LA",462,63030.12,43,5343.58,2,260,18,2081.11,,,,,,,,,,,1886,,,,
"Detroit, MI",20,2040,42,4621.99,4,400,1,120,,,,,,,,,,,1886,,,,
"East Saginaw, MI",70,8295.69,122,16349.6,9,852.03,,,,,,,,,,,,,1886,,,,
"Marquette, MI",277,36072.72,161,22642.73,15,1586.07,3,320,,,,,,,,,,,1886,,,,
"Reed City, MI",99,10141.94,116,12899.02,11,1037.9,5,462.59,,,,,,,,,,,1886,,,,
"Benson, MN",137,15476,268,34888.04,15,1700.22,3,400,,,,,,,,,,,1886,,,,
"Crookston, MN",667,98550.28,654,99141.31,59,8909.8,3,478.71,,,,,,,,,,,1886,,,,
"Duluth, MN",150,20450.11,31,3727.87,46,6783.81,,,,,,,,,,,,,1886,,,,
"Fergus Falls, MN",170,20771.43,392,55299.09,14,1700.13,5,800,,,,,,,,,,,1886,,,,
"Redwood Falls, MN",76,8351.31,192,25729.44,4,480,,,,,,,,,,,,,1886,,,,
"St. Cloud, MN",337,44632.4,242,30793.82,14,2278.16,,,,,,,,,,,,,1886,,,,
"Taylors Falls, MN",74,8822.25,33,3997.48,1,114.2,,,,,,,,,,,,,1886,,,,
"Tracy, MN",72,8133.2,209,27584.57,3,245.25,2,64.35,,,,,,,,,,,1886,,,,
"Worthington, MN",90,10623.07,152,19071.54,5,680,2,120,,,,,,,,,,,1886,,,,
"Jackson, MS",838,95874.8,428,52398.69,4,213.28,6,352.64,,,,,,,,,,,1886,,,,
"Boonville, MO",269,26830.05,109,9759.39,5,308.88,4,259.68,,,,,,,,,,,1886,,,,
"Ironton, MO",653,77494.43,125,13857.4,8,240,1,40,,,,,,,,,,,1886,,,,
"Springfield, MO",1029,139830.9,225,23012.9,6,401.12,3,120,,,,,,,,,,,1886,,,,
"Bozeman, MT",73,11191.29,46,7057.38,3,428.33,,,,,,,,,,,,,1886,,,,
"Helena, MT",349,52565.81,138,20582.92,25,3602.15,5,719.09,,,,,,,,,,,1886,,,,
"Miles City, MT",33,4876.27,21,2972.97,1,160,,,,,,,,,,,,,1886,,,,
"Beatrice, NE",9,518.76,21,1918.41,3,320,1,40,,,,,,,,,,,1886,,,,
"Bloomington, NE",306,42201.25,406,71842.2,160,22008.96,4,480.28,,,,,,,,,,,1886,,,,
"Grand Island, NE",696,100890.47,583,85937.1,267,39541.98,1,80,,,,,,,,,,,1886,,,,
"Lincoln, NE",19,1754.47,70,6941.16,10,872.63,,,,,,,,,,,,,1886,,,,
"McCook, NE",2899,453860.78,106,16495.13,333,52226.96,28,4463.01,,,,,,,,,,,1886,,,,
"Neligh, NE",411,62499.8,157,24223.29,130,19505.6,2,320,,,,,,,,,,,1886,,,,
"Niobrara, NE",747,111121.73,478,75398.19,307,46229.28,5,800,,,,,,,,,,,1886,,,,
"Norfolk, NE",,,,,,,,,,,,,,,,,,,1886,,,,
"North Platte, NE",2999,473811.37,198,30578.29,112,17862.94,2,240.69,,,,,,,,,,,1886,,,,
"Valentine, NE",2183,343752.08,102,15635.22,217,33914.45,,,,,,,,,,,,,1886,,,,
"Carson City, NV",10,1437.26,5,800,,,,,,,,,,,,,,,1886,,,,
"Eureka, NV",9,1280.7,14,2199.42,,,,,,,,,,,,,,,1886,,,,
"Las Cruces, NM",294,39560.91,115,14196.86,36,5099.23,,,,,,,,,,,,,1886,,,,
"Santa Fe, NM",191,28333.38,62,8946.44,6,840,,,,,,,,,,,,,1886,,,,
"La Grande, OR",421,65593.38,158,28342.04,17,2499.78,2,240,,,,,,,,,,,1886,,,,
"Lakeview, OR",136,21279.56,20,3046.78,11,1525.39,,,,,,,,,,,,,1886,,,,
"Oregon City, OR",744,107409.58,205,17704.37,11,1464.24,,,,,,,,,,,,,1886,,,,
"Roseburg, OR",247,36073.87,101,14621.13,4,640.27,,,,,,,,,,,,,1886,,,,
"The Dalles, OR",363,56874.89,79,12310.77,10,1437.39,,,,,,,,,,,,,1886,,,,
"Salt Lake City, UT",527,76975.27,269,37741.59,5,500.62,17,2198.3,,,,,,,,,,,1886,,,,
"North Yakima, WA",188,28403.96,37,5667.83,1,40,,,,,,,,,,,,,1886,,,,
"Olympia, WA",711,101756.94,163,21538.16,35,4818.46,50,5060.41,,,,,,,,,,,1886,,,,
"Spokane, WA",579,88733.73,300,47266.41,18,2454.69,,,,,,,,,,,,,1886,,,,
"Vancouver, WA",231,31729.94,98,13138.04,3,300.8,,,,,,,,,,,,,1886,,,,
"Walla Walla, WA",271,39888.56,137,21060.39,32,4228.37,1,135,,,,,,,,,,,1886,,,,
"Bayfield, WI",173,24718.9,17,2086.86,8,1268.58,2,320,,,,,,,,,,,1886,,,,
"Eau Claire, WI",151,16673,124,13967.58,7,759.75,2,200,,,,,,,,,,,1886,,,,
"St. Croix Falls, WI",136,17570.35,82,9661.98,4,320,2,80,,,,,,,,,,,1886,,,,
"La Crosse, WI",136,10906.26,81,5944.21,6,302.5,1,80,,,,,,,,,,,1886,,,,
"Menasha, WI",43,4692.96,111,14421.68,2,200,4,320,,,,,,,,,,,1886,,,,
"Wausau, WI",292,31139.05,141,15384.09,9,1291.97,4,251.4,,,,,,,,,,,1886,,,,
"Cheyenne, WY",338,52056.93,56,7106.33,20,3171.43,1,160,,,,,,,,,,,1886,,,,
"Evanston, WY",48,7420.69,9,1431.16,,,,,,,,,,,,,,,1886,,,,
Illinois (GLO),,,,,,,,,,,,,,,,,,,1886,,,,
Indiana (GLO,,,3,120,,,,,,,,,,,,,,,1886,,,,
Ohio (GLO),,,1,40,,,,,,,,,,,,,,,1886,,,,
"Huntsville, AL",1018,131078.79,636,72618.06,10,1031.05,45,4008.15,,,,,,,,,,,1887,,,,
"Montgomery, AL",1717,207651.08,926,104206.78,46,5267.29,53,4647,,,,,,,,,,,1887,,,,
"Camden, AR",728,90803.1,580,70663.86,7,718.36,1,55.03,,,,,,,,,,,1887,,,,
"Dardanelle, AR",373,40601.33,368,41592.95,8,645.43,1,40,,,,,,,,,,,1887,,,,
"Harrison, AR",1190,150625.47,557,67050.8,8,600.43,7,412.19,,,,,,,,,,,1887,,,,
"Little Rock, AR",488,55739.55,436,46316.77,3,400,1,40,,,,,,,,,,,1887,,,,
"Prescott, AZ",34,5160,15,2147.04,1,157.75,,,,,,,,,,,,,1887,,,,
"Tucson, AZ",135,19377.9,33,4911.99,13,1781.4,,,,,,,,,,,,,1887,,,,
"Humboldt, CA",77,12013.91,30,4608.9,20,3039.75,4,600,,,,,,,,,,,1887,,,,
"Independence, CA",48,6635.85,16,2480,3,439.32,,,,,,,,,,,,,1887,,,,
"Los Angeles, CA",595,85764.77,83,11937.74,57,7924.38,,,,,,,,,,,,,1887,,,,
"Marysville, CA",102,14405.05,75,10995.6,9,915.22,3,480,,,,,,,,,,,1887,,,,
"Sacramento, CA",204,27475.09,104,14373.96,5,650,,,,,,,,,,,,,1887,,,,
"San Francisco, CA",972,148034.32,222,33401.66,152,22488.54,6,575.73,,,,,,,,,,,1887,,,,
"Shasta, CA",215,32275.75,82,12052.53,9,1120.45,2,160.25,,,,,,,,,,,1887,,,,
"Stockton, CA",174,25653.6,98,14668.04,18,2346.93,1,160,,,,,,,,,,,1887,,,,
"Susanville, CA",112,17496.61,56,8523.11,9,1193.81,1,120,,,,,,,,,,,1887,,,,
"Visalia, CA",878,135282.98,83,11765.51,37,5427.74,1,40,,,,,,,,,,,1887,,,,
"Central City, CO",57,8881.49,20,3033.59,5,958.6,,,,,,,,,,,,,1887,,,,
"Del Norte, CO",198,30837.34,39,5841.28,14,2246.09,2,273.87,,,,,,,,,,,1887,,,,
"Denver, CO",2406,381853.1,134,19467.33,106,16271.8,8,718.87,,,,,,,,,,,1887,,,,
"Durango, CO",141,21714.19,27,4119.79,3,475.68,,,,,,,,,,,,,1887,,,,
"Glenwood Springs, CO",60,9490.45,7,1111.6,5,756.06,,,,,,,,,,,,,1887,,,,
"Gunnison, CO",26,3999.99,9,1400,2,320,,,,,,,,,,,,,1887,,,,
"Lake City, CO",10,1461.17,3,428.36,3,484.25,,,,,,,,,,,,,1887,,,,
"Lamar, CO",1582,249780.11,16,1240.28,18,2652.69,,,,,,,,,,,,,1887,,,,
"Leadville, CO",64,10064.13,35,5478.76,6,944.7,,,,,,,,,,,,,1887,,,,
"Pueblo, CO",537,83492.82,51,7372.21,28,4388.92,7,988.66,,,,,,,,,,,1887,,,,
"Aberdeen, SD",725,113782.05,163,25822.22,369,58421.47,1,160,,,,,,,,,,,1887,,,,
"Bismarck, ND",439,69470.01,113,17726.31,23,3678.14,1,160,,,,,,,,,,,1887,,,,
"Deadwood, SD",187,28841.94,101,15773.14,81,12490.14,,,,,,,,,,,,,1887,,,,
"Devils Lake, ND",370,56496.25,19,2596.92,71,11124.53,,,,,,,,,,,,,1887,,,,
"Fargo, ND",679,104692.35,546,86011.63,94,15076,8,1280,,,,,,,,,,,1887,,,,
"Grand Forks, ND",674,103107.42,344,54383.91,148,22611.34,4,639,,,,,,,,,,,1887,,,,
"Huron, SD",630,98774.16,383,60592.61,569,89130.51,1,160,,,,,,,,,,,1887,,,,
"Mitchell, SD",383,53654.55,970,153229.06,196,30474.86,6,959.16,,,,,,,,,,,1887,,,,
"Watertown, SD",620,95110.76,863,134783.39,313,48217.21,5,800,,,,,,,,,,,1887,,,,
"Yankton, SD",159,22274.21,356,56086.23,140,20901.7,,,,,,,,,,,,,1887,,,,
"Gainesville, FL",838,107328.88,382,46545.51,79,9882.35,11,873.19,,,,,,,,,,,1887,,,,
"Oxford, ID",,,,,,,,,,,,,,,,,,,1887,,,,
"Blackfoot, ID",228,35260.85,109,16994.81,8,1168.99,,,,,,,,,,,,,1887,,,,
"Boise, ID",145,21438.59,57,8225.78,8,1267.04,,,,,,,,,,,,,1887,,,,
"Coeur d'Alene, ID",48,7015.87,13,2053.44,,,,,,,,,,,,,,,1887,,,,
"Hailey, ID",87,13142.12,26,4120,4,600,,,,,,,,,,,,,1887,,,,
"Lewiston, ID",126,18323.79,88,14030.93,12,1755.97,,,,,,,,,,,,,1887,,,,
"Des Moines, IA",16,1079.84,14,1220.99,1,80,1,40,,,,,,,,,,,1887,,,,
"Concordia, KS",50,5151.73,255,31611.54,40,5132.88,,,,,,,,,,,,,1887,,,,
"Garden City, KS",4940,778409.04,168,26713.31,1379,222180.96,7,926.04,,,,,,,,,,,1887,,,,
"Independence, KS",13,950.15,21,1981.49,10,759.97,,,,,,,,,,,,,1887,,,,
"Kirwin, KS",511,68199.61,659,100214.77,418,58589,14,1959.57,,,,,,,,,,,1887,,,,
"Larned, KS",430,62928.67,245,36300.97,208,31876.83,1,80,,,,,,,,,,,1887,,,,
"Oberlin, KS",2104,323833.09,156,24419.87,1030,161856.2,9,1394.11,,,,,,,,,,,1887,,,,
"Salina, KS",192,25005.72,313,41559.64,43,5219.03,2,238.79,,,,,,,,,,,1887,,,,
"Topeka, KS",15,1545.75,40,3186.96,2,120,,,,,,,,,,,,,1887,,,,
"Wakeeney, KS",4458,698738.53,200,30367.01,670,109020.58,20,3150.41,,,,,,,,,,,1887,,,,
"Wichita, KS",71,9787.69,74,9980.77,47,6906.56,,,,,,,,,,,,,1887,,,,
"Natchitoches, LA",245,27714.17,157,18287.96,1,39.87,3,200.95,,,,,,,,,,,1887,,,,
"New Orleans, LA",518,71190.66,95,12999.13,5,670.01,14,1664.44,,,,,,,,,,,1887,,,,
"Detroit, MI",20,2320,54,5829.68,5,400,,,,,,,,,,,,,1887,,,,
"East Saginaw, MI",47,5958.91,85,11483.93,4,238.68,,,,,,,,,,,,,1887,,,,
"Marquette, MI",272,34877.3,152,21031,13,1546.33,,,,,,,,,,,,,1887,,,,
"Reed City, MI",65,6227.52,109,9701.37,13,1635.94,1,36.17,,,,,,,,,,,1887,,,,
"Benson, MN",77,8375.82,161,22087.52,7,991.95,,,,,,,,,,,,,1887,,,,
"Crookston, MN",584,85895.64,796,122203.8,39,5871.9,3,480.57,,,,,,,,,,,1887,,,,
"Duluth, MN",806,107447.16,97,7351.41,55,8266.58,,,,,,,,,,,,,1887,,,,
"Fergus Falls, MN",135,17108.34,260,33910.8,8,1107.52,3,480,,,,,,,,,,,1887,,,,
"Redwood Falls, MN",62,6875.5,129,17855.39,2,240,,,,,,,,,,,,,1887,,,,
"St. Cloud, MN",296,38540.03,208,27729.86,5,666.52,1,80,,,,,,,,,,,1887,,,,
"Taylors Falls, MN",100,11322.98,57,63339.4,2,240,,,,,,,,,,,,,1887,,,,
"Tracy, MN",51,6126.85,190,25554.82,9,1120.66,,,,,,,,,,,,,1887,,,,
"Worthington, MN",62,6360.58,108,13579.61,3,354.44,,,,,,,,,,,,,1887,,,,
"Jackson, MS",776,90047.63,559,70560.1,7,682.2,4,326.55,,,,,,,,,,,1887,,,,
"Boonville, MO",285,29061.01,153,13111.09,3,194.39,4,242.15,,,,,,,,,,,1887,,,,
"Ironton, MO",475,54528.56,199,23186.58,9,904.66,,,,,,,,,,,,,1887,,,,
"Springfield, MO",996,123357.26,357,38724.03,13,1502.61,2,160,,,,,,,,,,,1887,,,,
"Bozeman, MT",72,10546.03,69,10827.13,4,391.25,,,,,,,,,,,,,1887,,,,
"Helena, MT",344,52659.12,117,18190.12,23,3341.07,3,385.99,,,,,,,,,,,1887,,,,
"Miles City, MT",21,3256.43,23,3495.73,,,,,,,,,,,,,,,1887,,,,
"Beatrice, NE",6,600,31,3203.37,7,558.76,,,,,,,,,,,,,1887,,,,
"Bloomington, NE",175,23978.31,332,49120.96,174,24493.67,4,480,,,,,,,,,,,1887,,,,
"Grand Island, NE",504,72734.9,470,70376.59,376,57164.81,,,,,,,,,,,,,1887,,,,
"Lincoln, NE",17,1489.95,70,7073.78,5,560,,,,,,,,,,,,,1887,,,,
"McCook, NE",1429,220907.25,156,24328.18,1069,166769.03,3,394.79,,,,,,,,,,,1887,,,,
"Neligh, NE",329,49749.77,176,27179.74,207,31146.75,3,480,,,,,,,,,,,1887,,,,
"Niobrara, NE",419,61386.52,414,64799.16,492,74250.9,2,320,,,,,,,,,,,1887,,,,
"Norfolk, NE",,,,,,,,,,,,,,,,,,,1887,,,,
"North Platte, NE",2575,405078.22,194,30124.62,354,54195.18,,,,,,,,,,,,,1887,,,,
"Valentine, NE",1666,262711.09,106,16668.58,408,64264.92,,,,,,,,,,,,,1887,,,,
"Carson City, NV",6,960,5,708.24,,,,,,,,,,,,,,,1887,,,,
"Eureka, NV",4,618.69,6,906.3,,,,,,,,,,,,,,,1887,,,,
"Las Cruces, NM",137,19492.87,46,6590.96,22,3075.14,,,,,,,,,,,,,1887,,,,
"Santa Fe, NM",249,38416.61,57,8529.02,6,834.6,,,,,,,,,,,,,1887,,,,
"La Grande, OR",319,50086.12,187,28895.19,26,3953.55,,,,,,,,,,,,,1887,,,,
"Lakeview, OR",170,26309,9,1422.2,11,1759.03,,,,,,,,,,,,,1887,,,,
"Oregon City, OR",375,53733.16,172,23587.54,14,1694.53,1,80,,,,,,,,,,,1887,,,,
"Roseburg, OR",200,29010.2,108,15284.72,9,1039.53,,,,,,,,,,,,,1887,,,,
"The Dalles, OR",423,66240.06,139,21584.49,21,3363.5,2,240,,,,,,,,,,,1887,,,,
"Salt Lake City, UT",315,45513.08,219,31569.35,20,2799.68,20,2559.13,,,,,,,,,,,1887,,,,
"North Yakima, WA",147,22254.81,46,6990.93,7,878.5,,,,,,,,,,,,,1887,,,,
"Olympia, WA",820,115877.15,191,26865.79,55,7790.23,1,160,,,,,,,,,,,1887,,,,
"Spokane, WA",495,73508.5,324,50915.88,17,2530.83,2,320,,,,,,,,,,,1887,,,,
"Vancouver, WA",130,17620.5,99,1394.47,11,1481.34,,,,,,,,,,,,,1887,,,,
"Walla Walla, WA",275,40238.79,190,28609.68,38,5054.45,,,,,,,,,,,,,1887,,,,
"Ashland, WI",311,43659.08,24,3242.61,10,1133.35,,,,,,,,,,,,,1887,,,,
"Eau Claire, WI",122,13284.81,116,13572.2,6,637.05,1,40,,,,,,,,,,,1887,,,,
"St. Croix Falls, WI",102,11944.67,96,11245.7,4,612.12,,,,,,,,,,,,,1887,,,,
"La Crosse, WI",90,7305.52,82,7059.07,2,120,3,120,,,,,,,,,,,1887,,,,
"Menasha, WI",50,5344.54,59,7403,,,4,200,,,,,,,,,,,1887,,,,
"Wausau, WI",185,20037.6,109,12590.96,12,1381.05,2,200,,,,,,,,,,,1887,,,,
"Cheyenne, WY",359,53939.81,58,7223.03,20,3195.37,1,160,,,,,,,,,,,1887,,,,
"Evanston, WY",53,8395,20,3029,,,,,,,,,,,,,,,1887,,,,
Illinois (GLO),,,1,160,,,,,,,,,,,,,,,1887,,,,
Indiana (GLO,3,132.52,,,,,,,,,,,,,,,,,1887,,,,
Ohio (GLO),,,,,,,,,,,,,,,,,,,1887,,,,
"Sitka, AK",,,,,,,,,,,,,,,,,,,1888,,,,
"Huntsville, AL",1302,160692.52,662,79016.08,58,7032.58,19,1361.64,,,,,,,,,,,1888,,,,
"Montgomery, AL",1583,187315.02,886,112461.27,165,19454.11,49,4365.12,,,,,,,,,,,1888,,,,
"Camden, AR",691,81633.51,499,61547.77,5,200,3,355.08,,,,,,,,,,,1888,,,,
"Dardanelle, AR",327,38064.44,372,39849.85,6,342.72,3,246.7,,,,,,,,,,,1888,,,,
"Harrison, AR",1276,157135.81,588,70433.89,17,1339.24,3,120,,,,,,,,,,,1888,,,,
"Little Rock, AR",486,52303.02,382,40518.62,12,1160,3,120,,,,,,,,,,,1888,,,,
"Prescott, AZ",49,7433.55,12,1797.51,1,160,,,,,,,,,,,,,1888,,,,
"Tucson, AZ",304,45016.63,30,4115.23,33,4899.74,,,,,,,,,,,,,1888,,,,
"Humboldt, CA",90,13546.3,35,5381.46,30,4543.31,,,,,,,,,,,,,1888,,,,
"Independence, CA",58,8352.07,19,2836.88,3,480,,,,,,,,,,,,,1888,,,,
"Los Angeles, CA",995,145116.97,141,19588.68,173,24341.98,,,,,,,,,,,,,1888,,,,
"Marysville, CA",104,14932.75,79,11019.57,5,679.08,,,,,,,,,,,,,1888,,,,
"Sacramento, CA",252,33726.79,161,21259.59,19,2214.59,,,,,,,,,,,,,1888,,,,
"San Francisco, CA",948,142476.27,241,35640.72,211,31319.99,4,495.6,,,,,,,,,,,1888,,,,
"Shasta, CA",271,40167.99,79,11886.46,20,2709.07,,,,,,,,,,,,,1888,,,,
"Stockton, CA",297,44597.63,93,14132.04,35,5358.55,,,,,,,,,,,,,1888,,,,
"Susanville, CA",127,19476.94,45,6993.35,17,2604.17,,,,,,,,,,,,,1888,,,,
"Visalia, CA",1389,214656.66,95,14139.71,88,13090.83,1,160,,,,,,,,,,,1888,,,,
"Central City, CO",59,9094.56,28,4307.71,5,800,,,,,,,,,,,,,1888,,,,
"Del Norte, CO",633,99298.44,57,8840,40,6158.82,1,160,,,,,,,,,,,1888,,,,
"Denver, CO",2997,473376.1,172,25105.11,318,50052.34,,,,,,,,,,,,,1888,,,,
"Durango, CO",117,17459.16,13,2076.76,9,1318.57,,,,,,,,,,,,,1888,,,,
"Glenwood Springs, CO",75,11818.53,21,3334.79,9,1436.55,,,,,,,,,,,,,1888,,,,
"Gunnison, CO",17,2640,10,1599.35,4,640,1,160,,,,,,,,,,,1888,,,,
"Lake City, CO",10,1585.15,1,159.15,1,148.4,,,,,,,,,,,,,1888,,,,
"Lamar, CO",1709,269351.87,30,3238.33,245,38518.91,,,,,,,,,,,,,1888,,,,
"Leadville, CO",56,8716.64,19,2920,6,789.15,,,,,,,,,,,,,1888,,,,
"Pueblo, CO",738,114213.63,94,13993.49,40,5903.01,1,160,,,,,,,,,,,1888,,,,
"Aberdeen, SD",439,69156.5,429,68162.59,243,38677.09,,,,,,,,,,,,,1888,,,,
"Bismarck, ND",372,58667.44,345,55058.46,28,4272.92,,,,,,,,,,,,,1888,,,,
"Deadwood, SD",264,40984.16,82,13038.76,46,6863.19,,,,,,,,,,,,,1888,,,,
"Devils Lake, ND",490,76647.22,21,3458.36,63,9856.47,,,,,,,,,,,,,1888,,,,
"Fargo, ND",398,62031.02,642,101068.62,152,23697,2,240,,,,,,,,,,,1888,,,,
"Grand Forks, ND",783,120344.61,392,61547.32,105,15942.98,,,,,,,,,,,,,1888,,,,
"Huron, SD",350,54764.82,820,130114.03,287,45254.45,,,,,,,,,,,,,1888,,,,
"Mitchell, SD",229,34630.67,1305,205261.28,123,18779.8,1,160,,,,,,,,,,,1888,,,,
"Watertown, SD",449,67731.81,887,139479.41,252,38969.84,4,640.78,,,,,,,,,,,1888,,,,
"Yankton, SD",92,12410.28,646,100807.41,64,9382.59,,,,,,,,,,,,,1888,,,,
"Gainesville, FL",1016,132812.4,821,104834.29,94,11665.83,14,1594.57,,,,,,,,,,,1888,,,,
"Oxford, ID",,,,,,,,,,,,,,,,,,,1888,,,,
"Blackfoot, ID",287,43660.55,96,14942.99,8,1280,,,,,,,,,,,,,1888,,,,
"Boise, ID",147,22081.68,54,8135.42,8,1264.02,,,,,,,,,,,,,1888,,,,
"Coeur d'Alene, ID",23,3215.17,5,596,1,160,,,,,,,,,,,,,1888,,,,
"Hailey, ID",142,21260.46,53,8162.43,9,1426.62,,,,,,,,,,,,,1888,,,,
"Lewiston, ID",138,21022.09,98,15542.39,11,1558.78,,,,,,,,,,,,,1888,,,,
"Des Moines, IA",158,20756.14,18,1422.14,5,391.71,1,80,,,,,,,,,,,1888,,,,
"Concordia, KS",30,2707,153,19713.72,45,5502.56,,,,,,,,,,,,,1888,,,,
"Garden City, KS",1923,301823.86,357,55432.94,3053,482861.3,1,160,,,,,,,,,,,1888,,,,
"Independence, KS",11,883.07,13,1344.38,4,440,,,,,,,,,,,,,1888,,,,
"Kirwin, KS",245,33497.86,528,78963.45,374,51031.46,3,400,,,,,,,,,,,1888,,,,
"Larned, KS",176,25165.81,120,17927.86,218,32560.36,,,,,,,,,,,,,1888,,,,
"Oberlin, KS",1132,173079.76,256,40051.34,1400,217886.3,7,1120,,,,,,,,,,,1888,,,,
"Salina, KS",96,12522.85,213,28571.68,50,6333.55,,,,,,,,,,,,,1888,,,,
"Topeka, KS",8,490.58,31,2345.05,3,85.85,,,,,,,,,,,,,1888,,,,
"Wakeeney, KS",2057,319713.99,462,72147.76,2276,347923.92,3,480,,,,,,,,,,,1888,,,,
"Wichita, KS",56,6599.61,56,7404.93,34,4739.39,,,,,,,,,,,,,1888,,,,
"Natchitoches, LA",349,41804.29,111,12796.3,1,40,,,,,,,,,,,,,1888,,,,
"New Orleans, LA",880,119607.07,138,18776.49,8,856.82,10,860.74,,,,,,,,,,,1888,,,,
"Detroit, MI",22,2487.01,26,2923.61,4,360,,,,,,,,,,,,,1888,,,,
"East Saginaw, MI",40,4259.24,44,5674.47,5,520,1,40,,,,,,,,,,,1888,,,,
"Grayling, MI",111,14680.09,25,2916.52,2,160,,,,,,,,,,,,,1888,,,,
"Marquette, MI",319,41647.75,210,29780.11,29,4221.76,,,,,,,,,,,,,1888,,,,
"Reed City, MI",60,6593.51,72,7415.96,12,1334.59,,,,,,,,,,,,,1888,,,,
"Benson, MN",57,5953.43,161,21186.904,7,800,,,,,,,,,,,,,1888,,,,
"Crookston, MN",516,75316.48,508,78273.99,23,3418,,,,,,,,,,,,,1888,,,,
"Duluth, MN",469,64354.52,61,5861.13,89,13581.11,1,160,,,,,,,,,,,1888,,,,
"Fergus Falls, MN",115,14705.4,268,33120.32,8,967.19,,,,,,,,,,,,,1888,,,,
"Redwood Falls, MN",40,4516.51,76,10557.48,5,597.91,,,,,,,,,,,,,1888,,,,
"St. Cloud, MN",472,67117.41,211,28027.3,13,1757.51,,,,,,,,,,,,,1888,,,,
"Taylors Falls, MN",149,19471.76,59,5653.04,8,760,,,,,,,,,,,,,1888,,,,
"Tracy, MN",53,6357.97,124,16031.97,7,800,,,,,,,,,,,,,1888,,,,
"Worthington, MN",48,4878.67,109,13967.23,2,320,,,,,,,,,,,,,1888,,,,
"Jackson, MS",1056,124919.93,603,77098.15,12,1713.57,4,357.89,,,,,,,,,,,1888,,,,
"Boonville, MO",236,23285.92,178,16991.81,4,200.58,2,79.66,,,,,,,,,,,1888,,,,
"Ironton, MO",456,52832.66,248,30969.67,2,315.14,,,,,,,,,,,,,1888,,,,
"Springfield, MO",688,85067.3,359,37367.21,6,444.68,1,29.25,,,,,,,,,,,1888,,,,
"Bozeman, MT",96,14567.85,80,12443.05,2,320,,,,,,,,,,,,,1888,,,,
"Helena, MT",389,59582.82,186,28204.37,57,8055.59,,,,,,,,,,,,,1888,,,,
"Miles City, MT",24,3546.38,34,5285.1,,,,,,,,,,,,,,,1888,,,,
"Beatrice, NE",2,120,,,1,80,,,,,,,,,,,,,1888,,,,
"Bloomington, NE",150,21201.18,241,35350.37,89,11624.12,,,,,,,,,,,,,1888,,,,
"Chadron, NE",1287,201389.64,52,7928.28,306,46526.23,,,,,,,,,,,,,1888,,,,
"Grand Island, NE",323,46598.03,506,75865.72,256,37814.72,,,,,,,,,,,,,1888,,,,
"Lincoln, NE",19,1836.04,46,4759.41,6,480,,,,,,,,,,,,,1888,,,,
"McCook, NE",865,134071.36,143,22455.81,1055,165192.96,,,,,,,,,,,,,1888,,,,
"Neligh, NE",203,30454.28,225,34749.45,143,21991.59,,,,,,,,,,,,,1888,,,,
"Niobrara, NE",169,24540.04,566,87052.77,326,49543.44,,,,,,,,,,,,,1888,,,,
"Norfolk, NE",,,,,,,,,,,,,,,,,,,1888,,,,
"North Platte, NE",991,154020.22,200,31112.36,409,64306.15,,,,,,,,,,,,,1888,,,,
"Sidney, NE",1023,161849,36,5600.89,65,10186.83,,,,,,,,,,,,,1888,,,,
"Valentine, NE",407,63595.98,169,26615.11,204,32081.28,,,,,,,,,,,,,1888,,,,
"Carson City, NV",5,796.68,3,480,,,,,,,,,,,,,,,1888,,,,
"Eureka, NV",8,1270.51,9,1431.6,,,,,,,,,,,,,,,1888,,,,
"Las Cruces, NM",132,18086.01,45,6032.16,5,739.38,,,,,,,,,,,,,1888,,,,
"Santa Fe, NM",307,46644.38,96,14725.87,10,1493.88,,,,,,,,,,,,,1888,,,,
"La Grande, OR",348,54075.7,221,34426.21,27,4179.64,,,,,,,,,,,,,1888,,,,
"Lakeview, OR",248,39053.11,25,3939.92,20,3093.34,,,,,,,,,,,,,1888,,,,
"Oregon City, OR",358,54665.33,203,26899.34,25,3136.91,,,,,,,,,,,,,1888,,,,
"Roseburg, OR",212,30776.41,155,23050.45,5,669.5,1,137.31,,,,,,,,,,,1888,,,,
"The Dalles, OR",399,62414.49,194,30609.68,27,4188.53,,,,,,,,,,,,,1888,,,,
"Salt Lake City, UT",344,49355.44,173,24740.98,24,2949.96,,,,,,,,,,,,,1888,,,,
"Seattle, WA",1085,154453.42,241,35465.13,54,8076.69,,,,,,,,,,,,,1888,,,,
"North Yakima, WA",204,30954.17,38,5606.17,5,786.57,,,,,,,,,,,,,1888,,,,
"Spokane, WA",485,74055.13,225,35421.76,14,1755.1,,,,,,,,,,,,,1888,,,,
"Vancouver, WA",259,36869.81,169,23871.7,17,2203.82,,,,,,,,,,,,,1888,,,,
"Walla Walla, WA",177,26738.35,227,34610.96,57,7655.17,,,,,,,,,,,,,1888,,,,
"Ashland, WI",257,34534.86,29,4197.86,21,3098.41,,,,,,,,,,,,,1888,,,,
"Eau Claire, WI",87,9505.36,111,13388.22,9,880,1,40,,,,,,,,,,,1888,,,,
"St. Croix Falls, WI",70,9080.05,91,10747.71,3,240,,,,,,,,,,,,,1888,,,,
"La Crosse, WI",84,7267.2,46,4173.19,,,,,,,,,,,,,,,1888,,,,
"Menasha, WI",24,2310.27,62,8838.1,5,520,1,64.64,,,,,,,,,,,1888,,,,
"Wausau, WI",166,17419.17,127,13931.1,8,742.47,5,240,,,,,,,,,,,1888,,,,
"Buffalo, WY",34,5386.66,6,960,3,480,,,,,,,,,,,,,1888,,,,
"Cheyenne, WY",346,54380.35,56,8414.04,21,3223.96,,,,,,,,,,,,,1888,,,,
"Evanston, WY",40,6192.97,19,2879.62,,,,,,,,,,,,,,,1888,,,,
Illinois (GLO),,,,,,,,,,,,,,,,,,,1888,,,,
Indiana (GLO,,,,,,,,,,,,,,,,,,,1888,,,,
Ohio (GLO),2,240,,,,,,,,,,,,,,,,,1888,,,,
"Huntsville, AL",853,102466.19,591,75678.34,65,8000.09,1,119.5,,,,,,,,,,,1889,,,,
"Montgomery, AL",1144,128820.88,905,110593.18,118,14803.2,6,520.64,,,,,,,,,,,1889,,,,
"Sitka, AK",,,,,,,,,,,,,,,,,,,1889,,,,
"Prescott, AZ",38,5880,28,4199.92,1,160,,,,,,,,,,,,,1889,,,,
"Tucson, AZ",174,25215.73,31,4592.59,19,2592.89,,,,,,,,,,,,,1889,,,,
"Camden, AR",745,91740.04,382,43581.25,8,846.8,2,160,,,,,,,,,,,1889,,,,
"Dardanelle, AR",341,38935.6,300,31874.44,10,887.77,,,,,,,,,,,,,1889,,,,
"Harrison, AR",1248,154895.49,542,66598.23,12,1082.68,2,110.54,,,,,,,,,,,1889,,,,
"Little Rock, AR",699,80620.27,380,39793.65,10,809.25,1,40,,,,,,,,,,,1889,,,,
"Humboldt, CA",96,14797.61,51,7689.1,12,1837.28,,,,,,,,,,,,,1889,,,,
"Independence, CA",47,6439.11,13,1958.34,4,640,,,,,,,,,,,,,1889,,,,
"Los Angeles, CA",586,84885.83,112,16750.27,136,17414.72,,,,,,,,,,,,,1889,,,,
"Marysville, CA",106,15383.11,90,13150,9,1115.67,,,,,,,,,,,,,1889,,,,
"Sacramento, CA",176,24534.59,174,24137.47,14,1405.12,,,,,,,,,,,,,1889,,,,
"San Francisco, CA",771,111153.55,272,40918.16,245,36659.47,,,,,,,,,,,,,1889,,,,
"Shasta, CA",106,15940.6,61,9348.64,9,1395,,,,,,,,,,,,,1889,,,,
"Stockton, CA",187,28038.41,107,16222.2,67,9656.71,,,,,,,,,,,,,1889,,,,
"Susanville, CA",134,21058.8,57,8746.94,10,1536.58,,,,,,,,,,,,,1889,,,,
"Visalia, CA",550,83903.23,105,15826.97,252,38578.55,,,,,,,,,,,,,1889,,,,
"Central City, CO",57,8776.26,36,5478.61,10,1600,,,,,,,,,,,,,1889,,,,
"Del Norte, CO",288,44881.49,50,7697.77,228,35545.72,,,,,,,,,,,,,1889,,,,
"Denver, CO",1735,271937.23,257,38707.82,697,109868.2,1,160,,,,,,,,,,,1889,,,,
"Durango, CO",92,14046.99,24,3777.66,21,3189.94,,,,,,,,,,,,,1889,,,,
"Glenwood Springs, CO",91,14222.88,15,2391.09,13,1880.05,,,,,,,,,,,,,1889,,,,
"Gunnison, CO",23,3517.25,10,1560,4,600,,,,,,,,,,,,,1889,,,,
"Lamar, CO",500,78626.33,33,5196.74,374,59232.26,,,,,,,,,,,,,1889,,,,
"Leadville, CO",56,8696.26,29,4467,8,1240,,,,,,,,,,,,,1889,,,,
"Montrose, CO",11,1679.27,2,320,1,160,,,,,,,,,,,,,1889,,,,
"Pueblo, CO",536,79993.08,188,27677.87,188,28975.8,3,280.19,,,,,,,,,,,1889,,,,
"Aberdeen, SD",606,95375.19,487,77434.44,87,13639.01,,,,,,,,,,,,,1889,,,,
"Bismarck, ND",421,65915.78,482,76193.81,14,2160.67,,,,,,,,,,,,,1889,,,,
"Devils Lake, ND",577,89671.08,96,15172.69,100,15465.87,,,,,,,,,,,,,1889,,,,
"Fargo, ND",420,65415.24,948,148824.81,60,9261.54,,,,,,,,,,,,,1889,,,,
"Grand Forks, ND",464,69374.55,493,76845.45,140,21706.89,,,,,,,,,,,,,1889,,,,
"Huron, SD",348,53433.29,901,142420.9,82,12596.79,,,,,,,,,,,,,1889,,,,
"Mitchell, SD",192,29377.22,934,145028.14,46,6865.86,,,,,,,,,,,,,1889,,,,
"Rapid City, SD",373,58568.06,99,15467.1,35,5490.33,,,,,,,,,,,,,1889,,,,
"Watertown, SD",311,46158.87,926,150861.35,107,16380.9,,,,,,,,,,,,,1889,,,,
"Yankton, SD",77,10662.8,448,68510.93,30,3849.33,,,,,,,,,,,,,1889,,,,
"Gainesville, FL",610,78530.12,626,81706.6,46,5425.18,3,167.44,,,,,,,,,,,1889,,,,
"Oxford, ID",,,,,,,,,,,,,,,,,,,1889,,,,
"Blackfoot, ID",259,39855,115,17743.41,16,2486.87,,,,,,,,,,,,,1889,,,,
"Boise, ID",109,16166.83,80,12050.96,20,2581.3,,,,,,,,,,,,,1889,,,,
"Coeur d'Alene, ID",36,5258.81,15,2301.79,1,160,,,,,,,,,,,,,1889,,,,
"Hailey, ID",102,15596.61,91,12850.73,2,320,,,,,,,,,,,,,1889,,,,
"Lewiston, ID",188,28708.25,109,16827.67,24,3382.93,,,,,,,,,,,,,1889,,,,
"Guthrie, OK",3049,478730.49,,,,,,,,,,,,,,,,,1889,,,,
"Kingfisher, OK",2715,425231.61,,,,,,,,,,,,,,,,,1889,,,,
"Des Moines, IA",33,2879.64,20,1865.05,9,1160.45,,,,,,,,,,,,,1889,,,,
"Concordia, KS",20,2254.3,61,7729.17,13,1235.42,,,,,,,,,,,,,1889,,,,
"Garden City, KS",610,95504.08,362,57158.84,1433,226844.7,,,,,,,,,,,,,1889,,,,
"Independence, KS",2,200.63,14,1349.76,1,40,,,,,,,,,,,,,1889,,,,
"Kirwin, KS",182,24912.1,416,62073.75,192,26015.27,5,800,,,,,,,,,,,1889,,,,
"Larned, KS",149,22021.18,285,42509.3,183,28064.06,2,320,,,,,,,,,,,1889,,,,
"Oberlin, KS",500,76267.67,237,36619.68,901,140267.05,5,800,,,,,,,,,,,1889,,,,
"Salina, KS",52,6133.91,154,19800.92,21,2665.86,,,,,,,,,,,,,1889,,,,
"Topeka, KS",10,1085.96,54,6555.69,6,560,,,,,,,,,,,,,1889,,,,
"Wakeeney, KS",742,114213.35,401,62845.58,1132,178331.3,2,320,,,,,,,,,,,1889,,,,
"Wichita, KS",17,2297.16,46,6189.2,7,840.27,,,,,,,,,,,,,1889,,,,
"Natchitoches, LA",364,40021.23,203,23728.79,2,240.83,,,,,,,,,,,,,1889,,,,
"New Orleans, LA",873,111788.34,435,62414.88,27,3609.58,6,684.87,,,,,,,,,,,1889,,,,
"Detroit, MI",,,,,,,,,,,,,,,,,,,1889,,,,
"East Saginaw, MI",,,,,,,,,,,,,,,,,,,1889,,,,
"Grayling, MI",179,15585.86,168,20485.89,32,3490.77,,,,,,,,,,,,,1889,,,,
"Marquette, MI",695,100374.23,210,27056.79,73,10379.68,1,159,,,,,,,,,,,1889,,,,
"Benson, MN",36,4304.67,70,9116.01,3,320,,,,,,,,,,,,,1889,,,,
"Crookston, MN",397,56659.74,1318,203186.52,32,4319.83,1,160,,,,,,,,,,,1889,,,,
"Duluth, MN",371,49037.95,64,7079.34,116,16926.49,,,,,,,,,,,,,1889,,,,
"Fergus Falls, MN",76,9399.57,195,24775.14,8,880,,,,,,,,,,,,,1889,,,,
"Marshall, MN",72,8632.93,110,12587.99,4,403.2,,,,,,,,,,,,,1889,,,,
"Redwood Falls, MN",20,2093.4,55,7270.6,3,310.16,,,,,,,,,,,,,1889,,,,
"St. Cloud, MN",260,33356.36,306,40218.79,25,3770.17,,,,,,,,,,,,,1889,,,,
"Taylors Falls, MN",94,10686.72,59,6822.71,4,280,,,,,,,,,,,,,1889,,,,
"Tracy, MN",25,2535.97,58,7160.99,3,280.81,,,,,,,,,,,,,1889,,,,
"Worthington, MN",45,4992.12,61,7908.93,5,409.25,,,,,,,,,,,,,1889,,,,
"Jackson, MS",1089,131338.92,800,114355.11,9,1013.65,3,238.14,,,,,,,,,,,1889,,,,
"Boonville, MO",252,26591.18,178,16458.6,2,200,1,40,,,,,,,,,,,1889,,,,
"Ironton, MO",450,49130.22,312,39504.17,9,1223.7,2,122.55,,,,,,,,,,,1889,,,,
"Springfield, MO",803,93236.09,544,64389.11,12,1248.9,3,160,,,,,,,,,,,1889,,,,
"Bozeman, MT",126,18583.9,71,10629.2,3,351.62,,,,,,,,,,,,,1889,,,,
"Helena, MT",394,60090.08,258,38848.62,63,9404.02,,,,,,,,,,,,,1889,,,,
"Miles City, MT",44,6733.9,43,5422.83,,,,,,,,,,,,,,,1889,,,,
"Beatrice, NE",,,,,,,,,,,,,,,,,,,1889,,,,
"Bloomington, NE",104,13863.18,277,42298.21,58,8048.84,,,,,,,,,,,,,1889,,,,
"Chadron, NE",1228,191934.25,81,12882.42,296,47023.36,,,,,,,,,,,,,1889,,,,
"Grand Island, NE",228,35626.67,668,102372.23,116,16148.03,,,,,,,,,,,,,1889,,,,
"Lincoln, NE",14,1331.49,56,6873.27,7,674.06,,,,,,,,,,,,,1889,,,,
"McCook, NE",573,87253.01,193,30298.27,614,95212.92,,,,,,,,,,,,,1889,,,,
"Neligh, NE",91,13729.3,260,40382.95,92,14024.13,,,,,,,,,,,,,1889,,,,
"North Platte, NE",660,101295.49,442,69811.16,348,54304.92,,,,,,,,,,,,,1889,,,,
"O'Neill, NE",118,17085.24,587,90664.94,129,18957.62,,,,,,,,,,,,,1889,,,,
"Sidney, NE",778,112134.99,53,8352.83,88,13768.15,,,,,,,,,,,,,1889,,,,
"Valentine, NE",311,48373.29,399,63436.97,111,17272.61,,,,,,,,,,,,,1889,,,,
"Carson City, NV",2,320,4,560.64,,,,,,,,,,,,,,,1889,,,,
"Eureka, NV",2,320,8,1269.84,,,,,,,,,,,,,,,1889,,,,
"Las Cruces, NM",162,22757.31,66,8791.7,7,916.6,,,,,,,,,,,,,1889,,,,
"Santa Fe, NM",242,36640.04,76,11084.51,7,1120,,,,,,,,,,,,,1889,,,,
"La Grande, OR",332,51771.53,261,41005.45,37,5880.31,,,,,,,,,,,,,1889,,,,
"Lakeview, OR",237,36846.43,55,8614.14,45,7176.02,,,,,,,,,,,,,1889,,,,
"Oregon City, OR",554,82687.7,218,30555.32,27,3916.99,,,,,,,,,,,,,1889,,,,
"Roseburg, OR",351,51011.21,167,24539.59,7,806.07,,,,,,,,,,,,,1889,,,,
"The Dalles, OR",224,34763.49,260,41050.1,32,4846.46,,,,,,,,,,,,,1889,,,,
"Salt Lake City, UT",289,41869.35,196,28153.54,31,3294.03,4,400.04,,,,,,,,,,,1889,,,,
"North Yakima, WA",352,54113.75,72,10636.33,20,2600,,,,,,,,,,,,,1889,,,,
"Seattle, WA",1620,222705.2,205,29788.63,83,11414.21,2,299.36,,,,,,,,,,,1889,,,,
"Spokane, WA",606,92359.63,466,72921.88,27,3460.37,1,120,,,,,,,,,,,1889,,,,
"Vancouver, WA",507,72688.03,231,32950.26,26,3642.84,,,,,,,,,,,,,1889,,,,
"Walla Walla, WA",255,38869.18,210,32387.04,37,5053.48,,,,,,,,,,,,,1889,,,,
"Ashland, WI",286,37733.41,53,7982.1,26,3219.56,,,,,,,,,,,,,1889,,,,
"Eau Claire, WI",108,11999.97,175,21382.94,8,830.78,,,,,,,,,,,,,1889,,,,
"St. Croix Falls, WI",30,3587.44,72,8553.04,1,157.97,,,,,,,,,,,,,1889,,,,
"La Crosse, WI",34,2666.54,46,3873.03,,,,,,,,,,,,,,,1889,,,,
"Menasha, WI",42,4486.77,100,11885.9,1,160,,,,,,,,,,,,,1889,,,,
"Wausau, WI",142,15453.6,198,23124.29,11,1127.11,6,477.52,,,,,,,,,,,1889,,,,
"Buffalo, WY",160,27010.88,67,10589.87,21,3563.79,,,,,,,,,,,,,1889,,,,
"Cheyenne, WY",244,37595.33,42,6091.4,27,4093.45,,,,,,,,,,,,,1889,,,,
"Evanston, WY",64,10106.08,21,3250.03,2,318.16,,,,,,,,,,,,,1889,,,,
Illinois (GLO),1,120,,,,,,,,,,,,,,,,,1889,,,,
Indiana (GLO,3,161.25,,,,,,,,,,,,,,,,,1889,,,,
Ohio (GLO),,,,,,,,,,,,,,,,,,,1889,,,,
"Huntsville, AL",1183,134516.4,570,65351.7,54,6617.41,6,520.47,,,,,,,,,,,1890,,,,
"Montgomery, AL",1659,181129.06,1095,140296.13,99,11722.59,7,622.29,,,,,,,,,,,1890,,,,
"Sitka, AK",,,,,,,,,,,,,,,,,,,1890,,,,
"Prescott, AZ",41,6252.71,30,4323.37,2,320.19,,,,,,,,,,,,,1890,,,,
"Tucson, AZ",157,21196.85,91,13743.35,33,4777.67,,,,,,,,,,,,,1890,,,,
"Camden, AR",934,108917.16,339,40494.65,14,1417.68,,,,,,,,,,,,,1890,,,,
"Dardanelle, AR",307,30425.58,299,30824.52,5,442.32,,,,,,,,,,,,,1890,,,,
"Harrison, AR",964,111926.93,637,82190.84,9,809.76,1,40,,,,,,,,,,,1890,,,,
"Little Rock, AR",795,86454.03,331,36611.29,7,957.06,,,,,,,,,,,,,1890,,,,
"Humboldt, CA",105,15882.35,51,7617.65,10,1382.27,,,,,,,,,,,,,1890,,,,
"Independence, CA",26,3728,14,2120,5,680,,,,,,,,,,,,,1890,,,,
"Los Angeles, CA",426,59658.53,147,21992.34,85,11884.9,,,,,,,,,,,,,1890,,,,
"Marysville, CA",73,10044.32,70,10088.23,8,1119.4,,,,,,,,,,,,,1890,,,,
"Sacramento, CA",261,36962.44,176,23395.16,12,1740.36,,,,,,,,,,,,,1890,,,,
"San Francisco, CA",439,64057.84,198,29310.23,127,18488.67,,,,,,,,,,,,,1890,,,,
"Shasta, CA",209,30968.4,174,26472.85,20,2763.4,,,,,,,,,,,,,1890,,,,
"Stockton, CA",159,23283.16,120,18604.31,40,5962.04,,,,,,,,,,,,,1890,,,,
"Susanville, CA",72,10669.91,53,8046.52,10,1511.29,,,,,,,,,,,,,1890,,,,
"Visalia, CA",362,54886.41,121,18757.31,104,16126.29,,,,,,,,,,,,,1890,,,,
"Central City, CO",58,8236.75,38,5710.5,5,680,,,,,,,,,,,,,1890,,,,
"Del Norte, CO",123,18680.19,49,7397.84,116,18260.45,,,,,,,,,,,,,1890,,,,
"Denver, CO",1208,187874.03,319,49435.71,514,81163.68,1,160,,,,,,,,,,,1890,,,,
"Durango, CO",75,11120.1,43,6459.8,26,3787.27,,,,,,,,,,,,,1890,,,,
"Glenwood Springs, CO",72,11408.55,24,3827.79,13,2038.65,,,,,,,,,,,,,1890,,,,
"Gunnison, CO",19,2680.2,6,960,,,,,,,,,,,,,,,1890,,,,
"Lamar, CO",206,32375.86,57,9098.28,173,46993.04,,,,,,,,,,,,,1890,,,,
"Leadville, CO",38,5690.65,34,5155.55,8,1280,,,,,,,,,,,,,1890,,,,
"Montrose, CO",21,3231.24,2,280,,,,,,,,,,,,,,,1890,,,,
"Pueblo, CO",460,69610.34,167,25121.1,124,18697.69,,,,,,,,,,,,,1890,,,,
"Gainesville, FL",1202,152007.76,971,125920.97,56,6199.36,3,192.66,,,,,,,,,,,1890,,,,
"Blackfoot, ID",224,33776.89,222,33459.68,27,4072.76,,,,,,,,,,,,,1890,,,,
"Boise, ID",134,19054.52,90,13274.24,9,1399.56,,,,,,,,,,,,,1890,,,,
"Coeur d'Alene, ID",52,7820.75,14,2238,10,1744.22,,,,,,,,,,,,,1890,,,,
"Hailey, ID",96,14015.65,81,12190.3,3,480,,,,,,,,,,,,,1890,,,,
"Lewiston, ID",119,17008.79,145,22682.58,33,4640.22,,,,,,,,,,,,,1890,,,,
"Des Moines, IA",15,1153.77,10,1000.03,5,484.26,,,,,,,,,,,,,1890,,,,
"Garden City, KS",245,37734.74,527,83311.27,275,43425.84,,,,,,,,,,,,,1890,,,,
"Kirwin, KS",158,22075.07,369,54228.47,47,6123.48,2,240,,,,,,,,,,,1890,,,,
"Larned, KS",96,13437.08,294,44543.44,27,3385.53,,,,,,,,,,,,,1890,,,,
"Oberlin, KS",383,59220.57,702,110871.84,272,41956.2,1,160,,,,,,,,,,,1890,,,,
"Salina, KS",81,9550.53,262,32446.83,15,1637.02,2,320,,,,,,,,,,,1890,,,,
"Topeka, KS",10,986.29,57,6569.88,3,397.7,,,,,,,,,,,,,1890,,,,
"Wakeeney, KS",541,79645.61,384,60032.78,243,38377.71,2,281.84,,,,,,,,,,,1890,,,,
"Natchitoches, LA",376,41694.46,180,19914.75,6,796.39,1,39.9,,,,,,,,,,,1890,,,,
"New Orleans, LA",940,118000.2,539,77528.54,38,5418.42,7,691.22,,,,,,,,,,,1890,,,,
"Grayling, MI",94,9949.19,131,15502.07,15,1626.34,,,,,,,,,,,,,1890,,,,
"Marquette, MI",420,57104.03,204,27080.33,208,30528.49,,,,,,,,,,,,,1890,,,,
"Crookston, MN",421,61446.51,829,125381.63,21,3281.65,,,,,,,,,,,,,1890,,,,
"Duluth, MN",376,47840.69,45,5606.67,101,14096.73,,,,,,,,,,,,,1890,,,,
"Marshall, MN",146,15967.58,290,36062.07,13,1722.18,,,,,,,,,,,,,1890,,,,
"St. Cloud, MN",360,44531.08,423,56178.79,7,906.6,,,,,,,,,,,,,1890,,,,
"Taylors Falls, MN",49,5911.15,40,4470.6,2,240,,,,,,,,,,,,,1890,,,,
"Jackson, MS",2331,282853.6,300,35141.1,12,1471.71,1,40,,,,,,,,,,,1890,,,,
"Boonville, MO",320,32110.7,209,20698.59,3,240,,,,,,,,,,,,,1890,,,,
"Ironton, MO",467,48944.68,336,41817.43,15,1387.26,,,,,,,,,,,,,1890,,,,
"Springfield, MO",848,95557.62,859,105234,9,640,1,40,,,,,,,,,,,1890,,,,
"Bozeman, MT",107,15985.66,91,13993.15,4,640,,,,,,,,,,,,,1890,,,,
"Helena, MT",424,64829.62,234,35999.89,73,11018.91,,,,,,,,,,,,,1890,,,,
"Miles City, MT",28,4420.85,27,3698.92,,,,,,,,,,,,,,,1890,,,,
"Bloomington, NE",65,8664.11,265,39793.38,32,4873.28,,,,,,,,,,,,,1890,,,,
"Chadron, NE",721,111744.92,433,68916.44,315,49467.68,,,,,,,,,,,,,1890,,,,
"Grand Island, NE",181,23400.74,618,93661,95,13135.08,,,,,,,,,,,,,1890,,,,
"Lincoln, NE",13,1108.8,43,4798.4,2,290,,,,,,,,,,,,,1890,,,,
"McCook, NE",442,66353.12,506,79843.54,307,46630.19,,,,,,,,,,,,,1890,,,,
"Neligh, NE",90,12998.84,232,33164.23,46,6988.49,,,,,,,,,,,,,1890,,,,
"North Platte, NE",785,121310.79,876,138321.53,208,33829.83,,,,,,,,,,,,,1890,,,,
"O'Neill, NE",97,13395.15,453,69919.34,69,10345.94,,,,,,,,,,,,,1890,,,,
"Sidney, NE",506,78971.18,308,48820.4,119,19667.5,,,,,,,,,,,,,1890,,,,
"Valentine, NE",241,37236.06,473,74403.79,70,11024.55,,,,,,,,,,,,,1890,,,,
"Carson City, NV",1,160,,,,,,,,,,,,,,,,,1890,,,,
"Eureka, NV",3,480,,,,,,,,,,,,,,,,,1890,,,,
"Folsom, NM",87,13731.46,10,1600,5,800,,,,,,,,,,,,,1890,,,,
"Las Cruces, NM",105,14830.77,64,8794.85,7,1116.81,,,,,,,,,,,,,1890,,,,
"Roswell, NM",23,3666.58,1,160,,,,,,,,,,,,,,,1890,,,,
"Santa Fe, NM",174,25274.27,72,11018.58,6,960,,,,,,,,,,,,,1890,,,,
"Bismarck, ND",200,31442.1,497,78823.88,8,1279.47,,,,,,,,,,,,,1890,,,,
"Devils Lake, ND",208,31668.83,153,24188.15,72,11457.07,,,,,,,,,,,,,1890,,,,
"Fargo, ND",245,37758.65,729,113970.03,36,5632.82,,,,,,,,,,,,,1890,,,,
"Grand Forks, ND",246,35870.23,484,75771.77,104,15826.42,,,,,,,,,,,,,1890,,,,
"Guthrie, OK",4033,622978.42,5,800,,,,,,,,,,,,,,,1890,,,,
"Kingfisher, OK",3600,458905.22,1,160,3,440,,,,,,,,,,,,,1890,,,,
"Burns, OR",131,20060.9,57,8510.34,22,3401.61,,,,,,,,,,,,,1890,,,,
"La Grande, OR",322,49453.06,192,30473.02,29,4319.29,,,,,,,,,,,,,1890,,,,
"Lakeview, OR",114,17764.48,37,5945.17,29,4473.53,,,,,,,,,,,,,1890,,,,
"Oregon City, OR",691,102096.2,259,37649.45,58,8666.51,,,,,,,,,,,,,1890,,,,
"Roseburg, OR",389,54821.4,169,24127.47,8,1146.93,,,,,,,,,,,,,1890,,,,
"The Dalles, OR",130,19808.35,211,33603.33,27,4145.15,,,,,,,,,,,,,1890,,,,
"Salt Lake City, UT",350,49206.87,249,35232.69,22,3176.99,,,,,,,,,,,,,1890,,,,
"Aberdeen, SD",258,40217.6,516,81822.05,70,10977.94,,,,,,,,,,,,,1890,,,,
"Chamberlain, SD",3,480,34,5387.1,,,,,,,,,,,,,,,1890,,,,
"Huron, SD",239,37130.13,970,169433.78,50,7438.43,,,,,,,,,,,,,1890,,,,
"Mitchell, SD",148,21625.94,658,101638.63,39,5598.2,1,160,,,,,,,,,,,1890,,,,
"Pierre, SD",3,480,9,1430,2,200,,,,,,,,,,,,,1890,,,,
"Rapid City, SD",334,52015.37,121,18851.37,52,7921.99,,,,,,,,,,,,,1890,,,,
"Watertown, SD",275,39896.69,1028,160541.59,68,10445.11,,,,,,,,,,,,,1890,,,,
"Yankton, SD",63,8622.58,292,43724.38,24,3123.93,,,,,,,,,,,,,1890,,,,
"North Yakima, WA",203,30936.3,91,14050.42,39,6108.6,4,640,,,,,,,,,,,1890,,,,
"Seattle, WA",1628,207434.45,948,137861.57,563,81669.34,,,,,,,,,,,,,1890,,,,
"Spokane, WA",508,76210.71,541,84171.05,46,6298.74,,,,,,,,,,,,,1890,,,,
"Vancouver, WA",490,65942.31,319,45984,50,7273.4,,,,,,,,,,,,,1890,,,,
"Walla Walla, WA",176,26033.73,209,32534.1,45,6568.75,,,,,,,,,,,,,1890,,,,
"Ashland, WI",113,13455.17,114,15751.77,57,6880.76,,,,,,,,,,,,,1890,,,,
"Eau Claire, WI",137,12601.43,346,36232.56,9,1198.75,,,,,,,,,,,,,1890,,,,
"Menasha, WI",37,3895.26,36,4019,5,375.1,,,,,,,,,,,,,1890,,,,
"Wausau, WI",146,15233.73,184,21467.04,15,1393.96,1,200,,,,,,,,,,,1890,,,,
"Buffalo, WY",153,23931,55,8777.87,45,7087.9,,,,,,,,,,,,,1890,,,,
"Cheyenne, WY",174,26607.88,60,8919.1,11,1757.75,,,,,,,,,,,,,1890,,,,
"Evanston, WY",45,6976.89,28,4408.52,1,160,,,,,,,,,,,,,1890,,,,
Illinois (GLO),2,196.3,,,,,,,,,,,,,,,,,1890,,,,
Indiana (GLO,,,,,,,,,,,,,,,,,,,1890,,,,
Ohio (GLO),1,80,,,,,,,,,,,,,,,,,1890,,,,
"Huntsville, AL",1681,181756.22,554,62417.74,58,5995.26,4,200.2,,,,,,,,,,,1891,,,,
"Montgomery, AL",1394,146335.2,1142,139758.24,92,10339.86,13,1238.5,,,,,,,,,,,1891,,,,
"Sitka, AK",,,,,,,,,,,,,,,,,,,1891,,,,
"Prescott, AZ",80,12261.97,30,4630.58,5,557.81,,,,,,,,,,,,,1891,,,,
"Tucson, AZ",162,22619.03,96,14106.54,34,4819.13,,,,,,,,,,,,,1891,,,,
"Camden, AR",706,77915.94,256,28367.99,11,1362.48,,,,,,,,,,,,,1891,,,,
"Dardanelle, AR",368,42919.79,215,24411.73,5,225.17,,,,,,,,,,,,,1891,,,,
"Harrison, AR",1072,124662.04,664,80679.25,15,1512.83,,,,,,,,,,,,,1891,,,,
"Little Rock, AR",566,59970.58,301,34673.39,11,880.39,,,,,,,,,,,,,1891,,,,
"Humboldt, CA",91,13528.01,40,6138.06,12,1787.89,,,,,,,,,,,,,1891,,,,
"Independence, CA",43,5996.02,18,2479.86,2,319.89,,,,,,,,,,,,,1891,,,,
"Los Angeles, CA",658,93872.21,205,29944.21,74,9679.17,,,,,,,,,,,,,1891,,,,
"Marysville, CA",163,23924.3,93,13151.2,6,700.52,,,,,,,,,,,,,1891,,,,
"Redding, CA",188,27076.62,176,26916.05,6,630.29,,,,,,,,,,,,,1891,,,,
"Sacramento, CA",176,24572.74,158,21394.72,11,1089.86,,,,,,,,,,,,,1891,,,,
"San Francisco, CA",763,101890.6,442,65670.28,170,24402.84,,,,,,,,,,,,,1891,,,,
"Stockton, CA",204,3166.02,96,14691.36,44,6414.96,,,,,,,,,,,,,1891,,,,
"Susanville, CA",83,12891.9,61,9481.23,9,1440,,,,,,,,,,,,,1891,,,,
"Visalia, CA",499,76001.22,208,31389.62,72,11141.71,,,,,,,,,,,,,1891,,,,
"Akron, CO",159,24469.48,56,8941.4,21,3360,,,,,,,,,,,,,1891,,,,
"Central City, CO",86,12720.57,47,7267.74,8,999.39,,,,,,,,,,,,,1891,,,,
"Del Norte, CO",202,30110.52,50,5369.1,29,4524.3,,,,,,,,,,,,,1891,,,,
"Denver, CO",289,51181.46,222,34272.07,94,13945,,,,,,,,,,,,,1891,,,,
"Durango, CO",137,18369.89,46,7190.05,14,1913.82,,,,,,,,,,,,,1891,,,,
"Glenwood Springs, CO",76,11661.68,54,8220.54,15,2394.16,,,,,,,,,,,,,1891,,,,
"Gunnison, CO",14,2240,10,1592.56,7,914.52,,,,,,,,,,,,,1891,,,,
"Hugo, CO",84,13405.02,9,1440,7,1119.87,,,,,,,,,,,,,1891,,,,
"Lamar, CO",155,23230.07,29,4632.82,21,3240,,,,,,,,,,,,,1891,,,,
"Leadville, CO",35,5021.71,13,1960,4,599.22,,,,,,,,,,,,,1891,,,,
"Montrose, CO",20,3122.26,2,278.95,2,200,,,,,,,,,,,,,1891,,,,
"Pueblo, CO",485,72845.42,185,27794.66,95,13952.8,1,160,,,,,,,,,,,1891,,,,
"Sterling, CO",134,20637.78,114,17857.37,18,2717.09,,,,,,,,,,,,,1891,,,,
"Gainesville, FL",980,123970,1021,127292.52,89,10595.79,,,,,,,,,,,,,1891,,,,
"Blackfoot, ID",300,45846.61,163,25647.3,23,4290.22,,,,,,,,,,,,,1891,,,,
"Boise, ID",255,35976.4,86,13409.63,23,3391.36,,,,,,,,,,,,,1891,,,,
"Coeur d'Alene, ID",28,4248.09,8,1279.8,2,320,,,,,,,,,,,,,1891,,,,
"Hailey, ID",76,11014.59,78,11890.08,6,810.95,,,,,,,,,,,,,1891,,,,
"Lewiston, ID",169,24633.97,105,15937.25,29,4119.59,,,,,,,,,,,,,1891,,,,
"Des Moines, IA",44,3166.82,20,2047.72,1,40.96,,,,,,,,,,,,,1891,,,,
"Garden City, KS",191,29626,831,131893.07,15,2197.06,,,,,,,,,,,,,1891,,,,
"Kirwin, KS",99,13543.07,352,52554.95,23,3429.77,,,,,,,,,,,,,1891,,,,
"Larned, KS",109,16468.5,263,39162.77,6,699.89,,,,,,,,,,,,,1891,,,,
"Oberlin, KS",251,39427.3,1277,202117.91,20,3359.64,,,,,,,,,,,,,1891,,,,
"Salina, KS",62,8169.83,193,23654.49,2,120,,,,,,,,,,,,,1891,,,,
"Topeka, KS",20,1913.89,32,2722.81,2,120,,,,,,,,,,,,,1891,,,,
"Wakeeney, KS",333,53750.25,865,136702.82,20,3001.05,1,123.07,,,,,,,,,,,1891,,,,
"Natchitoches, LA",502,58420.07,118,13774.85,12,1520.57,,,,,,,,,,,,,1891,,,,
"New Orleans, LA",775,99484.35,413,59736.26,50,7437.44,7,1045.96,,,,,,,,,,,1891,,,,
"Grayling, MI",99,10823.98,104,12439.41,27,2886.96,,,,,,,,,,,,,1891,,,,
"Marquette, MI",460,64671.08,170,22530.78,176,26373.04,,,,,,,,,,,,,1891,,,,
"Crookston, MN",501,73111.04,456,66364.46,18,2628.44,,,,,,,,,,,,,1891,,,,
"Duluth, MN",589,74158.62,40,4593.2,101,12936.76,,,,,,,,,,,,,1891,,,,
"Marshall, MN",157,17583.84,261,32414.75,10,1219.68,1,80,,,,,,,,,,,1891,,,,
"St. Cloud, MN",378,44674.42,351,44799.97,20,2413.07,,,,,,,,,,,,,1891,,,,
"Taylors Falls, MN",92,11206.56,70,8308.81,2,280,,,,,,,,,,,,,1891,,,,
"Jackson, MS",2019,237739.22,1210,145435.7,38,4820.15,1,39.94,,,,,,,,,,,1891,,,,
"Boonville, MO",383,37660.4,239,22717.55,4,186.82,,,,,,,,,,,,,1891,,,,
"Ironton, MO",462,45201.67,375,45355.84,7,600,,,,,,,,,,,,,1891,,,,
"Springfield, MO",940,103514.97,904,115661.85,12,999.1,,,,,,,,,,,,,1891,,,,
"Bozeman, MT",176,25657.22,82,12266.78,9,1144.53,,,,,,,,,,,,,1891,,,,
"Helena, MT",347,53876.58,176,26837.49,97,14545.36,1,40,,,,,,,,,,,1891,,,,
"Lewistown, MT",102,15975.09,50,7836.66,9,1436.63,,,,,,,,,,,,,1891,,,,
"Miles City, MT",74,10987.5,23,3526.94,,,,,,,,,,,,,,,1891,,,,
"Missoula, MT",96,12719.37,20,3159.25,4,589.41,,,,,,,,,,,,,1891,,,,
"Alliance, NE",206,31115.14,226,36145.42,39,5904.05,,,,,,,,,,,,,1891,,,,
"Bloomington, NE",103,5882.25,151,22774.47,15,2120,,,,,,,,,,,,,1891,,,,
"Broken Bow, NE",145,21026.23,142,22149.12,31,4572.1,,,,,,,,,,,,,1891,,,,
"Chadron, NE",255,39333.28,441,69961.51,48,7169.46,,,,,,,,,,,,,1891,,,,
"Grand Island, NE",112,13987.62,313,45360.79,25,2886.25,,,,,,,,,,,,,1891,,,,
"Lincoln, NE",10,858.63,13,1200,1,80,,,,,,,,,,,,,1891,,,,
"McCook, NE",212,32677.93,679,107576.19,73,11315.91,,,,,,,,,,,,,1891,,,,
"Neligh, NE",63,8899.95,160,24408.22,9,1240,,,,,,,,,,,,,1891,,,,
"North Platte, NE",321,48513.07,667,104948.67,36,5513.58,,,,,,,,,,,,,1891,,,,
"O'Neill, NE",68,9228.81,222,33327.14,15,2198.49,,,,,89,14103.21,,,,,,,1891,,,,
"Sidney, NE",183,28223.97,530,84516.24,18,2859.34,,,,,,,,,,,,,1891,,,,
"Valentine, NE",202,34629.4,374,58748.82,8,1159.85,,,,,,,,,,,,,1891,,,,
"Carson City, NV",1,160,6,753.24,,,,,,,,,,,,,,,1891,,,,
"Eureka, NV",19,2800.35,7,1037.29,,,,,,,,,,,,,,,1891,,,,
"Folsom, NM",84,13243.92,26,4159.67,7,1120,,,,,,,,,,,,,1891,,,,
"Las Cruces, NM",146,21169.03,87,12472.03,7,760.46,,,,,,,,,,,,,1891,,,,
"Roswell, NM",140,21316.81,46,7155.43,2,278.4,,,,,,,,,,,,,1891,,,,
"Santa Fe, NM",154,22319.43,82,12706.88,2,320,,,,,,,,,,,,,1891,,,,
"Bismarck, ND",278,48202.28,328,51816.28,3,480,,,,,,,,,,,,,1891,,,,
"Devils Lake, ND",221,34376.11,200,31386.24,11,1673.98,,,,,,,,,,,,,1891,,,,
"Fargo, ND",365,55650.8,707,110314.26,18,2862.91,,,,,,,,,,,,,1891,,,,
"Grand Forks, ND",270,40007.32,307,47007.81,51,7173.13,,,,,,,,,,,,,1891,,,,
"Beaver, OK",309,49323.78,3,480,,,,,,,,,,,,,,,1891,,,,
"Guthrie, OK",564,85429.73,52,8037.63,158,23754.8,,,,,,,,,,,,,1891,,,,
"Kingfisher, OK",495,72996.84,15,2260.55,47,7131.16,,,,,,,,,,,,,1891,,,,
"Oklahoma City, OK",596,87035.79,35,5422.14,171,24814.67,,,,,,,,,,,,,1891,,,,
"Burns, OR",108,15871.85,71,11310.94,19,2914.29,,,,,,,,,,,,,1891,,,,
"La Grande, OR",589,88997.39,188,29452.88,26,3874.76,,,,,,,,,,,,,1891,,,,
"Lakeview, OR",130,20131.75,33,5177.87,16,2490.47,,,,,,,,,,,,,1891,,,,
"Oregon City, OR",672,95826.67,288,41608.59,108,16200.77,,,,,,,,,,,,,1891,,,,
"Roseburg, OR",516,72202.8,211,31661.99,27,3908.92,,,,,,,,,,,,,1891,,,,
"The Dalles, OR",503,76216.88,296,46429.02,19,2902.16,,,,,,,,,,,,,1891,,,,
"Aberdeen, SD",208,32089.52,336,53200.06,20,2997.83,,,,,,,,,,,,,1891,,,,
"Chamberlain, SD",23,3595.69,102,15867.29,3,480,,,,,168,26027.78,,,,,,,1891,,,,
"Huron, SD",163,25504.55,635,100249.53,8,1280,,,,,4,587.67,,,,,,,1891,,,,
"Mitchell, SD",146,21982.94,330,50503.29,16,2266.47,,,,,,,,,,,,,1891,,,,
"Pierre, SD",26,4069.48,71,11091.25,6,880,,,,,71,10400.7,,,,,,,1891,,,,
"Rapid City, SD",406,62108.64,204,32114.36,40,5942.65,,,,,,,,,,,,,1891,,,,
"Watertown, SD",254,36881.71,595,89219.36,23,3424.04,,,,,,,,,,,,,1891,,,,
"Yankton, SD",110,14283.08,166,24721.23,14,1640,,,,,,,,,,,,,1891,,,,
"Salt Lake City, UT",373,51558.11,242,34750.1,44,5553.14,,,,,,,,,,,,,1891,,,,
"North Yakima, WA",178,26666.35,86,12635.39,27,4194.1,,,,,,,,,,,,,1891,,,,
"Olympia, WA",449,55104.18,101,14613.72,87,11199.23,,,,,,,,,,,,,1891,,,,
"Seattle, WA",852,101351.16,358,50235.96,510,67185.88,,,,,,,,,,,,,1891,,,,
"Spokane, WA",878,131647.66,402,61290.87,33,4736.35,,,,,,,,,,,,,1891,,,,
"Vancouver, WA",1007,139604.9,175,24649.91,49,6558.9,,,,,,,,,,,,,1891,,,,
"Walla Walla, WA",228,33831.07,107,16429.93,31,4325.56,,,,,,,,,,,,,1891,,,,
"Waterville, WA",306,47541.62,37,5848.54,33,4676.49,,,,,,,,,,,,,1891,,,,
"Ashland, WI",430,58546.25,104,14670.69,48,6713.56,,,,,,,,,,,,,1891,,,,
"Eau Claire, WI",207,19469.9,323,36143.55,8,832.37,,,,,,,,,,,,,1891,,,,
"Menasha, WI",30,3271.09,49,5007.75,4,360,,,,,,,,,,,,,1891,,,,
"Wausau, WI",571,66070.21,188,19198.81,15,1385.25,,,,,,,,,,,,,1891,,,,
"Buffalo, WY",98,15567.37,70,11192.41,22,3401.44,,,,,,,,,,,,,1891,,,,
"Cheyenne, WY",151,22724.71,84,12947.89,13,1994,,,,,,,,,,,,,1891,,,,
"Douglas, WY",78,12191.08,14,2237.14,3,360,,,,,,,,,,,,,1891,,,,
"Evanston, WY",146,22943.02,21,3363.01,6,1201.04,,,,,,,,,,,,,1891,,,,
"Lander, WY",14,2081.95,14,2185.45,,,,,,,,,,,,,,,1891,,,,
"Sundance, WY",48,7515.18,26,4134.98,8,1279.66,,,,,,,,,,,,,1891,,,,
Illinois (GLO),6,423.86,2,125.04,,,,,,,,,,,,,,,1891,,,,
Indiana (GLO,,,,,,,,,,,,,,,,,,,1891,,,,
Ohio (GLO),2,195,,,,,,,,,,,,,,,,,1891,,,,
"Huntsville, AL",888,96874.62,486,55279.07,34,2627.58,3,200.56,,,,,,,,,,,1892,,,,
"Montgomery, AL",1044,106884.38,839,104698.54,54,6320.5,2,160.9,,,,,,,,,,,1892,,,,
"Sitka, AK",,,,,,,,,,,,,,,,,,,1892,,,,
"Prescott, AZ",130,18622.08,34,5070.84,1,160,,,,,,,,,,,,,1892,,,,
"Tucson, AZ",182,24161.46,85,14111.25,15,1906.99,,,,,,,,,,,,,1892,,,,
"Camden, AR",596,64970.51,241,28112.74,17,1921.65,,,,,,,,,,,,,1892,,,,
"Dardanelle, AR",230,25369.7,188,21603.7,2,160,,,,,,,,,,,,,1892,,,,
"Harrison, AR",973,112017.08,581,69859.36,7,584.5,,,,,,,,,,,,,1892,,,,
"Little Rock, AR",508,56726.24,266,32854.44,5,512.7,,,,,,,,,,,,,1892,,,,
"Humboldt, CA",113,16586.76,33,5047.348,8,1160,,,,,,,,,,,,,1892,,,,
"Independence, CA",53,7792.46,24,3400,3,480,,,,,,,,,,,,,1892,,,,
"Los Angeles, CA",586,81573.31,210,31293.72,69,9561.72,,,,,,,,,,,,,1892,,,,
"Marysville, CA",162,21332.74,82,12594.83,7,1026.74,,,,,,,,,,,,,1892,,,,
"Redding, CA",245,35832.77,117,17618.37,3,280,1,80,,,,,,,,,,,1892,,,,
"Sacramento, CA",169,23437.83,143,20108.38,9,1180,2,320,,,,,,,,,,,1892,,,,
"San Francisco, CA",758,110393.72,468,69551.63,93,12784.89,,,,,,,,,,,,,1892,,,,
"Stockton, CA",227,33822.38,106,15615.59,36,5383.45,,,,,,,,,,,,,1892,,,,
"Susanville, CA",201,30471.28,82,12685.44,2,317.6,,,,,,,,,,,,,1892,,,,
"Visalia, CA",456,70198.79,282,43610.64,73,11326.71,,,,,,,,,,,,,1892,,,,
"Akron, CO",375,59121.64,154,24533.83,6,880,,,,,,,,,,,,,1892,,,,
"Central City, CO",104,15413.36,28,4020.81,,,,,,,,,,,,,,,1892,,,,
"Del Norte, CO",155,22619.64,59,8760.24,11,1758.4,,,,,,,,,,,,,1892,,,,
"Denver, CO",293,43815.08,171,25941.85,37,4836.94,,,,,,,,,,,,,1892,,,,
"Durango, CO",125,18978.35,29,4589.82,10,1421.81,,,,,,,,,,,,,1892,,,,
"Glenwood Springs, CO",86,13437.64,56,8675.52,10,1482.44,,,,,,,,,,,,,1892,,,,
"Gunnison, CO",13,1972.46,20,3158.51,2,200,,,,,,,,,,,,,1892,,,,
"Hugo, CO",116,18277.94,26,4157.7,2,320,,,,,,,,,,,,,1892,,,,
"Lamar, CO",131,20305.07,43,6797.19,20,2940.59,,,,,,,,,,,,,1892,,,,
"Leadville, CO",68,10173.97,32,4813.58,5,785.33,,,,,,,,,,,,,1892,,,,
"Montrose, CO",28,4156.26,3,447.93,2,305.15,,,,,,,,,,,,,1892,,,,
"Pueblo, CO",476,71930.46,134,20588.78,70,10585.51,,,,,,,,,,,,,1892,,,,
"Sterling, CO",309,48352.49,175,27808.66,2,320,,,,,,,,,,,,,1892,,,,
"Gainesville, FL",1258,153808.2,703,89523.38,69,8638.18,,,,,,,,,,,,,1892,,,,
"Blackfoot, ID",404,59482.33,137,19593.57,20,2979.56,,,,,,,,,,,,,1892,,,,
"Boise, ID",260,36698.07,66,10061.51,21,2915.81,,,,,,,,,,,,,1892,,,,
"Coeur d'Alene, ID",86,11417.31,27,3400.34,1,160,,,,,,,,,,,,,1892,,,,
"Hailey, ID",116,16705.64,66,10112.51,2,280.9,,,,,,,,,,,,,1892,,,,
"Lewiston, ID",301,41125.41,93,14105.3,15,1999.92,,,,,,,,,,,,,1892,,,,
"Des Moines, IA",45,2879.67,30,3585.58,6,270.27,,,,,,,,,,,,,1892,,,,
"Garden City, KS",439,68453.37,580,91633.12,3,400,,,,,,,,,,,,,1892,,,,
"Kirwin, KS",175,23195.22,259,36688,23,3464.9,,,,,,,,,,,,,1892,,,,
"Larned, KS",187,28047.05,232,35077.69,4,640,,,,,,,,,,,,,1892,,,,
"Oberlin, KS",612,94917.89,855,133894.26,13,2000,,,,,,,,,,,,,1892,,,,
"Salina, KS",94,12451,153,19261.19,9,961.46,1,160,,,,,,,,,,,1892,,,,
"Topeka, KS",10,805.85,14,1595.53,4,440,,,,,,,,,,,,,1892,,,,
"Wakeeney, KS",868,135596.64,914,143375.21,11,1760,,,,,,,,,,,,,1892,,,,
"Natchitoches, LA",295,30920.86,130,14964.83,7,546.1,,,,,,,,,,,,,1892,,,,
"New Orleans, LA",817,96722.65,589,81557.41,46,6638.03,1,39.76,,,,,,,,,,,1892,,,,
"Grayling, MI",99,10563.7,64,7194.73,17,1731.19,,,,,,,,,,,,,1892,,,,
"Marquette, MI",557,75131.92,156,19682.05,109,15398.9,,,,,,,,,,,,,1892,,,,
"Crookston, MN",621,87273.2,333,49597.79,6,960,,,,,,,,,,,,,1892,,,,
"Duluth, MN",1568,193729.16,49,5777.8,150,19689.96,,,,,,,,,,,,,1892,,,,
"Marshall, MN",244,25638.22,203,22777.57,6,523.5,1,40,,,,,,,,,,,1892,,,,
"St. Cloud, MN",577,66994.66,332,41631.08,25,3060.39,,,,,,,,,,,,,1892,,,,
"Taylors Falls, MN",167,19161.74,61,6822.88,7,880,,,,,,,,,,,,,1892,,,,
"Jackson, MS",1535,181139.86,710,85198.56,55,7205.79,,,,,,,,,,,,,1892,,,,
"Boonville, MO",470,46735.1,213,22502.84,3,120,,,,,,,,,,,,,1892,,,,
"Ironton, MO",448,43612.85,338,40461.07,5,502.26,,,,,,,,,,,,,1892,,,,
"Springfield, MO",1015,112614.53,639,80632.35,10,690.01,,,,,,,,,,,,,1892,,,,
"Bozeman, MT",223,32864.4,79,11503.93,4,520,,,,,,,,,,,,,1892,,,,
"Helena, MT",793,120987.32,140,21062.67,40,5346.23,,,,,,,,,,,,,1892,,,,
"Lewistown, MT",189,29810.61,34,5411.93,10,1542.05,,,,,,,,,,,,,1892,,,,
"Miles City, MT",98,15181.24,38,5772.38,1,160,,,,,,,,,,,,,1892,,,,
"Missoula, MT",360,49435.74,106,16359.18,27,3628.01,,,,,,,,,,,,,1892,,,,
"Alliance, NE",265,40001.35,202,33620.4,25,3701.46,,,,,,,,,,,,,1892,,,,
"Bloomington, NE",73,9860.38,98,14441.69,6,679.06,,,,,,,,,,,,,1892,,,,
"Broken Bow, NE",139,20873.76,124,19508.49,13,1629.62,,,,,,,,,,,,,1892,,,,
"Chadron, NE",460,71037.71,316,50134.81,21,3277.01,,,,,,,,,,,,,1892,,,,
"Grand Island, NE",153,20878.53,182,25628.15,10,745.01,,,,,,,,,,,,,1892,,,,
"Lincoln, NE",7,637.2,23,2292.8,2,282.7,,,,,,,,,,,,,1892,,,,
"McCook, NE",394,58741.51,472,73800.07,28,3907.03,,,,,,,,,,,,,1892,,,,
"Neligh, NE",72,10344.71,115,18304.6,4,363.14,,,,,,,,,,,,,1892,,,,
"North Platte, NE",457,69122.14,456,71421.94,9,1320,,,,,,,,,,,,,1892,,,,
"O'Neill, NE",1387,211651.72,163,24330.15,14,1892.01,,,,,,,,,,,,,1892,,,,
"Sidney, NE",304,47313.51,347,55312.01,21,3230.21,,,,,,,,,,,,,1892,,,,
"Valentine, NE",288,43858.27,272,42795.81,16,2351.83,,,,,,,,,,,,,1892,,,,
"Carson City, NV",15,2400,1,160,,,,,,,,,,,,,,,1892,,,,
"Eureka, NV",7,1080.48,4,517.34,,,,,,,,,,,,,,,1892,,,,
"Clayton, NM",56,8695.25,10,1479.56,3,440.02,,,,,,,,,,,,,1892,,,,
"Folsom, NM",137,21834.76,8,1279.21,6,957.58,,,,,,,,,,,,,1892,,,,
"Las Cruces, NM",130,18130.25,81,11859.99,4,557.25,,,,,,,,,,,,,1892,,,,
"Roswell, NM",139,20640.46,29,4359.28,9,1400.2,,,,,,,,,,,,,1892,,,,
"Santa Fe, NM",263,39273.15,97,14459.39,12,1919.7,,,,,,,,,,,,,1892,,,,
"Bismarck, ND",630,98741.71,373,58735.9,2,320,,,,,,,,,,,,,1892,,,,
"Devils Lake, ND",882,136878.7,207,31792.97,13,1885.89,,,,,,,,,,,,,1892,,,,
"Fargo, ND",921,143424.55,426,71293.03,9,1435.68,,,,,,,,,,,,,1892,,,,
"Grand Forks, ND",448,66546.22,231,35808.52,25,3386.37,,,,,,,,,,,,,1892,,,,
"Minot, ND",23,3675.76,12,1908.75,,,,,,,,,,,,,,,1892,,,,
"Beaver, OK",217,33943.75,7,1120,,,,,,,,,,,,,,,1892,,,,
"Guthrie, OK",3620,547889.48,78,12067,93,13578.69,,,,,,,,,,,,,1892,,,,
"Kingfisher, OK",2411,374363.71,33,5214.98,152,12480.31,,,,,,,,,,,,,1892,,,,
"Oklahoma City, OK",4196,624743.11,53,8166.07,99,14362.26,,,,,,,,,,,,,1892,,,,
"Burns, OR",123,18710.44,60,9283.03,11,1563.63,,,,,,,,,,,,,1892,,,,
"La Grande, OR",578,87968.84,280,43357.14,34,4773.43,,,,,,,,,,,,,1892,,,,
"Lakeview, OR",131,21409.84,65,10192.91,24,3592.09,,,,,,,,,,,,,1892,,,,
"Oregon City, OR",685,99781.63,260,36664.75,92,12931.39,,,,,,,,,,,,,1892,,,,
"Roseburg, OR",592,83046.66,187,26850.78,16,2343.56,,,,,,,,,,,,,1892,,,,
"The Dalles, OR",569,87792.98,316,49717.52,15,2280.22,,,,,,,,,,,,,1892,,,,
"Aberdeen, SD",357,56005.21,301,47922.59,3,360,,,,,,,,,,,,,1892,,,,
"Chamberlain, SD",446,70694.8,39,6093.25,1,160,,,,,,,16,2456.69,,,,,1892,,,,
"Huron, SD",409,63886.3,361,56600.1,7,1014.6,,,,,,,,,,,,,1892,,,,
"Mitchell, SD",325,48866.5,190,29200.35,12,1833.58,,,,,,,,,,,,,1892,,,,
"Pierre, SD",120,18131.28,49,7835.95,,,,,,,,,2,233.05,,,,,1892,,,,
"Rapid City, SD",296,45876.75,167,26263.58,20,2959.35,,,,,,,,,,,,,1892,,,,
"Watertown, SD",2107,323225.51,375,57727.03,12,1716.3,,,,,,,,,,,,,1892,,,,
"Yankton, SD",120,15376.23,106,15354.91,5,532.43,,,,,,,,,,,,,1892,,,,
"Salt Lake City, UT",637,87609.24,190,26740.4,38,5012.23,,,,,,,,,,,,,1892,,,,
"North Yakima, WA",144,21426.54,32,4817.85,4,640,,,,,,,,,,,,,1892,,,,
"Olympia, WA",405,50364.8,91,12700.89,76,9318.47,,,,,,,,,,,,,1892,,,,
"Seattle, WA",610,71820.42,219,29918.45,213,27322.76,,,,,,,,,,,,,1892,,,,
"Spokane, WA",601,86944.62,316,48080.22,38,5540.15,,,,,,,,,,,,,1892,,,,
"Vancouver, WA",569,77688.46,328,45169.68,31,3739.3,,,,,,,,,,,,,1892,,,,
"Walla Walla, WA",257,36065.21,119,17242.22,22,2770.28,,,,,,,,,,,,,1892,,,,
"Waterville, WA",250,37837.47,53,8075.94,34,4903.94,,,,,,,,,,,,,1892,,,,
"Ashland, WI",621,83672.17,128,17727.23,77,10675.08,,,,,,,,,,,,,1892,,,,
"Eau Claire, WI",268,22270.25,248,25988.32,11,858.27,,,,,,,,,,,,,1892,,,,
"Menasha, WI",63,6298.05,34,3608.26,1,43.36,,,,,,,,,,,,,1892,,,,
"Wausau, WI",294,30902.01,139,15214.17,149,17472.98,,,,,,,,,,,,,1892,,,,
"Buffalo, WY",106,15908.61,35,5378.33,4,600,,,,,,,,,,,,,1892,,,,
"Cheyenne, WY",158,23674.53,77,10957.99,12,1707.5,,,,,,,,,,,,,1892,,,,
"Douglas, WY",65,10317.7,27,4270.71,3,467.27,,,,,,,,,,,,,1892,,,,
"Evanston, WY",303,46969.52,29,4391.59,,,,,,,,,,,,,,,1892,,,,
"Lander, WY",22,3240.53,17,2719.78,,,,,,,,,,,,,,,1892,,,,
"Sundance, WY",56,8881.96,24,3789.7,5,720,,,,,,,,,,,,,1892,,,,
Illinois (GLO),,,,,,,,,,,,,,,,,,,1892,,,,
Indiana (GLO,1,81.25,,,,,,,,,,,,,,,,,1892,,,,
Ohio (GLO),,,,,,,,,,,,,,,,,,,1892,,,,
"Huntsville, AL",540,58839.17,722,93156.17,11,919,,,,,,,,,,,,,1893,,,,
"Montgomery, AL",853,89738.83,944,114614.54,53,5661.21,8,1082,,,,,,,,,,,1893,,,,
"Sitka, AK",,,,,,,,,,,,,,,,,,,1893,,,,
"Prescott, AZ",115,16967.6,44,6595.69,8,1280,,,,,,,,,,,,,1893,,,,
"Tucson, AZ",284,38438.99,93,12575.88,29,4155.05,,,,,,,,,,,,,1893,,,,
"Camden, AR",470,52305,363,42739.86,21,2747.35,,,,,,,,,,,,,1893,,,,
"Dardanelle, AR",165,17156.31,172,18712.69,1,40,,,,,,,,,,,,,1893,,,,
"Harrison, AR",1019,117986.15,694,89084.6,12,1476.17,,,,,,,,,,,,,1893,,,,
"Little Rock, AR",557,61981.16,279,30894.8,8,613.66,,,,,,,,,,,,,1893,,,,
"Humboldt, CA",143,20416.77,58,9000.58,9,1197.53,,,,,,,,,,,,,1893,,,,
"Independence, CA",47,6721.76,26,3699.7,3,480,,,,,,,,,,,,,1893,,,,
"Los Angeles, CA",409,57927.87,220,31849.85,42,5529.92,,,,,,,,,,,,,1893,,,,
"Marysville, CA",131,18150.02,63,8500.01,6,656.4,,,,,,,,,,,,,1893,,,,
"Redding, CA",166,24165.17,135,20607.41,3,480,,,,,,,,,,,,,1893,,,,
"Sacramento, CA",128,18670.03,122,16984.67,4,460,,,,,,,,,,,,,1893,,,,
"San Francisco, CA",1418,210561.81,502,76310.29,77,10599.45,,,,,,,,,,,,,1893,,,,
"Stockton, CA",176,25667.87,94,14172.54,20,2822.99,,,,,,,,,,,,,1893,,,,
"Susanville, CA",142,21004.41,52,8016.95,7,987.44,,,,,,,,,,,,,1893,,,,
"Visalia, CA",348,52971.86,303,46501.38,51,7826.94,,,,,,,,,,,,,1893,,,,
"Akron, CO",614,96226.55,297,47229.55,10,1600.31,,,,,,,,,,,,,1893,,,,
"Central City, CO",82,12325.84,48,7195.68,8,1200,,,,,,,,,,,,,1893,,,,
"Del Norte, CO",64,9154.4,53,8396.35,11,1557.6,,,,,,,,,,,,,1893,,,,
"Denver, CO",324,47093.2,211,32358.22,15,2007.96,,,,,,,,,,,,,1893,,,,
"Durango, CO",139,19928.95,55,8337.09,11,1738.52,,,,,,,,,,,,,1893,,,,
"Glenwood Springs, CO",70,10173.28,54,8438.43,8,1120.84,,,,,,,,,,,,,1893,,,,
"Gunnison, CO",14,2036.22,9,1269.51,2,320,,,,,,,,,,,,,1893,,,,
"Hugo, CO",327,51611.19,131,20929.99,1,160,,,,,,,,,,,,,1893,,,,
"Lamar, CO",147,23023.51,146,23113.35,22,3233.74,,,,,,,,,,,,,1893,,,,
"Leadville, CO",31,4796.89,36,5717.42,10,1600,,,,,,,,,,,,,1893,,,,
"Montrose, CO",32,5022.99,13,1986.84,1,160,,,,,,,,,,,,,1893,,,,
"Pueblo, CO",509,75227.76,172,26376.29,52,7524.35,,,,,,,,,,,,,1893,,,,
"Sterling, CO",391,60151.41,290,46458.93,8,1133,,,,,,,,,,,,,1893,,,,
"Gainesville, FL",1013,126340.39,597,77898.29,49,5306.27,,,,,,,,,,,,,1893,,,,
"Blackfoot, ID",637,91704.55,210,26440.59,4,566.9,,,,,,,,,,,,,1893,,,,
"Boise, ID",273,28404.33,64,9905.54,30,4143.8,,,,,,,,,,,,,1893,,,,
"Coeur d'Alene, ID",46,6380.65,27,3966.6,2,240,,,,,,,,,,,,,1893,,,,
"Hailey, ID",131,18769.98,78,11712.62,7,894.28,,,,,,,,,,,,,1893,,,,
"Lewiston, ID",284,40519.91,68,9254.12,35,4663.65,,,,,,,,,,,,,1893,,,,
"Des Moines, IA",35,2048.6,86,11083.41,11,556.5,,,,,,,,,,,,,1893,,,,
"Garden City, KS",650,102276.18,725,114557.34,8,1280,,,,,,,,,,,,,1893,,,,
"Kirwin, KS",201,25909.7,172,24219.57,21,2630.77,,,,,,,,,,,,,1893,,,,
"Larned, KS",153,22553.78,170,25072.03,16,2573.1,,,,,,,,,,,,,1893,,,,
"Oberlin, KS",838,128970.36,720,112804.28,16,2238.77,,,,,,,,,,,,,1893,,,,
"Salina, KS",72,8165.17,82,10232.08,6,960,,,,,,,,,,,,,1893,,,,
"Topeka, KS",6,358.5,15,1407.86,,,,,,,,,,,,,,,1893,,,,
"Wakeeney, KS",1163,179672.8,1048,164561.39,12,1680,,,,,,,,,,,,,1893,,,,
"Natchitoches, LA",288,31756.09,247,29734.15,3,430.06,,,,,,,,,,,,,1893,,,,
"New Orleans, LA",925,111317.67,403,56569.36,37,4849.74,2,214.67,,,,,,,,,,,1893,,,,
"Grayling, MI",97,8090.95,65,6699.01,20,1779.2,,,,,,,,,,,,,1893,,,,
"Marquette, MI",541,92405.24,159,20738.35,78,10243.8,,,,,,,,,,,,,1893,,,,
"Crookston, MN",486,69381.4,410,60834.48,9,1320,,,,,,,,,,,,,1893,,,,
"Duluth, MN",1464,196251.96,51,6108.79,182,23220.53,,,,,,,,,,,,,1893,,,,
"Marshall, MN",196,20706.08,253,31116.5,39,3662.67,,,,,,,,,,,,,1893,,,,
"St. Cloud, MN",476,54943.16,322,41467.76,20,2451.61,,,,,,,,,,,,,1893,,,,
"Taylors Falls, MN",72,7633.69,67,8519.47,7,800,,,,,,,,,,,,,1893,,,,
"Jackson, MS",1240,143462.44,582,71259.05,66,8445.76,,,,,,,,,,,,,1893,,,,
"Boonville, MO",446,43213.06,190,19924.8,5,490.26,,,,,,,,,,,,,1893,,,,
"Ironton, MO",618,57982.29,342,40018.05,7,469.22,,,,,,,,,,,,,1893,,,,
"Springfield, MO",810,83336.72,561,68240.27,15,1297.07,,,,,,,,,,,,,1893,,,,
"Bozeman, MT",241,35544.88,71,10760.89,8,959.01,,,,,,,,,,,,,1893,,,,
"Helena, MT",667,100839.79,126,18551.42,101,15373.1,,,,,,,,,,,,,1893,,,,
"Lewistown, MT",283,45075.37,52,8107.78,36,5612.85,,,,,,,,,,,,,1893,,,,
"Miles City, MT",93,14675.32,32,5103.03,1,160,,,,,,,,,,,,,1893,,,,
"Missoula, MT",287,41112.94,79,11727.92,64,7360.17,,,,,,,,,,,,,1893,,,,
"Alliance, NE",246,37818.62,239,37889.99,22,3284.4,,,,,,,,,,,,,1893,,,,
"Bloomington, NE",58,6722.63,101,15110.94,10,1359.94,,,,,,,,,,,,,1893,,,,
"Broken Bow, NE",183,26562.45,148,23217.77,14,1789.91,,,,,,,,,,,,,1893,,,,
"Chadron, NE",414,63939.33,382,60791.75,23,3545.68,,,,,,,,,,,,,1893,,,,
"Grand Island, NE",161,20029.95,160,23242.43,17,2492.72,,,,,,,,,,,,,1893,,,,
"Lincoln, NE",9,669.7,9,835.73,,,,,,,,,,,,,,,1893,,,,
"McCook, NE",473,70217.72,419,65946.59,32,4834.96,,,,,,,,,,,,,1893,,,,
"Neligh, NE",88,11717.75,95,13943.57,7,1000,,,,,,,,,,,,,1893,,,,
"North Platte, NE",531,79378.23,482,75408.32,12,1611.11,,,,,,,,,,,,,1893,,,,
"O'Neill, NE",76,10222.93,135,20276.37,13,1741.5,,,,,408,60610.64,,,,,,,1893,,,,
"Sidney, NE",416,65007.46,508,80253.06,12,1784.49,,,,,,,,,,,,,1893,,,,
"Valentine, NE",207,31460.3,222,34856.87,7,1114.54,,,,,,,,,,,,,1893,,,,
"Carson City, NV",6,915.03,4,640,,,,,,,,,,,,,,,1893,,,,
"Eureka, NV",8,994.28,1,157.8,,,,,,,,,,,,,,,1893,,,,
"Clayton, NM",227,32669.59,71,11329.29,7,1120,,,,,,,,,,,,,1893,,,,
"Folsom, NM",,,,,,,,,,,,,,,,,,,1893,,,,
"Las Cruces, NM",217,31040.18,87,12409.79,4,639.54,,,,,,,,,,,,,1893,,,,
"Roswell, NM",76,11716.36,15,2379.9,6,881.88,,,,,,,,,,,,,1893,,,,
"Santa Fe, NM",201,28160.76,174,27095.86,7,1120,,,,,,,,,,,,,1893,,,,
"Bismarck, ND",586,91947.89,379,59934.43,1,83.6,,,,,,,,,,,,,1893,,,,
"Devils Lake, ND",1207,186777.19,263,40835.1,18,2634.69,,,,,,,,,,,,,1893,,,,
"Fargo, ND",770,118866.47,482,74729.72,23,3075.35,,,,,,,,,,,,,1893,,,,
"Grand Forks, ND",421,62942.32,324,49252.85,30,4291.64,,,,,,,,,,,,,1893,,,,
"Minot, ND",92,14535.55,16,2558.75,,,,,,,,,,,,,,,1893,,,,
"Beaver, OK",242,38496.62,56,8869.43,,,,,,,,,,,,,,,1893,,,,
"Guthrie, OK",746,105749.29,69,10696.51,174,25561.81,,,,,,,,,,,,,1893,,,,
"Kingfisher, OK",2227,343944.47,45,7029.67,111,16467.12,,,,,,,,,,,,,1893,,,,
"Oklahoma City, OK",2477,363670.8,63,9824.56,175,25275.08,,,,,,,,,,,,,1893,,,,
"Burns, OR",110,15788.9,62,9555.93,10,1307.74,,,,,,,,,,,,,1893,,,,
"La Grande, OR",525,80147.47,192,29785.99,44,6373.91,,,,,,,,,,,,,1893,,,,
"Lakeview, OR",116,19244.04,95,15032.17,10,1480,,,,,,,,,,,,,1893,,,,
"Oregon City, OR",655,94274.72,238,34105.15,63,9468.76,,,,,,,,,,,,,1893,,,,
"Roseburg, OR",490,68089.87,189,27965.09,20,3047.54,,,,,,,,,,,,,1893,,,,
"The Dalles, OR",260,40473.87,203,32343.43,27,3977.3,,,,,,,,,,,,,1893,,,,
"Aberdeen, SD",612,96552.15,452,71899.48,18,2703.94,,,,,,,,,,,,,1893,,,,
"Chamberlain, SD",66,10239.56,28,4436.86,2,320,,,,,1253,202516,,,,,,,1893,,,,
"Huron, SD",582,91744.57,306,47925.77,10,1599.03,,,,,18,2879.52,,,,,,,1893,,,,
"Mitchell, SD",272,39422.92,203,30486.93,18,2749.88,1,160,,,,,,,,,,,1893,,,,
"Pierre, SD",113,17852.43,58,9172.51,2,319.58,,,,,89,13366.72,,,,,,,1893,,,,
"Rapid City, SD",360,54278.12,194,30521.21,20,2723.48,,,,,19,2961.87,,,,,,,1893,,,,
"Watertown, SD",1369,203175.88,442,66525.6,23,3225.81,,,,,,,,,,,,,1893,,,,
"Yankton, SD",92,11856.82,89,12745,23,2338.47,,,,,,,,,,,,,1893,,,,
"Salt Lake City, UT",687,96287.2,179,25796,40,5218.39,,,,,,,,,,,,,1893,,,,
"North Yakima, WA",111,16491.12,48,7391.98,5,684.27,,,,,,,,,,,,,1893,,,,
"Olympia, WA",234,30532.21,104,15238.8,72,8716.77,,,,,,,,,,,,,1893,,,,
"Seattle, WA",363,60696.37,242,33125.84,170,19819.55,,,,,,,,,,,,,1893,,,,
"Spokane, WA",415,59370.09,333,50366.45,39,5100.68,,,,,,,,,,,,,1893,,,,
"Vancouver, WA",419,58842.47,196,28182.34,64,8998.24,,,,,,,,,,,,,1893,,,,
"Walla Walla, WA",218,31266.03,87,11565.14,27,3290.94,,,,,,,,,,,,,1893,,,,
"Waterville, WA",143,20756.46,77,12002.04,36,5295.56,,,,,,,,,,,,,1893,,,,
"Ashland, WI",374,45182.52,98,13573.91,136,18097.15,,,,,,,,,,,,,1893,,,,
"Eau Claire, WI",215,17913.16,212,22714.88,16,1275.24,,,,,,,,,,,,,1893,,,,
"Menasha, WI",69,6991.68,21,2570.11,9,993.95,,,,,,,,,,,,,1893,,,,
"Wausau, WI",193,20218.56,132,14974.25,82,9175.98,,,,,,,,,,,,,1893,,,,
"Buffalo, WY",169,25614.54,50,7609.86,6,720,,,,,,,,,,,,,1893,,,,
"Cheyenne, WY",147,21965.21,104,15820.74,8,1092.85,,,,,,,,,,,,,1893,,,,
"Douglas, WY",89,13295.53,49,7618.67,5,791.76,,,,,,,,,,,,,1893,,,,
"Evanston, WY",98,15263.43,36,5716.55,3,480,,,,,,,,,,,,,1893,,,,
"Lander, WY",68,10632.21,21,3338.23,,,,,,,,,,,,,,,1893,,,,
"Sundance, WY",59,9121.58,39,6128.85,4,640,,,,,,,,,,,,,1893,,,,
Illinois (GLO),4,453.58,,,,,,,,,,,,,,,,,1893,,,,
Indiana (GLO,,,1,56.76,,,,,,,,,,,,,,,1893,,,,
Ohio (GLO),,,,,,,,,,,,,,,,,,,1893,,,,
"Huntsville, AL",449,47738.46,634,80562.46,9,964.82,,,,,,,,,,,,,1894,,,,
"Montgomery, AL",1755,205070.44,1237,156165.44,37,4778.75,8,1164.49,,,,,,,,,,,1894,,,,
"Sitka, AK",,,,,,,,,,,,,,,,,,,1894,,,,
"Prescott, AZ",101,13851.31,32,4942.01,6,954.48,,,,,,,,,,,,,1894,,,,
"Tucson, AZ",185,25663.39,58,8502.01,13,1840,,,,,,,,,,,,,1894,,,,
"Camden, AR",543,62497.09,446,54168.38,8,597.5,,,,,,,,,,,,,1894,,,,
"Dardanelle, AR",276,30813.06,165,20034.83,,,,,,,,,,,,,,,1894,,,,
"Harrison, AR",1030,120544.53,624,78694.83,10,1367.09,,,,,,,,,,,,,1894,,,,
"Little Rock, AR",684,74413.21,326,36654.98,3,266.13,,,,,,,,,,,,,1894,,,,
"Humboldt, CA",160,22288.81,58,8972.9,7,1000.16,,,,,,,,,,,,,1894,,,,
"Independence, CA",73,10915.52,29,3849.26,2,200,,,,,,,,,,,,,1894,,,,
"Los Angeles, CA",442,61095.33,297,43292.89,40,4990.85,,,,,,,,,,,,,1894,,,,
"Marysville, CA",94,12443.95,50,7130.84,,,,,,,,,,,,,,,1894,,,,
"Redding, CA",140,19172.99,100,14927.02,3,440,,,,,,,,,,,,,1894,,,,
"Sacramento, CA",126,17193.06,78,10862.88,7,644.62,,,,,,,,,,,,,1894,,,,
"San Francisco, CA",597,87355.53,402,61381.39,98,14442.38, ,,,,,,,,,,,,1894,,,,
"Stockton, CA",177,25286.14,90,13872.57,13,1863.35,,,,,,,,,,,,,1894,,,,
"Susanville, CA",88,12622.29,72,11345.18,6,677.41,,,,,,,,,,,,,1894,,,,
"Visalia, CA",243,36454.88,227,34644.51,12,1753.75,1,40,,,,,,,,,,,1894,,,,
"Akron, CO",154,24221.86,295,46842.38,9,1318.94,,,,,,,,,,,,,1894,,,,
"Central City, CO",35,5392.33,22,3432.43,4,600.24,,,,,,,,,,,,,1894,,,,
"Del Norte, CO",59,8708.55,84,12889.12,14,2074.22,,,,,,,,,,,,,1894,,,,
"Denver, CO",350,51791.72,193,30478.33,5,560,1,120,,,,,,,,,,,1894,,,,
"Durango, CO",45,6434.95,38,5756.98,2,298.48,,,,,,,,,,,,,1894,,,,
"Glenwood Springs, CO",30,4348.71,32,5106.16,1,40,,,,,,,,,,,,,1894,,,,
"Gunnison, CO",10,1360,5,759.55,2,280,,,,,,,,,,,,,1894,,,,
"Hugo, CO",113,17833.13,143,22873.48,5,800,,,,,,,,,,,,,1894,,,,
"Lamar, CO",57,8350.06,167,26158.78,7,1041.48,,,,,,,,,,,,,1894,,,,
"Leadville, CO",23,3354.56,21,3278.4,2,320,,,,,,,,,,,,,1894,,,,
"Montrose, CO",24,3518,8,1279.61,2,304.7,,,,,,,,,,,,,1894,,,,
"Pueblo, CO",461,69540.69,160,24325.5,27,3804.79,,,,,,,,,,,,,1894,,,,
"Sterling, CO",190,29725.86,249,39593.54,8,1280,,,,,,,,,,,,,1894,,,,
"Gainesville, FL",960,120951.25,548,72122.06,44,5345.25,,,,,,,,,,,,,1894,,,,
"Blackfoot, ID",282,38525.48,143,21999.45,18,2786.72,,,,,,,,,,,,,1894,,,,
"Boise, ID",163,21953.95,53,7889.2,18,2376.2,,,,,,,,,,,,,1894,,,,
"Coeur d'Alene, ID",181,25507.38,19,2936.4,1,80,,,,,,,,,,,,,1894,,,,
"Hailey, ID",90,12534.3,57,8686.59,3,435.6,,,,,,,,,,,,,1894,,,,
"Lewiston, ID",136,19809.46,87,13457.31,14,1640,,,,,,,,,,,,,1894,,,,
"Des Moines, IA",20,1062.21,11,1097.55,6,360,,,,,,,,,,,,,1894,,,,
"Colby, KS",128,17804.95,235,36233.56,11,1578.48,,,,,,,,,,,,,1894,,,,
"Dodge City, KS",74,11116.47,202,31608.29,3,477.36,,,,,,,,,,,,,1894,,,,
"Garden City, KS",96,14883.28,238,37538.86,3,327.6,,,,,,,,,,,,,1894,,,,
"Kirwin, KS",41,4309.75,54,8035.61,4,473.2,,,,,,,,,,,,,1894,,,,
"Larned, KS",45,5989.41,70,10146.38,4,379.7,,,,,,,,,,,,,1894,,,,
"Oberlin, KS",213,32349.36,254,39692.38,13,1956.89,,,,,,,,,,,,,1894,,,,
"Salina, KS",32,3655.85,27,3426.96,3,200,,,,,,,,,,,,,1894,,,,
"Topeka, KS",27,3517.04,48,5463.52,5,711.2,,,,,,,,,,,,,1894,,,,
"Wakeeney, KS",251,38657.66,619,97007.65,9,1332.02,,,,,,,,,,,,,1894,,,,
"Natchitoches, LA",316,36765.53,192,22465.28,1,128.24,,,,,,,,,,,,,1894,,,,
"New Orleans, LA",836,98984.77,429,54795.55,15,1884.4,1,83.69,,,,,,,,,,,1894,,,,
"Grayling, MI",99,8726.16,90,10126.15,11,1208.03,,,,,,,,,,,,,1894,,,,
"Marquette, MI",498,61432.81,170,23485.24,65,8508.98,,,,,,,,,,,,,1894,,,,
"Crookston, MN",414,58766.79,337,50687.96,8,1180,,,,,,,,,,,,,1894,,,,
"Duluth, MN",901,116883.96,61,7078.18,158,19881.79,,,,,,,,,,,,,1894,,,,
"Marshall, MN",108,9869.04,149,18394.11,32,3638.39,,,,,,,,,,,,,1894,,,,
"St. Cloud, MN",556,66435.48,254,32504.66,44,5588.08,,,,,,,,,,,,,1894,,,,
"Taylors Falls, MN",62,6344.47,34,4226.7,3,280,,,,,,,,,,,,,1894,,,,
"Jackson, MS",978,103247.88,752,89870.98,29,3277.23,1,164.25,,,,,,,,,,,1894,,,,
"Boonville, MO",401,37104.72,191,19685.98,8,517.25,,,,,,,,,,,,,1894,,,,
"Ironton, MO",571,52886.36,270,32656.68,10,761.48,,,,,,,,,,,,,1894,,,,
"Springfield, MO",1037,109599.06,463,57961.61,3,160,,,,,,,,,,,,,1894,,,,
"Bozeman, MT",179,26553.83,78,11577.93,1,80,,,,,,,,,,,,,1894,,,,
"Helena, MT",434,65623.35,116,17805.4,59,8378.19,,,,,,,,,,,,,1894,,,,
"Lewistown, MT",149,23379.11,51,8009.71,30,4712.88,,,,,,,,,,,,,1894,,,,
"Miles City, MT",61,9385.12,10,1472.98,,,,,,,,,,,,,,,1894,,,,
"Missoula, MT",292,42416.98,51,8024.43,23,2748.77,,,,,,,,,,,,,1894,,,,
"Alliance, NE",227,34219.67,388,61163.83,20,2750.33,,,,,,,,,,,,,1894,,,,
"Bloomington, NE",23,2504.11,31,4317.01,6,800,,,,,,,,,,,,,1894,,,,
"Broken Bow, NE",137,20253.17,133,20578.36,15,2022.53,,,,,,,,,,,,,1894,,,,
"Chadron, NE",113,16458.1,228,36100.14,11,1750.21,,,,,,,,,,,,,1894,,,,
"Grand Island, NE",67,8012.7,53,8030.46,8,1119.55,,,,,,,,,,,,,1894,,,,
"Lincoln, NE",32,3161.79,59,7875.7,11,1169.83,,,,,,,,,,,,,1894,,,,
"McCook, NE",199,27622.3,290,44742.39,34,5233.3,,,,,,,,,,,,,1894,,,,
"Neligh, NE",34,4666.68,53,7989.69,4,456.96,,,,,,,,,,,,,1894,,,,
"North Platte, NE",207,30487.94,299,46651.3,7,911.64,,,,,,,,,,,,,1894,,,,
"O'Neill, NE",100,12890.76,81,11837.46,12,1556.7,,,,,,,,,,,,,1894,,,,
"Sidney, NE",194,29655.43,456,72101.86,15,2203.91,,,,,,,,,,,,,1894,,,,
"Valentine, NE",164,24971.2,133,20767.22,7,1000,,,,,,,,,,,,,1894,,,,
"Carson City, NV",2,320,5,771.4,,,,,,,,,,,,,,,1894,,,,
"Eureka, NV",1,160,1,160,,,,,,,,,,,,,,,1894,,,,
"Clayton, NM",82,12733.25,36,5597.66,5,800,,,,,,,,,,,,,1894,,,,
"Folsom, NM",,,,,,,,,,,,,,,,,,,1894,,,,
"Las Cruces, NM",113,15019.63,74,10885.57,1,160,,,,,,,,,,,,,1894,,,,
"Roswell, NM",151,22607.31,29,4197.32,20,2838.21,,,,,,,,,,,,,1894,,,,
"Santa Fe, NM",138,19546.7,109,16529.36,6,800,,,,,,,,,,,,,1894,,,,
"Bismarck, ND",545,85761.22,232,36923.79,2,183.2,,,,,,,,,,,,,1894,,,,
"Devils Lake, ND",799,123690.71,212,33189.71,10,1595.7,,,,,,,,,,,,,1894,,,,
"Fargo, ND",496,75123.9,328,50503.98,19,2833.78,,,,,,,,,,,,,1894,,,,
"Grand Forks, ND",496,73735.83,277,42770.84,14,2137.08,,,,,,,,,,,,,1894,,,,
"Minot, ND",31,4932.92,35,5517.89,1,160,,,,,,,,,,,,,1894,,,,
"Alva, OK",5680,892728.13,,,,,,,,,,,,,,,,,1894,,,,
"Beaver, OK",21,3359.93,38,6077.53,,,,,,,,,,,,,,,1894,,,,
"Enid, OK",8092,1269498.98,,,,,,,,,,,,,,,,,1894,,,,
"Guthrie, OK",327,43223.07,45,6952.83,94,13443.78,,,,,,,,,,,,,1894,,,,
"Kingfisher, OK",1346,204126.8,154,23780.44,193,28873.64,,,,,,,,,,,,,1894,,,,
"Oklahoma City, OK",1569,225460.7,323,49654.74,236,34343.51,,,,,,,,,,,,,1894,,,,
"Perry, OK",6845,1038382.2,,,,,,,,,,,,,,,,,1894,,,,
"Woodward, OK",573,90760.79,34,5172.3,,,,,,,,,,,,,,,1894,,,,
"Burns, OR",62,8963.66,37,5712.78,2,320,,,,,,,,,,,,,1894,,,,
"La Grande, OR",239,36136.19,153,24011.16,20,2813.69,,,,,,,,,,,,,1894,,,,
"Lakeview, OR",97,14969.58,51,8073.67,3,480,,,,,,,,,,,,,1894,,,,
"Oregon City, OR",506,74231.77,219,32428.24,42,6117.52,,,,,,,,,,,,,1894,,,,
"Roseburg, OR",409,55441.88,156,22521.73,5,421.45,,,,,,,,,,,,,1894,,,,
"The Dalles, OR",415,63694.95,150,23350.08,11,1501.03,,,,,,,,,,,,,1894,,,,
"Aberdeen, SD",401,62600.59,306,48362.17,9,1440.37,,,,,,,,,,,,,1894,,,,
"Chamberlain, SD",53,8178.75,20,3224.33,6,960,,,,,543,86098.27,71,11150.34,,,,,1894,,,,
"Huron, SD",312,48344.87,166,25551.11,11,1694.28,,,,,7,947.74,1,160,,,,,1894,,,,
"Mitchell, SD",132,18604.92,173,26322.3,44,6155.59,,,,,,,,,,,,,1894,,,,
"Pierre, SD",62,9655.64,43,6863.73,1,119.18,,,,,57,8877.57,16,2036.35,,,,,1894,,,,
"Rapid City, SD",241,37368.52,161,25097.51,11,1759.7,,,,,21,3375.04,,,,,,,1894,,,,
"Watertown, SD",770,108619.94,315,48030.38,72,9896.04,,,,,,,,,,,,,1894,,,,
"Yankton, SD",11,1475.44,35,4988,8,1056.95,,,,,,,,,,,,,1894,,,,
"Salt Lake City, UT",580,78579.98,160,23138.34,24,2755.94,,,,,,,,,,,,,1894,,,,
"North Yakima, WA",139,19699.64,28,4030.32,11,1472.2,,,,,,,,,,,,,1894,,,,
"Olympia, WA",163,21625.12,151,21682.33,19,1946.71,,,,,,,,,,,,,1894,,,,
"Seattle, WA",743,106605.79,274,38965.18,71,7699.65,1,40.12,,,,,,,,,,,1894,,,,
"Spokane, WA",306,44524.32,232,35674.2,11,1353.79,,,,,,,,,,,,,1894,,,,
"Vancouver, WA",270,37938.58,149,21795.43,25,3427.45,,,,,,,,,,,,,1894,,,,
"Walla Walla, WA",136,19062.16,59,9294.59,8,931.71,,,,,,,,,,,,,1894,,,,
"Waterville, WA",123,18057.97,67,10437.8511,1505.35,,,,,,,,,,,,,,1894,,,,
"Ashland, WI",277,30067.81,120,17301.11,83,10309.3,,,,,,,,,,,,,1894,,,,
"Eau Claire, WI",241,22951.7,140,14146.68,17,949.92,,,,,,,,,,,,,1894,,,,
"Menasha, WI",20,1840,9,869.97,,,,,,,,,,,,,,,1894,,,,
"Wausau, WI",408,43422.81,93,9749.77,57,6566.17,,,,,,,,,,,,,1894,,,,
"Buffalo, WY",129,19884.54,42,6381.93,12,1640,,,,,,,,,,,,,1894,,,,
"Cheyenne, WY",108,16858.4,76,12095.54,7,1107.34,,,,,,,,,,,,,1894,,,,
"Douglas, WY",82,12839.23,44,6857.91,4,560,,,,,,,,,,,,,1894,,,,
"Evanston, WY",78,11976.24,24,3679.3,3,357.34,,,,,,,,,,,,,1894,,,,
"Lander, WY",60,9239.69,19,2966.69,,,,,,,,,,,,,,,1894,,,,
"Sundance, WY",66,10483.72,28,4467.41,4,435.57,,,,,,,,,,,,,1894,,,,
Illinois (GLO),,,2,44.95,,,,,,,,,,,,,,,1894,,,,
Indiana (GLO,1,4183,1,40,,,1,13.85,,,,,,,,,,,1894,,,,
Ohio (GLO),,,,,,,,,,,,,,,,,,,1894,,,,
"Huntsville, AL",276,28760.16,496,60539.55,9,557.83,,,,,,,,,,,,,1895,,,,
"Montgomery, AL",849,86275.93,834,97670.76,47,5332.98,1,39.94,,,,,,,,,,,1895,,,,
"Sitka, AK",,,,,,,,,,,,,,,,,,,1895,,,,
"Prescott, AZ",145,19095.65,27,4101.62,4,639.85,,,,,,,,,,,,,1895,,,,
"Tucson, AZ",206,27877.99,45,6647.24,14,1719.89,,,,,,,,,,,,,1895,,,,
"Camden, AR",708,82482.33,432,51457.63,8,918.1,,,,,,,,,,,,,1895,,,,
"Dardanelle, AR",297,34913.08,145,16342.97,,,,,,,,,,,,,,,1895,,,,
"Harrison, AR",1113,126816,599,72779.83,13,1209.2,,,,,,,,,,,,,1895,,,,
"Little Rock, AR",735,78682.49,347,39108.97,1,40,,,,,,,,,,,,,1895,,,,
"Humboldt, CA",142,20304.81,43,6617.33,4,520,,,,,8,1063.15,4,594.17,,,,,1895,,,,
"Independence, CA",63,9198.43,16,2349.35,2,320,,,,,,,,,,,,,1895,,,,
"Los Angeles, CA",279,39500.62,232,34022.23,25,3084.78,,,,,,,,,,,,,1895,,,,
"Marysville, CA",97,12461.99,53,7432.47,,,,,,,,,,,,,,,1895,,,,
"Redding, CA",150,20479.28,109,16389.12,4,526.63,,,,,,,,,,,,,1895,,,,
"Sacramento, CA",110,14981.49,87,11915.38,5,787.22,,,,,,,,,,,,,1895,,,,
"San Francisco, CA",520,75279.42,243,36582.64,50,7027.99,,,,,,,,,,,,,1895,,,,
"Stockton, CA",157,22966.59,108,16197.16,6,800,,,,,,,,,,,,,1895,,,,
"Susanville, CA",94,14157.72,65,9928.83,7,990.21,,,,,,,,,,,,,1895,,,,
"Visalia, CA",164,24634.42,195,30059.17,8,1033.79,,,,,,,,,,,,,1895,,,,
"Akron, CO",55,7786.97,198,31137.69,7,920.31,,,,,,,,,,,,,1895,,,,
"Del Norte, CO",72,10155.92,80,12430.12,4,640,,,,,,,,,,,,,1895,,,,
"Denver, CO",635,93191.17,238,37058.4,8,959.94,,,,,,,,,,,,,1895,,,,
"Durango, CO",59,8499.08,31,4509.26,2,320,,,,,,,,,,,,,1895,,,,
"Glenwood Springs, CO",41,5897.52,56,8728.26,1,160,,,,,,,,,,,,,1895,,,,
"Gunnison, CO",15,2117.27,9,1440,,,,,,,,,,,,,,,1895,,,,
"Hugo, CO",45,6928.93,94,14962.4,1,160,,,,,,,,,,,,,1895,,,,
"Lamar, CO",48,6476.25,73,11431.27,5,778.91,,,,,,,,,,,,,1895,,,,
"Leadville, CO",37,5069.8,19,3040,2,320,,,,,,,,,,,,,1895,,,,
"Montrose, CO",29,4108.06,7,1120,,,,,,,,,,,,,,,1895,,,,
"Pueblo, CO",650,96948.21,169,25832.73,72,10318.54,,,,,,,,,,,,,1895,,,,
"Sterling, CO",30,3971.72,140,22143.78,7,873.67,,,,,,,,,,,,,1895,,,,
"Gainesville, FL",831,102945.7,611,79604.64,22,2723.6,,,,,,,,,,,,,1895,,,,
"Blackfoot, ID",439,80426.58,182,27360.93,8,1099.09,,,,,,,,,,,,,1895,,,,
"Boise, ID",234,32325.54,91,13731.94,30,3939.28,,,,,,,,,,,,,1895,,,,
"Coeur d'Alene, ID",348,45898.17,28,4172.6,,,,,,,,,,,,,,,1895,,,,
"Hailey, ID",164,24420.6,56,8403.18,4,600,,,,,,,,,,,,,1895,,,,
"Lewiston, ID",165,23448.56,106,16441.36,11,1339.35,,,,,,,,,,,,,1895,,,,
"Des Moines, IA",36,2087.59,19,1805.41,6,352.6,,,,,,,,,,,,,1895,,,,
"Colby, KS",135,19624.91,385,59193.36,21,3080,,,,,,,,,,,,,1895,,,,
"Dodge City, KS",106,14968.2,282,43671.64,7,1119.98,,,,,,,,,,,,,1895,,,,
"Topeka, KS",36,3006.04,52,6413.32,5,298.59,,,,,,,,,,,,,1895,,,,
"Wakeeney, KS",129,19580.44,368,56507.61,1,160,,,,,,,,,,,,,1895,,,,
"Natchitoches, LA",252,28804.46,175,22197.31,1,159.67,,,,,,,,,,,,,1895,,,,
"New Orleans, LA",870,97093.4,582,74539.11,16,1719.68,3,264.84,,,,,,,,,,,1895,,,,
"Grayling, MI",140,13382.84,44,4860.42,12,1006.69,,,,,,,,,,,,,1895,,,,
"Marquette, MI",443,51946.14,143,19614.04,71,8648.82,,,,,,,,,,,,,1895,,,,
"Crookston, MN",1056,156956.65,277,40736.12,10,1436.97,,,,,,,,,,,,,1895,,,,
"Duluth, MN",504,65229.69,63,7572.25,64,6962.27,,,,,,,,,,,,,1895,,,,
"Marshall, MN",100,9046.91,132,14652.3,31,3421.13,,,,,,,,,,,,,1895,,,,
"St. Cloud, MN",844,101987.09,293,37698.06,36,4293.82,,,,,,,,,,,,,1895,,,,
"Jackson, MS",1182,130345.71,758,93655.94,22,2707.76,,,,,,,,,,,,,1895,,,,
"Boonville, MO",532,51109.72,170,17910.36,6,480,,,,,,,,,,,,,1895,,,,
"Ironton, MO",377,31429.91,267,30609.21,12,878.69,,,,,,,,,,,,,1895,,,,
"Springfield, MO",1090,113225.86,424,49578.35,4,240,,,,,,,,,,,,,1895,,,,
"Bozeman, MT",168,24290.86,85,12916.44,8,1005.91,,,,,,,,,,,,,1895,,,,
"Helena, MT",534,79620.2,160,24002.27,37,5477.3,,,,,,,,,,,,,1895,,,,
"Lewistown, MT",133,20570.57,36,5716,33,5271.93,,,,,,,,,,,,,1895,,,,
"Miles City, MT",87,13128.49,24,3748.14,4,640,,,,,,,,,,,,,1895,,,,
"Missoula, MT",290,40282.12,83,12704.83,29,4083.49,,,,,,,,,,,,,1895,,,,
"Alliance, NE",367,54517.87,425,66101.97,26,3711.94,,,,,,,,,,,,,1895,,,,
"Broken Bow, NE",119,17330.54,103,15997.25,6,792.21,,,,,,,,,,,,,1895,,,,
"Lincoln, NE",62,5367.16,79,11039.28,9,688.25,,,,,,,,,,,,,1895,,,,
"McCook, NE",62,8669.75,271,39848.73,26,3386.52,,,,,,,,,,,,,1895,,,,
"North Platte, NE",92,12542,307,47408,6,958.56,,,,,,,,,,,,,1895,,,,
"O'Neill, NE",102,13322.51,105,15607.72,18,1637.03,,,,,104,14264.28,,,,ponca,,,1895,,,,
"Sidney, NE",102,14369.46,269,42351.63,9,1161.9,,,,,,,,,,,,,1895,,,,
"Valentine, NE",219,43349.85,112,17491.22,7,940.26,,,,,,,,,,,,,1895,,,,
"Carson City, NV",14,2035.28,1,160,,,,,,,,,,,,,,,1895,,,,
"Clayton, NM",124,20238.77,41,6513.24,4,640,,,,,,,,,,,,,1895,,,,
"Folsom, NM",,,,,,,,,,,,,,,,,,,1895,,,,
"Las Cruces, NM",88,10976.73,43,6320.48,7,917.17,,,,,,,,,,,,,1895,,,,
"Roswell, NM",134,20850.64,26,4083.58,11,1559.57,,,,,,,,,,,,,1895,,,,
"Santa Fe, NM",123,17992.54,90,13753.85,2,200,,,,,,,,,,,,,1895,,,,
"Bismarck, ND",412,63844.66,226,35593.5,6,953.23,,,,,,,,,,,,,1895,,,,
"Devils Lake, ND",667,101055.73,230,35734.91,17,2579.68,,,,,,,,,,,,,1895,,,,
"Fargo, ND",412,62720.48,243,38043.08,18,2577.98,,,,,,,,,,,,,1895,,,,
"Grand Forks, ND",758,114234.68,328,49896.36,17,2600,,,,,,,,,,,,,1895,,,,
"Minot, ND",64,9587.01,22,3460.59,,,,,,,,,,,,,,,1895,,,,
"Alva, OK",1449,222433.12,9,1303.05,34,5282.94,,,,,,,,,,,,,1895,,,,
"Beaver, OK",,,,,,,,,,,,,,,,,,,1895,,,,
"Enid, OK",868,132647.22,27,3783,161,24465.2,,,,,,,,,,,,,1895,,,,
"Guthrie, OK",299,35654.11,890,138981.25,124,17960.64,,,,,,,,,,,,,1895,,,,
"Kingfisher, OK",897,137029.66,1041,162031.53,161,24154.82,,,,,,,,,,,,,1895,,,,
"Oklahoma City, OK",1335,189518.56,1146,179743.05,306,44952.78,,,,,,,,,,,,,1895,,,,
"Perry, OK",1304,185594.17,,,36,5147.76,,,,,,,,,,,,,1895,,,,
"Woodward, OK",494,78006.66,85,13541.71,13,2004.94,,,,,,,,,,,,,1895,,,,
"Burns, OR",88,12709.75,58,8915.69,7,985.72,,,,,,,,,,,,,1895,,,,
"La Grande, OR",296,45015.62,151,23458.45,12,1913.13,,,,,,,,,,,,,1895,,,,
"Lakeview, OR",94,14422.01,76,12047.92,4,642.26,,,,,,,,,,,,,1895,,,,
"Oregon City, OR",338,46364.08,278,41768.15,30,4170.2,,,,,,,,,,,,,1895,,,,
"Roseburg, OR",338,44292.82,191,27989.29,9,1147.39,,,,,,,,,,,,,1895,,,,
"The Dalles, OR",380,56812.09,116,18225.26,16,2223.71,,,,,,,,,,,,,1895,,,,
"Aberdeen, SD",185,28591.16,197,31090.92,5,711.14,,,,,,,,,,,,,1895,,,,
"Chamberlain, SD",16,2471.15,19,3025.03,,,,,,,139,21036.72,61,9461.98,,,,,1895,,,,
"Huron, SD",162,25456.74,148,23500.28,8,1280,,,,,10,1600,,,,,,,1895,,,,
"Mitchell, SD",357,53192.7,158,23438.53,49,6761.02,,,,,,,,,,,,,1895,,,,
"Pierre, SD",20,3147.34,28,4446.21,,,,,,,41,6076.91,11,1497.76,,,,,1895,,,,
"Rapid City, SD",239,36884.62,129,20153.59,11,1760,,,,,27,4187.48,2,320,,,,,1895,,,,
"Watertown, SD",447,61286.25,217,33311.4,46,6823.26,,,,,,,,,,,,,1895,,,,
"Salt Lake City, UT",613,87888.6,206,29855.14,25,3320,,,,,,,,,,,,,1895,,,,
"North Yakima, WA",92,13641.26,29,3947.57,4,637.2,,,,,,,,,,,,,1895,,,,
"Olympia, WA",327,46044.05,191,26574.41,6,614.5,,,,,,,,,,,,,1895,,,,
"Seattle, WA",385,53555.67,298,41682.83,33,3636.6,,,,,,,,,,,,,1895,,,,
"Spokane, WA",368,52891.06,298,46212.39,8,920,,,,,,,,,,,,,1895,,,,
"Vancouver, WA",436,64294.77,199,29257.5,15,2066.07,,,,,,,,,,,,,1895,,,,
"Walla Walla, WA",160,22461.09,91,13721.38,4,520.81,,,,,,,,,,,,,1895,,,,
"Waterville, WA",178,27128.73,89,13566.33,1,160,,,,,,,,,,,,,1895,,,,
"Ashland, WI",216,24374.26,102,14064.78,60,6919.86,,,,,,,,,,,,,1895,,,,
"Eau Claire, WI",352,33893.24,110,11468.97,7,494.85,,,,,,,,,,,,,1895,,,,
"Menasha, WI",,,,,,,,,,,,,,,,,,,1895,,,,
"Wausau, WI",468,42019.19,118,11651.69,57,5643.02,,,,,,,,,,,,,1895,,,,
"Buffalo, WY",187,29355.33,44,6969.21,12,1836.45,,,,,,,,,,,,,1895,,,,
"Cheyenne, WY",101,15199.9,67,10398.88,4,640,,,,,,,,,,,,,1895,,,,
"Douglas, WY",89,13731.81,33,5252.15,10,1496.04,,,,,,,,,,,,,1895,,,,
"Evanston, WY",89,13859.31,45,7014.14,2,320,,,,,,,,,,,,,1895,,,,
"Lander, WY",54,7735.76,8,1228.79,,,,,,,,,,,,,,,1895,,,,
"Sundance, WY",135,21376.4,22,3508.89,,,,,,,,,,,,,,,1895,,,,
Illinois (GLO),,,,,,,,,,,,,,,,,,,1895,,,,
Indiana (GLO,2,74.6,1,81.25,,,,,,,,,,,,,,,1895,,,,
Ohio (GLO),,,,,,,1,40,,,,,,,,,,,1895,,,,
"Huntsville, AL",475,48567.3,666,75829.25,9,890.58,,,,,,,,,,,,,1896,,,,
"Montgomery, AL",772,80940.22,840,95110.16,44,4420.95,,,,,,,,,,,,,1896,,,,
"Sitka, AK",,,,,,,,,,,,,,,,,,,1896,,,,
"Prescott, AZ",116,15731.29,38,5660.92,12,1600.62,,,,,,,,,,,,,1896,,,,
"Tucson, AZ",180,24295.04,53,7260.66,12,1599.9,,,,,,,,,,,,,1896,,,,
"Camden, AR",1006,121774.99,431,50568.12,14,1683.79,,,,,,,,,,,,,1896,,,,
"Dardanelle, AR",229,24546.72,158,18231.32,,,,,,,,,,,,,,,1896,,,,
"Harrison, AR",1221,142672.7,471,58722.65,8,791.76,,,,,,,,,,,,,1896,,,,
"Little Rock, AR",869,93379.04,460,50040.47,9,938.24,,,,,,,,,,,,,1896,,,,
"Humboldt, CA",103,14918.88,77,11391.29,7,879.87,,,,,3,340.82,3,340.82,2,305.42,,,1896,,,,
"Independence, CA",35,4865.45,14,21119.82,9,1200,,,,,,,,,,,,,1896,,,,
"Los Angeles, CA",257,35842.94,249,35825.71,19,2047.52,,,,,,,,,,,,,1896,,,,
"Marysville, CA",51,6740.66,43,6133.36,2,125.43,,,,,,,,,,,,,1896,,,,
"Redding, CA",126,17733.19,74,10541.21,3,149.36,,,,,,,,,,,,,1896,,,,
"Sacramento, CA",89,11365.1,81,11653.2,4,467.75,,,,,,,,,,,,,1896,,,,
"San Francisco, CA",410,56212.65,274,40978.68,19,2691.95,,,,,,,,,,,,,1896,,,,
"Stockton, CA",122,17254.09,105,1629.37,2,216.01,,,,,,,,,,,,,1896,,,,
"Susanville, CA",73,10813.72,59,9042.36,1,160,,,,,,,,,,,,,1896,,,,
"Visalia, CA",164,24042.11,211,32334.59,7,1000,,,,,,,,,,,,,1896,,,,
"Akron, CO",40,6313.96,115,17994.62,3,480,,,,,,,,,,,,,1896,,,,
"Del Norte, CO",61,9389.83,69,10530.98,2,200,,,,,,,,,,,,,1896,,,,
"Denver, CO",481,48773.35,232,35453.47,14,1482.74,,,,,,,,,,,,,1896,,,,
"Durango, CO",84,12886.11,50,7542.12,4,497.85,,,,,,,,,,,,,1896,,,,
"Glenwood Springs, CO",60,8617.82,56,8597.49,1,40,,,,,,,,,,,,,1896,,,,
"Gunnison, CO",15,1858.88,5,800,,,,,,,,,,,,,,,1896,,,,
"Hugo, CO",30,4502.45,55,8760.63,1,40,,,,,,,,,,,,,1896,,,,
"Lamar, CO",58,8385.65,49,7495.11,2,320,,,,,,,,,,,,,1896,,,,
"Leadville, CO",39,5835.81,18,2639.52,4,600,,,,,,,,,,,,,1896,,,,
"Montrose, CO",22,3439.09,12,1886.83,,,,,,,,,,,,,,,1896,,,,
"Pueblo, CO",373,55611.56,185,27788.28,20,2487.27,,,,,,,,,,,,,1896,,,,
"Sterling, CO",36,4919.1,90,14150.96,3,360,,,,,,,,,,,,,1896,,,,
"Gainesville, FL",1170,144717.18,590,79218.18,22,1790.11,,,,,,,,,,,,,1896,,,,
"Blackfoot, ID",644,93227.49,183,27410.44,7,923.33,,,,,,,,,,,,,1896,,,,
"Boise, ID",120,15986.38,72,10594.2,21,2815.17,,,,,,,,,,,,,1896,,,,
"Coeur d'Alene, ID",175,22619.77,41,5474.2,,,,,,,,,,,,,,,1896,,,,
"Hailey, ID",151,21570.98,59,8867.14,6,656.51,,,,,,,,,,,,,1896,,,,
"Lewiston, ID",1240,182598.83,90,13552.17,2,240,,,,,,,,,,,,,1896,,,,
"Des Moines, IA",27,2556,14,1640,8,593.32,,,,,,,,,,,,,1896,,,,
"Colby, KS",136,20471.11,192,28428.32,6,720,,,,,,,,,,,,,1896,,,,
"Dodge City, KS",111,16381.85,187,28756.52,9,1046.71,,,,,,,,,,,,,1896,,,,
"Topeka, KS",48,4067.3,41,4899.23,1,80,,,,,,,,,,,,,1896,,,,
"Wakeeney, KS",155,23555.28,191,29930.23,1,80,,,,,,,,,,,,,1896,,,,
"Natchitoches, LA",364,43423.12,244,29018.61,3,400.19,,,,,,,,,,,,,1896,,,,
"New Orleans, LA",893,101672.79,689,76003.39,23,1986.95,,,,,,,,,,,,,1896,,,,
"Grayling, MI",88,7402.34,38,4315.46,23,1857.42,,,,,,,,,,,,,1896,,,,
"Marquette, MI",334,36832.57,136,18190.54,72,8012.19,,,,,,,,,,,,,1896,,,,
"Crookston, MN",974,137784.62,272,37495.22,14,1808.39,,,,,,,,,,,,,1896,,,,
"Duluth, MN",350,45293,62,8802.16,18,1491.66,,,,,,,,,,,,,1896,,,,
"Marshall, MN",121,12571.13,95,10893.72,23,1736.53,,,,,,,,,,,,,1896,,,,
"St. Cloud, MN",878,108999.46,247,29949.92,31,3822.34,,,,,,,,,,,,,1896,,,,
"Jackson, MS",1681,184695.17,961,121685.3,38,4792.03,,,,,,,,,,,,,1896,,,,
"Boonville, MO",581,54022.84,190,19697.58,11,548.3,,,,,,,,,,,,,1896,,,,
"Ironton, MO",535,42808.52,227,24482.39,12,681.9,,,,,,,,,,,,,1896,,,,
"Springfield, MO",1182,1222059.32,459,55373.67,9,680.33,,,,,,,,,,,,,1896,,,,
"Bozeman, MT",138,20614.97,63,9574.05,7,898.23,,,,,,,,,,,,,1896,,,,
"Helena, MT",627,95818.57,180,27365.88,38,5500.05,,,,,,,,,,,,,1896,,,,
"Lewistown, MT",213,33258.94,49,7797.88,17,2594.24,,,,,,,,,,,,,1896,,,,
"Miles City, MT",134,20464.08,38,5760.54,4,610.06,,,,,,,,,,,,,1896,,,,
"Missoula, MT",287,41316.66,120,18103.84,24,3224.43,,,,,,,,,,,,,1896,,,,
"Alliance, NE",239,35838.92,382,59457.45,22,3192.82,,,,,,,,,,,,,1896,,,,
"Broken Bow, NE",111,16423.23,76,11629.12,19,2679.7,,,,,,,,,,,,,1896,,,,
"Lincoln, NE",59,5210.11,70,9396.53,9,630.78,,,,,,,,,,,,,1896,,,,
"McCook, NE",83,11865.2,167,24760.32,13,1821.28,,,,,,,,,,,,,1896,,,,
"North Platte, NE",92,12296.97,194,29918.22,4,440,,,,,,,,,,,,,1896,,,,
"O'Neill, NE",101,12778.97,65,9548.53,10,1242.24,,,,,92,12161.67,47,6990.4,,,,,1896,,,,
"Sidney, NE",65,8930.19,142,21429.09,4,661.3,,,,,,,,,,,,,1896,,,,
"Valentine, NE",259,39425.61,123,19106.53,9,1395.88,,,,,,,,,,,,,1896,,,,
"Carson City, NV",9,1355.2,2,320,,,,,,,,,,,,,,,1896,,,,
"Clayton, NM",149,23456.01,60,9441.65,3,359.91,,,,,,,,,,,,,1896,,,,
"Las Cruces, NM",109,13628.35,39,5212.03,,,,,,,,,,,,,,,1896,,,,
"Roswell, NM",83,12449.44,21,3311.58,3,480,,,,,,,,,,,,,1896,,,,
"Santa Fe, NM",171,24795.55,89,13508.25,12,1560.38,,,,,,,,,,,,,1896,,,,
"Bismarck, ND",461,71877.44,182,28792.88,15,2148.39,,,,,,,,,,,,,1896,,,,
"Devils Lake, ND",1079,166207.61,276,43107.41,28,3907.68,,,,,,,,,,,,,1896,,,,
"Fargo, ND",494,74914.69,229,35570.97,12,1624.17,,,,,,,,,,,,,1896,,,,
"Grand Forks, ND",706,106640.35,180,27263,22,2976.16,,,,,,,,,,,,,1896,,,,
"Minot, ND",54,7634.88,16,2551.48,1,160,,,,,,,,,,,,,1896,,,,
"Alva, OK",775,118471.87,,,59,9224.75,,,,,,,,,,,,,1896,,,,
"Enid, OK",509,78096.04,,,176,27186.01,,,,,,,,,,,,,1896,,,,
"Guthrie, OK",183,21412.93,942,146609.85,123,17580.9,,,,,,,,,,,,,1896,,,,
"Kingfisher, OK",536,81739.77,634,98421.77,67,10256.75,,,,,,,,,,,,,1896,,,,
"Oklahoma City, OK",886,122614.35,831,129651.05,140,19884.74,,,,,,,36,5368.15,,,,,1896,,,,
"Perry, OK",526,72632.2,,,57,7798.9,,,,,,,,,,,,,1896,,,,
"Woodward, OK",352,55208.9,79,12534.7,37,5730.72,,,,,,,,,,,,,1896,,,,
"Burns, OR",80,11941.77,53,8226.83,2,320,,,,,,,,,,,,,1896,,,,
"La Grande, OR",256,39610.32,200,30955.44,8,1194.74,,,,,,,,,,,,,1896,,,,
"Lakeview, OR",66,10179.08,82,12697.69,5,588.29,,,,,,,,,,,,,1896,,,,
"Oregon City, OR",385,55497.9,290,44101.7,4,520.19,,,,,,,,,,,,,1896,,,,
"Roseburg, OR",264,35217.36,243,35004.81,3,427.89,,,,,,,,,,,,,1896,,,,
"The Dalles, OR",300,46118.2,139,21278.62,13,1738.19,,,,,,,,,,,,,1896,,,,
"Aberdeen, SD",175,27369.94,249,39536.11,4,600,,,,,,,,,,,,,1896,,,,
"Chamberlain, SD",14,2233.95,15,2214.59,4,639.15,,,,,,,,,,,,,1896,,,,
"Huron, SD",158,24503.86,116,18037.66,3,480,,,,,,,,,,,,,1896,,,,
"Mitchell, SD",169,24168.4,140,20743.07,12,1393.63,,,,,122,17676.4,,,,,,,1896,,,,
"Pierre, SD",20,3104.67,34,5339.77,,,,,,,51,7789.01,6,928.24,,,,,1896,,,,
"Rapid City, SD",191,27878.24,176,27851.66,25,3786.89,,,,,26,4057.15,3,463.47,,,,,1896,,,,
"Watertown, SD",457,63917.86,160,23557.9,34,4336.21,,,,,,,,,,,,,1896,,,,
"Salt Lake City, UT",682,97381.29,207,30034.82,13,1357.89,,,,,,,,,,,,,1896,,,,
"North Yakima, WA",43,6120.72,42,6469.22,3,479.93,,,,,,,,,,,,,1896,,,,
"Olympia, WA",152,20222.09,260,35930,9,1040,,,,,,,,,,,,,1896,,,,
"Seattle, WA",488,70426.67,461,66433.62,25,2956,,,,,,,,,,,,,1896,,,,
"Spokane, WA",222,31695.65,320,48125.74,2,197.5,,,,,,,,,,,,,1896,,,,
"Vancouver, WA",291,39548.82,259,37774.15,8,642.97,,,,,,,,,,,,,1896,,,,
"Walla Walla, WA",139,19441.73,90,13762.17,3,398.47,,,,,,,,,,,,,1896,,,,
"Waterville, WA",134,20570.68,90,13980.98,5,733.42,,,,,,,,,,,,,1896,,,,
"Ashland, WI",142,16354.88,91,12605.15,40,4145.22,,,,,,,,,,,,,1896,,,,
"Eau Claire, WI",383,37627.72,202,15078.15,9,627.25,,,,,,,,,,,,,1896,,,,
"Wausau, WI",417,39200.56,146,13911.91,48,4478.7,,,,,,,,,,,,,1896,,,,
"Buffalo, WY",150,23037.4,42,6695.4,3,440,,,,,,,,,,,,,1896,,,,
"Cheyenne, WY",102,15703.58,73,11377.1,2,313.67,,,,,,,,,,,,,1896,,,,
"Douglas, WY",63,9132.18,52,8032.87,15,2360.16,,,,,,,,,,,,,1896,,,,
"Evanston, WY",61,9305.14,46,7262.15,2,320,,,,,,,,,,,,,1896,,,,
"Lander, WY",72,11323.21,10,1590.86,1,78.2,,,,,,,,,,,,,1896,,,,
"Sundance, WY",107,16964.86,31,4948.63,2,316.46,,,,,,,,,,,,,1896,,,,
Illinois (GLO),,,,,1,120,,,,,,,,,,,,,1896,,,,
Indiana (GLO,,,1,40,,,,,,,,,,,,,,,1896,,,,
Ohio (GLO),,,,,,,,,,,,,,,,,,,1896,,,,
"Huntsville, AL",466,48423.67,574,66700.28,3,360.18,,,,,,,,,,,,,1897,,,,
"Montgomery, AL",632,61843.12,842,89887.66,52,6132,,,,,,,,,,,,,1897,,,,
"Sitka, AK",,,,,,,,,,,,,,,,,,,1897,,,,
"Prescott, AZ",97,14272.38,43,6622.36,10,11180.03,,,,,,,,,,,,,1897,,,,
"Tucson, AZ",142,18332.71,50,6785.54,15,2118.88,,,,,,,,,,,,,1897,,,,
"Camden, AR",794,94016.62,391,46168.79,15,1854.75,,,,,,,,,,,,,1897,,,,
"Dardanelle, AR",141,15487.99,121,13659.51,1,80,,,,,,,,,,,,,1897,,,,
"Harrison, AR",1118,132764.7,616,76857.64,10,775.95,,,,,,,,,,,,,1897,,,,
"Little Rock, AR",518,53700.59,352,39529.25,10,974.71,,,,,,,,,,,,,1897,,,,
"Humboldt, CA",100,15097.98,52,7582.57,4,600,,,,,2,190.96,,,5,560.08,,,1897,,,,
"Independence, CA",26,3653.57,12,1710.41,4,600,,,,,,,,,,,,,1897,,,,
"Los Angeles, CA",312,43818.84,223,32624.62,8,966.78,,,,,,,,,,,,,1897,,,,
"Marysville, CA",71,9375.34,51,7354.23,4,400.64,,,,,,,,,,,,,1897,,,,
"Redding, CA",106,14091.59,106,15894.91,1,36.2,,,,,,,,,,,,,1897,,,,
"Sacramento, CA",106,14301.94,62,8739.37,1,10,,,,,,,,,,,,,1897,,,,
"San Francisco, CA",538,78438.3,297,44366.34,21,2505.58,,,,,,,,,,,,,1897,,,,
"Stockton, CA",103,13876.94,102,14824.22,4,515,,,,,,,,,,,,,1897,,,,
"Susanville, CA",82,11740.38,59,8852.4,3,319.26,,,,,,,,,,,,,1897,,,,
"Visalia, CA",148,21919.23,228,35154.1,3,480,,,,,,,,,,,,,1897,,,,
"Akron, CO",45,6716.16,89,13926.83,1,160,,,,,,,,,,,,,1897,,,,
"Del Norte, CO",53,8189.42,67,10241.48,2,320,,,,,,,,,,,,,1897,,,,
"Denver, CO",369,54689.49,171,25926.23,12,1290.6,,,,,,,,,,,,,1897,,,,
"Durango, CO",89,12888.72,44,6697.74,5,674.38,,,,,,,,,,,,,1897,,,,
"Glenwood Springs, CO",49,7525.05,18,2816.24,3,120.78,,,,,,,,,,,,,1897,,,,
"Gunnison, CO",9,875.81,7,1020.2,1,40,,,,,,,,,,,,,1897,,,,
"Hugo, CO",20,2979.8,35,5598.7,,,,,,,,,,,,,,,1897,,,,
"Lamar, CO",38,5821.85,36,5541.19,2,240,,,,,,,,,,,,,1897,,,,
"Leadville, CO",42,6342.36,21,3012.39,2,270,,,,,,,,,,,,,1897,,,,
"Montrose, CO",44,6088.38,14,2238.35,1,78.89,,,,,,,,,,,,,1897,,,,
"Pueblo, CO",372,56791.57,123,18612.6,9,832.07,,,,,,,,,,,,,1897,,,,
"Sterling, CO",26,3720.15,39,6051.23,,,,,,,,,,,,,,,1897,,,,
"Gainesville, FL",764,90495.46,736,95766.93,21,2418.58,,,,,,,,,,,,,1897,,,,
"Blackfoot, ID",438,63686.96,191,29182.99,11,1420.05,,,,,,,,,,,,,1897,,,,
"Boise, ID",180,24055.06,70,10091.77,11,1306.68,,,,,,,,,,,,,1897,,,,
"Coeur d'Alene, ID",170,24333.5,59,8569.95,,,,,,,,,,,,,,,1897,,,,
"Hailey, ID",112,15678.42,52,7667.41,4,400,,,,,,,,,,,,,1897,,,,
"Lewiston, ID",595,83443.67,135,19713.46,3,480,,,,,,,,,,,,,1897,,,,
"Des Moines, IA",12,906.95,19,1569.44,9,502.07,,,,,,,,,,,,,1897,,,,
"Colby, KS",123,17503.7,241,36733.35,1,160,,,,,,,,,,,,,1897,,,,
"Dodge City, KS",58,8674.39,146,22294.81,5,716.4,,,,,,,,,,,,,1897,,,,
"Topeka, KS",131,13151.14,54,6805.85,3,200,,,,,,,,,,,,,1897,,,,
"Wakeeney, KS",139,21295.38,187,29349.73,,,,,,,,,,,,,,,1897,,,,
"Natchitoches, LA",237,27121.75,180,22901.13,5,600.34,,,,,,,,,,,,,1897,,,,
"New Orleans, LA",739,79051.67,1089,138564.54,21,1912.89,,,,,,,,,,,,,1897,,,,
"Grayling, MI",64,5654.29,39,4177.46,9,760.11,,,,,,,,,,,,,1897,,,,
"Marquette, MI",250,27430.45,138,19270.56,57,5872.96,,,,,,,,,,,,,1897,,,,
"Crookston, MN",614,87398.17,303,43396.72,8,799.82,,,,,645,97986.93,,,,,,,1897,,,,
"Duluth, MN",430,58730.56,112,14865.03,10,977.03,,,,,2,287.75,,,,,,,1897,,,,
"Marshall, MN",94,9570.13,103,12137.29,16,1309.86,,,,,,,,,,,,,1897,,,,
"St. Cloud, MN",756,92303.74,263,30420.89,14,1237.31,,,,,,,,,,,,,1897,,,,
"Jackson, MS",1106,111609.19,1502,202058.48,81,10503.2,,,,,,,,,,,,,1897,,,,
"Boonville, MO",592,55982.38,228,23191.83,5,382.61,,,,,,,,,,,,,1897,,,,
"Ironton, MO",439,37543.51,193,20573.49,3,200,,,,,,,,,,,,,1897,,,,
"Springfield, MO",981,102834.16,456,53070.91,9,437.4,,,,,,,,,,,,,1897,,,,
"Bozeman, MT",166,24247.02,90,13661.38,2,320,,,,,,,,,,,,,1897,,,,
"Helena, MT",631,96274.32,245,37728.15,37,5304.2,,,,,,,,,,,,,1897,,,,
"Kalispell, MT",,,,,23,3629.9,,,,,,,,,,,,,1897,,,,
"Lewistown, MT",142,22383.46,71,11235.32,1,160,,,,,,,,,,,,,1897,,,,
"Miles City, MT",115,17811.57,40,6229.26,13,1662.48,,,,,,,,,,,,,1897,,,,
"Missoula, MT",185,26432.47,179,26668.91,15,2079.47,,,,,,,,,,,,,1897,,,,
"Alliance, NE",250,37586.97,304,47651.5,,,,,,,,,,,,,,,1897,,,,
"Broken Bow, NE",121,17711.84,69,10478.33,9,1280,,,,,,,,,,,,,1897,,,,
"Lincoln, NE",38,4169.38,66,9145.24,11,665.08,,,,,,,,,,,,,1897,,,,
"McCook, NE",58,8031.59,162,24620.72,4,550.2,,,,,,,,,,,,,1897,,,,
"North Platte, NE",103,14955.85,156,23682.76,2,315.73,,,,,,,,,,,,,1897,,,,
"O'Neill, NE",75,9915.2,36,5338.97,19,1989.24,,,,,393,58142.87,16,2118.73,,,,,1897,,,,
"Sidney, NE",58,8573.14,97,15280.79,4,496.1,,,,,,,,,,,,,1897,,,,
"Valentine, NE",213,32614.62,110,16895.77,22,2991.27,,,,,,,,,,,,,1897,,,,
"Carson City, NV",5,680,9,1409.92,,,,,,,,,,,,,,,1897,,,,
"Clayton, NM",150,23853.71,109,17264.97,3,433.73,,,,,,,,,,,,,1897,,,,
"Las Cruces, NM",73,9091.46,43,6256.78,6,716.86,,,,,,,,,,,,,1897,,,,
"Roswell, NM",79,12036.12,49,7240.92,9,1258.31,,,,,,,,,,,,,1897,,,,
"Santa Fe, NM",123,17876.31,77,10923.7,1,160,,,,,,,,,,,,,1897,,,,
"Bismarck, ND",595,92494.78,149,23232.58,5,520,,,,,,,,,,,,,1897,,,,
"Devils Lake, ND",1906,297406.37,216,33856.01,17,2337.35,,,,,,,,,,,,,1897,,,,
"Fargo, ND",378,56571.76,236,36804.91,7,989.83,,,,,,,,,,,,,1897,,,,
"Grand Forks, ND",780,117584.51,211,31531.69,30,3759.54,,,,,,,,,,,,,1897,,,,
"Minot, ND",302,46687.68,19,2959.64,3,400,,,,,,,,,,,,,1897,,,,
"Alva, OK",615,92886.88,,,27,3950.54,,,,,,,,,,,,,1897,,,,
"Enid, OK",399,60980.63,,,81,12582.44,,,,,,,,,,,,,1897,,,,
"Guthrie, OK",196,25109.34,594,89782.09,90,12678.03,,,,,,,,,,,,,1897,,,,
"Kingfisher, OK",445,68347.55,477,74284.16,16,2366.29,,,,,,,,,,,,,1897,,,,
"Mangum, OK",100,15959.09,,,,,,,,,,,,,,,,,1897,,,,
"Oklahoma City, OK",796,109446.17,316,46987.28,35,4908.63,,,,,,,,,,,,,1897,,,,
"Perry, OK",490,67908.25,,,33,4339.28,,,,,,,,,,,,,1897,,,,
"Woodward, OK",346,54562.26,83,12996.18,29,4547.45,,,,,,,,,,,,,1897,,,,
"Burns, OR",68,9995.17,43,6594.02,3,320,,,,,,,,,,,,,1897,,,,
"La Grande, OR",218,33229.89,214,33317.11,2,320,,,,,,,,,,,,,1897,,,,
"Lakeview, OR",59,8896.82,43,6736.53,2,241.06,,,,,,,,,,,,,1897,,,,
"Oregon City, OR",196,26877.73,468,68523.56,11,1186.11,,,,,,,,,,,,,1897,,,,
"Roseburg, OR",241,30761.94,273,39443.39,2,320,,,,,,,,,,,,,1897,,,,
"The Dalles, OR",357,54327.38,154,23387.36,8,1000.78,,,,,,,,,,,,,1897,,,,
"Aberdeen, SD",164,25341.91,142,22190.42,1,120,,,,,,,,,,,,,1897,,,,
"Chamberlain, SD",10,1539.18,14,1979.78,6,837.58,,,,,415,62520.06,9,1309.61,,,,,1897,,,,
"Huron, SD",129,19481.84,118,18638.83,6,880,,,,,12,1915.51,,,,,,,1897,,,,
"Mitchell, SD",302,42414.03,116,16927.32,6,706.77,,,,,,,,,,,,,1897,,,,
"Pierre, SD",18,2472.2,15,2399.91,,,,,,,39,6061.55,,,,,,,1897,,,,
"Rapid City, SD",236,36693.18,131,20356.57,5,792.61,,,,,43,6508.25,2,312.61,,,,,1897,,,,
"Watertown, SD",449,62058.29,173,25306.85,17,2317.07,,,,,,,,,,,,,1897,,,,
"Salt Lake City, UT",528,77328.31,252,35402.87,13,1393.71,,,,,,,,,,,,,1897,,,,
"North Yakima, WA",53,7155.8,76,11265.6,12,1888.4,,,,,,,,,,,,,1897,,,,
"Olympia, WA",243,33886.66,342,46872.37,16,2033.55,,,,,,,,,,,,,1897,,,,
"Seattle, WA",262,36603.75,423,59739.99,3,160,,,,,,,,,,,,,1897,,,,
"Spokane, WA",278,40853.62,369,55437.13,4,480,,,,,,,,,,,,,1897,,,,
"Vancouver, WA",312,42910.65,310,43698.55,3,398.09,,,,,,,,,,,,,1897,,,,
"Walla Walla, WA",154,21964.62,131,19734.2,2,320,,,,,,,,,,,,,1897,,,,
"Waterville, WA",188,28709.34,124,19327.97,,,,,,,,,,,,,,,1897,,,,
"Ashland, WI",142,17326.1,123,16595.89,11,1169.2,,,,,,,,,,,,,1897,,,,
"Eau Claire, WI",508,52900.59,127,10817.98,9,680,,,,,,,,,,,,,1897,,,,
"Wausau, WI",508,47278.8,113,11469.64,41,3154.99,,,,,,,,,,,,,1897,,,,
"Buffalo, WY",80,12068.93,29,4278.52,4,640,,,,,,,,,,,,,1897,,,,
"Cheyenne, WY",105,16115.37,58,9054.48,3,477.65,,,,,,,,,,,,,1897,,,,
"Douglas, WY",64,9878.54,37,5784.54,9,1265.61,,,,,,,,,,,,,1897,,,,
"Evanston, WY",69,10885.1,95,14910.77,6,680,,,,,,,,,,,,,1897,,,,
"Lander, WY",58,8897.27,11,1759.32,,,,,,,,,,,,,,,1897,,,,
"Sundance, WY",85,13313.69,30,4298.72,1,159.61,,,,,,,,,,,,,1897,,,,
Illinois (GLO),2,80,,,,,,,,,,,,,,,,,1897,,,,
Indiana (GLO,,,2,74.6,,,,,,,,,,,,,,,1897,,,,
Ohio (GLO),,,,,,,,,,,,,,,,,,,1897,,,,
"Huntsville, AL",530,56870.89,524,59838.09,4,240.71,,,,,,,,,,,,,1898,,,,
"Montgomery, AL",798,83677.5,626,65011.9,23,2160.79,,,,,,,,,,,,,1898,,,,
"Sitka, AK",,,,,,,,,,,,,,,,,,,1898,,,,
"Prescott, AZ",142,20890.09,41,6100.32,18,2592.21,,,,,,,,,,,,,1898,,,,
"Tucson, AZ",141,19284.14,76,9941.35,20,1197.02,,,,,,,,,,,,,1898,,,,
"Camden, AR",960,107368.3,438,51413.06,19,2436.36,,,,,,,,,,,,,1898,,,,
"Dardanelle, AR",132,13746.21,133,16372.93,1,80,,,,,,,,,,,,,1898,,,,
"Harrison, AR",1061,123057.34,602,73775.89,7,438.66,,,,,,,,,,,,,1898,,,,
"Little Rock, AR",519,54057.41,255,27913.85,12,1409.58,,,,,,,,,,,,,1898,,,,
"Humboldt, CA",87,11688.37,69,10348.21,5,680,,,,,3,258.09,,,,,,,1898,,,,
"Independence, CA",25,3395.06,29,4239.9,3,400,,,,,,,,,,,,,1898,,,,
"Los Angeles, CA",232,30885.13,264,36935.98,16,1969.51,,,,,,,,,,,,,1898,,,,
"Marysville, CA",50,6424.2,61,8040.39,2,175.48,,,,,,,,,,,,,1898,,,,
"Redding, CA",109,14603.89,111,16340.72,1,160,,,,,,,,,,,,,1898,,,,
"Sacramento, CA",101,14662.02,84,11178.03,2,240,,,,,,,,,,,,,1898,,,,
"San Francisco, CA",517,75448.62,558,83509.47,31,3601.77,,,,,,,,,,,,,1898,,,,
"Stockton, CA",121,17637.98,91,13796.37,6,880,,,,,,,,,,,,,1898,,,,
"Susanville, CA",78,11500.36,70,10468.92,1,40,,,,,,,,,,,,,1898,,,,
"Visalia, CA",120,17799.28,211,30835.8,8,924.59,,,,,,,,,,,,,1898,,,,
"Akron, CO",60,9189.3,92,14398.8,,,,,,,,,,,,,,,1898,,,,
"Del Norte, CO",74,10857.22,37,5514.73,8,1601.13,,,,,,,,,,,,,1898,,,,
"Denver, CO",495,73383.51,170,25959.73,13,2318.49,,,,,,,,,,,,,1898,,,,
"Durango, CO",74,10798.44,55,8327.51,,,,,,,,,,,,,,,1898,,,,
"Glenwood Springs, CO",54,7568.13,34,5372.47,10,1475.88,,,,,,,,,,,,,1898,,,,
"Gunnison, CO",14,1437,5,800,2,200,,,,,,,,,,,,,1898,,,,
"Hugo, CO",19,2878.81,14,2199.33,1,80.43,,,,,,,,,,,,,1898,,,,
"Lamar, CO",66,10131.88,40,5981.94,12,1953.55,,,,,,,,,,,,,1898,,,,
"Leadville, CO",24,3600,18,2640,,,,,,,,,,,,,,,1898,,,,
"Montrose, CO",33,4959.7,13,2000.82,,,,,,,,,,,,,,,1898,,,,
"Pueblo, CO",317,47856.81,179,27235.38,18,3280.5,,,,,,,,,,,,,1898,,,,
"Sterling, CO",68,10151.33,67,10456.66,3,400,,,,,,,,,,,,,1898,,,,
"Gainesville, FL",801,92046.12,602,77528.6,13,1195.69,,,,,,,,,,,,,1898,,,,
"Blackfoot, ID",446,66381.48,245,36241.4,5,680,,,,,,,,,,,,,1898,,,,
"Boise, ID",228,31832.02,121,17425.43,2,315,,,,,,,,,,,,,1898,,,,
"Coeur d'Alene, ID",270,36822.67,81,11406.56,2,101.32,,,,,,,,,,,,,1898,,,,
"Hailey, ID",150,20866.24,54,7879.98,4,471.64,,,,,,,,,,,,,1898,,,,
"Lewiston, ID",650,90482.03,155,22599.84,4,341.6,,,,,,,,,,,,,1898,,,,
"Des Moines, IA",6,400,15,1049.27,4,331.1,,,,,,,,,,,,,1898,,,,
"Colby, KS",165,22873.88,287,43976.56,6,680,,,,,,,,,,,,,1898,,,,
"Dodge City, KS",160,24178.58,196,30380.45,2,178.72,,,,,,,,,,,,,1898,,,,
"Topeka, KS",45,4884.16,51,6376.35,1,160,,,,,,,,,,,,,1898,,,,
"Wakeeney, KS",188,28630.98,292,45220.6,1,160,,,,,,,,,,,,,1898,,,,
"Natchitoches, LA",441,48240.09,224,27144.33,25,3466.51,,,,,,,,,,,,,1898,,,,
"New Orleans, LA",913,99482.5,632,78745.55,10,1275.52,,,,,,,,,,,,,1898,,,,
"Grayling, MI",65,5777.66,27,2908.48,5,360,,,,,,,,,,,,,1898,,,,
"Marquette, MI",243,25557.88,198,26429.23,46,5052.81,,,,,,,,,,,,,1898,,,,
"Crookston, MN",830,114224.43,408,61482.39,25,3539.46,,,,,545,79946.8,,,,,,,1898,,,,
"Duluth, MN",497,66251.28,349,48562.58,33,4298.65,,,,,,,,,,,,,1898,,,,
"Marshall, MN",58,5826.8,117,12983.91,22,1561.71,,,,,,,,,,,,,1898,,,,
"St. Cloud, MN",762,89190.22,450,56625.67,28,3150.18,,,,,,,,,,,,,1898,,,,
"Jackson, MS",1366,135814.25,1052,126712.51,62,8593.21,,,,,,,,,,,,,1898,,,,
"Boonville, MO",322,28006.94,216,21852.15,2,120,,,,,,,,,,,,,1898,,,,
"Ironton, MO",395,32824.52,339,34471.88,2,63.18,,,,,,,,,,,,,1898,,,,
"Springfield, MO",874,85521.95,431,50036.02,6,480,,,,,,,,,,,,,1898,,,,
"Bozeman, MT",259,36456.19,119,17958.72,4,200,,,,,,,,,,,,,1898,,,,
"Helena, MT",667,101742.75,380,58312.26,53,7505.58,,,,,,,,,,,,,1898,,,,
"Kalispell, MT",98,13185.44,113,16092.39,5,593.46,,,,,,,,,,,,,1898,,,,
"Lewistown, MT",293,45751.07,141,22054.14,49,7545.17,,,,,,,,,,,,,1898,,,,
"Miles City, MT",85,13221.21,53,7999.41,2,314.29,,,,,,,,,,,,,1898,,,,
"Missoula, MT",100,13184.49,69,10219.91,8,1274.38,,,,,,,,,,,,,1898,,,,
"Alliance, NE",339,51144.88,262,41221.31,23,3185.32,,,,,,,,,,,,,1898,,,,
"Broken Bow, NE",203,30598.38,84,12544.86,11,1750.86,,,,,,,,,,,,,1898,,,,
"Lincoln, NE",57,6597.95,86,11220.03,6,359.6,,,,,,,,,,,,,1898,,,,
"McCook, NE",102,13678.19,198,29841.94,4,560,,,,,,,,,,,,,1898,,,,
"North Platte, NE",255,36562.29,233,35460.22,1,40,,,,,,,,,,,,,1898,,,,
"O'Neill, NE",326,46509.86,93,12282.1,13,1754.15,,,,,229,31978.41,8,1173.4,17,2495.11,,,1898,,,,
"Sidney, NE",74,10356.96,125,19554.63,2,54.7,,,,,,,,,,,,,1898,,,,
"Valentine, NE",297,44298.53,124,19121.73,35,5279.32,,,,,,,,,,,,,1898,,,,
"Carson City, NV",10,1512.2,9,1409.04,,,,,,,,,,,,,,,1898,,,,
"Clayton, NM",287,45181.62,155,24457.7,2,240,,,,,,,,,,,,,1898,,,,
"Las Cruces, NM",104,13693.62,66,9103.48,2,320,,,,,,,,,,,,,1898,,,,
"Roswell, NM",77,11462.81,39,6264.29,4,600,,,,,,,,,,,,,1898,,,,
"Santa Fe, NM",278,41802.75,111,16448.45,9,1078.25,,,,,,,,,,,,,1898,,,,
"Bismarck, ND",1148,179817.94,347,54464.44,13,1808.69,,,,,,,,,,,,,1898,,,,
"Devils Lake, ND",3368,521680.6,522,81045.85,79,11640,,,,,,,,,,,,,1898,,,,
"Fargo, ND",617,91158.36,458,70900.21,13,1564.17,,,,,,,,,,,,,1898,,,,
"Grand Forks, ND",1434,218481.49,262,38045.68,60,8314.51,,,,,,,,,,,,,1898,,,,
"Minot, ND",791,125249.48,20,3178.19,2,320,,,,,,,,,,,,,1898,,,,
"Alva, OK",856,130836.21,,,,,,,,,,,,,,,,,1898,,,,
"Enid, OK",540,81440.18,,,,,,,,,,,,,,,,,1898,,,,
"Guthrie, OK",155,17336.27,409,56162.79,1,76.8,,,,,,,,,,,,,1898,,,,
"Kingfisher, OK",945,145956.4,314,47296.46,47,6942.05,,,,,,,,,,,,,1898,,,,
"Mangum, OK",3011,477552.06,304,48262.81,,,,,,,,,,,,,,,1898,,,,
"Oklahoma City, OK",1824,267212.7,278,44425.24,,,,,,,,,,,,,,,1898,,,,
"Perry, OK",628,85152.33,,,77,10502.22,,,,,,,,,,,,,1898,,,,
"Woodward, OK",567,88467.53,77,12289.78,,,,,,,,,,,,,,,1898,,,,
"Burns, OR",138,19709.77,66,9865.89,8,900.07,,,,,,,,,,,,,1898,,,,
"La Grande, OR",368,54678.9,283,43577.27,12,1714.31,,,,,,,,,,,,,1898,,,,
"Lakeview, OR",72,10732.46,62,9750.8,3,313.8,,,,,,,,,,,,,1898,,,,
"Oregon City, OR",133,17576.02,434,62421.14,8,1160,,,,,,,,,,,,,1898,,,,
"Roseburg, OR",215,28130.58,266,36937.09,6,550.24,,,,,,,,,,,,,1898,,,,
"The Dalles, OR",512,79007.33,316,48845.91,26,3688.62,,,,,,,,,,,,,1898,,,,
"Aberdeen, SD",359,54836.66,229,36104.86,5,560,,,,,,,,,,,,,1898,,,,
"Chamberlain, SD",199,30103.35,30,4757.01,13,1851.5,,,,,162,23938.07,22,3156.1,,,,,1898,,,,
"Huron, SD",213,32425.85,158,24517.2,3,400,,,,,7,1117.85,2,320,,,,,1898,,,,
"Mitchell, SD",294,39165.89,163,24261.63,4,437.02,,,,,,,,,,,,,1898,,,,
"Pierre, SD",36,5314.9,29,4631.51,,,,,,,44,6647.11,,,,,,,1898,,,,
"Rapid City, SD",251,38130.61,117,18223.15,5,787.85,,,,,55,8773.52,,,1,165.45,,,1898,,,,
"Watertown, SD",487,69858.06,202,29903.48,34,4664.15,,,,,,,,,,,,,1898,,,,
"Salt Lake City, UT",565,80212.04,332,50604.6,4,280,,,,,,,,,,,,,1898,,,,
"North Yakima, WA",78,11047.82,65,9138.02,,,,,,,,,,,,,,,1898,,,,
"Olympia, WA",97,13248.83,299,40409.02,10,1385.54,,,,,,,,,,,,,1898,,,,
"Seattle, WA",191,26974.96,454,63115.57,16,2196.32,,,,,,,,,,,,,1898,,,,
"Spokane, WA",426,60699.15,448,67002.84,10,1272.63,,,,,,,,,,,,,1898,,,,
"Vancouver, WA",242,35865.45,367,53293.58,2,200,,,,,,,,,,,,,1898,,,,
"Walla Walla, WA",249,35962.05,150,22595.16,14,1573.45,,,,,,,,,,,,,1898,,,,
"Waterville, WA",244,36890.91,155,24032.26,6,787.31,,,,,,,,,,,,,1898,,,,
"Ashland, WI",128,15399.41,123,15681.68,25,2275.15,,,,,,,,,,,,,1898,,,,
"Eau Claire, WI",399,37178.46,114,10806.42,7,476,,,,,,,,,,,,,1898,,,,
"Wausau, WI",450,42488.01,98,9110.51,60,4402.47,,,,,,,,,,,,,1898,,,,
"Buffalo, WY",96,15116.17,74,11629.79,10,1400,,,,,,,,,,,,,1898,,,,
"Cheyenne, WY",165,25201.74,66,9999.88,3,360,,,,,,,,,,,,,1898,,,,
"Douglas, WY",135,20652.79,42,6289.13,2,240.52,,,,,,,,,,,,,1898,,,,
"Evanston, WY",204,31764.98,87,13605.11,1,160,,,,,,,,,,,,,1898,,,,
"Lander, WY",84,12967.63,15,2374.51,3,360,,,,,,,,,,,,,1898,,,,
"Sundance, WY",210,33222.9,56,8900.67,9,1349.14,,,,,,,,,,,,,1898,,,,
Illinois (GLO),1,40,,,,,,,,,,,,,,,,,1898,,,,
Indiana (GLO,2,45.71,1,5.71,,,,,,,,,,,,,,,1898,,,,
Ohio (GLO),1,40,,,,,,,,,,,,,,,,,1898,,,,
"Huntsville, AL",668,69404.07,491,54742.31,6,484.9,,,,,,,,,,,,,1899,,,,
"Montgomery, AL",678,65364.5,675,74291.12,51,5296.17,1,80.9,,,,,,,,,,,1899,,,,
"Sitka, AK",,,,,,,,,,,,,,,,,,,1899,,,,
"Prescott, AZ",71,10138.72,42,5979.83,13,1541.03,,,,,,,,,,,,,1899,,,,
"Tucson, AZ",240,31712.41,73,9205.67,10,1131.81,,,,,,,,,,,,,1899,,,,
"Camden, AR",1136,131755.28,377,41309.13,22,2826.73,,,,,,,,,,,,,1899,,,,
"Dardanelle, AR",349,37571.21,140,16612.19,1,50.06,,,,,,,,,,,,,1899,,,,
"Harrison, AR",1052,126146.47,681,84607.35,13,1303.13,,,,,,,,,,,,,1899,,,,
"Little Rock, AR",643,64766.35,360,41428.37,5,240,,,,,,,,,,,,,1899,,,,
"Eureka, CA",93,13792.93,58,8826.2,3,479.48,,,,,1,160,,,6,399.37,,,1899,,,,
"Independence, CA",41,5897.41,27,3933.16,,,,,,,,,,,,,,,1899,,,,
"Los Angeles, CA",445,62234.9,245,34809.42,12,1600.95,,,,,,,,,,,,,1899,,,,
"Marysville, CA",44,"5729,66",58,7782.93,,,,,,,,,,,,,,,1899,,,,
"Redding, CA",111,15125.77,107,14807.1,2,198.96,,,,,,,,,,,,,1899,,,,
"Sacramento, CA",91,12366.09,61,8249.58,7,1039.13,,,,,,,,,,,,,1899,,,,
"San Francisco, CA",332,4793.53,345,51925.79,17,2451.05,1,81.73,,,,,,,,,,,1899,,,,
"Stockton, CA",137,20006.62,98,14447.65,7,705.94,,,,,,,,,,,,,1899,,,,
"Susanville, CA",105,15544.22,62,9065.67,1,80,,,,,,,,,,,,,1899,,,,
"Visalia, CA",124,19027.13,137,21105.35,4,640,,,,,,,,,,,,,1899,,,,
"Akron, CO",91,13769.22,177,27889.39,,,,,,,,,,,,,,,1899,,,,
"Del Norte, CO",69,399.6,35,5206.52,4,440,,,,,,,,,,,,,1899,,,,
"Denver, CO",431,63652.41,166,25038.17,11,1440,,,,,,,,,,,,,1899,,,,
"Durango, CO",138,21239.13,33,5091.93,3,479.99,,,,,78,9029.62,,,,,,,1899,,,,
"Glenwood Springs, CO",69,9941.28,31,4874.69,,,,,,,,,,,,,,,1899,,,,
"Gunnison, CO",11,1560,2,320,,,,,,,,,,,,,,,1899,,,,
"Hugo, CO",36,5665.98,44,6995.54,,,,,,,,,,,,,,,1899,,,,
"Lamar, CO",100,15326.77,57,8778.33,7,1119.9,,,,,,,,,,,,,1899,,,,
"Leadville, CO",32,4580.24,20,2793,2,320,,,,,,,,,,,,,1899,,,,
"Montrose, CO",59,8913.11,22,3260,1,151.29,,,,,,,,,,,,,1899,,,,
"Pueblo, CO",379,55541.19,239,36425.17,15,1918.42,,,,,,,,,,,,,1899,,,,
"Sterling, CO",100,15046.95,75,11678.81,2,240,,,,,,,,,,,,,1899,,,,
"Gainesville, FL",644,71540.42,677,83052.29,8,596.5,,,,,,,,,,,,,1899,,,,
"Blackfoot, ID",738,109813.54,295,43386.23,15,2064.3,,,,,,,,,,,,,1899,,,,
"Boise, ID",206,28435.88,137,19181.1,11,1026.03,,,,,,,,,,,,,1899,,,,
"Coeur d'Alene, ID",267,36823.91,75,10340.12,3,399.99,,,,,,,,,,,,,1899,,,,
"Hailey, ID",92,12095.55,70,9830.9,3,31742,,,,,,,,,,,,,1899,,,,
"Lewiston, ID",1117,153142.34,152,22410.81,19,2548.45,,,,,,,,,,,,,1899,,,,
"Des Moines, IA",18,1549.91,13,1261.55,2,80,,,,,,,,,,,,,1899,,,,
"Colby, KS",196,27006.48,321,47276.63,4,440,,,,,,,,,,,,,1899,,,,
"Dodge City, KS",100,14178.97,208,32325.81,3,480,,,,,,,,,,,,,1899,,,,
"Topeka, KS",24,1515.26,45,5181.12,1,40,,,,,,,,,,,,,1899,,,,
"Wakeeney, KS",172,24841.86,288,45501.44,2,160,,,,,,,,,,,,,1899,,,,
"Natchitoches, LA",601,69318.66,312,35385.4,30,4104.41,,,,,,,,,,,,,1899,,,,
"New Orleans, LA",1040,109819.27,578,71145.52,16,1455.84,,,,,,,,,,,,,1899,,,,
"Marquette, MI",445,50575.39,216,28534.25,57,6244.51,,,,,,,,,,,,,1899,,,,
"Crookston, MN",1430,197936.73,364,50487.08,20,2965.75,,,,,,,,,,,,,1899,,,,
"Duluth, MN",502,66749.95,343,46016.47,85,10935.23,,,,,,,,,,,,,1899,,,,
"Marshall, MN",68,7515.01,131,15658.58,8,438.87,,,,,,,,,,,,,1899,,,,
"St. Cloud, MN",673,67513.26,372,43491.72,17,1850.59,,,,,,,,,,,,,1899,,,,
"Jackson, MS",1154,108841.19,1011,116707.23,68,8461.96,,,,,,,,,,,,,1899,,,,
"Boonville, MO",227,19357.1,190,19323.67,4,160,,,,,,,,,,,,,1899,,,,
"Ironton, MO",268,22179.09,260,24519.52,4,308.96,,,,,,,,,,,,,1899,,,,
"Springfield, MO",525,54849.27,531,60171.5,,,,,,,,,,,,,,,1899,,,,
"Bozeman, MT",251,36394.75,107,16152,3,310.52,,,,,,,,,,,,,1899,,,,
"Helena, MT",825,120990.11,440,61113.99,47,6957.61,,,,,,,,,,,,,1899,,,,
"Kalispell, MT",116,15581.91,86,12226.31,6,604.6,,,,,,,,,,,,,1899,,,,
"Lewistown, MT",230,34142.33,127,18140.83,48,7258.47,,,,,,,,,,,,,1899,,,,
"Miles City, MT",131,19297.99,71,11036.4,2,320,,,,,,,,,,,,,1899,,,,
"Missoula, MT",99,14105.11,75,11148.6,14,1955.81,,,,,,,,,,,,,1899,,,,
"Alliance, NE",599,91419.22,240,37157.81,27,3683.45,,,,,,,,,,,,,1899,,,,
"Broken Bow, NE",266,38211.18,87,13371.48,18,2823.79,,,,,,,,,,,,,1899,,,,
"Lincoln, NE",64,6902.96,78,10602.42,7,723.2,,,,,,,,,,,,,1899,,,,
"McCook, NE",102,13808.78,182,27016.83,7,880,,,,,,,,,,,,,1899,,,,
"North Platte, NE",259,37327.6,211,31490.98,2,105.23,,,,,,,,,,,,,1899,,,,
"O'Neill, NE",361,49667.35,81,11395.05,11,1099.9,,,,,209,26589.33,4,514.4,104,15250.02,,,1899,,,,
"Sidney, NE",137,19925.56,110,17044.26,3,400,,,,,,,,,,,,,1899,,,,
"Valentine, NE",455,67597.75,96,14763.78,52,7694.34,,,,,,,,,,,,,1899,,,,
"Carson City, NV",3,480,9,1367.23,1,40,,,,,,,,,,,,,1899,,,,
"Clayton, NM",259,40200.25,87,13799.38,5,682.71,,,,,,,,,,,,,1899,,,,
"Las Cruces, NM",278,36166.69,136,15858.1,4,358.67,,,,,,,,,,,,,1899,,,,
"Roswell, NM",233,36298.08,49,7328.4,3,440,,,,,,,,,,,,,1899,,,,
"Santa Fe, NM",261,38973.5,102,15062.13,9,1361.37,,,,,,,,,,,,,1899,,,,
"Bismarck, ND",1099,169785.91,246,38076.89,21,2657.01,,,,,,,,,,,,,1899,,,,
"Devils Lake, ND",3109,468962.33,763,119650.11,182,26866.92,,,,,,,,,,,,,1899,,,,
"Fargo, ND",705,5041.73,513,80204.33,16,1956.49,,,,,,,,,,,,,1899,,,,
"Grand Forks, ND",832,122035.44,369,54739.96,76,10996.71,,,,,,,,,,,,,1899,,,,
"Minot, ND",607,95157.12,38,5973.4,4,400,,,,,,,,,,,,,1899,,,,
"Alva, OK",1017,153728.28,40,6473.6,144,21608.88,,,,,,,,,,,,,1899,,,,
"Enid, OK",343,50251.38,69,10813.66,469,72462.81,,,,,,,,,,,,,1899,,,,
"Guthrie, OK",133,14991.08,391,55578.97,4,466.91,,,,,,,,,,,,,1899,,,,
"Kingfisher, OK",1924,223519.84,267,39630.04,53,8003.82,,,,,,,,,,,,,1899,,,,
"Mangum, OK",939,147482.87,201,32038.79,13,2076.72,,,,,,,,,,,,,1899,,,,
"Oklahoma City, OK",2187,316310.38,471,66501.73,8,949.73,,,,,,,161,21191.32,228,31837.58,,,1899,,,,
"Perry, OK",469,62786.94,39,5837.36,383,54796.6,,,,,,,,,,,,,1899,,,,
"Woodward, OK",737,115686.74,133,21064.68,102,15947.39,,,,,,,,,,,,,1899,,,,
"Burns, OR",92,13573.3,64,9473.64,2,320,,,,,,,,,,,,,1899,,,,
"La Grande, OR",564,84814.05,250,37628.54,17,2531.01,,,,,,,,,,,,,1899,,,,
"Lakeview, OR",77,11491.93,61,9580.68,4,548.38,,,,,,,,,,,,,1899,,,,
"Oregon City, OR",203,27546.82,310,44486.86,6,8809,,,,,,,,,,,,,1899,,,,
"Roseburg, OR",255,34106.64,271,37886.91,2,78.5,,,,,,,,,,,,,1899,,,,
"The Dalles, OR",810,124119.29,261,40754.79,22,3117.18,,,,,,,,,,,,,1899,,,,
"Aberdeen, SD",379,58152.41,263,41798.48,8,916.78,,,,,,,,,,,,,1899,,,,
"Chamberlain, SD",93,14190.18,27,4096.21,15,1433.79,,,,,197,29505.87,12,1598.34,35,5260.73,,,1899,,,,
"Huron, SD",220,32502.44,200,31788.15,2,308.29,,,,,25,3464.95,,,2,320,,,1899,,,,
"Mitchell, SD",280,35219.52,183,26594.45,28,3609.61,,,,,,,,,,,,,1899,,,,
"Pierre, SD",85,13012.62,47,7383.99,,,,,,,,,,,2,320,,,1899,,,,
"Rapid City, SD",197,30139.4,138,22187.46,17,2680.95,,,,,56,8807.9,,,5,793.7,,,1899,,,,
"Watertown, SD",466,61744.36,430,62599.23,19,2559.66,,,,,,,33,4389.35,86,13003.29,,,1899,,,,
"Salt Lake City, UT",653,95174.58,356,51586.92,3,364.22,,,,,,,,,,,,,1899,,,,
"North Yakima, WA",103,13912.58,62,9201.33,,,,,,,,,,,,,,,1899,,,,
"Olympia, WA",116,15786.73,199,27933.05,6,720.15,,,,,,,,,,,,,1899,,,,
"Seattle, WA",137,18634.57,300,41277.66,21,2945.91,,,,,,,,,,,,,1899,,,,
"Spokane, WA",595,86907.19,390,57105.67,13,1693.48,,,,,,,,,,,,,1899,,,,
"Vancouver, WA",240,34516.95,344,48828.63,8,1000,,,,,,,,,,,,,1899,,,,
"Walla Walla, WA",388,57816.46,129,19022.09,12,1520,,,,,,,,,,,,,1899,,,,
"Waterville, WA",239,35104.73,180,27907.24,6,776.7,,,,,,,,,,,,,1899,,,,
"Ashland, WI",94,10672.26,120,16186.16,13,1200,,,,,,,,,,,,,1899,,,,
"Eau Claire, WI",268,24443.65,124,10574.49,7,560,,,,,,,,,,,,,1899,,,,
"Wausau, WI",329,28358.99,148,16501.26,53,4573.43,,,,,,,,,,,,,1899,,,,
"Buffalo, WY",155,23830.29,59,9230.71,5,640,,,,,,,,,,,,,1899,,,,
"Cheyenne, WY",197,30177.85,56,8296.05,7,947.68,,,,,,,,,,,,,1899,,,,
"Douglas, WY",160,24673.48,36,5760,14,1961.75,,,,,,,,,,,,,1899,,,,
"Evanston, WY",154,23216.14,97,14711.27,6,835.63,,,,,,,,,,,,,1899,,,,
"Lander, WY",95,13138.01,60,7625.54,1,160,,,,,,,,,,,,,1899,,,,
"Sundance, WY",154,24071.04,55,8789.45,5,795.56,,,,,,,,,,,,,1899,,,,
Illinois (GLO),,,,,,,,,,,,,,,,,,,1899,,,,
Indiana (GLO,,,,,,,,,,,,,,,,,,,1899,,,,
Ohio (GLO),,,,,,,,,,,,,,,,,,,1899,,,,
"Huntsville, AL",664,63891.95,352,38482.32,11,1035.35,,,,,,,,,,,,,1900,,,,
"Montgomery, AL",817,76731.56,675,71017.22,40,4523.27,,,,,,,,,,,,,1900,,,,
"Sitka, AK",8,155.22,8,155.22,,,,,,,,,,,,,,,1900,,,,
"Prescott, AZ",33,4502.47,57,8630.92,25,3429.25,,,,,,,,,,,,,1900,,,,
"Tucson, AZ",199,26898.8,60,8189.35,9,1440,,,,,,,,,,,,,1900,,,,
"Camden, AR",1427,169013.74,498,59131.49,47,6111.09,,,,,,,,,,,,,1900,,,,
"Dardanelle, AR",397,45015.22,148,17028.25,6,701.32,,,,,,,,,,,,,1900,,,,
"Harrison, AR",1345,159272.65,948,120395.62,55,6813.85,,,,,,,,,,,,,1900,,,,
"Little Rock, AR",730,73216.92,476,52668.23,5,353.94,,,,,,,,,,,,,1900,,,,
"Eureka, CA",149,21823.96,82,11544.71,9,1394.3,,,,,1,128.6,,,2,209.94,,,1900,,,,
"Independence, CA",21,3000,24,3598.55,2,240,,,,,,,,,,,,,1900,,,,
"Los Angeles, CA",232,33447.81,213,29978.56,27,3520.15,,,,,,,,,,,,,1900,,,,
"Marysville, CA",76,10422.33,73,9965.72,2,266.97,,,,,,,,,,,,,1900,,,,
"Redding, CA",117,16222.3,97,13917.47,3,360,,,,,,,,,,,,,1900,,,,
"Sacramento, CA",118,17420.17,87,12046.03,4,480.32,,,,,,,,,,,,,1900,,,,
"San Francisco, CA",352,50366.61,372,55596.6,18,2689.88,,,,,,,,,,,,,1900,,,,
"Stockton, CA",155,22758.59,120,17203.01,4,480,,,,,,,,,,,,,1900,,,,
"Susanville, CA",120,17507.37,58,8374.41,2,200,,,,,,,,,,,,,1900,,,,
"Visalia, CA",465,71438.72,152,23162.85,6,670.7,,,,,,,,,,,,,1900,,,,
"Akron, CO",92,13540.44,107,16567.36,,,,,,,,,,,,,,,1900,,,,
"Del Norte, CO",101,14492.25,29,4069.55,4,640,,,,,,,,,,,,,1900,,,,
"Denver, CO",424,63469.44,294,43441.4,21,3133.25,,,,,,,,,,,,,1900,,,,
"Durango, CO",196,29409.48,49,7251.08,8,1200,,,,,55,6697.11,,,,,,,1900,,,,
"Glenwood Springs, CO",107,16396.75,44,6925.69,1,160,,,,,,,,,,,,,1900,,,,
"Gunnison, CO",19,2639.15,12,1640,3,240,,,,,,,,,,,,,1900,,,,
"Hugo, CO",47,7265.66,43,6582.97,,,,,,,,,,,,,,,1900,,,,
"Lamar, CO",139,21408.4,57,8546.23,10,1599.94,,,,,,,,,,,,,1900,,,,
"Leadville, CO",19,2720,16,2327.14,,,,,,,,,,,,,,,1900,,,,
"Montrose, CO",114,17761.41,16,2559.93,1,160,,,,,,,,,,,,,1900,,,,
"Pueblo, CO",643,98880,288,44733.15,12,1679.62,,,,,,,,,,,,,1900,,,,
"Sterling, CO",119,18104.35,68,10623.33,5,569.08,,,,,,,,,,,,,1900,,,,
"Gainesville, FL",1076,127563.04,729,89852,18,2210.07,,,,,,,,,,,,,1900,,,,
"Blackfoot, ID",548,77687.25,333,49407.35,8,1041.12,,,,,,,,,,,,,1900,,,,
"Boise, ID",402,56081.26,110,15415.82,9,1007.65,,,,,,,,,,,,,1900,,,,
"Coeur d'Alene, ID",363,50181.44,85,12190.16,12,1551.01,,,,,,,,,,,,,1900,,,,
"Hailey, ID",136,19781.84,70,10562.27,4,520,,,,,,,,,,,,,1900,,,,
"Lewiston, ID",728,92666.92,143,20498.71,32,4158.09,,,,,,,,,,,,,1900,,,,
"Des Moines, IA",15,1774.7,14,1455.74,4,280,,,,,,,,,,,,,1900,,,,
"Colby, KS",187,23671.68,416,63199.6,3,400,,,,,,,,,,,,,1900,,,,
"Dodge City, KS",207,30982.42,200,30951.51,5,496,,,,,,,,,,,,,1900,,,,
"Topeka, KS",39,3431.71,39,4692.69,3,163.9,,,,,,,,,,,,,1900,,,,
"Wakeeney, KS",316,45818.47,373,58135.88,2,240,,,,,,,,,,,,,1900,,,,
"Natchitoches, LA",630,66190.17,251,29992.96,76,10507.72,,,,,,,,,,,,,1900,,,,
"New Orleans, LA",1365,142087.63,685,83829.09,30,3545.89,,,,,,,,,,,,,1900,,,,
"Marquette, MI",485,53594.67,215,26101.4,70,7530.02,,,,,,,,,,,,,1900,,,,
"Crookston, MN",1261,174727.16,525,76618.01,40,5241.93,,,,,639,90289.53,,,2,320,,,1900,,,,
"Duluth, MN",924,120810.38,472,56986.24,196,28485.84,,,,,7,931.02,,,,,,,1900,,,,
"Marshall, MN",125,16808.89,129,16024.67,10,388.26,,,,,,,,,,,,,1900,,,,
"St. Cloud, MN",716,73956.43,430,49277.65,39,2911.87,,,,,,,,,,,,,1900,,,,
"Jackson, MS",1368,123604.06,662,75275.72,165,19625.95,,,,,,,,,,,,,1900,,,,
"Boonville, MO",287,25668.75,286,29474.69,4,160,,,,,,,,,,,,,1900,,,,
"Ironton, MO",299,22513.4,348,34702.99,9,642.13,,,,,,,,,,,,,1900,,,,
"Springfield, MO",648,71568.73,624,73165.58,1,40,,,,,,,,,,,,,1900,,,,
"Bozeman, MT",418,61216.01,116,16894.79,3,240.54,,,,,,,,,,,,,1900,,,,
"Helena, MT",1077,158293.49,459,62513.17,96,14854.16,,,,,,,,,,,,,1900,,,,
"Kalispell, MT",150,21096.12,85,11721.16,15,1835.68,,,,,,,,,,,,,1900,,,,
"Lewistown, MT",307,45818.35,113,15629.34,78,12251.02,,,,,,,,,,,,,1900,,,,
"Miles City, MT",177,27479.41,43,6708.78,4,584.07,,,,,,,,,,,,,1900,,,,
"Missoula, MT",101,14534.34,89,12673.99,14,1692.33,,,,,,,,,,,,,1900,,,,
"Alliance, NE",822,125316.38,273,41567.37,65,9222.3,,,,,,,,,,,,,1900,,,,
"Broken Bow, NE",300,44841.8,104,15482.88,52,7573.79,,,,,,,,,,,,,1900,,,,
"Lincoln, NE",65,7504.56,64,8350.22,7,559.5,,,,,,,,,,,,,1900,,,,
"McCook, NE",132,18531.83,164,24365.95,4,441.51,,,,,,,,,,,,,1900,,,,
"North Platte, NE",360,53169.04,150,22977.75,3,234.6,,,,,,,,,,,,,1900,,,,
"O'Neill, NE",552,75317.76,72,10070.2,13,1879.2,,,,,148,17935.86,,,152,23057.48,,,1900,,,,
"Sidney, NE",201,30157.99,142,21996.84,6,661.64,,,,,,,,,,,,,1900,,,,
"Valentine, NE",561,84079.98,157,23741.44,88,13328.98,,,,,,,,,,,,,1900,,,,
"Carson City, NV",19,2959.82,8,987.08,,,,,,,,,,,,,,,1900,,,,
"Clayton, NM",588,92011.88,81,12927.63,16,1756.77,,,,,,,,,,,,,1900,,,,
"Las Cruces, NM",179,24693.71,80,9682.44,8,1146.11,,,,,,,,,,,,,1900,,,,
"Roswell, NM",295,46185.93,51,7664.53,10,1600,,,,,,,,,,,,,1900,,,,
"Santa Fe, NM",581,88324.12,110,15654.86,13,1840,,,,,,,,,,,,,1900,,,,
"Bismarck, ND",1529,237657.52,476,75091.73,55,7793.37,,,,,,,,,,,,,1900,,,,
"Devils Lake, ND",5414,823519.96,721,111235.69,504,73846.84,,,,,,,,,,,,,1900,,,,
"Fargo, ND",653,91976.95,427,65952.89,39,5200.07,,,,,,,,,,,,,1900,,,,
"Grand Forks, ND",684,89612.36,447,68823.44,148,21831.5,,,,,,,,,,,,,1900,,,,
"Minot, ND",3856,610323.37,43,6733.84,25,3839.73,,,,,,,,,,,,,1900,,,,
"Alva, OK",1232,182209.15,122,18691.99,88,13184.13,,,,,,,,,,,,,1900,,,,
"Enid, OK",255,37409.26,441,68651.75,110,16105.62,,,,,,,,,,,,,1900,,,,
"Guthrie, OK",129,13468.99,606,85475.77,4,350.7,,,,,,,53,6289.33,196,27592.17,,,1900,,,,
"Kingfisher, OK",1657,244187.44,222,32227.94,88,13235.71,,,,,,,,,89,13502.32,,,1900,,,,
"Mangum, OK",1375,212313.68,344,54782.82,39,6175.15,,,,,44,5973.37,,,616,94409.6,,,1900,,,,
"Oklahoma City, OK",1857,263964.84,396,56973.43,9,1196.18,,,,,,,177,23168.12,198,28394.75,,,1900,,,,
"Perry, OK",365,45493.15,422,61489.18,367,53372.49,,,,,,,,,,,,,1900,,,,
"Woodward, OK",1458,227358.81,90,14107.68,113,17554.38,,,,,,,,,,,,,1900,,,,
"Burns, OR",199,29738.97,67,9805.18,9,1231.28,,,,,,,,,,,,,1900,,,,
"La Grande, OR",764,117360.12,213,32620.74,37,5318.82,,,,,,,,,,,,,1900,,,,
"Lakeview, OR",79,11782.61,32,4815.84,2,320,,,,,,,,,,,,,1900,,,,
"Oregon City, OR",378,56506.88,295,43581.61,18,2450.76,,,,,,,,,,,,,1900,,,,
"Roseburg, OR",647,92564.38,326,45135.55,2,81.12,,,,,,,,,,,,,1900,,,,
"The Dalles, OR",857,131861.5,212,32186.32,51,7814.57,,,,,,,,,,,,,1900,,,,
"Aberdeen, SD",532,81569.31,367,58086.95,13,1800.38,,,,,,,,,,,,,1900,,,,
"Chamberlain, SD",228,31318.28,34,4993.06,15,2186.56,,,,,224,32688.68,51,7006.32,66,9975.6,,,1900,,,,
"Huron, SD",423,65268.43,257,40634.32,2,120,,,,,32,5072.98,,,5,796.84,,,1900,,,,
"Mitchell, SD",216,24677.57,104,15495.25,16,1558.04,,,,,,,90,11938.73,,,,,1900,,,,
"Pierre, SD",66,10187.57,51,8026.33,2,214.92,,,,,81,12545.66,,,10,1120,,,1900,,,,
"Rapid City, SD",354,55185.36,133,20669.89,17,2415.61,,,,,40,6274.23,,,31,4875.55,,,1900,,,,
"Watertown, SD",688,85252.77,316,46137.9,9,1230.6,,,,,,,56,6721.55,113,17174.08,,,1900,,,,
"Salt Lake City, UT",413,60160.9,339,48278.28,1,80,,,,,,,,,,,,,1900,,,,
"North Yakima, WA",126,17490.45,63,8623.01,2,319.38,,,,,,,,,,,,,1900,,,,
"Olympia, WA",128,18102.46,189,25235.5,11,1280.8,,,,,,,,,,,,,1900,,,,
"Seattle, WA",261,37535.13,415,59905.42,36,5039.85,,,,,,,,,,,,,1900,,,,
"Spokane, WA",707,103796.39,260,37126.86,16,1880,,,,,,,,,,,,,1900,,,,
"Vancouver, WA",366,52073.04,353,49444.03,20,2362.6,,,,,,,,,,,,,1900,,,,
"Walla Walla, WA",783,117793.65,147,21541.1,16,2239.17,,,,,,,,,,,,,1900,,,,
"Waterville, WA",396,58705.35,174,26247.44,5,720,,,,,,,,,,,,,1900,,,,
"Ashland, WI",175,21584.21,142,17613.74,26,2957.31,,,,,,,,,,,,,1900,,,,
"Eau Claire, WI",394,39506.46,184,17371.9,19,1443.87,,,,,,,,,,,,,1900,,,,
"Wausau, WI",423,39082.57,177,18524.82,54,5229.32,,,,,,,,,,,,,1900,,,,
"Buffalo, WY",282,44157.54,90,14097.3,6,960,,,,,,,,,,,,,1900,,,,
"Cheyenne, WY",290,45227.3,74,11914.53,15,2177.53,,,,,,,,,,,,,1900,,,,
"Douglas, WY",328,51113.06,45,7076.67,21,3200,,,,,,,,,,,,,1900,,,,
"Evanston, WY",199,30253.46,62,9537.67,13,1975.11,,,,,,,,,,,,,1900,,,,
"Lander, WY",196,29118.04,55,7027.29,10,1478.88,,,,,,,,,,,,,1900,,,,
"Sundance, WY",225,35438.98,61,9707.31,8,1182.14,,,,,,,,,,,,,1900,,,,
Illinois (GLO),1,40,,,,,,,,,,,,,,,,,1900,,,,
Indiana (GLO,,,1,41.83,,,,,,,,,,,,,,,1900,,,,
Ohio (GLO),,,,,,,,,,,,,,,,,,,1900,,,,
"Huntsville, AL",441,42725.45,316,36167.37,7,795.88,,,,,,,,,,,,,1901,,,,
"Montgomery, AL",556,49853.94,601,63464.31,82,8059.41,,,,,,,,,,,,,1901,,,,
"Sitka, AK",24,340.94,24,340.94,,,,,,,,,,,,,,,1901,,,,
"Prescott, AZ",32,4027.37,52,7425.06,9,1196.29,,,,,,,,,,,,,1901,,,,
"Tucson, AZ",600,123747.43,82,11077.59,14,1955.94,,,,,,,,,,,,,1901,,,,
"Camden, AR",1154,136121.67,597,72626.27,46,5210.77,,,,,,,,,,,,,1901,,,,
"Dardanelle, AR",373,42968.04,139,15779.17,13,1342.7,,,,,,,,,,,,,1901,,,,
"Harrison, AR",1211,136943.37,670,81403.12,36,4205.6,,,,,,,,,,,,,1901,,,,
"Little Rock, AR",621,62081,473,54038.75,3,360,,,,,,,,,,,,,1901,,,,
"Eureka, CA",373,56286.67,80,11235.68,18,2520,,,,,,,,,,,,,1901,,,,
"Independence, CA",35,4756.19,37,5080,,,,,,,,,,,,,,,1901,,,,
"Los Angeles, CA",343,50157.85,214,31130.43,23,3190.65,,,,,,,,,,,,,1901,,,,
"Marysville, CA",52,7335.22,46,6274.64,1,16.08,,,,,,,,,,,,,1901,,,,
"Redding, CA",171,25654.83,90,12500.33,4,535.49,,,,,,,,,,,,,1901,,,,
"Sacramento, CA",138,19246.74,58,8296.46,,,,,,,,,,,,,,,1901,,,,
"San Francisco, CA",411,59138.24,272,40321.51,16,2246.97,,,,,,,,,,,,,1901,,,,
"Stockton, CA",145,19643.22,86,12027.44,12,1364.96,,,,,,,,,,,,,1901,,,,
"Susanville, CA",130,19553.07,68,9940.32,4,440,,,,,,,,,,,,,1901,,,,
"Visalia, CA",115,16615.94,85,12793.24,7,1120,,,,,,,,,,,,,1901,,,,
"Akron, CO",171,26309.3,62,9939.52,3,361.14,,,,,,,,,,,,,1901,,,,
"Del Norte, CO",123,17774.47,28,4120,11,1593.04,,,,,,,,,,,,,1901,,,,
"Denver, CO",477,72247.65,270,39666.02,13,1840,,,,,,,,,,,,,1901,,,,
"Durango, CO",206,28563.85,64,7964.99,50,7768.55,,,,,,,22,3135.5,,,,,1901,,,,
"Glenwood Springs, CO",150,22542.54,28,4145.58,2,320,,,,,,,,,,,,,1901,,,,
"Gunnison, CO",25,3399.9,7,916.44,4,517,,,,,,,,,,,,,1901,,,,
"Hugo, CO",73,11271.8,41,6455.26,1,160,,,,,,,,,,,,,1901,,,,
"Lamar, CO",215,32284.99,45,6536.37,12,1787.48,,,,,,,,,,,,,1901,,,,
"Leadville, CO",32,5119,15,2237.66,2,320,,,,,,,,,,,,,1901,,,,
"Montrose, CO",110,16613.14,14,2160,5,800,,,,,,,,,,,,,1901,,,,
"Pueblo, CO",687,103451.1,272,41678.81,34,4771.57,,,,,,,,,,,,,1901,,,,
"Sterling, CO",180,27894.92,48,7245.58,10,1312.93,,,,,,,,,,,,,1901,,,,
"Gainesville, FL",908,107852.74,722,90072.34,31,3314.65,,,,,,,,,,,,,1901,,,,
"Blackfoot, ID",534,76899.94,302,43911.35,21,3014.16,,,,,,,,,,,,,1901,,,,
"Boise, ID",506,71020.32,99,13805.49,16,1510.72,,,,,,,,,,,,,1901,,,,
"Coeur d'Alene, ID",569,77693.67,248,34560.75,18,2726.83,,,,,,,,,,,,,1901,,,,
"Hailey, ID",139,19144.55,76,10990.82,3,396.79,,,,,,,,,,,,,1901,,,,
"Lewiston, ID",756,96618.18,276,40410.88,62,7443.69,,,,,,,,,,,,,1901,,,,
"Des Moines, IA",61,8114.08,67,8964.98,2,64.9,,,,,,,,,,,,,1901,,,,
"Colby, KS",243,32267.92,203,30665.62,9,1040,,,,,,,,,,,,,1901,,,,
"Dodge City, KS",357,54171.8,112,16647.59,4,494.42,,,,,,,,,,,,,1901,,,,
"Topeka, KS",47,4428.45,32,3086.51,6,560,,,,,,,,,,,,,1901,,,,
"Wakeeney, KS",571,84712.96,271,41885.63,,,,,,,,,,,,,,,1901,,,,
"Natchitoches, LA",541,55254.61,332,38375.75,96,13210.62,,,,,,,,,,,,,1901,,,,
"New Orleans, LA",1543,140556.17,766,89375.49,103,1907.24,,,,,,,,,,,,,1901,,,,
"Marquette, MI",378,37921.2,199,22779.96,69,8299.77,,,,,,,,,,,,,1901,,,,
"Crookston, MN",934,120063.23,787,114863.49,135,16970.59,,,,,1006,146227.03,37,4909.23,56,8400.98,,,1901,,,,
"Duluth, MN",2065,246438.4,827,66737.57,134,19084.18,,,,,24,3671.53,,,,,,,1901,,,,
"Marshall, MN",91,11908.3,135,17212.2,11,896.65,,,,,,,,,,,,,1901,,,,
"St. Cloud, MN",725,67488.3,453,52729.66,25,2391.18,,,,,,,,,,,,,1901,,,,
"Jackson, MS",1309,113126.06,1384,158142.44,177,16519.52,,,,,,,,,,,,,1901,,,,
"Boonville, MO",226,20926.15,256,24550.32,2,80,,,,,,,,,,,,,1901,,,,
"Ironton, MO",269,19888.24,258,23558.87,1,40,,,,,,,,,,,,,1901,,,,
"Springfield, MO",532,52384.75,601,65712.79,,,,,,,,,,,,,,,1901,,,,
"Bozeman, MT",734,107404.44,242,37175.66,8,1276.9,,,,,,,,,,,,,1901,,,,
"Helena, MT",1058,143385.21,581,72480.04,137,21177.48,,,,,,,,,,,,,1901,,,,
"Kalispell, MT",364,54090.19,72,10447.07,23,2642.2,,,,,,,,,,,,,1901,,,,
"Lewistown, MT",369,52466.75,160,19932.18,75,11754.05,,,,,,,,,,,,,1901,,,,
"Miles City, MT",182,26698.71,70,9261.61,7,968.14,,,,,,,,,,,,,1901,,,,
"Missoula, MT",194,29328.59,86,13122.41,6,880,,,,,,,,,,,,,1901,,,,
"Alliance, NE",870,135437.48,214,32211.6,74,11082.57,,,,,,,,,,,,,1901,,,,
"Broken Bow, NE",618,95533.38,69,9778.4,54,8030.42,,,,,,,,,,,,,1901,,,,
"Lincoln, NE",111,14355.69,46,5318.86,7,574.2,,,,,,,,,,,,,1901,,,,
"McCook, NE",201,30066.29,82,11845.52,10,956.25,,,,,,,,,,,,,1901,,,,
"North Platte, NE",516,76629.62,84,12695,6,800,,,,,,,,,,,,,1901,,,,
"O'Neill, NE",701,95466.16,79,10762.24,45,5134.9,,,,,75,8817.05,,,642,98862.48,,,1901,,,,
"Sidney, NE",328,50100.73,80,12006.65,8,963.6,,,,,,,,,,,,,1901,,,,
"Valentine, NE",995,150499.88,141,20068.98,121,17190.27,,,,,,,,,,,,,1901,,,,
"Carson City, NV",31,4515.01,8,1195.2,,,,,,,,,,,,,,,1901,,,,
"Clayton, NM",715,112468.21,108,16748.47,33,4916.85,,,,,,,,,,,,,1901,,,,
"Las Cruces, NM",219,25175.54,136,14047.2,13,1815.52,,,,,,,,,,,,,1901,,,,
"Roswell, NM",402,59806.65,59,6270.6,21,3114.73,,,,,,,,,,,,,1901,,,,
"Santa Fe, NM",572,86778.66,156,21722.4,12,1695.54,,,,,,,,,,,,,1901,,,,
"Bismarck, ND",1610,248393.48,471,73742.24,69,9887.45,,,,,,,,,,,,,1901,,,,
"Devils Lake, ND",3377,495559.31,772,120061.26,1116,168305.69,,,,,,,,,,,,,1901,,,,
"Fargo, ND",391,53846.14,504,77381.84,54,7002.47,,,,,,,,,,,,,1901,,,,
"Grand Forks, ND",349,44718.66,557,85042.82,293,43270.89,,,,,,,,,,,,,1901,,,,
"Minot, ND",2269,356597.86,57,8551.03,174,27029.97,,,,,,,,,,,,,1901,,,,
"Alva, OK",1265,181115.56,2166,339126.33,73,10561.18,,,,,,,,,,,,,1901,,,,
"Enid, OK",149,21584.41,2786,435947.26,36,4746.62,,,,,,,,,,,,,1901,,,,
"Guthrie, OK",57,5755.77,1057,155179.27,1,156.32,,,,,,,20,2035.24,,,,,1901,,,,
"Kingfisher, OK",2424,355942.94,1597,248480.6,69,9888.64,,,,,,,,,,,,,1901,,,,
"Mangum, OK",1795,268321.36,216,34228.81,79,11799.83,,,,,,,,,,,,,1901,,,,
"Oklahoma City, OK",2098,301539.43,1681,244615.23,8,894.88,,,,,,,88,11731.41,,,,,1901,,,,
"Perry, OK",172,20726.7,2669,399292,20,2748.02,,,,,,,,,,,,,1901,,,,
"Woodward, OK",3822,588737.52,430,67760.64,130,20142.23,,,,,,,,,,,,,1901,,,,
"Burns, OR",241,34860.66,58,8396.54,11,1760,,,,,,,,,,,,,1901,,,,
"La Grande, OR",1129,173733.24,172,25748.38,70,10868.65,,,,,,,,,,,,,1901,,,,
"Lakeview, OR",60,8983.61,45,7103.27,5,758.84,,,,,,,,,,,,,1901,,,,
"Oregon City, OR",940,139805.42,258,36381,64,9992.9,,,,,,,,,,,,,1901,,,,
"Roseburg, OR",775,111924.94,264,35705.78,22,2848.46,,,,,,,,,,,,,1901,,,,
"The Dalles, OR",1145,174858.62,254,38854.52,106,16228.38,,,,,,,,,,,,,1901,,,,
"Aberdeen, SD",540,82112.45,308,48469.96,27,3612.29,,,,,,,,,,,,,1901,,,,
"Chamberlain, SD",367,49578.17,29,4419.74,85,13031.94,,,,,236,33566.11,55,7814.81,359,56122.7,,,1901,,,,
"Huron, SD",664,101501.36,257,40039.04,7,1035.23,,,,,12,1843.23,,,12,1847.52,,,1901,,,,
"Mitchell, SD",160,17421.28,282,41923.72,57,6050.09,,,,,,,59,6805.73,,,,,1901,,,,
"Pierre, SD",123,18539.13,28,4395.18,,,,,,,23,2967.291,10,1562.29,58,8814.59,,,1901,,,,
"Rapid City, SD",568,88495.07,278,43372.89,9,1390.68,,,,,7,1018.96,4,634.51,16,2538.11,,,1901,,,,
"Watertown, SD",449,47361.01,1001,150647.44,19,2419.01,,,,,,,16,1240,,,,,1901,,,,
"Salt Lake City, UT",265,38885.29,337,47955.12,2,236.73,,,,,,,,,,,,,1901,,,,
"North Yakima, WA",246,37063.68,42,6033.67,6,840,,,,,,,,,,,,,1901,,,,
"Olympia, WA",82,9500.4,126,16990.73,13,1880,,,,,,,,,,,,,1901,,,,
"Seattle, WA",219,31026.6,206,28927.24,25,3573.33,,,,,,,,,,,,,1901,,,,
"Spokane, WA",1321,193922.98,229,33159.78,27,3717.91,,,,,188,27260.14,,,5,476.37,,,1901,,,,
"Vancouver, WA",362,51369.17,219,31985.92,14,1952.37,,,,,,,,,,,,,1901,,,,
"Walla Walla, WA",1646,252241.98,88,13020.75,35,4690.84,,,,,,,,,,,,,1901,,,,
"Waterville, WA",847,128252.9,122,17997.23,15,2292.97,,,,,220,34074.89,,,,,,,1901,,,,
"Ashland, WI",380,44706.2,103,10169.59,13,1258.95,,,,,,,,,,,,,1901,,,,
"Eau Claire, WI",398,40138.12,205,21210.93,7,520,,,,,,,,,,,,,1901,,,,
"Wausau, WI",348,26748.92,199,18684.36,53,4154.18,,,,,,,,,,,,,1901,,,,
"Buffalo, WY",335,48618.7,135,17487.56,12,1920,,,,,,,,,,,,,1901,,,,
"Cheyenne, WY",452,62587.46,120,13289.49,21,3187.81,,,,,,,,,,,,,1901,,,,
"Douglas, WY",301,44545.36,55,6232.08,49,7541.96,,,,,,,,,,,,,1901,,,,
"Evanston, WY",260,36303.04,116,14285.49,10,1559.9,,,,,,,,,,,,,1901,,,,
"Lander, WY",284,40159.86,85,9652.94,10,1490.45,,,,,,,,,,,,,1901,,,,
"Sundance, WY",207,32470.46,64,10015.2,11,1640,,,,,,,,,,,,,1901,,,,
Illinois (GLO),2,164.27,1,4.27,,,,,,,,,,,,,,,1901,,,,
Indiana (GLO,,,,,,,,,,,,,,,,,,,1901,,,,
Ohio (GLO),,,,,,,,,,,,,,,,,,,1901,,,,
"Huntsville, AL",347,33661.32,284,31616.94,18,1905.12,,,,,,,,,,,,,1902,,,,
"Montgomery, AL",473,44705.47,415,39966.65,59,6011.46,,,,,,,,,,,,,1902,,,,
"Sitka, AK",9,261.45,9,261.45,,,,,,,,,,,,,,,1902,,,,
"Prescott, AZ",45,6031.64,42,5644.84,10,1074.37,,,,,,,,,,,,,1902,,,,
"Tucson, AZ",317,42512.27,86,11298.09,26,3651.84,,,,,,,,,,,,,1902,,,,
"Camden, AR",1065,118727.04,539,64394.34,70,8114.87,,,,,,,,,,,,,1902,,,,
"Dardanelle, AR",532,71334.13,177,20229.82,31,4205.49,,,,,,,,,,,,,1902,,,,
"Harrison, AR",698,75522.59,590,73357.64,72,8155.9,,,,,,,,,,,,,1902,,,,
"Little Rock, AR",390,3855.87,414,46292.03,9,922.82,,,,,,,,,,,,,1902,,,,
"Eureka, CA",287,42665,38,5445.35,37,5589.04,,,,,,,,,,,,,1902,,,,
"Independence, CA",23,3397.76,10,1403.77,1,40,,,,,,,,,,,,,1902,,,,
"Los Angeles, CA",412,59636.29,202,28300.4,14,2000,,,,,,,,,,,,,1902,,,,
"Marysville, CA",48,6606.45,50,7201.9,,,,,,,,,,,,,,,1902,,,,
"Redding, CA",214,31754.31,97,13657.56,6,560,,,,,,,,,,,,,1902,,,,
"Sacramento, CA",242,36016.8,57,7623.07,3,400,,,,,,,,,,,,,1902,,,,
"San Francisco, CA",508,72648.49,246,37172.35,21,2782.19,,,,,,,,,,,,,1902,,,,
"Stockton, CA",173,24294.03,86,12358.74,18,2558.89,,,,,,,,,,,,,1902,,,,
"Susanville, CA",160,24269.44,37,5393.13,12,1829.91,,,,,,,,,,,,,1902,,,,
"Visalia, CA",101,14220.34,115,17449.67,11,1576.3,,,,,,,,,,,,,1902,,,,
"Akron, CO",164,25066.96,38,5652.88,1,37.77,,,,,,,,,,,,,1902,,,,
"Del Norte, CO",191,28745.32,32,4636.3,9,1360.51,,,,,,,,,,,,,1902,,,,
"Denver, CO",796,120002.7,271,39962.31,32,4384.35,,,,,,,,,,,,,1902,,,,
"Durango, CO",234,32348.55,97,12271.64,38,5760,,,,,,,13,1816.81,,,,,1902,,,,
"Glenwood Springs, CO",202,31043.97,38,5807.72,9,1189.17,,,,,,,,,,,,,1902,,,,
"Gunnison, CO",26,4000,9,1198.22,4,200.72,,,,,,,,,,,,,1902,,,,
"Hugo, CO",79,12432.91,37,5778.39,,,,,,,,,,,,,,,1902,,,,
"Lamar, CO",224,34443.18,48,6804.93,8,1080,,,,,,,,,,,,,1902,,,,
"Leadville, CO",44,6595.17,15,2280,,,,,,,,,,,,,,,1902,,,,
"Montrose, CO",75,11382.87,19,2998.84,1,160,,,,,,,,,,,,,1902,,,,
"Pueblo, CO",901,135819.31,329,47409.07,51,7650.87,,,,,,,,,,,,,1902,,,,
"Sterling, CO",261,40191.54,34,4349.24,5,800,,,,,,,,,,,,,1902,,,,
"Gainesville, FL",659,78364.2,524,62762.41,29,3477.7,,,,,,,,,,,,,1902,,,,
"Blackfoot, ID",566,77347.11,400,58118.28,30,4263.42,,,,,,,,,,,,,1902,,,,
"Boise, ID",599,86425.1,114,15589.2,21,2392.65,,,,,,,,,,,,,1902,,,,
"Coeur d'Alene, ID",571,76971.85,131,18548.15,80,11190.39,,,,,,,,,,,,,1902,,,,
"Hailey, ID",181,22734.64,109,15720.77,3,480,,,,,,,,,,,,,1902,,,,
"Lewiston, ID",725,94159.18,492,70479.65,34,4361.69,,,,,,,,,,,,,1902,,,,
"Des Moines, IA",13,830.76,17,1520.41,3,221.1,,,,,,,,,,,,,1902,,,,
"Colby, KS",261,35875.17,147,22001.55,20,1680,,,,,,,,,,,,,1902,,,,
"Dodge City, KS",840,129469.56,71,10768.86,5,716.85,,,,,,,,,,,,,1902,,,,
"Topeka, KS",41,3389.54,29,2640.06,5,345.63,,,,,,,,,,,,,1902,,,,
"Wakeeney, KS",734,110056.3,134,20401.92,5,675.5,,,,,,,,,,,,,1902,,,,
"Natchitoches, LA",641,64611.3,273,31140.59,80,8655.36,,,,,,,,,,,,,1902,,,,
"New Orleans, LA",1492,138819.87,892,99194.59,270,30029.71,,,,,,,,,,,,,1902,,,,
"Marquette, MI",406,38872.65,201,20830.42,75,7302.98,,,,,,,,,,,,,1902,,,,
"Crookston, MN",685,76731.77,828,118282.84,276,35630.5,,,,,901,127142.94,103,13841.03,395,60579.71,,,1902,,,,
"Duluth, MN",2298,290525.43,629,49305.69,120,16668.24,,,,,33,5084.52,,,,,,,1902,,,,
"Marshall, MN",22,1485.09,63,6770.98,16,1188.64,,,,,,,,,,,,,1902,,,,
"St. Cloud, MN",1006,94603.88,528,60187.48,60,6343.96,,,,,,,,,,,,,1902,,,,
"Jackson, MS",874,76629.24,854,91639.09,213,19393.25,,,,,,,,,,,,,1902,,,,
"Boonville, MO",167,14470.24,210,21603.75,1,40,,,,,,,,,,,,,1902,,,,
"Ironton, MO",137,9652.52,266,25091.76,1,160,,,,,,,,,,,,,1902,,,,
"Springfield, MO",236,23704.98,510,55847.07,1,40,,,,,,,,,,,,,1902,,,,
"Bozeman, MT",474,68420.24,146,21286.73,47,6103.91,,,,,,,,,,,,,1902,,,,
"Helena, MT",1181,170944.26,458,66269.89,126,19363.69,,,,,,,,,,,,,1902,,,,
"Kalispell, MT",316,45958.59,63,9047.8,46,6616.63,,,,,,,,,,,,,1902,,,,
"Lewistown, MT",412,58089.32,148,17576.08,68,10781.03,,,,,,,,,,,,,1902,,,,
"Miles City, MT",284,41066.16,98,12434.84,3,387.14,,,,,,,,,,,,,1902,,,,
"Missoula, MT",162,23545.53,96,14024.22,23,3508.23,,,,,,,,,,,,,1902,,,,
"Alliance, NE",767,115047.57,191,29073.57,89,13134.39,,,,,,,,,,,,,1902,,,,
"Broken Bow, NE",511,76949.43,69,9451.39,90,13687.78,,,,,,,,,,,,,1902,,,,
"Lincoln, NE",78,9290.43,43,4140.75,5,250.87,,,,,,,,,,,,,1902,,,,
"McCook, NE",223,33442.88,41,5932.82,8,1039.4,,,,,,,,,,,,,1902,,,,
"North Platte, NE",346,50106.3,97,14134.99,11,1651.34,,,,,,,,,,,,,1902,,,,
"O'Neill, NE",629,84804.85,85,11610.64,135,15560.95,,,,,45,4497.25,,,314,47346.81,,,1902,,,,
"Sidney, NE",203,30892.14,60,8444.96,5,679.9,,,,,,,,,,,,,1902,,,,
"Valentine, NE",827,123250.9,148,20906.91,188,27929.32,,,,,,,,,,,,,1902,,,,
"Carson City, NV",74,11095.57,8,1193.72,2,320,,,,,,,,,,,,,1902,,,,
"Clayton, NM",872,137641.45,123,19342.64,30,4518.78,,,,,,,,,,,,,1902,,,,
"Las Cruces, NM",171,22485.86,55,6337,10,1334.47,,,,,,,,,,,,,1902,,,,
"Roswell, NM",836,130030.71,56,7458.47,19,2825.38,,,,,,,,,,,,,1902,,,,
"Santa Fe, NM",681,103956.46,154,22441.86,15,2076.27,,,,,,,,,,,,,1902,,,,
"Bismarck, ND",3070,478595.53,373,58397.13,97,14464.16,,,,,,,,,,,,,1902,,,,
"Devils Lake, ND",3950,556723.46,881,134324.28,1352,199694.98,,,,,,,,,,,,,1902,,,,
"Fargo, ND",556,77307.99,323,48869.92,118,16457.97,,,,,,,,,,,,,1902,,,,
"Grand Forks, ND",327,39376.41,554,84649.66,288,40791.71,,,,,,,,,,,,,1902,,,,
"Minot, ND",8697,1309001.39,139,21936.83,524,81983.56,,,,,,,,,,,,,1902,,,,
"Alva, OK",739,100351.16,2149,334704.4,158,23040.68,,,,,,,,,,,,,1902,,,,
"El Reno, OK",9078,1372308.37,188,28818.47,4,410.04,,,,,,,,,,,,,1902,,,,
"Enid, OK",83,10119.27,1148,178228.74,40,5887.22,,,,,,,,,,,,,1902,,,,
"Guthrie, OK",59,5162.57,476,66810.71,43,4265.02,,,,,,,,,,,,,1902,,,,
"Kingfisher, OK",2182,313157.96,1634,253284.56,4,482.83,,,,,,,137,19348.19,,,,,1902,,,,
"Lawton, OK",10182,1562685.64,,,,,,,,,,,,,,,,,1902,,,,
"Mangum, OK",1500,211614.16,253,39823.95,132,19763.6,,,,,,,,,,,,,1902,,,,
"Oklahoma City, OK",1564,212988.2,1559,229909.49,3,372.7,,,,,,,205,28037.44,,,,,1902,,,,
"Perry, OK",65,7275.32,1365,197969.72,22,2525.17,,,,,,,,,,,,,1902,,,,
"Woodward, OK",4007,605427.52,292,45794.27,27,4320,,,,,,,255,38816.43,,,,,1902,,,,
"Burns, OR",272,38984.73,73,10269.33,13,1866.86,,,,,,,,,,,,,1902,,,,
"La Grande, OR",1253,193053.89,198,30367.53,134,20731.82,,,,,,,,,,,,,1902,,,,
"Lakeview, OR",278,41351.73,46,7041.82,6,875.34,,,,,,,,,,,,,1902,,,,
"Oregon City, OR",493,72608.52,165,22508.27,167,26282.91,,,,,,,,,,,,,1902,,,,
"Roseburg, OR",928,133999.7,194,25774.71,66,10261.87,,,,,,,,,,,,,1902,,,,
"The Dalles, OR",1674,256096.69,234,34874.3,209,32154.87,,,,,,,,,,,,,1902,,,,
"Aberdeen, SD",364,54464.83,203,31558.91,79,11398.8,,,,,,,,,,,,,1902,,,,
"Chamberlain, SD",743,105511.63,30,4666.1,128,18928.52,,,,,592,86249.07,105,14723.45,283,42910.77,,,1902,,,,
"Huron, SD",681,102648.2,148,23355.9,75,11692.7,,,,,,,19,3040.77,,,,,1902,,,,
"Mitchell, SD",100,10911.02,274,41096.36,81,8042.08,,,,,,,,,,,,,1902,,,,
"Pierre, SD",929,144653.03,27,4178.27,10,1180.95,,,,,50,6424.66,12,1742.85,38,5707.69,,,1902,,,,
"Rapid City, SD",542,84381.23,158,24672.66,10,1493.63,,,,,10,1335.17,3,480,21,3303.9,,,1902,,,,
"Watertown, SD",430,42115.52,812,120838.63,59,5738.23,,,,,,,52,5056.31,,,,,1902,,,,
"Salt Lake City, UT",184,27119.93,250,36221.23,2,198.65,,,,,,,,,,,,,1902,,,,
"North Yakima, WA",567,85777.12,41,6126.64,8,976,,,,,,,,,,,,,1902,,,,
"Olympia, WA",208,29617.6,87,10739.76,5,600,,,,,,,,,,,,,1902,,,,
"Seattle, WA",436,62920.09,154,22117.34,28,4075.14,,,,,,,,,,,,,1902,,,,
"Spokane, WA",1275,182920,238,34734.94,99,13841.95,,,,,88,11614.26,5,786.35,1,3,,,1902,,,,
"Vancouver, WA",671,100080.28,200,28844.74,32,4569.96,,,,,,,,,,,,,1902,,,,
"Walla Walla, WA",1481,220778.44,104,14714.39,159,23999.89,,,,,,,,,,,,,1902,,,,
"Waterville, WA",2051,310652.71,196,28858.13,82,12382.86,,,,,115,17220.8,,,,,,,1902,,,,
"Ashland, WI",532,68798.27,112,11217.69,13,1361.71,,,,,,,,,,,,,1902,,,,
"Eau Claire, WI",542,48876.57,255,25066.93,15,832.54,,,,,,,,,,,,,1902,,,,
"Wausau, WI",362,28608.21,265,27004.95,81,6725.67,,,,,,,,,,,,,1902,,,,
"Buffalo, WY",463,59038.07,202,18719.03,17,2700.73,,,,,,,,,,,,,1902,,,,
"Cheyenne, WY",503,66812.43,206,21094.06,26,4065.48,,,,,,,,,,,,,1902,,,,
"Douglas, WY",379,37497.56,394,56194.45,37,5836.57,,,,,,,,,,,,,1902,,,,
"Evanston, WY",190,28320.5,46,6849.25,13,1794.52,,,,,,,,,,,,,1902,,,,
"Lander, WY",274,39711.11,73,8670.43,13,2013.85,,,,,,,,,,,,,1902,,,,
"Sundance, WY",500,78082.61,97,14304.76,16,2440,,,,,,,,,,,,,1902,,,,
Illinois (GLO),,,,,,,,,,,,,,,,,,,1902,,,,
Indiana (GLO,1,4.8,,,,,,,,,,,,,,,,,1902,,,,
Ohio (GLO),2,114.89,1,34.89,,,,,,,,,,,,,,,1902,,,,
"Huntsville, AL",556,56815.82,343,37099.89,17,1754.38,,,,,,,,,,,,,1903,,,,
"Montgomery, AL",631,57646.07,476,48483.45,69,6718.84,,,,,,,,,,,,,1903,,,,
"Juneau, AK",30,1202.84,30,1202.84,,,,,,,,,,,,,,,1903,,,,
"Prescott, AZ",68,10314.44,82,12572.59,6,810.41,,,,,,,,,,,,,1903,,,,
"Tucson, AZ",397,56324.93,89,11630.3,56,7419.92,,,,,,,,,,,,,1903,,,,
"Camden, AR",1004,108915.37,655,75488.31,83,9763.25,,,,,,,,,,,,,1903,,,,
"Dardanelle, AR",406,48618.97,118,13373.63,23,2284.42,,,,,,,,,,,,,1903,,,,
"Harrison, AR",1233,139780.96,652,79703.24,60,6635.28,,,,,,,,,,,,,1903,,,,
"Little Rock, AR",626,65140.91,427,46542.32,22,1626.95,,,,,,,,,,,,,1903,,,,
"Eureka, CA",331,49440.07,59,8680.34,24,3713.5,,,,,,,,,,,,,1903,,,,
"Independence, CA",32,4678.89,16,2266.13,1,160,,,,,,,,,,,,,1903,,,,
"Los Angeles, CA",261,38274.64,135,18705.54,13,1739.72,,,,,,,,,,,,,1903,,,,
"Marysville, CA",51,7298.96,32,4597.25,9,1334.33,,,,,,,,,,,,,1903,,,,
"Redding, CA",216,31225.8,66,9406.38,3,352.05,,,,,,,,,,,,,1903,,,,
"Sacramento, CA",212,31382.98,44,6269.53,15,2244.28,,,,,,,,,,,,,1903,,,,
"San Francisco, CA",470,68245.27,259,38394.2,21,2675.34,,,,,,,,,,,,,1903,,,,
"Stockton, CA",166,24788.5,89,12969.13,12,1542.94,,,,,,,,,,,,,1903,,,,
"Susanville, CA",160,23822.04,51,7812.21,4,640,,,,,,,,,,,,,1903,,,,
"Visalia, CA",144,21811.83,86,12851.65,3,480,,,,,,,,,,,,,1903,,,,
"Akron, CO",221,34048.24,42,6349.68,7,1040,,,,,,,,,,,,,1903,,,,
"Del Norte, CO",124,18717.69,32,4793.69,10,1362.13,,,,,,,,,,,,,1903,,,,
"Denver, CO",681,101259.56,249,36245.56,39,4944.51,,,,,,,,,,,,,1903,,,,
"Durango, CO",165,24328.85,55,7853.94,27,3798.08,,,,,,,,,,,,,1903,,,,
"Glenwood Springs, CO",343,44924.65,43,6255.4,18,2800,,,,,125,18451.95,25,2741.19,,,,,1903,,,,
"Gunnison, CO",21,3359.53,5,717.27,1,160,,,,,,,,,,,,,1903,,,,
"Hugo, CO",92,14300.07,17,2591.82,2,240,,,,,,,,,,,,,1903,,,,
"Lamar, CO",202,31306.76,46,6525.44,11,1459.27,,,,,,,,,,,,,1903,,,,
"Leadville, CO",30,4633.85,10,1480,1,160,,,,,,,,,,,,,1903,,,,
"Montrose, CO",65,9569.52,20,3052.56,3,480,,,,,184,25451.02,,,1,156.78,,,1903,,,,
"Pueblo, CO",975,147200.13,249,35227.83,49,7363.77,,,,,,,,,,,,,1903,,,,
"Sterling, CO",325,50094.53,36,4889,7,1000,,,,,,,,,,,,,1903,,,,
"Gainesville, FL",971,121239.35,471,55048.74,64,7922.61,,,,,,,,,,,,,1903,,,,
"Blackfoot, ID",526,71194.57,340,48783.07,27,3514.29,,,,,,,,,,,,,1903,,,,
"Boise, ID",720,104152.87,119,16312.43,47,5461.47,,,,,,,,,,,,,1903,,,,
"Coeur d'Alene, ID",425,52733.92,112,14906.49,67,9240.78,,,,,,,,,,,commisions on Indian land homesteads - but no figure for these…,,1903,,,,
"Hailey, ID",124,15671.45,83,11571.46,10,1396,,,,,,,,,,,,,1903,,,,
"Lewiston, ID",755,93623.49,679,98040.66,63,8546.08,,,,,,,,,,,,,1903,,,,
"Des Moines, IA",9,534.61,8,547.52,1,40,,,,,,,,,,,,,1903,,,,
"Colby, KS",195,26910.37,92,13870.43,17,1795.6,,,,,,,,,,,,,1903,,,,
"Dodge City, KS",684,106868.89,67,10288.38,10,1438.73,,,,,,,,,,,,,1903,,,,
"Topeka, KS",24,1571.64,25,2868.37,9,1040,,,,,,,,,,,,,1903,,,,
"Wakeeney, KS",371,55695.02,107,16643.11,22,3200,,,,,,,,,,,,,1903,,,,
"Natchitoches, LA",442,40808.18,216,23879.66,85,9470.84,,,,,,,,,,,,,1903,,,,
"New Orleans, LA",1218,107818.03,745,81419.87,215,23715.95,,,,,,,,,,,,,1903,,,,
"Marquette, MI",440,41309.08,155,16095.78,82,8149.8,,,,,,,,,,,,,1903,,,,
"Crookston, MN",387,46254.98,629,88872.61,392,54023.13,,,,,1166,166062.55,221,30700.55,525,80922.83,,,1903,,,,
"Duluth, MN",2067,252147.37,578,46636.78,258,37362.93,,,,,213,33409.65,11,1721.55,2,835.9?,,,1903,,,,
"Marshall, MN",14,1002.07,43,3732.27,8,540.58,,,,,,,,,,,,,1903,,,,
"St. Cloud, MN",728,60393.54,596,70895.3,145,13248.34,,,,,,,,,,,,,1903,,,,
"Jackson, MS",1212,112954.69,461,47963.95,81,7051.74,,,,,,,,,,,,,1903,,,,
"Boonville, MO",180,15493.59,256,23929.2,1,40,,,,,,,,,,,,,1903,,,,
"Ironton, MO",201,16150.77,211,18701.47,1,40,,,,,,,,,,,,,1903,,,,
"Springfield, MO",424,40096.31,554,60426.55,,,,,,,,,,,,,,,1903,,,,
"Bozeman, MT",444,61183.05,222,33161.31,93,13059.74,,,,,,,,,,,,,1903,,,,
"Great Falls, MT",877,129194.18,349,50145.83,120,18046.06,,,,,,,,,,,,,1903,,,,
"Helena, MT",373,54801.62,155,21185.76,35,5071.6,,,,,,,,,,,,,1903,,,,
"Kalispell, MT",247,33984.56,58,8153.57,48,6723.02,,,,,,,,,,,,,1903,,,,
"Lewistown, MT",363,52600.62,169,22934.18,74,11458.24,,,,,,,,,,,,,1903,,,,
"Miles City, MT",213,31373.36,69,10525.21,6,821.65,,,,,,,,,,,,,1903,,,,
"Missoula, MT",174,25417.55,75,10954.78,11,1600,,,,,,,,,,,,,1903,,,,
"Alliance, NE",884,134853.68,158,23178.61,78,11544.24,,,,,,,,,,,,,1903,,,,
"Broken Bow, NE",405,60454.34,103,15616.65,97,14812.17,,,,,,,,,,,,,1903,,,,
"Lincoln, NE",62,6334.05,20,2593.9,7,762.52,,,,,,,,,,,,,1903,,,,
"McCook, NE",161,22435.99,61,8916.05,8,1197.18,,,,,,,,,,,,,1903,,,,
"North Platte, NE",303,43353.57,72,10920.42,11,1338.53,,,,,,,,,,,,,1903,,,,
"O'Neill, NE",560,77595.17,97,13631.65,141,17023.23,,,,,34,3499.9,48,5968.55,125,18732.51,,,1903,,,,
"Sidney, NE",170,26253.71,34,5091.79,17,2207.54,,,,,,,,,,,,,1903,,,,
"Valentine, NE",766,116926.16,147,21311.27,181,26897.12,,,,,,,,,,,,,1903,,,,
"Carson City, NV",62,9347.14,3,480,6,823.02,,,,,,,,,,,,,1903,,,,
"Clayton, NM",919,144863.43,145,22341.07,48,6932.02,,,,,,,,,,,,,1903,,,,
"Las Cruces, NM",288,40831.15,82,10692.69,9,1237.76,,,,,,,,,,,,,1903,,,,
"Roswell, NM",1692,262413.58,65,8712.39,59,9167.59,,,,,,,,,,,,,1903,,,,
"Santa Fe, NM",459,68723.15,173,25887.06,8,1160,,,,,,,,,,,,,1903,,,,
"Bismarck, ND",6622,1029099.26,548,85222.34,204,29829.03,,,,,,,,,,,,,1903,,,,
"Devils Lake, ND",2553,334985.78,1548,239828.05,2274,340991.08,,,,,,,,,,,,,1903,,,,
"Fargo, ND",406,55006.5,351,53133.67,153,21086.56,,,,,,,,,,,,,1903,,,,
"Grand Forks, ND",224,26159.96,692,103133.91,316,40993.18,,,,,,,,,,,,,1903,,,,
"Minot, ND",7137,1099830.96,331,49130.14,2233,349891.24,,,,,,,,,,,,,1903,,,,
"Alva, OK",509,67192.73,492,74994.07,160,22413.45,,,,,,,,,,,,,1903,,,,
"El Reno, OK",1371,190591.03,739,116896.51,1064,160174.92,,,,,,,,,,,,,1903,,,,
"Guthrie, OK",72,7345.74,542,73810.05,49,5514.93,,,,,,,,,,,,,1903,,,,
"Kingfisher, OK",1630,221207.98,1311,204304.18,2,191.11,,,,,,,197,26572.99,,,,,1903,,,,
"Lawton, OK",1224,176601.8,4,640,1629,249849.7,,,,,,,,,,,,,1903,,,,
"Mangum, OK",1481,200317.78,533,84488.06,146,20325.16,,,,,,,98,12733.94,,,,,1903,,,,
"Oklahoma City, OK",90,7761.37,479,60453.63,3,108.31,,,,,,,43,4125.2,,,,,1903,,,,
"Woodward, OK",4391,663287.84,218,34174.53,208,30530.59,,,,,,,,,,,,,1903,,,,
"Burns, OR",260,39476.7,64,9405.88,25,3451.95,,,,,,,,,,,,,1903,,,,
"La Grande, OR",1436,219405.1,184,28121.18,221,33588.82,,,,,,,,,,,,,1903,,,,
"Lakeview, OR",416,64741.72,42,6424.48,24,3566.73,,,,,,,,,,,,,1903,,,,
"Oregon City, OR",731,108902.94,109,15110.28,186,28719.34,,,,,,,,,,,,,1903,,,,
"Roseburg, OR",1110,154976.9,177,23589.77,73,10469.7,,,,,,,,,,,,,1903,,,,
"The Dalles, OR",1604,244969.93,231,35785.45,268,40913.37,,,,,,,,,,,,,1903,,,,
"Aberdeen, SD",338,50386.04,184,28487.72,139,21188.62,,,,,,,,,,,,,1903,,,,
"Chamberlain, SD",1383,205946.94,29,4353.92,229,32182.14,,,,,475,66907.22,134,18987.02,133,20879.06,,,1903,,,,
"Huron, SD",403,58906.24,139,21543.97,254,39206.87,,,,,5,798.44,17,2505.74,5,800,,,1903,,,,
"Mitchell, SD",72,8218.03,182,25624.99,68,7208.93,,,,,,,,,,,,,1903,,,,
"Pierre, SD",995,156745.86,17,2481.59,85,13140.27,,,,,26,3568.32,19,2695.35,34,5146.71,,,1903,,,,
"Rapid City, SD",867,135154.45,153,23433.97,16,2552.55,,,,,20,2905.7,,,17,2680,,,1903,,,,
"Watertown, SD",247,23173.32,569,81525.08,67,7714.61,,,,,,,86,9504.95?,,,,,1903,,,,
"Salt Lake City, UT",124,19930.91,249,37126.42,1,160,,,,,,,,,,,,,1903,,,,
"North Yakima, WA",702,106170.39,48,7046.9,16,2068.4,,,,,,,,,,,,,1903,,,,
"Olympia, WA",86,10724.08,70,9465.04,46,6973.56,,,,,,,,,,,,,1903,,,,
"Seattle, WA",253,34121.55,108,14215.89,137,21090.06,,,,,,,,,,,,,1903,,,,
"Spokane, WA",962,133604.15,250,36988.64,213,31012.4,,,,,167,24396.7,13,1635.41,2,200,,,1903,,,,
"Vancouver, WA",632,91670.27,138,20196.39,52,7426.34,,,,,,,,,,,,,1903,,,,
"Walla Walla, WA",1218,182416.12,143,20492.57,273,40572.89,,,,,,,,,,,,,1903,,,,
"Waterville, WA",1326,197205.2,170,24861.09,176,26357.94,,,,,133,19663.15,5,598.1,1,160,,,1903,,,,
"Ashland, WI",391,47490.98,96,10462.99,15,1324.96,,,,,,,,,,,,,1903,,,,
"Eau Claire, WI",391,32972.05,305,32464.47,24,1439.07,,,,,,,,,,,,,1903,,,,
"Wausau, WI",347,24713.02,274,22434.13,75,5982.97,,,,,,,,,,,,,1903,,,,
"Buffalo, WY",403,58503.48,101,12257.84,34,5106.87,,,,,,,,,,,,,1903,,,,
"Cheyenne, WY",300,40904.02,124,13909.66,36,5240,,,,,,,,,,,,,1903,,,,
"Douglas, WY",290,44316.71,59,8087.74,37,5824.14,,,,,,,,,,,,,1903,,,,
"Evanston, WY",124,18765.46,64,9050.47,15,2388.21,,,,,,,,,,,,,1903,,,,
"Lander, WY",140,19192.15,63,8006.4,14,1983.23,,,,,,,,,,,,,1903,,,,
"Sundance, WY",533,83173.01,77,11604.73,18,2797.02,,,,,,,,,,,,,1903,,,,
Illinois (GLO),1,89.15,1,120,,,,,,,,,,,,,,,1903,,,,
Indiana (GLO,2,13.05,2,49.2,,,,,,,,,,,,,,,1903,,,,
Ohio (GLO),,,,,,,,,,,,,,,,,,,1903,,,,
"Huntsville, AL",359,35818.61,372,39826.72,22,1752.87,,,,,,,,,,,,,1904,,,,
"Montgomery, AL",647,57195.05,377,36644,112,11924.93,,,,,,,,,,,,,1904,,,,
"Juneau, AK",20,424.09,20,424.09,,,,,,,,,,,,,,,1904,,,,
"Prescott, AZ",70,9752.91,53,7990.92,3,357.35,,,,,,,,,,,,,1904,,,,
"Tucson, AZ",382,52279.97,77,10101.23,56,8462.67,,,,,,,,,,,,,1904,,,,
"Camden, AR",1179,126794.2,552,67334.13,93,10919.17,,,,,,,,,,,,,1904,,,,
"Dardanelle, AR",707,87087.28,151,16549.68,39,4835.74,,,,,,,,,,,,,1904,,,,
"Harrison, AR",1668,188024.94,536,66995.16,44,4796.74,,,,,,,,,,,,,1904,,,,
"Little Rock, AR",643,66038.01,334,35868.25,24,2312.6,,,,,,,,,,,,,1904,,,,
"Eureka, CA",158,22331.55,50,6933.5,17,2515.37,,,,,3,156.61,,,1,43.34,,,1904,,,,
"Independence, CA",28,4182.83,11,1630.37,2,320,,,,,,,,,,,,,1904,,,,
"Los Angeles, CA",315,46326.86,151,22144.6,10,1480,,,,,,,,,,,,,1904,,,,
"Marysville, CA",82,11677.88,38,5151.26,4,560,,,,,,,,,,,,,1904,,,,
"Redding, CA",182,26667.36,82,11554.67,9,1224.23,,,,,,,,,,,,,1904,,,,
"Sacramento, CA",143,19647.39,58,8589.17,17,2537.78,,,,,,,,,,,,,1904,,,,
"San Francisco, CA",517,75055.3,245,35676.06,37,4530.156,,,,,,,,,,,,,1904,,,,
"Stockton, CA",181,26607.77,62,9320.22,12,1458.79,,,,,,,,,,,,,1904,,,,
"Susanville, CA",78,12042.92,38,5459.89,8,1159.56,,,,,,,,,,,,,1904,,,,
"Visalia, CA",142,21621.17,41,6144.99,6,760,,,,,,,,,,,,,1904,,,,
"Akron, CO",186,28591.35,48,7477.48,7,1117.04,,,,,,,,,,,,,1904,,,,
"Del Norte, CO",76,11225.37,31,4488.14,11,1098.2,,,,,,,,,,,,,1904,,,,
"Denver, CO",579,86359.41,227,33280.37,29,4320,,,,,,,,,,,,,1904,,,,
"Durango, CO",103,14513.23,44,5578.1,18,2394,,,,,90,12046.5,12,1440,12,1442.64,,,1904,,,,
"Glenwood Springs, CO",286,43584.88,31,4876.64,18,2638.63,,,,,86,13047.22,1,160,4,640,,,1904,,,,
"Gunnison, CO",21,2996.92,6,837.59,1,80,,,,,,,,,,,,,1904,,,,
"Hugo, CO",140,22202.75,11,1679.84,,,,,,,,,,,,,,,1904,,,,
"Lamar, CO",143,21668.91,32,4307.47,11,1656.44,,,,,,,,,,,,,1904,,,,
"Leadville, CO",21,2800,17,2680,,,,,,,,,,,,,,,1904,,,,
"Montrose, CO",50,7272.12,24,3680,3,479.54,,,,,210,27546.93,,,1,160,,,1904,,,,
"Pueblo, CO",672,101328.83,225,31870.82,42,6041.39,,,,,,,,,,,,,1904,,,,
"Sterling, CO",141,21570.59,26,3679.6,13,1811.18,,,,,,,,,,,,,1904,,,,
"Gainesville, FL",1913,247451.72,464,53556.94,145,17914.89,,,,,,,,,,,,,1904,,,,
"Blackfoot, ID",476,63305.77,325,48085.64,28,3836.88,,,,,,,,,,,,,1904,,,,
"Boise, ID",854,120591.56,116,16273.27,64,8258.47,,,,,,,,,,,,,1904,,,,
"Coeur d'Alene, ID",495,6500.05,151,22160.93,82,11356.35,,,,,,,,,,,,,1904,,,,
"Hailey, ID",402,52494.16,65,9071.03,11,1240,,,,,,,,,,,,,1904,,,,
"Lewiston, ID",901,119383.44,464,64728.23,64,7676.2,,,,,,,,,,,,,1904,,,,
"Des Moines, IA",5,377.03,7,409.97,,,,,,,,,,,,,,,1904,,,,
"Colby, KS",227,31592.7,103,15083.41,16,1677.29,,,,,,,,,,,,,1904,,,,
"Dodge City, KS",837,129863.68,77,11606.08,27,4101.09,,,,,,,,,,,,,1904,,,,
"Topeka, KS",29,1892.59,22,1926.58,5,240?,,,,,,,,,,,,,1904,,,,
"Wakeeney, KS",585,89331.51,98,14565.97,22,2756.85,,,,,,,,,,,,,1904,,,,
"Natchitoches, LA",364,30062.44,169,17489.28,81,9702.66,,,,,,,,,,,,,1904,,,,
"New Orleans, LA",576,49497.43,359,35643.54,164,16736.98,,,,,,,,,,,,,1904,,,,
"Marquette, MI",353,34132.8,146,16024.82,71,7730.63,,,,,,,,,,,,,1904,,,,
"Cass Lake, MN",365,34912.11,230,26257.38,213,29849.79,,,,,314,41339.04,24,2884.77,14,2053.5,,,1904,,,,
"Crookston, MN",353,47457.54,355,50010.04,178,23866.9,,,,,1752,259982.75,180,26486.95,298,44915.65,,,1904,,,,
"Duluth, MN",1573,170721.29,537,38351.69,113,15978.32,,,,,166,25008.48,17,2441.37,3,423.25,,,1904,,,,
"St. Cloud, MN",385,29409.91,338,35297.17,75,5977.74,,,,,,,,,,,,,1904,,,,
"Jackson, MS",827,68517.19,796,78238.08,160,14365.6,,,,,,,,,,,,,1904,,,,
"Boonville, MO",262,22452.32,164,14983.88,,,,,,,,,,,,,,,1904,,,,
"Ironton, MO",247,19379.8,178,15993.91,3,163,,,,,,,,,,,,,1904,,,,
"Springfield, MO",550,53370.62,457,47749.26,,,,,,,,,,,,,,,1904,,,,
"Bozeman, MT",480,69848.29,238,36210.04,64,8440.81,,,,,,,,,,,,,1904,,,,
"Great Falls, MT",835,121225.45,348,49900.48,123,18648.7,,,,,,,,,,,,,1904,,,,
"Helena, MT",197,27999.39,94,13340.97,24,3717.9,,,,,,,,,,,,,1904,,,,
"Kalispell, MT",153,21157.52,62,8986.73,60,8704.75,,,,,,,,,,,,,1904,,,,
"Lewistown, MT",336,49095.36,101,13969.02,71,10727.98,,,,,,,,,,,,,1904,,,,
"Miles City, MT",335,51687.57,40,6168.19,7,1040,,,,,,,,,,,,,1904,,,,
"Missoula, MT",156,21868.8,91,13403.28,11,1638.59,,,,,,,,,,,,,1904,,,,
"Alliance, NE",846,170593.1,144,21971.98,57,8884.44,,,,,,,,,,,,,1904,,,,
"Broken Bow, NE",788,284769.87,94,14522.78,49,7321.24,,,,,,,,,,,,,1904,,,,
"Lincoln, NE",48,5117.43,27,2630.62,7,720.3,,,,,,,,,,,,,1904,,,,
"McCook, NE",284,67634.09,61,8693.08,9,1235.21,,,,,,,,,,,,,1904,,,,
"North Platte, NE",595,162803.7,115,17891.89,10,1081,,,,,,,,,,,,,1904,,,,
"O'Neill, NE",761,187850.15,118,16796.16,99,11485.76,,,,,17,1380.95,36,3566.77,60,8560.37,,,1904,,,,
"Sidney, NE",603,204126.5,58,8746.05,8,1200,,,,,,,,,,,,,1904,,,,
"Valentine, NE",784,226436.77,141,20970.21,91,14016.76,,,,,,,,,,,,,1904,,,,
"Carson City, NV",162,24589.13,2,316.61,5,798.7,,,,,,,,,,,,,1904,,,,
"Clayton, NM",713,112388.04,199,31449.76,37,5786.94,,,,,,,,,,,,,1904,,,,
"Las Cruces, NM",237,34663.19,69,9548.96,7,960,,,,,,,,,,,,,1904,,,,
"Roswell, NM",876,133276.02,58,7774.91,70,10528.05,,,,,,,,,,,,,1904,,,,
"Santa Fe, NM",389,58853.52,203,31076.47,17,2365.43,,,,,,,,,,,,,1904,,,,
"Bismarck, ND",4150,630343.67,818,125349.96,544,84526.2,,,,,,,,,,,,,1904,,,,
"Devils Lake, ND",1365,160925.32,1680,241402.73,1820,257342.84,,,,,,,,,,,,,1904,,,,
"Fargo, ND",234,30983.23,354,52390.34,131,17901.28,,,,,,,,,,,,,1904,,,,
"Grand Forks, ND",108,12089.29,560,84341.49,176,22884.13,,,,,,,,,,,,,1904,,,,
"Minot, ND",5150,788134.9,305,42757.86,2543,392639.15,,,,,,,,,,,,,1904,,,,
"Alva, OK",403,50957.37,541,83365.57,104,14445.95,,,,,,,,,,,,,1904,,,,
"El Reno, OK",460,61656.46,781,122424.61,1412,208065.48,,,,,,,,,,,,,1904,,,,
"Guthrie, OK",53,5086.44,444,59987.14,37,4386.36,,,,,,,,,,,,,1904,,,,
"Kingfisher, OK",998,134957.94,929,143920.59,169,20595.8,,,,,,,,,,,,,1904,,,,
"Lawton, OK",380,51457.15,,?,1653,249550.95,,,,,,,,,,,,,1904,,,,
"Mangum, OK",982,133756.39,992,156952.1,368,49057.17,,,,,,,,,,,,,1904,,,,
"Oklahoma City, OK",47,3502.82,106,11903.48,18,2075.88,,,,,,,,,,,,,1904,,,,
"Woodward, OK",6171,951785.29,309,48047.12,575,84365.1,,,,,,,,,,,,,1904,,,,
"Burns, OR",195,28382.15,50,7142.47,19,2885.59,,,,,,,,,,,,,1904,,,,
"La Grande, OR",593,88681.49,169,25458.31,122,18504.27,,,,,,,,,,,,,1904,,,,
"Lakeview, OR",149,22859.38,35,5449.57,49,7574.44,,,,,,,,,,,,,1904,,,,
"Oregon City, OR",487,67301.03,90,12603.03,25,3467.96,,,,,,,,,,,,,1904,,,,
"Roseburg, OR",768,109257.61,178,24326.95,86,12770.7,,,,,,,,,,,,,1904,,,,
"The Dalles, OR",848,126026.96,222,34657.27,114,16954.41,,,,,,,,,,,,,1904,,,,
"Aberdeen, SD",299,44182.56,200,30754.5,121,18072.82,,,,,,,,,,,,,1904,,,,
"Chamberlain, SD",1847,283203.16,28,4225.44,353,50925.35,,,,,411,55433.59,238,33942.79,95,14938.97,,,1904,,,,
"Huron, SD",258,36360.78,108,16239.17,265,39949.17,,,,,1,160,7,960.32,8,1277.66,,,1904,,,,
"Mitchell, SD",58,6657.76,144,20419.25,20,1911.42,,,,,,,,,,,,,1904,,,,
"Pierre, SD",1393,220237.47,19,3002.91,174,27343.09,,,,,30,4047.72,13,1687.21,22,3375.6,,,1904,,,,
"Rapid City, SD",691,108596.83,156,24077.87,19,2985.14,,,,,7,979.7,1,157.58,11,1741.23,,,1904,,,,
"Watertown, SD",136,12710.72,290,41103.01,113,10753.66,,,,,,,,,,,,,1904,,,,
"Salt Lake City, UT",89,134078.85,146,21540.71,3,292.56,,,,,,,,,,,,,1904,,,,
"North Yakima, WA",349,50634.08,44,6370.13,21,2993.46,,,,,,,,,,,,,1904,,,,
"Olympia, WA",87,11228.29,41,5833.6,26,3562.48,,,,,,,,,,,,,1904,,,,
"Seattle, WA",211,28739.27,44,5805.45,129,19001.39,,,,,,,,,,,,,1904,,,,
"Spokane, WA",724,100966.26,290,41777.33,161,22874.62,,,,,125,17050.26,20,2592.53,10,745.68,,,1904,,,,
"Vancouver, WA",379,54177.14,69,9837.64,27,3783.96,,,,,,,,,,,,,1904,,,,
"Walla Walla, WA",642,94780.75,172,25210.7,189,27597.19,,,,,,,,,,,,,1904,,,,
"Waterville, WA",950,138788.73,146,19893.55,193,29126.08,,,,,86,12324.73,11,1720,,,,,1904,,,,
"Ashland, WI",326,41105.68,83,9052.13,19,1583.7,,,,,,,,,,,,,1904,,,,
"Eau Claire, WI",297,24421.46,241,23807.95,38,2874.89,,,,,,,,,,,,,1904,,,,
"Wausau, WI",231,15832.09,219,20919.64,75,5248.21,,,,,,,,,,,,,1904,,,,
"Buffalo, WY",215,30403.47,84,10794.37,41,6028.56,,,,,,,,,,,,,1904,,,,
"Cheyenne, WY",259,36253.89,113,14218.09,23,3364.62,,,,,,,,,,,,,1904,,,,
"Douglas, WY",208,31724.78,77,11237.66,46,7052.08,,,,,,,,,,,,,1904,,,,
"Evanston, WY",109,15294.73,88,12658.87,8,1193.16,,,,,,,,,,,,,1904,,,,
"Lander, WY",192,27463.13,69,8818.36,8,1280,,,,,,,,,,,,,1904,,,,
"Sundance, WY",289,44292.72,105,15678.69,38,6069.95,,,,,,,,,,,,,1904,,,,
Illinois (GLO),,,,,1,40,,,,,,,,,,,,,1904,,,,
Indiana (GLO,,,,,,,,,,,,,,,,,,,1904,,,,
Ohio (GLO),,,,,,,,,,,,,,,,,,,1904,,,,
"Huntsville, AL",266,27016.78,248,26902.81,15,1283.54,,,,,,,,,,,,,1905,,,,
"Montgomery, AL",766,66788.09,426,39147.5,97,9645.08,,,,,,,,,,,,,1905,,,,
"Juneau, AK",9,580.05,9,580.05,,,,,,,,,,,,,,,1905,,,,
"Prescott, AZ",34,4745.98,25,3751.36,2,92.81,,,,,,,,,,,,,1905,,,,
"Tucson, AZ",259,36582.54,88,12248.25,25,3794.16,,,,,,,,,,,,,1905,,,,
"Camden, AR",999,106523.72,488,55637.22,77,8505.05,,,,,,,,,,,,,1905,,,,
"Dardanelle, AR",589,73608.33,143,16392.71,28,3564.02,,,,,,,,,,,,,1905,,,,
"Harrison, AR",1352,150525.13,678,83356.32,53,4981.49,,,,,,,,,,,,,1905,,,,
"Little Rock, AR",538,55289.78,337,36088.83,23,2220.87,,,,,,,,,,,,,1905,,,,
"Eureka, CA",124,18172.27,52,7387.63,12,1909.65,,,,,1,80,,,,,,,1905,,,,
"Independence, CA",45,6749.64,14,1880,5,666.6,,,,,,,,,,,,,1905,,,,
"Los Angeles, CA",270,38340.42,80,11612.2,9,1142.12,,,,,,,,,,,,,1905,,,,
"Marysville, CA",73,9528.98,35,4512.17,4,513.69,,,,,,,,,,,,,1905,,,,
"Redding, CA",209,30450.49,67,9026.13,4,365.15,,,,,,,,,,,,,1905,,,,
"Sacramento, CA",129,18500.41,47,6528.58,12,1700.05,,,,,,,,,,,,,1905,,,,
"San Francisco, CA",425,61695.84,171,25412.78,38,4854.91,,,,,,,,,,,,,1905,,,,
"Stockton, CA",277,39830.63,90,13212.13,15,1920.95,,,,,,,,,,,,,1905,,,,
"Susanville, CA",97,13833.19,58,8672.69,9,1360,,,,,,,,,,,,,1905,,,,
"Visalia, CA",172,25791.36,60,9133.66,5,797.75,,,,,,,,,,,,,1905,,,,
"Akron, CO",182,28376.84,49,7333.55,6,880,,,,,,,,,,,,,1905,,,,
"Del Norte, CO",121,18452.21,35,4947.64,3,360,,,,,,,,,,,,,1905,,,,
"Denver, CO",634,95059.97,173,26020.38,47,7054,,,,,,,,,,,,,1905,,,,
"Durango, CO",136,18961.76,51,7761.2,7,1000,,,,,65,7803.8,12,1520,24,2277.26,,,1905,,,,
"Glenwood Springs, CO",175,25694.21,61,8358.75,26,4020.89,,,,,76,10664.67,4,640,3,440,,,1905,,,,
"Gunnison, CO",17,2520.05,7,800,,,,,,,20,3170.6,,,1,114.36,,,1905,,,,
"Hugo, CO",365,57782.21,29,4437.83,1,160,,,,,,,,,,,,,1905,,,,
"Lamar, CO",95,14308.23,43,6577.62,6,837.22,,,,,,,,,,,,,1905,,,,
"Leadville, CO",16,2449.28,10,1434.9,,,,,,,,,,,,,,,1905,,,,
"Montrose, CO",50,7717.93,27,4240,5,795.77,,,,,290,35868.49,2,270.36,3,360,,,1905,,,,
"Pueblo, CO",567,84157.47,224,33152.81,49,7448.08,,,,,,,,,,,,,1905,,,,
"Sterling, CO",165,25546.68,38,5792.36,5,779.22,,,,,,,,,,,,,1905,,,,
"Gainesville, FL",1501,183494.63,436,50433.07,203,26580.64,,,,,,,,,,,,,1905,,,,
"Blackfoot, ID",699,92988.8,307,45055.36,23,3060.46,,,,,,,,,,,,,1905,,,,
"Boise, ID",979,126801.56,137,18989.75,60,7809.55,,,,,,,,,,,,,1905,,,,
"Coeur d'Alene, ID",267,33318.43,150,20855.55,74,10818.37,,,,,,,,,,,,,1905,,,,
"Hailey, ID",1291,103423.44,52,7245.25,5,489.06,,,,,,,,,,,,,1905,,,,
"Lewiston, ID",547,68831.8,488,69730.54,77,9728.83,,,,,,,,,,,,,1905,,,,
"Des Moines, IA",1,40,,,1,48.47,,,,,,,,,,,,,1905,,,,
"Colby, KS",428,62903.24,133,19238.45,12,1200,,,,,,,,,,,,,1905,,,,
"Dodge City, KS",936,146011.54,97,14976.55,31,4746.99,,,,,,,,,,,,,1905,,,,
"Topeka, KS",12,1108.36,22,2340.92,7,392.77,,,,,,,,,,,,,1905,,,,
"Wakeeney, KS",336,51867.61,60,8910.74,6,960,,,,,,,,,,,,,1905,,,,
"Natchitoches, LA",320,24935.23,207,22825.98,48,5104.77,,,,,,,,,,,,,1905,,,,
"New Orleans, LA",542,42084.3,410,42771.42,134,12751.59,,,,,,,,,,,,,1905,,,,
"Marquette, MI",314,28820.87,145,15662.28,61,5810.05,,,,,,,,,,,,,1905,,,,
"Cass Lake, MN",295,26772.11,287,35394.97,136,18012.27,,,,,324,39289.08,34,3991.4,39,5260.19,,,1905,,,,
"Crookston, MN",345,44427.33,379,54553.8,111,14066.74,,,,,1454,219733.37,121,17073.43,264,38549.17,,,1905,,,,
"Duluth, MN",1081,136623.21,223,23375.53,104,13861.07,,,,,41,5872.37,11,1606.26,1,160,,,1905,,,,
"St. Cloud, MN",314,20176.38,301,31123.74,51,4876.34,,,,,,,,,,,,,1905,,,,
"Jackson, MS",815,67859.74,546,49423.37,147,15622.95,,,,,,,,,,,,,1905,,,,
"Boonville, MO",232,19147.5,139,13063.41,,,,,,,,,,,,,,,1905,,,,
"Ironton, MO",251,19442.68,138,10938.4,,,,,,,,,,,,,,,1905,,,,
"Springfield, MO",463,44013.75,244,25277.21,,,,,,,,,,,,,,,1905,,,,
"Bozeman, MT",406,55184.14,238,35623.35,47,6787.55,,,,,,,,,,,,,1905,,,,
"Great Falls, MT",827,119137.5,395,57322.99,67,9634.78,,,,,,,,,,,,,1905,,,,
"Helena, MT",166,24140.2,122,17399.88,20,2982.12,,,,,,,,,,,,,1905,,,,
"Kalispell, MT",252,35288.97,92,12929.59,63,8759.53,,,,,,,,,,,,,1905,,,,
"Lewistown, MT",433,64747.3,112,16419.14,63,9765.32,,,,,,,,,,,,,1905,,,,
"Miles City, MT",188,27502.16,45,6822.19,12,1876.69,,,,,,,,,,,,,1905,,,,
"Missoula, MT",114,15930.77,80,11622.95,10,1479.77,,,,,,,,,,,,,1905,,,,
"Alliance, NE",3116,1412824.67,167,24940.23,18,2665.72,,,,,,,,,,,,,1905,,,,
"Broken Bow, NE",1526,793899.49,78,11296.98,23,2749.51,,,,,,,,,,,,,1905,,,,
"Lincoln, NE",198,55900.17,52,6737.42,11,636.19,,,,,,,,,,,,,1905,,,,
"McCook, NE",441,172512.41,30,4022.93,4,560,,,,,,,,,,,,,1905,,,,
"North Platte, NE",973,386144.64,130,19311.53,10,958.36,,,,,,,,,,,,,1905,,,,
"O'Neill, NE",1449,578266.55,163,23610.48,57,5286.56,,,,,9,881.08,21,2147.7,45,6324.94,,,1905,,,,
"Sidney, NE",545,209968.62,71,11167.86,9,1176.47,,,,,,,,,,,,,1905,,,,
"Valentine, NE",2479,1167954.8,148,22163.27,29,4347.67,,,,,,,,,,,,,1905,,,,
"Carson City, NV",110,12784.23,6,920,4,555.61,,,,,,,,,,,,,1905,,,,
"Clayton, NM",566,89311.68,253,40215.9,21,3117.32,,,,,,,,,,,,,1905,,,,
"Las Cruces, NM",215,32101.02,73,10035.09,6,960,,,,,,,,,,,,,1905,,,,
"Roswell, NM",707,107708.11,92,14396.41,121,18448.48,,,,,,,,,,,,,1905,,,,
"Santa Fe, NM",421,65281.93,252,39224.51,11,1636.26,,,,,,,,,,,,,1905,,,,
"Bismarck, ND",2548,381630.77,645,99419.07,375,56313.11,,,,,,,,,,,,,1905,,,,
"Devils Lake, ND",988,123955.54,1733,264425.18,902,121807.13,,,,,258,37539.04,,,,,,,1905,,,,
"Dickinson, ND",1259,197637.64,172,26593.86,9,1440,,,,,,,,,,,,,1905,,,,
"Fargo, ND",163,21617.48,363,54021.9,57,6997.17,,,,,,,,,,,,,1905,,,,
"Grand Forks, ND",42,4304.16,286,42120.95,81,10148.31,,,,,,,,,,,,,1905,,,,
"Minot, ND",5571,851078.9,706,108447.43,1985,304985.09,,,,,,,,,,,,,1905,,,,
"Alva, OK",334,40205.59,626,95702.99,99,12610.7,,,,,,,,,,,,,1905,,,,
"El Reno, OK",157,19170.31,480,72686.21,456,64396.32,,,,,131,177077.38,344,49108.98,,,,,1905,,,,
"Guthrie, OK",80,6647.93,712,94999.12,45,3867.51,,,,,,,,,,,,,1905,,,,
"Kingfisher, OK",653,87479.93,1345,207388.05,136,16087.08,,,,,,,,,,,,,1905,,,,
"Lawton, OK",211,26637.43,,,889,132342.47,,,,,,,,,,,,,1905,,,,
"Mangum, OK",705,95206.48,1147,180816.74,263,35656.67,,,,,,,,,,,,,1905,,,,
"Woodward, OK",3172,477491.2,471,73815.41,447,66220.57,,,,,,,,,,,,,1905,,,,
"Burns, OR",318,43236.65,76,11142.98,17,2417.86,,,,,,,,,,,,,1905,,,,
"La Grande, OR",820,123171.56,232,34832.94,57,8194.88,,,,,,,,,,,,,1905,,,,
"Lakeview, OR",213,32065.61,59,8148.09,60,93336.58,,,,,,,,,,,,,1905,,,,
"Oregon City, OR",259,34459.65,56,7499.87,13,1699.49,,,,,,,,,,,,,1905,,,,
"Roseburg, OR",239,32556.27,69,9088.91,14,2080,,,,,,,,,,,,,1905,,,,
"The Dalles, OR",952,140116.4,247,37859.92,99,15202.54,,,,,,,,,,,,,1905,,,,
"Aberdeen, SD",264,38946.2,261,40861.62,98,14023.36,,,,,,,,,,,,,1905,,,,
"Chamberlain, SD",1836,282780.6,29,4393.07,336,49999.07,,,,,2174,330983.44,185,26329.14,65,10102.86,,,1905,,,,
"Huron, SD",197,27977.28,152,23326.9,158,23768.52,,,,,2,320,1,153.69,7,1066.05,,,1905,,,,
"Mitchell, SD",40,3442.97,80,10648.12,51,5700,,,,,180,25103.25,,,,,,,1905,,,,
"Pierre, SD",855,135399.88,36,5574.96,136,21352.37,,,,,18,2759.32,3,400,26,4009.69,,,1905,,,,
"Rapid City, SD",849,131220.45,116,17298.25,30,4761.93,,,,,9,1215.6,3,472.7,22,3516.39,,,1905,,,,
"Watertown, SD",122,9823.19,305,43129.04,49,4148.87,,,,,,,,,,,,,1905,,,,
"Salt Lake City, UT",118,18014.67,109,16020.91,,,,,,,,,,,,,,,1905,,,,
"North Yakima, WA",356,52029.29,63,9689.76,27,3999.08,,,,,,,,,,,,,1905,,,,
"Olympia, WA",70,9430.2,38,4878.44,7,484.75,,,,,,,,,,,,,1905,,,,
"Seattle, WA",214,29034.02,60,8329.45,57,8058.46,,,,,,,,,,,,,1905,,,,
"Spokane, WA",625,85946.21,325,47743.8,126,16736.88,,,,,125,17146.18,12,1859.43,4,316.65,,,1905,,,,
"Vancouver, WA",281,38176.57,149,21154.36,48,7122.43,,,,,,,,,,,,,1905,,,,
"Walla Walla, WA",936,137293.89,315,47335.64,136,19596.5,,,,,,,,,,,,,1905,,,,
"Waterville, WA",1122,165226.5,216,32404.93,179,27042.57,,,,,126,18259.07,4,602.18,4,612.6,,,1905,,,,
"Ashland, WI",279,31306.22,77,8956.8,13,1828.86,,,,,,,,,,,,,1905,,,,
"Eau Claire, WI",263,22413.98,219,21301.85,28,2165.12,,,,,,,,,,,,,1905,,,,
"Wausau, WI",236,14668.47,201,19092.98,66,4109.5,,,,,,,,,,,,,1905,,,,
"Buffalo, WY",292,43008.24,94,13514.75,25,3734.81,,,,,,,,,,,,,1905,,,,
"Cheyenne, WY",214,31664.21,103,14596.59,15,2220.13,,,,,,,,,,,,,1905,,,,
"Douglas, WY",234,36621.75,63,9314.41,31,4868.22,,,,,,,,,,,,,1905,,,,
"Evanston, WY",155,22552.79,121,17755.92,5,789.38,,,,,,,,,,,,,1905,,,,
"Lander, WY",219,27756.6,62,9309.07,11,1637.91,,,,,,,,,,,,,1905,,,,
"Sundance, WY",331,51089.78,131,19886.7,23,3471.63,,,,,,,,,,,,,1905,,,,
Illinois (GLO),1,40,,,,,,,,,,,,,,,,,1905,,,,
Indiana (GLO,1,9.3,,,,,,,,,,,,,,,,,1905,,,,
Ohio (GLO),,,,,,,,,,,,,,,,,,,1905,,,,
"Montgomery, AL",1102,97352.52,582,54948.2,178,17634.19,,,,,,,,,,,,,1906,,,,
"Juneau, AK",3,14.02,3,14.02,,,,,,,,,,,,,,,1906,,,,
"Prescott, AZ",7,999.4,7,992.29,,,,,,,,,,,,,,,1906,,,,
"Tucson, AZ",58,7692.3,22,3040.91,8,1118.42,,,,,,,,,,,,,1906,,,,
"Phoenix, AZ",362,52173.24,50,6393.92,8,1192,,,,,,,,,,,,,1906,,,,
"Camden, AR",968,111022.64,659,77069.29,129,14645.49,,,,,,,,,,,,,1906,,,,
"Dardanelle, AR",728,93648.79,228,26563.02,27,3725.23,,,,,,,,,,,,,1906,,,,
"Harrison, AR",1339,146509.43,704,83843.3,47,5217.66,,,,,,,,,,,,,1906,,,,
"Little Rock, AR",583,59996.84,355,37796.02,20,1906.17,,,,,,,,,,,,,1906,,,,
"Eureka, CA",98,15036.02,37,5717.35,12,1720,,,,,9,1281.82,,,,,,,1906,,,,
"Independence, CA",17,2186.6,8,1193.51,3,480,,,,,,,,,,,,,1906,,,,
"Los Angeles, CA",279,40219.62,68,9669.12,11,1337.34,,,,,,,,,,,,,1906,,,,
"Redding, CA",209,31674.13,70,10030.46,3,480,,,,,,,,,,,,,1906,,,,
"Sacramento, CA",173,23422.31,103,14684.87,19,2687.94,,,,,,,,,,,,,1906,,,,
"San Francisco, CA",237,33154.67,111,16135.04,18,2593.95,,,,,61,9616.13,,,,,,,1906,,,,
"Stockton, CA",110,15262.47,49,7202.38,4,501.93,,,,,,,,,,,,,1906,,,,
"Susanville, CA",73,10603.99,41,6225.63,8,960,,,,,,,,,,,,,1906,,,,
"Visalia, CA",195,29109.36,37,5693.33,4,560,,,,,,,,,,,,,1906,,,,
"Del Norte, CO",123,18731.4,33,4680,4,640,,,,,,,,,,,,,1906,,,,
"Denver, CO",925,140121.38,149,22015.47,28,4112.89,,,,,,,,,,,,,1906,,,,
"Durango, CO",120,15876.83,62,7902.02,5,680.13,,,,,145,20141.31,10,1040.51,48,5021.64,,,1906,,,,
"Glenwood Springs, CO",111,16551.72,62,9358.98,25,3699.91,,,,,67,9358.98,5,479.86,4,640,,,1906,,,,
"Gunnison, CO",7,1080,8,1000,2,200,,,,,21,3352.55,1,160,1,160,,,1906,,,,
"Hugo, CO",1706,270334.67,32,5067.95,9,1439.48,,,,,,,,,,,,,1906,,,,
"Lamar, CO",554,87961.22,91,14124.56,4,635.7,,,,,,,,,,,,,1906,,,,
"Leadville, CO",21,3157.59,10,1520,2,320,,,,,,,,,,,,,1906,,,,
"Montrose, CO",52,7687.12,44,6939.53,1,160,,,,,262,34298.61,20,2044.23,6,747.65,,,1906,,,,
"Pueblo, CO",1054,160431.72,217,32259.23,62,9494.8,,,,,,,,,,,,,1906,,,,
"Sterling, CO",948,149046.98,95,14612.09,21,3119.02,,,,,,,,,,,,,1906,,,,
"Gainesville, FL",1115,130017.23,434,49043.41,278,37318.87,,,,,,,,,,,,,1906,,,,
"Blackfoot, ID",638,86025.93,296,42749.18,28,3401.68,,,,,,,,,,,,,1906,,,,
"Boise, ID",830,107135.37,182,25884.7,67,9640.07,,,,,,,,,,,,,1906,,,,
"Coeur d'Alene, ID",520,71462.96,230,32660.37,100,14316.43,,,,,,,,,,,,,1906,,,,
"Hailey, ID",727,72855.69,43,5541.49,6,600,,,,,,,,,,,,,1906,,,,
"Lewiston, ID",431,54713.41,472,65224.62,71,8542.68,,,,,,,,,,,,,1906,,,,
"Des Moines, IA",5,308.23,7,659.06,,,,,,,,,,,,,,,1906,,,,
"Colby, KS",1098,161675.25,189,27017.92,22,3075.94,,,,,,,,,,,,,1906,,,,
"Dodge City, KS",3154,494145.8,122,18300.34,32,4743.26,,,,,,,,,,,,,1906,,,,
"Topeka, KS",27,2162.25,22,1786.58,8,461.1,,,,,,,,,,,,,1906,,,,
"Natchitoches, LA",190,13881.21,185,19396.6,45,4176.44,,,,,,,,,,,,,1906,,,,
"New Orleans, LA",498,38588.18,419,39047.36,131,11863.9,,,,,,,,,,,,,1906,,,,
"Marquette, MI",271,26610.29,146,16826.29,40,3516.32,,,,,,,,,,,,,1906,,,,
"Cass Lake, MN",284,26699.55,320,41287.23,111,13910.82,,,,,266,333223.19,73,9503.06,52,7824.15,,,1906,,,,
"Crookston, MN",237,31881.99,410,57227.55,85,11787.61,,,,,575,79056.66,583,87567.01,257,37879.36,,,1906,,,,
"Duluth, MN",640,71682.22,237,21462.64,85,11484.28,,,,,189,21299.61,,,,,,,1906,,,,
"St. Cloud, MN",216,16802.33,290,29065.74,34,2419.85,,,,,,,,,,,,,1906,,,,
"Jackson, MS",814,66052.01,545,49343.74,149,13477.32,,,,,,,,,,,,,1906,,,,
"Springfield, MO",862,73541.61,511,48235.74,,,,,,,,,,,,,,,1906,,,,
"Bozeman, MT",590,82687.76,276,42103.58,57,7762.51,,,,,,,,,,,,,1906,,,,
"Great Falls, MT",967,141123.92,306,41958.82,36,5578.54,,,,,,,,,,,,,1906,,,,
"Helena, MT",215,32460.6,120,17563.55,9,1354.28,,,,,,,,,,,,,1906,,,,
"Kalispell, MT",362,55054.39,113,16754.73,43,5866.57,,,,,,,,,,,,,1906,,,,
"Lewistown, MT",643,97240.42,98,14944.42,72,11215.1,,,,,,,,,,,,,1906,,,,
"Miles City, MT",438,62665.29,103,12053.45,5,720,,,,,,,,,,,,,1906,,,,
"Missoula, MT",183,32556.71,93,13590.79,4,474.53,,,,,,,,,,,,,1906,,,,
"Alliance, NE",1043,390395.67,97,14303.94,8,1105.36,,,,,,,,,,,,,1906,,,,
"Broken Bow, NE",691,377416,110,17752.24,20,2477.51,,,,,,,,,,,,,1906,,,,
"Lincoln, NE",294,88221.82,120,17436.88,25,2795.37,,,,,,,,,,,,,1906,,,,
"North Platte, NE",741,320479.87,180,26944.54,11,1305.68,,,,,,,,,,,,,1906,,,,
"O'Neill, NE",449,165194.26,130,18533.67,30,2744.08,,,,,7,595.2,6,395.2,29,4135.56,,,1906,,,,
"Sidney, NE",340,117089.86,70,10535.82,2,189.1,,,,,,,,,,,,,1906,,,,
"Valentine, NE",514,260464.76,118,17142.08,16,2160.1,,,,,,,,,,,,,1906,,,,
"Carson City, NV",157,17798.82,27,2360,7,1106.92,,,,,,,,,,,,,1906,,,,
"Clayton, NM",2785,438830.19,389,61591.32,42,6595.95,,,,,,,,,,,,,1906,,,,
"Las Cruces, NM",359,52761.54,51,6369.79,5,800,,,,,,,,,,,,,1906,,,,
"Roswell, NM",2324,364784.12,128,19539.71,133,20578.62,,,,,,,,,,,,,1906,,,,
"Santa Fe, NM",1210,185177.05,256,39766.23,14,1865.91,,,,,,,,,,,,,1906,,,,
"Bismarck, ND",4510,672066.07,703,107914.73,278,41153.77,,,,,,,,,,,,,1906,,,,
"Devils Lake, ND",1126,136420.54,1634,244567.37,706,93089.92,,,,,209,25653.07,30,4182.64,4,156.29,,,1906,,,,
"Dickinson, ND",3654,578410.54,93,14077.38,8,1255.5,,,,,,,,,,,,,1906,,,,
"Fargo, ND",168,23052.86,253,38107.21,61,7583.98,,,,,,,,,,,,,1906,,,,
"Grand Forks, ND",15,1628.53,79,10130.81,23,2615.67,,,,,,,,,,,,,1906,,,,
"Minot, ND",8533,1299229.06,816,124116,2109,324334.15,,,,,,,,,,,,,1906,,,,
"Alva, OK",242,29235.81,740,112675.98,80,10802,,,,,,,,,,,,,1906,,,,
"El Reno, OK",108,12898.87,374,55955.8,446,65834.64,,,,,71,8577.88,345,46853.54,,,,,1906,,,,
"Guthrie, OK",470,58303.25,932,132097.5,112,12550.8,,,,,,,,,,,,,1906,,,,
"Kingfisher, OK",355,47470.95,554,84141.49,61,7814,,,,,,,,,,,,,1906,,,,
"Lawton, OK",182,23034.26,153,23807.34,704,105166.69,,,,,,,,,,,,,1906,,,,
"Mangum, OK",575,72337.31,1058,164066.34,223,27708.95,,,,,,,,,,,,,1906,,,,
"Woodward, OK",7452,1139734.32,1015,159407.88,501,73840.49,,,,,,,,,,,,,1906,,,,
"Burns, OR",234,33583.53,74,11136.66,11,1640,,,,,,,,,,,,,1906,,,,
"La Grande, OR",599,88547.98,215,32453.25,30,4639.91,,,,,,,6,480.42,,,,,1906,,,,
"Lakeview, OR",160,24471.48,47,7159.28,23,3501.64,,,,,,,,,,,,,1906,,,,
"Oregon City, OR",253,35203.69,92,11790.63,12,1236.47,,,,,,,,,,,,,1906,,,,
"Roseburg, OR",232,29928.08,23,2783.21,2,320,,,,,,,,,,,,,1906,,,,
"The Dalles, OR",666,97132.83,283,44173.01,132,19940.4,,,,,,,,,,,,,1906,,,,
"Aberdeen, SD",302,43821.73,259,40205.85,91,13816.53,,,,,,,,,,,,,1906,,,,
"Chamberlain, SD",4779,744558.3,34,4573.56,516,77892.7,,,,,201,24278.19,238,33243.11,67,10417.59,,,1906,,,,
"Huron, SD",202,28541.01,188,28739.15,117,16746.42,,,,,1,160,2,321.3,6,956.49,,,1906,,,,
"Mitchell, SD",64,6097.21,98,12838.55,68,8426.45,,,,,456,62352.97,551,84405.59,,,,,1906,,,,
"Pierre, SD",2586,408644.74,38,5615.3,101,16025.64,,,,,6,774.38,5,798.26,25,3980.85,,,1906,,,,
"Rapid City, SD",2005,314788.71,167,25565.35,46,7253.14,,,,,7,982.52,1,160,24,3605.61,,,1906,,,,
"Watertown, SD",74,5483.38,286,36454.51,46,4058.89,,,,,,,,,,,,,1906,,,,
"Salt Lake City, UT",160,23519.84,72,10684.15,1,144.76,,,,,,,,,,,,,1906,,,,
"Vernal, UT",6,821.8,8,1151.12,1,80,,,,,1611,245397.59,2,155.56,3,195.56,,,1906,,,,
"North Yakima, WA",394,59693.16,78,11610.12,33,4884.53,,,,,,,,,,,,,1906,,,,
"Olympia, WA",81,8891.81,47,6002.51,3,480,,,,,,,,,,,,,1906,,,,
"Seattle, WA",299,40670.05,56,7631.11,22,2835.08,,,,,,,,,,,,,1906,,,,
"Spokane, WA",803,114663.93,489,73864.44,90,12341.96,,,,,162,22142.12,23,3127.34,71,10509.17,,,1906,,,,
"Vancouver, WA",325,45017.89,175,23254.97,26,3611.53,,,,,,,,,,,,,1906,,,,
"Walla Walla, WA",798,120140.68,507,79233.41,116,16483.73,,,,,,,,,,,,,1906,,,,
"Waterville, WA",1508,220397.79,331,49128.45,292,44033.89,,,,,195,27581.48,19,2760,69,9662.37,,,1906,,,,
"Ashland, WI",69,9035.82,35,4250.34,6,898.89,,,,,,,,,,,,,1906,,,,
"Eau Claire, WI",46,3441.49,52,5581.58,4,160,,,,,,,,,,,,,1906,,,,
"Wausau, WI",455,38947.8,357,35689.73,74,4844.05,,,,,,,,,,,,,1906,,,,
"Buffalo, WY",252,37378.5,120,17529.98,23,3355.64,,,,,,,,,,,,,1906,,,,
"Cheyenne, WY",319,45882.83,139,20042.07,11,1558.78,,,,,,,,,,,,,1906,,,,
"Douglas, WY",244,37468.91,110,15993.09,24,3833.92,,,,,,,,,,,,,1906,,,,
"Evanston, WY",170,25833.26,108,16615.09,4,635.57,,,,,,,,,,,,,1906,,,,
"Lander, WY",155,22380.6,81,10748.3,8,1276.55,,,,,,,,,,,,,1906,,,,
"Sundance, WY",424,66202.62,125,19111.93,26,4150.81,,,,,,,,,,,,,1906,,,,
Illinois (GLO),,,,,,,,,,,,,,,,,,,1906,,,,
Indiana (GLO,,,,,,,,,,,,,,,,,,,1906,,,,
Ohio (GLO),,,,,,,,,,,,,,,,,,,1906,,,,
"Montgomery, AL",982,83976.89,410,37496.53,137,12841.03,,,,,,,,,,,,,1907,,,,
"Juneau, AK",15,544.48,15,544.48,,,,,,,,,,,,,,,1907,,,,
"Phoenix, AZ",465,66037.17,96,12467.72,17,2424.31,,,,,,,,,,,,,1907,,,,
"Camden, AR",906,99376.59,440,50371.74,169,19715.18,,,,,,,,,,,,,1907,,,,
"Dardanelle, AR",716,89936.8,201,25640.63,48,6711.4,,,,,,,,,,,,,1907,,,,
"Harrison, AR",1348,148801.74,584,70079.09,81,8560.8,,,,,,,,,,,,,1907,,,,
"Little Rock, AR",876,93292.21,351,35062.95,27,2666.96,,,,,,,,,,,,,1907,,,,
"Eureka, CA",99,13653.62,49,6893.3,4,520,,,,,,,,,,,,,1907,,,,
"Independence, CA",25,3560,13,1990.8,,,,,,,,,,,,,,,1907,,,,
"Los Angeles, CA",266,38879.47,38,5410.46,7,1063.13,,,,,,,,,,,,,1907,,,,
"Oakland, CA",,,71,10157.71,7,981.65,,,,,,,,,,,,,1907,,,,
"Redding, CA",255,33782.63,67,9892.92,8,1078.52,,,,,,,,,,,,,1907,,,,
"Sacramento, CA",220,29374.84,121,16140.67,12,1324.32,,,,,,,,,,,,,1907,,,,
"Susanville, CA",72,10486.18,42,5977.9,1,40,,,,,,,,,,,,,1907,,,,
"Visalia, CA",291,43701.5,29,4306.73,5,800,,,,,,,,,,,,,1907,,,,
"Del Norte, CO",111,16075.43,45,6669.06,2,319.17,,,,,,,,,,,,,1907,,,,
"Denver, CO",1639,251400.95,215,31914.99,51,7714.88,,,,,,,,,,,,,1907,,,,
"Durango, CO",99,14141.99,44,6195.8,11,1480,,,,,124,15734.47,4,520,34,4533.12,,,1907,,,,
"Glenwood Springs, CO",85,12762.62,81,12150.99,20,3111.05,,,,,78,11216.17,7,981.5,7,1078,,,1907,,,,
"Gunnison, CO",8,1237,12,1800,3,480,,,,,14,2017.5,1,160,4,640,,,1907,,,,
"Hugo, CO",4109,649355.32,52,8257.28,70,11034.06,,,,,,,,,,,,,1907,,,,
"Lamar, CO",1912,302980.58,76,11550.34,23,3583.87,,,,,,,,,,,,,1907,,,,
"Leadville, CO",36,5417.82,8,1200,,,,,,,,,,,,,,,1907,,,,
"Montrose, CO",30,4349.75,26,4076.27,5,788.49,,,,,329,39713.02,13,1693.87,10,1399.29,,,1907,,,,
"Pueblo, CO",1807,278506.58,236,34492.61,46,7113.55,,,,,,,,,,,,,1907,,,,
"Sterling, CO",1896,298707.53,124,19719.55,45,6941.68,,,,,,,,,,,,,1907,,,,
"Gainesville, FL",623,68524.71,229,26927.42,185,23301.04,,,,,,,,,,,,,1907,,,,
"Blackfoot, ID",873,119544.47,263,38500.4,37,5091.28,,,,,,,,,,,,,1907,,,,
"Boise, ID",807,99615.63,186,26806.83,80,11661.88,,,,,,,,,,,,,1907,,,,
"Coeur d'Alene, ID",329,41379.73,269,37622.95,96,12599.4,,,,,,,,,,,,,1907,,,,
"Hailey, ID",628,70433.05,89,10608.53,11,1555.44,,,,,,,,,,,,,1907,,,,
"Lewiston, ID",463,59594.13,452,63009.32,69,9078.32,,,,,,,,,,,,,1907,,,,
"Des Moines, IA",1,52.43,3,207.13,,,,,,,,,,,,,,,1907,,,,
"Colby, KS",600,84548.92,170,25235.78,8,1193.04,,,,,,,,,,,,,1907,,,,
"Dodge City, KS",3303,511770.21,276,43076.96,33,5110.08,,,,,,,,,,,,,1907,,,,
"Topeka, KS",18,1180.5,20,1727.47,3,200,,,,,,,,,,,,,1907,,,,
"Natchitoches, LA",182,11542.52,211,20296.14,55,5043.57,,,,,,,,,,,,,1907,,,,
"New Orleans, LA",515,36717.3,346,30869.94,99,8113.87,,,,,,,,,,,,,1907,,,,
"Marquette, MI",279,27501.74,98,10692.66,37,2793.73,,,,,,,,,,,,,1907,,,,
"Cass Lake, MN",209,18941.9,306,39684.41,69,7946.56,,,,,171,21274.09,114,15595.91,76,10692.66,,,1907,,,,
"Crookston, MN",189,23124.23,326,44729.86,56,7517.65,,,,,353,49105.25,409,61735.91,316,45757.93,,,1907,,,,
"Duluth, MN",802,93473.93,322,33475.06,62,8307.47,,,,,28,2980.72,30,3889.58,,,,,1907,,,,
"St. Cloud, MN",89,6140.9,155,15508.28,17,1161.53,,,,,,,,,,,,,1907,,,,
"Jackson, MS",619,47609.05,445,39463.66,145,13785.63,,,,,,,,,,,,,1907,,,,
"Springfield, MO",740,60606.25,445,40679.46,,,,,,,,,,,,,,,1907,,,,
"Billings, MT",176,33561.31,86,12188.18,25,3122.78,,,,,398,56315.1,,,,,,,1907,,,,
"Bozeman, MT",235,12358.63,197,29377.72,41,5279.44,,,,,,,,,,,,,1907,,,,
"Glasgow, MT",80,105330.35,3,464.75,1,120,,,,,,,,,,,,,1907,,,,
"Great Falls, MT",734,21463.3,400,58121.26,44,5940.7,,,,,,,,,,,,,1907,,,,
"Helena, MT",142,8976.94,117,17855.95,9,1320,,,,,,,,,,,,,1907,,,,
"Kalispell, MT",75,86253.66,157,23317.83,74,11013.9,,,,,,,,,,,,,1907,,,,
"Lewistown, MT",569,86253.66,134,20185.51,152,23139.13,,,,,,,,,,,,,1907,,,,
"Miles City, MT",843,129053.15,86,11782.62,11,1496.06,,,,,,,,,,,,,1907,,,,
"Missoula, MT",95,12471.58,84,12496.33,8,1236.82,,,,,,,,,,,,,1907,,,,
"Alliance, NE",1129,401325.66,121,20909.05,16,2278,,,,,,,,,,,,,1907,,,,
"Broken Bow, NE",642,354627.54,87,16817.74,2,280.9,,,,,,,,,,,,,1907,,,,
"Lincoln, NE",232,68394.14,106,16780.97,12,1073.9,,,,,,,,,,,,,1907,,,,
"North Platte, NE",1245,514795.35,139,21694.22,5,504.1,,,,,,,,,,,,,1907,,,,
"O'Neill, NE",341,125143.62,192,29173.87,20,2313.41,,,,,2,287.7,,,22,3097.38,,,1907,,,,
"Valentine, NE",588,308569.71,257,44582.58,11,1639.43,,,,,,,,,,,,,1907,,,,
"Carson City, NV",288,31503.88,70,6981.16,2,311.15,,,,,,,,,,,,,1907,,,,
"Clayton, NM",9657,1519746.45,457,72379.04,88,13697.5,,,,,,,,,,,,,1907,,,,
"Las Cruces, NM",624,91787.66,81,10303.35,19,2914.86,,,,,,,,,,,,,1907,,,,
"Roswell, NM",3872,607952.68,192,29793.24,136,20827.03,,,,,,,,,,,,,1907,,,,
"Santa Fe, NM",2101,325143.53,346,53132.88,24,3257.3,,,,,,,,,,,,,1907,,,,
"Bismarck, ND",3119,453046.74,913,139393.8,442,65136.2,,,,,,,,,,,,,1907,,,,
"Devils Lake, ND",672,74664.65,1395,206952.95,549,72135.67,,,,,100,8725.83,81,11085.35,6,235,,,1907,,,,
"Dickinson, ND",4722,752362.51,94,14167.07,68,10717.34,,,,,,,,,,,,,1907,,,,
"Fargo, ND",404,55254.17,324,47521.27,123,16302.23,,,,,,,,,,,,,1907,,,,
"Minot, ND",2297,323322.75,1278,198986.59,1919,292751.58,,,,,,,,,,,,,1907,,,,
"Williston, ND",2786,424519.33,150,23102.34,1107,165072.13,,,,,,,,,,,,,1907,,,,
"Alva, OK",251,29982.38,510,75885.97,54,7059.16,,,,,,,,,,,,,1907,,,,
El Reno OK,83,9245.25,386,57680.62,261,37836.51,,,,,53,6163.03,378,56184.89,187,28359.59,,,1907,,,,
"Guthrie, OK",538,63702.18,1213,175997.99,131,15875.19,,,,,,,,,,,,,1907,,,,
"Lawton, OK",2740,415393.14,1358,207182.62,654,93480.63,,,,,,,,,,,,,1907,,,,
"Woodward, OK",3123,468046.05,2198,341913.11,1078,161047.89,,,,,,,,,,,,,1907,,,,
"Burns, OR",433,64818.48,74,10648.02,6,960,,,,,,,,,,,,,1907,,,,
"La Grande, OR",408,58671.57,268,40887.17,37,5450.73,,,,,,,,,,,,,1907,,,,
"Lakeview, OR",165,23500.3,54,7805.56,21,3155.93,,,,,,,,,,,,,1907,,,,
"Portland, OR",292,39039.87,99,13053.65,62,9190.2,,,,,,,,,,,,,1907,,,,
"Roseburg, OR",258,34311.16,133,18438.76,7,1080,,,,,,,,,,,,,1907,,,,
"The Dalles, OR",384,55776.24,238,36577.08,106,15530.29,,,,,,,,,,,,,1907,,,,
"Aberdeen, SD",282,39090.02,192,28075.38,145,21057.21,,,,,,,,,,,,,1907,,,,
"Chamberlain, SD",2623,396318.65,95,14031.48,2171,337996.11,,,,,72,8107.27,186,25453.67,37,5361.09,,,1907,,,,
"Huron, SD",164,22138.75,178,26858.55,113,16068.13,,,,,2,320,1,160,4,570.34,,,1907,,,,
"Mitchell, SD",40,4256.41,56,7450.28,38,4281.24,,,,,171,23083.25,718,105218.01,2,320,,,1907,,,,
"Pierre, SD",2642,414761.58,100,14803.82,488,77261.75,,,,,4,452.91,4,559.7,18,2550.58,,,1907,,,,
"Rapid City, SD",3354,526397.59,187,28937.28,178,27714.46,,,,,5,509.9,5,760,6,954.8,,,1907,,,,
"Watertown, SD",39,2707.62,137,16305.1,35,2670.61,,,,,,,,,,,,,1907,,,,
"Salt Lake City, UT",535,82840.91,42,5987.42,1,13.88,,,,,,,,,,,,,1907,,,,
"Vernal, UT",13,1966.87,4,449.12,,,,,,,331,45386.04,10,1612.19,,,,,1907,,,,
"North Yakima, WA",431,64495.6,132,19372.18,34,5093.09,,,,,,,,,,,,,1907,,,,
"Olympia, WA",79,9779.95,47,5746.97,5,424.95,,,,,,,,,,,,,1907,,,,
"Seattle, WA",161,20539.53,87,11434.16,58,8086.65,,,,,,,,,,,,,1907,,,,
"Spokane, WA",530,70282.39,532,78814.92,122,16982.66,,,,,222,31673.28,21,2766.09,69,10224.37,,,1907,,,,
"Vancouver, WA",228,29360.84,100,13709.91,14,1801.43,,,,,,,,,,,,,1907,,,,
"Walla Walla, WA",472,68570.76,581,87040.94,164,23779.6,,,,,,,,,,,,,1907,,,,
"Waterville, WA",1023,147334.09,585,89583.48,403,60623.52,,,,,43,5292.11,18,2369.93,95,14496.45,,,1907,,,,
"Wausau, WI",287,23468.67,484,53471.06,77,5384.48,,,,,,,,,,,,,1907,,,,
"Buffalo, WY",265,39773,104,15356.02,18,2654.24,,,,,,,,,,,,,1907,,,,
"Cheyenne, WY",611,94492.45,106,15552.03,8,1280,,,,,,,,,,,,,1907,,,,
"Douglas, WY",368,56525.44,110,16578.2,23,3560.64,,,,,,,,,,,,,1907,,,,
"Evanston, WY",143,21082.67,156,23958.95,14,2199.04,,,,,,,,,,,,,1907,,,,
"Lander, WY",177,21298.32,85,11648.97,14,2079.58,,,,,635,94269.55,,,,,,,1907,,,,
"Sundance, WY",475,73516.84,155,23306.69,34,5210.97,,,,,,,,,,,,,1907,,,,
Illinois (GLO),,,,,,,,,,,,,,,,,,,1907,,,,
Indiana (GLO,,,,,,,,,,,,,,,,,,,1907,,,,
Ohio (GLO),,,,,,,,,,,,,,,,,,,1907,,,,
"Montgomery, AL",818,76291.17,367,34782.13,122,10411.25,,,,,,,,,,,,,1908,,,,
"Fairbanks, AK",,,,,,,,,,,,,,,,,,,1908,,,,
"Juneau, AK",13,665.76,13,665.76,,,,,,,,,,,,,,,1908,,,,
"Nome, AK",1,319.96,1,319.96,,,,,,,,,,,,,,,1908,,,,
"Phoenix, AZ",984,136930.3,166,22809.97,42,5672.72,,,,,,,,,,,,,1908,,,,
"Camden, AR",545,54084.24,478,54412.1,160,19513.58,,,,,,,,,,,,,1908,,,,
"Dardanelle, AR",276,29889.03,221,26639.87,58,8003.69,,,,,,,,,,,,,1908,,,,
"Harrison, AR",931,96095.76,585,68442.61,95,10442.93,,,,,,,,,,,,,1908,,,,
"Little Rock, AR",568,54737.41,309,33408.55,48,5400.98,,,,,,,,,,,,,1908,,,,
"Eureka, CA",77,9684.74,63,8770.13,6,704.17,,,,,,,,,,,,,1908,,,,
"Independence, CA",38,5360.11,11,1200,4,473.56,,,,,,,,,,,,,1908,,,,
"Los Angeles, CA",400,58458.93,49,7126.6,17,1915.3,,,,,,,,,,,,,1908,,,,
"Oakland, CA",403,56560.01,148,22087.11,25,3004.11,,,,,,,,,,,,,1908,,,,
"Redding, CA",134,18537.28,83,11759.41,4,560.08,,,,,,,,,,,,,1908,,,,
"Sacramento, CA",255,36186.83,109,16016.78,18,2500.56,,,,,,,,,,,,,1908,,,,
"Susanville, CA",115,17276.29,26,3896.05,2,320,,,,,,,,,,,,,1908,,,,
"Visalia, CA",228,33752.27,41,5916.76,22,3320,,,,,,,,,,,,,1908,,,,
"Del Norte, CO",190,28479.01,33,5120,6,960,,,,,,,,,,,,,1908,,,,
"Denver, CO",1643,249199.67,213,32265.64,112,17149.72,,,,,,,,,,,,,1908,,,,
"Durango, CO",217,26893.52,52,7371.57,21,3000,,,,,,,,,,,,,1908,,,,
"Glenwood Springs, CO",256,36826.64,70,10514.51,14,2155.79,,,,,,,,,,,,,1908,,,,
"Hugo, CO",2246,352722.75,63,9864.91,350,55808.16,,,,,,,,,,,,,1908,,,,
"Lamar, CO",1584,254123.22,86,13496.81,161,25675.23,,,,,,,,,,,,,1908,,,,
"Leadville, CO",47,6889.55,11,1640,,,,,,,,,,,,,,,1908,,,,
"Montrose, CO",582,70361.07,43,6516.44,7,873.37,,,,,,,,,,,,,1908,,,,
"Pueblo, CO",1524,232745.67,251,38307.93,65,9709.71,,,,,,,,,,,,,1908,,,,
"Sterling, CO",1865,296329.14,138,21737.88,176,27656.15,,,,,,,,,,,,,1908,,,,
"Gainesville, FL",612,67145.39,392,45236.15,171,20353.33,,,,,,,,,,,,,1908,,,,
"Blackfoot, ID",1142,158939.5,186,25504.15,71,9121.33,,,,,,,,,,,,,1908,,,,
"Boise, ID",901,105646.92,330,49515.94,81,11392.84,,,,,,,,,,,,,1908,,,,
"Coeur d'Alene, ID",365,46812.83,267,37076.88,49,6324.73,,,,,,,,,,,,,1908,,,,
"Hailey, ID",809,94804.84,68,8721.17,26,3541.19,,,,,,,,,,,,,1908,,,,
"Lewiston, ID",335,42225.92,402,55156.74,64,7589.02,,,,,,,,,,,,,1908,,,,
"Des Moines, IA",2,120,2,108.77,,,,,,,,,,,,,,,1908,,,,
"Colby, KS",355,50278.31,233,33290.01,114,14232.28,,,,,,,,,,,,,1908,,,,
"Dodge City, KS",1797,271967.12,274,42561.69,475,73950.5,,,,,,,,,,,,,1908,,,,
"Topeka, KS",22,1874.93,23,2575.43,8,440,,,,,,,,,,,,,1908,,,,
"Natchitoches, LA",112,8763.07,173,15443.58,54,4429.05,,,,,,,,,,,,,1908,,,,
"New Orleans, LA",299,24064.58,369,32329.22,95,8110.5,,,,,,,,,,,,,1908,,,,
"Marquette, MI",297,29859.88,98,10135.57,28,2417.18,,,,,,,,,,,,,1908,,,,
"Cass Lake, MN",702,82002.91,534,69806.8,65,6868.05,,,,,,,,,,,,,1908,,,,
"Crookston, MN",741,99100.48,605,86129.62,49,5743.94,,,,,,,,,,,,,1908,,,,
"Duluth, MN",749,73173.06,582,66871.02,138,16840.75,,,,,,,,,,,,,1908,,,,
"Jackson, MS",440,32471.08,334,28068.05,103,9206.81,,,,,,,,,,,,,1908,,,,
"Springfield, MO",503,39216.19,399,36146.01,,,,,,,,,,,,,,,1908,,,,
"Billings, MT",780,89423.97,54,7721.73,22,2790.44,,,,,,,,,,,,,1908,,,,
"Bozeman, MT",357,51231.39,142,21805.96,17,2198.08,,,,,,,,,,,,,1908,,,,
"Glasgow, MT",893,135908.82,151,22056.76,23,3637.17,,,,,,,,,,,,,1908,,,,
"Great Falls, MT",430,63101.95,203,31298.23,23,3253.73,,,,,,,,,,,,,1908,,,,
"Helena, MT",201,29805.38,107,15853.08,11,1680,,,,,,,,,,,,,1908,,,,
"Kalispell, MT",54,6637.85,113,16498.09,49,6558.95,,,,,,,,,,,,,1908,,,,
"Lewistown, MT",1176,180904.57,142,21989.82,164,24897.49,,,,,,,,,,,,,1908,,,,
"Miles City, MT",1351,209458.29,96,15070.11,29,4583.39,,,,,,,,,,,,,1908,,,,
"Missoula, MT",87,10982.91,90,13450.8,20,2873.28,,,,,,,,,,,,,1908,,,,
"Alliance, NE",1493,571335.44,180,34169.99,11,1760,,,,,,,,,,,,,1908,,,,
"Broken Bow, NE",654,365570,145,26786.18,9,1200.36,,,,,,,,,,,,,1908,,,,
"Lincoln, NE",204,62410.68,88,14496.17,22,1937.58,,,,,,,,,,,,,1908,,,,
"North Platte, NE",877,350375.06,181,31060.32,15,1937.93,,,,,,,,,,,,,1908,,,,
"O'Neill, NE",244,90564.09,184,31554.6,18,1598.6,,,,,,,,,,,,,1908,,,,
"Valentine, NE",550,300151.29,205,37252.32,3,203.73,,,,,,,,,,,,,1908,,,,
"Carson City, NV",329,33898.07,56,5782.16,3,475.46,,,,,,,,,,,,,1908,,,,
"Clayton, NM",7691,1190212.27,391,62099.81,657,103641.84,,,,,,,,,,,,,1908,,,,
"Las Cruces, NM",539,78713.05,93,12633.02,49,7249.45,,,,,,,,,,,,,1908,,,,
"Roswell, NM",4003,626650.99,336,52566.33,422,66400.76,,,,,,,,,,,,,1908,,,,
"Santa Fe, NM",2872,443289.72,432,65532.86,161,24803.74,,,,,,,,,,,,,1908,,,,
"Bismarck, ND",2078,290931.85,1736,271642.17,1086,160126.73,,,,,,,,,,,,,1908,,,,
"Devils Lake, ND",626,66758.97,1046,152137.07,601,77390.49,,,,,,,,,,,,,1908,,,,
"Dickinson, ND",3793,581647.7,177,27553.43,1306,206530.32,,,,,,,,,,,,,1908,,,,
"Fargo, ND",399,54384.69,482,72421.16,187,26090.02,,,,,,,,,,,,,1908,,,,
"Minot, ND",1105,140499.62,1634,254482.28,3031,153124.44,,,,,,,,,,,,,1908,,,,
"Williston, ND",1404,206215.14,427,66615.5,2574,399974.63,,,,,,,,,,,,,1908,,,,
"Alva, OK",176,20356.01,224,33586.99,39,4545.1,,,,,,,,,,,,,1908,,,,
El Reno OK,96,10034.47,665,99748.03,230,34325.46,,,,,,,,,,,,,1908,,,,
"Guthrie, OK",518,56042.31,1546,223895.63,154,18927.68,,,,,,,,,,,,,1908,,,,
"Lawton, OK",373,45034.78,1097,164578.5,525,75775.12,,,,,,,,,,,,,1908,,,,
"Woodward, OK",2591,370463.17,1926,298187.67,1912,292403.47,,,,,,,,,,,,,1908,,,,
"Burns, OR",511,76901.49,130,19020.17,53,7471.18,,,,,,,,,,,,,1908,,,,
"La Grande, OR",601,85602.7,177,27244.82,60,8616.2,,,,,,,,,,,,,1908,,,,
"Lakeview, OR",263,39466.07,53,7839.83,10,1527.82,,,,,,,,,,,,,1908,,,,
"Portland, OR",261,34160.1,111,15303.71,100,14774.52,,,,,,,,,,,,,1908,,,,
"Roseburg, OR",569,70288.01,440,60553.66,38,5226.3,,,,,,,,,,,,,1908,,,,
"The Dalles, OR",463,67649.21,661,102360.52,204,30034.44,,,,,,,,,,,,,1908,,,,
"Aberdeen, SD",246,29213.87,269,35049.91,228,30694.64,,,,,,,,,,,,,1908,,,,
"Chamberlain, SD",1445,211423.72,185,29145.26,2307,354751.56,,,,,,,,,,,,,1908,,,,
"Huron, SD",67,8110.82,104,15205.93,115,15770.59,,,,,,,,,,,,,1908,,,,
"Mitchell, SD",128,15483.71,41,5614.35,23,2542.97,,,,,,,,,,,,,1908,,,,
"Pierre, SD",3378,523900.74,218,34203.46,1431,226161.36,,,,,,,,,,,,,1908,,,,
"Rapid City, SD",7528,1174020.83,225,33774.66,959,151639.1,,,,,,,,,,,,,1908,,,,
"Salt Lake City, UT",267,38953.93,73,11152.41,1,92.8,,,,,,,,,,,,,1908,,,,
"Vernal, UT",567,77404.61,7,747.94,1,160,,,,,,,,,,,,,1908,,,,
"North Yakima, WA",518,75425.29,214,32929.7,108,16294.29,,,,,,,,,,,,,1908,,,,
"Olympia, WA",72,8047.07,25,3417.96,6,602.4,,,,,,,,,,,,,1908,,,,
"Seattle, WA",127,12372.59,87,11323.18,36,4382.96,,,,,,,,,,,,,1908,,,,
"Spokane, WA",691,92051.3,555,81014.81,132,18873.29,,,,,,,,,,,,,1908,,,,
"Vancouver, WA",253,29309.91,297,43139.13,52,7427.99,,,,,,,,,,,,,1908,,,,
"Walla Walla, WA",426,61589.96,530,81379.81,170,24878.16,,,,,,,,,,,,,1908,,,,
"Waterville, WA",1098,150841.4,770,116562.63,309,45576.48,,,,,,,,,,,,,1908,,,,
"Wausau, WI",355,30275.57,518,57545.32,60,3818.7,,,,,,,,,,,,,1908,,,,
"Buffalo, WY",341,51374.56,118,17464.96,28,4386.78,,,,,,,,,,,,,1908,,,,
"Cheyenne, WY",1205,179446.21,146,21474.59,20,3188.99,,,,,,,,,,,,,1908,,,,
"Douglas, WY",398,61742.6,67,9788.46,27,4255.15,,,,,,,,,,,,,1908,,,,
"Evanston, WY",189,28215.79,105,15668.88,11,1703.56,,,,,,,,,,,,,1908,,,,
"Lander, WY",399,52670.37,97,14469.21,13,1695.11,,,,,,,,,,,,,1908,,,,
"Sundance, WY",629,99533.85,163,25042.27,58,9051.27,,,,,,,,,,,,,1908,,,,
Illinois (GLO),,,,,,,,,,,,,,,,,,,1908,,,,
Indiana (GLO,1,10.08,,,,,,,,,,,,,,,,,1908,,,,
Ohio (GLO),,,,,,,,,,,,,,,,,,,1908,,,,
"Montgomery, AL",570,47810.53,367,34488.54,125,12026.67,,,,,,,,,,,,,1909,,,,
"Fairbanks, AK",,,,,,,,,,,,,,,,,,,1909,,,,
"Juneau, AK",8,467.9,,,,,,,,,,,,,,,,,1909,,,,
"Nome, AK",,,,,,,,,,,,,,,,,,,1909,,,,
"Phoenix, AZ",1836,259106.69,154,21074.9,44,6222.42,,,,,,,,,,,,,1909,,,,
"Camden, AR",298,26787.88,298,34350.14,116,12683.27,,,,,,,,,,,,,1909,,,,
"Dardanelle, AR",102,8992.6,132,16160.8,26,3319.42,,,,,,,,,,,,,1909,,,,
"Harrison, AR",764,77044.22,552,64607.52,62,7128.84,,,,,,,,,,,,,1909,,,,
"Little Rock, AR",451,40744,373,41238.96,50,5724.3,,,,,,,,,,,,,1909,,,,
"Eureka, CA",81,8582.3,55,7734.76,7,1124.8,,,,,,,,,,,,,1909,,,,
"Independence, CA",61,9116.93,9,1160,4,560,,,,,,,,,,,,,1909,,,,
"Los Angeles, CA",451,66166.32,46,6940.31,13,1532.05,,,,,,,,,,,,,1909,,,,
"Oakland, CA",295,41930.98,83,10885.59,9,1333.72,,,,,,,,,,,,,1909,,,,
"Redding, CA",101,12816.47,62,8917.99,8,1088.9,,,,,,,,,,,,,1909,,,,
"Sacramento, CA",169,22599.07,89,12271.21,6,540.88,,,,,,,,,,,,,1909,,,,
"Susanville, CA",154,23474.16,36,5278.01,2,240,,,,,,,,,,,,,1909,,,,
"Visalia, CA",215,32013.17,16,2137.75,11,1480,,,,,,,,,,,,,1909,,,,
"Del Norte, CO",286,43391.55,30,4178.91,11,1599.5,,,,,,,,,,,,,1909,,,,
"Denver, CO",1637,269469.9,169,25498.07,147,22507.4,,,,,,,,,,,,,1909,,,,
"Durango, CO",227,28737.89,51,6978.56,13,1685.66,,,,,,,,,,,,,1909,,,,
"Glenwood Springs, CO",424,62947.42,148,22795.81,2,202.08,,,,,,,,,,,,,1909,,,,
"Hugo, CO",1464,239349.08,92,14762.04,288,45721.14,,,,,,,,,,,,,1909,,,,
"Lamar, CO",788,135487.65,80,12510.55,168,26662,,,,,,,,,,,,,1909,,,,
"Leadville, CO",69,9442.61,16,2346.95,1,133.63,,,,,,,,,,,,,1909,,,,
"Montrose, CO",245,31070.36,89,12187.55,2,320,,,,,,,,,,,,,1909,,,,
"Pueblo, CO",956,150404.88,196,29869,61,9308.77,,,,,,,,,,,,,1909,,,,
"Sterling, CO",2251,375959.87,138,21365.31,209,33090.69,,,,,,,,,,,,,1909,,,,
"Gainesville, FL",605,67670.5,385,49934.66,95,12171.45,,,,,,,,,,,,,1909,,,,
"Blackfoot, ID",1592,233201.36,169,24559.03,80,10991.84,,,,,,,,,,,,,1909,,,,
"Boise, ID",1410,169940.41,197,29133.87,33,4482.99,,,,,,,,,,,,,1909,,,,
"Coeur d'Alene, ID",316,38796.85,169,23676.21,30,3597.35,,,,,,,,,,,,,1909,,,,
"Hailey, ID",860,108033.62,41,5739.09,21,2904.95,,,,,,,,,,,,,1909,,,,
"Lewiston, ID",305,37226.32,297,39954.75,29,3340.78,,,,,,,,,,,,,1909,,,,
"Des Moines, IA",,,,,1,52.43,,,,,,,,,,,,,1909,,,,
"Colby, KS",187,25950.67,190,28092.3,58,8498.91,,,,,,,,,,,,,1909,,,,
"Dodge City, KS",803,121734.92,460,72291.8,644,99251.12,,,,,,,,,,,,,1909,,,,
"Topeka, KS",63,8172.24,38,5459.63,17,1867.99,,,,,,,,,,,,,1909,,,,
"Natchitoches, LA",90,6597.54,136,11222.81,35,2704.39,,,,,,,,,,,,,1909,,,,
"New Orleans, LA",261,18879.9,236,19955.51,109,7837.42,,,,,,,,,,,,,1909,,,,
"Marquette, MI",210,21568.13,125,13409.38,26,1926.44,,,,,,,,,,,,,1909,,,,
"Cass Lake, MN",854,105698.06,455,62274.28,63,7133.09,,,,,,,,,,,,,1909,,,,
"Crookston, MN",551,70392,522,74391.29,27,2518.1,,,,,,,,,,,,,1909,,,,
"Duluth, MN",591,57497.89,702,85871,131,16207.04,,,,,,,,,,,,,1909,,,,
"Jackson, MS",405,29014.75,265,24329.1,68,6624.1,,,,,,,,,,,,,1909,,,,
"Springfield, MO",359,27855.06,407,38405.68,,,,,,,,,,,,,,,1909,,,,
"Billings, MT",784,106252.11,41,6031.86,16,2210.45,,,,,,,,,,,,,1909,,,,
"Bozeman, MT",561,84727.57,123,18603.18,26,3429.39,,,,,,,,,,,,,1909,,,,
"Glasgow, MT",957,158863.3,167,25272.66,81,12427.62,,,,,,,,,,,,,1909,,,,
"Great Falls, MT",1442,216085.48,183,28131.56,30,4188.56,,,,,,,,,,,,,1909,,,,
"Helena, MT",439,66018.43,134,19634.14,12,1720,,,,,,,,,,,,,1909,,,,
"Kalispell, MT",107,12340.24,99,14592.44,24,3537.26,,,,,,,,,,,,,1909,,,,
"Lewistown, MT",1432,221453.38,128,19411.63,280,43425.4,,,,,,,,,,,,,1909,,,,
"Miles City, MT",1631,276950.42,90,14086.19,97,15037.37,,,,,,,,,,,,,1909,,,,
"Missoula, MT",131,16795.22,72,10680.97,7,967.8,,,,,,,,,,,,,1909,,,,
"Alliance, NE",1500,663866.02,147,34943.68,10,1475.94,,,,,,,,,,,,,1909,,,,
"Broken Bow, NE",800,461372.62,117,31665.54,4,520,,,,,,,,,,,,,1909,,,,
"Lincoln, NE",159,44992,82,12225.04,14,1359.26,,,,,,,,,,,,,1909,,,,
"North Platte, NE",675,270115.02,135,24623.73,11,1518.25,,,,,,,,,,,,,1909,,,,
"O'Neill, NE",269,109188.66,134,24716.94,15,1653.42,,,,,,,,,,,,,1909,,,,
"Valentine, NE",706,364179.1,144,28797.22,2,240,,,,,,,,,,,,,1909,,,,
"Carson City, NV",207,27200.22,23,3550.29,3,333.3,,,,,,,,,,,,,1909,,,,
"Clayton, NM",1091,179132.32,246,38854.31,444,70223.23,,,,,,,,,,,,,1909,,,,
"Las Cruces, NM",576,83989.63,88,12764.33,87,12731.45,,,,,,,,,,,,,1909,,,,
"Roswell, NM",3585,652576.4,400,62915.65,865,135089.66,,,,,,,,,,,,,1909,,,,
"Santa Fe, NM",2680,418059.93,309,49168.53,287,44218.94,,,,,,,,,,,,,1909,,,,
"Tucumcari, NM",1702,251608.91,152,24312.12,739,115043.25,,,,,,,,,,,,,1909,,,,
"Bismarck, ND",1293,177031.7,1230,191476.1,752,107486.02,,,,,,,,,,,,,1909,,,,
"Devils Lake, ND",379,36926.45,629,90826.01,351,43050.53,,,,,,,,,,,,,1909,,,,
"Dickinson, ND",1567,234661.21,190,30049.88,509,80318.74,,,,,,,,,,,,,1909,,,,
"Fargo, ND",207,27689.89,416,62953,140,18371.15,,,,,,,,,,,,,1909,,,,
"Minot, ND",617,74156.26,926,143567.57,1271,179260.85,,,,,,,,,,,,,1909,,,,
"Williston, ND",1592,235951.19,819,128275.55,1966,202001.9,,,,,,,,,,,,,1909,,,,
El Reno OK,67,7013.69,928,144054.18,265,38725.61,,,,,,,,,,,,,1909,,,,
"Guthrie, OK",398,45772.52,704,100399.84,146,16653.41,,,,,,,,,,,,,1909,,,,
"Lawton, OK",383,48942.45,1311,199247.41,1200,178982.57,,,,,,,,,,,,,1909,,,,
"Woodward, OK",1246,165159.93,2223,342488.47,1101,161926.05,,,,,,,,,,,,,1909,,,,
"Burns, OR",473,68851.77,103,15264.92,64,9232.58,,,,,,,,,,,,,1909,,,,
"La Grande, OR",713,96596.91,253,39048.26,126,22741.36,,,,,,,,,,,,,1909,,,,
"Lakeview, OR",415,53530.09,61,9313.69,21,3313.31,,,,,,,,,,,,,1909,,,,
"Portland, OR",483,63792.14,133,19052.86,72,9613.69,,,,,,,,,,,,,1909,,,,
"Roseburg, OR",414,47773.15,290,40832.77,46,5900.21,,,,,,,,,,,,,1909,,,,
"The Dalles, OR",485,69625.63,345,53729.39,126,18384.87,,,,,,,,,,,,,1909,,,,
"Aberdeen, SD",121,14141.91,193,24264.58,177,23841.19,,,,,,,,,,,,,1909,,,,
"Chamberlain, SD",709,102911.1,208,32537.57,1297,195589.45,,,,,,,,,,,,,1909,,,,
"Gregory, SD",1694,262611.35,9,1294.63,6,600.22,,,,,,,,,,,,,1909,,,,
"Lemmon, SD",3676,562921.48,74,11802.91,2023,318871.24,,,,,,,,,,,,,1909,,,,
"Mitchell, SD",70,8894.47,15,1760,10,1126.96,,,,,,,,,,,,,1909,,,,
"Pierre, SD",1466,221173.42,272,42269.64,1926,301593.59,,,,,,,,,,,,,1909,,,,
"Rapid City, SD",4780,741641.78,242,37793.08,961,151783.11,,,,,,,,,,,,,1909,,,,
"Salt Lake City, UT",453,81863.61,32,4838.46,2,240,,,,,,,,,,,,,1909,,,,
"Vernal, UT",379,53858.7,5,796.16,,,,,,,,,,,,,,,1909,,,,
"North Yakima, WA",281,36444.67,126,18718.22,66,9674.37,,,,,,,,,,,,,1909,,,,
"Olympia, WA",43,4275.38,19,2497.75,2,200,,,,,,,,,,,,,1909,,,,
"Seattle, WA",73,7231.6,77,8644.41,22,2946.27,,,,,,,,,,,,,1909,,,,
"Spokane, WA",769,103343.38,505,72813.53,60,7871.05,,,,,,,,,,,,,1909,,,,
"Vancouver, WA",247,28912.39,170,22820.63,33,4557.45,,,,,,,,,,,,,1909,,,,
"Walla Walla, WA",372,52147.41,294,45290.56,82,12674.88,,,,,,,,,,,,,1909,,,,
"Waterville, WA",929,125623.76,536,82783.28,147,21814.7,,,,,,,,,,,,,1909,,,,
"Wausau, WI",219,16882.39,447,47973.33,45,3101.27,,,,,,,,,,,,,1909,,,,
"Buffalo, WY",362,53987.09,95,13942.75,30,4279.07,,,,,,,,,,,,,1909,,,,
"Cheyenne, WY",983,158187.9,86,13644.13,141,21979.64,,,,,,,,,,,,,1909,,,,
"Douglas, WY",755,132951.52,69,10401.83,42,6547.81,,,,,,,,,,,,,1909,,,,
"Evanston, WY",220,32536.64,75,11492.6,12,1810.32,,,,,,,,,,,,,1909,,,,
"Lander, WY",504,59331.06,162,24628.17,22,3326.29,,,,,,,,,,,,,1909,,,,
"Sundance, WY",810,129886.58,149,22457.04,89,14128.41,,,,,,,,,,,,,1909,,,,
Illinois (GLO),,,,,,,,,,,,,,,,,,,1909,,,,
Indiana (GLO,,,,,,,,,,,,,,,,,,,1909,,,,
Ohio (GLO),,,,,,,,,,,,,,,,,,,1909,,,,
"Montgomery, AL",548,45213.18,373,34060.64,100,9480.16,,,,,,,,,,,,,1910,,,,
"Fairbanks, AK",,,,,,,,,,,,,,,,,,,1910,,,,
"Juneau, AK",21,2400.54,,,1,68.23,,,,,,,,,,,,,1910,,,,
"Nome, AK",,,,,,,,,,,,,,,,,,,1910,,,,
"Phoenix, AZ",1435,213891.4,155,21207.2,98,14163.71,,,,,,,,,,,,,1910,,,,
"Camden, AR",302,24613.17,383,44015.76,81,9246.76,,,,,,,,,,,,,1910,,,,
"Harrison, AR",638,60397.76,648,74999.61,75,8398.33,,,,,,,,,,,,,1910,,,,
"Little Rock, AR",548,47849.93,543,62389.77,65,7334.79,,,,,,,,,,,,,1910,,,,
"Eureka, CA",101,10911.2,69,9395.01,8,1160,,,,,,,,,,,,,1910,,,,
"Independence, CA",58,8120.26,8,1280,3,400,,,,,,,,,,,,,1910,,,,
"Los Angeles, CA",763,86939.95,78,11662.89,32,4536.9,,,,,,,,,,,,,1910,,,,
"Oakland, CA",407,56435,133,19345.75,41,5840.59,,,,,,,,,,,,,1910,,,,
"Redding, CA",86,11550.16,73,10452.41,16,2474.28,,,,,,,,,,,,,1910,,,,
"Sacramento, CA",173,23252.09,158,22580.91,35,4789.68,,,,,,,,,,,,,1910,,,,
"Susanville, CA",231,34086.86,37,5562.38,6,880,,,,,,,,,,,,,1910,,,,
"Visalia, CA",324,47365.07,32,4966.87,27,3714.58,,,,,,,,,,,,,1910,,,,
"Del Norte, CO",251,36596.63,23,3166.51,37,5366.17,,,,,,,,,,,,,1910,,,,
"Denver, CO",2416,537408.13,269,40858.68,245,37932.26,,,,,,,,,,,,,1910,,,,
"Durango, CO",141,16806.23,46,6832.35,15,1865.78,,,,,,,,,,,,,1910,,,,
"Glenwood Springs, CO",460,67366.52,173,26695.81,13,2080.64,,,,,,,,,,,,,1910,,,,
"Hugo, CO",2553,572485,90,14747.44,243,39037.7,,,,,,,,,,,,,1910,,,,
"Lamar, CO",1965,502449.89,59,9253.04,148,23506,,,,,,,,,,,,,1910,,,,
"Leadville, CO",28,3767,12,1637.67,1,80,,,,,,,,,,,,,1910,,,,
"Montrose, CO",71,10385.46,20,2909.98,3,475.12,,,,,,,,,,,,,1910,,,,
"Pueblo, CO",1360,275392.88,281,51695.64,102,15856.59,,,,,,,,,,,,,1910,,,,
"Sterling, CO",4168,955480.98,95,15569.12,142,22192.49,,,,,,,,,,,,,1910,,,,
"Gainesville, FL",981,116314.72,564,73287.6,101,10982.15,,,,,,,,,,,,,1910,,,,
"Blackfoot, ID",1515,216951.99,207,29030.58,208,30149.69,,,,,,,,,,,,,1910,,,,
"Boise, ID",1262,148881.65,295,42034.61,120,16379.06,,,,,,,,,,,,,1910,,,,
"Coeur d'Alene, ID",264,29347.25,243,33823.01,52,7045.27,,,,,,,,,,,,,1910,,,,
"Hailey, ID",845,110924.09,19,2569.33,27,4280.67,,,,,,,,,,,,,1910,,,,
"Lewiston, ID",451,58474.95,254,37549.41,27,3401.53,,,,,,,,,,,,,1910,,,,
"Des Moines, IA",,,,,1,80,,,,,,,,,,,,,1910,,,,
"Dodge City, KS",759,115517.7,436,68439.92,547,84336.15,,,,,,,,,,,,,1910,,,,
"Topeka, KS",261,35252.13,227,33846.7,68,9306.16,,,,,,,,,,,,,1910,,,,
"Natchitoches, LA",62,4124.74,94,7651.25,9,758.67,,,,,,,,,,,,,1910,,,,
"New Orleans, LA",246,17981.18,185,15365.93,48,3421.85,,,,,,,,,,,,,1910,,,,
"Marquette, MI",176,16027.71,129,13681.41,27,2762.03,,,,,,,,,,,,,1910,,,,
"Cass Lake, MN",174,16984.86,202,24891.94,96,11936.74,,,,,,,,,,,,,1910,,,,
"Crookston, MN",43,4735.89,160,21845.36,22,2445.81,,,,,,,,,,,,,1910,,,,
"Duluth, MN",455,43251.03,576,71437.75,97,11997.91,,,,,,,,,,,,,1910,,,,
"Jackson, MS",368,24831.57,325,27829.6,70,4912.91,,,,,,,,,,,,,1910,,,,
"Springfield, MO",280,21025.97,423,39880.59,,,,,,,,,,,,,,,1910,,,,
"Billings, MT",931,146408.97,54,7936.04,47,4370.81,,,,,,,,,,,,,1910,,,,
"Bozeman, MT",964,157715.27,174,27189.43,42,5520.42,,,,,,,,,,,,,1910,,,,
"Glasgow, MT",4729,1157882.07,132,20654.72,85,13483.42,,,,,,,,,,,,,1910,,,,
"Great Falls, MT",7459,1737216.17,214,32856.09,53,8252.29,,,,,,,,,,,,,1910,,,,
"Helena, MT",786,129786.15,63,9264.74,7,1120,,,,,,,,,,,,,1910,,,,
"Kalispell, MT",134,15252.2,68,10146.15,21,2671.96,,,,,,,,,,,,,1910,,,,
"Lewistown, MT",3205,558004.38,172,26146.08,356,55118.69,,,,,,,,,,,,,1910,,,,
"Miles City, MT",3410,805525.45,80,12090.86,192,29950.92,,,,,,,,,,,,,1910,,,,
"Missoula, MT",105,13165.26,55,8130.94,7,812.24,,,,,,,,,,,,,1910,,,,
"Alliance, NE",1487,591049.01,325,143167.07,7,1125.68,,,,,,,,,,,,,1910,,,,
"Broken Bow, NE",649,357754.73,442,187456.66,4,400,,,,,,,,,,,,,1910,,,,
"Lincoln, NE",115,31410.48,207,82359.06,16,1459.94,,,,,,,,,,,,,1910,,,,
"North Platte, NE",516,194140.75,386,133430.76,14,1529.37,,,,,,,,,,,,,1910,,,,
"O'Neill, NE",285,103923.83,508,168228.87,9,949.49,,,,,,,,,,,,,1910,,,,
"Valentine, NE",601,300795.07,640,260468.71,1,160,,,,,,,,,,,,,1910,,,,
"Carson City, NV",310,4821034,27,3925.93,4,520,,,,,,,,,,,,,1910,,,,
"Clayton, NM",2296,483737.15,152,23924.71,217,34168.02,,,,,,,,,,,,,1910,,,,
"Las Cruces, NM",568,81834.71,97,13301.54,90,13799.17,,,,,,,,,,,,,1910,,,,
"Roswell, NM",2453,449268.72,280,45361.31,841,131909.48,,,,,,,,,,,,,1910,,,,
"Santa Fe, NM",1636,281646.01,278,42084.67,498,77472.78,,,,,,,,,,,,,1910,,,,
"Tucumcari, NM",1390,231254.76,98,16014.37,556,87757.31,,,,,,,,,,,,,1910,,,,
"Bismarck, ND",1134,147597.02,1366,214897.84,598,83695.04,,,,,,,,,,,,,1910,,,,
"Devils Lake, ND",197,18937.72,318,45872.05,211,25333.8,,,,,,,,,,,,,1910,,,,
"Dickinson, ND",1785,262077.59,470,74032.39,348,53406.29,,,,,,,,,,,,,1910,,,,
"Fargo, ND",191,22591.18,293,43349.4,110,14047.86,,,,,,,,,,,,,1910,,,,
"Minot, ND",396,47097.73,567,88139.27,535,72408.29,,,,,,,,,,,,,1910,,,,
"Williston, ND",1707,249510.42,636,100172.7,919,138646.93,,,,,,,,,,,,,1910,,,,
El Reno OK,54,5632.62,79,11062.94,61,7870.54,,,,,,,,,,,,,1910,,,,
"Guthrie, OK",257,27388.53,496,68578.14,120,13102.62,,,,,,,,,,,,,1910,,,,
"Lawton, OK",273,31460.03,303,44074.27,295,41562.49,,,,,,,,,,,,,1910,,,,
"Woodward, OK",926,126004.33,2191,336248.77,916,130217.03,,,,,,,,,,,,,1910,,,,
"Burns, OR",776,126704,93,14756.65,80,12207.63,,,,,,,,,,,,,1910,,,,
"La Grande, OR",537,79694.94,430,65681.52,97,14294.76,,,,,,,,,,,,,1910,,,,
"Lakeview, OR",706,155032.46,46,7203.1,35,5101.63,,,,,,,,,,,,,1910,,,,
"Portland, OR",386,49617.47,133,18259,186,27464.57,,,,,,,,,,,,,1910,,,,
"Roseburg, OR",545,66060.53,134,18865.39,20,2196.85,,,,,,,,,,,,,1910,,,,
"The Dalles, OR",991,166751,340,52627.56,128,18690.69,,,,,,,,,,,,,1910,,,,
"Aberdeen, SD",68,6080.13,126,15947.84,105,13429.8,,,,,,,,,,,,,1910,,,,
"Belle Fourche, SD",3220,502403,86,13676.14,136,20717.06,,,,,,,,,,,,,1910,,,,
"Chamberlain, SD",434,63203.5,196,30457.05,750,112567.13,,,,,,,,,,,,,1910,,,,
"Gregory, SD",31,4418.46,18,2475.57,20,1879.53,,,,,,,,,,,,,1910,,,,
"Lemmon, SD",5488,845950.35,115,18163.7,2065,321140.83,,,,,,,,,,,,,1910,,,,
"Pierre, SD",864,128501.51,266,41307,1411,217862.67,,,,,,,,,,,,,1910,,,,
"Rapid City, SD",3953,604448.59,225,34856.51,1147,179958.04,,,,,,,,,,,,,1910,,,,
"Salt Lake City, UT",1083,257173.5,30,4346.06,8,839.05,,,,,,,,,,,,,1910,,,,
"Vernal, UT",15,2075.24,2,334.86,,,,,,,,,,,,,,,1910,,,,
"North Yakima, WA",285,42398.2,130,20416.98,76,11394.57,,,,,,,,,,,,,1910,,,,
"Olympia, WA",46,4742.12,35,4102.93,5,406.02,,,,,,,,,,,,,1910,,,,
"Seattle, WA",93,9107.71,56,6594.96,36,4206.13,,,,,,,,,,,,,1910,,,,
"Spokane, WA",497,67419.23,313,44876.7,116,15426.74,,,,,,,,,,,,,1910,,,,
"Vancouver, WA",239,27768.92,171,24286.95,53,6816.66,,,,,,,,,,,,,1910,,,,
"Walla Walla, WA",313,45629.9,383,59492.43,102,15165.24,,,,,,,,,,,,,1910,,,,
"Waterville, WA",834,117739.83,583,90358.01,174,24552.27,,,,,,,,,,,,,1910,,,,
"Wausau, WI",211,14914.55,354,37821.26,53,3552.02,,,,,,,,,,,,,1910,,,,
"Buffalo, WY",201,28796.15,91,14202.87,43,6232.83,,,,,,,,,,,,,1910,,,,
"Cheyenne, WY",1265,293772.79,80,13077.35,100,15965.7,,,,,,,,,,,,,1910,,,,
"Douglas, WY",715,144119.56,44,7076.43,49,7781.11,,,,,,,,,,,,,1910,,,,
"Evanston, WY",170,25487.96,81,12090.65,9,1391.33,,,,,,,,,,,,,1910,,,,
"Lander, WY",259,31108.64,49,7594.07,32,4632.59,,,,,,,,,,,,,1910,,,,
"Sundance, WY",1679,435105.64,135,21991.33,64,10200.52,,,,,,,,,,,,,1910,,,,
Illinois (GLO),,,,,,,,,,,,,,,,,,,1910,,,,
Indiana (GLO,,,,,,,,,,,,,,,,,,,1910,,,,
Ohio (GLO),,,,,,,,,,,,,,,,,,,1910,,,,
"Montgomery, AL",558,45658.34,440,39641.84,91,7834.48,,,,,,,,,,,,,1911,,,,
"Fairbanks, AK",,,,,,,,,,,,,,,,,,,1911,,,,
"Juneau, AK",8,373.27,1,47.34,1,29.72,,,,,,,,,,,,,1911,,,,
"Nome, AK",,,,,,,,,,,,,,,,,,,1911,,,,
"Phoenix, AZ",1140,167273.63,195,23121.89,206,30976.19,,,,,,,,,,,,,1911,,,,
"Camden, AR",420,34978.44,417,47525.69,57,4218.27,,,,,,,,,,,,,1911,,,,
"Harrison, AR",995,98656.83,520,61296.33,37,4120.88,,,,,,,,,,,,,1911,,,,
"Little Rock, AR",712,63290.47,501,56454.5,40,4020.71,,,,,,,,,,,,,1911,,,,
"Eureka, CA",84,10056.54,58,7959.26,8,1280,,,,,,,,,,,,,1911,,,,
"Independence, CA",174,24427.37,4,560,3,480,,,,,,,,,,,,,1911,,,,
"Los Angeles, CA",709,91646.81,127,17586.2,84,12056.25,,,,,,,,,,,,,1911,,,,
"Oakland, CA",253,34148.2,67,9534.27,36,4342.32,,,,,,,,,,,,,1911,,,,
"Redding, CA",152,19929.65,65,9524.69,9,1200,,,,,,,,,,,,,1911,,,,
"Sacramento, CA",333,46893.62,131,17960.43,17,2318.3,,,,,,,,,,,,,1911,,,,
"San Francisco, CA",76,10173.7,17,2379.75,11,1547.92,,,,,,,,,,,,,1911,,,,
"Susanville, CA",186,25926.18,40,6162.67,18,2583.25,,,,,,,,,,,,,1911,,,,
"Visalia, CA",337,49227.14,27,3958.75,36,5411.81,,,,,,,,,,,,,1911,,,,
"Del Norte, CO",167,22938.32,32,4770.91,33,4989.75,,,,,,,,,,,,,1911,,,,
"Denver, CO",1141,215382.22,309,47557.05,172,26603.31,,,,,,,,,,,,,1911,,,,
"Durango, CO",137,17616.87,38,5534.38,23,3254.1,,,,,,,,,,,,,1911,,,,
"Glenwood Springs, CO",251,35762.02,98,15304.75,23,3427.05,,,,,,,,,,,,,1911,,,,
"Hugo, CO",954,206324,327,57005.96,129,20136.67,,,,,,,,,,,,,1911,,,,
"Lamar, CO",1752,428661.89,112,18774.59,73,11363.24,,,,,,,,,,,,,1911,,,,
"Leadville, CO",34,5219.45,7,955.63,,,,,,,,,,,,,,,1911,,,,
"Montrose, CO",115,16803.82,26,4022.84,5,757,,,,,,,,,,,,,1911,,,,
"Pueblo, CO",1616,350868.64,284,45252.93,94,14310.76,,,,,,,,,,,,,1911,,,,
"Sterling, CO",1940,462091.48,211,39743.57,137,21579.22,,,,,,,,,,,,,1911,,,,
"Gainesville, FL",1160,137333.05,567,71254.54,161,19842.87,,,,,,,,,,,,,1911,,,,
"Blackfoot, ID",1299,217271.03,252,37219.9,207,30541.78,,,,,,,,,,,,,1911,,,,
"Boise, ID",761,99068.82,370,50630.07,166,22211.55,,,,,,,,,,,,,1911,,,,
"Coeur d'Alene, ID",344,42629.14,204,29020.66,50,6495.27,,,,,,,,,,,,,1911,,,,
"Hailey, ID",620,84917.35,148,20713.11,134,19558.59,,,,,,,,,,,,,1911,,,,
"Lewiston, ID",327,41057.28,246,33857.78,70,9380.71,,,,,,,,,,,,,1911,,,,
"Dodge City, KS",588,88120.61,578,91127.39,303,46354.72,,,,,,,,,,,,,1911,,,,
"Topeka, KS",194,26356.99,444,67597.59,36,4809.35,,,,,,,,,,,,,1911,,,,
"Baton Rouge, LA",54,3635.13,53,3765.03,19,1748.65,,,,,,,,,,,,,1911,,,,
"Natchitoches, LA",116,8912,93,6792.56,17,1066.03,,,,,,,,,,,,,1911,,,,
"New Orleans, LA",152,10872.43,139,11347.04,60,4597.89,,,,,,,,,,,,,1911,,,,
"Marquette, MI",173,16153.46,78,8149.8,26,2531.74,,,,,,,,,,,,,1911,,,,
"Cass Lake, MN",145,12397.67,160,18938.68,56,6102.32,,,,,,,,,,,,,1911,,,,
"Crookston, MN",70,8962.9,121,17451.62,18,1627.92,,,,,,,,,,,,,1911,,,,
"Duluth, MN",455,38491.05,487,56907.07,80,8469.01,,,,,,,,,,,,,1911,,,,
"Jackson, MS",431,32866.48,255,22374.73,50,3667.22,,,,,,,,,,,,,1911,,,,
"Springfield, MO",184,14451.01,395,37233.32,,,,,,,,,,,,,,,1911,,,,
"Billings, MT",560,82660.18,48,6628.41,82,12237.62,,,,,,,,,,,,,1911,,,,
"Bozeman, MT",786,131625.37,137,20529.08,69,10115.61,,,,,,,,,,,,,1911,,,,
"Glasgow, MT",1564,388353.43,192,34913.6,115,17751.86,,,,,,,,,,,,,1911,,,,
"Great Falls, MT",3741,761460.42,182,28260.23,382,57764.54,,,,,,,,,,,,,1911,,,,
"Havre, MT",1991,454317.29,80,12813.68,4,640,,,,,,,,,,,,,1911,,,,
"Helena, MT",713,109870.75,116,17639.67,37,5551.13,,,,,,,,,,,,,1911,,,,
"Kalispell, MT",64,6995.46,46,9865.77,9,695.69,,,,,,,,,,,,,1911,,,,
"Lewistown, MT",1959,313530.55,205,29793.44,566,87540.45,,,,,,,,,,,,,1911,,,,
"Miles City, MT",2151,528530.55,155,25729.94,244,38415.73,,,,,,,,,,,,,1911,,,,
"Missoula, MT",99,13723.38,64,9425.54,3,280,,,,,,,,,,,,,1911,,,,
"Alliance, NE",938,436651.76,822,389797.85,26,3882.31,,,,,,,,,,,,,1911,,,,
"Broken Bow, NE",803,437387.88,464,224226.73,4,520,,,,,,,,,,,,,1911,,,,
"Lincoln, NE",78,24913.54,172,56416.32,9,1174.2,,,,,,,,,,,,,1911,,,,
"North Platte, NE",307,114983.66,500,214113.96,17,2470.12,,,,,,,,,,,,,1911,,,,
"O'Neill, NE",270,97317.41,414,168088.39,9,956.98,,,,,,,,,,,,,1911,,,,
"Valentine, NE",636,328719.27,714,316965.89,1,173.72,,,,,,,,,,,,,1911,,,,
"Carson City, NV",401,63654.43,22,3297.33,20,3061.92,,,,,,,,,,,,,1911,,,,
"Clayton, NM",1228,254470.95,192,31894.34,163,25238.93,,,,,,,,,,,,,1911,,,,
"Fort Sumner, NM",606,116091.04,392,66871.12,187,29320.87,,,,,,,,,,,,,1911,,,,
"Las Cruces, NM",545,78548.14,100,14686.11,122,18238.29,,,,,,,,,,,,,1911,,,,
"Roswell, NM",1211,278259.86,213,33777.71,318,49661.85,,,,,,,,,,,,,1911,,,,
"Santa Fe, NM",1015,168321.74,354,55421.79,329,50771.15,,,,,,,,,,,,,1911,,,,
"Tucumcari, NM",841,156681.17,258,44015.83,284,44090.96,,,,,,,,,,,,,1911,,,,
"Bismarck, ND",588,72576.43,1339,208193.86,419,55293.05,,,,,,,,,,,,,1911,,,,
"Devils Lake, ND",173,18083.86,198,27788,138,15485.18,,,,,,,,,,,,,1911,,,,
"Dickinson, ND",1260,181991.26,964,149957.34,765,115969.4,,,,,,,,,,,,,1911,,,,
"Fargo, ND",88,10690.28,269,40254.34,82,10181.62,,,,,,,,,,,,,1911,,,,
"Minot, ND",198,22493.22,486,75793.87,366,48001.88,,,,,,,,,,,,,1911,,,,
"Williston, ND",1106,159193.03,900,141605,1038,155274.86,,,,,,,,,,,,,1911,,,,
El Reno OK,26,2502.74,12,1396.67,11,1176.97,,,,,,,,,,,,,1911,,,,
"Guthrie, OK",215,22096.6,393,54936.51,90,10993.56,,,,,,,,,,,,,1911,,,,
"Lawton, OK",304,35812.38,240,35532.14,164,19568.12,,,,,,,,,,,,,1911,,,,
"Woodward, OK",536,71753.96,2313,359963.45,428,65606.92,,,,,,,,,,,,,1911,,,,
"Burns, OR",335,57886.83,48,7521.67,73,11381.29,,,,,,,,,,,,,1911,,,,
"La Grande, OR",508,71340.98,299,47032.39,76,10825.8,,,,,,,,,,,,,1911,,,,
"Lakeview, OR",432,81920.44,61,9619.84,63,9852.24,,,,,,,,,,,,,1911,,,,
"Portland, OR",316,40288.92,72,10188.03,49,5756.17,,,,,,,,,,,,,1911,,,,
"Roseburg, OR",397,44372.01,187,26907.77,59,7087.76,,,,,,,,,,,,,1911,,,,
"The Dalles, OR",1258,219557.95,260,39913.25,93,12837.26,,,,,,,,,,,,,1911,,,,
"Vale, OR",250,42780.21,50,7045.61,35,4697.84,,,,,,,,,,,,,1911,,,,
"Aberdeen, SD",67,6388.5,80,9946.86,46,4405.64,,,,,,,,,,,,,1911,,,,
"Belle Fourche, SD",1368,212615.94,91,14430.65,529,83397.2,,,,,,,,,,,,,1911,,,,
"Chamberlain, SD",187,26934.05,329,51849.25,508,75293.41,,,,,,,,,,,,,1911,,,,
"Gregory, SD",25,3128.58,21,2650.88,22,3175.67,,,,,,,,,,,,,1911,,,,
"Lemmon, SD",1656,250209.1,104,16606.33,2754,429632.87,,,,,,,,,,,,,1911,,,,
"Pierre, SD",462,67378.43,285,44994.37,1141,175203.83,,,,,,,,,,,,,1911,,,,
"Rapid City, SD",1561,223865.91,349,52215.07,2347,369448.61,,,,,,,,,,,,,1911,,,,
"Timber Lake, SD",7,643.82,7,1014.42,5,678.95,,,,,,,,,,,,,1911,,,,
"Salt Lake City, UT",1197,299212.53,33,4950.38,8,938.49,,,,,,,,,,,,,1911,,,,
"Vernal, UT",21,2478.43,8,640,,,,,,,,,,,,,,,1911,,,,
"North Yakima, WA",144,20095.92,158,24687.73,75,9884.27,,,,,,,,,,,,,1911,,,,
"Olympia, WA",34,2718.47,20,2358.42,6,520,,,,,,,,,,,,,1911,,,,
"Seattle, WA",85,8794.84,42,5738.42,10,1032,,,,,,,,,,,,,1911,,,,
"Spokane, WA",549,77923.86,283,40377.93,96,11952.47,,,,,,,,,,,,,1911,,,,
"Vancouver, WA",206,23184.32,88,12423.3,45,5641.58,,,,,,,,,,,,,1911,,,,
"Walla Walla, WA",217,32943.86,291,45909.7,85,12567.87,,,,,,,,,,,,,1911,,,,
"Waterville, WA",592,83016.95,557,91511.51,171,24046.72,,,,,,,,,,,,,1911,,,,
"Wausau, WI",232,16819.87,294,31871.91,32,2292.29,,,,,,,,,,,,,1911,,,,
"Buffalo, WY",339,55722.19,87,13399.23,54,8070.62,,,,,,,,,,,,,1911,,,,
"Cheyenne, WY",617,130380.52,107,17625.11,84,13308.35,,,,,,,,,,,,,1911,,,,
"Douglas, WY",575,110977.6,63,10378.8,61,9552.55,,,,,,,,,,,,,1911,,,,
"Evanston, WY",179,27407.46,53,7987.19,6,844.96,,,,,,,,,,,,,1911,,,,
"Lander, WY",262,32860.5,39,5886.38,23,3204.33,,,,,,,,,,,,,1911,,,,
"Sundance, WY",768,162248.84,117,20556.61,58,9136.89,,,,,,,,,,,,,1911,,,,
Illinois (GLO),,,,,,,,,,,,,,,,,,,1911,,,,
Indiana (GLO,,,,,,,,,,,,,,,,,,,1911,,,,
Ohio (GLO),,,,,,,,,,,,,,,,,,,1911,,,,
"Montgomery, AL",834,82296.82,331,29275.61,77,5510.32,,,,,,,,,,,,,1912,,,,
"Fairbanks, AK",,,,,,,,,,,,,,,,,,,1912,,,,
"Juneau, AK",14,1185.32,,,,,,,,,,,,,,,,,1912,,,,
"Nome, AK",,,,,,,,,,,,,,,,,,,1912,,,,
"Phoenix, AZ",1486,221076.44,163,23882.61,155,23155.43,,,,,,,,,,,,,1912,,,,
"Camden, AR",478,43375.78,314,35207.8,59,4827.27,,,,,,,,,,,,,1912,,,,
"Harrison, AR",1226,120724.44,670,80340.77,40,3113.34,,,,,,,,,,,,,1912,,,,
"Little Rock, AR",818,71737.14,506,59909.13,40,3705.58,,,,,,,,,,,,,1912,,,,
"Eureka, CA",131,16537.36,33,4277.33,8,1193.26,,,,,,,,,,,,,1912,,,,
"Independence, CA",145,20801.51,4,520,8,1139.36,,,,,,,,,,,,,1912,,,,
"Los Angeles, CA",919,122102.93,97,13671.51,73,10328.1,,,,,,,,,,,,,1912,,,,
"Redding, CA",132,18431.41,75,10450.56,5,800,,,,,,,,,,,,,1912,,,,
"Sacramento, CA",400,55001.78,102,13542.37,19,2710.98,,,,,,,,,,,,,1912,,,,
"San Francisco, CA",383,55001.78,51,7649.75,49,7077.95,,,,,,,,,,,,,1912,,,,
"Susanville, CA",227,52241.7,30,4438.55,27,3467.8,,,,,,,,,,,,,1912,,,,
"Visalia, CA",236,32988.12,44,6771.48,49,7354.71,,,,,,,,,,,,,1912,,,,
"Del Norte, CO",138,19094.76,36,5645.94,33,4975.17,,,,,,,,,,,,,1912,,,,
"Denver, CO",866,157995.99,306,49096.1,141,21120.14,,,,,,,,,,,,,1912,,,,
"Durango, CO",180,23235.75,25,3509.73,8,1200.24,,,,,,,,,,,,,1912,,,,
"Glenwood Springs, CO",234,34752.92,76,11627.22,19,2927.46,,,,,,,,,,,,,1912,,,,
"Hugo, CO",513,112251.42,649,111776.89,197,31447.38,,,,,,,,,,,,,1912,,,,
"Lamar, CO",706,174734.61,192,33165.43,73,11586.91,,,,,,,,,,,,,1912,,,,
"Leadville, CO",42,5547.66,14,2234.59,3,463.78,,,,,,,,,,,,,1912,,,,
"Montrose, CO",78,11589.33,30,4458.53,3,480,,,,,,,,,,,,,1912,,,,
"Pueblo, CO",1096,212051.92,342,55928.94,74,11110.77,,,,,,,,,,,,,1912,,,,
"Sterling, CO",1041,244738.56,274,48902.76,308,48563.77,,,,,,,,,,,,,1912,,,,
"Gainesville, FL",1445,171966.37,357,43831.06,323,41663.97,,,,,,,,,,,,,1912,,,,
"Blackfoot, ID",1299,217915.89,314,45918.94,208,29214.12,,,,,,,,,,,,,1912,,,,
"Boise, ID",916,119750.7,251,35866.27,171,22938.75,,,,,,,,,,,,,1912,,,,
"Coeur d'Alene, ID",270,32050.74,179,26233.19,36,3628.58,,,,,,,,,,,,,1912,,,,
"Hailey, ID",950,154360.04,102,14891,69,10232.88,,,,,,,,,,,,,1912,,,,
"Lewiston, ID",313,38828.39,182,25947.07,46,6278.69,,,,,,,,,,,,,1912,,,,
"Dodge City, KS",374,57140.39,915,144547.27,270,41902.63,,,,,,,,,,,,,1912,,,,
"Topeka, KS",58,8012.72,301,44830.14,22,2797.41,,,,,,,,,,,,,1912,,,,
"Baton Rouge, LA",235,15686.23,225,17380.56,76,5441.72,,,,,,,,,,,,,1912,,,,
"Marquette, MI",152,15292.37,92,10110.01,25,2224.93,,,,,,,,,,,,,1912,,,,
"Cass Lake, MN",115,9779.97,88,99664.41,25,2320.96,,,,,,,,,,,,,1912,,,,
"Crookston, MN",215,29675.45,95,12434.25,9,856.31,,,,,,,,,,,,,1912,,,,
"Duluth, MN",431,33730.07,297,33936.51,64,5848.97,,,,,,,,,,,,,1912,,,,
"Jackson, MS",359,27708.14,263,22196.82,75,4644.31,,,,,,,,,,,,,1912,,,,
"Springfield, MO",120,9379.82,289,26422.03,,,,,,,,,,,,,,,1912,,,,
"Billings, MT",802,131204.45,48,6078.76,93,13643.16,,,,,,,,,,,,,1912,,,,
"Bozeman, MT",896,159789.08,131,19714.61,97,13746.97,,,,,,,,,,,,,1912,,,,
"Glasgow, MT",1021,217941.04,244,39378.13,218,33319.43,,,,,,,,,,,,,1912,,,,
"Great Falls, MT",3206,659785.68,128,19940.56,543,79385.34,,,,,,,,,,,,,1912,,,,
"Havre, MT",2037,442474.56,86,14037.67,103,16288.89,,,,,,,,,,,,,1912,,,,
"Helena, MT",653,102836.29,75,11344.61,41,6320.7,,,,,,,,,,,,,1912,,,,
"Kalispell, MT",140,14469.66,41,5908.54,4,520,,,,,,,,,,,,,1912,,,,
"Lewistown, MT",1851,300400.28,186,26693.98,808,125095.45,,,,,,,,,,,,,1912,,,,
"Miles City, MT",1725,440512.16,192,31389.91,230,35520.46,,,,,,,,,,,,,1912,,,,
"Missoula, MT",115,13693.92,40,5260.82,7,982.24,,,,,,,,,,,,,1912,,,,
"Alliance, NE",754,359883.41,562,270471.96,21,2894.63,,,,,,,,,,,,,1912,,,,
"Broken Bow, NE",733,389963.36,451,244378.14,7,952.1,,,,,,,,,,,,,1912,,,,
"Lincoln, NE",37,9115.64,109,36487.89,14,1360.35,,,,,,,,,,,,,1912,,,,
"North Platte, NE",234,87619.8,422,179670.14,7,839.1,,,,,,,,,,,,,1912,,,,
"O'Neill, NE",179,57139.91,208,79212.74,14,1591.81,,,,,,,,,,,,,1912,,,,
"Valentine, NE",738,380089.24,453,220423.23,7,880.31,,,,,,,,,,,,,1912,,,,
"Carson City, NV",366,53455.97,23,3346,16,2399.23,,,,,,,,,,,,,1912,,,,
"Clayton, NM",1003,221198.7,203,33292.94,86,13597.39,,,,,,,,,,,,,1912,,,,
"Fort Sumner, NM",429,78921.48,647,112018.39,110,17280.93,,,,,,,,,,,,,1912,,,,
"Las Cruces, NM",752,110285.86,99,14752.53,139,21311.3,,,,,,,,,,,,,1912,,,,
"Roswell, NM",750,155976.19,208,35179.98,114,17430.02,,,,,,,,,,,,,1912,,,,
"Santa Fe, NM",891,130469.25,536,83805.42,167,25307.73,,,,,,,,,,,,,1912,,,,
"Tucumcari, NM",666,124760.92,636,106314.09,90,13979.09,,,,,,,,,,,,,1912,,,,
"Bismarck, ND",561,65957.97,1584,245163.8,320,41286.31,,,,,,,,,,,,,1912,,,,
"Devils Lake, ND",107,10446.35,163,22171.62,86,9296.09,,,,,,,,,,,,,1912,,,,
"Dickinson, ND",756,106684.13,1388,219833.25,805,120766.52,,,,,,,,,,,,,1912,,,,
"Fargo, ND",70,7445.71,197,29425.36,48,5939.65,,,,,,,,,,,,,1912,,,,
"Minot, ND",149,17388.53,428,65859.9,186,22550.05,,,,,,,,,,,,,1912,,,,
"Williston, ND",547,75272.11,808,126351.48,823,122315.33,,,,,,,,,,,,,1912,,,,
"Guthrie, OK",265,25210.87,326,45314.92,89,9249.64,,,,,,,,,,,,,1912,,,,
"Lawton, OK",100,11525.26,67,8862.03,48,5631.25,,,,,,,,,,,,,1912,,,,
"Woodward, OK",442,55010.24,1479,225162.77,170,25475.38,,,,,,,,,,,,,1912,,,,
"Burns, OR",324,61157.23,65,10548.95,62,9929.48,,,,,,,,,,,,,1912,,,,
"La Grande, OR",475,68766.42,192,30916.96,82,12367.02,,,,,,,,,,,,,1912,,,,
"Lakeview, OR",569,103452.75,42,6829.67,104,15983.18,,,,,,,,,,,,,1912,,,,
"Portland, OR",338,43371.81,46,6161.46,35,4299.05,,,,,,,,,,,,,1912,,,,
"Roseburg, OR",497,59126.53,179,24533.84,78,8846.83,,,,,,,,,,,,,1912,,,,
"The Dalles, OR",810,132469.94,161,24949.14,174,25588.27,,,,,,,,,,,,,1912,,,,
"Vale, OR",213,33476.9,49,7496.48,38,5141.34,,,,,,,,,,,,,1912,,,,
"Belle Fourche, SD",415,62566.93,99,15595.37,1495,237318.58,,,,,,,,,,,,,1912,,,,
"Chamberlain, SD",107,15123.07,241,37699.78,298,44041.51,,,,,,,,,,,,,1912,,,,
"Gregory, SD",17,2301.33,6,719.8,20,3003.78,,,,,,,,,,,,,1912,,,,
"Lemmon, SD",520,77697.16,119,19057.83,2490,390212.09,,,,,,,,,,,,,1912,,,,
"Pierre, SD",185,27211.41,304,47972.26,634,97267.78,,,,,,,,,,,,,1912,,,,
"Rapid City, SD",689,98365.53,282,43912.83,1849,289289.13,,,,,,,,,,,,,1912,,,,
"Timber Lake, SD",32,2378.93,323,49498.64,37,4091.91,,,,,,,,,,,,,1912,,,,
"Salt Lake City, UT",997,264832.77,47,6596.32,21,2837.5,,,,,,,,,,,,,1912,,,,
"Vernal, UT",21,2863.52,3,458.16,3,440,,,,,,,,,,,,,1912,,,,
"North Yakima, WA",112,14544.4,119,18166.69,43,6178.7,,,,,,,,,,,,,1912,,,,
"Olympia, WA",20,1364.03,16,1515.26,2,240,,,,,,,,,,,,,1912,,,,
"Seattle, WA",75,7988.63,47,6410.69,15,1710.88,,,,,,,,,,,,,1912,,,,
"Spokane, WA",351,47866.25,219,31680.64,91,12905.37,,,,,,,,,,,,,1912,,,,
"Vancouver, WA",157,16677.17,80,10890.48,30,3372.13,,,,,,,,,,,,,1912,,,,
"Walla Walla, WA",242,32867.23,204,31433.88,43,6162.4,,,,,,,,,,,,,1912,,,,
"Waterville, WA",406,56152.05,382,60121.27,111,14683.17,,,,,,,,,,,,,1912,,,,
"Wausau, WI",227,15795.36,213,21635.96,22,1585.7,,,,,,,,,,,,,1912,,,,
"Buffalo, WY",219,35872.04,89,14326.57,24,3559.52,,,,,,,,,,,,,1912,,,,
"Cheyenne, WY",493,112634.24,83,13445.71,62,9706.62,,,,,,,,,,,,,1912,,,,
"Douglas, WY",297,53329.64,55,9907.47,69,10916.86,,,,,,,,,,,,,1912,,,,
"Evanston, WY",188,28338.29,46,7000.52,15,1978.15,,,,,,,,,,,,,1912,,,,
"Lander, WY",162,20430.16,49,7611.94,16,2397.32,,,,,,,,,,,,,1912,,,,
"Sundance, WY",326,65837.04,145,24937.43,47,7457.68,,,,,,,,,,,,,1912,,,,
Illinois (GLO),,,,,,,,,,,,,,,,,,,1912,,,,
Indiana (GLO,,,,,,,,,,,,,,,,,,,1912,,,,
Ohio (GLO),,,,,,,,,,,,,,,,,,,1912,,,,
