{"type":"FeatureCollection","features":[{"type":"Feature","id":182,"geometry":{"type":"MultiPolygon","coordinates":[[[[-99.66197317000001,43.002436416000073],[-99.661900499000012,43.002361868999976],[-99.658105889000012,42.998469050000011],[-99.608011830999999,42.997357604000001],[-99.589596862999997,42.989285793000043],[-99.575524347999988,42.98194659399995],[-99.561806810999997,42.981194651000045],[-99.552948164999989,42.976284936000042],[-99.542170639999995,42.972003390000012],[-99.527001070999972,42.973297620999958],[-99.515115744000013,42.970192999999988],[-99.505182042000001,42.967031962000014],[-99.497470081000017,42.968971754999949],[-99.488662207000004,42.972376510999986],[-99.481984988000022,42.971703932000032],[-99.475188493000019,42.968739080999995],[-99.464220497999975,42.968186040999996],[-99.459356983000021,42.972338853999979],[-99.451598600000011,42.973416305000015],[-99.434299140999997,42.971315695999962],[-99.424199585999986,42.972456401999978],[-99.41036853899999,42.96939570900004],[-99.400757008000028,42.964783035999972],[-99.39458464400002,42.958640754999976],[-99.385712231000014,42.953145913],[-99.376451266999993,42.947661043999965],[-99.366252883000016,42.939045028999985],[-99.357471884000006,42.935267109000023],[-99.350091736000024,42.936041143000033],[-99.339692153999991,42.938904674000007],[-99.333309582000027,42.936207882000019],[-99.327650257000016,42.932343675000034],[-99.322600253000019,42.925019937999942],[-99.314617526999996,42.921504465000012],[-99.303311306000012,42.921807161999965],[-99.293295909999983,42.916623200000018],[-99.284146260999989,42.913136879999996],[-99.277308263999998,42.909014785000039],[-99.267854844999988,42.907256783999983],[-99.258365911999988,42.906359730000005],[-99.250333758000011,42.909727244999956],[-99.242189481000025,42.910801910000032],[-99.234254325999984,42.908140802999959],[-99.227712747999988,42.901999929999981],[-99.219361834999972,42.898774924999991],[-99.207572943000002,42.897073202000044],[-99.201864182000008,42.900090328999994],[-99.199813941999992,42.906168404000056],[-99.194548703000009,42.91032124100002],[-99.183620002999987,42.910316376000019],[-99.174654050000015,42.91054703399999],[-99.167034204999993,42.91447219199997],[-99.157867523999982,42.918723260999997],[-99.148134108000022,42.91925845999998],[-99.140551129000016,42.915721795999964],[-99.132915174000004,42.911038443999992],[-99.123384857000019,42.907550087000025],[-99.110977451999986,42.909297524999964],[-99.102737787000024,42.908357119000001],[-99.095574821000014,42.905380969999975],[-99.083398129999978,42.903677184000031],[-99.07135384999998,42.904837808000032],[-99.062269984000025,42.902481268000045],[-99.054680351999991,42.898652694000006],[-99.045260418999987,42.897450780999968],[-99.033216600999992,42.898607698999996],[-99.019912304999991,42.897786048999961],[-99.00757117400002,42.892349362999973],[-98.997686073000011,42.889433863999969],[-98.984607309000012,42.884873463999988],[-98.976193696999985,42.879912490000017],[-98.969614933999992,42.872324830000011],[-98.962711604999981,42.866179027000022],[-98.955147668000009,42.864466775999979],[-98.948648678999973,42.858597386999975],[-98.944852227000027,42.852089418000006],[-98.936910732000001,42.848835833000045],[-98.921557307,42.845470474000031],[-98.912022421000017,42.841392317000015],[-98.906358147999981,42.836648560000015],[-98.897914824000011,42.83971603499996],[-98.88679393000001,42.843993117000004],[-98.874268947000019,42.842850905999981],[-98.862461967999991,42.840256328000002],[-98.85440352400002,42.834131295999995],[-98.843037013000014,42.832672269],[-98.826657108000006,42.832474687000001],[-98.815644690999989,42.830144373000053],[-98.803308645000016,42.824113567000012],[-98.79032768899998,42.821251935000014],[-98.778209878999974,42.820377765999964],[-98.769112254999982,42.81713954800005],[-98.760381172999985,42.813318682999999],[-98.749067379999985,42.81299747700001],[-98.731913942999995,42.812804664999994],[-98.714748971999995,42.812322836000007],[-98.699726610000027,42.812477805999983],[-98.691447066000023,42.810076698999971],[-98.682401024000001,42.80797859200004],[-98.674408803000006,42.802988116999956],[-98.66727625,42.799986755000035],[-98.658988024999985,42.79729678700005],[-98.649978788999988,42.796056201999974],[-98.638910703000022,42.791990138000003],[-98.624296317000017,42.786851032999991],[-98.614065617999984,42.784199387000044],[-98.60385803600002,42.782120190999947],[-98.593195298000012,42.778328391999992],[-98.593625798999994,42.808458262999942],[-98.594105470999978,42.841996171999995],[-98.588504946,42.844631589000052],[-98.584534034000001,42.846499880000032],[-98.575707293999983,42.850126677000006],[-98.568717327999991,42.850846014000012],[-98.560525578000011,42.850729300999937],[-98.552169705999972,42.846312545999993],[-98.543934911999997,42.845048195000047],[-98.532616823000012,42.844707164999996],[-98.524068828999987,42.845455931999965],[-98.513572947,42.846243773999994],[-98.499549474999981,42.846528472999935],[-98.492180206,42.847538004999954],[-98.489532059999988,42.848212601999997],[-98.484842679999986,42.84940701400005],[-98.476619400000004,42.848424818000048],[-98.468754155999989,42.846574362999974],[-98.460931553000023,42.845869970999992],[-98.453982891999999,42.847729386000019],[-98.446139333000019,42.846450773000036],[-98.439054242999987,42.844582983000038],[-98.433044246999998,42.840111939999922],[-98.423129786000018,42.835430441999975],[-98.416005078000012,42.832414700000015],[-98.405899454000007,42.833185782000008],[-98.399319498000011,42.834461257999948],[-98.388875090000013,42.836671770000052],[-98.383144684000001,42.836620373000017],[-98.378737914999988,42.836580668000018],[-98.36732063300002,42.833357949999971],[-98.358221013000005,42.829516227999974],[-98.348753136000028,42.826254544999998],[-98.348881189999986,42.785518184999972],[-98.340677791000019,42.784813529000047],[-98.341201583999975,42.755255803999965],[-98.337852677000001,42.75479554600004],[-98.310288260000007,42.751003516000075],[-98.290333772999986,42.746116463000007],[-98.274846971999978,42.738992247999988],[-98.263657319000004,42.734177891999991],[-98.249276667999993,42.730855196999961],[-98.237489976999996,42.72748376700001],[-98.226281108000023,42.721949175999981],[-98.214378682000017,42.714991614999981],[-98.205227795999974,42.712765054000002],[-98.196077517999981,42.71053780699998],[-98.179652646000022,42.703896488999959],[-98.165837882000005,42.697685257000003],[-98.152734875000021,42.693372608000011],[-98.139972697000019,42.689530790999974],[-98.122120773000006,42.688644328000017],[-98.107583304000002,42.690089308999987],[-98.100478172999999,42.693761618000032],[-98.098972763000006,42.694539587000016],[-98.097260505999998,42.696732447999977],[-98.093675132999977,42.701323613000014],[-98.094350050000003,42.712548134999984],[-98.094150110999976,42.726895117000026],[-98.095104650999986,42.736680188999962],[-98.099889571000006,42.744487529000047],[-98.099812634999978,42.752377524000018],[-98.098792930000002,42.76123967499997],[-98.096266324999988,42.763434074000017],[-98.104726911000014,42.764246137999976],[-98.113911664,42.767435676000019],[-98.118579983000018,42.771419337000012],[-98.124432344000013,42.771796752000029],[-98.136892629999977,42.775884293999987],[-98.148187484999994,42.784054621999978],[-98.155592456000022,42.792291906999999],[-98.162991525999985,42.800289751999991],[-98.171968143000015,42.806825122000042],[-98.185426888999984,42.811368231999985],[-98.19733560200001,42.818088805000045],[-98.21202476000002,42.830256168999995],[-98.225508233000028,42.845072736000049],[-98.230441541999994,42.846895939999975],[-98.239731880000022,42.848831216999983],[-98.246984849,42.848125776000003],[-98.255205620000027,42.845298771999964],[-98.271430840999983,42.848634613000002],[-98.285904904999995,42.853913001000045],[-98.312801492999995,42.865076805000022],[-98.334869998999977,42.871736805000005],[-98.347828691000018,42.877992694999989],[-98.363094685000021,42.883247010999909],[-98.378841989000023,42.887342864999994],[-98.397067252999989,42.895213061999961],[-98.40972814700001,42.900129711999995],[-98.431093718,42.908316058999986],[-98.455359332,42.917397235000003],[-98.476251441999977,42.926541281999988],[-98.491314247999981,42.932739968000007],[-98.501980412000037,42.939599503000053],[-98.507934245999991,42.945674177000001],[-98.514196774000027,42.953004247999992],[-98.516320108000002,42.960991852000028],[-98.525959930999989,42.968061271999986],[-98.535074150000014,42.974949478999967],[-98.545586125999989,42.984293891999961],[-98.560367940000006,42.996225914999989],[-98.566007113000026,43.007389938999964],[-98.573830643000008,43.027838492000015],[-98.580164183000022,43.050076037000025],[-98.587493923000011,43.057570649999995],[-98.602924393000023,43.065468432000017],[-98.619265574999986,43.069903715000009],[-98.629532805999986,43.072362860999981],[-98.646929809000028,43.070462991999989],[-98.660126548000008,43.067886145999992],[-98.674716978999982,43.06757205800001],[-98.688677133999988,43.066288483999998],[-98.702096145999974,43.069246817000042],[-98.718402593000022,43.079023225000057],[-98.741749496000011,43.09495108400003],[-98.756701372000009,43.103222837999994],[-98.776224393999996,43.114640623999989],[-98.801981441999999,43.13757656600005],[-98.810813934000009,43.142729722999974],[-98.825525501000016,43.144880842000013],[-98.858626134000019,43.143549016000058],[-98.870176491000009,43.145002955999942],[-98.882725051000023,43.151403319999979],[-98.900110669000014,43.166865981000001],[-98.907381825000016,43.177557797000041],[-98.911736393000012,43.186326146999981],[-98.916731969000011,43.195385072999969],[-98.920980821000001,43.206449412000012],[-98.921625649000021,43.221115683999969],[-98.923936046999984,43.230848781000056],[-98.928545798000016,43.235786817000019],[-98.937638441999979,43.23801900400003],[-98.957515734000026,43.238159170000074],[-98.958079753999982,43.23820327400005],[-98.953899607999972,43.01556197099999],[-99.66197317000001,43.002436416000073]]],[[[-102.96261512199999,46.401486830000053],[-102.96894655800003,46.403066856999992],[-102.976055105,46.403327613999956],[-102.98311659000001,46.403164617000009],[-102.98940154600001,46.404320283000033],[-102.99568673300001,46.405475643999978],[-103.000631075,46.408405840000036],[-103.001902391,46.408763834000048],[-103.00642304000002,46.410651743000003],[-103.006736338,46.39513330700003],[-103.01056526000002,46.01290654400001],[-102.99874197600002,46.013084680000034],[-102.995545209,45.816130730000019],[-103.00076011300001,45.556968618999953],[-103.00077271399999,45.461395055999994],[-103.00078230899999,45.388404964000038],[-103.00079220200001,45.312978888999979],[-103.00186063500001,45.14296664200004],[-103.00443294600001,45.019392326999984],[-103.00314233900002,44.966221624999989],[-103.00584811200002,44.729616770999954],[-103.00647537200001,44.698281492999975],[-103.00882137899998,44.580798483000088],[-103.00770924400001,44.519351487000023],[-103.005465716,44.395017007999996],[-102.98579153999998,44.381817571999974],[-102.95970654799999,44.367017453999992],[-102.93986734800001,44.359988762999954],[-102.90846516300002,44.36013331300002],[-102.89385540299998,44.356018532000014],[-102.876041289,44.353928692999986],[-102.85257317899999,44.356350501999955],[-102.83521968299999,44.358628660000043],[-102.82639562899999,44.365990123000017],[-102.81748208200003,44.367427227999997],[-102.803988344,44.36585919499997],[-102.783795962,44.361398334999983],[-102.76775238300002,44.360919489000054],[-102.75285952299998,44.363819310999979],[-102.74154972999997,44.367864904000008],[-102.72136117999997,44.368557147000004],[-102.69378759799997,44.370019711000047],[-102.66721490899999,44.370849799999959],[-102.63736267399997,44.370890395999972],[-102.62192558900001,44.371126017999984],[-102.60125300099998,44.377560408999983],[-102.5895744,44.383331739000049],[-102.57080602600001,44.384503055999978],[-102.55830020399998,44.38316362399997],[-102.54374549800002,44.378411063999906],[-102.52363411499999,44.37776743000002],[-102.50099442200002,44.383827355999955],[-102.48109408800002,44.389589710999999],[-102.47283107300001,44.390681850000014],[-102.46606700299998,44.389689489000013],[-102.45443614300001,44.382636343000023],[-102.44864244000001,44.375284709000063],[-102.43786630900001,44.371436545000016],[-102.42722079100002,44.371595598999932],[-102.420095446,44.375016280999951],[-102.41754816600002,44.384321838999973],[-102.42190247100001,44.387924301999995],[-102.42883486199997,44.390630965999954],[-102.42703212800001,44.393972438000056],[-102.41514756599997,44.397825377999986],[-102.40119838200002,44.399678764999983],[-102.39013702900002,44.395649919000014],[-102.38204719499998,44.39472006700003],[-102.37487966499998,44.397757619000011],[-102.37060247599999,44.405810498000008],[-102.37166999099998,44.424872089000033],[-102.38085432600002,44.431482073000019],[-102.38344090999999,44.438806466000038],[-102.38221751499999,44.445367071000042],[-102.37995451500001,44.449495096999996],[-102.36880231599999,44.450056372999974],[-102.36127919799998,44.446802784999996],[-102.35345115400003,44.434962671999962],[-102.34692357699998,44.428217707999941],[-102.33505252399999,44.429576812000008],[-102.33017556499999,44.431541009999975],[-102.32271112299998,44.437074726999995],[-102.31912372599999,44.438591758999983],[-102.318577081,44.421989841999981],[-102.31606062499998,44.412558192999953],[-102.31761753299998,44.403878840000004],[-102.32301789299999,44.396345384000007],[-102.32314817000002,44.389457325000009],[-102.31884941599998,44.380878892999981],[-102.31909094100001,44.375132064000049],[-102.32557386399998,44.373278753000058],[-102.33528284900001,44.372856571999947],[-102.34083969,44.369710667000021],[-102.34574678899997,44.359906193999961],[-102.34506616700003,44.350190637000047],[-102.34441725800002,44.343532123999985],[-102.34910169199998,44.339664610999968],[-102.35804022500002,44.338450653000002],[-102.36177960800001,44.33310066300001],[-102.36058052400001,44.326278456000026],[-102.35887523100003,44.316996223000046],[-102.36583011699997,44.311866351000013],[-102.37361161000001,44.309753360000002],[-102.38171345900003,44.308197254999932],[-102.38720659900002,44.304478183000029],[-102.38790081299999,44.295265653999977],[-102.37924605000001,44.288437505999973],[-102.36827926699999,44.285166966000048],[-102.36041259299998,44.283651403000015],[-102.35789041599998,44.276895238999998],[-102.35882973899999,44.270155897000009],[-102.36585395200001,44.26578666399999],[-102.36696414599999,44.258082419999973],[-102.37512414999999,44.251743078999951],[-102.385344245,44.244725205000002],[-102.39412339500001,44.239309072999994],[-102.40607682199999,44.233731093000046],[-102.411132205,44.225634143999976],[-102.41108457799999,44.217031344000048],[-102.41383197900001,44.209816163999996],[-102.41880718700003,44.203634841000024],[-102.42087443999998,44.194923981999992],[-102.415801004,44.186576492],[-102.406706558,44.177859431999984],[-102.40493952200001,44.170682014000015],[-102.40711959700002,44.163112654999992],[-102.41347232599998,44.154757083000007],[-102.41480194399999,44.146656826999994],[-102.41188164499999,44.141259117999994],[-102.41513291699999,44.136503462000007],[-102.42325206499999,44.132647079999998],[-102.42484422299998,44.124532926000043],[-102.42317247800003,44.115628811999947],[-102.41723776999999,44.106559367999957],[-102.40787149699997,44.097664297000023],[-102.41231337900001,44.088830934000015],[-102.416884783,44.081329541999956],[-102.42427746499999,44.08095239899999],[-102.43083856200002,44.082912641999997],[-102.44102156399998,44.083922144000006],[-102.45048907600001,44.08305471100001],[-102.45843036600002,44.077482827999958],[-102.46267531199999,44.069422212999974],[-102.457871109,44.058382911000031],[-102.45547900399998,44.052958274000012],[-102.45646141499998,44.046786509999968],[-102.46322891099999,44.04280433800001],[-102.472426644,44.039270573999985],[-102.47794877799998,44.030760340999997],[-102.47400201400001,44.020346306000008],[-102.470046287,44.015193410999984],[-102.47669713300002,44.002033239000006],[-102.48916384900002,43.986084932000004],[-102.50780209099997,43.976320106000024],[-102.52860397900002,43.972370839],[-102.54772974899998,43.970227353999981],[-102.55708437099997,43.95251907800003],[-102.556935366,43.937793543000019],[-102.56233040900003,43.93349338299997],[-102.580409304,43.931590212999993],[-102.59419650000001,43.929144510999969],[-102.59624932899999,43.924109285999954],[-102.59983082299999,43.92169046499999],[-102.61806017499998,43.909374475000035],[-102.63272174100001,43.897309643000035],[-102.64699334900003,43.889282098000052],[-102.66689997999998,43.887268699000003],[-102.67665745300002,43.886941041999961],[-102.68715714000001,43.883510950999998],[-102.69261686500001,43.879966202999981],[-102.69349675000001,43.873029379999949],[-102.68636693600001,43.865371543000002],[-102.68198577800001,43.85871514799998],[-102.68556615400001,43.849720270999981],[-102.69491408200004,43.835057994000024],[-102.71069528,43.813542168000048],[-102.72397101000001,43.800994607999982],[-102.73290062799998,43.791422554999983],[-102.74099501400002,43.780171741999972],[-102.749094458,43.775428296000015],[-102.76220207400002,43.768020892999999],[-102.76965158199999,43.760200181000002],[-102.77261093599998,43.750468260000005],[-102.780189178,43.74072513700002],[-102.78847954000003,43.72831023900001],[-102.79179609099998,43.715685973000014],[-102.795696792,43.70351905400004],[-102.79665415900001,43.702150943000028],[-102.75322574,43.702988894999955],[-102.209290141,43.712207295999974],[-102.20206174800001,43.717755866999944],[-102.19376653500001,43.724654192999928],[-102.18150317499999,43.727423102999978],[-102.16915805999997,43.729329828000019],[-102.157567051,43.732928069000032],[-102.147997309,43.739020649000039],[-102.13540815599998,43.738341099999985],[-102.12293946,43.738951768999996],[-102.11336564200002,43.745041644000068],[-102.10081562200003,43.744789120000014],[-102.10022180700003,43.744818063000018],[-102.08920638299998,43.728921551999967],[-102.08648058099999,43.738135546000045],[-102.07880431699999,43.745427650000046],[-102.06863158900001,43.751542880999999],[-102.05703118899999,43.755131692000013],[-102.04432121399998,43.753151498999998],[-102.032681357,43.749821227000048],[-102.02155772499998,43.745600245999981],[-102.00774159899998,43.744534492],[-101.99613911799997,43.748117708999999],[-101.984535376,43.751699831000032],[-101.97218003900002,43.753587071999981],[-101.95994102899999,43.756764689000043],[-101.94900570300001,43.761176253000031],[-101.93810778599999,43.766017363000017],[-101.92559325799999,43.766177839000079],[-101.91447373400001,43.761947473000014],[-101.90280025999999,43.758174648000022],[-101.890364256,43.759192708],[-101.88009493700002,43.76443139300001],[-101.869152993,43.768835935000077],[-101.85679114700002,43.770711749999961],[-101.84515769500001,43.76736417100004],[-101.83563441000001,43.760890791000016],[-101.82327310099998,43.762763326000027],[-101.81497068900001,43.770066574000005],[-101.80272104900001,43.773228752999998],[-101.78942109500004,43.771250314999989],[-101.778309476,43.767007913999961],[-101.77109364799998,43.759558770999988],[-101.75865535999998,43.760563764999979],[-101.74707417399998,43.764554411000013],[-101.73596641300004,43.760308210000034],[-101.72434095099999,43.756949368000008],[-101.71219739700001,43.754477754999961],[-101.70053686199998,43.750686060000014],[-101.688877671,43.74689325800005],[-101.67621761200002,43.745306357999972],[-101.66366936600002,43.745010069999971],[-101.65078611899997,43.747753775999989],[-101.64614197100002,43.756176970000027],[-101.64027133000002,43.764222779999983],[-101.63131732800002,43.771109978000034],[-101.61902190900004,43.773823580999967],[-101.60736332200003,43.770023343999952],[-101.607289892,43.769162083999987],[-101.59489207199999,43.763664725000012],[-101.58526599599998,43.769713917999994],[-101.57296894199999,43.772423012999973],[-101.56063446399997,43.77470024899992],[-101.547704796,43.777002588000009],[-101.53544108699998,43.780138609999938],[-101.52317620899998,43.783273416999997],[-101.51087407,43.785976362],[-101.49860693699998,43.78910873600001],[-101.486969074,43.792644509999995],[-101.47532996199999,43.796179183999989],[-101.46295187700002,43.798016075000014],[-101.46310883400002,43.807085613000034],[-101.472007383,43.81361269699994],[-101.47097606400001,43.822733906999979],[-101.45999715099998,43.827102280999974],[-101.44743431699999,43.826784391999979],[-101.434835986,43.826034605000032],[-101.42174971200001,43.826601206999996],[-101.40915171099999,43.825848842999974],[-101.39753142799998,43.822460086999982],[-101.38525210699999,43.825581183999972],[-101.37272513800002,43.825686470000029],[-101.36271550800002,43.820064702999979],[-101.350119436,43.819306404999999],[-101.33783845599999,43.822422879999905],[-101.32566255,43.819483450000007],[-101.31509795000001,43.814313772999981],[-101.30250353100001,43.813550689000031],[-101.29036550799998,43.811038478999961],[-101.27714268199998,43.809867254000011],[-101.26814453999998,43.816727945999993],[-101.268904105,43.826203111999995],[-101.257911224,43.830553774000059],[-101.24524560499998,43.828923590999977],[-101.234159535,43.824633459999959],[-101.22152986499998,43.82343156600006],[-101.21252406899998,43.83028811399997],[-101.205369679,43.837931246999979],[-101.192874136,43.838449277000038],[-101.180446313,43.839827464000017],[-101.16947919799998,43.844600977999995],[-101.16354243500001,43.852623177999973],[-101.15575087399998,43.859857004000048],[-101.14338568099998,43.862092855999997],[-101.13796091299997,43.861450975999986],[-101.10492301300002,43.865748351000036],[-101.09571334899999,43.876157413000023],[-101.08362137900002,43.879325085999966],[-101.07081019100002,43.88118197699994],[-101.058716097,43.88434722600001],[-101.04672300499999,43.880814239999971],[-101.03643960900001,43.87542674200003],[-101.02359381999997,43.876833999999953],[-101.01276593699998,43.872358817000041],[-101.002486644,43.866968462999985],[-100.98960798899998,43.867927420000044],[-100.97669524899999,43.868440201999967],[-100.96474309799999,43.865344152000006],[-100.96161150799998,43.856544202000016],[-100.95776533600002,43.846433719999965],[-100.95043379200001,43.839137847000046],[-100.93745954399998,43.838756856999993],[-100.92461880799999,43.840154079999976],[-100.916512942,43.847164948999975],[-100.91598252400001,43.856555631999974],[-100.90787371300001,43.863565748999946],[-100.894894894,43.86318037799996],[-100.88637192499999,43.856373823000006],[-100.88629184000001,43.847007207999994],[-100.874380852,43.844347343000017],[-100.86469901700002,43.83847667499996],[-100.86400746999999,43.829133604999974],[-100.85261662400001,43.825113015999982],[-100.84352126700003,43.818771821000013],[-100.84098974800003,43.809499513999981],[-100.83907325000001,43.800203299999978],[-100.82665632499999,43.798897236999956],[-100.814174745,43.796700045000016],[-100.80098228000003,43.793190273999933],[-100.79131452000001,43.787313446999974],[-100.79066790299999,43.786891966000006],[-100.78656066799999,43.772770344000037],[-100.77360046799998,43.772372377999957],[-100.76484050200003,43.778952656999948],[-100.75410753,43.783822277000041],[-100.74053116200004,43.783444198999966],[-100.72799142700002,43.780348418999971],[-100.721274892,43.772570221000002],[-100.711035095,43.767155141999943],[-100.69807645999998,43.766749365999992],[-100.68453562000002,43.766810217999961],[-100.67164040799997,43.767291717999989],[-100.66181535700002,43.767657685000003],[-100.66290247500001,43.774309929999994],[-100.65542256999998,43.781726824999971],[-100.64184720999998,43.781338065000057],[-100.62943778599998,43.780012445000011],[-100.61699763000001,43.778240582999992],[-100.60483847900004,43.780472619000015],[-100.60113039200002,43.789085751999934],[-100.59742133399999,43.797698652000022],[-100.58676605199997,43.803888789999924],[-100.573831918,43.803915201999942],[-100.55760966100001,43.800936945999958],[-100.55032761199999,43.793617223999995],[-100.55152394200002,43.784204869000021],[-100.55149158199998,43.774836978999978],[-100.54138847600001,43.780111132999998],[-100.530024545,43.784983811000004],[-100.51700242800001,43.783669277999962],[-100.518203341,43.774257087000009],[-100.51332402399999,43.765956197000015],[-100.50045818900003,43.766865139999965],[-100.48854703400004,43.763723287000019],[-100.47949528300001,43.757355113999957],[-100.46761705799997,43.754656285000024],[-100.45466242999998,43.754225347999999],[-100.44223187,43.752436077000034],[-100.42866384600001,43.752024224000031],[-100.41579957099999,43.752924500999939],[-100.40229114900001,43.75339995400001],[-100.38945592900001,43.754742609000026],[-100.37799632899998,43.758266463999917],[-100.38165934199998,43.767060752999996],[-100.37154384399997,43.772321284999997],[-100.36019306800002,43.768255683],[-100.35293659000001,43.760924123000009],[-100.346851028,43.752659255000076],[-100.343807416,43.74384245100002],[-100.33301858499999,43.738862690999966],[-100.32085714200002,43.741067328999989],[-100.309396257,43.744584992000021],[-100.29658991899998,43.746363267999953],[-100.28419412300002,43.74500342000001],[-100.27340961200002,43.74001853999998],[-100.26555203100003,43.732702531999983],[-100.26327809499998,43.726088252999972],[-100.25368704700003,43.729983331999989],[-100.24152459400001,43.732180304000003],[-100.23250108100001,43.725793990000049],[-100.22002490599999,43.723092318999996],[-100.20791949099998,43.72617634500002],[-100.19782479499997,43.731868352000042],[-100.18590616799997,43.728252435000051],[-100.17510361900003,43.722813805999998],[-100.16218536600002,43.722797781999979],[-100.15275725599997,43.729356095999997],[-100.14059156299999,43.731543274000011],[-100.12873195700001,43.728812241000035],[-100.11796187099998,43.723813859000025],[-100.10509893599999,43.724682288999972],[-100.09301552900001,43.728200374999986],[-100.08004108699998,43.727285536999972],[-100.06720447200001,43.728595246999966],[-100.054367345,43.72990363899995],[-100.04195236599999,43.728074623999987],[-100.031188988,43.723068779999984],[-100.018243579,43.722592726000009],[-100.00535250299998,43.723005726000032],[-99.99246126700001,43.723417398999992],[-99.982289320999996,43.717942542999943],[-99.970411905999981,43.714751264000022],[-99.958269637000001,43.717365997000002],[-99.945325878000006,43.716882405000007],[-99.934011065999982,43.712777897000045],[-99.921121389000007,43.713182238000002],[-99.911644261999982,43.719277275999971],[-99.898700471999973,43.718788868999965],[-99.890273288000003,43.711468250999971],[-99.890948638999987,43.702080244999955],[-99.890396565000003,43.692730244000039],[-99.879089319000002,43.688620614999984],[-99.867666380999992,43.692988634000017],[-99.856881660999989,43.697781919000001],[-99.859270302000027,43.707075244999977],[-99.867079656999977,43.714416960000001],[-99.856931330000009,43.719636348999948],[-99.845501549000005,43.724002126999991],[-99.833378546000006,43.727049939999958],[-99.822657047000007,43.722471419999991],[-99.814851686999987,43.715127033999941],[-99.805364458999989,43.721214009999969],[-99.800327372000027,43.729841279000048],[-99.792755753000009,43.737206934000014],[-99.779860448000022,43.737596724999982],[-99.767426227000001,43.735295310000005],[-99.756682572999978,43.730265969000001],[-99.744301171000018,43.728852719000002],[-99.736723403999974,43.736215000000051],[-99.741502490000016,43.744546212000003],[-99.753399533999982,43.748204254999976],[-99.763557096999989,43.75369740299999],[-99.762863062000022,43.763083917999978],[-99.756537599000012,43.770855295999937],[-99.744401859999982,43.773894266000006],[-99.732012517999976,43.772479904000036],[-99.724825682000017,43.765112220000006],[-99.724296659999993,43.755762467000004],[-99.717701553999987,43.747930676999992],[-99.708200630000022,43.754009967000016],[-99.702508947000013,43.762205783000041],[-99.698684050999987,43.770792074000013],[-99.694883155000014,43.779823345000018],[-99.686039945999994,43.786772946999932],[-99.673848303,43.788914583999961],[-99.663127841000005,43.784322889999984],[-99.663836317999994,43.774937260999977],[-99.670787479000012,43.767152622999973],[-99.679015359000005,43.760221908000027],[-99.686602334999975,43.752863408000024],[-99.690402811000013,43.743831985999982],[-99.680842083000016,43.737869529000015],[-99.669347871000014,43.741328603000007],[-99.660482382999987,43.747831597999962],[-99.654146309999987,43.755598001000003],[-99.652822306000019,43.765001782999988],[-99.647122781000022,43.773194934999971],[-99.641124842000011,43.764896225999998],[-99.638764886999979,43.755599647999915],[-99.626848354000003,43.751485521999967],[-99.619893654000009,43.759267924000056],[-99.617925807999995,43.76824378300001],[-99.618439825999985,43.777593785000029],[-99.610203403000014,43.784520325999971],[-99.598356458000012,43.781739388999995],[-99.592978340000002,43.773420853999951],[-99.592467968999983,43.764070683999968],[-99.592572018999988,43.754702755000025],[-99.589629365000008,43.745867971999999],[-99.577442164999979,43.74800038299999],[-99.577335973000004,43.757368401000015],[-99.576615356999994,43.766753807999969],[-99.576509018000024,43.776121536999959],[-99.567629679999982,43.782617589000012],[-99.554700138999976,43.782538945000006],[-99.547532058999991,43.775161234999992],[-99.547484059000013,43.774270735000009],[-99.538896255999987,43.756584807000038],[-99.535903739999981,43.517347933999964],[-99.32826792100002,43.51409321499991],[-99.327938571000004,43.527882926000039],[-99.341756654999983,43.537030699000027],[-99.363237996000009,43.551359754000011],[-99.376505276999978,43.564187483000033],[-99.381737239000017,43.575696325000109],[-99.383218500999988,43.588191769999987],[-99.381417544999991,43.602304480000051],[-99.378073841999992,43.61095539899997],[-99.376363373999993,43.618644811999992],[-99.379633387000013,43.624976690999986],[-99.389280912999993,43.636638718999961],[-99.394649054000013,43.646887511000038],[-99.399169422999989,43.652909599999994],[-99.40366540399998,43.658443018000035],[-99.412130386999991,43.659282425000029],[-99.420437237999977,43.657068464999995],[-99.430968701999973,43.653111502000044],[-99.438675330000024,43.65152416800003],[-99.454643799999999,43.650931330000006],[-99.465412825999977,43.651550622999991],[-99.47419245399999,43.654364311999956],[-99.481581788000028,43.658744695000003],[-99.485834479000005,43.663517783999993],[-99.490006785999995,43.670738676999974],[-99.494277038999996,43.675816649000062],[-99.499963367000021,43.679784868000006],[-99.507000775999984,43.681422135999981],[-99.50640570600001,43.689172613999972],[-99.502806710000016,43.695769633000026],[-99.491945559999991,43.702328904000005],[-99.479583889000025,43.709791552000006],[-99.451403038000038,43.72490055999998],[-99.438628223000023,43.732511828999961],[-99.442190290999974,43.745214138000001],[-99.450348034000001,43.760082163999982],[-99.459442190000004,43.772631110999988],[-99.465021558999979,43.786688239999968],[-99.465217325000026,43.787181349000001],[-99.458802374000015,43.795572843000002],[-99.447504992000006,43.801423774999982],[-99.426932104000002,43.803214515999997],[-99.415472460999979,43.804210499000014],[-99.377408404999983,43.807724581999963],[-99.362777026000003,43.819483228000024],[-99.361919757999999,43.820704869999993],[-99.351709083999992,43.835251374000023],[-99.35051572499998,43.848080720999974],[-99.356722108999975,43.866251143000007],[-99.359846092999987,43.875717502999947],[-99.368850569000017,43.881397145999955],[-99.381226062999986,43.88583944999997],[-99.392001142000026,43.889941788999955],[-99.395462307000003,43.89354044599996],[-99.518198541999993,43.894090332999994],[-99.522498614000042,44.027058180000004],[-100.35677120899999,44.025517783999987],[-100.34999669400003,44.286823678000019],[-100.36205297499998,44.29664390800005],[-100.36422657700003,44.307827941000049],[-100.07169273199997,44.306115433999999],[-100.07519607,44.308320042999988],[-100.09565274900001,44.31653671100004],[-100.11153719499998,44.321748760000006],[-100.14280513199998,44.324165048999966],[-100.17986865699999,44.329818815000031],[-100.20906792500001,44.337155619999955],[-100.22754983200002,44.339116828999956],[-100.25844480900003,44.347817658999965],[-100.28696189099998,44.350577742000013],[-100.306320938,44.357177622999963],[-100.31064460300001,44.358651047999963],[-100.33683601400003,44.362338404000006],[-100.36729676099998,44.364154896999992],[-100.38486542800001,44.370134353000026],[-100.40670676799999,44.391999979999994],[-100.41451812299999,44.401178240999997],[-100.41855928899997,44.420828415000017],[-100.41858838000002,44.440872292000051],[-100.42564206399999,44.450552945000055],[-100.44051904600002,44.457668588999951],[-100.46996855100002,44.467323948999976],[-100.49458935299998,44.472562333999946],[-100.51126482000002,44.470824800999999],[-100.53044003999997,44.462886862000033],[-100.54227812599999,44.458455599000004],[-100.55355863400001,44.454231424999939],[-100.576530134,44.454931475000002],[-100.59239094700001,44.456839742000014],[-100.60220851899999,44.463738380000002],[-100.62534291700001,44.474160298000029],[-100.62819811899999,44.481183386999994],[-100.628723525,44.488561832999956],[-100.62627319000001,44.496287364000011],[-100.61904776900002,44.502516286000009],[-100.60872624699999,44.507425451999985],[-100.59604113199998,44.511942074000018],[-100.59412744899998,44.512939710000026],[-100.58764577599999,44.517050653999981],[-100.58605774300003,44.517625950000046],[-100.57790329199997,44.524289672000016],[-100.57404761100003,44.531109661000002],[-100.56506588200001,44.53620504300001],[-100.55618293700002,44.542727731000056],[-100.55090919000003,44.548404564000016],[-100.54831395999997,44.554223766],[-100.55715168500001,44.556531419999949],[-100.571998382,44.558860873],[-100.58712856699998,44.560462602999962],[-100.601931175,44.566846288000029],[-100.62440028100004,44.577721230999998],[-100.63589060200002,44.579688342999958],[-100.65007050999998,44.586566420999986],[-100.66322919499999,44.597774989000044],[-100.66899217399998,44.608251968999951],[-100.67037802200002,44.618221415000029],[-100.67538800599999,44.632113193000031],[-100.68026954800001,44.63956787499999],[-100.68139323100002,44.650500590000028],[-100.67850662900003,44.656809424999999],[-100.67342307500002,44.665107276000001],[-100.66825250099998,44.672215172999955],[-100.66504123999999,44.68426040899999],[-100.65934733699999,44.707368855000055],[-100.65660160700003,44.729652527999953],[-100.65752882300001,44.738442055000036],[-100.88812274399999,44.739490858999972],[-100.88967395300001,44.800580748999991],[-100.90266079899999,44.800082088000011],[-100.91440907999998,44.803448246999963],[-100.92114191100001,44.811370834000023],[-100.93408915399999,44.810325105000047],[-100.93481165600002,44.809751665999983],[-100.94573087900001,44.802237283000053],[-100.95439773300001,44.795354804000041],[-100.96386826600002,44.788985796999967],[-100.975837282,44.785246059000002],[-100.98784687400001,44.782049060000048],[-101.00082923600002,44.781540392999972],[-101.01279473900001,44.777797132999979],[-101.02225695499999,44.771423570000081],[-101.03515221800001,44.769823616999972],[-101.046308115,44.775383529999964],[-101.05933123199998,44.775412781000014],[-101.07243969000001,44.776528440999975],[-101.08559137600002,44.778186612999974],[-101.09343379199998,44.770780967],[-101.10641305399997,44.770261545999951],[-101.11609109500002,44.776420384000026],[-101.12212523800002,44.784907268999987],[-101.13392533500001,44.788797151999987],[-101.14257035600002,44.781901726000051],[-101.15367746300001,44.777088379999995],[-101.16397601199998,44.771761120000001],[-101.163237783,44.762515715999989],[-101.16635945899998,44.753659294000002],[-101.17665323900002,44.748330763000013],[-101.18949643799999,44.746171271000001],[-101.20148819999999,44.742953924000005],[-101.213478771,44.73973542800001],[-101.22631903799999,44.737572189999973],[-101.23924652400001,44.736495360999989],[-101.24868039400002,44.730104503000035],[-101.25412147600002,44.721694873999951],[-101.26036808100002,44.713797227999976],[-101.27337887700003,44.713804631000009],[-101.285130675,44.717137209000001],[-101.28986864199999,44.716336031999994],[-101.297964068,44.714966660000016],[-101.30496732,44.707034979999975],[-101.31793208099998,44.706493969999997],[-101.32901173400001,44.710942120000055],[-101.34143881300002,44.713149897999955],[-101.3508592,44.706751189000002],[-101.35471505100003,44.697857139000021],[-101.35623765000003,44.688515253999945],[-101.36910808499999,44.686881286999956],[-101.38027828000003,44.692412862000012],[-101.39328478499999,44.69240802299997],[-101.40682662500001,44.689650240000006],[-101.41067378100001,44.680754201000013],[-101.42008262399997,44.674349969999973],[-101.43398458600002,44.675940063999974],[-101.44675908300002,44.673210505999975],[-101.450554023,44.663769119000023],[-101.45291822141158,44.653569267588445],[-101.45204590200001,44.645146986000015],[-101.45983033200002,44.637716936000004],[-101.47277993099999,44.637160096999985],[-101.485683268,44.636058066000011],[-101.48337752800001,44.626877849999993],[-101.481072439,44.617697427000003],[-101.48728139999997,44.609787083000008],[-101.49923313599999,44.606540884999987],[-101.51217617700001,44.605980003999967],[-101.516587641,44.605973935000002],[-101.52516533900001,44.605961696999998],[-101.53815449299998,44.605942063000001],[-101.550615112,44.608673768000024],[-101.56102587300001,44.614223580999905],[-101.57277434999997,44.617530260999999],[-101.58585953099998,44.618593479000033],[-101.59894514000003,44.61965534900002],[-101.611842841,44.618540490999976],[-101.62469291100001,44.616880480000063],[-101.63768421200001,44.616850684000013],[-101.650722906,44.617363394999963],[-101.66371429200001,44.617330940999985],[-101.676134746,44.619506463999997],[-101.68917427700001,44.620015231000025],[-101.70111777,44.616750139000004],[-101.70729980499999,44.608829063999984],[-101.71828723300001,44.603421183000044],[-101.73008981100003,44.607257219000068],[-101.736140272,44.615173871000032],[-101.749082939,44.614588896999997],[-101.76097409099998,44.610774347999978],[-101.760152667,44.601529689999985],[-101.752626636,44.59422674200006],[-101.74362845100001,44.587535920999969],[-101.75546670799997,44.583177854999981],[-101.76563655699999,44.577256269999971],[-101.77928381499999,44.576089795000009],[-101.79179736200001,44.579341846000005],[-101.804214828,44.581505021999988],[-101.81705262200001,44.579825465999996],[-101.826406674,44.573390023999991],[-101.82785849300001,44.564040374999955],[-101.83978470900001,44.560761914999979],[-101.85087505799999,44.565165862000008],[-101.86380671699999,44.564569159000023],[-101.873153941,44.558130089999992],[-101.88421759900001,44.553794989000004],[-101.89729495900002,44.554826296999956],[-101.91022413299999,44.554224859999948],[-101.91480427400002,44.545819785999953],[-101.91781298299998,44.536941537000011],[-101.92956555199999,44.540215730000014],[-101.94136908899998,44.544032614000017],[-101.953285897,44.54074338100002],[-101.95938001799999,44.532265123999942],[-101.994430115,44.526197781999997],[-101.99443154099998,44.52657164700004],[-101.99622872800001,44.994401306000022],[-101.99730599999999,45.471570000000071],[-102.01961180299998,46.016667736999963],[-102.02180635500002,46.075145717999973],[-102.03100896199999,46.075339172999975],[-102.03775150600001,46.075453017999997],[-102.044453487,46.075142487000008],[-102.05076952000002,46.073997694999996],[-102.05635409000001,46.071608811999972],[-102.05655119900001,46.071369957999984],[-102.05964329300002,46.067622683000067],[-102.06167308699997,46.06326905700007],[-102.06337770099998,46.058717501000025],[-102.06666579100001,46.054731069999981],[-102.070603232,46.051140195000002],[-102.07653031900003,46.049160180000001],[-102.08282276300002,46.047801741000015],[-102.08911493800002,46.04644299400001],[-102.09559092900002,46.046992133000018],[-102.09745719799999,46.047475003999985],[-102.10186492600002,46.048615303999973],[-102.10787573900001,46.05067647300001],[-102.11417093400001,46.052511053999979],[-102.11933057300001,46.055250574000034],[-102.12536314300002,46.057522916999972],[-102.13161836799998,46.058932605999949],[-102.138157811,46.060115642000007],[-102.144491265,46.059178282999973],[-102.15039615000001,46.05698294299993],[-102.15493798599999,46.05336080299994],[-102.16051679999998,46.050967346999997],[-102.162578913,46.050520769999999],[-102.16680761700002,46.049604865000006],[-102.17348550399998,46.049075683000062],[-102.17909124699997,46.050266060000006],[-102.18004545000002,46.050468654999996],[-102.18551227,46.053191131999938],[-102.18984462100002,46.056819221000005],[-102.19507026299999,46.060191716999988],[-102.199666568,46.06338095199996],[-102.20341213299999,46.067249464999918],[-102.20800937000001,46.070438351000043],[-102.21289080399998,46.073400545999988],[-102.21951677800001,46.075427415999989],[-102.22385260099999,46.079054181999986],[-102.22984936099999,46.080897597999943],[-102.23532095500002,46.083617786999937],[-102.24050933000001,46.086564286000005],[-102.24598187300001,46.089283990999988],[-102.25145488700002,46.092003450000014],[-102.25751671799998,46.094481452000068],[-102.26355798999998,46.096747189999952],[-102.26929499699997,46.099027283000027],[-102.27479092999999,46.101957663],[-102.28083353699998,46.10422255999999],[-102.28687657400002,46.10648716599993],[-102.29311909900002,46.107676987999938],[-102.29990785500001,46.108201204000025],[-102.306434352,46.109163711000043],[-102.31296104500001,46.110125889000045],[-102.31957284700002,46.111935547000009],[-102.32585902199999,46.113547690999958],[-102.33216678800001,46.115371474000042],[-102.33790795900001,46.117648449000001],[-102.344393384,46.118185146999977],[-102.351205028,46.118918627999996],[-102.35795275599997,46.119015928000003],[-102.364267455,46.117856101000001],[-102.37166742599999,46.118346839999987],[-102.37821748699997,46.119517676000015],[-102.38422258000003,46.121353819000014],[-102.39024948899998,46.123401612000002],[-102.396014971,46.125887922000004],[-102.40090949,46.128842683000038],[-102.40523786099999,46.132251019999984],[-102.40932646499999,46.136309931000007],[-102.413372493,46.13994482999999],[-102.41831205099999,46.143322678000025],[-102.42320896199999,46.146276477000072],[-102.42782303400004,46.149457002000034],[-102.43385403899998,46.151502643000036],[-102.44016870899998,46.153321042000016],[-102.44681033799998,46.155335978999986],[-102.45312576399999,46.157153735999991],[-102.45889680099998,46.159637066000002],[-102.46549622499998,46.161227215999993],[-102.472052469,46.162393226000042],[-102.47884857999999,46.162908073999937],[-102.48512208400001,46.164300455999999],[-102.49148315399999,46.166540111999986],[-102.49804042900001,46.167704803999996],[-102.50466354999998,46.169504838000051],[-102.510698956,46.171546834000011],[-102.51671284499997,46.173376652999956],[-102.52307594799998,46.17561472299996],[-102.52741411800002,46.179018620999969],[-102.52998804600003,46.182480420000026],[-102.53062043699998,46.183330882999989],[-102.534698435,46.18717348200007],[-102.53882090600003,46.191439666000029],[-102.54322703100001,46.19547852300002],[-102.54885418600003,46.199456016999932],[-102.55406668900002,46.202389210999975],[-102.560411977,46.204413440000039],[-102.566930281,46.205150843999945],[-102.57359909600001,46.204389540000051],[-102.580245617,46.203416033999972],[-102.58479542200001,46.199992142000035],[-102.58710233699998,46.197165107000018],[-102.58805788900003,46.195994023000047],[-102.59127561000003,46.191572052999987],[-102.593418606,46.189958698000048],[-102.59582396299999,46.188147677000039],[-102.60214118500001,46.186976557999962],[-102.60848039500002,46.186016997000038],[-102.61638906100001,46.185403598999955],[-102.62073568599999,46.186869243000011],[-102.62242959700001,46.187440358000067],[-102.62903603799998,46.189022143999942],[-102.63533775600001,46.19061908800002],[-102.64140173700002,46.192866802000033],[-102.64574747100001,46.196266627999961],[-102.65183473899998,46.198725678999999],[-102.65731228300001,46.201215529000052],[-102.66307295799999,46.203477727000049],[-102.669139164,46.205724083999968],[-102.67542111,46.207107188000052],[-102.68177076000001,46.209125507999985],[-102.68829096399998,46.209856857999981],[-102.69483383699998,46.210799720000004],[-102.70148962399998,46.212801429000081],[-102.707512963,46.214622287000054],[-102.71377404999998,46.215791687000028],[-102.72005797700001,46.217172613999999],[-102.72582235900001,46.219431961000012],[-102.73184703300001,46.22125166900004],[-102.73711517300001,46.224601055999962],[-102.74203329199997,46.227542307000029],[-102.74695187200003,46.230483352000029],[-102.75102336800001,46.234106933999975],[-102.7556831,46.237486995000026],[-102.76032057899999,46.240655052000072],[-102.76662155399998,46.245014771000015],[-102.77013009400002,46.249092839000028],[-102.77309684099998,46.253837809000046],[-102.77688882000001,46.257687990999983],[-102.77950547,46.262024945000029],[-102.78031300599997,46.266668595999995],[-102.78170864100002,46.271068728999957],[-102.78340989899999,46.27545296100002],[-102.784546191,46.280292377000002],[-102.78657621999997,46.284872408999981],[-102.789003498,46.290283623999954],[-102.79131681799998,46.29463583900003],[-102.79513525700003,46.298696875999987],[-102.79862573000003,46.302561864000012],[-102.80277361100002,46.306818492999966],[-102.80774708700001,46.310180204999973],[-102.81067365199999,46.314500072999969],[-102.81418891499999,46.318576253999993],[-102.816527984,46.323139473000012],[-102.82032679299999,46.326987730999946],[-102.82582214899998,46.32946973100001],[-102.831883264,46.331496087999987],[-102.837708212,46.334173360000044],[-102.84296836300001,46.337305796999992],[-102.84740418199999,46.341332925000017],[-102.85000607500001,46.345455822000012],[-102.85467936399999,46.348831419000049],[-102.86050688400002,46.351507562999942],[-102.86631175299999,46.35397169699997],[-102.87244604199998,46.356631246000028],[-102.87860404499997,46.359502218999957],[-102.88464653800004,46.361314257999986],[-102.89071261499998,46.363337734000012],[-102.89538941500001,46.366711728999952],[-102.90004344800002,46.369873810000016],[-102.90206149900001,46.374239304000056],[-102.90377393099999,46.378620832999971],[-102.90638106199998,46.382742222000033],[-102.90990634000002,46.386815134000031],[-102.913738029,46.390871770999986],[-102.91782951,46.394488707000015],[-102.92305198499997,46.397194056000004],[-102.92891027399997,46.400078531999995],[-102.93524072100003,46.401660188000015],[-102.94180722900001,46.402590254000003],[-102.94851583100001,46.402021934000032],[-102.95555377300002,46.401648726000033],[-102.96261512199999,46.401486830000053]]]]},"properties":{"FID":182,"cartodb_id":183,"fid_1":757,"cess_no":"J32","type":"open_res","start_lega":" ","start_effe":-2550873600000,"end_legal":" ","end_effect":-1121558400000,"historical":"Sioux","present_na":"Assiniboine and Sioux Tribes of the Fort Peck Indian Reservation, Montana; Cheyenne River Sioux Tribe of the Cheyenne River Reservation, South Dakota; Crow Creek Sioux Tribe of the Crow Creek Reservation, South Dakota; Flandreau Santee Sioux Tribe of Sou","date_open":null}},{"type":"Feature","id":183,"geometry":{"type":"Polygon","coordinates":[[[-95.459271874000024,47.505484552000006],[-95.633205593000014,47.505777293000016],[-95.745819281000024,47.505896595000031],[-96.087828823999999,47.505679234999967],[-96.09954183100001,47.505656343999988],[-96.097516713999994,47.445668432999938],[-96.093558633999976,47.328053942000004],[-96.079978976999996,47.327352590000025],[-96.079824389000009,47.321398842000008],[-96.077921375000017,47.248003794999995],[-96.075343251999996,47.148268379999969],[-96.070411055000022,47.008506599999976],[-96.070369407999976,46.984428308000034],[-95.322485686999983,46.982718548000044],[-95.321811161000028,47.006201838999999],[-95.32190488900001,47.037299728000001],[-95.325513113,47.16185212700001],[-95.44385355899999,47.162697686999969],[-95.445715959999973,47.218601029999981],[-95.446142669999972,47.327186700000048],[-95.460777866000001,47.325826182000064],[-95.459271874000024,47.505484552000006]]]},"properties":{"FID":183,"cartodb_id":184,"fid_1":772,"cess_no":"J49","type":"open_res","start_lega":"1889-09-06","start_effe":-2351116800000,"end_legal":" ","end_effect":-1121558400000,"historical":"Mississippi Chippewa of White Earth reservation","present_na":"Minnesota Chippewa Tribe, Minnesota; White Earth Band of Minnesota Chippewa Tribe, Minnesota","date_open":-2534630400000}},{"type":"Feature","id":723,"geometry":{"type":"Polygon","coordinates":[[[-98.341201583999975,42.755255803999965],[-98.340677791000019,42.784813529000047],[-98.348881189999986,42.785518184999972],[-98.348753136000028,42.826254544999998],[-98.358221013000005,42.829516227999974],[-98.36732063300002,42.833357949999971],[-98.378737914999988,42.836580668000018],[-98.383144684000001,42.836620373000017],[-98.388875090000013,42.836671770000052],[-98.399319498000011,42.834461257999948],[-98.405899454000007,42.833185782000008],[-98.416005078000012,42.832414700000015],[-98.423129786000018,42.835430441999975],[-98.433044246999998,42.840111939999922],[-98.439054242999987,42.844582983000038],[-98.446139333000019,42.846450773000036],[-98.453982891999999,42.847729386000019],[-98.460931553000023,42.845869970999992],[-98.468754155999989,42.846574362999974],[-98.476619400000004,42.848424818000048],[-98.484842679999986,42.84940701400005],[-98.489532059999988,42.848212601999997],[-98.492180206,42.847538004999954],[-98.499549474999981,42.846528472999935],[-98.513572947,42.846243773999994],[-98.524068828999987,42.845455931999965],[-98.532616823000012,42.844707164999996],[-98.543934911999997,42.845048195000047],[-98.552169705999972,42.846312545999993],[-98.560525578000011,42.850729300999937],[-98.568717327999991,42.850846014000012],[-98.575707293999983,42.850126677000006],[-98.584534034000001,42.846499880000032],[-98.588504946,42.844631589000052],[-98.594105470999978,42.841996171999995],[-98.593625798999994,42.808458262999942],[-98.593195298000012,42.778328391999992],[-98.584556824000003,42.77650150099997],[-98.577886478999972,42.77520666499997],[-98.569325857000024,42.77538531699998],[-98.563187748000018,42.777808151000031],[-98.552280997000025,42.777747462999997],[-98.546323975000007,42.774714846999998],[-98.536887297000021,42.77232735099998],[-98.528986004999993,42.769333883999977],[-98.522684926000011,42.767454738000026],[-98.516016680000007,42.766156540999958],[-98.507435574999988,42.765757564000026],[-98.502366918999996,42.76557364500006],[-98.496994767999979,42.767690754999968],[-98.489213065999991,42.767848088000036],[-98.479475268999977,42.767757392999975],[-98.469086215000004,42.771121563999934],[-98.456718909000017,42.773663608999982],[-98.444624621999992,42.773043310999967],[-98.432509723999999,42.771848481999996],[-98.418050240000014,42.770411587000027],[-98.406387232999975,42.770926606999986],[-98.395440725000014,42.769705348000052],[-98.387105868999981,42.765276950999926],[-98.372269863999975,42.764128887999988],[-98.364488290999986,42.764278353000016],[-98.354291536000005,42.762178460999991],[-98.341201583999975,42.755255803999965]]]},"properties":{"FID":723,"cartodb_id":724,"fid_1":759,"cess_no":"J35","type":"open_res","start_lega":"1889-03-02","start_effe":-2508883200000,"end_legal":" ","end_effect":-1121558400000,"historical":"Ponka","present_na":"Ponca Tribe of Indians of Oklahoma; Ponca Tribe of Nebraska","date_open":-2550873600000}},{"type":"Feature","id":728,"geometry":{"type":"Polygon","coordinates":[[[-98.521731111000008,47.788219290999976],[-98.555316100000027,47.833802449999993],[-98.587773552000002,47.879373548000032],[-98.631887139000014,47.939875640000061],[-98.629873764000024,47.926254840000055],[-98.630060290000017,47.914028637999976],[-98.632600211000025,47.906789212000014],[-98.638838075000038,47.906787364999985],[-98.646220486000004,47.912634665999974],[-98.651477381999996,47.918762865000055],[-98.657678087000022,47.926070491000075],[-98.658399227000018,47.934444165999977],[-98.662327815000026,47.942754507000004],[-98.671697972000004,47.94496612199999],[-98.673930610000014,47.94707877200004],[-98.681939392000004,47.950754424000046],[-98.688181386999986,47.951488590999951],[-98.69788734399998,47.949138534000021],[-98.707390175,47.950266644000024],[-98.708961708999993,47.957544176000042],[-98.711909011999978,47.967669524999984],[-98.716924335999977,47.972121826000013],[-98.74479183699998,47.976831095000072],[-98.758843410999987,47.979780243999976],[-98.768400030999999,47.978027480999998],[-98.773125128999993,47.972059808999965],[-98.787579223000023,47.960380004999998],[-98.807441520999987,47.946189424000067],[-98.81549023700002,47.938952206000025],[-98.821157045999996,47.941949634999979],[-98.821883800000023,47.946023847999953],[-98.821734332000005,47.952532669999925],[-98.814940600999989,47.956607863999977],[-98.803767572000041,47.968337864999945],[-98.794404919999977,47.980331610999947],[-98.792091103000018,47.988850910000004],[-98.802843235000012,47.997251262000056],[-98.819991679999987,48.017165010999953],[-98.843523109000003,48.033462850999996],[-98.858928273999993,48.034953648999995],[-98.870643869999981,48.034705857999995],[-98.890448538999976,48.033830894000005],[-98.897269929999993,48.025517018000009],[-98.894940459999987,48.015878264000037],[-98.884597676999988,48.002182109000024],[-98.87826815699998,47.997022228000013],[-98.877779088000011,47.991435368000026],[-98.881095693000034,47.985313591999983],[-98.891901207999979,47.985083092999993],[-98.898230644000023,47.990242527000028],[-98.90156724000002,47.998793899999981],[-98.915156491000005,48.000165944999971],[-98.922296653999979,47.998650482999992],[-98.929371038999989,48.000464164999947],[-98.930547735999994,48.00618717599999],[-98.937906698999996,48.009204423999982],[-98.942751652000027,48.006830079000032],[-98.947413574999985,48.000677592999963],[-98.954915430000042,47.99733716499999],[-98.970480436999992,47.997601570999997],[-98.976869700000009,47.994586840000053],[-98.981737082999985,47.978897189000016],[-98.989170617000013,47.969655599000042],[-99.005364944999997,47.973684323000043],[-99.009884520000014,47.987653888000011],[-99.014232275999973,48.007223924000009],[-99.018066432000012,48.016366371999958],[-99.029079766999999,48.024742995000032],[-99.04999755099999,48.023668381999983],[-99.071212769999988,48.01955826600004],[-99.088702383999987,48.00872213799996],[-99.099705680999989,48.007865501000005],[-99.116469413000019,48.009447290000033],[-99.127511911999989,48.000569320000004],[-99.145429442000022,47.993951188999958],[-99.156873459999986,47.997315726000025],[-99.163032755000017,48.003072239999987],[-99.166755496000007,48.009641847999966],[-99.168863314000021,48.015492630999987],[-99.174357776000036,48.021415212000008],[-99.185310682000022,48.023881046999961],[-99.195438205000016,48.023491150000005],[-99.202502634999973,48.020601171000052],[-99.213932990999979,48.019271344000011],[-99.217678163000016,48.026141406000022],[-99.220674875999975,48.035903310000037],[-99.217499520999979,48.048383226000034],[-99.213802478000005,48.055278081999958],[-99.208187681000027,48.064335770000007],[-99.214464356999997,48.067817325000007],[-99.220028935000016,48.062088488000008],[-99.225608469000008,48.05666147499997],[-99.232457180999972,48.058162201000023],[-99.242026644000035,48.059900044000003],[-99.242034396000008,48.068521949999955],[-99.236914098,48.074089739999984],[-99.242992140000013,48.078028447999955],[-99.252359780999996,48.071396183999987],[-99.251242715999979,48.063460889000048],[-99.261682688000008,48.064571398999973],[-99.26424812099998,48.057702588000019],[-99.271245298999986,48.062155090999987],[-99.281478360999998,48.063609429999957],[-99.275340885999981,48.043903510999989],[-99.244675233999999,47.937360808999941],[-99.224513587999979,47.87541648599997],[-99.212078701999985,47.846150769999966],[-99.194348476000016,47.843024044000025],[-99.160165731999996,47.840990868999988],[-99.146312852999984,47.844862164000006],[-99.137698453999974,47.854995665999979],[-99.125401909000004,47.861902717999989],[-99.112099833000002,47.86291951499998],[-99.09641601200002,47.858550459],[-99.082209735999982,47.855564776999991],[-99.065071233000026,47.857137503999994],[-99.053718085000028,47.860232652000008],[-99.035478450000028,47.867974893999985],[-99.018077517999984,47.87143917400001],[-99.00310033400001,47.867043697000007],[-98.992129474000023,47.858301206000043],[-98.98066110100001,47.846494335000017],[-98.962652688000006,47.830100023000035],[-98.950721612999985,47.823030056000022],[-98.934300886000017,47.810144020999964],[-98.919255899000007,47.79651630099999],[-98.906637997000018,47.782124586000016],[-98.893124118000003,47.763492756999966],[-98.881442203999995,47.753808352000092],[-98.868749779999973,47.752423433999979],[-98.856518513000026,47.75339298799998],[-98.847605416000022,47.757839431000001],[-98.837858584000003,47.767033433999956],[-98.824844880000015,47.77392967800003],[-98.809540464999998,47.776851370000038],[-98.793139753999981,47.778847912999971],[-98.788980578999997,47.787685151000005],[-98.793851322000023,47.794443115000021],[-98.789858804000005,47.799255927999944],[-98.778329047000014,47.800440016999993],[-98.764853214000027,47.797405974000043],[-98.749040805999982,47.797019794999997],[-98.733727008000017,47.799932676000061],[-98.711517877999995,47.79777963800003],[-98.674231166000027,47.79592286500003],[-98.64234318299998,47.801990928999956],[-98.627531814000008,47.800388426999987],[-98.614083665999999,47.797811914],[-98.594725224999991,47.788253076000011],[-98.567798515999982,47.782146715000032],[-98.536924737999982,47.782258322000033],[-98.521731111000008,47.788219290999976]]]},"properties":{"FID":728,"cartodb_id":729,"fid_1":760,"cess_no":"J36","type":"open_res","start_lega":" ","start_effe":-2067120000000,"end_legal":" ","end_effect":-1121558400000,"historical":"Sioux (Wahpeton and Sisseton Bands)","present_na":"Sisseton-Wahpeton Oyate of the Lake Traverse Reservation, South Dakota","date_open":null}},{"type":"Feature","id":729,"geometry":{"type":"Polygon","coordinates":[[[-96.619195600000012,45.928001481000052],[-96.728587482000023,45.936464071000003],[-96.875616247999972,45.95527878200005],[-97.056777816000022,45.977569400999968],[-97.177634833000013,45.992290660000009],[-97.574850079999976,46.040839571999982],[-97.547813028000007,45.967512412000033],[-97.483643164,45.767676301999977],[-97.418693975999986,45.579048928000006],[-97.364299345000006,45.400631486000016],[-97.313372999000023,45.234320201000024],[-97.267443637999975,45.086885388999946],[-97.245745483000022,45.019724307999944],[-97.232120889999976,44.97747454000001],[-97.084676824999974,45.238540468999979],[-97.00327719400002,45.38163022400002],[-96.881713156999979,45.593961906999937],[-96.877681182999993,45.620941635999969],[-96.874702496999987,45.640934211000008],[-96.86350018100002,45.654704196999958],[-96.852699906999987,45.668470103999965],[-96.837384514000007,45.679696310999944],[-96.818048393000026,45.695224986000071],[-96.806770056000005,45.704709663000031],[-96.793109253000011,45.719342435999977],[-96.781384134999996,45.726259771000031],[-96.760706063999976,45.734084463999999],[-96.758914045999973,45.73483266199996],[-96.745991785000001,45.740226636999978],[-96.740108038000017,45.748056951000031],[-96.733699318999982,45.757601222000005],[-96.724837051000009,45.766588219000063],[-96.708897047999983,45.774662502999988],[-96.695668393999995,45.782530017999946],[-96.686241390000021,45.790375994999948],[-96.677670071000023,45.802209526000006],[-96.671292707000035,45.816122253999943],[-96.666340106000007,45.836491020999972],[-96.662949233000006,45.850386855999972],[-96.663955277000014,45.879388859999992],[-96.65936801700002,45.883214177000028],[-96.652305048000017,45.88458046400001],[-96.645473363999997,45.881953156999977],[-96.638052058000028,45.874765946000068],[-96.63315348600004,45.87478987800003],[-96.630483036000001,45.879935568000015],[-96.630047398999977,45.894988876000014],[-96.629266556999994,45.921951381000021],[-96.619195600000012,45.928001481000052]]]},"properties":{"FID":729,"cartodb_id":730,"fid_1":761,"cess_no":"J37","type":"open_res","start_lega":"1891-03-03","start_effe":-2256422400000,"end_legal":" ","end_effect":-1121558400000,"historical":"Sioux (Wahpeton and Sisseton Bands)","present_na":"Sisseton-Wahpeton Oyate of the Lake Traverse Reservation, South Dakota","date_open":-2487715200000}},{"type":"Feature","id":730,"geometry":{"type":"Polygon","coordinates":[[[-93.370439710000028,48.185869901999993],[-93.364630251999984,48.002169335999987],[-93.085704419000024,48.002124197999969],[-93.084386682999991,48.184283757000046],[-93.370439710000028,48.185869901999993]]]},"properties":{"FID":730,"cartodb_id":731,"fid_1":762,"cess_no":"J38","type":"open_res","start_lega":" ","start_effe":-2351116800000,"end_legal":" ","end_effect":-1121558400000,"historical":"Chippewa (Bois Forte band)","present_na":"Bois Forte Band (Nett Lake) of the Minnesota Chippewa Tribe, Minnesota","date_open":null}},{"type":"Feature","id":731,"geometry":{"type":"Polygon","coordinates":[[[-106.98345967400002,36.999114526999996],[-106.98346651700002,36.999739984000016],[-106.98349017599999,37.001902297000065],[-106.98446644299997,37.091019860999999],[-106.98504402700001,37.143643123000004],[-106.98591938700002,37.209010389000014],[-107.15195848399998,37.209408451000037],[-107.22712060200001,37.209452237999955],[-107.400773082,37.211628000000019],[-107.61812818700002,37.212919466999971],[-107.63718728100002,37.21291940000004],[-107.730814307,37.212872639000039],[-107.84986350100002,37.213013335999996],[-108.008117095,37.214185718000039],[-108.19859614500001,37.213692927000046],[-108.308671,37.21508399999999],[-108.30968899999999,37.055498000000043],[-108.249636,37.053444999999982],[-108.249629,36.999711000000012],[-108.19038282899999,37.000001713000032],[-107.65210381000003,36.998711086000036],[-107.39213559199999,36.998073181999978],[-107.17440796400001,36.997079903999932],[-107.08516194999999,36.996551845000006],[-106.983424114,36.995864114000042],[-106.98345967400002,36.999114526999996]]]},"properties":{"FID":731,"cartodb_id":732,"fid_1":763,"cess_no":"J39","type":"open_res","start_lega":"1895-02-20","start_effe":-2193350400000,"end_legal":" ","end_effect":-1121558400000,"historical":"Uta","present_na":"Southern Ute Indian Tribe of the Southern Ute Reservation, Colorado; Ute Indian Tribe of the Uintah & Ouray Reservation, Utah; Ute Mountain Ute Tribe, Colorado, New Mexico, & Utah","date_open":-2362435200000}},{"type":"Feature","id":732,"geometry":{"type":"Polygon","coordinates":[[[-123.63776919600004,41.234834136999979],[-123.66009060200004,41.262378895999994],[-123.70096117100003,41.296596765999972],[-123.70913428999999,41.303383930999928],[-123.73152164099999,41.321965030999969],[-123.74720527900001,41.339571516000028],[-123.750695732,41.363838722000033],[-123.78122405699999,41.392976767999947],[-123.81353686599999,41.434238189000013],[-123.83271483800003,41.479878266000007],[-123.85126515500002,41.508097733],[-123.87997701400003,41.532643740000054],[-123.91960085199999,41.567140489000003],[-123.94918409399997,41.601516165000071],[-124.00131559599997,41.617952910999932],[-124.04045022000003,41.623416939999991],[-124.03626263000002,41.597795997000006],[-124.03414690599999,41.569167628999992],[-124.03526793600003,41.551317733000019],[-124.038849848,41.542422685000027],[-124.03616148600003,41.52347489800006],[-123.97883699099998,41.519106855999979],[-123.94665414999997,41.506203186000015],[-123.91712807300001,41.471067102999974],[-123.89863537100003,41.428778790000045],[-123.88506756999999,41.402891395999994],[-123.855242379,41.37636222700003],[-123.8342485,41.353349587000032],[-123.83098267800001,41.326513723999966],[-123.823134693,41.307799231999972],[-123.78133791399999,41.287111435999996],[-123.77862633500001,41.285768363999949],[-123.75083359700001,41.262262455999952],[-123.73490168699999,41.238443948000011],[-123.70393497700002,41.204510626000008],[-123.63776919600004,41.234834136999979]]]},"properties":{"FID":732,"cartodb_id":733,"fid_1":764,"cess_no":"J40","type":"open_res","start_lega":" ","start_effe":-2382652800000,"end_legal":" ","end_effect":-1121558400000,"historical":"Klamath","present_na":"Klamath Tribes, Oregon","date_open":null}},{"type":"Feature","id":733,"geometry":{"type":"Polygon","coordinates":[[[-123.19518043900003,39.802355170000062],[-123.19100363799997,39.82340717000001],[-123.19099382100002,39.827784764000064],[-123.19096810799999,39.839248890999968],[-123.20144463700002,39.84035499499997],[-123.202983711,39.857076314999972],[-123.21800086899998,39.858016711000033],[-123.22062142300001,39.869955424999972],[-123.24005824900001,39.873791334000053],[-123.260603373,39.873285251999988],[-123.27072654800004,39.86303489900002],[-123.28521234200002,39.850487928999996],[-123.286131001,39.831997554999965],[-123.29280998399999,39.830402964000001],[-123.292467586,39.828607866000056],[-123.28972208500001,39.814210582999998],[-123.28820345800001,39.794633810000001],[-123.27654388399996,39.791424015000004],[-123.272431294,39.762936936999971],[-123.256845216,39.758507494999961],[-123.24278446199997,39.760922362000009],[-123.24131377999998,39.774977986999986],[-123.225391464,39.775388861999993],[-123.20882075200001,39.777832574000058],[-123.210409592,39.789113816999993],[-123.19664338899999,39.791263108000045],[-123.19518043900003,39.802355170000062]]]},"properties":{"FID":733,"cartodb_id":734,"fid_1":765,"cess_no":"J41","type":"open_res","start_lega":" ","start_effe":-2035584000000,"end_legal":" ","end_effect":-1121558400000,"historical":"Round Valley Reservation Indians","present_na":" ","date_open":null}},{"type":"Feature","id":734,"geometry":{"type":"Polygon","coordinates":[[[-93.843481098999973,46.269106325999942],[-93.843145508000021,46.093816291999943],[-93.768887430000007,46.093518998000036],[-93.590936515999999,46.094633818999988],[-93.59248382200002,46.15262775799998],[-93.598631968999996,46.152740839999915],[-93.605103697000004,46.153334651000002],[-93.611665338000023,46.151554331000007],[-93.617561421999994,46.149286460999953],[-93.622468224999977,46.146050138000007],[-93.625693733999981,46.142070434000019],[-93.632191322999972,46.141950756000085],[-93.638644506999981,46.143017697999987],[-93.643540886999972,46.140017925999963],[-93.639225623000016,46.136614330999969],[-93.63491082500002,46.133210565999953],[-93.635430026000009,46.128468840999972],[-93.637979866000023,46.124238905999981],[-93.643872456999986,46.12196969699999],[-93.649964726999997,46.123504775999997],[-93.654270858000018,46.127145523000046],[-93.658936532999974,46.13031741999999],[-93.663952923000011,46.13325783500003],[-93.668619535999994,46.13642933900006],[-93.672577371999978,46.140300669000027],[-93.676894684999979,46.143703130999974],[-93.682263225999975,46.146411427000018],[-93.688691645000006,46.148188053000041],[-93.69515508500001,46.149014801000057],[-93.701635974999988,46.149366450999999],[-93.708108320000008,46.149955167999984],[-93.714555012000005,46.151255729999974],[-93.719925810000007,46.153962428999996],[-93.724938362999978,46.157137718000051],[-93.730301570999984,46.16008133600004],[-93.734973497999988,46.163250262999995],[-93.739996043000019,46.166187519999973],[-93.746061010999995,46.168667474999964],[-93.755526362000012,46.171680576999997],[-93.761617720999993,46.17344764299996],[-93.768067911999992,46.174745490999996],[-93.774518366999985,46.176043017999959],[-93.781010816999981,46.176153331999956],[-93.787536572000022,46.175313807999984],[-93.793428547000019,46.173038142999999],[-93.797986496000021,46.169789662999975],[-93.800868765000018,46.165562737999956],[-93.802392388999976,46.161075355999984],[-93.802549379000027,46.156564949000028],[-93.807772360999991,46.153802262999925],[-93.811389971999972,46.157900883000053],[-93.813974927000004,46.162219619999966],[-93.816560235999987,46.166538260000031],[-93.819145896999999,46.170856803000035],[-93.816264611999998,46.17508407599999],[-93.809805159000007,46.174025986000032],[-93.803329401999974,46.173442338000008],[-93.797762889000012,46.176198958999905],[-93.796580303999974,46.180691876999973],[-93.79504750000001,46.185416348999979],[-93.794206332999977,46.189914902999966],[-93.79233962299999,46.194396104000013],[-93.788113108000005,46.197887336000051],[-93.781610064000006,46.198014745000009],[-93.775106993999998,46.198141831999962],[-93.768886964999979,46.199935974000034],[-93.768385600999977,46.204440029999958],[-93.769927084000031,46.209216363999943],[-93.774254358000007,46.212615034000009],[-93.779282662000014,46.215550424999961],[-93.783602534000011,46.21918608500004],[-93.787580940999987,46.222815791000038],[-93.79085921299999,46.226908501000018],[-93.794821924000018,46.23101261099999],[-93.796724680000011,46.235319386000043],[-93.796225022999977,46.239823152999996],[-93.798119849999978,46.244367154000045],[-93.802348925999993,46.240876001000011],[-93.805234150999979,46.236649721000056],[-93.810138110000025,46.233407062000005],[-93.815169742000023,46.236340923999968],[-93.820201842000017,46.239274570999996],[-93.825234410000007,46.242208002999973],[-93.828866401000028,46.246067906000029],[-93.831806448000009,46.250153683000001],[-93.832335595000018,46.254674408000035],[-93.82945136299999,46.258901096000002],[-93.827585113999987,46.263382030999949],[-93.829491086000019,46.26768798500003],[-93.835952315999975,46.268982183999945],[-93.836636750000025,46.268993486999989],[-93.843481098999973,46.269106325999942]]]},"properties":{"FID":734,"cartodb_id":735,"fid_1":766,"cess_no":"J42","type":"open_res","start_lega":" ","start_effe":-2351116800000,"end_legal":" ","end_effect":-1121558400000,"historical":"Chippewa (Winnibigoshish); Chippewa of the Mississippi","present_na":"Leech Lake Band of the Minnesota Chippewa Tribe, Minnesota; Mille Lacs Band of the Minnesota Chippewa Tribe, Minnesota; White Earth Band of Minnesota Chippewa Tribe, Minnesota","date_open":null}},{"type":"Feature","id":735,"geometry":{"type":"Polygon","coordinates":[[[-98.656542033999983,35.112644534000026],[-98.655269340000018,35.110778379000017],[-98.653729293000026,35.10842201499996],[-98.651585350000005,35.104434711999971],[-98.649002121000024,35.103449562999991],[-98.644476730000008,35.104156239999931],[-98.640014670000028,35.106656208999993],[-98.638847227999975,35.109675738000035],[-98.638433647999989,35.11342519300004],[-98.638431361000016,35.118511104000007],[-98.632636912999999,35.119397143000064],[-98.626940074999993,35.117887213000031],[-98.622640870999987,35.114698439999977],[-98.619886270999984,35.114015833000025],[-98.613119709999978,35.113128888000006],[-98.611222407000014,35.110929981999995],[-98.611497293000014,35.108380599999968],[-98.609220746999995,35.105741888999987],[-98.605137266999975,35.104937471000042],[-98.602439431999983,35.10440592600002],[-98.597014591999994,35.10543097999998],[-98.588855841999987,35.111605562000065],[-98.585045840000021,35.117229217999984],[-98.580320528000016,35.122724541000025],[-98.576758321999989,35.130286743999989],[-98.577110560999984,35.135214796],[-98.579869609000013,35.141283435999988],[-98.577133762000017,35.146433119999998],[-98.570993073000011,35.147922295000022],[-98.562996408000004,35.148407048000003],[-98.554128472999992,35.14472297300005],[-98.54756566399999,35.139190148000026],[-98.542080207000026,35.133183481000025],[-98.538616079000008,35.122343632000046],[-98.537684151999997,35.110996988999972],[-98.53593039499998,35.107596930999968],[-98.53398985299998,35.104051562999949],[-98.52806371000004,35.101046127000018],[-98.522031910999999,35.10028644399997],[-98.518781581999974,35.100401072000039],[-98.510034001999998,35.10070909300002],[-98.498247827,35.102023103000029],[-98.486884719999978,35.105121235000006],[-98.480199992999985,35.106617582000027],[-98.473144763999983,35.105728607999964],[-98.467731968999999,35.101661482999987],[-98.461921550999989,35.096555966999979],[-98.455055215000016,35.09442364099997],[-98.449786598999992,35.092787113999961],[-98.440114456000003,35.091954050000027],[-98.435514672000011,35.09041021500002],[-98.432267561999993,35.085695464000032],[-98.425360185999978,35.080313187000037],[-98.41816277800001,35.077180395999989],[-98.411741452000001,35.075525900000002],[-98.401311108000016,35.073659089999971],[-98.391230528999984,35.071335044999969],[-98.384638633000023,35.072508605999985],[-98.384537368999986,35.072526631000017],[-98.368526213999985,35.066738794000038],[-98.358544429999995,35.061717568000006],[-98.349068505999981,35.06117161100002],[-98.344636685000012,35.064855243999958],[-98.34478681500002,35.06963808700003],[-98.347104574000014,35.073926243000038],[-98.350126353999997,35.077451583000006],[-98.355325592999989,35.08078090900004],[-98.359155632000011,35.086831447999955],[-98.36134961800002,35.092916866000003],[-98.355336335999993,35.098429611999997],[-98.341874442000019,35.104399215000036],[-98.338909720000004,35.105064595999934],[-98.331572503000032,35.106710919000015],[-98.326992691999976,35.105760427000014],[-98.322399050000001,35.104361336000039],[-98.318869001999985,35.102042349999984],[-98.315265020000027,35.097331740000001],[-98.31087394299999,35.090693148],[-98.309416097999986,35.084741015000013],[-98.309077135999985,35.079662916000039],[-98.310742760999972,35.074692512000027],[-98.316305766000028,35.066350111000034],[-98.318921261000014,35.062705771000012],[-98.318786717000023,35.058371318000006],[-98.315613219999989,35.055745781999995],[-98.308063888999982,35.052762983999997],[-98.301177715999984,35.047672060000011],[-98.295983191999994,35.04434029999998],[-98.291635230999987,35.044879249999994],[-98.28770102700004,35.04705459700002],[-98.282921778999992,35.051341083000004],[-98.280086669000013,35.053792562999995],[-98.278296398999998,35.054726844000015],[-98.275788123999973,35.055975005999983],[-98.270144250999977,35.055791992000074],[-98.265250131000016,35.056341112999981],[-98.258756160000019,35.058119200000007],[-98.254533427000013,35.062841757999976],[-98.252146149999987,35.06812501200001],[-98.251744938000016,35.072919107999994],[-98.252176157999997,35.075153729],[-98.25230686600004,35.079488335000015],[-98.252228709000008,35.082929846000035],[-98.250704814000017,35.086699940999992],[-98.24662133999999,35.090073389000004],[-98.239023890999988,35.091573604999986],[-98.23539125100001,35.091796687999967],[-98.229354283000021,35.090722106999984],[-98.219835647000025,35.088819805999989],[-98.205802252000012,35.088053811999991],[-98.197334507999983,35.090914558000037],[-98.192100164000024,35.092364530000026],[-98.187070161999998,35.093197272999987],[-98.185943172000009,35.093383819000024],[-98.181383503000006,35.093025207000046],[-98.177893247999975,35.091897544000034],[-98.173515566999981,35.091535025999988],[-98.167367066999986,35.092852229000059],[-98.162157972999978,35.095197638000009],[-98.157624220000002,35.095734900000075],[-98.151527762000001,35.092563408999986],[-98.146634402000032,35.087748293000026],[-98.144224817999998,35.085376939000035],[-98.143901373000006,35.080447812000017],[-98.14359678400001,35.069835216999955],[-98.142957023000008,35.066557408000008],[-98.141053347000025,35.063603212000004],[-98.137353351000002,35.061431524999996],[-98.129155871000023,35.060991565000016],[-98.123915447999991,35.061297939999946],[-98.121529314999975,35.061437359000024],[-98.116680325999994,35.063624098000005],[-98.114756761000024,35.066352892999952],[-98.114169161000007,35.071299427999953],[-98.114761299999998,35.079364085000044],[-98.115357802000005,35.087578281000027],[-98.109813288999987,35.090974506999999],[-98.100829581000028,35.09503410099996],[-98.095179002000009,35.094692666000007],[-98.090201560000025,35.092393975999961],[-98.087956492999979,35.090193053000036],[-98.083098887999995,35.085648460999991],[-98.079349546000003,35.08168106599998],[-98.076914972999987,35.079184409999982],[-98.072298634999981,35.076728640999974],[-98.068286011999987,35.076355143000058],[-98.063025417999995,35.076902124],[-98.06130613800002,35.080523493999998],[-98.062839273999998,35.083336423000027],[-98.064765154999975,35.087188891999972],[-98.066306828999984,35.090300749000029],[-98.06508753899999,35.09226776099996],[-98.061673358000007,35.09382704799998],[-98.057858212999975,35.094047690000053],[-98.055076682999982,35.092155208999991],[-98.052646687999982,35.089807470999993],[-98.048381902000017,35.086895486000039],[-98.043306362999999,35.087587642999985],[-98.039754991999985,35.09079388],[-98.040245314999993,35.095421041999948],[-98.044430702999989,35.102073747999974],[-98.047604818000025,35.105006149000062],[-98.04166350700001,35.107359379999984],[-98.03741853999999,35.105194329000028],[-98.033476504000021,35.104697184999985],[-98.031209590999993,35.104411230999965],[-98.031630326000027,35.106497295000018],[-98.032504421999988,35.111865294999966],[-98.029521580999983,35.115958149999997],[-98.024067881000008,35.116207669999959],[-98.016160285000012,35.113211421000038],[-98.006713658000024,35.107101887000006],[-98.005247627000017,35.099949821000024],[-98.010991513000022,35.097003945999987],[-98.01304511699999,35.092180827999982],[-98.008357719000017,35.087031714000005],[-98.000999386999979,35.084024557000006],[-97.995745751000015,35.084867299999956],[-97.993814926000027,35.086348239000024],[-97.995178553000017,35.357119806000028],[-98.002357045999986,35.363309238999996],[-98.008585997000012,35.37324934400003],[-98.016538247000028,35.382009013000001],[-98.027982577999978,35.390129989000002],[-98.028882685999974,35.390422610999984],[-98.046386521999978,35.396111147000028],[-98.067215964000013,35.400895248999966],[-98.087951385999986,35.402230448000047],[-98.098249325999973,35.406632002000016],[-98.106248216999973,35.416533854000043],[-98.114640801999997,35.427863984000012],[-98.124691529000017,35.435714953000002],[-98.136519129000021,35.444249056999958],[-98.154310026000019,35.452522858000002],[-98.182154632999982,35.456287989000003],[-98.193492918000004,35.459798953000025],[-98.20206127199998,35.467043369000038],[-98.214743128000009,35.477761974000003],[-98.231114592999987,35.496681322000008],[-98.247758678000025,35.512720465000008],[-98.261689149000006,35.520194326000016],[-98.280548162999992,35.527852810000006],[-98.303786306999996,35.540588722999985],[-98.318231326999978,35.552929200999984],[-98.329329524000002,35.55930498999998],[-98.341293622000023,35.559628291000038],[-98.352354976000015,35.553648894999959],[-98.363304894000009,35.544223231999979],[-98.377615346000042,35.541045128999997],[-98.386498382000013,35.544015017999975],[-98.395095665999975,35.549001460000014],[-98.407198001999973,35.553624147000022],[-98.419568975000018,35.555654007999941],[-98.43461008300001,35.553314533999959],[-98.441475869999977,35.548279835000031],[-98.449033787000033,35.542942166999971],[-98.455641334999996,35.540785288999942],[-98.463378413999976,35.540901395999974],[-98.478937468000026,35.554202450999959],[-98.487002958999994,35.564078095999989],[-98.498579575000008,35.575920509000021],[-98.516143005999993,35.593877920999958],[-98.527440332000026,35.605401975999939],[-98.538291325999992,35.614061994999943],[-98.54249336700002,35.623735192000026],[-98.557509059999987,35.650975104999993],[-98.563574018999986,35.663478505999997],[-98.567976105000014,35.678749892999981],[-98.573942434999992,35.698439118999978],[-98.580496090999986,35.714666563000009],[-98.594729287999996,35.728703816999996],[-98.608876853000027,35.740155275999982],[-98.62640256100002,35.757272955000033],[-98.643871138000023,35.782436176000012],[-98.656040468000015,35.79723433800001],[-98.656542033999983,35.112644534000026]]]},"properties":{"FID":735,"cartodb_id":736,"fid_1":767,"cess_no":"J43","type":"open_res","start_lega":" ","start_effe":-2067120000000,"end_legal":" ","end_effect":-1121558400000,"historical":"Wichita","present_na":"Wichita and Affiliated Tribes (Wichita, Keechi, Waco & Tawakonie), Oklahoma","date_open":null}},{"type":"Feature","id":736,"geometry":{"type":"Polygon","coordinates":[[[-96.630318519000014,36.043553888000019],[-96.635405830000025,36.045637676999966],[-96.640622733999976,36.047718950999972],[-96.646872304999988,36.048949610000015],[-96.651525140999993,36.045967186999931],[-96.654606849999993,36.041727169000019],[-96.659790050000026,36.040007915999929],[-96.665496619999999,36.038707513000013],[-96.671218345999989,36.039095535999998],[-96.676947878000021,36.040327626],[-96.680621649999978,36.044105172000037],[-96.683779838000021,36.048307965999982],[-96.685382593999975,36.052942432000023],[-96.685425731000024,36.057586453000027],[-96.684428926999999,36.062236856000048],[-96.682391984999981,36.066893610000015],[-96.680874824999989,36.071547182000025],[-96.679877546,36.076197590999982],[-96.678363918000002,36.081273352000004],[-96.67736634900001,36.085923771999994],[-96.677409001000001,36.090567909000022],[-96.681085299000017,36.09434557799996],[-96.686306936999983,36.096424794000036],[-96.692049096999995,36.098500555999983],[-96.697267345,36.100157071000048],[-96.702998031999982,36.10096568300002],[-96.708712612999989,36.100085215999982],[-96.713898651000022,36.098363383000049],[-96.719608782000023,36.09706016500003],[-96.724794352000004,36.095337831000009],[-96.729975502000002,36.093193065000044],[-96.73462776800001,36.090207091000053],[-96.737710768999989,36.086386840000003],[-96.740793452999981,36.082566515000003],[-96.742831390999982,36.07833083400002],[-96.743824731000018,36.07367985700003],[-96.740666276000013,36.069900865999955],[-96.739575439000035,36.064841517000005],[-96.739528889999974,36.060197492000022],[-96.739482345999988,36.055553482000036],[-96.742039508999994,36.051314462000008],[-96.746680100999981,36.04748372000001],[-96.752901264000002,36.045753202999968],[-96.758606633999989,36.044448048000056],[-96.764320547000011,36.043986955999976],[-96.770052008999997,36.045214281999989],[-96.775783661999981,36.046441316000021],[-96.780489167999974,36.048941847000016],[-96.785714885000004,36.051438538000028],[-96.791447281999979,36.052664774000007],[-96.796664518,36.054316599999922],[-96.801371232999998,36.056816267999999],[-96.806078268000022,36.059315743000035],[-96.811783745000014,36.058007862999986],[-96.812823620000017,36.058000315000015],[-96.819592176000015,36.058795378000049],[-96.825257131000001,36.061801760000009],[-96.828983266000023,36.064574333000017],[-96.833441893999975,36.066741313000044],[-96.838877029000002,36.068100770000001],[-96.844027132000008,36.066061965000046],[-96.847680653999987,36.062434201000009],[-96.851087516000007,36.058808202000073],[-96.851524728000015,36.054004698999968],[-96.850732841000024,36.049410567000017],[-96.847241435000001,36.045636941999966],[-96.842776824999987,36.042870581999971],[-96.838800482000011,36.039700381999921],[-96.834822219000003,36.036330061000022],[-96.83011467,36.03376503800002],[-96.824923968000007,36.032003401000047],[-96.819729073000019,36.029841552999997],[-96.815264241000023,36.026874141000022],[-96.811775712999975,36.023099471999991],[-96.809755793000022,36.01851408200001],[-96.809949302000007,36.013712667000007],[-96.812610746000018,36.009493363000018],[-96.81675968899998,36.006263149000006],[-96.821653293999987,36.003627315000003],[-96.827555636999989,36.00318379700002],[-96.833227593000004,36.004141678000025],[-96.838908785000001,36.005899202000052],[-96.844100271000002,36.007860139000023],[-96.850021238000011,36.009015297000019],[-96.854969412000003,36.011177586999992],[-96.859924864999982,36.013939612000023],[-96.862191607999989,36.018322198999982],[-96.863476236000011,36.02291234299998],[-96.865497269999992,36.027296792000016],[-96.868988741000024,36.031069797000008],[-96.874668116999999,36.032425568000043],[-96.880103867999992,36.033982975000036],[-96.885547046999989,36.036140077999981],[-96.891227117000028,36.037495013000047],[-96.897148765999987,36.038447713999915],[-96.901644110000007,35.65499670900001],[-96.902581290000001,35.574568345000046],[-96.930439263999972,35.574338795999985],[-96.932757604000017,35.302843224999997],[-96.932643928000005,35.302674336999985],[-96.928729615000009,35.298902840999986],[-96.922917790999975,35.298000297999963],[-96.917520095999976,35.299313225000006],[-96.917133423999985,35.299316424999944],[-96.913317224000025,35.303469319999948],[-96.913375525999982,35.308224304999989],[-96.912664233999976,35.313302682000007],[-96.911573831999988,35.319018264999983],[-96.910080963999974,35.32346902700003],[-96.90586474700001,35.32667391899993],[-96.900434010000041,35.325450004999993],[-96.895375007999974,35.322954686000038],[-96.889557923999973,35.321733369000086],[-96.884950348000018,35.32462355600002],[-96.885393684999997,35.329375562000038],[-96.881957272000022,35.33320739899996],[-96.875775135000026,35.333890471000011],[-96.870340661,35.332348068999934],[-96.865274832000011,35.329217344000021],[-96.859457753000015,35.327994440000019],[-96.853275842000016,35.328676254000037],[-96.848272364000024,35.330933896000033],[-96.843662617999996,35.333822391999995],[-96.840223852999998,35.337652952000042],[-96.83794898299999,35.34179166600002],[-96.838389421999977,35.346543936999957],[-96.840374119999979,35.350967497000006],[-96.839653864000013,35.355728593000002],[-96.838542949999976,35.360175613999978],[-96.837431905000017,35.364622641999965],[-96.837872445000016,35.369375016000006],[-96.839083596000023,35.373804536999998],[-96.840685558000018,35.378548154000008],[-96.845359404000021,35.381049048999998],[-96.850033564,35.383549752000022],[-96.852403444999993,35.387653257999979],[-96.856318556000019,35.391427764000028],[-96.862129523000021,35.391699825999964],[-96.867560769000022,35.392608664000029],[-96.872619855999972,35.394788388999977],[-96.877295795999999,35.397287975999994],[-96.881208921999985,35.400744608000046],[-96.885885524999992,35.403243845999988],[-96.889419713999985,35.407337357999985],[-96.892563230999997,35.41111685700001],[-96.893394849000003,35.415866100999999],[-96.891511647000016,35.420320130999954],[-96.886894258999973,35.422893631000029],[-96.881092032000026,35.42357396300001],[-96.875680753999973,35.424567971999977],[-96.870280460000004,35.426512827000067],[-96.865270918000022,35.428771442000034],[-96.861046799000007,35.431974943000014],[-96.855236334999972,35.432019851000021],[-96.849418624000009,35.431430378999977],[-96.844361322999987,35.429566562000005],[-96.839677302999974,35.426431437999995],[-96.83386015100001,35.425841154000018],[-96.828028975999999,35.423982417000019],[-96.822969209999997,35.421800600999987],[-96.81829006800001,35.41898163299998],[-96.813230928999999,35.416799382999983],[-96.812017158000003,35.412052369999991],[-96.810803540999984,35.407305363999996],[-96.805748849999986,35.405439828999974],[-96.799940425999978,35.405481843000032],[-96.794142147999992,35.406474650999975],[-96.788320199999987,35.405247927000026],[-96.783646751999981,35.402744572999993],[-96.778593049999984,35.400877809000008],[-96.773539602000028,35.399010818000008],[-96.771798305000019,35.398414076000009],[-96.768099222999993,35.397146280999976],[-96.761910732000004,35.39782304499996],[-96.757293490999984,35.400708131999984],[-96.754624854999975,35.404848021000028],[-96.752346376999981,35.409302271000001],[-96.752010401000007,35.414377467000008],[-96.750893374,35.41882385000001],[-96.747055397999986,35.422337400999936],[-96.74282655899998,35.425536384000011],[-96.742486695000025,35.430294584000031],[-96.742149953000023,35.435369845999979],[-96.741032019999977,35.439816216000011],[-96.737192495999977,35.443329493999968],[-96.731374840000001,35.442733830999956],[-96.725935413000002,35.441184196999941],[-96.720490070999972,35.439000210000025],[-96.71542634399998,35.436179375999984],[-96.712287737999986,35.432077737999983],[-96.713791576999995,35.42731215900001],[-96.714517537000006,35.422234527999976],[-96.715246447000027,35.417473954999998],[-96.717137069999978,35.412705898000027],[-96.714386606999994,35.408601904999998],[-96.708580907999988,35.408956175],[-96.702760179999984,35.407724959999967],[-96.698086482000008,35.404900963999985],[-96.692653468000003,35.403666789000013],[-96.688813525,35.407178277000042],[-96.683001994999984,35.406897135000023],[-96.677950539999983,35.405025783000006],[-96.672899339000026,35.403154203000007],[-96.667099554000004,35.404140371999979],[-96.661695305000023,35.406075039999969],[-96.655872783999996,35.40452433399998],[-96.650050505000024,35.402973325000005],[-96.644618428999991,35.401736799999966],[-96.640386358000001,35.404931818000009],[-96.635368598000014,35.406862970000034],[-96.630396981999979,35.40485496199998],[-96.629584296000019,35.752146439000015],[-96.630318519000014,36.043553888000019]]]},"properties":{"FID":736,"cartodb_id":737,"fid_1":768,"cess_no":"J44","type":"open_res","start_lega":" ","start_effe":-2351116800000,"end_legal":" ","end_effect":-1121558400000,"historical":"Sauk and Fox of the Mississippi","present_na":"Sac & Fox Tribe of the Mississippi in Iowa","date_open":null}},{"type":"Feature","id":738,"geometry":{"type":"Polygon","coordinates":[[[-89.701799893,48.033147941999999],[-89.712636875999976,48.032136612000031],[-89.724481157000014,48.032307753999973],[-89.752192692999984,48.034727046999969],[-89.773429766999982,48.034190813999984],[-89.778902361000021,48.027623332000097],[-89.789578947999985,48.022620610000018],[-89.803715263000029,48.019669884999971],[-89.818067618999976,48.020137261000023],[-89.828332563999993,48.021932029000055],[-89.836878839000008,48.021185208000027],[-89.83615486299999,48.015275091000014],[-89.834845986000005,48.010775742000007],[-89.831282412999997,48.006765430999991],[-89.833047143999977,48.002406125999968],[-89.833963496000024,47.997712063000002],[-89.834001820000026,47.992977885000045],[-89.833132490000025,47.988498229999976],[-89.83226328500001,47.984018505999977],[-89.830955365000037,47.979518683000009],[-89.829647635000015,47.9750187839999],[-89.826993911000002,47.970753333000012],[-89.827032759000019,47.96601876099998],[-89.829674048000015,47.961699039000024],[-89.828805480000028,47.957218923000035],[-89.828844178999987,47.952484152000054],[-89.82841442199998,47.948023945999985],[-89.829739072999985,47.943643845999986],[-89.834482589999993,47.940307967999992],[-89.838378287000012,47.936637178999987],[-89.839293241000007,47.931942126000024],[-89.838454167000009,47.927166961999994],[-89.837147007999988,47.922666408000019],[-89.835840039000004,47.918165779999931],[-89.837163511000028,47.913785204000014],[-89.840210414000012,47.909779312000005],[-89.844980463000013,47.906147999999995],[-89.846741312000006,47.901787162000048],[-89.847684818999994,47.896796820999988],[-89.848160238999981,47.892081147999967],[-89.848635586,47.88736540600005],[-89.849957472000028,47.882984292000074],[-89.851279170999987,47.878603105000046],[-89.851261050999994,47.878612847999939],[-89.837967255000024,47.882480656999995],[-89.837202124000001,47.882703214000074],[-89.827646655000024,47.88280138599999],[-89.823665871000003,47.88284208500005],[-89.800133888000005,47.895406792999999],[-89.794339998999988,47.894192910000044],[-89.769683982000004,47.903858178000085],[-89.75896717400002,47.903931431000004],[-89.744372119999994,47.917089059999967],[-89.725212273000011,47.933443598999965],[-89.709980786000017,47.933492793000028],[-89.697189189000028,47.931759265999979],[-89.668087076999996,47.947262403000053],[-89.652268719000006,47.955615252999984],[-89.642749552999987,47.957630868000052],[-89.63772652900002,47.962510480000013],[-89.635362797000028,47.974336461999975],[-89.630722009999999,47.980938935000005],[-89.610178474000008,47.991148074000037],[-89.600612748999993,47.993537573000054],[-89.600694260000012,47.979330732999962],[-89.594830402000014,47.973368411000052],[-89.583718359999978,47.971704225000018],[-89.568638575000023,47.972882091999978],[-89.559639101000016,47.980601362000016],[-89.549974529999986,47.986582871000003],[-89.540206312999999,47.988200614000021],[-89.528110692999974,47.990464171999946],[-89.516475522000007,47.993696188000001],[-89.504658129999996,47.998623826000014],[-89.490411526000003,48.002486077999976],[-89.48182000700001,48.008893431999908],[-89.484989321,48.010940994000087],[-89.491470920999973,48.011063700999983],[-89.501986265000028,48.010432646000069],[-89.506902885000002,48.009342532000012],[-89.520487901000038,48.006394274000002],[-89.533530104000022,48.004555578000002],[-89.548737001999996,47.999597901999977],[-89.557102381999982,47.997912664000019],[-89.563542885000004,47.99840897399995],[-89.569523408999999,48.00058834699999],[-89.573836438000001,47.999846093999999],[-89.58436885399999,47.999020094000002],[-89.590029577999985,48.001562278000002],[-89.596817811999983,48.006810106999943],[-89.60405394899999,48.01586782900003],[-89.609657680999987,48.018974617999987],[-89.621139082000013,48.019895600999952],[-89.628129408000007,48.023256372999953],[-89.632231247999982,48.027238538000049],[-89.640701853999985,48.027258183999997],[-89.649147173000017,48.024813321000053],[-89.658511886999975,48.029799382000022],[-89.663610172000006,48.029659429999995],[-89.673662798999999,48.028046138000001],[-89.689800194999975,48.02766333199996],[-89.701799893,48.033147941999999]]]},"properties":{"FID":738,"cartodb_id":739,"fid_1":771,"cess_no":"J48","type":"open_res","start_lega":" ","start_effe":-2351116800000,"end_legal":" ","end_effect":-1121558400000,"historical":"Chippewa of the Mississippi and Lake Superior","present_na":"Bad River Band of the Lake Superior Tribe of Chippewa Indians of the Bad River Reservation, Wisconsin; Lac Courte Oreilles Band of Lake Superior Chippewa Indians of Wisconsin; Lac du Flambeau Band of Lake Superior Chippewa Indians of the Lac du Flambeau","date_open":null}},{"type":"Feature","id":739,"geometry":{"type":"Polygon","coordinates":[[[-93.777984962000005,47.261927788000023],[-93.780156728000009,47.317734733000002],[-93.826215390000016,47.320199144999933],[-93.827097170999991,47.324830964000014],[-93.826412720000008,47.329437250000019],[-93.826250327000025,47.334051963],[-93.826781105999999,47.511959460999989],[-93.825715897999999,47.542115503000026],[-93.950427419999983,47.542082513000075],[-93.953204417999984,47.648887319999936],[-93.953801151999983,47.671785225999997],[-93.982956122000019,47.671552787999978],[-94.343315585000028,47.668157967000027],[-94.339519756000016,47.583638161999978],[-94.338936547000003,47.566042630000005],[-94.335195365999994,47.563780192000024],[-94.319955375999996,47.558621684999963],[-94.313582337000014,47.548840846999994],[-94.312703236000004,47.541216538000008],[-94.338117281999985,47.541306658999979],[-94.540181990999997,47.541851941000047],[-94.738422193000019,47.541200260999993],[-94.73036156500001,47.164549201999947],[-94.724683603000017,47.162007985000017],[-94.724698221999972,47.161297553000018],[-94.719563585999992,47.15769542000001],[-94.713358571000015,47.15550388600002],[-94.70663325999999,47.153306995999991],[-94.700957301000017,47.150764686000038],[-94.694225460999974,47.148922367000026],[-94.688007185000018,47.147440055999994],[-94.654840940999989,47.140868968999975],[-94.634110049000014,47.13287065899997],[-94.626174671999991,47.11502257099999],[-94.618014399000003,47.107475914999995],[-94.594883386999982,47.071697218000011],[-94.585854505999976,47.057030521000016],[-94.58926459300001,47.044272218000046],[-94.588402126999995,47.044423513000048],[-94.589280103000021,47.044176043000014],[-94.162537774999976,47.011315124999996],[-94.162580418000005,47.020497835000008],[-94.160416291999979,47.028051024999996],[-94.152210278999988,47.033624429000021],[-94.151950967000005,47.042341116000003],[-94.156183659000021,47.049224319999986],[-94.155636314999981,47.058315756999946],[-94.154392061999999,47.062847922999971],[-94.154256874999987,47.067395418999979],[-94.153567004000024,47.071935159999988],[-94.155101480999974,47.076316161999998],[-94.155798429000015,47.080875028999998],[-94.156495482000025,47.085433834999989],[-94.155500209000024,47.092627669000066],[-94.156759496999996,47.097790442000068],[-94.157519556000011,47.10296323099999],[-94.136165093999978,47.120789979999991],[-94.135737995,47.134998368000069],[-94.155946309000001,47.155889494],[-94.163309818000016,47.153503918000027],[-94.170672760999992,47.151117918000011],[-94.194447493999974,47.157482908000006],[-94.197303205000026,47.166759911000007],[-94.242519345999995,47.189037379000041],[-94.242337940000027,47.195430149000003],[-94.235321520000014,47.20386416900002],[-94.326068422999981,47.163820915999978],[-94.328949866000016,47.226210703999975],[-94.32636577300002,47.236414881999991],[-94.313602992000042,47.252154589999982],[-94.301018501999977,47.26243690300003],[-94.294247316999986,47.261995329999991],[-94.287486062000028,47.261198325000002],[-94.28167939399998,47.263610190000016],[-94.275370436000003,47.265304882000017],[-94.268559363000008,47.266282339999975],[-94.261266351000017,47.265832331999995],[-94.255066801999988,47.263620156000052],[-94.248336041000016,47.261755918999974],[-94.242127272000005,47.259898203000013],[-94.235908750000021,47.258395273999966],[-94.229168969,47.256885131999979],[-94.22298166500002,47.254316320000008],[-94.217316389000018,47.251754168999945],[-94.211109555000007,47.249894958000056],[-94.204903093999974,47.248035446999964],[-94.198717681999995,47.245465445999976],[-94.192512039000022,47.243605336000023],[-94.185743694999999,47.243158236000042],[-94.178985898999997,47.242355693],[-94.171685871000037,47.242255858999982],[-94.164896763999991,47.242517895999931],[-94.158118168999977,47.242424491000037],[-94.151339595000024,47.242330741999993],[-94.143539496000017,47.241511948000039],[-94.136771736000014,47.241062361999937],[-94.129993345000003,47.240967526999988],[-94.123214972000028,47.240872349000014],[-94.116436621999981,47.24077682599998],[-94.108094064999989,47.240658785999948],[-94.101315761000023,47.240562495000013],[-94.094515609999974,47.241176046],[-94.087726294999982,47.241434157000029],[-94.080947938999998,47.241336831999988],[-94.074158553000018,47.241594253000024],[-94.067380199000013,47.241496238000053],[-94.060601867999992,47.241397880000044],[-94.053823557999976,47.241299175999949],[-94.047045267999991,47.241200128000045],[-94.046378120999975,47.245808622999995],[-94.047275323999997,47.25043995799998],[-94.046608092999975,47.255048332999962],[-94.044897640999977,47.259641368999972],[-94.042676571000015,47.263871608999935],[-94.040455198000018,47.268101760999997],[-94.037711853000019,47.272324157999975],[-94.032915209000009,47.275450558999957],[-94.026609579000024,47.27677838000001],[-94.02095039400001,47.274208063999943],[-94.014758622999977,47.271984788999944],[-94.007954160999986,47.27259387399998],[-94.001636813999994,47.274275579000047],[-93.995307614000012,47.276312027999964],[-93.988989543999992,47.277993116000033],[-93.985210327999994,47.28184355299998],[-93.980410291999988,47.284967981000044],[-93.975099607000004,47.287729262000084],[-93.970286946999991,47.291208307000055],[-93.965983909999977,47.295050122000063],[-93.962190512999996,47.299254742000045],[-93.958408329999997,47.303104185999999],[-93.954115478000006,47.30659047200006],[-93.950320566000016,47.310794616999985],[-93.945516519000023,47.313917533000023],[-93.939193251000006,47.315596086000042],[-93.933367925000027,47.317992410999956],[-93.927020088999996,47.320380367999924],[-93.920185534999973,47.321694891999968],[-93.913386661999994,47.321944076999998],[-93.907679965999989,47.320789284999961],[-93.901427318999993,47.320336042000072],[-93.897857487000024,47.317793612999992],[-93.896521017999987,47.311023924000004],[-93.890305800000021,47.309505129000009],[-93.884988985000007,47.312262631999985],[-93.881201197999985,47.316109745000013],[-93.876381044000027,47.319585124000028],[-93.870043081000006,47.321615370000025],[-93.863219459000007,47.32257198500006],[-93.856457212000009,47.321753297999983],[-93.851347723999993,47.318474515999952],[-93.845157629000028,47.316243661000001],[-93.838346635999983,47.316844026999966],[-93.826406951000024,47.309615182999934],[-93.826539199000024,47.261306310000002],[-93.777984962000005,47.261927788000023]]]},"properties":{"FID":739,"cartodb_id":740,"fid_1":773,"cess_no":"J50","type":"open_res","start_lega":"1889-09-06","start_effe":-2351116800000,"end_legal":" ","end_effect":-1121558400000,"historical":"Mississippi Chippewa, White Oak band; Pillager; Winnibagoshish","present_na":"Leech Lake Band of the Minnesota Chippewa Tribe, Minnesota; Minnesota Chippewa Tribe, Minnesota; White Earth Band of Minnesota Chippewa Tribe, Minnesota","date_open":-2534630400000}},{"type":"Feature","id":741,"geometry":{"type":"Polygon","coordinates":[[[-96.157725964999997,48.189856083000031],[-96.157172925999987,48.187010685999972],[-96.159262676000026,48.176028957000014],[-96.168253989999982,48.172122147000017],[-96.181465084000024,48.163250478999956],[-96.180868223000004,48.140582205999984],[-96.187741605999975,48.138447566999986],[-96.139670787,48.099633529999991],[-96.056395844999997,48.028644496000048],[-95.969658584999991,47.95324034799998],[-95.960105661,47.944870252999984],[-95.947898101000021,47.943839054000051],[-95.942391955999994,47.946478110999955],[-95.939635570999997,47.950967051000021],[-95.93648613900001,47.954927448000007],[-95.929801614999974,47.95518826499999],[-95.923512544000005,47.953600126000062],[-95.917223798999999,47.95201168900001],[-95.910541448000004,47.950950938999966],[-95.905434819999982,47.94804208599998],[-95.901115786999981,47.944605333000062],[-95.894829462000018,47.942487546999949],[-95.888936668999975,47.94036978000004],[-95.883044788999996,47.937987607999986],[-95.877547494999988,47.935077244000034],[-95.870865451999975,47.935071027999982],[-95.86418517300001,47.934272071000052],[-95.859082150000006,47.931361317999965],[-95.854373258999999,47.928186628000027],[-95.847693290999985,47.927650982999992],[-95.841010690000019,47.928171576999944],[-95.838247679999995,47.932658701000008],[-95.838235786999974,47.937149025999972],[-95.831551336000018,47.937933272000009],[-95.824869744000011,47.937660649999991],[-95.818188211999995,47.937387697000013],[-95.811904695000024,47.935530146999973],[-95.805220084999974,47.936313095999999],[-95.800492904000009,47.939475828999981],[-95.793813957999987,47.938409273000069],[-95.787530159000028,47.936814732999991],[-95.780455817000018,47.936539295999978],[-95.775334246999989,47.93970051000003],[-95.768255615999976,47.940480966000052],[-95.763133083000014,47.943641679999999],[-95.759971544999985,47.947862175000019],[-95.755633233000026,47.951288047999995],[-95.677102483999988,47.931841641000055],[-95.670822412999996,47.930241647000031],[-95.66413657999999,47.931017632000042],[-95.657459467000024,47.930208455000056],[-95.650787062999996,47.928606525000006],[-95.643706592000001,47.929644629000052],[-95.637025191000035,47.92962685800002],[-95.630354983000018,47.927759776999991],[-95.624472807000018,47.925630399000021],[-95.61938359200002,47.922446387999983],[-95.613898612000014,47.919789326000007],[-95.606815136000037,47.92135381799995],[-95.600141570000005,47.920277639000027],[-95.594659374000003,47.917355631],[-95.588781223000012,47.914960481000023],[-95.582065,47.92587799999999],[-95.582886999999999,48.020556999999997],[-95.592486999999991,48.020557999999937],[-95.593817999999999,48.193160999999996],[-96.157725964999997,48.189856083000031]]]},"properties":{"FID":741,"cartodb_id":742,"fid_1":774,"cess_no":"J51","type":"open_res","start_lega":"1904-02-20","start_effe":-2078524800000,"end_legal":" ","end_effect":-1121558400000,"historical":"Chippewa (Red Lake and Pembina bands)","present_na":"Chippewa Cree Indians of the Rocky Boy's Reservation, Montana; Red Lake Band of Chippewa Indians, Minnesota; Turtle Mountain Band of Chippewa Indians of North Dakota; White Earth Band of Minnesota Chippewa Tribe, Minnesota","date_open":-2078524800000}},{"type":"Feature","id":742,"geometry":{"type":"Polygon","coordinates":[[[-118.19255686399998,48.329489041999956],[-118.190857182,48.338386641999961],[-118.19102559800001,48.338837279999979],[-118.196568121,48.369025358999998],[-118.195881386,48.378710730000044],[-118.20381959899998,48.386485226000012],[-118.20719299699999,48.395496082999983],[-118.210567399,48.404506593000015],[-118.20971373900001,48.413740414000081],[-118.21241271700002,48.422862687999988],[-118.21578942399999,48.43187226600002],[-118.21442803299999,48.441668119000028],[-118.21415042299998,48.443121134000044],[-118.21272841600002,48.450562752999978],[-118.20950494300001,48.459231342000024],[-118.21000501200002,48.468238853000052],[-118.21338389499999,48.477247154999958],[-118.21320716499999,48.486366462000007],[-118.21337615900002,48.486816855000015],[-118.211839338,48.501902041999962],[-119.56947363799998,48.498895080000047],[-119.56903158300003,48.489875306999942],[-119.56636185000001,48.480548380999977],[-119.56270963700001,48.471394565000026],[-119.55905853100001,48.462240376000032],[-119.56182808500002,48.453353081000017],[-119.56237037300004,48.444158485999971],[-119.56389520699996,48.434790143999955],[-119.57412255600002,48.428784435999951],[-119.58585206999999,48.423912050000048],[-119.59581444000003,48.417250575999958],[-119.59857653400003,48.408361231999983],[-119.59688787400002,48.398858675000007],[-119.60187361700002,48.390275211000066],[-119.605615312,48.381211166000007],[-119.610014423,48.368529163000026],[-119.60792739800002,48.363297215999992],[-119.60748060600001,48.354273581000001],[-119.61370313999998,48.346168641999995],[-119.62188595399998,48.337715333000006],[-119.633593991,48.332837403999982],[-119.64353613499996,48.326170480999991],[-119.64850929099998,48.317583295000077],[-119.65472257099998,48.309475526000043],[-119.66668374800003,48.30524834399997],[-119.67812056999999,48.299712057999983],[-119.68681092399999,48.292561619999987],[-119.69549922800002,48.285410465000048],[-119.70719124499998,48.280525393000048],[-119.72090784199997,48.278080430000024],[-119.73083140900003,48.271405965999975],[-119.73356706800001,48.262509713999961],[-119.73186132400001,48.253004368999981],[-119.729479512,48.247051883999973],[-119.728197837,48.243848251999999],[-119.719184325,48.237048191999996],[-119.70847623600002,48.231250741000004],[-119.70383872299999,48.222267960999993],[-119.70018131500001,48.213110192000002],[-119.692871685,48.205304395999981],[-119.68288930500002,48.198675626999993],[-119.67290910200002,48.192045985],[-119.66925817399998,48.182886505000042],[-119.675454913,48.174774299999989],[-119.68262803099996,48.16648713299999],[-119.68217159199997,48.157458064000053],[-119.68490924499997,48.148559567000021],[-119.690839607,48.139791459999962],[-119.698267336,48.132156875000064],[-119.70445503899998,48.124042049000067],[-119.69507306700001,48.118448034999936],[-119.69368540200003,48.10955686199997],[-119.69350651000002,48.109107815000023],[-119.70972459799999,48.090334106000022],[-119.71830027800003,48.083026819000025],[-119.722807495,48.074522479000009],[-119.72347755599998,48.074402512000034],[-119.71640668999999,48.053056016999996],[-119.70782888299999,48.045931467999992],[-119.70765007300002,48.045482349999979],[-119.681571729,48.037639490999993],[-119.66973882000002,48.042160479000046],[-119.657725713,48.046231186000043],[-119.65705583300002,48.046350837999995],[-119.63485640899999,48.053680978000003],[-119.62038661499999,48.053375744999968],[-119.61971658300001,48.053495210000015],[-119.58115268900002,48.066616591000013],[-119.56810281499997,48.06989980400003],[-119.55625522699999,48.074410423999971],[-119.546457664,48.080478906999979],[-119.53425112600003,48.084088903000023],[-119.52080026300001,48.08455261999999],[-119.50748745200003,48.083548125999997],[-119.494490988,48.081524795],[-119.48149538899999,48.079500206000006],[-119.46733659500001,48.078161153999979],[-119.45465915600001,48.075116486999988],[-119.44198298600004,48.072070607000022],[-119.43128301299998,48.066751626000013],[-119.41924388799998,48.061668657999988],[-119.40565645700001,48.063587869000045],[-119.39242125200002,48.066404713999972],[-119.382820423,48.074827305999975],[-119.36933563399998,48.073359716999995],[-119.35698224599999,48.069288600999933],[-119.34727913799998,48.062827518000006],[-119.33461090399999,48.059771484999999],[-119.32683935599999,48.06738655500002],[-119.33286837999998,48.075456412999998],[-119.33218976799998,48.084706262000005],[-119.33151094900001,48.093955838999968],[-119.32931344799999,48.102991636999981],[-119.32051219099999,48.109824272000047],[-119.307439049,48.113081942000044],[-119.293308766,48.113640949999983],[-119.27949788799998,48.113181564000058],[-119.26346583100003,48.110708122000041],[-119.250471731,48.108661588000082],[-119.23859313100002,48.113143880000017],[-119.228757718,48.119188638000026],[-119.21994283200002,48.126014396999992],[-119.20823396600002,48.130943421999994],[-119.19754557599998,48.136653331999966],[-119.19059420299999,48.144591048999949],[-119.18600745600003,48.153075682000008],[-119.176160358,48.159115867999965],[-119.16391615499998,48.162691617999968],[-119.15047318799998,48.165034306000038],[-119.13682667400003,48.165010153000026],[-119.12713171099999,48.158535283999981],[-119.119280312,48.151259012000054],[-119.10610774600001,48.148749180999999],[-119.09229034200003,48.148270797000045],[-119.07882208000001,48.148690590000022],[-119.06532833,48.147193123000015],[-119.06049753000003,48.13843007399997],[-119.05449841600002,48.130349739999971],[-119.05034240100004,48.121469218999991],[-119.04116132399999,48.11442082500001],[-119.03048904100002,48.10907097499998],[-119.02917455900001,48.098256756999987],[-119.02855621499999,48.089241925999943],[-119.02642121999997,48.080009926000031],[-119.02227273600001,48.071127141000005],[-119.01494270600001,48.063276352999985],[-119.007614567,48.055424974000019],[-118.99695556400002,48.05007149800003],[-118.988462562,48.042901574000041],[-118.97813172399998,48.036529931999993],[-118.97332223900001,48.027760740000033],[-118.969855955,48.018758625999986],[-118.96991799800003,48.009625024999998],[-118.97772669900002,48.002029104999998],[-118.98756806799999,47.996000356000017],[-118.99944226000002,47.991538423999991],[-119.01131471500003,47.987075388000051],[-119.01715166000001,47.983659949999975],[-119.019840284,47.970225292000002],[-119.01453329300001,47.962022418000039],[-119.00555371399997,47.955418252000023],[-118.99210450200003,47.953912600000017],[-118.97718737899999,47.956022252999993],[-118.96412895100002,47.959248370999994],[-118.95055018300002,47.961122542000012],[-118.937143471,47.963445573000016],[-118.92271974200001,47.964982810000016],[-118.90896573700003,47.966402525999996],[-118.89735128799998,47.970758820000057],[-118.89708982799998,47.970856868000027],[-118.883659421,47.971257524000016],[-118.87153170800003,47.967591222999957],[-118.85906082100003,47.963023127999932],[-118.84825878599996,47.957206082999974],[-118.84096483699999,47.949343117000019],[-118.83083728999999,47.943408785000038],[-118.818219903,47.940303390000004],[-118.80445201200001,47.939795387000004],[-118.79266214900004,47.935105308999979],[-118.78204302900002,47.929732939999994],[-118.77359202500003,47.92254688899996],[-118.76297676600001,47.917172815999983],[-118.74986944699997,47.914626587999955],[-118.73726212600002,47.911513366000023],[-118.72402940699997,47.91426618100008],[-118.72527132900001,47.923172170999969],[-118.72517277499998,47.932308070999994],[-118.73244977299998,47.940177687000045],[-118.73721773500002,47.94895778300004],[-118.72921458100001,47.956090545000023],[-118.71578634600003,47.956474556999922],[-118.70218680500001,47.956406694999991],[-118.68973089799999,47.951822842000055],[-118.679117937,47.946442671000035],[-118.67436565200001,47.941974241999979],[-118.67134733600001,47.939135754000013],[-118.659238786,47.93545007099997],[-118.64580261100001,47.933909905000007],[-118.632378737,47.93428566299999],[-118.61861377899999,47.933758732000001],[-118.605179002,47.932214523000063],[-118.591755252,47.932586249999993],[-118.57799103000004,47.932055182000035],[-118.565719473,47.927910307000033],[-118.56366013099999,47.918666511000019],[-118.56747517100003,47.909860442000067],[-118.57448067199999,47.901949034999973],[-118.57997375199999,47.89381504200005],[-118.57942377400003,47.884792554000079],[-118.57100282400002,47.877592863999951],[-118.55690223599997,47.874240309000029],[-118.54451824900001,47.879230022000016],[-118.532293451,47.882751816000024],[-118.52242552600001,47.888749490000031],[-118.52108487400001,47.888977660000037],[-118.50420195200002,47.902882696999974],[-118.49078404099997,47.903244433000033],[-118.47902537800002,47.898526507999961],[-118.47061437000002,47.891320867000005],[-118.46287572600001,47.88400074999997],[-118.45698076799999,47.875887772999967],[-118.450417147,47.867888079000039],[-118.44201372200001,47.860679980999983],[-118.43311104200001,47.854035882000062],[-118.42303895999999,47.848069328999998],[-118.40979665300001,47.846956343000031],[-118.39807635800001,47.851819496999987],[-118.39105378999999,47.859722959000003],[-118.38721647500002,47.868525383000076],[-118.38488753799999,47.877551700999973],[-118.375174523,47.883989749999948],[-118.375343046,47.884440802],[-118.37771350399998,47.89650799399999],[-118.378349609,47.898209874999978],[-118.38108550700001,47.905528478999976],[-118.38764409300002,47.913530617999974],[-118.39353347399999,47.921645680999994],[-118.400095421,47.929646820000009],[-118.40481474000001,47.938438858000005],[-118.40685069699998,47.947684497000033],[-118.40670445299997,47.956819417999995],[-118.40202295400002,47.965282221000017],[-118.40187594499997,47.974416639000033],[-118.40961873700002,47.981738208000039],[-118.41232851900001,47.99086903300006],[-118.41520824999999,48.000450387000043],[-118.42178151899996,48.008448523999959],[-118.43137738700001,48.014976618000034],[-118.44097530900002,48.021503898999995],[-118.449400776,48.028708486000006],[-118.44471968400001,48.037170877999991],[-118.43852344300002,48.045409377999974],[-118.43278554,48.051849437999913],[-118.431483813,48.053310217999957],[-118.41955623100002,48.057721399999963],[-118.41938690000001,48.057270642999946],[-118.40611278199998,48.061907613000017],[-118.392659278,48.062259435000001],[-118.38089620199997,48.067117865999961],[-118.36659985699998,48.067129626000018],[-118.35448437100001,48.063418151999954],[-118.34270536600002,48.058690717999959],[-118.33260831600002,48.052721195999972],[-118.31932319999999,48.051600046999965],[-118.30705085400001,48.055099581999976],[-118.29326346400001,48.058372846999987],[-118.282502572,48.064011711999989],[-118.27947785100001,48.073143581999958],[-118.27476974000001,48.081598914000011],[-118.26669510800002,48.088701292000003],[-118.25861859000003,48.095803030000084],[-118.25912294699999,48.104820861999968],[-118.26316220299998,48.113725738999989],[-118.26787601500003,48.12251750700004],[-118.263330849,48.131421970000027],[-118.25103918399998,48.134915557999967],[-118.236557898,48.136378827000051],[-118.22308450499997,48.140545852999935],[-118.21600590399999,48.148433124000029],[-118.20757775,48.156544699999955],[-118.19982131299997,48.164543156000036],[-118.19593710499997,48.173331790000013],[-118.19610510100001,48.173782657999986],[-118.19254257900003,48.194967139000049],[-118.193037178,48.203968292000013],[-118.19303795299999,48.203982390000029],[-118.18915024400002,48.212769731000023],[-118.18593603099998,48.22144441599999],[-118.18272089800001,48.230118784000027],[-118.18186545300001,48.239357617999943],[-118.17949179700003,48.248369921000041],[-118.17391307700001,48.256478544999986],[-118.175924544,48.265718396000004],[-118.17793662399998,48.274957942000064],[-118.17724798099999,48.284646155000019],[-118.177741814,48.293658880999949],[-118.18178169999999,48.302560834000012],[-118.18649839400001,48.311350141999931],[-118.18986503399998,48.320363617000055],[-118.19255686399998,48.329489041999956]]]},"properties":{"FID":742,"cartodb_id":743,"fid_1":775,"cess_no":"J52","type":"open_res","start_lega":" ","start_effe":-2193350400000,"end_legal":" ","end_effect":-1121558400000,"historical":"Colville Indian Reservation","present_na":" ","date_open":null}},{"type":"Feature","id":743,"geometry":{"type":"Polygon","coordinates":[[[-118.45411355800002,45.799791436000014],[-118.45584918600002,45.801239279999997],[-118.47342621400003,45.801775895999981],[-118.52618236600001,45.801086973999958],[-118.52825992200002,45.785519133999962],[-118.54869449300003,45.785821536999961],[-118.54847468800001,45.773601314999986],[-118.56682109500002,45.772312838999994],[-118.57025950100001,45.758283073999948],[-118.590781139,45.756129471000051],[-118.59095815799998,45.741931550999929],[-118.632259811,45.741294521999954],[-118.63164720899999,45.722014943000033],[-118.652409612,45.720551848000014],[-118.65026444099999,45.697068867999967],[-118.71479799399998,45.695983206000001],[-118.71367187800001,45.678281484999992],[-118.73818103600001,45.678369122999975],[-118.74140991200001,45.509153238000032],[-118.614442759,45.507281766999981],[-118.61610553100002,45.582330967000004],[-118.39447858300004,45.579246214999991],[-118.34823927399998,45.664396202999988],[-118.291297628,45.767764549000049],[-118.30007049900001,45.768799917000017],[-118.311065687,45.767239801000024],[-118.32156347900002,45.762825466999992],[-118.32971815899997,45.763599714999998],[-118.33688314599999,45.763076972000022],[-118.35120659699999,45.757620286000012],[-118.363181897,45.752942049000012],[-118.37541677299998,45.756304361999995],[-118.38357688100001,45.760015253000013],[-118.39434441999997,45.769516431999968],[-118.40386190100004,45.771149306999938],[-118.41486199799999,45.772520338999989],[-118.42216280999996,45.776748482999963],[-118.44021784099998,45.781653615000003],[-118.447272197,45.785188871999985],[-118.45411355800002,45.799791436000014]]]},"properties":{"FID":743,"cartodb_id":744,"fid_1":776,"cess_no":"J53","type":"open_res","start_lega":" ","start_effe":-2035584000000,"end_legal":" ","end_effect":-1121558400000,"historical":"Umatilla","present_na":"Confederated Tribes of the Umatilla Reservation, Oregon","date_open":null}},{"type":"Feature","id":747,"geometry":{"type":"MultiPolygon","coordinates":[[[[-93.843481098999973,46.269106325999942],[-93.843145508000021,46.093816291999943],[-93.768887430000007,46.093518998000036],[-93.590936515999999,46.094633818999988],[-93.59248382200002,46.15262775799998],[-93.598631968999996,46.152740839999915],[-93.605103697000004,46.153334651000002],[-93.611665338000023,46.151554331000007],[-93.617561421999994,46.149286460999953],[-93.622468224999977,46.146050138000007],[-93.625693733999981,46.142070434000019],[-93.632191322999972,46.141950756000085],[-93.638644506999981,46.143017697999987],[-93.643540886999972,46.140017925999963],[-93.639225623000016,46.136614330999969],[-93.63491082500002,46.133210565999953],[-93.635430026000009,46.128468840999972],[-93.637979866000023,46.124238905999981],[-93.643872456999986,46.12196969699999],[-93.649964726999997,46.123504775999997],[-93.654270858000018,46.127145523000046],[-93.658936532999974,46.13031741999999],[-93.663952923000011,46.13325783500003],[-93.668619535999994,46.13642933900006],[-93.672577371999978,46.140300669000027],[-93.676894684999979,46.143703130999974],[-93.682263225999975,46.146411427000018],[-93.688691645000006,46.148188053000041],[-93.69515508500001,46.149014801000057],[-93.701635974999988,46.149366450999999],[-93.708108320000008,46.149955167999984],[-93.714555012000005,46.151255729999974],[-93.719925810000007,46.153962428999996],[-93.724938362999978,46.157137718000051],[-93.730301570999984,46.16008133600004],[-93.734973497999988,46.163250262999995],[-93.739996043000019,46.166187519999973],[-93.746061010999995,46.168667474999964],[-93.755526362000012,46.171680576999997],[-93.761617720999993,46.17344764299996],[-93.768067911999992,46.174745490999996],[-93.774518366999985,46.176043017999959],[-93.781010816999981,46.176153331999956],[-93.787536572000022,46.175313807999984],[-93.793428547000019,46.173038142999999],[-93.797986496000021,46.169789662999975],[-93.800868765000018,46.165562737999956],[-93.802392388999976,46.161075355999984],[-93.802549379000027,46.156564949000028],[-93.807772360999991,46.153802262999925],[-93.811389971999972,46.157900883000053],[-93.813974927000004,46.162219619999966],[-93.816560235999987,46.166538260000031],[-93.819145896999999,46.170856803000035],[-93.816264611999998,46.17508407599999],[-93.809805159000007,46.174025986000032],[-93.803329401999974,46.173442338000008],[-93.797762889000012,46.176198958999905],[-93.796580303999974,46.180691876999973],[-93.79504750000001,46.185416348999979],[-93.794206332999977,46.189914902999966],[-93.79233962299999,46.194396104000013],[-93.788113108000005,46.197887336000051],[-93.781610064000006,46.198014745000009],[-93.775106993999998,46.198141831999962],[-93.768886964999979,46.199935974000034],[-93.768385600999977,46.204440029999958],[-93.769927084000031,46.209216363999943],[-93.774254358000007,46.212615034000009],[-93.779282662000014,46.215550424999961],[-93.783602534000011,46.21918608500004],[-93.787580940999987,46.222815791000038],[-93.79085921299999,46.226908501000018],[-93.794821924000018,46.23101261099999],[-93.796724680000011,46.235319386000043],[-93.796225022999977,46.239823152999996],[-93.798119849999978,46.244367154000045],[-93.802348925999993,46.240876001000011],[-93.805234150999979,46.236649721000056],[-93.810138110000025,46.233407062000005],[-93.815169742000023,46.236340923999968],[-93.820201842000017,46.239274570999996],[-93.825234410000007,46.242208002999973],[-93.828866401000028,46.246067906000029],[-93.831806448000009,46.250153683000001],[-93.832335595000018,46.254674408000035],[-93.82945136299999,46.258901096000002],[-93.827585113999987,46.263382030999949],[-93.829491086000019,46.26768798500003],[-93.835952315999975,46.268982183999945],[-93.836636750000025,46.268993486999989],[-93.843481098999973,46.269106325999942]]],[[[-92.768517734999989,46.673868948000056],[-92.46056125600002,46.669171694999967],[-92.458884329999989,46.680518437999993],[-92.463962163000019,46.691334008000034],[-92.472919021999985,46.697625153000011],[-92.474504179000007,46.706210628999983],[-92.474484125000004,46.706566053999985],[-92.474885690999997,46.714123042999979],[-92.476271956000005,46.718906040000014],[-92.479641296000011,46.722792645999988],[-92.485874196999987,46.724856984999938],[-92.491237962000014,46.727657255999922],[-92.496591575000025,46.730646838000006],[-92.502550140999972,46.732703035999961],[-92.50850909899998,46.734758955000054],[-92.513874729000008,46.737558233000009],[-92.518371424999998,46.741093664000019],[-92.52202031600001,46.744986225000012],[-92.524831855000002,46.749046435000047],[-92.524843848999978,46.753792211999965],[-92.523763223000003,46.758319379999968],[-92.520762314000024,46.762606143000085],[-92.519957072000011,46.767140433999977],[-92.519703417000017,46.771689191000007],[-92.519725596000001,46.776245153999945],[-92.517264749999981,46.780735681000003],[-92.51373167700001,46.784628445999971],[-92.509932839999976,46.788324273000001],[-92.505581672999995,46.79200537300003],[-92.500179333999995,46.794709504000032],[-92.493503250999993,46.795481661000018],[-92.486869695999985,46.795495418000002],[-92.483599178000034,46.799584068000065],[-92.482238774999985,46.804103005999977],[-92.486451790999979,46.807821062999977],[-92.492109394000025,46.810438502000018],[-92.498680696000008,46.811561535999978],[-92.505252233000022,46.812684239000042],[-92.51062441800002,46.815483066999974],[-92.515710436999996,46.818463894999987],[-92.518524877000004,46.822523441000008],[-92.521605204000039,46.826779642999988],[-92.527563222000026,46.829023687999964],[-92.534444837000024,46.82958362899997],[-92.541092519000031,46.829377986000026],[-92.547271905000002,46.827641572000033],[-92.553940287999978,46.827056272000007],[-92.560577183000021,46.827039153999927],[-92.567203638000024,46.827211208999991],[-92.572855968999988,46.83001456500002],[-92.578519210000024,46.832628152999973],[-92.583609872000025,46.835606233000092],[-92.589591698999982,46.837468429000019],[-92.592974502999994,46.841350913000014],[-92.593554437000023,46.845920225999976],[-92.594124099999988,46.85067897599999],[-92.597221327999989,46.854743600999946],[-92.60200744399998,46.858282175999989],[-92.606814744000019,46.861441558999978],[-92.61104936800001,46.864965584999915],[-92.616727676999972,46.867387804000018],[-92.621536424999988,46.870546575999946],[-92.625485916999992,46.874252490999972],[-92.630295639999986,46.877410887000025],[-92.635975830000007,46.879832198999992],[-92.642557032000013,46.880947880000015],[-92.649435213000004,46.881691251000014],[-92.656067722999978,46.881858833999999],[-92.664358408999988,46.882067846000005],[-92.671011254999996,46.88185571000006],[-92.677653948,46.881832726000027],[-92.684552818999975,46.882195299999985],[-92.690542132000019,46.88405270099998],[-92.696511698999984,46.886288793999945],[-92.703391114000013,46.887029353999992],[-92.710024335000014,46.887194233999999],[-92.716904009000018,46.887934090999977],[-92.723507453000025,46.88866675600007],[-92.730101101999992,46.889588575000026],[-92.735796210999979,46.891816044000016],[-92.742084221000027,46.893298905999977],[-92.748668742000007,46.894409275999948],[-92.755253498000002,46.89551931500003],[-92.76188775899999,46.895681595999974],[-92.772086177000006,46.89649958799999],[-92.77030023399999,46.79417985100001],[-92.768517734999989,46.673868948000056]]],[[[-95.459271874000024,47.505484552000006],[-95.633205593000014,47.505777293000016],[-95.745819281000024,47.505896595000031],[-96.087828823999999,47.505679234999967],[-96.09954183100001,47.505656343999988],[-96.097516713999994,47.445668432999938],[-96.093558633999976,47.328053942000004],[-96.079978976999996,47.327352590000025],[-96.079824389000009,47.321398842000008],[-96.077921375000017,47.248003794999995],[-96.075343251999996,47.148268379999969],[-96.070411055000022,47.008506599999976],[-96.070369407999976,46.984428308000034],[-95.322485686999983,46.982718548000044],[-95.321811161000028,47.006201838999999],[-95.32190488900001,47.037299728000001],[-95.325513113,47.16185212700001],[-95.44385355899999,47.162697686999969],[-95.445715959999973,47.218601029999981],[-95.446142669999972,47.327186700000048],[-95.460777866000001,47.325826182000064],[-95.459271874000024,47.505484552000006]]],[[[-89.701799893,48.033147941999999],[-89.712636875999976,48.032136612000031],[-89.724481157000014,48.032307753999973],[-89.752192692999984,48.034727046999969],[-89.773429766999982,48.034190813999984],[-89.778902361000021,48.027623332000097],[-89.789578947999985,48.022620610000018],[-89.803715263000029,48.019669884999971],[-89.818067618999976,48.020137261000023],[-89.828332563999993,48.021932029000055],[-89.836878839000008,48.021185208000027],[-89.83615486299999,48.015275091000014],[-89.834845986000005,48.010775742000007],[-89.831282412999997,48.006765430999991],[-89.833047143999977,48.002406125999968],[-89.833963496000024,47.997712063000002],[-89.834001820000026,47.992977885000045],[-89.833132490000025,47.988498229999976],[-89.83226328500001,47.984018505999977],[-89.830955365000037,47.979518683000009],[-89.829647635000015,47.9750187839999],[-89.826993911000002,47.970753333000012],[-89.827032759000019,47.96601876099998],[-89.829674048000015,47.961699039000024],[-89.828805480000028,47.957218923000035],[-89.828844178999987,47.952484152000054],[-89.82841442199998,47.948023945999985],[-89.829739072999985,47.943643845999986],[-89.834482589999993,47.940307967999992],[-89.838378287000012,47.936637178999987],[-89.839293241000007,47.931942126000024],[-89.838454167000009,47.927166961999994],[-89.837147007999988,47.922666408000019],[-89.835840039000004,47.918165779999931],[-89.837163511000028,47.913785204000014],[-89.840210414000012,47.909779312000005],[-89.844980463000013,47.906147999999995],[-89.846741312000006,47.901787162000048],[-89.847684818999994,47.896796820999988],[-89.848160238999981,47.892081147999967],[-89.848635586,47.88736540600005],[-89.849957472000028,47.882984292000074],[-89.851279170999987,47.878603105000046],[-89.851261050999994,47.878612847999939],[-89.837967255000024,47.882480656999995],[-89.837202124000001,47.882703214000074],[-89.827646655000024,47.88280138599999],[-89.823665871000003,47.88284208500005],[-89.800133888000005,47.895406792999999],[-89.794339998999988,47.894192910000044],[-89.769683982000004,47.903858178000085],[-89.75896717400002,47.903931431000004],[-89.744372119999994,47.917089059999967],[-89.725212273000011,47.933443598999965],[-89.709980786000017,47.933492793000028],[-89.697189189000028,47.931759265999979],[-89.668087076999996,47.947262403000053],[-89.652268719000006,47.955615252999984],[-89.642749552999987,47.957630868000052],[-89.63772652900002,47.962510480000013],[-89.635362797000028,47.974336461999975],[-89.630722009999999,47.980938935000005],[-89.610178474000008,47.991148074000037],[-89.600612748999993,47.993537573000054],[-89.600694260000012,47.979330732999962],[-89.594830402000014,47.973368411000052],[-89.583718359999978,47.971704225000018],[-89.568638575000023,47.972882091999978],[-89.559639101000016,47.980601362000016],[-89.549974529999986,47.986582871000003],[-89.540206312999999,47.988200614000021],[-89.528110692999974,47.990464171999946],[-89.516475522000007,47.993696188000001],[-89.504658129999996,47.998623826000014],[-89.490411526000003,48.002486077999976],[-89.48182000700001,48.008893431999908],[-89.484989321,48.010940994000087],[-89.491470920999973,48.011063700999983],[-89.501986265000028,48.010432646000069],[-89.506902885000002,48.009342532000012],[-89.520487901000038,48.006394274000002],[-89.533530104000022,48.004555578000002],[-89.548737001999996,47.999597901999977],[-89.557102381999982,47.997912664000019],[-89.563542885000004,47.99840897399995],[-89.569523408999999,48.00058834699999],[-89.573836438000001,47.999846093999999],[-89.58436885399999,47.999020094000002],[-89.590029577999985,48.001562278000002],[-89.596817811999983,48.006810106999943],[-89.60405394899999,48.01586782900003],[-89.609657680999987,48.018974617999987],[-89.621139082000013,48.019895600999952],[-89.628129408000007,48.023256372999953],[-89.632231247999982,48.027238538000049],[-89.640701853999985,48.027258183999997],[-89.649147173000017,48.024813321000053],[-89.658511886999975,48.029799382000022],[-89.663610172000006,48.029659429999995],[-89.673662798999999,48.028046138000001],[-89.689800194999975,48.02766333199996],[-89.701799893,48.033147941999999]]],[[[-93.370439710000028,48.185869901999993],[-93.364630251999984,48.002169335999987],[-93.085704419000024,48.002124197999969],[-93.084386682999991,48.184283757000046],[-93.370439710000028,48.185869901999993]]],[[[-93.777984962000005,47.261927788000023],[-93.780156728000009,47.317734733000002],[-93.826215390000016,47.320199144999933],[-93.827097170999991,47.324830964000014],[-93.826412720000008,47.329437250000019],[-93.826250327000025,47.334051963],[-93.826781105999999,47.511959460999989],[-93.825715897999999,47.542115503000026],[-93.950427419999983,47.542082513000075],[-93.953204417999984,47.648887319999936],[-93.953801151999983,47.671785225999997],[-93.982956122000019,47.671552787999978],[-94.343315585000028,47.668157967000027],[-94.339519756000016,47.583638161999978],[-94.338936547000003,47.566042630000005],[-94.335195365999994,47.563780192000024],[-94.319955375999996,47.558621684999963],[-94.313582337000014,47.548840846999994],[-94.312703236000004,47.541216538000008],[-94.338117281999985,47.541306658999979],[-94.540181990999997,47.541851941000047],[-94.738422193000019,47.541200260999993],[-94.73036156500001,47.164549201999947],[-94.724683603000017,47.162007985000017],[-94.724698221999972,47.161297553000018],[-94.719563585999992,47.15769542000001],[-94.713358571000015,47.15550388600002],[-94.70663325999999,47.153306995999991],[-94.700957301000017,47.150764686000038],[-94.694225460999974,47.148922367000026],[-94.688007185000018,47.147440055999994],[-94.654840940999989,47.140868968999975],[-94.634110049000014,47.13287065899997],[-94.626174671999991,47.11502257099999],[-94.618014399000003,47.107475914999995],[-94.594883386999982,47.071697218000011],[-94.585854505999976,47.057030521000016],[-94.58926459300001,47.044272218000046],[-94.588402126999995,47.044423513000048],[-94.589280103000021,47.044176043000014],[-94.162537774999976,47.011315124999996],[-94.162580418000005,47.020497835000008],[-94.160416291999979,47.028051024999996],[-94.152210278999988,47.033624429000021],[-94.151950967000005,47.042341116000003],[-94.156183659000021,47.049224319999986],[-94.155636314999981,47.058315756999946],[-94.154392061999999,47.062847922999971],[-94.154256874999987,47.067395418999979],[-94.153567004000024,47.071935159999988],[-94.155101480999974,47.076316161999998],[-94.155798429000015,47.080875028999998],[-94.156495482000025,47.085433834999989],[-94.155500209000024,47.092627669000066],[-94.156759496999996,47.097790442000068],[-94.157519556000011,47.10296323099999],[-94.136165093999978,47.120789979999991],[-94.135737995,47.134998368000069],[-94.155946309000001,47.155889494],[-94.163309818000016,47.153503918000027],[-94.170672760999992,47.151117918000011],[-94.194447493999974,47.157482908000006],[-94.197303205000026,47.166759911000007],[-94.242519345999995,47.189037379000041],[-94.242337940000027,47.195430149000003],[-94.235321520000014,47.20386416900002],[-94.326068422999981,47.163820915999978],[-94.328949866000016,47.226210703999975],[-94.32636577300002,47.236414881999991],[-94.313602992000042,47.252154589999982],[-94.301018501999977,47.26243690300003],[-94.294247316999986,47.261995329999991],[-94.287486062000028,47.261198325000002],[-94.28167939399998,47.263610190000016],[-94.275370436000003,47.265304882000017],[-94.268559363000008,47.266282339999975],[-94.261266351000017,47.265832331999995],[-94.255066801999988,47.263620156000052],[-94.248336041000016,47.261755918999974],[-94.242127272000005,47.259898203000013],[-94.235908750000021,47.258395273999966],[-94.229168969,47.256885131999979],[-94.22298166500002,47.254316320000008],[-94.217316389000018,47.251754168999945],[-94.211109555000007,47.249894958000056],[-94.204903093999974,47.248035446999964],[-94.198717681999995,47.245465445999976],[-94.192512039000022,47.243605336000023],[-94.185743694999999,47.243158236000042],[-94.178985898999997,47.242355693],[-94.171685871000037,47.242255858999982],[-94.164896763999991,47.242517895999931],[-94.158118168999977,47.242424491000037],[-94.151339595000024,47.242330741999993],[-94.143539496000017,47.241511948000039],[-94.136771736000014,47.241062361999937],[-94.129993345000003,47.240967526999988],[-94.123214972000028,47.240872349000014],[-94.116436621999981,47.24077682599998],[-94.108094064999989,47.240658785999948],[-94.101315761000023,47.240562495000013],[-94.094515609999974,47.241176046],[-94.087726294999982,47.241434157000029],[-94.080947938999998,47.241336831999988],[-94.074158553000018,47.241594253000024],[-94.067380199000013,47.241496238000053],[-94.060601867999992,47.241397880000044],[-94.053823557999976,47.241299175999949],[-94.047045267999991,47.241200128000045],[-94.046378120999975,47.245808622999995],[-94.047275323999997,47.25043995799998],[-94.046608092999975,47.255048332999962],[-94.044897640999977,47.259641368999972],[-94.042676571000015,47.263871608999935],[-94.040455198000018,47.268101760999997],[-94.037711853000019,47.272324157999975],[-94.032915209000009,47.275450558999957],[-94.026609579000024,47.27677838000001],[-94.02095039400001,47.274208063999943],[-94.014758622999977,47.271984788999944],[-94.007954160999986,47.27259387399998],[-94.001636813999994,47.274275579000047],[-93.995307614000012,47.276312027999964],[-93.988989543999992,47.277993116000033],[-93.985210327999994,47.28184355299998],[-93.980410291999988,47.284967981000044],[-93.975099607000004,47.287729262000084],[-93.970286946999991,47.291208307000055],[-93.965983909999977,47.295050122000063],[-93.962190512999996,47.299254742000045],[-93.958408329999997,47.303104185999999],[-93.954115478000006,47.30659047200006],[-93.950320566000016,47.310794616999985],[-93.945516519000023,47.313917533000023],[-93.939193251000006,47.315596086000042],[-93.933367925000027,47.317992410999956],[-93.927020088999996,47.320380367999924],[-93.920185534999973,47.321694891999968],[-93.913386661999994,47.321944076999998],[-93.907679965999989,47.320789284999961],[-93.901427318999993,47.320336042000072],[-93.897857487000024,47.317793612999992],[-93.896521017999987,47.311023924000004],[-93.890305800000021,47.309505129000009],[-93.884988985000007,47.312262631999985],[-93.881201197999985,47.316109745000013],[-93.876381044000027,47.319585124000028],[-93.870043081000006,47.321615370000025],[-93.863219459000007,47.32257198500006],[-93.856457212000009,47.321753297999983],[-93.851347723999993,47.318474515999952],[-93.845157629000028,47.316243661000001],[-93.838346635999983,47.316844026999966],[-93.826406951000024,47.309615182999934],[-93.826539199000024,47.261306310000002],[-93.777984962000005,47.261927788000023]]]]},"properties":{"FID":747,"cartodb_id":748,"fid_1":782,"cess_no":"J59","type":"open_res","start_lega":" ","start_effe":-2351116800000,"end_legal":" ","end_effect":-1121558400000,"historical":"Chippewa of the Mississippi and Lake Superior","present_na":"Bad River Band of the Lake Superior Tribe of Chippewa Indians of the Bad River Reservation, Wisconsin; Lac Courte Oreilles Band of Lake Superior Chippewa Indians of Wisconsin; Lac du Flambeau Band of Lake Superior Chippewa Indians of the Lac du Flambeau","date_open":null}},{"type":"Feature","id":748,"geometry":{"type":"Polygon","coordinates":[[[-109.07228448699998,40.172988405000034],[-109.07291283199999,40.239141740000001],[-109.27894207700002,40.243128609000024],[-109.27927346199999,40.335057001999971],[-109.34480074200002,40.336247481999962],[-109.82716510400002,40.343897121999966],[-109.80519822500003,40.364638881000026],[-109.78653726800003,40.372272378000012],[-109.77135400399999,40.379496333000041],[-109.75339345499998,40.39067478299998],[-109.74802123799998,40.399475080999949],[-109.74514688300002,40.408892134000006],[-109.74615029699999,40.413924093999945],[-109.74709392099999,40.418655527999981],[-109.75118729700002,40.427260602999979],[-109.76171922100002,40.432390357000017],[-109.77126852599997,40.438542235999968],[-109.77652778200002,40.44701079599993],[-109.77731843399999,40.45690905899999],[-109.77676973799998,40.466055346000026],[-109.77756063999999,40.475953493999988],[-109.77951412200002,40.48571596999998],[-109.78594044200003,40.494048255999978],[-109.795500382,40.50019796399998],[-109.80604665499999,40.505323569999966],[-109.81757901499998,40.509424821000017],[-109.829112737,40.51352494600004],[-109.84046934899999,40.516736556000005],[-109.85182701000004,40.519947077999966],[-109.86318572499999,40.523156509999943],[-109.872756525,40.529299901999991],[-109.87588796799997,40.538923947999976],[-109.88215346599998,40.558171618000003],[-109.88412399700002,40.567931879000007],[-109.88725876699999,40.577555393000004],[-109.88672363000001,40.586701504000047],[-109.89084427500001,40.595300881999975],[-109.89613004799997,40.603763332000035],[-109.90025287499998,40.612362291000011],[-109.90222749999998,40.622121914999973],[-109.905367238,40.631744621000024],[-109.90366936300002,40.641027313999977],[-109.89946169699999,40.649696274000057],[-109.90143727600002,40.659455676000029],[-109.912741758,40.679927396999965],[-109.92108743400001,40.691663156999979],[-109.92809014599999,40.702648148000037],[-109.92558785300002,40.713842044999929],[-109.92864978599999,40.728923402000007],[-109.93467141500003,40.740931898999939],[-109.945096826,40.756963910000024],[-109.94341343399998,40.778052850999984],[-109.961557218,40.785001611999988],[-109.97986716600002,40.78102826600005],[-110.006444773,40.782434448999965],[-110.02809694799998,40.788959628999983],[-110.05584551499999,40.790216801999996],[-110.08268361500001,40.787033231999985],[-110.11750339299999,40.781984872000002],[-110.14973411699998,40.781777813999994],[-110.16968271899998,40.785756256999996],[-110.19215060400001,40.790338849000044],[-110.217815884,40.787264557999954],[-110.25373264900003,40.787496466999968],[-110.28866816099998,40.788744690999941],[-110.31832891099998,40.793346547000041],[-110.34855078599998,40.800600367999991],[-110.38023097299998,40.797671834999989],[-110.414101399,40.788105140000006],[-110.50235293499999,40.747338163000009],[-110.52299014599998,40.737536184],[-110.54632739599998,40.729216815999976],[-110.577966405,40.726235751999937],[-110.62121859600001,40.727268992000049],[-110.65106431599997,40.732674525999997],[-110.673762645,40.732592564999983],[-110.69786453799998,40.72232729000001],[-110.73675591599999,40.697481477999979],[-110.75656251100003,40.689555588999994],[-110.78081014399997,40.685619530999951],[-110.812801713,40.684347854999956],[-110.84598113700002,40.672000796999988],[-110.86328386899999,40.64708186000005],[-110.90254119000002,40.569345381000041],[-110.90257433900001,40.547502069000025],[-110.89059755900003,40.536273924999989],[-110.88210696200002,40.524605444000017],[-110.87923034400001,40.511318924000015],[-110.88137955799999,40.49921843099996],[-110.88894503300004,40.484614196999999],[-110.90057087399998,40.46676592],[-110.91121568300002,40.455409917000011],[-110.92957552600001,40.45217620800004],[-110.96725029200002,40.455589783999933],[-111.01169212299999,40.46268135999992],[-111.04841094800003,40.467102429000022],[-111.08957786399998,40.470033200000003],[-111.12280917999999,40.463954169000004],[-111.15177718500001,40.45477147899998],[-111.18745236799998,40.427416778000008],[-111.201308187,40.409239878000037],[-111.207443071,40.393878883000035],[-111.21183079299999,40.376011134999999],[-111.21121203000001,40.362432346999974],[-111.201140931,40.349164437000027],[-111.19995357800002,40.33839089899999],[-111.20860710099998,40.329077148000017],[-111.228202791,40.304686495000006],[-111.23139940499999,40.297283816000018],[-111.22621956199998,40.225715842999996],[-111.21463637699998,40.216289011000008],[-111.20902528599999,40.206998632999991],[-111.21613269400001,40.201524400999944],[-111.22110834,40.191772572999952],[-111.22107490100001,40.180848632999982],[-111.216229806,40.169637953999988],[-111.20618560100002,40.156369109000032],[-111.20111949099999,40.133348048000023],[-111.192222313,40.114466102999948],[-111.18141282800002,40.09765293800001],[-111.16506344099997,40.093394590000003],[-111.11912483600003,40.09477540500005],[-110.99802193900001,40.10486610400001],[-110.98629772100004,40.094530631000012],[-110.96458765300002,40.076366389999976],[-110.94884459600003,40.058348756000029],[-110.93617952599999,40.043578668999977],[-110.93350353699998,40.031175933999968],[-110.93275087000001,40.01670743699998],[-110.94063560400004,40.003868038000022],[-110.954849982,39.992950297],[-110.96695135900001,39.977748645999988],[-110.97655110800002,39.967417033000011],[-110.98250310399999,39.95664095799998],[-110.98308347900002,39.942910771999962],[-110.981551674,39.935823798999991],[-110.98289780699997,39.925637001999966],[-110.98117706800002,39.912201414000016],[-110.97658031899999,39.901865457999989],[-110.97179090899999,39.896106099000015],[-110.97352013400001,39.887691055000055],[-110.97678128699999,39.880900430000004],[-110.95398608599999,39.868342633999994],[-110.92449205999998,39.857547548000021],[-110.89116937199998,39.850875341999974],[-110.86875715299999,39.850998697000037],[-110.85017297700001,39.852451765000055],[-110.81835820600003,39.858310712999959],[-110.804543814,39.865522250999987],[-110.79838321,39.875403563000049],[-110.79259872,39.887056907000009],[-110.78241637000002,39.89471527500001],[-110.76628974300002,39.902213089999989],[-110.72984194399999,39.908629088999938],[-110.70299516900002,39.910186861999954],[-110.67537120499998,39.913655675999998],[-110.65676641900001,39.915078221000051],[-110.63778677900001,39.914724965999973],[-110.61382907199999,39.913171015999978],[-110.603810008,39.92170033899999],[-110.59189098000002,39.92682637599998],[-110.57922480899998,39.928405119999958],[-110.57175700699997,39.926606081999957],[-110.56105614100001,39.92066042299998],[-110.55050733899998,39.92106295100001],[-110.54337652700002,39.926497838999936],[-110.53758206999998,39.932675822],[-110.53100633499997,39.940769681000013],[-110.51387581199998,39.94926239399998],[-110.49912487300003,39.946542249000018],[-110.47649644299999,39.945704397],[-110.462160106,39.93929046300002],[-110.44496876199997,39.930498913000037],[-110.42663004100002,39.92184680200004],[-110.40309003499999,39.916561047999949],[-110.38314348,39.917195379999974],[-110.34914027500002,39.924097404999991],[-110.31683149899999,39.933509512999954],[-110.29676830699998,39.945054167000009],[-110.27409618000002,39.96691413700001],[-110.27149309599997,39.977232817000043],[-110.27345470699998,40.009725758999963],[-110.27127286400003,40.01635591000003],[-110.24401659699998,40.05058243500001],[-110.22961892100001,40.066876146000062],[-110.22487843300001,40.07836039],[-110.2032395,40.088254353000018],[-110.16646199799999,40.093608666000016],[-110.13704059100002,40.094429259999998],[-110.08836744899997,40.098442358000007],[-110.086782583,39.479044957000006],[-110.01484705000001,39.478846960000013],[-109.072544763,39.472177677999966],[-109.07259914799999,39.551355429000026],[-109.07260276900001,39.556620012000032],[-109.07263823599999,39.608149987000004],[-109.07264518699998,39.618239785000043],[-109.07274993200002,39.769933034000019],[-109.07278227099999,39.816632478000002],[-109.07284887899999,39.91262097999995],[-109.07312745799999,39.952871201999969],[-109.07336451499998,40.001727546000019],[-109.073546937,40.039276805999975],[-109.07357382200003,40.044807352999982],[-109.07209253200001,40.086412968999966],[-109.07211821999999,40.098011562999986],[-109.07220404200001,40.136732658000057],[-109.07228448699998,40.172988405000034]],[[-110.50369274365499,40.518236765528833],[-110.220568132902,40.519533293294479],[-110.220577156479,40.562953146449807],[-110.12460979152,40.563127406646025],[-110.124635177012,40.59208714171929],[-110.06810824219401,40.592126892386787],[-110.067886732917,40.563295269202001],[-110.048981808137,40.563172185686113],[-110.048871666598,40.548750424183204],[-109.95458701245228,40.548852703630537],[-109.954391345811,40.476279477722322],[-110.06847324386401,40.476690419702329],[-110.06833105941899,40.433029192636184],[-110.144355634628,40.433018060245004],[-110.14319701940859,40.344883813932128],[-110.19946857986599,40.344914170600305],[-110.199490334367,40.417382991435318],[-110.19953189851699,40.433002226960575],[-110.277641258684,40.43180273747781],[-110.370159772977,40.431568942354168],[-110.370005048949,40.416934493238095],[-110.464334954926,40.416775742096512],[-110.464218188312,40.387548068614393],[-110.50155096957502,40.3869092764672],[-110.50155108905,40.37152047456275],[-110.50162331719299,40.328240997902043],[-110.65235624976701,40.327873246534004],[-110.652244855079,40.342455118071577],[-110.67097673558899,40.342400935430916],[-110.670975498609,40.356910984862495],[-110.689913120269,40.356963534175186],[-110.68992195879299,40.371406624686017],[-110.708704235689,40.371379256529856],[-110.70875483419501,40.385916121234203],[-110.726668060224,40.38594293814311],[-110.72787359933599,40.431282895804685],[-110.77035567472301,40.431312455759532],[-110.789314240604,40.431306621037081],[-110.789465250098,40.445779216715167],[-110.808353423095,40.445764199279388],[-110.80843997846701,40.460168574747698],[-110.846322681397,40.4602362716359],[-110.846249013255,40.474672322048612],[-110.581296069348,40.474862856697982],[-110.581238354387,40.503857876883302],[-110.54327261478601,40.503896627381977],[-110.54332515095901,40.489404473393932],[-110.524385572768,40.489419261086987],[-110.52435619157001,40.474928274189388],[-110.50493423928047,40.474964291524152],[-110.50369274365499,40.518236765528833]]]},"properties":{"FID":748,"cartodb_id":749,"fid_1":783,"cess_no":"J60","type":"open_res","start_lega":" ","start_effe":-2035584000000,"end_legal":" ","end_effect":-1121558400000,"historical":"Unitah Uta, Uta (Uncompahgre)","present_na":"Southern Ute Indian Tribe of the Southern Ute Reservation, Colorado; Ute Indian Tribe of the Uintah & Ouray Reservation, Utah; Ute Mountain Ute Tribe, Colorado, New Mexico, & Utah","date_open":null}},{"type":"Feature","id":750,"geometry":{"type":"Polygon","coordinates":[[[-100.21422099999999,43.390321000000021],[-100.21384999999999,43.128388000000022],[-100.19889000000001,43.128526999999934],[-100.198413,42.998674000000008],[-99.842956200000003,42.99833519799995],[-99.661900499000012,43.002361868999976],[-98.953899607999972,43.015561971000004],[-98.958079753999982,43.23820327400005],[-98.968010917000015,43.238979411000024],[-98.987564075000023,43.24585139099996],[-99.002077864,43.25223044400007],[-99.027335030000017,43.266553654999974],[-99.052432496999984,43.284443828000029],[-99.081520873999978,43.306817578000008],[-99.09669403800001,43.322344292000054],[-99.111137632999998,43.340028002999965],[-99.119244858000002,43.356492492000001],[-99.126145269999995,43.364141688000039],[-99.139883838000003,43.374188968999974],[-99.153853759000015,43.389007115000069],[-99.174434755999982,43.408313970999977],[-99.198287702000016,43.429403950000015],[-99.209266117000041,43.436508541000002],[-99.225742989000025,43.440442648999962],[-99.245458484999972,43.442595013000037],[-99.269260437000014,43.446695811000026],[-99.293213279999975,43.450424845999997],[-99.307232687000024,43.454897588999977],[-99.318516605000013,43.461136934000059],[-99.32230451700002,43.469094344999981],[-99.322753096999975,43.48742964000008],[-99.328445473999977,43.506656653999983],[-99.32826792100002,43.514093214999953],[-99.535903739999981,43.517347933999964],[-99.537312211000028,43.630175887999975],[-99.538896255999987,43.756584807000038],[-99.547484059000013,43.774270735000009],[-99.547532058999991,43.775161234999992],[-99.554700138999976,43.782538945000006],[-99.567629679999982,43.782617589000012],[-99.576509018000024,43.776121536999959],[-99.576615356999994,43.766753807999969],[-99.577335973000004,43.757368401000015],[-99.577442164999979,43.74800038299999],[-99.589629365000008,43.745867971999999],[-99.592572018999988,43.754702755000025],[-99.592467968999983,43.764070683999968],[-99.592978340000002,43.773420853999951],[-99.598356458000012,43.781739388999995],[-99.610203403000014,43.784520325999971],[-99.618439825999985,43.777593785000029],[-99.617925807999995,43.76824378300001],[-99.619893654000009,43.759267924000056],[-99.626848354000003,43.751485521999967],[-99.638764886999979,43.755599647999915],[-99.641124842000011,43.764896225999998],[-99.647122781000022,43.773194934999971],[-99.652822306000019,43.765001782999988],[-99.654146309999987,43.755598001000003],[-99.660482382999987,43.747831597999962],[-99.669347871000014,43.741328603000007],[-99.680842083000016,43.737869529000015],[-99.690402811000013,43.743831985999982],[-99.686602334999975,43.752863408000024],[-99.679015359000005,43.760221908000027],[-99.670787479000012,43.767152622999973],[-99.663836317999994,43.774937260999977],[-99.663127841000005,43.784322889999984],[-99.673848303,43.788914583999961],[-99.686039945999994,43.786772946999932],[-99.694883155000014,43.779823345000018],[-99.698684050999987,43.770792074000013],[-99.702508947000013,43.762205783000041],[-99.708200630000022,43.754009967000016],[-99.717701553999987,43.747930676999992],[-99.724296659999993,43.755762467000004],[-99.724825682000017,43.765112220000006],[-99.732012517999976,43.772479904000036],[-99.744401859999982,43.773894266000006],[-99.756537599000012,43.770855295999937],[-99.762863062000022,43.763083917999978],[-99.763557096999989,43.75369740299999],[-99.753399533999982,43.748204254999976],[-99.741502490000016,43.744546212000003],[-99.736723403999974,43.736215000000051],[-99.744301171000018,43.728852719000002],[-99.756682572999978,43.730265969000001],[-99.767426227000001,43.735295310000005],[-99.779860448000022,43.737596724999982],[-99.792755753000009,43.737206934000014],[-99.800327372000027,43.729841279000048],[-99.805364458999989,43.721214009999969],[-99.814851686999987,43.715127033999941],[-99.822657047000007,43.722471419999991],[-99.833378546000006,43.727049939999958],[-99.845501549000005,43.724002126999991],[-99.856931330000009,43.719636348999948],[-99.867079656999977,43.714416960000001],[-99.859270302000027,43.707075244999977],[-99.856881660999989,43.697781919000001],[-99.867666380999992,43.692988634000017],[-99.879089319000002,43.688620614999984],[-99.890396565000003,43.692730244000039],[-99.890948638999987,43.702080244999955],[-99.890273288000003,43.711468250999971],[-99.898700471999973,43.718788868999965],[-99.911644261999982,43.719277275999971],[-99.921121389000007,43.713182238000002],[-99.934011065999982,43.712777897000045],[-99.945325878000006,43.716882405000007],[-99.958269637000001,43.717365997000002],[-99.970411905999981,43.714751264000022],[-99.982289320999996,43.717942542999943],[-99.99246126700001,43.723417398999992],[-100.00535250299998,43.723005726000032],[-100.018243579,43.722592726000009],[-100.031188988,43.723068779999984],[-100.04195236599999,43.728074623999987],[-100.054367345,43.72990363899995],[-100.06720447200001,43.728595246999966],[-100.08004108699998,43.727285536999972],[-100.09301552900001,43.728200374999986],[-100.10509893599999,43.724682288999972],[-100.11796187099998,43.723813859000025],[-100.12873195700001,43.728812241000035],[-100.14059156299999,43.731543274000011],[-100.15275725599997,43.729356095999997],[-100.16218536600002,43.722797781999979],[-100.17510361900003,43.722813805999998],[-100.18590616799997,43.728252435000051],[-100.19782479499997,43.731868352000042],[-100.20791949099998,43.72617634500002],[-100.21397727294172,43.724629975560262],[-100.21422099999999,43.390321000000021]]]},"properties":{"FID":750,"cartodb_id":751,"fid_1":788,"cess_no":"J33","type":"open_res","start_lega":"1904-04-23","start_effe":-2066774400000,"end_legal":" ","end_effect":-1882310400000,"historical":"Sioux, Rosebud","present_na":"Rosebud Sioux Tribe of the Rosebud Indian Reservation, South Dakota","date_open":-2073081600000}}]}